ISO-10303-21;
HEADER;
FILE_DESCRIPTION (( 'STEP AP214' ),
    '1' );
FILE_NAME ('AnkerZoloHolder_Large.STEP',
    '2026-09-12T22:41:26',
    ( '' ),
    ( '' ),
    'SwSTEP 2.0',
    'SolidWorks 2026',
    '' );
FILE_SCHEMA (( 'AUTOMOTIVE_DESIGN' ));
ENDSEC;

DATA;
#1 = LINE ( 'NONE', #1862, #399 ) ;
#2 = CARTESIAN_POINT ( 'NONE',  ( -50.00000000000000711, -48.47500000000000142, 25.39999999999999858 ) ) ;
#3 = CARTESIAN_POINT ( 'NONE',  ( -55.00000000000001421, -41.99999999999998579, 0.000000000000000000 ) ) ;
#4 = ORIENTED_EDGE ( 'NONE', *, *, #1622, .T. ) ;
#5 = DIRECTION ( 'NONE',  ( 0.000000000000000000, 0.000000000000000000, 1.000000000000000000 ) ) ;
#6 = ORIENTED_EDGE ( 'NONE', *, *, #809, .T. ) ;
#7 = LINE ( 'NONE', #1266, #180 ) ;
#8 = EDGE_LOOP ( 'NONE', ( #885, #1066, #2102, #2419 ) ) ;
#9 = EDGE_CURVE ( 'NONE', #1992, #671, #2028, .T. ) ;
#10 = LINE ( 'NONE', #432, #2538 ) ;
#11 = DIRECTION ( 'NONE',  ( 0.000000000000000000, 1.000000000000000000, 0.000000000000000000 ) ) ;
#12 = ADVANCED_FACE ( 'NONE', ( #277 ), #1137, .F. ) ;
#13 = CARTESIAN_POINT ( 'NONE',  ( 55.00000000000000000, -37.24999999999998579, 25.39999999999999858 ) ) ;
#14 = DIRECTION ( 'NONE',  ( 0.000000000000000000, 1.000000000000000000, 0.000000000000000000 ) ) ;
#15 = CARTESIAN_POINT ( 'NONE',  ( -19.99999999999999289, -36.47500000000000142, 25.39999999999999858 ) ) ;
#16 = APPLICATION_CONTEXT ( 'automotive_design' ) ;
#17 = ORIENTED_EDGE ( 'NONE', *, *, #1740, .T. ) ;
#18 = DIRECTION ( 'NONE',  ( 0.000000000000000000, 0.000000000000000000, -1.000000000000000000 ) ) ;
#19 = ORIENTED_EDGE ( 'NONE', *, *, #246, .T. ) ;
#20 = AXIS2_PLACEMENT_3D ( 'NONE', #830, #800, #1665 ) ;
#21 = DIRECTION ( 'NONE',  ( 0.000000000000000000, 1.000000000000000000, 0.000000000000000000 ) ) ;
#22 = ORIENTED_EDGE ( 'NONE', *, *, #30, .T. ) ;
#23 = CYLINDRICAL_SURFACE ( 'NONE', #1771, 1.474999999999997202 ) ;
#24 = DIRECTION ( 'NONE',  ( 0.000000000000000000, 0.000000000000000000, -1.000000000000000000 ) ) ;
#25 = ADVANCED_FACE ( 'NONE', ( #486 ), #575, .F. ) ;
#26 = DIRECTION ( 'NONE',  ( 1.405126015541212484E-14, -1.000000000000000000, 0.000000000000000000 ) ) ;
#27 = VECTOR ( 'NONE', #1061, 1000.000000000000000 ) ;
#28 = CIRCLE ( 'NONE', #1297, 1.474999999999997202 ) ;
#29 = ORIENTED_EDGE ( 'NONE', *, *, #1230, .T. ) ;
#30 = EDGE_CURVE ( 'NONE', #616, #1313, #2423, .T. ) ;
#31 = CARTESIAN_POINT ( 'NONE',  ( -54.99999999999999289, -39.99999999999998579, 25.39999999999999858 ) ) ;
#32 = ORIENTED_EDGE ( 'NONE', *, *, #167, .T. ) ;
#33 = CIRCLE ( 'NONE', #1635, 1.474999999999997202 ) ;
#34 = DIRECTION ( 'NONE',  ( 0.000000000000000000, 0.000000000000000000, -1.000000000000000000 ) ) ;
#35 = EDGE_LOOP ( 'NONE', ( #99, #932 ) ) ;
#36 = ORIENTED_EDGE ( 'NONE', *, *, #1622, .F. ) ;
#37 = CIRCLE ( 'NONE', #217, 1.474999999999997202 ) ;
#38 = LINE ( 'NONE', #872, #2078 ) ;
#39 = LINE ( 'NONE', #2360, #373 ) ;
#40 = CARTESIAN_POINT ( 'NONE',  ( 20.00000000000000000, -48.47499999999999432, 25.39999999999999858 ) ) ;
#41 = ORIENTED_EDGE ( 'NONE', *, *, #484, .T. ) ;
#42 = EDGE_CURVE ( 'NONE', #129, #2323, #1410, .T. ) ;
#43 = CARTESIAN_POINT ( 'NONE',  ( 10.00000000000000000, -47.00000000000000000, 25.39999999999999858 ) ) ;
#44 = ORIENTED_EDGE ( 'NONE', *, *, #1057, .F. ) ;
#45 = PLANE ( 'NONE',  #283 ) ;
#46 = EDGE_CURVE ( 'NONE', #1068, #1796, #293, .T. ) ;
#47 = AXIS2_PLACEMENT_3D ( 'NONE', #1493, #2525, #1293 ) ;
#48 = CARTESIAN_POINT ( 'NONE',  ( 4.999999999999997335, -37.49999999999999289, 0.000000000000000000 ) ) ;
#49 = ORIENTED_EDGE ( 'NONE', *, *, #1000, .F. ) ;
#50 = ORIENTED_EDGE ( 'NONE', *, *, #759, .F. ) ;
#51 = VECTOR ( 'NONE', #2677, 1000.000000000000000 ) ;
#52 = CARTESIAN_POINT ( 'NONE',  ( 10.00000000000000000, -35.00000000000000000, 25.39999999999999858 ) ) ;
#53 = DIRECTION ( 'NONE',  ( 0.000000000000000000, 1.000000000000000000, 0.000000000000000000 ) ) ;
#54 = CARTESIAN_POINT ( 'NONE',  ( -30.00000000000000711, -48.47500000000000142, 0.000000000000000000 ) ) ;
#55 = CYLINDRICAL_SURFACE ( 'NONE', #1942, 1.474999999999997202 ) ;
#56 = VERTEX_POINT ( 'NONE', #1744 ) ;
#57 = CARTESIAN_POINT ( 'NONE',  ( 55.50000000000000000, -32.00000000000000711, 33.91387818865997161 ) ) ;
#58 = CARTESIAN_POINT ( 'NONE',  ( -49.99999999999999289, -35.00000000000000711, 25.39999999999999858 ) ) ;
#59 = ORIENTED_EDGE ( 'NONE', *, *, #2104, .T. ) ;
#60 = DIRECTION ( 'NONE',  ( 1.000000000000000000, 0.000000000000000000, 0.000000000000000000 ) ) ;
#61 = ADVANCED_FACE ( 'NONE', ( #2351 ), #523, .F. ) ;
#62 = EDGE_LOOP ( 'NONE', ( #1102, #1325 ) ) ;
#63 = VECTOR ( 'NONE', #2244, 1000.000000000000000 ) ;
#64 = LINE ( 'NONE', #2369, #1428 ) ;
#65 = CIRCLE ( 'NONE', #1453, 1.474999999999997202 ) ;
#66 = EDGE_CURVE ( 'NONE', #129, #1079, #1932, .T. ) ;
#67 = ORIENTED_EDGE ( 'NONE', *, *, #661, .F. ) ;
#68 = CARTESIAN_POINT ( 'NONE',  ( 0.000000000000000000, -35.00000000000000000, 0.000000000000000000 ) ) ;
#69 = DIRECTION ( 'NONE',  ( 0.000000000000000000, 1.000000000000000000, 0.000000000000000000 ) ) ;
#70 = LINE ( 'NONE', #317, #860 ) ;
#71 = ORIENTED_EDGE ( 'NONE', *, *, #2381, .T. ) ;
#72 = FACE_OUTER_BOUND ( 'NONE', #227, .T. ) ;
#73 = AXIS2_PLACEMENT_3D ( 'NONE', #376, #754, #362 ) ;
#74 = VECTOR ( 'NONE', #2085, 1000.000000000000000 ) ;
#75 = CARTESIAN_POINT ( 'NONE',  ( -55.00000000000001421, -41.99999999999998579, 25.39999999999999858 ) ) ;
#76 = VECTOR ( 'NONE', #2598, 1000.000000000000000 ) ;
#77 = EDGE_LOOP ( 'NONE', ( #80, #269, #1617, #253 ) ) ;
#78 = DIRECTION ( 'NONE',  ( -1.000000000000000000, 0.000000000000000000, 0.000000000000000000 ) ) ;
#79 = VECTOR ( 'NONE', #2152, 1000.000000000000000 ) ;
#80 = ORIENTED_EDGE ( 'NONE', *, *, #1807, .F. ) ;
#81 = LINE ( 'NONE', #96, #2327 ) ;
#82 = DIRECTION ( 'NONE',  ( -0.000000000000000000, 0.000000000000000000, -1.000000000000000000 ) ) ;
#83 = CARTESIAN_POINT ( 'NONE',  ( -55.00000000000001421, -49.00000000000001421, 0.000000000000000000 ) ) ;
#84 = AXIS2_PLACEMENT_3D ( 'NONE', #1299, #2688, #2084 ) ;
#85 = EDGE_CURVE ( 'NONE', #1197, #865, #893, .T. ) ;
#86 = ORIENTED_EDGE ( 'NONE', *, *, #85, .T. ) ;
#87 = FACE_OUTER_BOUND ( 'NONE', #2437, .T. ) ;
#88 = DIRECTION ( 'NONE',  ( 0.000000000000000000, 1.000000000000000000, 0.000000000000000000 ) ) ;
#89 = CARTESIAN_POINT ( 'NONE',  ( -30.00000000000000711, -47.00000000000000711, 25.39999999999999858 ) ) ;
#90 = VECTOR ( 'NONE', #1545, 1000.000000000000000 ) ;
#91 = CARTESIAN_POINT ( 'NONE',  ( 50.54022397401150357, -37.49999999999998579, 17.37002980587561396 ) ) ;
#92 = ORIENTED_EDGE ( 'NONE', *, *, #465, .T. ) ;
#93 = CARTESIAN_POINT ( 'NONE',  ( -55.49999999999999289, -37.49999999999999289, 24.89999999999999858 ) ) ;
#94 = DIRECTION ( 'NONE',  ( 0.000000000000000000, 1.000000000000000000, 0.000000000000000000 ) ) ;
#95 = EDGE_LOOP ( 'NONE', ( #502, #2687, #258, #371 ) ) ;
#96 = CARTESIAN_POINT ( 'NONE',  ( 54.99999999999999289, 40.00000000000001421, 0.000000000000000000 ) ) ;
#97 = VECTOR ( 'NONE', #971, 1000.000000000000000 ) ;
#98 = CARTESIAN_POINT ( 'NONE',  ( 0.000000000000000000, -33.52500000000000568, 25.39999999999999858 ) ) ;
#99 = ORIENTED_EDGE ( 'NONE', *, *, #30, .F. ) ;
#100 = CARTESIAN_POINT ( 'NONE',  ( 50.00000000000000000, -45.52500000000000568, 0.000000000000000000 ) ) ;
#101 = EDGE_CURVE ( 'NONE', #915, #129, #364, .T. ) ;
#102 = PLANE ( 'NONE',  #1883 ) ;
#103 = DIRECTION ( 'NONE',  ( 0.000000000000000000, 0.000000000000000000, -1.000000000000000000 ) ) ;
#104 = ADVANCED_FACE ( 'NONE', ( #1535 ), #1359, .F. ) ;
#105 = ORIENTED_EDGE ( 'NONE', *, *, #46, .T. ) ;
#106 = DIRECTION ( 'NONE',  ( 0.000000000000000000, 0.000000000000000000, -1.000000000000000000 ) ) ;
#107 = DIRECTION ( 'NONE',  ( -1.387778780781444413E-14, -1.000000000000000000, 0.000000000000000000 ) ) ;
#108 = DIRECTION ( 'NONE',  ( 0.000000000000000000, 1.000000000000000000, 0.000000000000000000 ) ) ;
#109 = UNCERTAINTY_MEASURE_WITH_UNIT (LENGTH_MEASURE( 1.000000000000000082E-05 ), #2001, 'distance_accuracy_value', 'NONE');
#110 = VERTEX_POINT ( 'NONE', #1772 ) ;
#111 = ORIENTED_EDGE ( 'NONE', *, *, #1807, .T. ) ;
#112 = AXIS2_PLACEMENT_3D ( 'NONE', #2577, #939, #1780 ) ;
#113 = VERTEX_POINT ( 'NONE', #1320 ) ;
#114 = DIRECTION ( 'NONE',  ( 0.000000000000000000, 1.000000000000000000, 0.000000000000000000 ) ) ;
#115 = COLOUR_RGB ( '',0.7921568627450980005, 0.8196078431372548767, 0.9333333333333333481 ) ;
#116 = DIRECTION ( 'NONE',  ( 0.000000000000000000, 0.000000000000000000, -1.000000000000000000 ) ) ;
#117 = FACE_BOUND ( 'NONE', #1427, .T. ) ;
#118 = CARTESIAN_POINT ( 'NONE',  ( -49.99999999999999289, -35.00000000000000711, 25.39999999999999858 ) ) ;
#119 = EDGE_LOOP ( 'NONE', ( #2140, #491, #2315, #457, #1205, #2184, #1045, #1054 ) ) ;
#120 = CARTESIAN_POINT ( 'NONE',  ( 40.00000000000000000, -33.52500000000000568, 25.39999999999999858 ) ) ;
#121 = LINE ( 'NONE', #963, #990 ) ;
#122 = ADVANCED_FACE ( 'NONE', ( #924 ), #1546, .F. ) ;
#123 = DIRECTION ( 'NONE',  ( 0.000000000000000000, 0.000000000000000000, -1.000000000000000000 ) ) ;
#124 = ORIENTED_EDGE ( 'NONE', *, *, #581, .T. ) ;
#125 = ADVANCED_FACE ( 'NONE', ( #2674 ), #1236, .F. ) ;
#126 = ORIENTED_EDGE ( 'NONE', *, *, #1213, .F. ) ;
#127 = CIRCLE ( 'NONE', #2590, 1.474999999999997202 ) ;
#128 = AXIS2_PLACEMENT_3D ( 'NONE', #262, #1288, #1087 ) ;
#129 = VERTEX_POINT ( 'NONE', #799 ) ;
#130 = CARTESIAN_POINT ( 'NONE',  ( -40.00000000000000711, -47.00000000000000711, 25.39999999999999858 ) ) ;
#131 = CIRCLE ( 'NONE', #819, 1.474999999999997202 ) ;
#132 = DIRECTION ( 'NONE',  ( 0.000000000000000000, 0.000000000000000000, -1.000000000000000000 ) ) ;
#133 = ORIENTED_EDGE ( 'NONE', *, *, #1146, .F. ) ;
#134 = LINE ( 'NONE', #2623, #2626 ) ;
#135 = AXIS2_PLACEMENT_3D ( 'NONE', #2416, #1412, #550 ) ;
#136 = CARTESIAN_POINT ( 'NONE',  ( -20.00000000000000711, -47.00000000000000000, 0.000000000000000000 ) ) ;
#137 = CARTESIAN_POINT ( 'NONE',  ( -50.00000000000000711, -47.00000000000000711, 25.39999999999999858 ) ) ;
#138 = EDGE_CURVE ( 'NONE', #1871, #1775, #1651, .T. ) ;
#139 = ORIENTED_EDGE ( 'NONE', *, *, #1573, .T. ) ;
#140 = LINE ( 'NONE', #2021, #1104 ) ;
#141 = LINE ( 'NONE', #2630, #1451 ) ;
#142 = ORIENTED_EDGE ( 'NONE', *, *, #1789, .T. ) ;
#143 = CARTESIAN_POINT ( 'NONE',  ( -7.835640909808996746, -37.49999999999998579, 24.89999999999999858 ) ) ;
#144 = DIRECTION ( 'NONE',  ( 0.000000000000000000, 1.000000000000000000, 0.000000000000000000 ) ) ;
#145 = CARTESIAN_POINT ( 'NONE',  ( 55.00000000000000000, -37.24999999999998579, 0.000000000000000000 ) ) ;
#146 = VERTEX_POINT ( 'NONE', #2243 ) ;
#147 = CARTESIAN_POINT ( 'NONE',  ( 55.00000000000000000, -23.00000000000000711, 33.91387818865997161 ) ) ;
#148 = ORIENTED_EDGE ( 'NONE', *, *, #1479, .T. ) ;
#149 = DIRECTION ( 'NONE',  ( 0.000000000000000000, 0.000000000000000000, 1.000000000000000000 ) ) ;
#150 = EDGE_CURVE ( 'NONE', #1768, #1017, #379, .T. ) ;
#151 = ORIENTED_EDGE ( 'NONE', *, *, #741, .F. ) ;
#152 = FACE_BOUND ( 'NONE', #1159, .T. ) ;
#153 = EDGE_CURVE ( 'NONE', #2615, #2565, #594, .T. ) ;
#154 = FACE_BOUND ( 'NONE', #2216, .T. ) ;
#155 = CIRCLE ( 'NONE', #1664, 1.474999999999997202 ) ;
#156 = FACE_OUTER_BOUND ( 'NONE', #1004, .T. ) ;
#157 = CARTESIAN_POINT ( 'NONE',  ( -55.49999999999999289, -37.49999999999999289, 0.000000000000000000 ) ) ;
#158 = ORIENTED_EDGE ( 'NONE', *, *, #2558, .F. ) ;
#159 = CARTESIAN_POINT ( 'NONE',  ( 30.00000000000000000, -35.00000000000000000, 25.39999999999999858 ) ) ;
#160 = VECTOR ( 'NONE', #1060, 1000.000000000000000 ) ;
#161 = ORIENTED_EDGE ( 'NONE', *, *, #1129, .F. ) ;
#162 = VECTOR ( 'NONE', #1402, 1000.000000000000000 ) ;
#163 = CARTESIAN_POINT ( 'NONE',  ( 50.00000000000000000, -36.47500000000000142, 0.000000000000000000 ) ) ;
#164 = FACE_BOUND ( 'NONE', #199, .T. ) ;
#165 = EDGE_CURVE ( 'NONE', #2034, #2323, #2208, .T. ) ;
#166 = CARTESIAN_POINT ( 'NONE',  ( -57.99999999999999289, -23.00000000000001776, 42.66267650163204195 ) ) ;
#167 = EDGE_CURVE ( 'NONE', #286, #1930, #121, .T. ) ;
#168 = FACE_OUTER_BOUND ( 'NONE', #310, .T. ) ;
#169 = VECTOR ( 'NONE', #1008, 1000.000000000000000 ) ;
#170 = DIRECTION ( 'NONE',  ( 0.000000000000000000, 0.000000000000000000, -1.000000000000000000 ) ) ;
#171 = CARTESIAN_POINT ( 'NONE',  ( -55.00000000000000711, -33.00000000000000711, 25.39999999999999858 ) ) ;
#172 = LINE ( 'NONE', #2502, #1509 ) ;
#173 = ORIENTED_EDGE ( 'NONE', *, *, #2224, .T. ) ;
#174 = ORIENTED_EDGE ( 'NONE', *, *, #1030, .T. ) ;
#175 = CIRCLE ( 'NONE', #2684, 1.474999999999997202 ) ;
#176 = ORIENTED_EDGE ( 'NONE', *, *, #1078, .F. ) ;
#177 = DIRECTION ( 'NONE',  ( 0.000000000000000000, 0.000000000000000000, -1.000000000000000000 ) ) ;
#178 = FACE_BOUND ( 'NONE', #689, .T. ) ;
#179 = FACE_BOUND ( 'NONE', #1160, .T. ) ;
#180 = VECTOR ( 'NONE', #2620, 1000.000000000000000 ) ;
#181 = DIRECTION ( 'NONE',  ( -1.000000000000000000, -1.734723475976807094E-16, 0.000000000000000000 ) ) ;
#182 = CARTESIAN_POINT ( 'NONE',  ( -20.00000000000000711, -47.00000000000000000, 25.39999999999999858 ) ) ;
#183 = EDGE_CURVE ( 'NONE', #1558, #304, #1116, .T. ) ;
#184 = PRODUCT ( 'AnkerZoloHolder_Large', 'AnkerZoloHolder_Large', '', ( #797 ) ) ;
#185 = ORIENTED_EDGE ( 'NONE', *, *, #445, .F. ) ;
#186 = EDGE_CURVE ( 'NONE', #2075, #232, #2417, .T. ) ;
#187 = DIRECTION ( 'NONE',  ( 0.000000000000000000, 0.000000000000000000, -1.000000000000000000 ) ) ;
#188 = ORIENTED_EDGE ( 'NONE', *, *, #864, .T. ) ;
#189 = VECTOR ( 'NONE', #1628, 1000.000000000000000 ) ;
#190 = CARTESIAN_POINT ( 'NONE',  ( 20.00000000000000000, -35.00000000000000000, 25.39999999999999858 ) ) ;
#191 = ORIENTED_EDGE ( 'NONE', *, *, #2276, .T. ) ;
#192 = DIRECTION ( 'NONE',  ( 0.000000000000000000, 1.000000000000000000, 0.000000000000000000 ) ) ;
#193 = LINE ( 'NONE', #434, #1143 ) ;
#194 = DIRECTION ( 'NONE',  ( 0.000000000000000000, 0.000000000000000000, 1.000000000000000000 ) ) ;
#195 = ORIENTED_EDGE ( 'NONE', *, *, #46, .F. ) ;
#196 = ADVANCED_FACE ( 'NONE', ( #1753 ), #975, .F. ) ;
#197 = VECTOR ( 'NONE', #1763, 1000.000000000000000 ) ;
#198 = DIRECTION ( 'NONE',  ( 0.000000000000000000, 1.000000000000000000, 0.000000000000000000 ) ) ;
#199 = EDGE_LOOP ( 'NONE', ( #59, #1814 ) ) ;
#200 = EDGE_CURVE ( 'NONE', #1684, #2683, #28, .T. ) ;
#201 = CYLINDRICAL_SURFACE ( 'NONE', #1958, 1.474999999999997202 ) ;
#202 = EDGE_LOOP ( 'NONE', ( #2481, #1343, #977, #2393 ) ) ;
#203 = SURFACE_SIDE_STYLE ('',( #402 ) ) ;
#204 = CIRCLE ( 'NONE', #1589, 1.474999999999997202 ) ;
#205 = VECTOR ( 'NONE', #2612, 1000.000000000000000 ) ;
#206 = DIRECTION ( 'NONE',  ( -1.000000000000000000, -1.734723475976807094E-16, 0.000000000000000000 ) ) ;
#207 = CARTESIAN_POINT ( 'NONE',  ( 55.00000000000000000, -37.24999999999998579, 0.000000000000000000 ) ) ;
#208 = CARTESIAN_POINT ( 'NONE',  ( 10.00000000000000000, -47.00000000000000000, 25.39999999999999858 ) ) ;
#209 = DIRECTION ( 'NONE',  ( 0.000000000000000000, 0.000000000000000000, 1.000000000000000000 ) ) ;
#210 = CIRCLE ( 'NONE', #128, 1.474999999999997202 ) ;
#211 = DIRECTION ( 'NONE',  ( 0.000000000000000000, 0.000000000000000000, -1.000000000000000000 ) ) ;
#212 = ORIENTED_EDGE ( 'NONE', *, *, #2022, .T. ) ;
#213 = VECTOR ( 'NONE', #818, 1000.000000000000000 ) ;
#214 = DIRECTION ( 'NONE',  ( -1.734723475976807094E-16, 1.000000000000000000, 0.000000000000000000 ) ) ;
#215 = EDGE_LOOP ( 'NONE', ( #1692, #822, #1574, #446 ) ) ;
#216 = ADVANCED_FACE ( 'NONE', ( #551 ), #1390, .F. ) ;
#217 = AXIS2_PLACEMENT_3D ( 'NONE', #1121, #1556, #577 ) ;
#218 = FACE_OUTER_BOUND ( 'NONE', #1787, .T. ) ;
#219 = EDGE_CURVE ( 'NONE', #2575, #1984, #2431, .T. ) ;
#220 = ORIENTED_EDGE ( 'NONE', *, *, #920, .T. ) ;
#221 = DIRECTION ( 'NONE',  ( 0.000000000000000000, 0.000000000000000000, -1.000000000000000000 ) ) ;
#222 = PLANE ( 'NONE',  #1305 ) ;
#223 = DIRECTION ( 'NONE',  ( -8.673617379884035472E-17, 1.000000000000000000, -0.000000000000000000 ) ) ;
#224 = DIRECTION ( 'NONE',  ( -1.000000000000000000, 0.000000000000000000, -0.000000000000000000 ) ) ;
#225 = CARTESIAN_POINT ( 'NONE',  ( -70.00000000000000000, -40.00000000000000000, 37.89999999999999858 ) ) ;
#226 = AXIS2_PLACEMENT_3D ( 'NONE', #1382, #2203, #1919 ) ;
#227 = EDGE_LOOP ( 'NONE', ( #912, #1448, #423, #1829 ) ) ;
#228 = CARTESIAN_POINT ( 'NONE',  ( -4.999999999999994671, -37.24999999999999289, 0.000000000000000000 ) ) ;
#229 = EDGE_LOOP ( 'NONE', ( #2020, #2406, #396, #928 ) ) ;
#230 = ORIENTED_EDGE ( 'NONE', *, *, #2195, .F. ) ;
#231 = DIRECTION ( 'NONE',  ( 0.000000000000000000, 1.000000000000000000, 0.000000000000000000 ) ) ;
#232 = VERTEX_POINT ( 'NONE', #345 ) ;
#233 = EDGE_CURVE ( 'NONE', #1120, #1095, #522, .T. ) ;
#234 = CARTESIAN_POINT ( 'NONE',  ( -10.00000000000000711, -45.52500000000000568, 25.39999999999999858 ) ) ;
#235 = EDGE_CURVE ( 'NONE', #232, #2367, #747, .T. ) ;
#236 = CARTESIAN_POINT ( 'NONE',  ( 10.00000000000000000, -45.52500000000000568, 0.000000000000000000 ) ) ;
#237 = CARTESIAN_POINT ( 'NONE',  ( 50.00000000000000000, -33.52500000000000568, 25.39999999999999858 ) ) ;
#238 = LINE ( 'NONE', #1888, #1511 ) ;
#239 = ORIENTED_EDGE ( 'NONE', *, *, #779, .T. ) ;
#240 = CARTESIAN_POINT ( 'NONE',  ( 20.00000000000000000, -48.47499999999999432, 0.000000000000000000 ) ) ;
#241 = VERTEX_POINT ( 'NONE', #1965 ) ;
#242 = DIRECTION ( 'NONE',  ( 0.000000000000000000, 1.000000000000000000, 0.000000000000000000 ) ) ;
#243 = VERTEX_POINT ( 'NONE', #320 ) ;
#244 = VERTEX_POINT ( 'NONE', #1580 ) ;
#245 = CARTESIAN_POINT ( 'NONE',  ( 70.00000000000000000, -39.99999999999998579, 37.89999999999999858 ) ) ;
#246 = EDGE_CURVE ( 'NONE', #244, #1003, #1551, .T. ) ;
#247 = LINE ( 'NONE', #1302, #1811 ) ;
#248 = DIRECTION ( 'NONE',  ( 0.000000000000000000, 1.000000000000000000, 0.000000000000000000 ) ) ;
#249 = AXIS2_PLACEMENT_3D ( 'NONE', #2275, #1218, #2491 ) ;
#250 = AXIS2_PLACEMENT_3D ( 'NONE', #1785, #1167, #2181 ) ;
#251 = EDGE_LOOP ( 'NONE', ( #2119, #1548, #1726, #2572 ) ) ;
#252 = VECTOR ( 'NONE', #303, 1000.000000000000000 ) ;
#253 = ORIENTED_EDGE ( 'NONE', *, *, #1059, .F. ) ;
#254 = AXIS2_PLACEMENT_3D ( 'NONE', #1565, #2387, #519 ) ;
#255 = EDGE_LOOP ( 'NONE', ( #1649, #1141 ) ) ;
#256 = DIRECTION ( 'NONE',  ( -0.000000000000000000, 0.000000000000000000, -1.000000000000000000 ) ) ;
#257 = ORIENTED_EDGE ( 'NONE', *, *, #2239, .F. ) ;
#258 = ORIENTED_EDGE ( 'NONE', *, *, #1461, .T. ) ;
#259 = ORIENTED_EDGE ( 'NONE', *, *, #1576, .T. ) ;
#260 = DIRECTION ( 'NONE',  ( 0.000000000000000000, 1.000000000000000000, 0.000000000000000000 ) ) ;
#261 = FACE_OUTER_BOUND ( 'NONE', #2588, .T. ) ;
#262 = CARTESIAN_POINT ( 'NONE',  ( -9.999999999999992895, -35.00000000000000000, 0.000000000000000000 ) ) ;
#263 = VERTEX_POINT ( 'NONE', #2018 ) ;
#264 = DIRECTION ( 'NONE',  ( 0.000000000000000000, 1.000000000000000000, 0.000000000000000000 ) ) ;
#265 = ADVANCED_FACE ( 'NONE', ( #1798, #1568, #567, #2403, #1594, #356, #538, #1813, #1374, #1196, #2442, #333 ), #988, .T. ) ;
#266 = ORIENTED_EDGE ( 'NONE', *, *, #390, .T. ) ;
#267 = ADVANCED_FACE ( 'NONE', ( #1643 ), #1835, .F. ) ;
#268 = CARTESIAN_POINT ( 'NONE',  ( -20.00000000000000711, -47.00000000000000000, 25.39999999999999858 ) ) ;
#269 = ORIENTED_EDGE ( 'NONE', *, *, #233, .T. ) ;
#270 = ORIENTED_EDGE ( 'NONE', *, *, #2603, .F. ) ;
#271 = DIRECTION ( 'NONE',  ( 0.000000000000000000, 1.000000000000000000, 0.000000000000000000 ) ) ;
#272 = LINE ( 'NONE', #2569, #2505 ) ;
#273 = FACE_BOUND ( 'NONE', #2338, .T. ) ;
#274 = DIRECTION ( 'NONE',  ( 0.000000000000000000, 0.000000000000000000, 1.000000000000000000 ) ) ;
#275 = VERTEX_POINT ( 'NONE', #1656 ) ;
#276 = CARTESIAN_POINT ( 'NONE',  ( -39.99999999999999289, -35.00000000000000711, 0.000000000000000000 ) ) ;
#277 = FACE_OUTER_BOUND ( 'NONE', #8, .T. ) ;
#278 = ADVANCED_FACE ( 'NONE', ( #2678 ), #369, .F. ) ;
#279 = EDGE_LOOP ( 'NONE', ( #1917, #2164, #1730, #2418 ) ) ;
#280 = LINE ( 'NONE', #1731, #2355 ) ;
#281 = VERTEX_POINT ( 'NONE', #405 ) ;
#282 = DIRECTION ( 'NONE',  ( -0.000000000000000000, 0.000000000000000000, -1.000000000000000000 ) ) ;
#283 = AXIS2_PLACEMENT_3D ( 'NONE', #894, #1523, #524 ) ;
#284 = DIRECTION ( 'NONE',  ( 1.387778780781444413E-14, 1.000000000000000000, 0.000000000000000000 ) ) ;
#285 = CIRCLE ( 'NONE', #981, 1.474999999999997202 ) ;
#286 = VERTEX_POINT ( 'NONE', #1050 ) ;
#287 = DIRECTION ( 'NONE',  ( 0.000000000000000000, 1.000000000000000000, 0.000000000000000000 ) ) ;
#288 = LINE ( 'NONE', #874, #881 ) ;
#289 = DIRECTION ( 'NONE',  ( 0.000000000000000000, -1.000000000000000000, 0.000000000000000000 ) ) ;
#290 = DIRECTION ( 'NONE',  ( 0.000000000000000000, 1.000000000000000000, 0.000000000000000000 ) ) ;
#291 = ORIENTED_EDGE ( 'NONE', *, *, #1243, .F. ) ;
#292 = CARTESIAN_POINT ( 'NONE',  ( -10.00000000000000711, -45.52500000000000568, 25.39999999999999858 ) ) ;
#293 = LINE ( 'NONE', #2231, #1029 ) ;
#294 = ORIENTED_EDGE ( 'NONE', *, *, #372, .F. ) ;
#295 = ADVANCED_FACE ( 'NONE', ( #1629 ), #833, .F. ) ;
#296 = AXIS2_PLACEMENT_3D ( 'NONE', #640, #211, #1038 ) ;
#297 = ORIENTED_EDGE ( 'NONE', *, *, #200, .T. ) ;
#298 = CARTESIAN_POINT ( 'NONE',  ( 20.00000000000000000, -33.52500000000000568, 25.39999999999999858 ) ) ;
#299 = EDGE_CURVE ( 'NONE', #1322, #1955, #336, .T. ) ;
#300 = PLANE ( 'NONE',  #1855 ) ;
#301 = DIRECTION ( 'NONE',  ( -0.7071067811865474617, 0.7071067811865474617, 0.000000000000000000 ) ) ;
#302 = CIRCLE ( 'NONE', #1350, 1.474999999999997202 ) ;
#303 = DIRECTION ( 'NONE',  ( -0.000000000000000000, 0.000000000000000000, -1.000000000000000000 ) ) ;
#304 = VERTEX_POINT ( 'NONE', #2 ) ;
#305 = DIRECTION ( 'NONE',  ( 1.000000000000000000, 1.734723475976807094E-16, 0.000000000000000000 ) ) ;
#306 = DIRECTION ( 'NONE',  ( 1.000000000000000000, 0.000000000000000000, 0.000000000000000000 ) ) ;
#307 = ORIENTED_EDGE ( 'NONE', *, *, #1011, .T. ) ;
#308 = AXIS2_PLACEMENT_3D ( 'NONE', #1081, #78, #700 ) ;
#309 = CARTESIAN_POINT ( 'NONE',  ( 4.999999999999997335, -37.49999999999999289, 25.40000000000000568 ) ) ;
#310 = EDGE_LOOP ( 'NONE', ( #994, #1936, #2023, #980 ) ) ;
#311 = DIRECTION ( 'NONE',  ( 0.000000000000000000, 1.000000000000000000, 0.000000000000000000 ) ) ;
#312 = EDGE_CURVE ( 'NONE', #2680, #1646, #1248, .T. ) ;
#313 = LINE ( 'NONE', #2490, #160 ) ;
#314 = AXIS2_PLACEMENT_3D ( 'NONE', #1513, #1117, #1099 ) ;
#315 = DIRECTION ( 'NONE',  ( 8.673617379884035472E-17, -1.000000000000000000, 0.000000000000000000 ) ) ;
#316 = EDGE_CURVE ( 'NONE', #1080, #1980, #1296, .T. ) ;
#317 = CARTESIAN_POINT ( 'NONE',  ( -40.00000000000000711, -45.52500000000001279, 25.39999999999999858 ) ) ;
#318 = ORIENTED_EDGE ( 'NONE', *, *, #445, .T. ) ;
#319 = FACE_OUTER_BOUND ( 'NONE', #1429, .T. ) ;
#320 = CARTESIAN_POINT ( 'NONE',  ( -39.99999999999999289, -33.52500000000001279, 25.39999999999999858 ) ) ;
#321 = CARTESIAN_POINT ( 'NONE',  ( 54.99999999999999289, -41.99999999999998579, 25.39999999999999858 ) ) ;
#322 = EDGE_LOOP ( 'NONE', ( #1868, #715, #1952, #2455 ) ) ;
#323 = CYLINDRICAL_SURFACE ( 'NONE', #2033, 1.474999999999997202 ) ;
#324 = AXIS2_PLACEMENT_3D ( 'NONE', #1997, #967, #751 ) ;
#325 = ORIENTED_EDGE ( 'NONE', *, *, #186, .F. ) ;
#326 = CARTESIAN_POINT ( 'NONE',  ( -20.00000000000000711, -48.47499999999999432, 0.000000000000000000 ) ) ;
#327 = FACE_BOUND ( 'NONE', #1717, .T. ) ;
#328 = VECTOR ( 'NONE', #745, 1000.000000000000000 ) ;
#329 = EDGE_CURVE ( 'NONE', #1095, #2329, #172, .T. ) ;
#330 = DIRECTION ( 'NONE',  ( 0.000000000000000000, 1.000000000000000000, 0.000000000000000000 ) ) ;
#331 = EDGE_LOOP ( 'NONE', ( #2647, #2187, #1894, #2443 ) ) ;
#332 = EDGE_CURVE ( 'NONE', #458, #113, #949, .T. ) ;
#333 = FACE_BOUND ( 'NONE', #1449, .T. ) ;
#334 = EDGE_LOOP ( 'NONE', ( #1292, #2519, #50, #1012 ) ) ;
#335 = ORIENTED_EDGE ( 'NONE', *, *, #933, .T. ) ;
#336 = CIRCLE ( 'NONE', #635, 1.474999999999997202 ) ;
#337 = DIRECTION ( 'NONE',  ( 0.000000000000000000, 1.000000000000000000, 0.000000000000000000 ) ) ;
#338 = AXIS2_PLACEMENT_3D ( 'NONE', #1076, #665, #1683 ) ;
#339 = CYLINDRICAL_SURFACE ( 'NONE', #2454, 1.474999999999997202 ) ;
#340 = CARTESIAN_POINT ( 'NONE',  ( -50.54022397401149647, -37.49999999999999289, 17.37002980587561396 ) ) ;
#341 = CARTESIAN_POINT ( 'NONE',  ( -9.999999999999992895, -35.00000000000000000, 25.39999999999999858 ) ) ;
#342 = ORIENTED_EDGE ( 'NONE', *, *, #1407, .F. ) ;
#343 = CIRCLE ( 'NONE', #1859, 1.474999999999997202 ) ;
#344 = LINE ( 'NONE', #120, #983 ) ;
#345 = CARTESIAN_POINT ( 'NONE',  ( -57.99999999999999289, -23.00000000000001776, 0.000000000000000000 ) ) ;
#346 = EDGE_CURVE ( 'NONE', #2368, #2349, #127, .T. ) ;
#347 = ORIENTED_EDGE ( 'NONE', *, *, #299, .T. ) ;
#348 = EDGE_CURVE ( 'NONE', #1984, #852, #1456, .T. ) ;
#349 = ORIENTED_EDGE ( 'NONE', *, *, #2366, .F. ) ;
#350 = AXIS2_PLACEMENT_3D ( 'NONE', #456, #256, #242 ) ;
#351 = PLANE ( 'NONE',  #544 ) ;
#352 = CYLINDRICAL_SURFACE ( 'NONE', #1675, 1.474999999999997202 ) ;
#353 = PLANE ( 'NONE',  #737 ) ;
#354 = DIRECTION ( 'NONE',  ( 0.000000000000000000, 1.000000000000000000, 0.000000000000000000 ) ) ;
#355 = DIRECTION ( 'NONE',  ( 0.000000000000000000, 1.000000000000000000, 0.000000000000000000 ) ) ;
#356 = FACE_BOUND ( 'NONE', #589, .T. ) ;
#357 = ORIENTED_EDGE ( 'NONE', *, *, #1544, .T. ) ;
#358 = ORIENTED_EDGE ( 'NONE', *, *, #1168, .T. ) ;
#359 = EDGE_CURVE ( 'NONE', #2341, #2510, #1668, .T. ) ;
#360 = CARTESIAN_POINT ( 'NONE',  ( -19.99999999999999289, -33.52500000000000568, 0.000000000000000000 ) ) ;
#361 = EDGE_CURVE ( 'NONE', #56, #1268, #420, .T. ) ;
#362 = DIRECTION ( 'NONE',  ( 0.000000000000000000, 1.000000000000000000, 0.000000000000000000 ) ) ;
#363 = DIRECTION ( 'NONE',  ( -0.000000000000000000, 0.000000000000000000, -1.000000000000000000 ) ) ;
#364 = LINE ( 'NONE', #321, #1249 ) ;
#365 = DIRECTION ( 'NONE',  ( 0.000000000000000000, 0.000000000000000000, 1.000000000000000000 ) ) ;
#366 =( GEOMETRIC_REPRESENTATION_CONTEXT ( 3 ) GLOBAL_UNCERTAINTY_ASSIGNED_CONTEXT ( ( #1138 ) ) GLOBAL_UNIT_ASSIGNED_CONTEXT ( ( #1364, #2198, #1802 ) ) REPRESENTATION_CONTEXT ( 'NONE', 'WORKASPACE' ) );
#367 = CARTESIAN_POINT ( 'NONE',  ( -9.999999999999992895, -36.47500000000000142, 25.39999999999999858 ) ) ;
#368 = PLANE ( 'NONE',  #1106 ) ;
#369 = CYLINDRICAL_SURFACE ( 'NONE', #720, 1.474999999999997202 ) ;
#370 = ORIENTED_EDGE ( 'NONE', *, *, #1840, .F. ) ;
#371 = ORIENTED_EDGE ( 'NONE', *, *, #1996, .T. ) ;
#372 = EDGE_CURVE ( 'NONE', #852, #1891, #2464, .T. ) ;
#373 = VECTOR ( 'NONE', #448, 1000.000000000000000 ) ;
#374 = ORIENTED_EDGE ( 'NONE', *, *, #1872, .F. ) ;
#375 = AXIS2_PLACEMENT_3D ( 'NONE', #613, #209, #1240 ) ;
#376 = CARTESIAN_POINT ( 'NONE',  ( -19.99999999999999289, -35.00000000000000000, 0.000000000000000000 ) ) ;
#377 = CARTESIAN_POINT ( 'NONE',  ( 55.00000000000000711, -32.99999999999999289, 1.399999999999998579 ) ) ;
#378 = EDGE_CURVE ( 'NONE', #1459, #603, #2452, .T. ) ;
#379 = LINE ( 'NONE', #2258, #2160 ) ;
#380 = DIRECTION ( 'NONE',  ( -0.000000000000000000, 0.000000000000000000, -1.000000000000000000 ) ) ;
#381 = VECTOR ( 'NONE', #1532, 1000.000000000000000 ) ;
#382 = DIRECTION ( 'NONE',  ( 1.000000000000000000, 3.469446951953614189E-17, 0.000000000000000000 ) ) ;
#383 = EDGE_LOOP ( 'NONE', ( #477, #2483, #2100, #838 ) ) ;
#384 = CARTESIAN_POINT ( 'NONE',  ( -19.99999999999999289, -33.52500000000000568, 25.39999999999999858 ) ) ;
#385 = ORIENTED_EDGE ( 'NONE', *, *, #984, .T. ) ;
#386 = AXIS2_PLACEMENT_3D ( 'NONE', #706, #906, #1534 ) ;
#387 = VERTEX_POINT ( 'NONE', #2045 ) ;
#388 = CARTESIAN_POINT ( 'NONE',  ( 58.00000000000000000, -23.00000000000000711, 24.89999999999999858 ) ) ;
#389 = CARTESIAN_POINT ( 'NONE',  ( -55.49999999999999289, -32.00000000000001421, 24.89999999999999858 ) ) ;
#390 = EDGE_CURVE ( 'NONE', #2341, #2453, #592, .T. ) ;
#391 = AXIS2_PLACEMENT_3D ( 'NONE', #758, #2092, #21 ) ;
#392 = FACE_OUTER_BOUND ( 'NONE', #443, .T. ) ;
#393 = CYLINDRICAL_SURFACE ( 'NONE', #1488, 1.474999999999997202 ) ;
#394 = DIRECTION ( 'NONE',  ( -1.000000000000000000, 0.000000000000000000, 0.000000000000000000 ) ) ;
#395 = EDGE_CURVE ( 'NONE', #666, #1671, #602, .T. ) ;
#396 = ORIENTED_EDGE ( 'NONE', *, *, #2426, .F. ) ;
#397 = CARTESIAN_POINT ( 'NONE',  ( 58.00000000000000000, -23.00000000000000711, 0.000000000000000000 ) ) ;
#398 = ORIENTED_EDGE ( 'NONE', *, *, #332, .T. ) ;
#399 = VECTOR ( 'NONE', #223, 1000.000000000000000 ) ;
#400 = CARTESIAN_POINT ( 'NONE',  ( -50.00000000000000711, -45.52500000000001279, 0.000000000000000000 ) ) ;
#401 = VERTEX_POINT ( 'NONE', #1024 ) ;
#402 = SURFACE_STYLE_FILL_AREA ( #607 ) ;
#403 = DIRECTION ( 'NONE',  ( 0.000000000000000000, 1.000000000000000000, 0.000000000000000000 ) ) ;
#404 = DIRECTION ( 'NONE',  ( 0.000000000000000000, 1.000000000000000000, 0.000000000000000000 ) ) ;
#405 = CARTESIAN_POINT ( 'NONE',  ( 20.00000000000000000, -36.47500000000000142, 0.000000000000000000 ) ) ;
#406 = EDGE_CURVE ( 'NONE', #617, #2537, #1847, .T. ) ;
#407 = CARTESIAN_POINT ( 'NONE',  ( 40.00000000000000000, -35.00000000000000000, 25.39999999999999858 ) ) ;
#408 = ORIENTED_EDGE ( 'NONE', *, *, #1321, .T. ) ;
#409 = AXIS2_PLACEMENT_3D ( 'NONE', #962, #1567, #1152 ) ;
#410 = CYLINDRICAL_SURFACE ( 'NONE', #2083, 1.474999999999997202 ) ;
#411 = ORIENTED_EDGE ( 'NONE', *, *, #2381, .F. ) ;
#412 = DIRECTION ( 'NONE',  ( 0.000000000000000000, 0.000000000000000000, -1.000000000000000000 ) ) ;
#413 = ORIENTED_EDGE ( 'NONE', *, *, #1043, .F. ) ;
#414 = AXIS2_PLACEMENT_3D ( 'NONE', #2188, #1367, #287 ) ;
#415 = VECTOR ( 'NONE', #382, 1000.000000000000000 ) ;
#416 = AXIS2_PLACEMENT_3D ( 'NONE', #846, #821, #2477 ) ;
#417 = DIRECTION ( 'NONE',  ( 1.734723475976807094E-16, -1.000000000000000000, 0.000000000000000000 ) ) ;
#418 = CARTESIAN_POINT ( 'NONE',  ( -29.99999999999999289, -35.00000000000000711, 25.39999999999999858 ) ) ;
#419 = CYLINDRICAL_SURFACE ( 'NONE', #1698, 1.474999999999997202 ) ;
#420 = LINE ( 'NONE', #2250, #74 ) ;
#421 = VECTOR ( 'NONE', #466, 1000.000000000000000 ) ;
#422 = LINE ( 'NONE', #1260, #2511 ) ;
#423 = ORIENTED_EDGE ( 'NONE', *, *, #1198, .T. ) ;
#424 = AXIS2_PLACEMENT_3D ( 'NONE', #2287, #2318, #260 ) ;
#425 = DIRECTION ( 'NONE',  ( 0.000000000000000000, 0.000000000000000000, 1.000000000000000000 ) ) ;
#426 = EDGE_LOOP ( 'NONE', ( #2627, #884 ) ) ;
#427 = ADVANCED_FACE ( 'NONE', ( #463 ), #2150, .F. ) ;
#428 = VECTOR ( 'NONE', #1389, 1000.000000000000000 ) ;
#429 = EDGE_CURVE ( 'NONE', #1623, #1684, #435, .T. ) ;
#430 = SURFACE_STYLE_USAGE ( .BOTH. , #2301 ) ;
#431 = VERTEX_POINT ( 'NONE', #1723 ) ;
#432 = CARTESIAN_POINT ( 'NONE',  ( 50.00000000000000000, -36.47500000000000142, 25.39999999999999858 ) ) ;
#433 = DIRECTION ( 'NONE',  ( -1.000000000000000000, -6.938893903907227392E-16, 0.000000000000000000 ) ) ;
#434 = CARTESIAN_POINT ( 'NONE',  ( 20.00000000000000000, -36.47500000000000142, 25.39999999999999858 ) ) ;
#435 = LINE ( 'NONE', #237, #1633 ) ;
#436 = LINE ( 'NONE', #1878, #1345 ) ;
#437 = VECTOR ( 'NONE', #187, 1000.000000000000000 ) ;
#438 = ORIENTED_EDGE ( 'NONE', *, *, #2042, .F. ) ;
#439 = FACE_OUTER_BOUND ( 'NONE', #229, .T. ) ;
#440 = ORIENTED_EDGE ( 'NONE', *, *, #828, .F. ) ;
#441 = ADVANCED_FACE ( 'NONE', ( #479 ), #2333, .F. ) ;
#442 = LINE ( 'NONE', #1279, #698 ) ;
#443 = EDGE_LOOP ( 'NONE', ( #1426, #1734, #2528, #685 ) ) ;
#444 = CARTESIAN_POINT ( 'NONE',  ( 30.00000000000000000, -47.00000000000000000, 0.000000000000000000 ) ) ;
#445 = EDGE_CURVE ( 'NONE', #1790, #2185, #247, .T. ) ;
#446 = ORIENTED_EDGE ( 'NONE', *, *, #1198, .F. ) ;
#447 = CARTESIAN_POINT ( 'NONE',  ( -20.00000000000000711, -45.52500000000000568, 25.39999999999999858 ) ) ;
#448 = DIRECTION ( 'NONE',  ( 0.000000000000000000, 0.000000000000000000, -1.000000000000000000 ) ) ;
#449 = FACE_OUTER_BOUND ( 'NONE', #702, .T. ) ;
#450 = VERTEX_POINT ( 'NONE', #678 ) ;
#451 = DIRECTION ( 'NONE',  ( 0.000000000000000000, 1.000000000000000000, 0.000000000000000000 ) ) ;
#452 = CIRCLE ( 'NONE', #1841, 1.474999999999997202 ) ;
#453 = EDGE_LOOP ( 'NONE', ( #36, #1963, #1245, #712 ) ) ;
#454 = VECTOR ( 'NONE', #2221, 1000.000000000000000 ) ;
#455 = EDGE_LOOP ( 'NONE', ( #2672, #705, #1481, #1462 ) ) ;
#456 = CARTESIAN_POINT ( 'NONE',  ( 20.00000000000000000, -47.00000000000000000, 25.39999999999999858 ) ) ;
#457 = ORIENTED_EDGE ( 'NONE', *, *, #1993, .T. ) ;
#458 = VERTEX_POINT ( 'NONE', #54 ) ;
#459 = DIRECTION ( 'NONE',  ( -0.000000000000000000, 0.000000000000000000, -1.000000000000000000 ) ) ;
#460 = VECTOR ( 'NONE', #1174, 1000.000000000000000 ) ;
#461 = ADVANCED_FACE ( 'NONE', ( #1514 ), #494, .F. ) ;
#462 = FACE_OUTER_BOUND ( 'NONE', #1866, .T. ) ;
#463 = FACE_OUTER_BOUND ( 'NONE', #710, .T. ) ;
#464 = CARTESIAN_POINT ( 'NONE',  ( -70.00000000000000000, -40.00000000000000000, 37.89999999999999858 ) ) ;
#465 = EDGE_CURVE ( 'NONE', #2251, #1459, #1944, .T. ) ;
#466 = DIRECTION ( 'NONE',  ( -1.000000000000000000, 0.000000000000000000, -0.000000000000000000 ) ) ;
#467 = AXIS2_PLACEMENT_3D ( 'NONE', #650, #1100, #1315 ) ;
#468 = ORIENTED_EDGE ( 'NONE', *, *, #1559, .F. ) ;
#469 = DIRECTION ( 'NONE',  ( -1.734723475976807094E-16, 1.000000000000000000, 0.000000000000000000 ) ) ;
#470 = VECTOR ( 'NONE', #2178, 1000.000000000000000 ) ;
#471 = ORIENTED_EDGE ( 'NONE', *, *, #235, .F. ) ;
#472 = CIRCLE ( 'NONE', #1171, 1.474999999999997202 ) ;
#473 = ORIENTED_EDGE ( 'NONE', *, *, #1595, .F. ) ;
#474 = DIRECTION ( 'NONE',  ( 0.000000000000000000, 0.000000000000000000, -1.000000000000000000 ) ) ;
#475 = ORIENTED_EDGE ( 'NONE', *, *, #235, .T. ) ;
#476 = AXIS2_PLACEMENT_3D ( 'NONE', #2060, #1231, #2296 ) ;
#477 = ORIENTED_EDGE ( 'NONE', *, *, #1606, .T. ) ;
#478 = CARTESIAN_POINT ( 'NONE',  ( -4.999999999999991118, -37.49999999999999289, 25.39999999999999858 ) ) ;
#479 = FACE_OUTER_BOUND ( 'NONE', #1446, .T. ) ;
#480 = FACE_BOUND ( 'NONE', #1096, .T. ) ;
#481 = EDGE_CURVE ( 'NONE', #1796, #2367, #39, .T. ) ;
#482 = CARTESIAN_POINT ( 'NONE',  ( 0.000000000000000000, -35.00000000000000000, 25.39999999999999858 ) ) ;
#483 = EDGE_LOOP ( 'NONE', ( #2384, #614, #1922, #1647 ) ) ;
#484 = EDGE_CURVE ( 'NONE', #2008, #2565, #272, .T. ) ;
#485 = CARTESIAN_POINT ( 'NONE',  ( 10.00000000000000000, -45.52500000000000568, 25.39999999999999858 ) ) ;
#486 = FACE_OUTER_BOUND ( 'NONE', #2513, .T. ) ;
#487 = CIRCLE ( 'NONE', #2003, 1.474999999999997202 ) ;
#488 = ADVANCED_BREP_SHAPE_REPRESENTATION ( 'AnkerZoloHolder_Large', ( #1597, #783, #1385 ), #944 ) ;
#489 = VERTEX_POINT ( 'NONE', #1695 ) ;
#490 = DIRECTION ( 'NONE',  ( 0.000000000000000000, 1.000000000000000000, 0.000000000000000000 ) ) ;
#491 = ORIENTED_EDGE ( 'NONE', *, *, #568, .F. ) ;
#492 = LINE ( 'NONE', #2147, #892 ) ;
#493 = DIRECTION ( 'NONE',  ( 0.000000000000000000, 1.000000000000000000, 0.000000000000000000 ) ) ;
#494 = CYLINDRICAL_SURFACE ( 'NONE', #2246, 1.474999999999997202 ) ;
#495 = CARTESIAN_POINT ( 'NONE',  ( -55.00000000000001421, -41.99999999999998579, 25.39999999999999858 ) ) ;
#496 = EDGE_LOOP ( 'NONE', ( #1520, #2665, #515, #1562 ) ) ;
#497 = CARTESIAN_POINT ( 'NONE',  ( -4.999999999999994671, -37.24999999999999289, 0.000000000000000000 ) ) ;
#498 = ADVANCED_FACE ( 'NONE', ( #2124 ), #1118, .F. ) ;
#499 = CARTESIAN_POINT ( 'NONE',  ( -57.99999999999999289, -23.00000000000001776, 42.66267650163204195 ) ) ;
#500 = ORIENTED_EDGE ( 'NONE', *, *, #1793, .T. ) ;
#501 = EDGE_CURVE ( 'NONE', #792, #2510, #989, .T. ) ;
#502 = ORIENTED_EDGE ( 'NONE', *, *, #1758, .F. ) ;
#503 = ORIENTED_EDGE ( 'NONE', *, *, #1976, .F. ) ;
#504 = AXIS2_PLACEMENT_3D ( 'NONE', #1816, #1828, #2659 ) ;
#505 = LINE ( 'NONE', #2165, #2681 ) ;
#506 = CARTESIAN_POINT ( 'NONE',  ( 50.00000000000000000, -47.00000000000000000, 0.000000000000000000 ) ) ;
#507 = EDGE_LOOP ( 'NONE', ( #1091, #2237 ) ) ;
#508 = DIRECTION ( 'NONE',  ( 0.000000000000000000, 1.000000000000000000, 0.000000000000000000 ) ) ;
#509 = CARTESIAN_POINT ( 'NONE',  ( 70.00000000000000000, -39.99999999999998579, 24.89999999999999858 ) ) ;
#510 = AXIS2_PLACEMENT_3D ( 'NONE', #717, #778, #1136 ) ;
#511 = ORIENTED_EDGE ( 'NONE', *, *, #2670, .T. ) ;
#512 = VECTOR ( 'NONE', #2609, 1000.000000000000000 ) ;
#513 = ADVANCED_FACE ( 'NONE', ( #261 ), #1485, .F. ) ;
#514 = ADVANCED_FACE ( 'NONE', ( #2137 ), #2556, .F. ) ;
#515 = ORIENTED_EDGE ( 'NONE', *, *, #1773, .T. ) ;
#516 = CARTESIAN_POINT ( 'NONE',  ( 10.00000000000000000, -36.47500000000000142, 0.000000000000000000 ) ) ;
#517 = DIRECTION ( 'NONE',  ( 0.000000000000000000, 1.000000000000000000, 0.000000000000000000 ) ) ;
#518 = CIRCLE ( 'NONE', #2436, 1.474999999999997202 ) ;
#519 = DIRECTION ( 'NONE',  ( 1.000000000000000000, 0.000000000000000000, 0.000000000000000000 ) ) ;
#520 = VERTEX_POINT ( 'NONE', #1499 ) ;
#521 = DIRECTION ( 'NONE',  ( 0.000000000000000000, 1.000000000000000000, 0.000000000000000000 ) ) ;
#522 = LINE ( 'NONE', #1990, #205 ) ;
#523 = CYLINDRICAL_SURFACE ( 'NONE', #1341, 1.474999999999997202 ) ;
#524 = DIRECTION ( 'NONE',  ( 0.000000000000000000, -1.000000000000000000, 0.000000000000000000 ) ) ;
#525 = ORIENTED_EDGE ( 'NONE', *, *, #138, .T. ) ;
#526 = ORIENTED_EDGE ( 'NONE', *, *, #1495, .T. ) ;
#527 = CIRCLE ( 'NONE', #2220, 1.474999999999997202 ) ;
#528 = ADVANCED_FACE ( 'NONE', ( #858 ), #1530, .F. ) ;
#529 = CARTESIAN_POINT ( 'NONE',  ( 0.000000000000000000, -82.00000000000000000, 0.000000000000000000 ) ) ;
#530 = ORIENTED_EDGE ( 'NONE', *, *, #395, .T. ) ;
#531 = DIRECTION ( 'NONE',  ( 0.000000000000000000, 1.000000000000000000, 0.000000000000000000 ) ) ;
#532 = LINE ( 'NONE', #377, #895 ) ;
#533 = ADVANCED_FACE ( 'NONE', ( #1912 ), #2306, .F. ) ;
#534 = VECTOR ( 'NONE', #2501, 1000.000000000000000 ) ;
#535 = LINE ( 'NONE', #1739, #1209 ) ;
#536 = ORIENTED_EDGE ( 'NONE', *, *, #1303, .F. ) ;
#537 = DIRECTION ( 'NONE',  ( 0.000000000000000000, 0.000000000000000000, 1.000000000000000000 ) ) ;
#538 = FACE_BOUND ( 'NONE', #1414, .T. ) ;
#539 = ORIENTED_EDGE ( 'NONE', *, *, #832, .T. ) ;
#540 = VECTOR ( 'NONE', #1047, 1000.000000000000000 ) ;
#541 = ORIENTED_EDGE ( 'NONE', *, *, #2174, .F. ) ;
#542 = DIRECTION ( 'NONE',  ( 0.000000000000000000, 1.000000000000000000, 0.000000000000000000 ) ) ;
#543 = FACE_BOUND ( 'NONE', #2265, .T. ) ;
#544 = AXIS2_PLACEMENT_3D ( 'NONE', #1985, #770, #1162 ) ;
#545 = CARTESIAN_POINT ( 'NONE',  ( 58.00000000000000000, -23.00000000000000711, 24.89999999999999858 ) ) ;
#546 = LINE ( 'NONE', #814, #97 ) ;
#547 = FACE_BOUND ( 'NONE', #1440, .T. ) ;
#548 = EDGE_CURVE ( 'NONE', #865, #1120, #2411, .T. ) ;
#549 = ORIENTED_EDGE ( 'NONE', *, *, #979, .T. ) ;
#550 = DIRECTION ( 'NONE',  ( 0.000000000000000000, 1.000000000000000000, 0.000000000000000000 ) ) ;
#551 = FACE_OUTER_BOUND ( 'NONE', #1903, .T. ) ;
#552 = ADVANCED_FACE ( 'NONE', ( #757 ), #352, .F. ) ;
#553 = CARTESIAN_POINT ( 'NONE',  ( 1.806354028742349500E-16, -36.47500000000000142, 0.000000000000000000 ) ) ;
#554 = VECTOR ( 'NONE', #1326, 1000.000000000000000 ) ;
#555 = ORIENTED_EDGE ( 'NONE', *, *, #1573, .F. ) ;
#556 = CARTESIAN_POINT ( 'NONE',  ( -50.00000000000000711, -47.00000000000000711, 25.39999999999999858 ) ) ;
#557 = AXIS2_PLACEMENT_3D ( 'NONE', #1603, #2661, #2440 ) ;
#558 = ORIENTED_EDGE ( 'NONE', *, *, #1531, .F. ) ;
#559 = CARTESIAN_POINT ( 'NONE',  ( 20.00000000000000000, -33.52500000000000568, 25.39999999999999858 ) ) ;
#560 = VECTOR ( 'NONE', #831, 1000.000000000000000 ) ;
#561 = FACE_BOUND ( 'NONE', #1408, .T. ) ;
#562 = PRESENTATION_STYLE_ASSIGNMENT (( #430 ) ) ;
#563 = CYLINDRICAL_SURFACE ( 'NONE', #2552, 1.474999999999997202 ) ;
#564 = CARTESIAN_POINT ( 'NONE',  ( -29.99999999999999289, -36.47500000000000853, 25.39999999999999858 ) ) ;
#565 = VECTOR ( 'NONE', #836, 1000.000000000000000 ) ;
#566 = FACE_OUTER_BOUND ( 'NONE', #1222, .T. ) ;
#567 = FACE_BOUND ( 'NONE', #1356, .T. ) ;
#568 = EDGE_CURVE ( 'NONE', #593, #1999, #313, .T. ) ;
#569 = ORIENTED_EDGE ( 'NONE', *, *, #1918, .F. ) ;
#570 = ORIENTED_EDGE ( 'NONE', *, *, #1478, .F. ) ;
#571 = ORIENTED_EDGE ( 'NONE', *, *, #1188, .F. ) ;
#572 = VECTOR ( 'NONE', #1026, 1000.000000000000000 ) ;
#573 = DIRECTION ( 'NONE',  ( 1.734723475976807094E-16, -1.000000000000000000, 0.000000000000000000 ) ) ;
#574 = CARTESIAN_POINT ( 'NONE',  ( 30.00000000000000000, -35.00000000000000000, 25.39999999999999858 ) ) ;
#575 = PLANE ( 'NONE',  #2506 ) ;
#576 = CARTESIAN_POINT ( 'NONE',  ( 54.99999999999999289, -41.99999999999998579, 0.000000000000000000 ) ) ;
#577 = DIRECTION ( 'NONE',  ( 0.000000000000000000, 1.000000000000000000, 0.000000000000000000 ) ) ;
#578 = EDGE_CURVE ( 'NONE', #387, #1002, #1217, .T. ) ;
#579 = EDGE_LOOP ( 'NONE', ( #1583, #2175, #2153, #86, #1611, #111, #318, #2445, #922 ) ) ;
#580 = ORIENTED_EDGE ( 'NONE', *, *, #1285, .F. ) ;
#581 = EDGE_CURVE ( 'NONE', #1338, #1815, #1, .T. ) ;
#582 = ORIENTED_EDGE ( 'NONE', *, *, #2509, .T. ) ;
#583 = CARTESIAN_POINT ( 'NONE',  ( -54.99999999999999289, -37.49999999999999289, 42.66267650163204195 ) ) ;
#584 = DIRECTION ( 'NONE',  ( 0.000000000000000000, 0.000000000000000000, -1.000000000000000000 ) ) ;
#585 = AXIS2_PLACEMENT_3D ( 'NONE', #1895, #1269, #2316 ) ;
#586 = CARTESIAN_POINT ( 'NONE',  ( -10.00000000000000711, -47.00000000000000000, 25.39999999999999858 ) ) ;
#587 = DIRECTION ( 'NONE',  ( 0.000000000000000000, 1.000000000000000000, 0.000000000000000000 ) ) ;
#588 = VERTEX_POINT ( 'NONE', #1049 ) ;
#589 = EDGE_LOOP ( 'NONE', ( #2032, #632 ) ) ;
#590 = ORIENTED_EDGE ( 'NONE', *, *, #9, .T. ) ;
#591 = EDGE_CURVE ( 'NONE', #1150, #241, #1435, .T. ) ;
#592 = CIRCLE ( 'NONE', #766, 1.474999999999997202 ) ;
#593 = VERTEX_POINT ( 'NONE', #601 ) ;
#594 = CIRCLE ( 'NONE', #2462, 1.474999999999997202 ) ;
#595 = DIRECTION ( 'NONE',  ( 0.000000000000000000, 0.000000000000000000, -1.000000000000000000 ) ) ;
#596 = EDGE_CURVE ( 'NONE', #2668, #938, #1226, .T. ) ;
#597 = CIRCLE ( 'NONE', #2252, 1.474999999999997202 ) ;
#598 = CARTESIAN_POINT ( 'NONE',  ( 55.00000000000000000, -23.00000000000000711, 24.89999999999999858 ) ) ;
#599 = FACE_BOUND ( 'NONE', #255, .T. ) ;
#600 = AXIS2_PLACEMENT_3D ( 'NONE', #2621, #365, #1202 ) ;
#601 = CARTESIAN_POINT ( 'NONE',  ( -7.835640909808962107, -39.99999999999998579, 24.89999999999999858 ) ) ;
#602 = LINE ( 'NONE', #1436, #1206 ) ;
#603 = VERTEX_POINT ( 'NONE', #2095 ) ;
#604 = CARTESIAN_POINT ( 'NONE',  ( -40.00000000000000711, -45.52500000000001279, 25.39999999999999858 ) ) ;
#605 = ORIENTED_EDGE ( 'NONE', *, *, #1721, .T. ) ;
#606 = ORIENTED_EDGE ( 'NONE', *, *, #738, .F. ) ;
#607 = FILL_AREA_STYLE ('',( #2425 ) ) ;
#608 = EDGE_CURVE ( 'NONE', #1856, #1982, #2613, .T. ) ;
#609 = PRODUCT_RELATED_PRODUCT_CATEGORY ( 'part', '', ( #184 ) ) ;
#610 = DIRECTION ( 'NONE',  ( 0.000000000000000000, 0.000000000000000000, 1.000000000000000000 ) ) ;
#611 = PLANE ( 'NONE',  #802 ) ;
#612 = PLANE ( 'NONE',  #1915 ) ;
#613 = CARTESIAN_POINT ( 'NONE',  ( 0.000000000000000000, -82.00000000000000000, 25.39999999999999858 ) ) ;
#614 = ORIENTED_EDGE ( 'NONE', *, *, #996, .F. ) ;
#615 = LINE ( 'NONE', #1447, #1216 ) ;
#616 = VERTEX_POINT ( 'NONE', #2305 ) ;
#617 = VERTEX_POINT ( 'NONE', #1834 ) ;
#618 = FILL_AREA_STYLE ('',( #2284 ) ) ;
#619 = ORIENTED_EDGE ( 'NONE', *, *, #2669, .T. ) ;
#620 = CYLINDRICAL_SURFACE ( 'NONE', #2664, 1.474999999999997202 ) ;
#621 = DIRECTION ( 'NONE',  ( 0.000000000000000000, 0.000000000000000000, -1.000000000000000000 ) ) ;
#622 = CARTESIAN_POINT ( 'NONE',  ( 30.00000000000000000, -47.00000000000000000, 25.39999999999999858 ) ) ;
#623 = DIRECTION ( 'NONE',  ( 0.000000000000000000, 0.000000000000000000, -1.000000000000000000 ) ) ;
#624 = CYLINDRICAL_SURFACE ( 'NONE', #1842, 1.474999999999997202 ) ;
#625 = CARTESIAN_POINT ( 'NONE',  ( -30.00000000000000711, -47.00000000000000711, 0.000000000000000000 ) ) ;
#626 = EDGE_CURVE ( 'NONE', #1186, #1967, #2404, .T. ) ;
#627 = VECTOR ( 'NONE', #2484, 1000.000000000000000 ) ;
#628 = LINE ( 'NONE', #3, #421 ) ;
#629 = ORIENTED_EDGE ( 'NONE', *, *, #2076, .F. ) ;
#630 = ADVANCED_FACE ( 'NONE', ( #1667 ), #419, .F. ) ;
#631 = DIRECTION ( 'NONE',  ( -1.387778780781444413E-14, -1.000000000000000000, 0.000000000000000000 ) ) ;
#632 = ORIENTED_EDGE ( 'NONE', *, *, #917, .T. ) ;
#633 = DIRECTION ( 'NONE',  ( -0.7071067811865474617, -0.7071067811865476838, 0.000000000000000000 ) ) ;
#634 = ORIENTED_EDGE ( 'NONE', *, *, #1000, .T. ) ;
#635 = AXIS2_PLACEMENT_3D ( 'NONE', #1863, #789, #2069 ) ;
#636 = AXIS2_PLACEMENT_3D ( 'NONE', #166, #784, #206 ) ;
#637 = DIRECTION ( 'NONE',  ( -1.000000000000000000, -1.156482317317871478E-16, 0.000000000000000000 ) ) ;
#638 = DIRECTION ( 'NONE',  ( 0.000000000000000000, 0.000000000000000000, 1.000000000000000000 ) ) ;
#639 = AXIS2_PLACEMENT_3D ( 'NONE', #680, #1241, #1865 ) ;
#640 = CARTESIAN_POINT ( 'NONE',  ( 30.00000000000000000, -35.00000000000000000, 0.000000000000000000 ) ) ;
#641 = ORIENTED_EDGE ( 'NONE', *, *, #1837, .F. ) ;
#642 = EDGE_CURVE ( 'NONE', #1338, #2365, #1876, .T. ) ;
#643 = CARTESIAN_POINT ( 'NONE',  ( -55.49999999999999289, -37.49999999999999289, 42.66267650163204195 ) ) ;
#644 = VERTEX_POINT ( 'NONE', #2055 ) ;
#645 = ADVANCED_FACE ( 'NONE', ( #2451 ), #393, .F. ) ;
#646 = CIRCLE ( 'NONE', #1310, 1.474999999999997202 ) ;
#647 = DIRECTION ( 'NONE',  ( -1.387778780781444413E-14, -1.000000000000000000, 0.000000000000000000 ) ) ;
#648 = ORIENTED_EDGE ( 'NONE', *, *, #2126, .T. ) ;
#649 = FACE_OUTER_BOUND ( 'NONE', #655, .T. ) ;
#650 = CARTESIAN_POINT ( 'NONE',  ( 54.99999999999999289, 40.00000000000001421, 25.39999999999999858 ) ) ;
#651 = DIRECTION ( 'NONE',  ( 0.000000000000000000, 1.000000000000000000, 0.000000000000000000 ) ) ;
#652 = AXIS2_PLACEMENT_3D ( 'NONE', #268, #657, #1311 ) ;
#653 = ORIENTED_EDGE ( 'NONE', *, *, #346, .F. ) ;
#654 = DIRECTION ( 'NONE',  ( 0.000000000000000000, 0.000000000000000000, -1.000000000000000000 ) ) ;
#655 = EDGE_LOOP ( 'NONE', ( #854, #1914, #941, #2602 ) ) ;
#656 = AXIS2_PLACEMENT_3D ( 'NONE', #1926, #902, #88 ) ;
#657 = DIRECTION ( 'NONE',  ( 0.000000000000000000, 0.000000000000000000, -1.000000000000000000 ) ) ;
#658 = EDGE_CURVE ( 'NONE', #1130, #281, #193, .T. ) ;
#659 = VERTEX_POINT ( 'NONE', #236 ) ;
#660 = CARTESIAN_POINT ( 'NONE',  ( -54.99999999999999289, -32.00000000000001421, 0.000000000000000000 ) ) ;
#661 = EDGE_CURVE ( 'NONE', #1403, #644, #2044, .T. ) ;
#662 = ORIENTED_EDGE ( 'NONE', *, *, #896, .T. ) ;
#663 = DIRECTION ( 'NONE',  ( 0.000000000000000000, 0.000000000000000000, -1.000000000000000000 ) ) ;
#664 = DIRECTION ( 'NONE',  ( 0.000000000000000000, 1.000000000000000000, 0.000000000000000000 ) ) ;
#665 = DIRECTION ( 'NONE',  ( 0.000000000000000000, 0.000000000000000000, -1.000000000000000000 ) ) ;
#666 = VERTEX_POINT ( 'NONE', #1846 ) ;
#667 = CARTESIAN_POINT ( 'NONE',  ( -10.00000000000000711, -47.00000000000000000, 25.39999999999999858 ) ) ;
#668 = AXIS2_PLACEMENT_3D ( 'NONE', #1760, #2186, #337 ) ;
#669 = ORIENTED_EDGE ( 'NONE', *, *, #1885, .F. ) ;
#670 = VECTOR ( 'NONE', #181, 1000.000000000000000 ) ;
#671 = VERTEX_POINT ( 'NONE', #820 ) ;
#672 = LINE ( 'NONE', #48, #1869 ) ;
#673 = ORIENTED_EDGE ( 'NONE', *, *, #2656, .F. ) ;
#674 = ADVANCED_FACE ( 'NONE', ( #1642 ), #612, .F. ) ;
#675 = DIRECTION ( 'NONE',  ( 0.000000000000000000, 0.000000000000000000, -1.000000000000000000 ) ) ;
#676 = CIRCLE ( 'NONE', #2070, 1.474999999999997202 ) ;
#677 = CARTESIAN_POINT ( 'NONE',  ( -50.00000000000000711, -45.52500000000001279, 25.39999999999999858 ) ) ;
#678 = CARTESIAN_POINT ( 'NONE',  ( -49.99999999999999289, -33.52500000000001279, 25.39999999999999858 ) ) ;
#679 = FACE_BOUND ( 'NONE', #507, .T. ) ;
#680 = CARTESIAN_POINT ( 'NONE',  ( -39.99999999999999289, -35.00000000000000711, 25.39999999999999858 ) ) ;
#681 = VERTEX_POINT ( 'NONE', #2107 ) ;
#682 = DIRECTION ( 'NONE',  ( 0.000000000000000000, 0.000000000000000000, -1.000000000000000000 ) ) ;
#683 = AXIS2_PLACEMENT_3D ( 'NONE', #2651, #1845, #2637 ) ;
#684 = CARTESIAN_POINT ( 'NONE',  ( 0.000000000000000000, -35.00000000000000000, 25.39999999999999858 ) ) ;
#685 = ORIENTED_EDGE ( 'NONE', *, *, #406, .T. ) ;
#686 = FACE_OUTER_BOUND ( 'NONE', #202, .T. ) ;
#687 = ORIENTED_EDGE ( 'NONE', *, *, #1404, .T. ) ;
#688 = VECTOR ( 'NONE', #1880, 1000.000000000000000 ) ;
#689 = EDGE_LOOP ( 'NONE', ( #1969, #2133 ) ) ;
#690 = CARTESIAN_POINT ( 'NONE',  ( 20.00000000000000000, -35.00000000000000000, 0.000000000000000000 ) ) ;
#691 = EDGE_CURVE ( 'NONE', #1144, #719, #288, .T. ) ;
#692 = DIRECTION ( 'NONE',  ( 0.000000000000000000, 0.000000000000000000, 1.000000000000000000 ) ) ;
#693 = LINE ( 'NONE', #1725, #1896 ) ;
#694 = EDGE_CURVE ( 'NONE', #275, #1992, #1694, .T. ) ;
#695 = ORIENTED_EDGE ( 'NONE', *, *, #2573, .F. ) ;
#696 = CARTESIAN_POINT ( 'NONE',  ( -55.49999999999999289, -32.00000000000001421, 33.91387818865997161 ) ) ;
#697 = DIRECTION ( 'NONE',  ( -1.000000000000000000, 0.000000000000000000, -0.000000000000000000 ) ) ;
#698 = VECTOR ( 'NONE', #1067, 1000.000000000000000 ) ;
#699 = ORIENTED_EDGE ( 'NONE', *, *, #395, .F. ) ;
#700 = DIRECTION ( 'NONE',  ( 0.000000000000000000, -1.000000000000000000, 0.000000000000000000 ) ) ;
#701 = ORIENTED_EDGE ( 'NONE', *, *, #429, .F. ) ;
#702 = EDGE_LOOP ( 'NONE', ( #744, #1679, #148, #2144 ) ) ;
#703 = LINE ( 'NONE', #1510, #554 ) ;
#704 = DIRECTION ( 'NONE',  ( -0.7071067811865474617, 0.7071067811865474617, -0.000000000000000000 ) ) ;
#705 = ORIENTED_EDGE ( 'NONE', *, *, #864, .F. ) ;
#706 = CARTESIAN_POINT ( 'NONE',  ( 4.999999999999997335, -37.49999999999999289, 0.000000000000000000 ) ) ;
#707 = EDGE_CURVE ( 'NONE', #1558, #764, #2344, .T. ) ;
#708 = ORIENTED_EDGE ( 'NONE', *, *, #2558, .T. ) ;
#709 = EDGE_CURVE ( 'NONE', #1607, #2228, #2272, .T. ) ;
#710 = EDGE_LOOP ( 'NONE', ( #473, #1748, #1491, #1496 ) ) ;
#711 = VECTOR ( 'NONE', #1538, 1000.000000000000000 ) ;
#712 = ORIENTED_EDGE ( 'NONE', *, *, #1492, .F. ) ;
#713 = FACE_OUTER_BOUND ( 'NONE', #453, .T. ) ;
#714 = CARTESIAN_POINT ( 'NONE',  ( 30.00000000000000000, -36.47500000000000142, 25.39999999999999858 ) ) ;
#715 = ORIENTED_EDGE ( 'NONE', *, *, #1129, .T. ) ;
#716 = DIRECTION ( 'NONE',  ( 0.000000000000000000, 0.000000000000000000, -1.000000000000000000 ) ) ;
#717 = CARTESIAN_POINT ( 'NONE',  ( 55.50000000000000000, -37.49999999999998579, 42.66267650163204195 ) ) ;
#718 = VECTOR ( 'NONE', #875, 1000.000000000000000 ) ;
#719 = VERTEX_POINT ( 'NONE', #1943 ) ;
#720 = AXIS2_PLACEMENT_3D ( 'NONE', #1037, #1425, #999 ) ;
#721 = EDGE_CURVE ( 'NONE', #851, #281, #1831, .T. ) ;
#722 = ORIENTED_EDGE ( 'NONE', *, *, #2570, .F. ) ;
#723 = ORIENTED_EDGE ( 'NONE', *, *, #1243, .T. ) ;
#724 = PRODUCT_DEFINITION ( 'UNKNOWN', '', #2631, #1950 ) ;
#725 = CIRCLE ( 'NONE', #639, 1.474999999999997202 ) ;
#726 = FACE_OUTER_BOUND ( 'NONE', #1140, .T. ) ;
#727 = ORIENTED_EDGE ( 'NONE', *, *, #42, .T. ) ;
#728 = CARTESIAN_POINT ( 'NONE',  ( 30.00000000000000000, -35.00000000000000000, 25.39999999999999858 ) ) ;
#729 = PLANE ( 'NONE',  #254 ) ;
#730 = ORIENTED_EDGE ( 'NONE', *, *, #658, .T. ) ;
#731 = DIRECTION ( 'NONE',  ( 0.000000000000000000, 1.000000000000000000, 0.000000000000000000 ) ) ;
#732 = DIRECTION ( 'NONE',  ( 0.000000000000000000, 0.000000000000000000, -1.000000000000000000 ) ) ;
#733 = LINE ( 'NONE', #171, #1951 ) ;
#734 = DIRECTION ( 'NONE',  ( 0.000000000000000000, 1.000000000000000000, 0.000000000000000000 ) ) ;
#735 = EDGE_LOOP ( 'NONE', ( #1437, #1064 ) ) ;
#736 = ORIENTED_EDGE ( 'NONE', *, *, #233, .F. ) ;
#737 = AXIS2_PLACEMENT_3D ( 'NONE', #2218, #1044, #633 ) ;
#738 = EDGE_CURVE ( 'NONE', #110, #2308, #1677, .T. ) ;
#739 = DIRECTION ( 'NONE',  ( 1.000000000000000000, 0.000000000000000000, 0.000000000000000000 ) ) ;
#740 = CARTESIAN_POINT ( 'NONE',  ( 0.000000000000000000, -47.00000000000000000, 25.39999999999999858 ) ) ;
#741 = EDGE_CURVE ( 'NONE', #2537, #2657, #1661, .T. ) ;
#742 = VECTOR ( 'NONE', #1327, 1000.000000000000000 ) ;
#743 = CYLINDRICAL_SURFACE ( 'NONE', #1945, 1.474999999999997202 ) ;
#744 = ORIENTED_EDGE ( 'NONE', *, *, #812, .T. ) ;
#745 = DIRECTION ( 'NONE',  ( 0.000000000000000000, 0.000000000000000000, -1.000000000000000000 ) ) ;
#746 = PLANE ( 'NONE',  #1601 ) ;
#747 = LINE ( 'NONE', #2223, #2383 ) ;
#748 = ORIENTED_EDGE ( 'NONE', *, *, #2177, .F. ) ;
#749 = ORIENTED_EDGE ( 'NONE', *, *, #966, .T. ) ;
#750 = DIRECTION ( 'NONE',  ( -1.734723475976807094E-16, 1.000000000000000000, 0.000000000000000000 ) ) ;
#751 = DIRECTION ( 'NONE',  ( 0.000000000000000000, 1.000000000000000000, 0.000000000000000000 ) ) ;
#752 = AXIS2_PLACEMENT_3D ( 'NONE', #886, #2542, #2342 ) ;
#753 = ORIENTED_EDGE ( 'NONE', *, *, #2190, .T. ) ;
#754 = DIRECTION ( 'NONE',  ( 0.000000000000000000, 0.000000000000000000, 1.000000000000000000 ) ) ;
#755 = ADVANCED_FACE ( 'NONE', ( #1031 ), #1233, .F. ) ;
#756 = AXIS2_PLACEMENT_3D ( 'NONE', #208, #170, #404 ) ;
#757 = FACE_OUTER_BOUND ( 'NONE', #2352, .T. ) ;
#758 = CARTESIAN_POINT ( 'NONE',  ( -50.00000000000000711, -47.00000000000000711, 0.000000000000000000 ) ) ;
#759 = EDGE_CURVE ( 'NONE', #1711, #56, #546, .T. ) ;
#760 = CARTESIAN_POINT ( 'NONE',  ( -50.00000000000000711, -48.47500000000000142, 25.39999999999999858 ) ) ;
#761 = EDGE_LOOP ( 'NONE', ( #230, #530, #2576, #2278 ) ) ;
#762 = DIRECTION ( 'NONE',  ( -0.7071067811865475727, -0.7071067811865475727, 0.000000000000000000 ) ) ;
#763 = DIRECTION ( 'NONE',  ( -1.000000000000000000, -1.734723475976807094E-16, 0.000000000000000000 ) ) ;
#764 = VERTEX_POINT ( 'NONE', #400 ) ;
#765 = CIRCLE ( 'NONE', #810, 1.474999999999997202 ) ;
#766 = AXIS2_PLACEMENT_3D ( 'NONE', #182, #1010, #805 ) ;
#767 = ORIENTED_EDGE ( 'NONE', *, *, #1939, .T. ) ;
#768 = VECTOR ( 'NONE', #2531, 1000.000000000000000 ) ;
#769 = ORIENTED_EDGE ( 'NONE', *, *, #165, .T. ) ;
#770 = DIRECTION ( 'NONE',  ( 0.000000000000000000, 0.000000000000000000, 1.000000000000000000 ) ) ;
#771 = CIRCLE ( 'NONE', #2209, 1.474999999999997202 ) ;
#772 = CARTESIAN_POINT ( 'NONE',  ( 55.00000000000000000, -37.49999999999998579, 42.66267650163204195 ) ) ;
#773 = EDGE_CURVE ( 'NONE', #431, #2563, #527, .T. ) ;
#774 = CARTESIAN_POINT ( 'NONE',  ( 5.000000000000000888, -37.24999999999999289, 0.000000000000000000 ) ) ;
#775 = LINE ( 'NONE', #2232, #2465 ) ;
#776 = CIRCLE ( 'NONE', #1128, 1.474999999999997202 ) ;
#777 = CARTESIAN_POINT ( 'NONE',  ( -54.99999999999999289, -23.00000000000001776, 24.89999999999999858 ) ) ;
#778 = DIRECTION ( 'NONE',  ( 1.000000000000000000, 0.000000000000000000, 0.000000000000000000 ) ) ;
#779 = EDGE_CURVE ( 'NONE', #2251, #1015, #1587, .T. ) ;
#780 = ORIENTED_EDGE ( 'NONE', *, *, #1721, .F. ) ;
#781 = EDGE_LOOP ( 'NONE', ( #17, #1994 ) ) ;
#782 = AXIS2_PLACEMENT_3D ( 'NONE', #643, #1244, #214 ) ;
#783 = MANIFOLD_SOLID_BREP ( 'Body-Move/Copy2', #1207 ) ;
#784 = DIRECTION ( 'NONE',  ( 1.734723475976807094E-16, -1.000000000000000000, 0.000000000000000000 ) ) ;
#785 = CYLINDRICAL_SURFACE ( 'NONE', #20, 1.474999999999997202 ) ;
#786 = DIRECTION ( 'NONE',  ( 0.7071067811865474617, 0.7071067811865476838, 0.000000000000000000 ) ) ;
#787 = DIRECTION ( 'NONE',  ( 0.000000000000000000, 0.000000000000000000, -1.000000000000000000 ) ) ;
#788 = DIRECTION ( 'NONE',  ( 0.000000000000000000, 1.000000000000000000, 0.000000000000000000 ) ) ;
#789 = DIRECTION ( 'NONE',  ( 0.000000000000000000, 0.000000000000000000, 1.000000000000000000 ) ) ;
#790 = ORIENTED_EDGE ( 'NONE', *, *, #2025, .F. ) ;
#791 = ADVANCED_FACE ( 'NONE', ( #2064 ), #201, .F. ) ;
#792 = VERTEX_POINT ( 'NONE', #2080 ) ;
#793 = FACE_OUTER_BOUND ( 'NONE', #579, .T. ) ;
#794 = ADVANCED_FACE ( 'NONE', ( #218 ), #353, .F. ) ;
#795 = ORIENTED_EDGE ( 'NONE', *, *, #1934, .F. ) ;
#796 = ORIENTED_EDGE ( 'NONE', *, *, #2210, .F. ) ;
#797 = PRODUCT_CONTEXT ( 'NONE', #1515, 'mechanical' ) ;
#798 = AXIS2_PLACEMENT_3D ( 'NONE', #309, #1938, #284 ) ;
#799 = CARTESIAN_POINT ( 'NONE',  ( 54.99999999999999289, -41.99999999999998579, 25.39999999999999858 ) ) ;
#800 = DIRECTION ( 'NONE',  ( -0.000000000000000000, 0.000000000000000000, -1.000000000000000000 ) ) ;
#801 = CYLINDRICAL_SURFACE ( 'NONE', #1636, 1.474999999999997202 ) ;
#802 = AXIS2_PLACEMENT_3D ( 'NONE', #2262, #1239, #2068 ) ;
#803 = LINE ( 'NONE', #2489, #1238 ) ;
#804 = CARTESIAN_POINT ( 'NONE',  ( -70.00000000000000000, -40.00000000000000000, 24.89999999999999858 ) ) ;
#805 = DIRECTION ( 'NONE',  ( 0.000000000000000000, 1.000000000000000000, 0.000000000000000000 ) ) ;
#806 = EDGE_LOOP ( 'NONE', ( #1110, #1032, #307, #1660 ) ) ;
#807 = FACE_OUTER_BOUND ( 'NONE', #2578, .T. ) ;
#808 = ORIENTED_EDGE ( 'NONE', *, *, #642, .F. ) ;
#809 = EDGE_CURVE ( 'NONE', #1459, #1644, #1870, .T. ) ;
#810 = AXIS2_PLACEMENT_3D ( 'NONE', #690, #929, #1563 ) ;
#811 = DIRECTION ( 'NONE',  ( 0.000000000000000000, 0.000000000000000000, -1.000000000000000000 ) ) ;
#812 = EDGE_CURVE ( 'NONE', #1920, #1578, #7, .T. ) ;
#813 = AXIS2_PLACEMENT_3D ( 'NONE', #89, #24, #2543 ) ;
#814 = CARTESIAN_POINT ( 'NONE',  ( -55.49999999999999289, -32.00000000000001421, 0.000000000000000000 ) ) ;
#815 = ORIENTED_EDGE ( 'NONE', *, *, #896, .F. ) ;
#816 = CIRCLE ( 'NONE', #1987, 1.474999999999997202 ) ;
#817 = DIRECTION ( 'NONE',  ( -0.000000000000000000, 0.000000000000000000, -1.000000000000000000 ) ) ;
#818 = DIRECTION ( 'NONE',  ( 0.000000000000000000, -1.000000000000000000, 0.000000000000000000 ) ) ;
#819 = AXIS2_PLACEMENT_3D ( 'NONE', #1255, #2135, #114 ) ;
#820 = CARTESIAN_POINT ( 'NONE',  ( -40.00000000000000711, -45.52500000000001279, 0.000000000000000000 ) ) ;
#821 = DIRECTION ( 'NONE',  ( 1.156482317317871478E-16, -1.000000000000000000, 0.000000000000000000 ) ) ;
#822 = ORIENTED_EDGE ( 'NONE', *, *, #1639, .T. ) ;
#823 = VECTOR ( 'NONE', #1318, 1000.000000000000000 ) ;
#824 = CARTESIAN_POINT ( 'NONE',  ( -29.99999999999999289, -33.52500000000001279, 25.39999999999999858 ) ) ;
#825 = ORIENTED_EDGE ( 'NONE', *, *, #200, .F. ) ;
#826 = ORIENTED_EDGE ( 'NONE', *, *, #933, .F. ) ;
#827 = ORIENTED_EDGE ( 'NONE', *, *, #2446, .T. ) ;
#828 = EDGE_CURVE ( 'NONE', #1208, #764, #829, .T. ) ;
#829 = CIRCLE ( 'NONE', #391, 1.474999999999997202 ) ;
#830 = CARTESIAN_POINT ( 'NONE',  ( 30.00000000000000000, -47.00000000000000000, 25.39999999999999858 ) ) ;
#831 = DIRECTION ( 'NONE',  ( 1.405126015541212484E-14, -1.000000000000000000, 0.000000000000000000 ) ) ;
#832 = EDGE_CURVE ( 'NONE', #2061, #2507, #1482, .T. ) ;
#833 = PLANE ( 'NONE',  #416 ) ;
#834 = CARTESIAN_POINT ( 'NONE',  ( -70.00000000000000000, -35.00000000000002132, 0.000000000000000000 ) ) ;
#835 = ORIENTED_EDGE ( 'NONE', *, *, #2587, .F. ) ;
#836 = DIRECTION ( 'NONE',  ( 1.000000000000000000, 0.000000000000000000, 0.000000000000000000 ) ) ;
#837 = ORIENTED_EDGE ( 'NONE', *, *, #312, .T. ) ;
#838 = ORIENTED_EDGE ( 'NONE', *, *, #578, .F. ) ;
#839 = DIRECTION ( 'NONE',  ( 1.000000000000000000, 3.469446951953614189E-17, 0.000000000000000000 ) ) ;
#840 = ORIENTED_EDGE ( 'NONE', *, *, #591, .F. ) ;
#841 = DIRECTION ( 'NONE',  ( 0.000000000000000000, 1.000000000000000000, 0.000000000000000000 ) ) ;
#842 = CARTESIAN_POINT ( 'NONE',  ( -54.99999999999999289, -23.00000000000001776, 24.89999999999999858 ) ) ;
#843 = DIRECTION ( 'NONE',  ( 0.000000000000000000, 0.000000000000000000, 1.000000000000000000 ) ) ;
#844 = EDGE_CURVE ( 'NONE', #2004, #1623, #877, .T. ) ;
#845 = CARTESIAN_POINT ( 'NONE',  ( 70.00000000000000000, -39.99999999999998579, 0.000000000000000000 ) ) ;
#846 = CARTESIAN_POINT ( 'NONE',  ( -55.00000000000000711, -33.00000000000000711, 1.399999999999998579 ) ) ;
#847 = CIRCLE ( 'NONE', #2373, 1.474999999999997202 ) ;
#848 = LINE ( 'NONE', #2320, #993 ) ;
#849 = EDGE_LOOP ( 'NONE', ( #1439, #342 ) ) ;
#850 = CARTESIAN_POINT ( 'NONE',  ( 50.00000000000000000, -48.47499999999999432, 25.39999999999999858 ) ) ;
#851 = VERTEX_POINT ( 'NONE', #1094 ) ;
#852 = VERTEX_POINT ( 'NONE', #1526 ) ;
#853 = CARTESIAN_POINT ( 'NONE',  ( -29.99999999999999289, -35.00000000000000711, 0.000000000000000000 ) ) ;
#854 = ORIENTED_EDGE ( 'NONE', *, *, #1184, .T. ) ;
#855 = AXIS2_PLACEMENT_3D ( 'NONE', #948, #2006, #734 ) ;
#856 = CARTESIAN_POINT ( 'NONE',  ( -10.00000000000000711, -48.47499999999999432, 25.39999999999999858 ) ) ;
#857 = DIRECTION ( 'NONE',  ( -0.000000000000000000, 0.000000000000000000, -1.000000000000000000 ) ) ;
#858 = FACE_OUTER_BOUND ( 'NONE', #2336, .T. ) ;
#859 = EDGE_CURVE ( 'NONE', #871, #1984, #2353, .T. ) ;
#860 = VECTOR ( 'NONE', #1119, 1000.000000000000000 ) ;
#861 = CARTESIAN_POINT ( 'NONE',  ( -53.19077862357737985, -39.99999999999998579, 35.66060429976968749 ) ) ;
#862 = ORIENTED_EDGE ( 'NONE', *, *, #2503, .T. ) ;
#863 = CARTESIAN_POINT ( 'NONE',  ( -55.49999999999999289, -32.00000000000001421, 24.89999999999999858 ) ) ;
#864 = EDGE_CURVE ( 'NONE', #2633, #1130, #1608, .T. ) ;
#865 = VERTEX_POINT ( 'NONE', #1323 ) ;
#866 = AXIS2_PLACEMENT_3D ( 'NONE', #43, #2112, #1964 ) ;
#867 = ORIENTED_EDGE ( 'NONE', *, *, #759, .T. ) ;
#868 = DIRECTION ( 'NONE',  ( 0.000000000000000000, 0.000000000000000000, -1.000000000000000000 ) ) ;
#869 = ORIENTED_EDGE ( 'NONE', *, *, #1672, .T. ) ;
#870 = DIRECTION ( 'NONE',  ( -0.000000000000000000, 0.000000000000000000, -1.000000000000000000 ) ) ;
#871 = VERTEX_POINT ( 'NONE', #1893 ) ;
#872 = CARTESIAN_POINT ( 'NONE',  ( -54.99999999999999289, -32.00000000000001421, 33.91387818865997161 ) ) ;
#873 = DIRECTION ( 'NONE',  ( 0.000000000000000000, 1.000000000000000000, 0.000000000000000000 ) ) ;
#874 = CARTESIAN_POINT ( 'NONE',  ( -45.00000000000000711, -33.00000000000000000, 0.000000000000000000 ) ) ;
#875 = DIRECTION ( 'NONE',  ( 0.000000000000000000, 0.000000000000000000, 1.000000000000000000 ) ) ;
#876 = CARTESIAN_POINT ( 'NONE',  ( -40.00000000000000711, -48.47500000000000142, 0.000000000000000000 ) ) ;
#877 = CIRCLE ( 'NONE', #226, 1.474999999999997202 ) ;
#878 = EDGE_LOOP ( 'NONE', ( #1001, #1508, #349, #2434 ) ) ;
#879 = DIRECTION ( 'NONE',  ( 0.000000000000000000, 0.000000000000000000, 1.000000000000000000 ) ) ;
#880 = EDGE_LOOP ( 'NONE', ( #795, #1477, #1335, #158 ) ) ;
#881 = VECTOR ( 'NONE', #2332, 1000.000000000000000 ) ;
#882 = ADVANCED_FACE ( 'NONE', ( #2132 ), #2512, .F. ) ;
#883 = LINE ( 'NONE', #1701, #2566 ) ;
#884 = ORIENTED_EDGE ( 'NONE', *, *, #2279, .F. ) ;
#885 = ORIENTED_EDGE ( 'NONE', *, *, #1887, .F. ) ;
#886 = CARTESIAN_POINT ( 'NONE',  ( 10.00000000000000000, -47.00000000000000000, 25.39999999999999858 ) ) ;
#887 = DIRECTION ( 'NONE',  ( 0.000000000000000000, 1.000000000000000000, 0.000000000000000000 ) ) ;
#888 = FACE_BOUND ( 'NONE', #426, .T. ) ;
#889 = CYLINDRICAL_SURFACE ( 'NONE', #2429, 1.474999999999997202 ) ;
#890 = EDGE_LOOP ( 'NONE', ( #539, #2648 ) ) ;
#891 = DIRECTION ( 'NONE',  ( 0.000000000000000000, 1.000000000000000000, 0.000000000000000000 ) ) ;
#892 = VECTOR ( 'NONE', #82, 1000.000000000000000 ) ;
#893 = LINE ( 'NONE', #509, #2634 ) ;
#894 = CARTESIAN_POINT ( 'NONE',  ( 0.000000000000000000, 0.000000000000000000, 24.89999999999999858 ) ) ;
#895 = VECTOR ( 'NONE', #2038, 1000.000000000000000 ) ;
#896 = EDGE_CURVE ( 'NONE', #2155, #961, #2398, .T. ) ;
#897 = FACE_OUTER_BOUND ( 'NONE', #2200, .T. ) ;
#898 = ORIENTED_EDGE ( 'NONE', *, *, #2163, .T. ) ;
#899 = ORIENTED_EDGE ( 'NONE', *, *, #859, .F. ) ;
#900 = DIRECTION ( 'NONE',  ( -1.000000000000000000, -8.673617379884035472E-17, 0.000000000000000000 ) ) ;
#901 = VECTOR ( 'NONE', #1540, 1000.000000000000000 ) ;
#902 = DIRECTION ( 'NONE',  ( 0.000000000000000000, 0.000000000000000000, -1.000000000000000000 ) ) ;
#903 = DIRECTION ( 'NONE',  ( 0.000000000000000000, 0.000000000000000000, -1.000000000000000000 ) ) ;
#904 = CARTESIAN_POINT ( 'NONE',  ( 55.50000000000000000, -32.00000000000000711, 24.89999999999999858 ) ) ;
#905 = EDGE_LOOP ( 'NONE', ( #19, #212 ) ) ;
#906 = DIRECTION ( 'NONE',  ( -1.000000000000000000, 1.387778780781444413E-14, 0.000000000000000000 ) ) ;
#907 = AXIS2_PLACEMENT_3D ( 'NONE', #495, #2594, #1316 ) ;
#908 = CARTESIAN_POINT ( 'NONE',  ( 30.00000000000000000, -47.00000000000000000, 0.000000000000000000 ) ) ;
#909 = AXIS2_PLACEMENT_3D ( 'NONE', #1441, #1693, #2529 ) ;
#910 = ORIENTED_EDGE ( 'NONE', *, *, #1685, .T. ) ;
#911 = CARTESIAN_POINT ( 'NONE',  ( 20.00000000000000000, -35.00000000000000000, 25.39999999999999858 ) ) ;
#912 = ORIENTED_EDGE ( 'NONE', *, *, #1639, .F. ) ;
#913 = FACE_OUTER_BOUND ( 'NONE', #2400, .T. ) ;
#914 = VECTOR ( 'NONE', #631, 1000.000000000000000 ) ;
#915 = VERTEX_POINT ( 'NONE', #2145 ) ;
#916 = CARTESIAN_POINT ( 'NONE',  ( 55.50000000000000000, -32.00000000000000711, 24.89999999999999858 ) ) ;
#917 = EDGE_CURVE ( 'NONE', #2036, #2668, #487, .T. ) ;
#918 = CARTESIAN_POINT ( 'NONE',  ( -30.00000000000000711, -47.00000000000000711, 25.39999999999999858 ) ) ;
#919 = DIRECTION ( 'NONE',  ( 1.000000000000000000, 1.734723475976807094E-16, 0.000000000000000000 ) ) ;
#920 = EDGE_CURVE ( 'NONE', #1232, #458, #280, .T. ) ;
#921 = CARTESIAN_POINT ( 'NONE',  ( -30.00000000000000711, -47.00000000000000711, 0.000000000000000000 ) ) ;
#922 = ORIENTED_EDGE ( 'NONE', *, *, #1934, .T. ) ;
#923 = FACE_OUTER_BOUND ( 'NONE', #483, .T. ) ;
#924 = FACE_OUTER_BOUND ( 'NONE', #1600, .T. ) ;
#925 = ORIENTED_EDGE ( 'NONE', *, *, #1319, .F. ) ;
#926 = DIRECTION ( 'NONE',  ( -8.673617379884035472E-17, 1.000000000000000000, -0.000000000000000000 ) ) ;
#927 = CARTESIAN_POINT ( 'NONE',  ( 0.000000000000000000, -47.00000000000000000, 0.000000000000000000 ) ) ;
#928 = ORIENTED_EDGE ( 'NONE', *, *, #1011, .F. ) ;
#929 = DIRECTION ( 'NONE',  ( 0.000000000000000000, 0.000000000000000000, -1.000000000000000000 ) ) ;
#930 = ADVANCED_FACE ( 'NONE', ( #897 ), #2325, .F. ) ;
#931 = DIRECTION ( 'NONE',  ( 0.000000000000000000, 0.000000000000000000, 1.000000000000000000 ) ) ;
#932 = ORIENTED_EDGE ( 'NONE', *, *, #1702, .F. ) ;
#933 = EDGE_CURVE ( 'NONE', #1130, #2633, #1185, .T. ) ;
#934 = CARTESIAN_POINT ( 'NONE',  ( 40.00000000000000000, -47.00000000000000000, 0.000000000000000000 ) ) ;
#935 = DIRECTION ( 'NONE',  ( -8.673617379884035472E-17, 1.000000000000000000, -0.000000000000000000 ) ) ;
#936 = VERTEX_POINT ( 'NONE', #1716 ) ;
#937 = ORIENTED_EDGE ( 'NONE', *, *, #1285, .T. ) ;
#938 = VERTEX_POINT ( 'NONE', #2564 ) ;
#939 = DIRECTION ( 'NONE',  ( 0.000000000000000000, 0.000000000000000000, -1.000000000000000000 ) ) ;
#940 = VECTOR ( 'NONE', #2259, 1000.000000000000000 ) ;
#941 = ORIENTED_EDGE ( 'NONE', *, *, #1228, .F. ) ;
#942 = DIRECTION ( 'NONE',  ( 0.000000000000000000, 0.000000000000000000, -1.000000000000000000 ) ) ;
#943 = FACE_OUTER_BOUND ( 'NONE', #77, .T. ) ;
#944 =( GEOMETRIC_REPRESENTATION_CONTEXT ( 3 ) GLOBAL_UNCERTAINTY_ASSIGNED_CONTEXT ( ( #2600 ) ) GLOBAL_UNIT_ASSIGNED_CONTEXT ( ( #1830, #970, #2635 ) ) REPRESENTATION_CONTEXT ( 'NONE', 'WORKASPACE' ) );
#945 = ORIENTED_EDGE ( 'NONE', *, *, #2426, .T. ) ;
#946 = DIRECTION ( 'NONE',  ( 0.7071067811865474617, -0.7071067811865474617, 0.000000000000000000 ) ) ;
#947 = DIRECTION ( 'NONE',  ( 0.000000000000000000, 1.000000000000000000, 0.000000000000000000 ) ) ;
#948 = CARTESIAN_POINT ( 'NONE',  ( 40.00000000000000000, -35.00000000000000000, 25.39999999999999858 ) ) ;
#949 = CIRCLE ( 'NONE', #1070, 1.474999999999997202 ) ;
#950 = DIRECTION ( 'NONE',  ( 0.000000000000000000, 1.000000000000000000, 0.000000000000000000 ) ) ;
#951 = AXIS2_PLACEMENT_3D ( 'NONE', #137, #1605, #1153 ) ;
#952 = ORIENTED_EDGE ( 'NONE', *, *, #2670, .F. ) ;
#953 = VECTOR ( 'NONE', #1422, 1000.000000000000000 ) ;
#954 = ADVANCED_FACE ( 'NONE', ( #686 ), #2550, .F. ) ;
#955 = ORIENTED_EDGE ( 'NONE', *, *, #738, .T. ) ;
#956 = CARTESIAN_POINT ( 'NONE',  ( 40.00000000000000000, -48.47499999999999432, 25.39999999999999858 ) ) ;
#957 = EDGE_CURVE ( 'NONE', #1741, #1891, #672, .T. ) ;
#958 = ORIENTED_EDGE ( 'NONE', *, *, #1702, .T. ) ;
#959 = FACE_BOUND ( 'NONE', #735, .T. ) ;
#960 = CARTESIAN_POINT ( 'NONE',  ( -9.999999999999992895, -35.00000000000000000, 0.000000000000000000 ) ) ;
#961 = VERTEX_POINT ( 'NONE', #1480 ) ;
#962 = CARTESIAN_POINT ( 'NONE',  ( -39.99999999999999289, -35.00000000000000711, 25.39999999999999858 ) ) ;
#963 = CARTESIAN_POINT ( 'NONE',  ( 4.999999999999997335, -37.49999999999999289, 25.39999999999999858 ) ) ;
#964 = ORIENTED_EDGE ( 'NONE', *, *, #1637, .T. ) ;
#965 = VERTEX_POINT ( 'NONE', #2313 ) ;
#966 = EDGE_CURVE ( 'NONE', #2407, #1268, #442, .T. ) ;
#967 = DIRECTION ( 'NONE',  ( 0.000000000000000000, 0.000000000000000000, -1.000000000000000000 ) ) ;
#968 = EDGE_CURVE ( 'NONE', #1817, #520, #883, .T. ) ;
#969 = VERTEX_POINT ( 'NONE', #1507 ) ;
#970 =( NAMED_UNIT ( * ) PLANE_ANGLE_UNIT ( ) SI_UNIT ( $, .RADIAN. ) );
#971 = DIRECTION ( 'NONE',  ( -1.000000000000000000, -1.734723475976807094E-16, 0.000000000000000000 ) ) ;
#972 = LINE ( 'NONE', #760, #1033 ) ;
#973 = ORIENTED_EDGE ( 'NONE', *, *, #741, .T. ) ;
#974 = CARTESIAN_POINT ( 'NONE',  ( -10.00000000000000711, -45.52500000000000568, 0.000000000000000000 ) ) ;
#975 = PLANE ( 'NONE',  #510 ) ;
#976 = EDGE_LOOP ( 'NONE', ( #1906, #590 ) ) ;
#977 = ORIENTED_EDGE ( 'NONE', *, *, #591, .T. ) ;
#978 = CARTESIAN_POINT ( 'NONE',  ( -55.00000000000000000, -33.00000000000000000, 25.39999999999999858 ) ) ;
#979 = EDGE_CURVE ( 'NONE', #1782, #1126, #2312, .T. ) ;
#980 = ORIENTED_EDGE ( 'NONE', *, *, #2473, .T. ) ;
#981 = AXIS2_PLACEMENT_3D ( 'NONE', #740, #2000, #144 ) ;
#982 = CARTESIAN_POINT ( 'NONE',  ( 20.00000000000000000, -45.52500000000000568, 25.39999999999999858 ) ) ;
#983 = VECTOR ( 'NONE', #857, 1000.000000000000000 ) ;
#984 = EDGE_CURVE ( 'NONE', #1782, #2061, #2682, .T. ) ;
#985 = CARTESIAN_POINT ( 'NONE',  ( 40.00000000000000000, -47.00000000000000000, 25.39999999999999858 ) ) ;
#986 = FACE_BOUND ( 'NONE', #1852, .T. ) ;
#987 = FACE_OUTER_BOUND ( 'NONE', #2499, .T. ) ;
#988 = PLANE ( 'NONE',  #375 ) ;
#989 = CIRCLE ( 'NONE', #2159, 1.474999999999997202 ) ;
#990 = VECTOR ( 'NONE', #107, 1000.000000000000000 ) ;
#991 = ORIENTED_EDGE ( 'NONE', *, *, #832, .F. ) ;
#992 = CARTESIAN_POINT ( 'NONE',  ( 50.00000000000000000, -33.52500000000000568, 25.39999999999999858 ) ) ;
#993 = VECTOR ( 'NONE', #2307, 1000.000000000000000 ) ;
#994 = ORIENTED_EDGE ( 'NONE', *, *, #642, .T. ) ;
#995 = FACE_OUTER_BOUND ( 'NONE', #1947, .T. ) ;
#996 = EDGE_CURVE ( 'NONE', #1891, #286, #1673, .T. ) ;
#997 = VECTOR ( 'NONE', #106, 1000.000000000000000 ) ;
#998 = CARTESIAN_POINT ( 'NONE',  ( 10.00000000000000000, -47.00000000000000000, 0.000000000000000000 ) ) ;
#999 = DIRECTION ( 'NONE',  ( 0.000000000000000000, 1.000000000000000000, 0.000000000000000000 ) ) ;
#1000 = EDGE_CURVE ( 'NONE', #2134, #1232, #2441, .T. ) ;
#1001 = ORIENTED_EDGE ( 'NONE', *, *, #1672, .F. ) ;
#1002 = VERTEX_POINT ( 'NONE', #1659 ) ;
#1003 = VERTEX_POINT ( 'NONE', #1438 ) ;
#1004 = EDGE_LOOP ( 'NONE', ( #1602, #173, #753, #736 ) ) ;
#1005 = PRESENTATION_LAYER_ASSIGNMENT (  '', '', ( #1405 ) ) ;
#1006 = DIRECTION ( 'NONE',  ( 0.000000000000000000, 0.000000000000000000, -1.000000000000000000 ) ) ;
#1007 = CARTESIAN_POINT ( 'NONE',  ( 40.00000000000000000, -36.47500000000000142, 25.39999999999999858 ) ) ;
#1008 = DIRECTION ( 'NONE',  ( 0.000000000000000000, -1.000000000000000000, 0.000000000000000000 ) ) ;
#1009 = LINE ( 'NONE', #1654, #2063 ) ;
#1010 = DIRECTION ( 'NONE',  ( 0.000000000000000000, 0.000000000000000000, 1.000000000000000000 ) ) ;
#1011 = EDGE_CURVE ( 'NONE', #1080, #1598, #1263, .T. ) ;
#1012 = ORIENTED_EDGE ( 'NONE', *, *, #2446, .F. ) ;
#1013 = ADVANCED_FACE ( 'NONE', ( #1041 ), #2508, .F. ) ;
#1014 = CARTESIAN_POINT ( 'NONE',  ( -30.00000000000000711, -47.00000000000000711, 25.39999999999999858 ) ) ;
#1015 = VERTEX_POINT ( 'NONE', #228 ) ;
#1016 = CARTESIAN_POINT ( 'NONE',  ( 50.00000000000000000, -47.00000000000000000, 0.000000000000000000 ) ) ;
#1017 = VERTEX_POINT ( 'NONE', #1890 ) ;
#1018 = CIRCLE ( 'NONE', #324, 1.474999999999997202 ) ;
#1019 = DIRECTION ( 'NONE',  ( 0.000000000000000000, 0.000000000000000000, -1.000000000000000000 ) ) ;
#1020 = CARTESIAN_POINT ( 'NONE',  ( 55.00000000000000000, -23.00000000000000711, 0.000000000000000000 ) ) ;
#1021 = CIRCLE ( 'NONE', #1378, 1.474999999999997202 ) ;
#1022 = DIRECTION ( 'NONE',  ( -8.673617379884035472E-17, 1.000000000000000000, -0.000000000000000000 ) ) ;
#1023 = DIRECTION ( 'NONE',  ( -1.734723475976807094E-16, 1.000000000000000000, 0.000000000000000000 ) ) ;
#1024 = CARTESIAN_POINT ( 'NONE',  ( 10.00000000000000000, -48.47499999999999432, 0.000000000000000000 ) ) ;
#1025 = ORIENTED_EDGE ( 'NONE', *, *, #984, .F. ) ;
#1026 = DIRECTION ( 'NONE',  ( 0.000000000000000000, 0.000000000000000000, 1.000000000000000000 ) ) ;
#1027 = ORIENTED_EDGE ( 'NONE', *, *, #1109, .F. ) ;
#1028 = ADVANCED_FACE ( 'NONE', ( #439 ), #410, .F. ) ;
#1029 = VECTOR ( 'NONE', #1949, 1000.000000000000000 ) ;
#1030 = EDGE_CURVE ( 'NONE', #1999, #1930, #2048, .T. ) ;
#1031 = FACE_OUTER_BOUND ( 'NONE', #1700, .T. ) ;
#1032 = ORIENTED_EDGE ( 'NONE', *, *, #2444, .T. ) ;
#1033 = VECTOR ( 'NONE', #2245, 1000.000000000000000 ) ;
#1034 = LINE ( 'NONE', #2500, #2300 ) ;
#1035 = DIRECTION ( 'NONE',  ( -0.000000000000000000, 0.000000000000000000, -1.000000000000000000 ) ) ;
#1036 = DIRECTION ( 'NONE',  ( -0.000000000000000000, 0.000000000000000000, -1.000000000000000000 ) ) ;
#1037 = CARTESIAN_POINT ( 'NONE',  ( 0.000000000000000000, -47.00000000000000000, 25.39999999999999858 ) ) ;
#1038 = DIRECTION ( 'NONE',  ( 0.000000000000000000, 1.000000000000000000, 0.000000000000000000 ) ) ;
#1039 = VERTEX_POINT ( 'NONE', #240 ) ;
#1040 = AXIS2_PLACEMENT_3D ( 'NONE', #2142, #1135, #508 ) ;
#1041 = FACE_OUTER_BOUND ( 'NONE', #2324, .T. ) ;
#1042 = ORIENTED_EDGE ( 'NONE', *, *, #361, .T. ) ;
#1043 = EDGE_CURVE ( 'NONE', #2134, #113, #2253, .T. ) ;
#1044 = DIRECTION ( 'NONE',  ( 0.7071067811865476838, -0.7071067811865474617, 0.000000000000000000 ) ) ;
#1045 = ORIENTED_EDGE ( 'NONE', *, *, #2589, .F. ) ;
#1046 = AXIS2_PLACEMENT_3D ( 'NONE', #1908, #868, #1935 ) ;
#1047 = DIRECTION ( 'NONE',  ( -0.000000000000000000, 0.000000000000000000, -1.000000000000000000 ) ) ;
#1048 = CARTESIAN_POINT ( 'NONE',  ( 5.000000000000000888, -37.24999999999999289, 25.39999999999999858 ) ) ;
#1049 = CARTESIAN_POINT ( 'NONE',  ( 30.00000000000000000, -33.52500000000000568, 25.39999999999999858 ) ) ;
#1050 = CARTESIAN_POINT ( 'NONE',  ( 4.999999999999997335, -37.49999999999999289, 25.39999999999999858 ) ) ;
#1051 = DIRECTION ( 'NONE',  ( 1.000000000000000000, 1.734723475976807094E-16, 0.000000000000000000 ) ) ;
#1052 = ORIENTED_EDGE ( 'NONE', *, *, #348, .F. ) ;
#1053 = DIRECTION ( 'NONE',  ( -1.000000000000000000, -1.734723475976807094E-16, 0.000000000000000000 ) ) ;
#1054 = ORIENTED_EDGE ( 'NONE', *, *, #2057, .T. ) ;
#1055 = ORIENTED_EDGE ( 'NONE', *, *, #359, .F. ) ;
#1056 = ORIENTED_EDGE ( 'NONE', *, *, #1461, .F. ) ;
#1057 = EDGE_CURVE ( 'NONE', #2458, #2270, #1065, .T. ) ;
#1058 = DIRECTION ( 'NONE',  ( -0.000000000000000000, 0.000000000000000000, -1.000000000000000000 ) ) ;
#1059 = EDGE_CURVE ( 'NONE', #1790, #2329, #2088, .T. ) ;
#1060 = DIRECTION ( 'NONE',  ( 0.9848077530122092416, 1.708369128474248641E-16, 0.1736481776669238364 ) ) ;
#1061 = DIRECTION ( 'NONE',  ( 0.000000000000000000, 0.000000000000000000, 1.000000000000000000 ) ) ;
#1062 = CIRCLE ( 'NONE', #1235, 1.474999999999997202 ) ;
#1063 = CARTESIAN_POINT ( 'NONE',  ( -4.999999999999990230, -39.99999999999999289, 25.39999999999999858 ) ) ;
#1064 = ORIENTED_EDGE ( 'NONE', *, *, #626, .F. ) ;
#1065 = LINE ( 'NONE', #863, #2214 ) ;
#1066 = ORIENTED_EDGE ( 'NONE', *, *, #2239, .T. ) ;
#1067 = DIRECTION ( 'NONE',  ( 0.000000000000000000, 0.000000000000000000, -1.000000000000000000 ) ) ;
#1068 = VERTEX_POINT ( 'NONE', #2667 ) ;
#1069 = CARTESIAN_POINT ( 'NONE',  ( 50.00000000000000000, -33.52500000000000568, 0.000000000000000000 ) ) ;
#1070 = AXIS2_PLACEMENT_3D ( 'NONE', #625, #638, #14 ) ;
#1071 = AXIS2_PLACEMENT_3D ( 'NONE', #2031, #2663, #1444 ) ;
#1072 = PLANE ( 'NONE',  #1991 ) ;
#1073 = DIRECTION ( 'NONE',  ( -0.000000000000000000, 0.000000000000000000, -1.000000000000000000 ) ) ;
#1074 = VECTOR ( 'NONE', #1342, 1000.000000000000000 ) ;
#1075 = ADVANCED_FACE ( 'NONE', ( #807 ), #2494, .F. ) ;
#1076 = CARTESIAN_POINT ( 'NONE',  ( 40.00000000000000000, -47.00000000000000000, 0.000000000000000000 ) ) ;
#1077 = ORIENTED_EDGE ( 'NONE', *, *, #691, .T. ) ;
#1078 = EDGE_CURVE ( 'NONE', #2349, #1581, #2266, .T. ) ;
#1079 = VERTEX_POINT ( 'NONE', #1632 ) ;
#1080 = VERTEX_POINT ( 'NONE', #384 ) ;
#1081 = CARTESIAN_POINT ( 'NONE',  ( 70.00000000000000000, -39.99999999999998579, 37.89999999999999858 ) ) ;
#1082 = EDGE_LOOP ( 'NONE', ( #2655, #1391 ) ) ;
#1083 = ORIENTED_EDGE ( 'NONE', *, *, #1576, .F. ) ;
#1084 = LINE ( 'NONE', #2105, #560 ) ;
#1085 = DIRECTION ( 'NONE',  ( -1.000000000000000000, 0.000000000000000000, 0.000000000000000000 ) ) ;
#1086 = DIRECTION ( 'NONE',  ( -3.469446951953614189E-17, 1.000000000000000000, 0.000000000000000000 ) ) ;
#1087 = DIRECTION ( 'NONE',  ( 0.000000000000000000, 1.000000000000000000, 0.000000000000000000 ) ) ;
#1088 = ORIENTED_EDGE ( 'NONE', *, *, #1149, .T. ) ;
#1089 = EDGE_CURVE ( 'NONE', #2680, #431, #2479, .T. ) ;
#1090 = CARTESIAN_POINT ( 'NONE',  ( -20.00000000000000711, -45.52500000000000568, 25.39999999999999858 ) ) ;
#1091 = ORIENTED_EDGE ( 'NONE', *, *, #1885, .T. ) ;
#1092 = EDGE_CURVE ( 'NONE', #2365, #286, #2468, .T. ) ;
#1093 = VERTEX_POINT ( 'NONE', #604 ) ;
#1094 = CARTESIAN_POINT ( 'NONE',  ( 20.00000000000000000, -33.52500000000000568, 0.000000000000000000 ) ) ;
#1095 = VERTEX_POINT ( 'NONE', #397 ) ;
#1096 = EDGE_LOOP ( 'NONE', ( #1289, #398 ) ) ;
#1097 = DIRECTION ( 'NONE',  ( 1.734723475976807094E-16, -1.000000000000000000, 0.000000000000000000 ) ) ;
#1098 = CYLINDRICAL_SURFACE ( 'NONE', #2497, 1.474999999999997202 ) ;
#1099 = DIRECTION ( 'NONE',  ( 0.000000000000000000, 1.000000000000000000, 0.000000000000000000 ) ) ;
#1100 = DIRECTION ( 'NONE',  ( -1.000000000000000000, -8.673617379884035472E-17, 0.000000000000000000 ) ) ;
#1101 = DIRECTION ( 'NONE',  ( 0.000000000000000000, 1.000000000000000000, 0.000000000000000000 ) ) ;
#1102 = ORIENTED_EDGE ( 'NONE', *, *, #2685, .T. ) ;
#1103 = DIRECTION ( 'NONE',  ( 0.000000000000000000, 1.000000000000000000, 0.000000000000000000 ) ) ;
#1104 = VECTOR ( 'NONE', #750, 1000.000000000000000 ) ;
#1105 = ORIENTED_EDGE ( 'NONE', *, *, #372, .T. ) ;
#1106 = AXIS2_PLACEMENT_3D ( 'NONE', #2017, #1770, #1977 ) ;
#1107 = ORIENTED_EDGE ( 'NONE', *, *, #42, .F. ) ;
#1108 = CARTESIAN_POINT ( 'NONE',  ( 20.00000000000000000, -47.00000000000000000, 25.39999999999999858 ) ) ;
#1109 = EDGE_CURVE ( 'NONE', #146, #1150, #615, .T. ) ;
#1110 = ORIENTED_EDGE ( 'NONE', *, *, #2295, .F. ) ;
#1111 = ADVANCED_FACE ( 'NONE', ( #2280 ), #1489, .F. ) ;
#1112 = ORIENTED_EDGE ( 'NONE', *, *, #1544, .F. ) ;
#1113 = LINE ( 'NONE', #2372, #2673 ) ;
#1114 = CIRCLE ( 'NONE', #2199, 1.474999999999997202 ) ;
#1115 = AXIS2_PLACEMENT_3D ( 'NONE', #1328, #1086, #1472 ) ;
#1116 = CIRCLE ( 'NONE', #951, 1.474999999999997202 ) ;
#1117 = DIRECTION ( 'NONE',  ( 0.000000000000000000, 0.000000000000000000, -1.000000000000000000 ) ) ;
#1118 = CYLINDRICAL_SURFACE ( 'NONE', #813, 1.474999999999997202 ) ;
#1119 = DIRECTION ( 'NONE',  ( 0.000000000000000000, 0.000000000000000000, -1.000000000000000000 ) ) ;
#1120 = VERTEX_POINT ( 'NONE', #1931 ) ;
#1121 = CARTESIAN_POINT ( 'NONE',  ( 0.000000000000000000, -47.00000000000000000, 25.39999999999999858 ) ) ;
#1122 = VECTOR ( 'NONE', #2277, 1000.000000000000000 ) ;
#1123 = ORIENTED_EDGE ( 'NONE', *, *, #501, .T. ) ;
#1124 = CIRCLE ( 'NONE', #909, 1.474999999999997202 ) ;
#1125 = ORIENTED_EDGE ( 'NONE', *, *, #1616, .F. ) ;
#1126 = VERTEX_POINT ( 'NONE', #1904 ) ;
#1127 = CARTESIAN_POINT ( 'NONE',  ( 55.50000000000000000, -37.49999999999998579, 24.89999999999999858 ) ) ;
#1128 = AXIS2_PLACEMENT_3D ( 'NONE', #136, #2207, #1822 ) ;
#1129 = EDGE_CURVE ( 'NONE', #1232, #2134, #1640, .T. ) ;
#1130 = VERTEX_POINT ( 'NONE', #2322 ) ;
#1131 = DIRECTION ( 'NONE',  ( 8.673617379884035472E-17, -1.000000000000000000, 0.000000000000000000 ) ) ;
#1132 = ADVANCED_FACE ( 'NONE', ( #72 ), #2584, .F. ) ;
#1133 = LINE ( 'NONE', #2428, #1767 ) ;
#1134 = ORIENTED_EDGE ( 'NONE', *, *, #2260, .T. ) ;
#1135 = DIRECTION ( 'NONE',  ( 0.000000000000000000, 0.000000000000000000, 1.000000000000000000 ) ) ;
#1136 = DIRECTION ( 'NONE',  ( 0.000000000000000000, 1.000000000000000000, 0.000000000000000000 ) ) ;
#1137 = CYLINDRICAL_SURFACE ( 'NONE', #2201, 1.474999999999997202 ) ;
#1138 = UNCERTAINTY_MEASURE_WITH_UNIT (LENGTH_MEASURE( 1.000000000000000082E-05 ), #1364, 'distance_accuracy_value', 'NONE');
#1139 = MECHANICAL_DESIGN_GEOMETRIC_PRESENTATION_REPRESENTATION (  '', ( #1405 ), #2049 ) ;
#1140 = EDGE_LOOP ( 'NONE', ( #1596, #1897, #1756, #32 ) ) ;
#1141 = ORIENTED_EDGE ( 'NONE', *, *, #2059, .F. ) ;
#1142 = DIRECTION ( 'NONE',  ( 0.000000000000000000, 1.000000000000000000, 0.000000000000000000 ) ) ;
#1143 = VECTOR ( 'NONE', #1273, 1000.000000000000000 ) ;
#1144 = VERTEX_POINT ( 'NONE', #2574 ) ;
#1145 = CARTESIAN_POINT ( 'NONE',  ( -54.99999999999999289, -37.49999999999999289, 24.89999999999999858 ) ) ;
#1146 = EDGE_CURVE ( 'NONE', #681, #1933, #343, .T. ) ;
#1147 = FACE_BOUND ( 'NONE', #1687, .T. ) ;
#1148 = DIRECTION ( 'NONE',  ( 0.000000000000000000, 0.000000000000000000, -1.000000000000000000 ) ) ;
#1149 = EDGE_CURVE ( 'NONE', #2368, #1330, #2130, .T. ) ;
#1150 = VERTEX_POINT ( 'NONE', #1308 ) ;
#1151 = PLANE ( 'NONE',  #1621 ) ;
#1152 = DIRECTION ( 'NONE',  ( 0.000000000000000000, 1.000000000000000000, 0.000000000000000000 ) ) ;
#1153 = DIRECTION ( 'NONE',  ( 0.000000000000000000, 1.000000000000000000, 0.000000000000000000 ) ) ;
#1154 = ADVANCED_FACE ( 'NONE', ( #923 ), #1743, .F. ) ;
#1155 = DIRECTION ( 'NONE',  ( 0.000000000000000000, 1.000000000000000000, 0.000000000000000000 ) ) ;
#1156 = ORIENTED_EDGE ( 'NONE', *, *, #2190, .F. ) ;
#1157 = ORIENTED_EDGE ( 'NONE', *, *, #2654, .F. ) ;
#1158 = VECTOR ( 'NONE', #1035, 1000.000000000000000 ) ;
#1159 = EDGE_LOOP ( 'NONE', ( #825, #2380 ) ) ;
#1160 = EDGE_LOOP ( 'NONE', ( #1112, #673 ) ) ;
#1161 = DIRECTION ( 'NONE',  ( 0.000000000000000000, 0.000000000000000000, 1.000000000000000000 ) ) ;
#1162 = DIRECTION ( 'NONE',  ( 0.000000000000000000, -1.000000000000000000, 0.000000000000000000 ) ) ;
#1163 = CYLINDRICAL_SURFACE ( 'NONE', #1680, 1.474999999999997202 ) ;
#1164 = CIRCLE ( 'NONE', #73, 1.474999999999997202 ) ;
#1165 = ORIENTED_EDGE ( 'NONE', *, *, #1616, .T. ) ;
#1166 = CARTESIAN_POINT ( 'NONE',  ( -54.99999999999999289, -23.00000000000001776, 33.91387818865997161 ) ) ;
#1167 = DIRECTION ( 'NONE',  ( -0.000000000000000000, 0.000000000000000000, -1.000000000000000000 ) ) ;
#1168 = EDGE_CURVE ( 'NONE', #2349, #2368, #646, .T. ) ;
#1169 = CIRCLE ( 'NONE', #296, 1.474999999999997202 ) ;
#1170 = ORIENTED_EDGE ( 'NONE', *, *, #2522, .T. ) ;
#1171 = AXIS2_PLACEMENT_3D ( 'NONE', #52, #942, #271 ) ;
#1172 = DIRECTION ( 'NONE',  ( 0.000000000000000000, 1.000000000000000000, 0.000000000000000000 ) ) ;
#1173 = ORIENTED_EDGE ( 'NONE', *, *, #167, .F. ) ;
#1174 = DIRECTION ( 'NONE',  ( -0.000000000000000000, 0.000000000000000000, -1.000000000000000000 ) ) ;
#1175 = DIRECTION ( 'NONE',  ( 0.000000000000000000, 1.000000000000000000, 0.000000000000000000 ) ) ;
#1176 = AXIS2_PLACEMENT_3D ( 'NONE', #2389, #537, #2597 ) ;
#1177 = DIRECTION ( 'NONE',  ( 0.000000000000000000, 1.000000000000000000, 0.000000000000000000 ) ) ;
#1178 = FACE_BOUND ( 'NONE', #1375, .T. ) ;
#1179 = ORIENTED_EDGE ( 'NONE', *, *, #996, .T. ) ;
#1180 = CARTESIAN_POINT ( 'NONE',  ( 58.00000000000000000, -23.00000000000000711, 41.87056274847714832 ) ) ;
#1181 = CARTESIAN_POINT ( 'NONE',  ( -9.999999999999992895, -35.00000000000000000, 25.39999999999999858 ) ) ;
#1182 = CARTESIAN_POINT ( 'NONE',  ( 55.50000000000000000, -32.00000000000000711, 33.91387818865997161 ) ) ;
#1183 = LINE ( 'NONE', #2007, #627 ) ;
#1184 = EDGE_CURVE ( 'NONE', #243, #936, #2514, .T. ) ;
#1185 = CIRCLE ( 'NONE', #1046, 1.474999999999997202 ) ;
#1186 = VERTEX_POINT ( 'NONE', #1503 ) ;
#1187 = LINE ( 'NONE', #2035, #2236 ) ;
#1188 = EDGE_CURVE ( 'NONE', #2453, #792, #2337, .T. ) ;
#1189 = DIRECTION ( 'NONE',  ( 0.000000000000000000, -1.000000000000000000, 0.000000000000000000 ) ) ;
#1190 = ORIENTED_EDGE ( 'NONE', *, *, #1872, .T. ) ;
#1191 = DIRECTION ( 'NONE',  ( 0.000000000000000000, 0.000000000000000000, -1.000000000000000000 ) ) ;
#1192 = LINE ( 'NONE', #2608, #197 ) ;
#1193 = DIRECTION ( 'NONE',  ( 0.000000000000000000, 1.000000000000000000, 0.000000000000000000 ) ) ;
#1194 = CARTESIAN_POINT ( 'NONE',  ( -20.00000000000000711, -48.47499999999999432, 25.39999999999999858 ) ) ;
#1195 = FACE_OUTER_BOUND ( 'NONE', #2192, .T. ) ;
#1196 = FACE_BOUND ( 'NONE', #1312, .T. ) ;
#1197 = VERTEX_POINT ( 'NONE', #1948 ) ;
#1198 = EDGE_CURVE ( 'NONE', #1982, #659, #1752, .T. ) ;
#1199 = PRESENTATION_LAYER_ASSIGNMENT (  '', '', ( #1376 ) ) ;
#1200 = DIRECTION ( 'NONE',  ( -0.000000000000000000, 0.000000000000000000, -1.000000000000000000 ) ) ;
#1201 = ADVANCED_FACE ( 'NONE', ( #1916 ), #1727, .F. ) ;
#1202 = DIRECTION ( 'NONE',  ( 0.000000000000000000, -1.000000000000000000, 0.000000000000000000 ) ) ;
#1203 = CARTESIAN_POINT ( 'NONE',  ( -20.00000000000000711, -47.00000000000000000, 25.39999999999999858 ) ) ;
#1204 = CARTESIAN_POINT ( 'NONE',  ( -10.00000000000000711, -47.00000000000000000, 25.39999999999999858 ) ) ;
#1205 = ORIENTED_EDGE ( 'NONE', *, *, #1109, .T. ) ;
#1206 = VECTOR ( 'NONE', #2056, 1000.000000000000000 ) ;
#1207 = CLOSED_SHELL ( 'NONE', ( #2394, #461, #267, #2046, #930, #2539, #533, #513, #514, #882, #645, #265, #1334, #552, #498, #2555, #1415, #2524, #2129, #1972, #1132, #427, #1754, #630, #2328, #278, #1824, #2410 ) ) ;
#1208 = VERTEX_POINT ( 'NONE', #1521 ) ;
#1209 = VECTOR ( 'NONE', #704, 1000.000000000000114 ) ;
#1210 = ORIENTED_EDGE ( 'NONE', *, *, #1351, .T. ) ;
#1211 = CARTESIAN_POINT ( 'NONE',  ( 0.000000000000000000, -35.00000000000000000, 25.39999999999999858 ) ) ;
#1212 = EDGE_CURVE ( 'NONE', #1644, #1144, #2377, .T. ) ;
#1213 = EDGE_CURVE ( 'NONE', #2270, #2407, #1344, .T. ) ;
#1214 = DIRECTION ( 'NONE',  ( -0.000000000000000000, 0.000000000000000000, -1.000000000000000000 ) ) ;
#1215 = CARTESIAN_POINT ( 'NONE',  ( 40.00000000000000000, -45.52500000000000568, 25.39999999999999858 ) ) ;
#1216 = VECTOR ( 'NONE', #1867, 1000.000000000000000 ) ;
#1217 = LINE ( 'NONE', #2652, #1224 ) ;
#1218 = DIRECTION ( 'NONE',  ( 0.000000000000000000, 0.000000000000000000, -1.000000000000000000 ) ) ;
#1219 = EDGE_LOOP ( 'NONE', ( #699, #1536, #525, #2541 ) ) ;
#1220 = DIRECTION ( 'NONE',  ( -0.000000000000000000, 0.000000000000000000, -1.000000000000000000 ) ) ;
#1221 = EDGE_LOOP ( 'NONE', ( #1968, #1324, #503, #1705 ) ) ;
#1222 = EDGE_LOOP ( 'NONE', ( #176, #358, #1088, #1839 ) ) ;
#1223 = DIRECTION ( 'NONE',  ( -0.000000000000000000, 0.000000000000000000, -1.000000000000000000 ) ) ;
#1224 = VECTOR ( 'NONE', #1455, 1000.000000000000000 ) ;
#1225 = CARTESIAN_POINT ( 'NONE',  ( -54.99999999999999289, -37.24999999999999289, 25.39999999999999858 ) ) ;
#1226 = LINE ( 'NONE', #1655, #51 ) ;
#1227 = CARTESIAN_POINT ( 'NONE',  ( -19.99999999999999289, -35.00000000000000000, 25.39999999999999858 ) ) ;
#1228 = EDGE_CURVE ( 'NONE', #961, #2155, #518, .T. ) ;
#1229 = ORIENTED_EDGE ( 'NONE', *, *, #406, .F. ) ;
#1230 = EDGE_CURVE ( 'NONE', #1068, #232, #2561, .T. ) ;
#1231 = DIRECTION ( 'NONE',  ( -0.000000000000000000, 0.000000000000000000, -1.000000000000000000 ) ) ;
#1232 = VERTEX_POINT ( 'NONE', #2154 ) ;
#1233 = CYLINDRICAL_SURFACE ( 'NONE', #1360, 1.474999999999997202 ) ;
#1234 = EDGE_LOOP ( 'NONE', ( #1638, #555 ) ) ;
#1235 = AXIS2_PLACEMENT_3D ( 'NONE', #444, #1295, #2271 ) ;
#1236 = PLANE ( 'NONE',  #636 ) ;
#1237 = CARTESIAN_POINT ( 'NONE',  ( -54.99999999999999289, -32.00000000000001421, 24.89999999999999858 ) ) ;
#1238 = VECTOR ( 'NONE', #787, 1000.000000000000000 ) ;
#1239 = DIRECTION ( 'NONE',  ( 1.000000000000000000, 1.405126015541212484E-14, 0.000000000000000000 ) ) ;
#1240 = DIRECTION ( 'NONE',  ( 0.000000000000000000, -1.000000000000000000, 0.000000000000000000 ) ) ;
#1241 = DIRECTION ( 'NONE',  ( 0.000000000000000000, 0.000000000000000000, 1.000000000000000000 ) ) ;
#1242 = EDGE_LOOP ( 'NONE', ( #2614, #1157, #2586, #2480 ) ) ;
#1243 = EDGE_CURVE ( 'NONE', #1817, #2591, #37, .T. ) ;
#1244 = DIRECTION ( 'NONE',  ( -1.000000000000000000, -1.734723475976807094E-16, 0.000000000000000000 ) ) ;
#1245 = ORIENTED_EDGE ( 'NONE', *, *, #2379, .T. ) ;
#1246 = ADVANCED_FACE ( 'NONE', ( #987 ), #746, .F. ) ;
#1247 = AXIS2_PLACEMENT_3D ( 'NONE', #1624, #595, #2241 ) ;
#1248 = CIRCLE ( 'NONE', #249, 1.474999999999997202 ) ;
#1249 = VECTOR ( 'NONE', #1728, 1000.000000000000000 ) ;
#1250 = VECTOR ( 'NONE', #2470, 1000.000000000000000 ) ;
#1251 = DIRECTION ( 'NONE',  ( 0.000000000000000000, 1.000000000000000000, 0.000000000000000000 ) ) ;
#1252 = ORIENTED_EDGE ( 'NONE', *, *, #1059, .T. ) ;
#1253 = CARTESIAN_POINT ( 'NONE',  ( 30.00000000000000000, -36.47500000000000142, 25.39999999999999858 ) ) ;
#1254 = AXIS2_PLACEMENT_3D ( 'NONE', #960, #931, #1750 ) ;
#1255 = CARTESIAN_POINT ( 'NONE',  ( -10.00000000000000711, -47.00000000000000000, 0.000000000000000000 ) ) ;
#1256 = VECTOR ( 'NONE', #459, 1000.000000000000000 ) ;
#1257 = LINE ( 'NONE', #1614, #670 ) ;
#1258 = CARTESIAN_POINT ( 'NONE',  ( 10.00000000000000000, -47.00000000000000000, 25.39999999999999858 ) ) ;
#1259 = DIRECTION ( 'NONE',  ( 0.000000000000000000, 0.000000000000000000, 1.000000000000000000 ) ) ;
#1260 = CARTESIAN_POINT ( 'NONE',  ( -54.99999999999999289, -37.49999999999999289, 0.000000000000000000 ) ) ;
#1261 = EDGE_LOOP ( 'NONE', ( #1229, #629, #1527, #1719, #151 ) ) ;
#1262 = VECTOR ( 'NONE', #1579, 1000.000000000000000 ) ;
#1263 = LINE ( 'NONE', #1277, #1270 ) ;
#1264 = ORIENTED_EDGE ( 'NONE', *, *, #1078, .T. ) ;
#1265 = EDGE_CURVE ( 'NONE', #243, #961, #2233, .T. ) ;
#1266 = CARTESIAN_POINT ( 'NONE',  ( -55.00000000000000000, -49.00000000000000000, 1.399999999999998579 ) ) ;
#1267 = EDGE_CURVE ( 'NONE', #1093, #275, #1995, .T. ) ;
#1268 = VERTEX_POINT ( 'NONE', #157 ) ;
#1269 = DIRECTION ( 'NONE',  ( 0.000000000000000000, 0.000000000000000000, -1.000000000000000000 ) ) ;
#1270 = VECTOR ( 'NONE', #1476, 1000.000000000000000 ) ;
#1271 = LINE ( 'NONE', #388, #63 ) ;
#1272 = LINE ( 'NONE', #2094, #213 ) ;
#1273 = DIRECTION ( 'NONE',  ( -0.000000000000000000, 0.000000000000000000, -1.000000000000000000 ) ) ;
#1274 = CARTESIAN_POINT ( 'NONE',  ( -4.999999999999991118, -37.49999999999999289, 0.000000000000000000 ) ) ;
#1275 = DIRECTION ( 'NONE',  ( 0.000000000000000000, 0.000000000000000000, -1.000000000000000000 ) ) ;
#1276 = ORIENTED_EDGE ( 'NONE', *, *, #1431, .F. ) ;
#1277 = CARTESIAN_POINT ( 'NONE',  ( -19.99999999999999289, -33.52500000000000568, 25.39999999999999858 ) ) ;
#1278 = ORIENTED_EDGE ( 'NONE', *, *, #691, .F. ) ;
#1279 = CARTESIAN_POINT ( 'NONE',  ( -55.49999999999999289, -37.49999999999999289, 42.66267650163204195 ) ) ;
#1280 = ORIENTED_EDGE ( 'NONE', *, *, #968, .T. ) ;
#1281 = FACE_OUTER_BOUND ( 'NONE', #761, .T. ) ;
#1282 = ADVANCED_FACE ( 'NONE', ( #1593 ), #1812, .F. ) ;
#1283 = EDGE_LOOP ( 'NONE', ( #2093, #1618, #2098, #1786 ) ) ;
#1284 = LINE ( 'NONE', #1860, #1394 ) ;
#1285 = EDGE_CURVE ( 'NONE', #1796, #2458, #2640, .T. ) ;
#1286 = DIRECTION ( 'NONE',  ( -0.000000000000000000, 0.000000000000000000, -1.000000000000000000 ) ) ;
#1287 = AXIS2_PLACEMENT_3D ( 'NONE', #622, #221, #1873 ) ;
#1288 = DIRECTION ( 'NONE',  ( 0.000000000000000000, 0.000000000000000000, 1.000000000000000000 ) ) ;
#1289 = ORIENTED_EDGE ( 'NONE', *, *, #2177, .T. ) ;
#1290 = CARTESIAN_POINT ( 'NONE',  ( -39.99999999999999289, -35.00000000000000711, 25.39999999999999858 ) ) ;
#1291 = ORIENTED_EDGE ( 'NONE', *, *, #2091, .F. ) ;
#1292 = ORIENTED_EDGE ( 'NONE', *, *, #1057, .T. ) ;
#1293 = DIRECTION ( 'NONE',  ( 0.000000000000000000, 1.000000000000000000, 0.000000000000000000 ) ) ;
#1294 = EDGE_LOOP ( 'NONE', ( #408, #1309, #2256, #571 ) ) ;
#1295 = DIRECTION ( 'NONE',  ( 0.000000000000000000, 0.000000000000000000, -1.000000000000000000 ) ) ;
#1296 = CIRCLE ( 'NONE', #2676, 1.474999999999997202 ) ;
#1297 = AXIS2_PLACEMENT_3D ( 'NONE', #2585, #2390, #2641 ) ;
#1298 = EDGE_LOOP ( 'NONE', ( #257, #1386, #41, #2495 ) ) ;
#1299 = CARTESIAN_POINT ( 'NONE',  ( 30.00000000000000000, -35.00000000000000000, 0.000000000000000000 ) ) ;
#1300 = EDGE_CURVE ( 'NONE', #1644, #1815, #733, .T. ) ;
#1301 = VECTOR ( 'NONE', #1223, 1000.000000000000000 ) ;
#1302 = CARTESIAN_POINT ( 'NONE',  ( 55.00000000000000000, -23.00000000000000711, 24.89999999999999858 ) ) ;
#1303 = EDGE_CURVE ( 'NONE', #2510, #792, #776, .T. ) ;
#1304 = FACE_BOUND ( 'NONE', #1494, .T. ) ;
#1305 = AXIS2_PLACEMENT_3D ( 'NONE', #1452, #2304, #417 ) ;
#1306 = CARTESIAN_POINT ( 'NONE',  ( 50.00000000000000000, -36.47500000000000142, 25.39999999999999858 ) ) ;
#1307 = ORIENTED_EDGE ( 'NONE', *, *, #1188, .T. ) ;
#1308 = CARTESIAN_POINT ( 'NONE',  ( 70.00000000000000000, -39.99999999999998579, 0.000000000000000000 ) ) ;
#1309 = ORIENTED_EDGE ( 'NONE', *, *, #359, .T. ) ;
#1310 = AXIS2_PLACEMENT_3D ( 'NONE', #667, #879, #264 ) ;
#1311 = DIRECTION ( 'NONE',  ( 0.000000000000000000, 1.000000000000000000, 0.000000000000000000 ) ) ;
#1312 = EDGE_LOOP ( 'NONE', ( #49, #161 ) ) ;
#1313 = VERTEX_POINT ( 'NONE', #1797 ) ;
#1314 = LINE ( 'NONE', #1145, #901 ) ;
#1315 = DIRECTION ( 'NONE',  ( 8.673617379884035472E-17, -1.000000000000000000, 0.000000000000000000 ) ) ;
#1316 = DIRECTION ( 'NONE',  ( 1.000000000000000000, 0.000000000000000000, 0.000000000000000000 ) ) ;
#1317 = ORIENTED_EDGE ( 'NONE', *, *, #779, .F. ) ;
#1318 = DIRECTION ( 'NONE',  ( 0.000000000000000000, 0.000000000000000000, -1.000000000000000000 ) ) ;
#1319 = EDGE_CURVE ( 'NONE', #2507, #2061, #302, .T. ) ;
#1320 = CARTESIAN_POINT ( 'NONE',  ( -30.00000000000000711, -45.52500000000001279, 0.000000000000000000 ) ) ;
#1321 = EDGE_CURVE ( 'NONE', #2453, #2341, #175, .T. ) ;
#1322 = VERTEX_POINT ( 'NONE', #1357 ) ;
#1323 = CARTESIAN_POINT ( 'NONE',  ( 70.00000000000000000, -35.00000000000000711, 24.89999999999999858 ) ) ;
#1324 = ORIENTED_EDGE ( 'NONE', *, *, #2257, .T. ) ;
#1325 = ORIENTED_EDGE ( 'NONE', *, *, #2195, .T. ) ;
#1326 = DIRECTION ( 'NONE',  ( -0.000000000000000000, 0.000000000000000000, -1.000000000000000000 ) ) ;
#1327 = DIRECTION ( 'NONE',  ( 0.000000000000000000, 0.000000000000000000, -1.000000000000000000 ) ) ;
#1328 = CARTESIAN_POINT ( 'NONE',  ( -54.99999999999999289, -37.24999999999999289, 0.000000000000000000 ) ) ;
#1329 = LINE ( 'NONE', #2167, #252 ) ;
#1330 = VERTEX_POINT ( 'NONE', #974 ) ;
#1331 = DIRECTION ( 'NONE',  ( 0.000000000000000000, 0.000000000000000000, -1.000000000000000000 ) ) ;
#1332 = CIRCLE ( 'NONE', #2496, 1.474999999999997202 ) ;
#1333 = DIRECTION ( 'NONE',  ( -0.000000000000000000, 0.000000000000000000, -1.000000000000000000 ) ) ;
#1334 = ADVANCED_FACE ( 'NONE', ( #566 ), #1401, .F. ) ;
#1335 = ORIENTED_EDGE ( 'NONE', *, *, #348, .T. ) ;
#1336 = ORIENTED_EDGE ( 'NONE', *, *, #1146, .T. ) ;
#1337 = CARTESIAN_POINT ( 'NONE',  ( 40.00000000000000000, -45.52500000000000568, 0.000000000000000000 ) ) ;
#1338 = VERTEX_POINT ( 'NONE', #2030 ) ;
#1339 = CARTESIAN_POINT ( 'NONE',  ( -29.99999999999999289, -36.47500000000000853, 0.000000000000000000 ) ) ;
#1340 = AXIS2_PLACEMENT_3D ( 'NONE', #1682, #2319, #2593 ) ;
#1341 = AXIS2_PLACEMENT_3D ( 'NONE', #58, #2170, #94 ) ;
#1342 = DIRECTION ( 'NONE',  ( 1.405126015541212484E-14, -1.000000000000000000, 0.000000000000000000 ) ) ;
#1343 = ORIENTED_EDGE ( 'NONE', *, *, #2364, .T. ) ;
#1344 = LINE ( 'NONE', #93, #1475 ) ;
#1345 = VECTOR ( 'NONE', #1275, 1000.000000000000000 ) ;
#1346 = DIRECTION ( 'NONE',  ( 0.000000000000000000, 1.000000000000000000, 0.000000000000000000 ) ) ;
#1347 = ORIENTED_EDGE ( 'NONE', *, *, #2587, .T. ) ;
#1348 = EDGE_CURVE ( 'NONE', #659, #401, #2039, .T. ) ;
#1349 = DIRECTION ( 'NONE',  ( 0.000000000000000000, 1.000000000000000000, 0.000000000000000000 ) ) ;
#1350 = AXIS2_PLACEMENT_3D ( 'NONE', #1604, #2430, #1373 ) ;
#1351 = EDGE_CURVE ( 'NONE', #2225, #387, #2540, .T. ) ;
#1352 = ORIENTED_EDGE ( 'NONE', *, *, #721, .F. ) ;
#1353 = FACE_OUTER_BOUND ( 'NONE', #215, .T. ) ;
#1354 = DIRECTION ( 'NONE',  ( 1.000000000000000000, 8.673617379884035472E-17, 0.000000000000000000 ) ) ;
#1355 = LINE ( 'NONE', #2348, #512 ) ;
#1356 = EDGE_LOOP ( 'NONE', ( #2326, #837 ) ) ;
#1357 = CARTESIAN_POINT ( 'NONE',  ( -49.99999999999999289, -36.47500000000000853, 0.000000000000000000 ) ) ;
#1358 = DIRECTION ( 'NONE',  ( 1.000000000000000000, 1.734723475976807094E-16, 0.000000000000000000 ) ) ;
#1359 = CYLINDRICAL_SURFACE ( 'NONE', #1592, 1.474999999999997202 ) ;
#1360 = AXIS2_PLACEMENT_3D ( 'NONE', #190, #2482, #231 ) ;
#1361 = ORIENTED_EDGE ( 'NONE', *, *, #66, .T. ) ;
#1362 = ORIENTED_EDGE ( 'NONE', *, *, #2535, .F. ) ;
#1364 =( LENGTH_UNIT ( ) NAMED_UNIT ( * ) SI_UNIT ( .MILLI., .METRE. ) );
#1363 = CARTESIAN_POINT ( 'NONE',  ( 55.50000000000000000, -37.49999999999998579, 24.89999999999999858 ) ) ;
#1365 = AXIS2_PLACEMENT_3D ( 'NONE', #1424, #2476, #2249 ) ;
#1366 = ORIENTED_EDGE ( 'NONE', *, *, #186, .T. ) ;
#1367 = DIRECTION ( 'NONE',  ( 0.000000000000000000, 0.000000000000000000, -1.000000000000000000 ) ) ;
#1368 = FACE_BOUND ( 'NONE', #1393, .T. ) ;
#1369 = ADVANCED_FACE ( 'NONE', ( #319 ), #2180, .F. ) ;
#1370 = DIRECTION ( 'NONE',  ( 0.000000000000000000, 1.000000000000000000, 0.000000000000000000 ) ) ;
#1371 = ORIENTED_EDGE ( 'NONE', *, *, #2379, .F. ) ;
#1372 = LINE ( 'NONE', #564, #454 ) ;
#1373 = DIRECTION ( 'NONE',  ( 0.000000000000000000, 1.000000000000000000, 0.000000000000000000 ) ) ;
#1374 = FACE_BOUND ( 'NONE', #1234, .T. ) ;
#1375 = EDGE_LOOP ( 'NONE', ( #1543, #2013 ) ) ;
#1376 = STYLED_ITEM ( 'NONE', ( #2317 ), #1597 ) ;
#1377 = EDGE_LOOP ( 'NONE', ( #357, #1170, #2521, #2111 ) ) ;
#1378 = AXIS2_PLACEMENT_3D ( 'NONE', #1833, #2463, #2650 ) ;
#1379 = ORIENTED_EDGE ( 'NONE', *, *, #2397, .T. ) ;
#1380 = FACE_BOUND ( 'NONE', #2065, .T. ) ;
#1381 = ADVANCED_FACE ( 'NONE', ( #1195 ), #368, .F. ) ;
#1382 = CARTESIAN_POINT ( 'NONE',  ( 50.00000000000000000, -35.00000000000000000, 25.39999999999999858 ) ) ;
#1383 = DIRECTION ( 'NONE',  ( 0.000000000000000000, 1.000000000000000000, 0.000000000000000000 ) ) ;
#1384 = DIRECTION ( 'NONE',  ( 0.000000000000000000, 0.000000000000000000, -1.000000000000000000 ) ) ;
#1385 = AXIS2_PLACEMENT_3D ( 'NONE', #2607, #1791, #739 ) ;
#1386 = ORIENTED_EDGE ( 'NONE', *, *, #2509, .F. ) ;
#1387 = CARTESIAN_POINT ( 'NONE',  ( -49.99999999999999289, -35.00000000000000711, 0.000000000000000000 ) ) ;
#1388 = AXIS2_PLACEMENT_3D ( 'NONE', #2599, #1019, #841 ) ;
#1389 = DIRECTION ( 'NONE',  ( 1.734723475976807094E-16, -1.000000000000000000, 0.000000000000000000 ) ) ;
#1390 = CYLINDRICAL_SURFACE ( 'NONE', #250, 1.474999999999997202 ) ;
#1391 = ORIENTED_EDGE ( 'NONE', *, *, #1637, .F. ) ;
#1392 = CIRCLE ( 'NONE', #2299, 1.474999999999997202 ) ;
#1393 = EDGE_LOOP ( 'NONE', ( #1352, #695 ) ) ;
#1394 = VECTOR ( 'NONE', #433, 1000.000000000000000 ) ;
#1395 = DIRECTION ( 'NONE',  ( 0.000000000000000000, 1.000000000000000000, 0.000000000000000000 ) ) ;
#1396 = CARTESIAN_POINT ( 'NONE',  ( 54.99999999999999289, -48.99999999999999289, 1.399999999999998579 ) ) ;
#1397 = APPLICATION_PROTOCOL_DEFINITION ( 'draft international standard', 'automotive_design', 1998, #16 ) ;
#1398 = VECTOR ( 'NONE', #1331, 1000.000000000000000 ) ;
#1399 = DIRECTION ( 'NONE',  ( 0.000000000000000000, 1.000000000000000000, 0.000000000000000000 ) ) ;
#1400 = CARTESIAN_POINT ( 'NONE',  ( 30.00000000000000000, -45.52500000000000568, 25.39999999999999858 ) ) ;
#1401 = CYLINDRICAL_SURFACE ( 'NONE', #135, 1.474999999999997202 ) ;
#1402 = DIRECTION ( 'NONE',  ( 0.7071067811865474617, 0.7071067811865476838, 0.000000000000000000 ) ) ;
#1403 = VERTEX_POINT ( 'NONE', #1784 ) ;
#1404 = EDGE_CURVE ( 'NONE', #244, #1967, #344, .T. ) ;
#1405 = STYLED_ITEM ( 'NONE', ( #562 ), #783 ) ;
#1406 = ORIENTED_EDGE ( 'NONE', *, *, #626, .T. ) ;
#1407 = EDGE_CURVE ( 'NONE', #1039, #938, #1500, .T. ) ;
#1408 = EDGE_LOOP ( 'NONE', ( #1165, #862 ) ) ;
#1409 = DIRECTION ( 'NONE',  ( 0.000000000000000000, 1.000000000000000000, 0.000000000000000000 ) ) ;
#1410 = LINE ( 'NONE', #1966, #2293 ) ;
#1411 = CARTESIAN_POINT ( 'NONE',  ( 30.00000000000000000, -36.47500000000000142, 0.000000000000000000 ) ) ;
#1412 = DIRECTION ( 'NONE',  ( 0.000000000000000000, 0.000000000000000000, -1.000000000000000000 ) ) ;
#1413 = CARTESIAN_POINT ( 'NONE',  ( 54.99999999999999289, -41.99999999999998579, 0.000000000000000000 ) ) ;
#1414 = EDGE_LOOP ( 'NONE', ( #526, #1940 ) ) ;
#1415 = ADVANCED_FACE ( 'NONE', ( #462 ), #1098, .F. ) ;
#1416 = DIRECTION ( 'NONE',  ( 0.000000000000000000, 0.000000000000000000, 1.000000000000000000 ) ) ;
#1417 = EDGE_CURVE ( 'NONE', #2537, #1999, #134, .T. ) ;
#1418 = VECTOR ( 'NONE', #282, 1000.000000000000000 ) ;
#1419 = EDGE_LOOP ( 'NONE', ( #549, #1466, #991, #1025 ) ) ;
#1420 = FACE_OUTER_BOUND ( 'NONE', #1261, .T. ) ;
#1421 = CARTESIAN_POINT ( 'NONE',  ( 0.000000000000000000, -33.52500000000000568, 25.39999999999999858 ) ) ;
#1422 = DIRECTION ( 'NONE',  ( -8.673617379884035472E-17, 1.000000000000000000, -0.000000000000000000 ) ) ;
#1423 = CARTESIAN_POINT ( 'NONE',  ( -9.999999999999992895, -35.00000000000000000, 25.39999999999999858 ) ) ;
#1424 = CARTESIAN_POINT ( 'NONE',  ( 40.00000000000000000, -35.00000000000000000, 0.000000000000000000 ) ) ;
#1425 = DIRECTION ( 'NONE',  ( -0.000000000000000000, 0.000000000000000000, -1.000000000000000000 ) ) ;
#1426 = ORIENTED_EDGE ( 'NONE', *, *, #2397, .F. ) ;
#1427 = EDGE_LOOP ( 'NONE', ( #541, #1759 ) ) ;
#1428 = VECTOR ( 'NONE', #1954, 1000.000000000000000 ) ;
#1429 = EDGE_LOOP ( 'NONE', ( #569, #1566, #1889, #815 ) ) ;
#1430 = DIRECTION ( 'NONE',  ( 0.000000000000000000, 1.000000000000000000, 0.000000000000000000 ) ) ;
#1431 = EDGE_CURVE ( 'NONE', #2225, #263, #2016, .T. ) ;
#1432 = DIRECTION ( 'NONE',  ( -0.000000000000000000, 0.000000000000000000, -1.000000000000000000 ) ) ;
#1433 = DIRECTION ( 'NONE',  ( 0.000000000000000000, 0.000000000000000000, 1.000000000000000000 ) ) ;
#1434 = ADVANCED_FACE ( 'NONE', ( #156 ), #1151, .F. ) ;
#1435 = LINE ( 'NONE', #845, #189 ) ;
#1436 = CARTESIAN_POINT ( 'NONE',  ( 1.806354028742346048E-16, -36.47500000000000142, 25.39999999999999858 ) ) ;
#1437 = ORIENTED_EDGE ( 'NONE', *, *, #1961, .F. ) ;
#1438 = CARTESIAN_POINT ( 'NONE',  ( 40.00000000000000000, -36.47500000000000142, 25.39999999999999858 ) ) ;
#1439 = ORIENTED_EDGE ( 'NONE', *, *, #2643, .F. ) ;
#1440 = EDGE_LOOP ( 'NONE', ( #1879, #570 ) ) ;
#1441 = CARTESIAN_POINT ( 'NONE',  ( -40.00000000000000711, -47.00000000000000711, 0.000000000000000000 ) ) ;
#1442 = EDGE_CURVE ( 'NONE', #1671, #1775, #1928, .T. ) ;
#1443 = DIRECTION ( 'NONE',  ( 0.000000000000000000, 1.000000000000000000, 0.000000000000000000 ) ) ;
#1444 = DIRECTION ( 'NONE',  ( 0.000000000000000000, 1.000000000000000000, 0.000000000000000000 ) ) ;
#1445 = EDGE_CURVE ( 'NONE', #1126, #2507, #1372, .T. ) ;
#1446 = EDGE_LOOP ( 'NONE', ( #1525, #605, #468, #2297 ) ) ;
#1447 = CARTESIAN_POINT ( 'NONE',  ( -54.99999999999999289, -39.99999999999998579, 0.000000000000000000 ) ) ;
#1448 = ORIENTED_EDGE ( 'NONE', *, *, #1495, .F. ) ;
#1449 = EDGE_LOOP ( 'NONE', ( #653, #1658 ) ) ;
#1450 = CARTESIAN_POINT ( 'NONE',  ( 20.00000000000000000, -35.00000000000000000, 25.39999999999999858 ) ) ;
#1451 = VECTOR ( 'NONE', #2162, 1000.000000000000000 ) ;
#1452 = CARTESIAN_POINT ( 'NONE',  ( 0.000000000000000000, 0.000000000000000000, 24.89999999999999858 ) ) ;
#1453 = AXIS2_PLACEMENT_3D ( 'NONE', #130, #1779, #1175 ) ;
#1454 = DIRECTION ( 'NONE',  ( 0.000000000000000000, 1.000000000000000000, 0.000000000000000000 ) ) ;
#1455 = DIRECTION ( 'NONE',  ( 0.000000000000000000, 0.000000000000000000, -1.000000000000000000 ) ) ;
#1456 = LINE ( 'NONE', #2290, #1764 ) ;
#1457 = EDGE_CURVE ( 'NONE', #2251, #1144, #1783, .T. ) ;
#1458 = LINE ( 'NONE', #225, #768 ) ;
#1459 = VERTEX_POINT ( 'NONE', #1225 ) ;
#1460 = CARTESIAN_POINT ( 'NONE',  ( 55.00000000000000000, -23.00000000000000711, 33.91387818865997161 ) ) ;
#1461 = EDGE_CURVE ( 'NONE', #2228, #1933, #2029, .T. ) ;
#1462 = ORIENTED_EDGE ( 'NONE', *, *, #721, .T. ) ;
#1463 = CIRCLE ( 'NONE', #1247, 1.474999999999997202 ) ;
#1464 = VECTOR ( 'NONE', #301, 1000.000000000000114 ) ;
#1465 = SURFACE_STYLE_FILL_AREA ( #618 ) ;
#1466 = ORIENTED_EDGE ( 'NONE', *, *, #1445, .T. ) ;
#1467 = SURFACE_STYLE_USAGE ( .BOTH. , #203 ) ;
#1468 = AXIS2_PLACEMENT_3D ( 'NONE', #1486, #1501, #2335 ) ;
#1469 = CARTESIAN_POINT ( 'NONE',  ( -29.99999999999999289, -33.52500000000001279, 25.39999999999999858 ) ) ;
#1470 = FACE_OUTER_BOUND ( 'NONE', #878, .T. ) ;
#1471 = DIRECTION ( 'NONE',  ( 0.000000000000000000, 0.000000000000000000, -1.000000000000000000 ) ) ;
#1472 = DIRECTION ( 'NONE',  ( 1.000000000000000000, 3.469446951953614189E-17, 0.000000000000000000 ) ) ;
#1473 = CARTESIAN_POINT ( 'NONE',  ( -29.99999999999999289, -33.52500000000001279, 0.000000000000000000 ) ) ;
#1474 = ORIENTED_EDGE ( 'NONE', *, *, #1853, .F. ) ;
#1475 = VECTOR ( 'NONE', #2363, 1000.000000000000000 ) ;
#1476 = DIRECTION ( 'NONE',  ( 0.000000000000000000, 0.000000000000000000, -1.000000000000000000 ) ) ;
#1477 = ORIENTED_EDGE ( 'NONE', *, *, #219, .T. ) ;
#1478 = EDGE_CURVE ( 'NONE', #1126, #1782, #2283, .T. ) ;
#1479 = EDGE_CURVE ( 'NONE', #1079, #965, #803, .T. ) ;
#1480 = CARTESIAN_POINT ( 'NONE',  ( -39.99999999999999289, -33.52500000000001279, 0.000000000000000000 ) ) ;
#1481 = ORIENTED_EDGE ( 'NONE', *, *, #1853, .T. ) ;
#1482 = CIRCLE ( 'NONE', #1691, 1.474999999999997202 ) ;
#1483 = CARTESIAN_POINT ( 'NONE',  ( -54.99999999999999289, -23.00000000000001776, 0.000000000000000000 ) ) ;
#1484 = CARTESIAN_POINT ( 'NONE',  ( -40.00000000000000711, -48.47500000000000142, 25.39999999999999858 ) ) ;
#1485 = CYLINDRICAL_SURFACE ( 'NONE', #2382, 1.474999999999997202 ) ;
#1486 = CARTESIAN_POINT ( 'NONE',  ( -55.00000000000000000, -41.99999999999999289, 25.39999999999999858 ) ) ;
#1487 = EDGE_LOOP ( 'NONE', ( #92, #6, #2414, #2660 ) ) ;
#1488 = AXIS2_PLACEMENT_3D ( 'NONE', #586, #1471, #1443 ) ;
#1489 = PLANE ( 'NONE',  #2646 ) ;
#1490 = VERTEX_POINT ( 'NONE', #1861 ) ;
#1491 = ORIENTED_EDGE ( 'NONE', *, *, #596, .T. ) ;
#1492 = EDGE_CURVE ( 'NONE', #588, #1554, #1009, .T. ) ;
#1493 = CARTESIAN_POINT ( 'NONE',  ( -39.99999999999999289, -35.00000000000000711, 0.000000000000000000 ) ) ;
#1494 = EDGE_LOOP ( 'NONE', ( #1690, #133 ) ) ;
#1495 = EDGE_CURVE ( 'NONE', #1982, #1856, #1979, .T. ) ;
#1496 = ORIENTED_EDGE ( 'NONE', *, *, #2643, .T. ) ;
#1497 = FACE_OUTER_BOUND ( 'NONE', #1591, .T. ) ;
#1498 = CIRCLE ( 'NONE', #668, 1.474999999999997202 ) ;
#1499 = CARTESIAN_POINT ( 'NONE',  ( 0.000000000000000000, -45.52500000000000568, 0.000000000000000000 ) ) ;
#1500 = CIRCLE ( 'NONE', #2194, 1.474999999999997202 ) ;
#1501 = DIRECTION ( 'NONE',  ( 1.000000000000000000, 8.673617379884035472E-17, 0.000000000000000000 ) ) ;
#1502 = ORIENTED_EDGE ( 'NONE', *, *, #2076, .T. ) ;
#1503 = CARTESIAN_POINT ( 'NONE',  ( 40.00000000000000000, -36.47500000000000142, 0.000000000000000000 ) ) ;
#1504 = ORIENTED_EDGE ( 'NONE', *, *, #1887, .T. ) ;
#1505 = ORIENTED_EDGE ( 'NONE', *, *, #378, .F. ) ;
#1506 = AXIS2_PLACEMENT_3D ( 'NONE', #2037, #1191, #1409 ) ;
#1507 = CARTESIAN_POINT ( 'NONE',  ( 10.00000000000000000, -36.47500000000000142, 25.39999999999999858 ) ) ;
#1508 = ORIENTED_EDGE ( 'NONE', *, *, #812, .F. ) ;
#1509 = VECTOR ( 'NONE', #394, 1000.000000000000000 ) ;
#1510 = CARTESIAN_POINT ( 'NONE',  ( 1.806354028742346048E-16, -48.47499999999999432, 25.39999999999999858 ) ) ;
#1511 = VECTOR ( 'NONE', #26, 1000.000000000000000 ) ;
#1512 = ADVANCED_FACE ( 'NONE', ( #392 ), #611, .F. ) ;
#1513 = CARTESIAN_POINT ( 'NONE',  ( 40.00000000000000000, -47.00000000000000000, 25.39999999999999858 ) ) ;
#1514 = FACE_OUTER_BOUND ( 'NONE', #251, .T. ) ;
#1515 = APPLICATION_CONTEXT ( 'automotive_design' ) ;
#1516 = FACE_BOUND ( 'NONE', #35, .T. ) ;
#1517 = VECTOR ( 'NONE', #1097, 1000.000000000000000 ) ;
#1518 = ADVANCED_FACE ( 'NONE', ( #1627 ), #624, .F. ) ;
#1519 = DIRECTION ( 'NONE',  ( 0.000000000000000000, 0.000000000000000000, -1.000000000000000000 ) ) ;
#1520 = ORIENTED_EDGE ( 'NONE', *, *, #2522, .F. ) ;
#1521 = CARTESIAN_POINT ( 'NONE',  ( -50.00000000000000711, -48.47500000000000142, 0.000000000000000000 ) ) ;
#1522 = CARTESIAN_POINT ( 'NONE',  ( -40.00000000000000711, -47.00000000000000711, 0.000000000000000000 ) ) ;
#1523 = DIRECTION ( 'NONE',  ( 0.000000000000000000, 0.000000000000000000, 1.000000000000000000 ) ) ;
#1524 = VECTOR ( 'NONE', #1645, 1000.000000000000000 ) ;
#1525 = ORIENTED_EDGE ( 'NONE', *, *, #2473, .F. ) ;
#1526 = CARTESIAN_POINT ( 'NONE',  ( 55.50000000000000000, -37.49999999999998579, 0.000000000000000000 ) ) ;
#1527 = ORIENTED_EDGE ( 'NONE', *, *, #966, .F. ) ;
#1528 = CYLINDRICAL_SURFACE ( 'NONE', #2291, 1.474999999999997202 ) ;
#1529 = VECTOR ( 'NONE', #839, 1000.000000000000000 ) ;
#1530 = PLANE ( 'NONE',  #1115 ) ;
#1531 = EDGE_CURVE ( 'NONE', #593, #1403, #1257, .T. ) ;
#1532 = DIRECTION ( 'NONE',  ( 1.000000000000000000, 0.000000000000000000, 0.000000000000000000 ) ) ;
#1533 = ORIENTED_EDGE ( 'NONE', *, *, #2298, .T. ) ;
#1534 = DIRECTION ( 'NONE',  ( -1.387778780781444413E-14, -1.000000000000000000, 0.000000000000000000 ) ) ;
#1535 = FACE_OUTER_BOUND ( 'NONE', #1219, .T. ) ;
#1536 = ORIENTED_EDGE ( 'NONE', *, *, #2685, .F. ) ;
#1537 = ORIENTED_EDGE ( 'NONE', *, *, #2163, .F. ) ;
#1538 = DIRECTION ( 'NONE',  ( -0.000000000000000000, 0.000000000000000000, -1.000000000000000000 ) ) ;
#1539 = ORIENTED_EDGE ( 'NONE', *, *, #844, .T. ) ;
#1540 = DIRECTION ( 'NONE',  ( 1.000000000000000000, 1.734723475976807094E-16, 0.000000000000000000 ) ) ;
#1541 = CARTESIAN_POINT ( 'NONE',  ( 30.00000000000000000, -47.00000000000000000, 25.39999999999999858 ) ) ;
#1542 = DIRECTION ( 'NONE',  ( -0.000000000000000000, 0.000000000000000000, -1.000000000000000000 ) ) ;
#1543 = ORIENTED_EDGE ( 'NONE', *, *, #1606, .F. ) ;
#1544 = EDGE_CURVE ( 'NONE', #450, #489, #1021, .T. ) ;
#1545 = DIRECTION ( 'NONE',  ( -0.000000000000000000, 0.000000000000000000, -1.000000000000000000 ) ) ;
#1546 = CYLINDRICAL_SURFACE ( 'NONE', #1388, 1.474999999999997202 ) ;
#1547 = EDGE_CURVE ( 'NONE', #2255, #1741, #1192, .T. ) ;
#1548 = ORIENTED_EDGE ( 'NONE', *, *, #1089, .T. ) ;
#1549 = EDGE_LOOP ( 'NONE', ( #790, #1371 ) ) ;
#1550 = CYLINDRICAL_SURFACE ( 'NONE', #1810, 1.474999999999997202 ) ;
#1551 = CIRCLE ( 'NONE', #855, 1.474999999999997202 ) ;
#1552 = CARTESIAN_POINT ( 'NONE',  ( -55.00000000000000000, 40.00000000000000711, 25.39999999999999858 ) ) ;
#1553 = FACE_OUTER_BOUND ( 'NONE', #2285, .T. ) ;
#1554 = VERTEX_POINT ( 'NONE', #1806 ) ;
#1555 = DIRECTION ( 'NONE',  ( 0.000000000000000000, 0.000000000000000000, 1.000000000000000000 ) ) ;
#1556 = DIRECTION ( 'NONE',  ( 0.000000000000000000, 0.000000000000000000, -1.000000000000000000 ) ) ;
#1557 = CIRCLE ( 'NONE', #1254, 1.474999999999997202 ) ;
#1558 = VERTEX_POINT ( 'NONE', #1586 ) ;
#1559 = EDGE_CURVE ( 'NONE', #1815, #719, #532, .T. ) ;
#1560 = AXIS2_PLACEMENT_3D ( 'NONE', #147, #2005, #1989 ) ;
#1561 = ADVANCED_FACE ( 'NONE', ( #164, #543, #1612, #327, #1564, #178, #1368, #2014, #959, #152, #1380, #2230 ), #351, .F. ) ;
#1562 = ORIENTED_EDGE ( 'NONE', *, *, #299, .F. ) ;
#1563 = DIRECTION ( 'NONE',  ( 0.000000000000000000, 1.000000000000000000, 0.000000000000000000 ) ) ;
#1564 = FACE_BOUND ( 'NONE', #2143, .T. ) ;
#1565 = CARTESIAN_POINT ( 'NONE',  ( 58.00000000000000000, -23.00000000000000711, 42.66267650163204195 ) ) ;
#1566 = ORIENTED_EDGE ( 'NONE', *, *, #2059, .T. ) ;
#1567 = DIRECTION ( 'NONE',  ( 0.000000000000000000, 0.000000000000000000, -1.000000000000000000 ) ) ;
#1568 = FACE_OUTER_BOUND ( 'NONE', #2321, .T. ) ;
#1569 = COLOUR_RGB ( '',0.7921568627450980005, 0.8196078431372548767, 0.9333333333333333481 ) ;
#1570 = ORIENTED_EDGE ( 'NONE', *, *, #2298, .F. ) ;
#1571 = ORIENTED_EDGE ( 'NONE', *, *, #1957, .T. ) ;
#1572 = VECTOR ( 'NONE', #2359, 1000.000000000000000 ) ;
#1573 = EDGE_CURVE ( 'NONE', #275, #1093, #65, .T. ) ;
#1574 = ORIENTED_EDGE ( 'NONE', *, *, #2279, .T. ) ;
#1575 = CARTESIAN_POINT ( 'NONE',  ( -10.00000000000000711, -48.47499999999999432, 0.000000000000000000 ) ) ;
#1576 = EDGE_CURVE ( 'NONE', #2591, #1817, #285, .T. ) ;
#1577 = LINE ( 'NONE', #1820, #953 ) ;
#1578 = VERTEX_POINT ( 'NONE', #1818 ) ;
#1579 = DIRECTION ( 'NONE',  ( 0.000000000000000000, 0.000000000000000000, -1.000000000000000000 ) ) ;
#1580 = CARTESIAN_POINT ( 'NONE',  ( 40.00000000000000000, -33.52500000000000568, 25.39999999999999858 ) ) ;
#1581 = VERTEX_POINT ( 'NONE', #1575 ) ;
#1582 = CIRCLE ( 'NONE', #585, 1.474999999999997202 ) ;
#1583 = ORIENTED_EDGE ( 'NONE', *, *, #2157, .T. ) ;
#1584 = AXIS2_PLACEMENT_3D ( 'NONE', #2596, #732, #2401 ) ;
#1585 = ORIENTED_EDGE ( 'NONE', *, *, #66, .F. ) ;
#1586 = CARTESIAN_POINT ( 'NONE',  ( -50.00000000000000711, -45.52500000000001279, 25.39999999999999858 ) ) ;
#1587 = LINE ( 'NONE', #2498, #1529 ) ;
#1588 = FACE_OUTER_BOUND ( 'NONE', #2310, .T. ) ;
#1589 = AXIS2_PLACEMENT_3D ( 'NONE', #1211, #177, #542 ) ;
#1590 = ADVANCED_FACE ( 'NONE', ( #2409 ), #339, .F. ) ;
#1591 = EDGE_LOOP ( 'NONE', ( #1083, #1347, #511, #1634 ) ) ;
#1592 = AXIS2_PLACEMENT_3D ( 'NONE', #684, #2378, #950 ) ;
#1593 = FACE_OUTER_BOUND ( 'NONE', #2534, .T. ) ;
#1594 = FACE_BOUND ( 'NONE', #2645, .T. ) ;
#1595 = EDGE_CURVE ( 'NONE', #2036, #1039, #2217, .T. ) ;
#1596 = ORIENTED_EDGE ( 'NONE', *, *, #2057, .F. ) ;
#1597 = MANIFOLD_SOLID_BREP ( 'Body-Move/Copy1[1]', #1937 ) ;
#1598 = VERTEX_POINT ( 'NONE', #360 ) ;
#1599 = CIRCLE ( 'NONE', #424, 1.474999999999997202 ) ;
#1600 = EDGE_LOOP ( 'NONE', ( #2213, #2532, #385, #925 ) ) ;
#1601 = AXIS2_PLACEMENT_3D ( 'NONE', #1166, #763, #2402 ) ;
#1602 = ORIENTED_EDGE ( 'NONE', *, *, #548, .F. ) ;
#1603 = CARTESIAN_POINT ( 'NONE',  ( 55.00000000000000000, -37.24999999999998579, 0.000000000000000000 ) ) ;
#1604 = CARTESIAN_POINT ( 'NONE',  ( -29.99999999999999289, -35.00000000000000711, 0.000000000000000000 ) ) ;
#1605 = DIRECTION ( 'NONE',  ( 0.000000000000000000, 0.000000000000000000, 1.000000000000000000 ) ) ;
#1606 = EDGE_CURVE ( 'NONE', #387, #2225, #1332, .T. ) ;
#1607 = VERTEX_POINT ( 'NONE', #956 ) ;
#1608 = CIRCLE ( 'NONE', #2267, 1.474999999999997202 ) ;
#1609 = ORIENTED_EDGE ( 'NONE', *, *, #101, .T. ) ;
#1610 = DIRECTION ( 'NONE',  ( 0.000000000000000000, 1.000000000000000000, 0.000000000000000000 ) ) ;
#1611 = ORIENTED_EDGE ( 'NONE', *, *, #548, .T. ) ;
#1612 = FACE_BOUND ( 'NONE', #890, .T. ) ;
#1613 = PLANE ( 'NONE',  #557 ) ;
#1614 = CARTESIAN_POINT ( 'NONE',  ( -54.99999999999999289, -39.99999999999999289, 24.89999999999999858 ) ) ;
#1615 = CARTESIAN_POINT ( 'NONE',  ( 55.00000000000000000, -37.49999999999998579, 0.000000000000000000 ) ) ;
#1616 = EDGE_CURVE ( 'NONE', #1330, #1581, #2019, .T. ) ;
#1617 = ORIENTED_EDGE ( 'NONE', *, *, #329, .T. ) ;
#1618 = ORIENTED_EDGE ( 'NONE', *, *, #1685, .F. ) ;
#1619 = EDGE_CURVE ( 'NONE', #146, #2075, #140, .T. ) ;
#1620 = VECTOR ( 'NONE', #1200, 1000.000000000000000 ) ;
#1621 = AXIS2_PLACEMENT_3D ( 'NONE', #1180, #762, #946 ) ;
#1622 = EDGE_CURVE ( 'NONE', #2113, #588, #2413, .T. ) ;
#1623 = VERTEX_POINT ( 'NONE', #992 ) ;
#1624 = CARTESIAN_POINT ( 'NONE',  ( 50.00000000000000000, -47.00000000000000000, 25.39999999999999858 ) ) ;
#1625 = CARTESIAN_POINT ( 'NONE',  ( 10.00000000000000000, -35.00000000000000000, 25.39999999999999858 ) ) ;
#1626 = LINE ( 'NONE', #497, #2166 ) ;
#1627 = FACE_OUTER_BOUND ( 'NONE', #383, .T. ) ;
#1628 = DIRECTION ( 'NONE',  ( 0.000000000000000000, 1.000000000000000000, 0.000000000000000000 ) ) ;
#1629 = FACE_OUTER_BOUND ( 'NONE', #2405, .T. ) ;
#1630 = CIRCLE ( 'NONE', #1848, 1.474999999999997202 ) ;
#1631 = ORIENTED_EDGE ( 'NONE', *, *, #1547, .T. ) ;
#1632 = CARTESIAN_POINT ( 'NONE',  ( -55.00000000000000000, -41.99999999999999289, 25.39999999999999858 ) ) ;
#1633 = VECTOR ( 'NONE', #1286, 1000.000000000000000 ) ;
#1634 = ORIENTED_EDGE ( 'NONE', *, *, #968, .F. ) ;
#1635 = AXIS2_PLACEMENT_3D ( 'NONE', #482, #1148, #1370 ) ;
#1636 = AXIS2_PLACEMENT_3D ( 'NONE', #2219, #380, #192 ) ;
#1637 = EDGE_CURVE ( 'NONE', #304, #1558, #155, .T. ) ;
#1638 = ORIENTED_EDGE ( 'NONE', *, *, #1267, .F. ) ;
#1639 = EDGE_CURVE ( 'NONE', #1856, #401, #1187, .T. ) ;
#1640 = CIRCLE ( 'NONE', #1040, 1.474999999999997202 ) ;
#1641 = DIRECTION ( 'NONE',  ( 0.000000000000000000, 0.000000000000000000, -1.000000000000000000 ) ) ;
#1642 = FACE_OUTER_BOUND ( 'NONE', #119, .T. ) ;
#1643 = FACE_OUTER_BOUND ( 'NONE', #2211, .T. ) ;
#1644 = VERTEX_POINT ( 'NONE', #978 ) ;
#1645 = DIRECTION ( 'NONE',  ( 0.000000000000000000, 0.000000000000000000, -1.000000000000000000 ) ) ;
#1646 = VERTEX_POINT ( 'NONE', #2629 ) ;
#1647 = ORIENTED_EDGE ( 'NONE', *, *, #2242, .T. ) ;
#1648 =( NAMED_UNIT ( * ) PLANE_ANGLE_UNIT ( ) SI_UNIT ( $, .RADIAN. ) );
#1649 = ORIENTED_EDGE ( 'NONE', *, *, #1184, .F. ) ;
#1650 = EDGE_CURVE ( 'NONE', #2565, #2615, #1707, .T. ) ;
#1651 = LINE ( 'NONE', #1421, #2115 ) ;
#1652 = CARTESIAN_POINT ( 'NONE',  ( 7.835640909809003851, -37.49999999999998579, 24.89999999999999858 ) ) ;
#1653 = DIRECTION ( 'NONE',  ( -8.673617379884035472E-17, 1.000000000000000000, -0.000000000000000000 ) ) ;
#1654 = CARTESIAN_POINT ( 'NONE',  ( 30.00000000000000000, -33.52500000000000568, 25.39999999999999858 ) ) ;
#1655 = CARTESIAN_POINT ( 'NONE',  ( 20.00000000000000000, -45.52500000000000568, 25.39999999999999858 ) ) ;
#1656 = CARTESIAN_POINT ( 'NONE',  ( -40.00000000000000711, -48.47500000000000142, 25.39999999999999858 ) ) ;
#1657 = CARTESIAN_POINT ( 'NONE',  ( 10.00000000000000000, -45.52500000000000568, 25.39999999999999858 ) ) ;
#1658 = ORIENTED_EDGE ( 'NONE', *, *, #1168, .F. ) ;
#1659 = CARTESIAN_POINT ( 'NONE',  ( -9.999999999999992895, -33.52500000000000568, 0.000000000000000000 ) ) ;
#1660 = ORIENTED_EDGE ( 'NONE', *, *, #2669, .F. ) ;
#1661 = LINE ( 'NONE', #340, #1250 ) ;
#1662 = ORIENTED_EDGE ( 'NONE', *, *, #578, .T. ) ;
#1663 = DIRECTION ( 'NONE',  ( -0.000000000000000000, 0.000000000000000000, -1.000000000000000000 ) ) ;
#1664 = AXIS2_PLACEMENT_3D ( 'NONE', #556, #1416, #1395 ) ;
#1665 = DIRECTION ( 'NONE',  ( 0.000000000000000000, 1.000000000000000000, 0.000000000000000000 ) ) ;
#1666 = DIRECTION ( 'NONE',  ( -1.156482317317871478E-16, 1.000000000000000000, 0.000000000000000000 ) ) ;
#1667 = FACE_OUTER_BOUND ( 'NONE', #95, .T. ) ;
#1668 = LINE ( 'NONE', #2653, #1892 ) ;
#1669 = ADVANCED_FACE ( 'NONE', ( #793 ), #45, .T. ) ;
#1670 = FACE_OUTER_BOUND ( 'NONE', #1419, .T. ) ;
#1671 = VERTEX_POINT ( 'NONE', #553 ) ;
#1672 = EDGE_CURVE ( 'NONE', #1578, #915, #1183, .T. ) ;
#1673 = LINE ( 'NONE', #2309, #572 ) ;
#1674 = ORIENTED_EDGE ( 'NONE', *, *, #1303, .T. ) ;
#1675 = AXIS2_PLACEMENT_3D ( 'NONE', #1959, #116, #517 ) ;
#1676 = VECTOR ( 'NONE', #935, 1000.000000000000000 ) ;
#1677 = CIRCLE ( 'NONE', #2424, 1.474999999999997202 ) ;
#1678 = DIRECTION ( 'NONE',  ( 0.000000000000000000, 0.000000000000000000, 1.000000000000000000 ) ) ;
#1679 = ORIENTED_EDGE ( 'NONE', *, *, #2475, .T. ) ;
#1680 = AXIS2_PLACEMENT_3D ( 'NONE', #118, #1519, #2581 ) ;
#1681 = LINE ( 'NONE', #245, #1256 ) ;
#1682 = CARTESIAN_POINT ( 'NONE',  ( -50.00000000000000711, -47.00000000000000711, 25.39999999999999858 ) ) ;
#1683 = DIRECTION ( 'NONE',  ( 0.000000000000000000, 1.000000000000000000, 0.000000000000000000 ) ) ;
#1684 = VERTEX_POINT ( 'NONE', #1069 ) ;
#1685 = EDGE_CURVE ( 'NONE', #588, #2113, #1582, .T. ) ;
#1686 = CARTESIAN_POINT ( 'NONE',  ( -10.00000000000000711, -48.47499999999999432, 25.39999999999999858 ) ) ;
#1687 = EDGE_LOOP ( 'NONE', ( #374, #952 ) ) ;
#1688 = ADVANCED_FACE ( 'NONE', ( #2472 ), #620, .F. ) ;
#1689 = DIRECTION ( 'NONE',  ( 0.000000000000000000, 0.000000000000000000, -1.000000000000000000 ) ) ;
#1690 = ORIENTED_EDGE ( 'NONE', *, *, #1996, .F. ) ;
#1691 = AXIS2_PLACEMENT_3D ( 'NONE', #853, #1678, #1399 ) ;
#1692 = ORIENTED_EDGE ( 'NONE', *, *, #608, .F. ) ;
#1693 = DIRECTION ( 'NONE',  ( 0.000000000000000000, 0.000000000000000000, 1.000000000000000000 ) ) ;
#1694 = LINE ( 'NONE', #1484, #1572 ) ;
#1695 = CARTESIAN_POINT ( 'NONE',  ( -49.99999999999999289, -36.47500000000000853, 25.39999999999999858 ) ) ;
#1696 = DIRECTION ( 'NONE',  ( 0.000000000000000000, 1.000000000000000000, 0.000000000000000000 ) ) ;
#1697 = EDGE_LOOP ( 'NONE', ( #1757, #2567 ) ) ;
#1698 = AXIS2_PLACEMENT_3D ( 'NONE', #2263, #1036, #2662 ) ;
#1699 = DIRECTION ( 'NONE',  ( 0.000000000000000000, 0.000000000000000000, 1.000000000000000000 ) ) ;
#1700 = EDGE_LOOP ( 'NONE', ( #826, #730, #2240, #1474 ) ) ;
#1701 = CARTESIAN_POINT ( 'NONE',  ( 0.000000000000000000, -45.52500000000000568, 25.39999999999999858 ) ) ;
#1702 = EDGE_CURVE ( 'NONE', #1313, #616, #1062, .T. ) ;
#1703 = EDGE_LOOP ( 'NONE', ( #1843, #1745 ) ) ;
#1704 = ADVANCED_FACE ( 'NONE', ( #1281 ), #2066, .F. ) ;
#1705 = ORIENTED_EDGE ( 'NONE', *, *, #165, .F. ) ;
#1706 = DIRECTION ( 'NONE',  ( 0.000000000000000000, 0.000000000000000000, -1.000000000000000000 ) ) ;
#1707 = CIRCLE ( 'NONE', #504, 1.474999999999997202 ) ;
#1708 = DIRECTION ( 'NONE',  ( 0.000000000000000000, 1.000000000000000000, 0.000000000000000000 ) ) ;
#1709 = VECTOR ( 'NONE', #1022, 1000.000000000000000 ) ;
#1710 = CARTESIAN_POINT ( 'NONE',  ( 10.00000000000000000, -33.52500000000000568, 25.39999999999999858 ) ) ;
#1711 = VERTEX_POINT ( 'NONE', #660 ) ;
#1712 = DIRECTION ( 'NONE',  ( -1.000000000000000000, 0.000000000000000000, 0.000000000000000000 ) ) ;
#1713 = DIRECTION ( 'NONE',  ( 0.000000000000000000, -1.000000000000000000, 0.000000000000000000 ) ) ;
#1714 = ORIENTED_EDGE ( 'NONE', *, *, #2260, .F. ) ;
#1715 = VECTOR ( 'NONE', #2176, 1000.000000000000000 ) ;
#1716 = CARTESIAN_POINT ( 'NONE',  ( -39.99999999999999289, -36.47500000000000853, 25.39999999999999858 ) ) ;
#1717 = EDGE_LOOP ( 'NONE', ( #2058, #662 ) ) ;
#1718 = EDGE_CURVE ( 'NONE', #2113, #2294, #2286, .T. ) ;
#1719 = ORIENTED_EDGE ( 'NONE', *, *, #2603, .T. ) ;
#1720 = CARTESIAN_POINT ( 'NONE',  ( 54.99999999999999289, -41.99999999999998579, 25.39999999999999858 ) ) ;
#1721 = EDGE_CURVE ( 'NONE', #2255, #719, #81, .T. ) ;
#1722 = CIRCLE ( 'NONE', #2118, 1.474999999999997202 ) ;
#1723 = CARTESIAN_POINT ( 'NONE',  ( 50.00000000000000000, -48.47499999999999432, 0.000000000000000000 ) ) ;
#1724 = AXIS2_PLACEMENT_3D ( 'NONE', #2474, #1058, #11 ) ;
#1725 = CARTESIAN_POINT ( 'NONE',  ( 70.00000000000000000, -35.00000000000000711, 37.89999999999999858 ) ) ;
#1726 = ORIENTED_EDGE ( 'NONE', *, *, #773, .T. ) ;
#1727 = PLANE ( 'NONE',  #2557 ) ;
#1728 = DIRECTION ( 'NONE',  ( -8.673617379884035472E-17, 1.000000000000000000, -0.000000000000000000 ) ) ;
#1729 = VECTOR ( 'NONE', #18, 1000.000000000000000 ) ;
#1730 = ORIENTED_EDGE ( 'NONE', *, *, #859, .T. ) ;
#1731 = CARTESIAN_POINT ( 'NONE',  ( -30.00000000000000711, -48.47500000000000142, 25.39999999999999858 ) ) ;
#1732 = ORIENTED_EDGE ( 'NONE', *, *, #361, .F. ) ;
#1733 = CARTESIAN_POINT ( 'NONE',  ( 4.999999999999997335, -39.99999999999999289, 25.39999999999999858 ) ) ;
#1734 = ORIENTED_EDGE ( 'NONE', *, *, #1939, .F. ) ;
#1735 = FACE_OUTER_BOUND ( 'NONE', #2617, .T. ) ;
#1736 = EDGE_CURVE ( 'NONE', #2683, #1684, #2062, .T. ) ;
#1737 = AXIS2_PLACEMENT_3D ( 'NONE', #2339, #425, #198 ) ;
#1738 = DIRECTION ( 'NONE',  ( -0.000000000000000000, 0.000000000000000000, -1.000000000000000000 ) ) ;
#1739 = CARTESIAN_POINT ( 'NONE',  ( 58.00000000000000000, -23.00000000000000711, 0.000000000000000000 ) ) ;
#1740 = EDGE_CURVE ( 'NONE', #2228, #1607, #847, .T. ) ;
#1741 = VERTEX_POINT ( 'NONE', #774 ) ;
#1742 = CARTESIAN_POINT ( 'NONE',  ( -49.99999999999999289, -33.52500000000001279, 0.000000000000000000 ) ) ;
#1743 = PLANE ( 'NONE',  #386 ) ;
#1744 = CARTESIAN_POINT ( 'NONE',  ( -55.49999999999999289, -32.00000000000001421, 0.000000000000000000 ) ) ;
#1745 = ORIENTED_EDGE ( 'NONE', *, *, #2444, .F. ) ;
#1746 = DIRECTION ( 'NONE',  ( -0.000000000000000000, 0.000000000000000000, -1.000000000000000000 ) ) ;
#1747 = DIRECTION ( 'NONE',  ( 0.000000000000000000, 0.000000000000000000, -1.000000000000000000 ) ) ;
#1748 = ORIENTED_EDGE ( 'NONE', *, *, #2457, .F. ) ;
#1749 = DIRECTION ( 'NONE',  ( -0.000000000000000000, 0.000000000000000000, -1.000000000000000000 ) ) ;
#1750 = DIRECTION ( 'NONE',  ( 0.000000000000000000, 1.000000000000000000, 0.000000000000000000 ) ) ;
#1751 = ORIENTED_EDGE ( 'NONE', *, *, #183, .T. ) ;
#1752 = LINE ( 'NONE', #485, #90 ) ;
#1753 = FACE_OUTER_BOUND ( 'NONE', #880, .T. ) ;
#1754 = ADVANCED_FACE ( 'NONE', ( #1858 ), #785, .F. ) ;
#1755 = AXIS2_PLACEMENT_3D ( 'NONE', #159, #2420, #1610 ) ;
#1756 = ORIENTED_EDGE ( 'NONE', *, *, #2109, .F. ) ;
#1757 = ORIENTED_EDGE ( 'NONE', *, *, #1321, .F. ) ;
#1758 = EDGE_CURVE ( 'NONE', #1607, #681, #2053, .T. ) ;
#1759 = ORIENTED_EDGE ( 'NONE', *, *, #773, .F. ) ;
#1760 = CARTESIAN_POINT ( 'NONE',  ( -50.00000000000000711, -47.00000000000000711, 0.000000000000000000 ) ) ;
#1761 = ORIENTED_EDGE ( 'NONE', *, *, #694, .F. ) ;
#1762 = CARTESIAN_POINT ( 'NONE',  ( 1.806354028742349500E-16, -48.47499999999999432, 0.000000000000000000 ) ) ;
#1763 = DIRECTION ( 'NONE',  ( -1.000000000000000000, -1.387778780781445676E-16, 0.000000000000000000 ) ) ;
#1764 = VECTOR ( 'NONE', #1823, 1000.000000000000000 ) ;
#1765 = AXIS2_PLACEMENT_3D ( 'NONE', #1522, #2548, #2439 ) ;
#1766 = FACE_OUTER_BOUND ( 'NONE', #496, .T. ) ;
#1767 = VECTOR ( 'NONE', #1433, 1000.000000000000000 ) ;
#1768 = VERTEX_POINT ( 'NONE', #1652 ) ;
#1769 = DIRECTION ( 'NONE',  ( 0.000000000000000000, 0.000000000000000000, 1.000000000000000000 ) ) ;
#1770 = DIRECTION ( 'NONE',  ( 0.1736481776669238364, 2.439975719911172528E-15, -0.9848077530122092416 ) ) ;
#1771 = AXIS2_PLACEMENT_3D ( 'NONE', #2515, #1641, #1874 ) ;
#1772 = CARTESIAN_POINT ( 'NONE',  ( 30.00000000000000000, -48.47499999999999432, 25.39999999999999858 ) ) ;
#1773 = EDGE_CURVE ( 'NONE', #450, #1955, #2486, .T. ) ;
#1774 = ORIENTED_EDGE ( 'NONE', *, *, #1300, .T. ) ;
#1775 = VERTEX_POINT ( 'NONE', #2082 ) ;
#1776 = CARTESIAN_POINT ( 'NONE',  ( -10.00000000000000711, -47.00000000000000000, 0.000000000000000000 ) ) ;
#1777 = ORIENTED_EDGE ( 'NONE', *, *, #2475, .F. ) ;
#1778 = DIRECTION ( 'NONE',  ( 0.000000000000000000, 1.000000000000000000, 0.000000000000000000 ) ) ;
#1779 = DIRECTION ( 'NONE',  ( 0.000000000000000000, 0.000000000000000000, 1.000000000000000000 ) ) ;
#1780 = DIRECTION ( 'NONE',  ( 0.000000000000000000, 1.000000000000000000, 0.000000000000000000 ) ) ;
#1781 = CARTESIAN_POINT ( 'NONE',  ( -55.49999999999999289, -32.00000000000001421, 33.91387818865997161 ) ) ;
#1782 = VERTEX_POINT ( 'NONE', #1469 ) ;
#1783 = LINE ( 'NONE', #2288, #1709 ) ;
#1784 = CARTESIAN_POINT ( 'NONE',  ( -70.00000000000000000, -40.00000000000000000, 24.89999999999999858 ) ) ;
#1785 = CARTESIAN_POINT ( 'NONE',  ( 40.00000000000000000, -35.00000000000000000, 25.39999999999999858 ) ) ;
#1786 = ORIENTED_EDGE ( 'NONE', *, *, #2025, .T. ) ;
#1787 = EDGE_LOOP ( 'NONE', ( #1134, #29, #325, #1909 ) ) ;
#1788 = CARTESIAN_POINT ( 'NONE',  ( -9.999999999999992895, -35.00000000000000000, 25.39999999999999858 ) ) ;
#1789 = EDGE_CURVE ( 'NONE', #2308, #110, #2191, .T. ) ;
#1790 = VERTEX_POINT ( 'NONE', #598 ) ;
#1791 = DIRECTION ( 'NONE',  ( 0.000000000000000000, 0.000000000000000000, 1.000000000000000000 ) ) ;
#1792 = CARTESIAN_POINT ( 'NONE',  ( 20.00000000000000000, -48.47499999999999432, 25.39999999999999858 ) ) ;
#1793 = EDGE_CURVE ( 'NONE', #2004, #2683, #10, .T. ) ;
#1794 = DIRECTION ( 'NONE',  ( -8.673617379884035472E-17, 1.000000000000000000, -0.000000000000000000 ) ) ;
#1795 = PLANE ( 'NONE',  #600 ) ;
#1796 = VERTEX_POINT ( 'NONE', #842 ) ;
#1797 = CARTESIAN_POINT ( 'NONE',  ( 30.00000000000000000, -48.47499999999999432, 0.000000000000000000 ) ) ;
#1798 = FACE_BOUND ( 'NONE', #1981, .T. ) ;
#1799 = ORIENTED_EDGE ( 'NONE', *, *, #346, .T. ) ;
#1800 = VECTOR ( 'NONE', #149, 1000.000000000000000 ) ;
#1801 = EDGE_LOOP ( 'NONE', ( #105, #1975, #471, #2362 ) ) ;
#1802 =( NAMED_UNIT ( * ) SI_UNIT ( $, .STERADIAN. ) SOLID_ANGLE_UNIT ( ) );
#1803 = AXIS2_PLACEMENT_3D ( 'NONE', #998, #716, #521 ) ;
#1804 = LINE ( 'NONE', #298, #711 ) ;
#1805 = CARTESIAN_POINT ( 'NONE',  ( 0.000000000000000000, -47.00000000000000000, 0.000000000000000000 ) ) ;
#1806 = CARTESIAN_POINT ( 'NONE',  ( 30.00000000000000000, -33.52500000000000568, 0.000000000000000000 ) ) ;
#1807 = EDGE_CURVE ( 'NONE', #1120, #1790, #1271, .T. ) ;
#1808 = ADVANCED_FACE ( 'NONE', ( #1844 ), #1971, .F. ) ;
#1809 = FACE_BOUND ( 'NONE', #2435, .T. ) ;
#1810 = AXIS2_PLACEMENT_3D ( 'NONE', #728, #2385, #531 ) ;
#1811 = VECTOR ( 'NONE', #289, 1000.000000000000000 ) ;
#1812 = PLANE ( 'NONE',  #1560 ) ;
#1813 = FACE_BOUND ( 'NONE', #1082, .T. ) ;
#1814 = ORIENTED_EDGE ( 'NONE', *, *, #2042, .T. ) ;
#1815 = VERTEX_POINT ( 'NONE', #2334 ) ;
#1816 = CARTESIAN_POINT ( 'NONE',  ( 10.00000000000000000, -35.00000000000000000, 0.000000000000000000 ) ) ;
#1817 = VERTEX_POINT ( 'NONE', #1960 ) ;
#1818 = CARTESIAN_POINT ( 'NONE',  ( -55.00000000000000000, -49.00000000000000000, 25.39999999999999858 ) ) ;
#1819 = ADVANCED_FACE ( 'NONE', ( #2138 ), #102, .F. ) ;
#1820 = CARTESIAN_POINT ( 'NONE',  ( -55.00000000000000000, -41.99999999999999289, 0.000000000000000000 ) ) ;
#1821 = DIRECTION ( 'NONE',  ( 0.000000000000000000, 0.000000000000000000, 1.000000000000000000 ) ) ;
#1822 = DIRECTION ( 'NONE',  ( 0.000000000000000000, 1.000000000000000000, 0.000000000000000000 ) ) ;
#1823 = DIRECTION ( 'NONE',  ( 0.000000000000000000, -1.000000000000000000, 0.000000000000000000 ) ) ;
#1824 = ADVANCED_FACE ( 'NONE', ( #1147, #117, #1304, #1516, #2125, #888, #2544, #679, #2347, #480, #273, #561 ), #1864, .F. ) ;
#1825 = ORIENTED_EDGE ( 'NONE', *, *, #1457, .T. ) ;
#1826 = VECTOR ( 'NONE', #60, 1000.000000000000000 ) ;
#1827 = ORIENTED_EDGE ( 'NONE', *, *, #1793, .F. ) ;
#1828 = DIRECTION ( 'NONE',  ( 0.000000000000000000, 0.000000000000000000, -1.000000000000000000 ) ) ;
#1829 = ORIENTED_EDGE ( 'NONE', *, *, #1348, .T. ) ;
#1830 =( LENGTH_UNIT ( ) NAMED_UNIT ( * ) SI_UNIT ( .MILLI., .METRE. ) );
#1831 = CIRCLE ( 'NONE', #656, 1.474999999999997202 ) ;
#1832 = LINE ( 'NONE', #2026, #2205 ) ;
#1833 = CARTESIAN_POINT ( 'NONE',  ( -49.99999999999999289, -35.00000000000000711, 25.39999999999999858 ) ) ;
#1834 = CARTESIAN_POINT ( 'NONE',  ( -4.999999999999991118, -37.49999999999999289, 0.000000000000000000 ) ) ;
#1835 = CYLINDRICAL_SURFACE ( 'NONE', #1071, 1.474999999999997202 ) ;
#1836 = ORIENTED_EDGE ( 'NONE', *, *, #1404, .F. ) ;
#1837 = EDGE_CURVE ( 'NONE', #2185, #871, #141, .T. ) ;
#1838 = DIRECTION ( 'NONE',  ( 0.000000000000000000, 1.000000000000000000, 0.000000000000000000 ) ) ;
#1839 = ORIENTED_EDGE ( 'NONE', *, *, #2503, .F. ) ;
#1840 = EDGE_CURVE ( 'NONE', #2034, #915, #2011, .T. ) ;
#1841 = AXIS2_PLACEMENT_3D ( 'NONE', #927, #1747, #1349 ) ;
#1842 = AXIS2_PLACEMENT_3D ( 'NONE', #1423, #2248, #1454 ) ;
#1843 = ORIENTED_EDGE ( 'NONE', *, *, #316, .F. ) ;
#1844 = FACE_OUTER_BOUND ( 'NONE', #331, .T. ) ;
#1845 = DIRECTION ( 'NONE',  ( 0.000000000000000000, 0.000000000000000000, -1.000000000000000000 ) ) ;
#1846 = CARTESIAN_POINT ( 'NONE',  ( 1.806354028742349500E-16, -36.47500000000000142, 25.39999999999999858 ) ) ;
#1847 = LINE ( 'NONE', #1274, #718 ) ;
#1848 = AXIS2_PLACEMENT_3D ( 'NONE', #2460, #1161, #1778 ) ;
#1849 = PRODUCT_DEFINITION_SHAPE ( 'NONE', 'NONE',  #724 ) ;
#1850 = ORIENTED_EDGE ( 'NONE', *, *, #1559, .T. ) ;
#1851 = DIRECTION ( 'NONE',  ( 0.000000000000000000, 1.000000000000000000, 0.000000000000000000 ) ) ;
#1852 = EDGE_LOOP ( 'NONE', ( #582, #1504 ) ) ;
#1853 = EDGE_CURVE ( 'NONE', #2633, #851, #1804, .T. ) ;
#1854 = CIRCLE ( 'NONE', #683, 1.474999999999997202 ) ;
#1855 = AXIS2_PLACEMENT_3D ( 'NONE', #1720, #900, #1131 ) ;
#1856 = VERTEX_POINT ( 'NONE', #2370 ) ;
#1857 = DIRECTION ( 'NONE',  ( 0.000000000000000000, 1.000000000000000000, 0.000000000000000000 ) ) ;
#1858 = FACE_OUTER_BOUND ( 'NONE', #2376, .T. ) ;
#1859 = AXIS2_PLACEMENT_3D ( 'NONE', #934, #2547, #451 ) ;
#1860 = CARTESIAN_POINT ( 'NONE',  ( 55.00000000000000711, -49.00000000000000711, 0.000000000000000000 ) ) ;
#1861 = CARTESIAN_POINT ( 'NONE',  ( -19.99999999999999289, -36.47500000000000142, 0.000000000000000000 ) ) ;
#1862 = CARTESIAN_POINT ( 'NONE',  ( 54.99999999999999289, 40.00000000000001421, 25.39999999999999858 ) ) ;
#1863 = CARTESIAN_POINT ( 'NONE',  ( -49.99999999999999289, -35.00000000000000711, 0.000000000000000000 ) ) ;
#1864 = PLANE ( 'NONE',  #2282 ) ;
#1865 = DIRECTION ( 'NONE',  ( 0.000000000000000000, 1.000000000000000000, 0.000000000000000000 ) ) ;
#1866 = EDGE_LOOP ( 'NONE', ( #1570, #964, #2128, #440 ) ) ;
#1867 = DIRECTION ( 'NONE',  ( 1.000000000000000000, 0.000000000000000000, 0.000000000000000000 ) ) ;
#1868 = ORIENTED_EDGE ( 'NONE', *, *, #920, .F. ) ;
#1869 = VECTOR ( 'NONE', #647, 1000.000000000000000 ) ;
#1870 = LINE ( 'NONE', #2427, #2523 ) ;
#1871 = VERTEX_POINT ( 'NONE', #98 ) ;
#1872 = EDGE_CURVE ( 'NONE', #520, #2562, #452, .T. ) ;
#1873 = DIRECTION ( 'NONE',  ( 0.000000000000000000, 1.000000000000000000, 0.000000000000000000 ) ) ;
#1874 = DIRECTION ( 'NONE',  ( 0.000000000000000000, 1.000000000000000000, 0.000000000000000000 ) ) ;
#1875 = ADVANCED_FACE ( 'NONE', ( #726 ), #2173, .F. ) ;
#1876 = LINE ( 'NONE', #13, #534 ) ;
#1877 = CARTESIAN_POINT ( 'NONE',  ( -54.99999999999999289, -37.24999999999999289, 25.39999999999999858 ) ) ;
#1878 = CARTESIAN_POINT ( 'NONE',  ( -70.00000000000000000, -35.00000000000002132, 37.89999999999999858 ) ) ;
#1879 = ORIENTED_EDGE ( 'NONE', *, *, #979, .F. ) ;
#1880 = DIRECTION ( 'NONE',  ( -0.000000000000000000, 0.000000000000000000, -1.000000000000000000 ) ) ;
#1881 = ORIENTED_EDGE ( 'NONE', *, *, #709, .F. ) ;
#1882 = VERTEX_POINT ( 'NONE', #1363 ) ;
#1883 = AXIS2_PLACEMENT_3D ( 'NONE', #1552, #1354, #315 ) ;
#1884 = DIRECTION ( 'NONE',  ( 0.000000000000000000, 1.000000000000000000, 0.000000000000000000 ) ) ;
#1885 = EDGE_CURVE ( 'NONE', #764, #1208, #1498, .T. ) ;
#1886 = DIRECTION ( 'NONE',  ( -0.000000000000000000, 0.000000000000000000, -1.000000000000000000 ) ) ;
#1887 = EDGE_CURVE ( 'NONE', #969, #2008, #1018, .T. ) ;
#1888 = CARTESIAN_POINT ( 'NONE',  ( -7.835640909809524324, -1.101006289081237806E-13, 24.89999999999999858 ) ) ;
#1889 = ORIENTED_EDGE ( 'NONE', *, *, #1265, .T. ) ;
#1890 = CARTESIAN_POINT ( 'NONE',  ( 7.835640909808969212, -39.99999999999998579, 24.89999999999999858 ) ) ;
#1891 = VERTEX_POINT ( 'NONE', #2356 ) ;
#1892 = VECTOR ( 'NONE', #2234, 1000.000000000000000 ) ;
#1893 = CARTESIAN_POINT ( 'NONE',  ( 55.00000000000000000, -32.00000000000000711, 0.000000000000000000 ) ) ;
#1894 = ORIENTED_EDGE ( 'NONE', *, *, #1619, .F. ) ;
#1895 = CARTESIAN_POINT ( 'NONE',  ( 30.00000000000000000, -35.00000000000000000, 25.39999999999999858 ) ) ;
#1896 = VECTOR ( 'NONE', #1542, 1000.000000000000000 ) ;
#1897 = ORIENTED_EDGE ( 'NONE', *, *, #150, .F. ) ;
#1898 = CARTESIAN_POINT ( 'NONE',  ( -55.00000000000002132, -49.00000000000000711, 1.399999999999998579 ) ) ;
#1899 = CARTESIAN_POINT ( 'NONE',  ( 20.00000000000000000, -47.00000000000000000, 0.000000000000000000 ) ) ;
#1900 = DIRECTION ( 'NONE',  ( 0.000000000000000000, 1.000000000000000000, 0.000000000000000000 ) ) ;
#1901 = CARTESIAN_POINT ( 'NONE',  ( -54.99999999999999289, -37.24999999999999289, 0.000000000000000000 ) ) ;
#1902 = DIRECTION ( 'NONE',  ( 0.000000000000000000, 0.000000000000000000, -1.000000000000000000 ) ) ;
#1903 = EDGE_LOOP ( 'NONE', ( #2493, #2158, #687, #1988 ) ) ;
#1904 = CARTESIAN_POINT ( 'NONE',  ( -29.99999999999999289, -36.47500000000000853, 25.39999999999999858 ) ) ;
#1905 = EDGE_CURVE ( 'NONE', #2308, #616, #492, .T. ) ;
#1906 = ORIENTED_EDGE ( 'NONE', *, *, #2456, .T. ) ;
#1907 = ADVANCED_FACE ( 'NONE', ( #913 ), #323, .F. ) ;
#1908 = CARTESIAN_POINT ( 'NONE',  ( 20.00000000000000000, -35.00000000000000000, 25.39999999999999858 ) ) ;
#1909 = ORIENTED_EDGE ( 'NONE', *, *, #2079, .F. ) ;
#1910 = ORIENTED_EDGE ( 'NONE', *, *, #2009, .T. ) ;
#1911 = CARTESIAN_POINT ( 'NONE',  ( -54.99999999999999289, -23.00000000000001776, 0.000000000000000000 ) ) ;
#1912 = FACE_OUTER_BOUND ( 'NONE', #2371, .T. ) ;
#1913 = PLANE ( 'NONE',  #1468 ) ;
#1914 = ORIENTED_EDGE ( 'NONE', *, *, #1918, .T. ) ;
#1915 = AXIS2_PLACEMENT_3D ( 'NONE', #2136, #1900, #1085 ) ;
#1916 = FACE_OUTER_BOUND ( 'NONE', #279, .T. ) ;
#1917 = ORIENTED_EDGE ( 'NONE', *, *, #2212, .F. ) ;
#1918 = EDGE_CURVE ( 'NONE', #936, #2155, #64, .T. ) ;
#1919 = DIRECTION ( 'NONE',  ( 0.000000000000000000, 1.000000000000000000, 0.000000000000000000 ) ) ;
#1920 = VERTEX_POINT ( 'NONE', #83 ) ;
#1921 = CARTESIAN_POINT ( 'NONE',  ( 50.00000000000000000, -35.00000000000000000, 25.39999999999999858 ) ) ;
#1922 = ORIENTED_EDGE ( 'NONE', *, *, #957, .F. ) ;
#1923 = LINE ( 'NONE', #2554, #1715 ) ;
#1924 = AXIS2_PLACEMENT_3D ( 'NONE', #2103, #1663, #1857 ) ;
#1925 = CARTESIAN_POINT ( 'NONE',  ( -50.00000000000000711, -47.00000000000000711, 25.39999999999999858 ) ) ;
#1926 = CARTESIAN_POINT ( 'NONE',  ( 20.00000000000000000, -35.00000000000000000, 0.000000000000000000 ) ) ;
#1927 = CARTESIAN_POINT ( 'NONE',  ( -40.00000000000000711, -47.00000000000000711, 25.39999999999999858 ) ) ;
#1928 = CIRCLE ( 'NONE', #1584, 1.474999999999997202 ) ;
#1929 = LINE ( 'NONE', #904, #381 ) ;
#1930 = VERTEX_POINT ( 'NONE', #1733 ) ;
#1931 = CARTESIAN_POINT ( 'NONE',  ( 58.00000000000000000, -23.00000000000000711, 24.89999999999999858 ) ) ;
#1932 = LINE ( 'NONE', #75, #2247 ) ;
#1933 = VERTEX_POINT ( 'NONE', #1337 ) ;
#1934 = EDGE_CURVE ( 'NONE', #2575, #1882, #2161, .T. ) ;
#1935 = DIRECTION ( 'NONE',  ( 0.000000000000000000, 1.000000000000000000, 0.000000000000000000 ) ) ;
#1936 = ORIENTED_EDGE ( 'NONE', *, *, #2242, .F. ) ;
#1937 = CLOSED_SHELL ( 'NONE', ( #61, #2433, #2012, #1028, #1518, #2583, #1075, #2605, #755, #12, #1704, #1561, #674, #441, #2343, #295, #104, #2331, #1688, #1590, #216, #1907, #2141, #196, #25, #1669, #1282, #1201, #1154, #2311, #954, #1434, #1875, #1819, #2314, #791, #122, #1369, #2106, #125, #1013, #2639, #2488, #1246, #1111, #1512, #528, #1808, #794, #1381 ) ) ;
#1938 = DIRECTION ( 'NONE',  ( -0.1736481776669238364, 2.409852562875232175E-15, -0.9848077530122092416 ) ) ;
#1939 = EDGE_CURVE ( 'NONE', #1015, #603, #1626, .T. ) ;
#1940 = ORIENTED_EDGE ( 'NONE', *, *, #608, .T. ) ;
#1941 = FACE_OUTER_BOUND ( 'NONE', #2392, .T. ) ;
#1942 = AXIS2_PLACEMENT_3D ( 'NONE', #2292, #2504, #2071 ) ;
#1943 = CARTESIAN_POINT ( 'NONE',  ( 55.00000000000000711, -32.99999999999999289, 0.000000000000000000 ) ) ;
#1944 = LINE ( 'NONE', #1901, #27 ) ;
#1945 = AXIS2_PLACEMENT_3D ( 'NONE', #341, #1384, #2054 ) ;
#1946 = CARTESIAN_POINT ( 'NONE',  ( 55.00000000000000000, -32.00000000000000711, 24.89999999999999858 ) ) ;
#1947 = EDGE_LOOP ( 'NONE', ( #1276, #1210, #1662, #438 ) ) ;
#1948 = CARTESIAN_POINT ( 'NONE',  ( 70.00000000000000000, -39.99999999999998579, 24.89999999999999858 ) ) ;
#1949 = DIRECTION ( 'NONE',  ( 1.000000000000000000, 1.734723475976807094E-16, 0.000000000000000000 ) ) ;
#1950 = PRODUCT_DEFINITION_CONTEXT ( 'detailed design', #16, 'design' ) ;
#1951 = VECTOR ( 'NONE', #2624, 1000.000000000000000 ) ;
#1952 = ORIENTED_EDGE ( 'NONE', *, *, #1043, .T. ) ;
#1953 = ORIENTED_EDGE ( 'NONE', *, *, #9, .F. ) ;
#1954 = DIRECTION ( 'NONE',  ( 0.000000000000000000, 0.000000000000000000, -1.000000000000000000 ) ) ;
#1955 = VERTEX_POINT ( 'NONE', #1742 ) ;
#1956 = CYLINDRICAL_SURFACE ( 'NONE', #414, 1.474999999999997202 ) ;
#1957 = EDGE_CURVE ( 'NONE', #1955, #1322, #2638, .T. ) ;
#1958 = AXIS2_PLACEMENT_3D ( 'NONE', #2686, #412, #1251 ) ;
#1959 = CARTESIAN_POINT ( 'NONE',  ( -20.00000000000000711, -47.00000000000000000, 25.39999999999999858 ) ) ;
#1960 = CARTESIAN_POINT ( 'NONE',  ( 0.000000000000000000, -45.52500000000000568, 25.39999999999999858 ) ) ;
#1961 = EDGE_CURVE ( 'NONE', #1967, #1186, #816, .T. ) ;
#1962 = LINE ( 'NONE', #91, #470 ) ;
#1963 = ORIENTED_EDGE ( 'NONE', *, *, #1718, .T. ) ;
#1964 = DIRECTION ( 'NONE',  ( 0.000000000000000000, 1.000000000000000000, 0.000000000000000000 ) ) ;
#1965 = CARTESIAN_POINT ( 'NONE',  ( 70.00000000000000000, -35.00000000000000711, 0.000000000000000000 ) ) ;
#1966 = CARTESIAN_POINT ( 'NONE',  ( 54.99999999999999289, -41.99999999999998579, 25.39999999999999858 ) ) ;
#1967 = VERTEX_POINT ( 'NONE', #2086 ) ;
#1968 = ORIENTED_EDGE ( 'NONE', *, *, #2366, .T. ) ;
#1969 = ORIENTED_EDGE ( 'NONE', *, *, #1650, .F. ) ;
#1970 = CARTESIAN_POINT ( 'NONE',  ( 10.00000000000000000, -33.52500000000000568, 0.000000000000000000 ) ) ;
#1971 = PLANE ( 'NONE',  #2149 ) ;
#1972 = ADVANCED_FACE ( 'NONE', ( #449 ), #1913, .F. ) ;
#1973 = CARTESIAN_POINT ( 'NONE',  ( 40.00000000000000000, -45.52500000000000568, 25.39999999999999858 ) ) ;
#1974 = AXIS2_PLACEMENT_3D ( 'NONE', #1776, #2604, #1172 ) ;
#1975 = ORIENTED_EDGE ( 'NONE', *, *, #481, .T. ) ;
#1976 = EDGE_CURVE ( 'NONE', #2323, #965, #628, .T. ) ;
#1977 = DIRECTION ( 'NONE',  ( -1.405126015541212484E-14, 1.000000000000000000, 0.000000000000000000 ) ) ;
#1978 = DIRECTION ( 'NONE',  ( 0.000000000000000000, 1.000000000000000000, 0.000000000000000000 ) ) ;
#1979 = CIRCLE ( 'NONE', #756, 1.474999999999997202 ) ;
#1980 = VERTEX_POINT ( 'NONE', #15 ) ;
#1981 = EDGE_LOOP ( 'NONE', ( #723, #259 ) ) ;
#1982 = VERTEX_POINT ( 'NONE', #1657 ) ;
#1983 = CIRCLE ( 'NONE', #1506, 1.474999999999997202 ) ;
#1984 = VERTEX_POINT ( 'NONE', #2492 ) ;
#1985 = CARTESIAN_POINT ( 'NONE',  ( 0.000000000000000000, 0.000000000000000000, 0.000000000000000000 ) ) ;
#1986 = PLANE ( 'NONE',  #907 ) ;
#1987 = AXIS2_PLACEMENT_3D ( 'NONE', #2619, #811, #1696 ) ;
#1988 = ORIENTED_EDGE ( 'NONE', *, *, #1961, .T. ) ;
#1989 = DIRECTION ( 'NONE',  ( 0.000000000000000000, 1.000000000000000000, 0.000000000000000000 ) ) ;
#1990 = CARTESIAN_POINT ( 'NONE',  ( 58.00000000000000000, -23.00000000000000711, 42.66267650163204195 ) ) ;
#1991 = AXIS2_PLACEMENT_3D ( 'NONE', #1898, #1666, #637 ) ;
#1992 = VERTEX_POINT ( 'NONE', #876 ) ;
#1993 = EDGE_CURVE ( 'NONE', #1403, #146, #1458, .T. ) ;
#1994 = ORIENTED_EDGE ( 'NONE', *, *, #709, .T. ) ;
#1995 = CIRCLE ( 'NONE', #1176, 1.474999999999997202 ) ;
#1996 = EDGE_CURVE ( 'NONE', #1933, #681, #2340, .T. ) ;
#1997 = CARTESIAN_POINT ( 'NONE',  ( 10.00000000000000000, -35.00000000000000000, 25.39999999999999858 ) ) ;
#1998 = DIRECTION ( 'NONE',  ( 0.000000000000000000, 0.000000000000000000, 1.000000000000000000 ) ) ;
#1999 = VERTEX_POINT ( 'NONE', #1063 ) ;
#2000 = DIRECTION ( 'NONE',  ( 0.000000000000000000, 0.000000000000000000, -1.000000000000000000 ) ) ;
#2001 =( LENGTH_UNIT ( ) NAMED_UNIT ( * ) SI_UNIT ( .MILLI., .METRE. ) );
#2002 = FACE_BOUND ( 'NONE', #905, .T. ) ;
#2003 = AXIS2_PLACEMENT_3D ( 'NONE', #1108, #34, #2117 ) ;
#2004 = VERTEX_POINT ( 'NONE', #1306 ) ;
#2005 = DIRECTION ( 'NONE',  ( 1.000000000000000000, 0.000000000000000000, 0.000000000000000000 ) ) ;
#2006 = DIRECTION ( 'NONE',  ( 0.000000000000000000, 0.000000000000000000, -1.000000000000000000 ) ) ;
#2007 = CARTESIAN_POINT ( 'NONE',  ( -55.00000000000002132, -49.00000000000000711, 25.39999999999999858 ) ) ;
#2008 = VERTEX_POINT ( 'NONE', #1710 ) ;
#2009 = EDGE_CURVE ( 'NONE', #110, #1313, #848, .T. ) ;
#2010 = DIRECTION ( 'NONE',  ( -0.000000000000000000, 0.000000000000000000, -1.000000000000000000 ) ) ;
#2011 = LINE ( 'NONE', #1396, #1800 ) ;
#2012 = ADVANCED_FACE ( 'NONE', ( #1670 ), #55, .F. ) ;
#2013 = ORIENTED_EDGE ( 'NONE', *, *, #1351, .F. ) ;
#2014 = FACE_BOUND ( 'NONE', #1549, .T. ) ;
#2015 = CARTESIAN_POINT ( 'NONE',  ( -54.99999999999999289, -37.24999999999999289, 0.000000000000000000 ) ) ;
#2016 = LINE ( 'NONE', #367, #328 ) ;
#2017 = CARTESIAN_POINT ( 'NONE',  ( -4.999999999999991118, -37.49999999999999289, 25.40000000000000568 ) ) ;
#2018 = CARTESIAN_POINT ( 'NONE',  ( -9.999999999999992895, -36.47500000000000142, 0.000000000000000000 ) ) ;
#2019 = CIRCLE ( 'NONE', #1974, 1.474999999999997202 ) ;
#2020 = ORIENTED_EDGE ( 'NONE', *, *, #316, .T. ) ;
#2021 = CARTESIAN_POINT ( 'NONE',  ( -70.00000000000000000, -40.00000000000000000, 0.000000000000000000 ) ) ;
#2022 = EDGE_CURVE ( 'NONE', #1003, #244, #1392, .T. ) ;
#2023 = ORIENTED_EDGE ( 'NONE', *, *, #1547, .F. ) ;
#2024 = DIRECTION ( 'NONE',  ( 0.000000000000000000, 1.000000000000000000, 0.000000000000000000 ) ) ;
#2025 = EDGE_CURVE ( 'NONE', #1554, #2294, #1169, .T. ) ;
#2026 = CARTESIAN_POINT ( 'NONE',  ( -19.99999999999999289, -36.47500000000000142, 25.39999999999999858 ) ) ;
#2027 = VECTOR ( 'NONE', #224, 1000.000000000000000 ) ;
#2028 = CIRCLE ( 'NONE', #1765, 1.474999999999997202 ) ;
#2029 = LINE ( 'NONE', #1215, #1158 ) ;
#2030 = CARTESIAN_POINT ( 'NONE',  ( 55.00000000000000000, -37.24999999999998579, 25.39999999999999858 ) ) ;
#2031 = CARTESIAN_POINT ( 'NONE',  ( 40.00000000000000000, -47.00000000000000000, 25.39999999999999858 ) ) ;
#2032 = ORIENTED_EDGE ( 'NONE', *, *, #2457, .T. ) ;
#2033 = AXIS2_PLACEMENT_3D ( 'NONE', #1921, #1746, #1142 ) ;
#2034 = VERTEX_POINT ( 'NONE', #2127 ) ;
#2035 = CARTESIAN_POINT ( 'NONE',  ( 10.00000000000000000, -48.47499999999999432, 25.39999999999999858 ) ) ;
#2036 = VERTEX_POINT ( 'NONE', #40 ) ;
#2037 = CARTESIAN_POINT ( 'NONE',  ( 20.00000000000000000, -47.00000000000000000, 0.000000000000000000 ) ) ;
#2038 = DIRECTION ( 'NONE',  ( -0.000000000000000000, 0.000000000000000000, -1.000000000000000000 ) ) ;
#2039 = CIRCLE ( 'NONE', #1803, 1.474999999999997202 ) ;
#2040 = DIRECTION ( 'NONE',  ( -1.387778780781444413E-14, -1.000000000000000000, 0.000000000000000000 ) ) ;
#2041 = FACE_BOUND ( 'NONE', #2206, .T. ) ;
#2042 = EDGE_CURVE ( 'NONE', #263, #1002, #210, .T. ) ;
#2043 = DIRECTION ( 'NONE',  ( -0.000000000000000000, 0.000000000000000000, -1.000000000000000000 ) ) ;
#2044 = LINE ( 'NONE', #804, #2658 ) ;
#2045 = CARTESIAN_POINT ( 'NONE',  ( -9.999999999999992895, -33.52500000000000568, 25.39999999999999858 ) ) ;
#2046 = ADVANCED_FACE ( 'NONE', ( #2110 ), #889, .F. ) ;
#2047 = ORIENTED_EDGE ( 'NONE', *, *, #2157, .F. ) ;
#2048 = LINE ( 'NONE', #31, #565 ) ;
#2049 =( GEOMETRIC_REPRESENTATION_CONTEXT ( 3 ) GLOBAL_UNCERTAINTY_ASSIGNED_CONTEXT ( ( #109 ) ) GLOBAL_UNIT_ASSIGNED_CONTEXT ( ( #2001, #1648, #2269 ) ) REPRESENTATION_CONTEXT ( 'NONE', 'WORKASPACE' ) );
#2050 = ORIENTED_EDGE ( 'NONE', *, *, #101, .F. ) ;
#2051 = DIRECTION ( 'NONE',  ( 0.000000000000000000, 0.000000000000000000, -1.000000000000000000 ) ) ;
#2052 = ORIENTED_EDGE ( 'NONE', *, *, #809, .F. ) ;
#2053 = LINE ( 'NONE', #2273, #540 ) ;
#2054 = DIRECTION ( 'NONE',  ( 0.000000000000000000, 1.000000000000000000, 0.000000000000000000 ) ) ;
#2055 = CARTESIAN_POINT ( 'NONE',  ( -70.00000000000000000, -35.00000000000002132, 24.89999999999999858 ) ) ;
#2056 = DIRECTION ( 'NONE',  ( -0.000000000000000000, 0.000000000000000000, -1.000000000000000000 ) ) ;
#2057 = EDGE_CURVE ( 'NONE', #1017, #1930, #2097, .T. ) ;
#2058 = ORIENTED_EDGE ( 'NONE', *, *, #1228, .T. ) ;
#2059 = EDGE_CURVE ( 'NONE', #936, #243, #725, .T. ) ;
#2060 = CARTESIAN_POINT ( 'NONE',  ( 40.00000000000000000, -35.00000000000000000, 25.39999999999999858 ) ) ;
#2061 = VERTEX_POINT ( 'NONE', #1473 ) ;
#2062 = CIRCLE ( 'NONE', #112, 1.474999999999997202 ) ;
#2063 = VECTOR ( 'NONE', #2043, 1000.000000000000000 ) ;
#2064 = FACE_OUTER_BOUND ( 'NONE', #806, .T. ) ;
#2065 = EDGE_LOOP ( 'NONE', ( #722, #2549 ) ) ;
#2066 = CYLINDRICAL_SURFACE ( 'NONE', #1924, 1.474999999999997202 ) ;
#2067 = LINE ( 'NONE', #207, #2467 ) ;
#2068 = DIRECTION ( 'NONE',  ( 1.405126015541212484E-14, -1.000000000000000000, 0.000000000000000000 ) ) ;
#2069 = DIRECTION ( 'NONE',  ( 0.000000000000000000, 1.000000000000000000, 0.000000000000000000 ) ) ;
#2070 = AXIS2_PLACEMENT_3D ( 'NONE', #68, #675, #311 ) ;
#2071 = DIRECTION ( 'NONE',  ( 0.000000000000000000, 1.000000000000000000, 0.000000000000000000 ) ) ;
#2072 = AXIS2_PLACEMENT_3D ( 'NONE', #908, #123, #1346 ) ;
#2073 = ORIENTED_EDGE ( 'NONE', *, *, #2022, .F. ) ;
#2074 = CARTESIAN_POINT ( 'NONE',  ( -30.00000000000000711, -45.52500000000001279, 25.39999999999999858 ) ) ;
#2075 = VERTEX_POINT ( 'NONE', #834 ) ;
#2076 = EDGE_CURVE ( 'NONE', #1268, #617, #422, .T. ) ;
#2077 = ORIENTED_EDGE ( 'NONE', *, *, #481, .F. ) ;
#2078 = VECTOR ( 'NONE', #623, 1000.000000000000000 ) ;
#2079 = EDGE_CURVE ( 'NONE', #644, #2075, #436, .T. ) ;
#2080 = CARTESIAN_POINT ( 'NONE',  ( -20.00000000000000711, -45.52500000000000568, 0.000000000000000000 ) ) ;
#2081 = ORIENTED_EDGE ( 'NONE', *, *, #1905, .T. ) ;
#2082 = CARTESIAN_POINT ( 'NONE',  ( 0.000000000000000000, -33.52500000000000568, 0.000000000000000000 ) ) ;
#2083 = AXIS2_PLACEMENT_3D ( 'NONE', #2099, #654, #1838 ) ;
#2084 = DIRECTION ( 'NONE',  ( 0.000000000000000000, 1.000000000000000000, 0.000000000000000000 ) ) ;
#2085 = DIRECTION ( 'NONE',  ( 1.734723475976807094E-16, -1.000000000000000000, 0.000000000000000000 ) ) ;
#2086 = CARTESIAN_POINT ( 'NONE',  ( 40.00000000000000000, -33.52500000000000568, 0.000000000000000000 ) ) ;
#2087 = EDGE_LOOP ( 'NONE', ( #270, #126, #44, #580, #195, #1714, #67, #558, #1291 ) ) ;
#2088 = LINE ( 'NONE', #1460, #688 ) ;
#2089 = ORIENTED_EDGE ( 'NONE', *, *, #429, .T. ) ;
#2090 = AXIS2_PLACEMENT_3D ( 'NONE', #1014, #5, #1851 ) ;
#2091 = EDGE_CURVE ( 'NONE', #2657, #593, #238, .T. ) ;
#2092 = DIRECTION ( 'NONE',  ( 0.000000000000000000, 0.000000000000000000, 1.000000000000000000 ) ) ;
#2093 = ORIENTED_EDGE ( 'NONE', *, *, #1718, .F. ) ;
#2094 = CARTESIAN_POINT ( 'NONE',  ( 55.00000000000000000, -23.00000000000000711, 0.000000000000000000 ) ) ;
#2095 = CARTESIAN_POINT ( 'NONE',  ( -4.999999999999994671, -37.24999999999999289, 25.39999999999999858 ) ) ;
#2096 = CARTESIAN_POINT ( 'NONE',  ( 20.00000000000000000, -47.00000000000000000, 25.39999999999999858 ) ) ;
#2097 = LINE ( 'NONE', #861, #1122 ) ;
#2098 = ORIENTED_EDGE ( 'NONE', *, *, #1492, .T. ) ;
#2099 = CARTESIAN_POINT ( 'NONE',  ( -19.99999999999999289, -35.00000000000000000, 25.39999999999999858 ) ) ;
#2100 = ORIENTED_EDGE ( 'NONE', *, *, #2104, .F. ) ;
#2101 = CARTESIAN_POINT ( 'NONE',  ( 55.50000000000000000, -32.00000000000000711, 0.000000000000000000 ) ) ;
#2102 = ORIENTED_EDGE ( 'NONE', *, *, #153, .T. ) ;
#2103 = CARTESIAN_POINT ( 'NONE',  ( 0.000000000000000000, -35.00000000000000000, 25.39999999999999858 ) ) ;
#2104 = EDGE_CURVE ( 'NONE', #1002, #263, #1557, .T. ) ;
#2105 = CARTESIAN_POINT ( 'NONE',  ( -4.999999999999991118, -37.49999999999999289, 25.39999999999999858 ) ) ;
#2106 = ADVANCED_FACE ( 'NONE', ( #1766 ), #1163, .F. ) ;
#2107 = CARTESIAN_POINT ( 'NONE',  ( 40.00000000000000000, -48.47499999999999432, 0.000000000000000000 ) ) ;
#2108 = CARTESIAN_POINT ( 'NONE',  ( 50.00000000000000000, -47.00000000000000000, 25.39999999999999858 ) ) ;
#2109 = EDGE_CURVE ( 'NONE', #286, #1768, #1962, .T. ) ;
#2110 = FACE_OUTER_BOUND ( 'NONE', #2268, .T. ) ;
#2111 = ORIENTED_EDGE ( 'NONE', *, *, #1773, .F. ) ;
#2112 = DIRECTION ( 'NONE',  ( -0.000000000000000000, 0.000000000000000000, -1.000000000000000000 ) ) ;
#2113 = VERTEX_POINT ( 'NONE', #714 ) ;
#2114 = AXIS2_PLACEMENT_3D ( 'NONE', #2096, #1738, #69 ) ;
#2115 = VECTOR ( 'NONE', #1432, 1000.000000000000000 ) ;
#2116 = ORIENTED_EDGE ( 'NONE', *, *, #568, .T. ) ;
#2117 = DIRECTION ( 'NONE',  ( 0.000000000000000000, 1.000000000000000000, 0.000000000000000000 ) ) ;
#2118 = AXIS2_PLACEMENT_3D ( 'NONE', #506, #132, #330 ) ;
#2119 = ORIENTED_EDGE ( 'NONE', *, *, #312, .F. ) ;
#2120 = AXIS2_PLACEMENT_3D ( 'NONE', #2274, #663, #403 ) ;
#2121 = ORIENTED_EDGE ( 'NONE', *, *, #2535, .T. ) ;
#2122 = CARTESIAN_POINT ( 'NONE',  ( -19.99999999999999289, -35.00000000000000000, 0.000000000000000000 ) ) ;
#2123 = DIRECTION ( 'NONE',  ( 0.000000000000000000, 0.000000000000000000, -1.000000000000000000 ) ) ;
#2124 = FACE_OUTER_BOUND ( 'NONE', #322, .T. ) ;
#2125 = FACE_BOUND ( 'NONE', #849, .T. ) ;
#2126 = EDGE_CURVE ( 'NONE', #1623, #2004, #597, .T. ) ;
#2127 = CARTESIAN_POINT ( 'NONE',  ( 55.00000000000000711, -49.00000000000000711, 0.000000000000000000 ) ) ;
#2128 = ORIENTED_EDGE ( 'NONE', *, *, #707, .T. ) ;
#2129 = ADVANCED_FACE ( 'NONE', ( #1553 ), #1986, .F. ) ;
#2130 = LINE ( 'NONE', #292, #997 ) ;
#2131 = ORIENTED_EDGE ( 'NONE', *, *, #1407, .T. ) ;
#2132 = FACE_OUTER_BOUND ( 'NONE', #1294, .T. ) ;
#2133 = ORIENTED_EDGE ( 'NONE', *, *, #153, .F. ) ;
#2134 = VERTEX_POINT ( 'NONE', #2399 ) ;
#2135 = DIRECTION ( 'NONE',  ( 0.000000000000000000, 0.000000000000000000, 1.000000000000000000 ) ) ;
#2136 = CARTESIAN_POINT ( 'NONE',  ( -54.99999999999999289, -39.99999999999998579, 25.39999999999999858 ) ) ;
#2137 = FACE_OUTER_BOUND ( 'NONE', #2302, .T. ) ;
#2138 = FACE_OUTER_BOUND ( 'NONE', #1487, .T. ) ;
#2139 = CARTESIAN_POINT ( 'NONE',  ( 50.00000000000000000, -35.00000000000000000, 25.39999999999999858 ) ) ;
#2140 = ORIENTED_EDGE ( 'NONE', *, *, #1030, .F. ) ;
#2141 = ADVANCED_FACE ( 'NONE', ( #943 ), #729, .F. ) ;
#2142 = CARTESIAN_POINT ( 'NONE',  ( -30.00000000000000711, -47.00000000000000711, 25.39999999999999858 ) ) ;
#2143 = EDGE_LOOP ( 'NONE', ( #1571, #347 ) ) ;
#2144 = ORIENTED_EDGE ( 'NONE', *, *, #2257, .F. ) ;
#2145 = CARTESIAN_POINT ( 'NONE',  ( 54.99999999999999289, -48.99999999999999289, 25.39999999999999858 ) ) ;
#2146 = EDGE_LOOP ( 'NONE', ( #835, #291, #1280, #1190 ) ) ;
#2147 = CARTESIAN_POINT ( 'NONE',  ( 30.00000000000000000, -45.52500000000000568, 25.39999999999999858 ) ) ;
#2148 = LINE ( 'NONE', #2408, #460 ) ;
#2149 = AXIS2_PLACEMENT_3D ( 'NONE', #464, #919, #2374 ) ;
#2150 = CYLINDRICAL_SURFACE ( 'NONE', #2114, 1.474999999999997202 ) ;
#2151 = AXIS2_PLACEMENT_3D ( 'NONE', #1181, #2222, #355 ) ;
#2152 = DIRECTION ( 'NONE',  ( 0.000000000000000000, 0.000000000000000000, -1.000000000000000000 ) ) ;
#2153 = ORIENTED_EDGE ( 'NONE', *, *, #2589, .T. ) ;
#2154 = CARTESIAN_POINT ( 'NONE',  ( -30.00000000000000711, -48.47500000000000142, 25.39999999999999858 ) ) ;
#2155 = VERTEX_POINT ( 'NONE', #2571 ) ;
#2156 = ORIENTED_EDGE ( 'NONE', *, *, #844, .F. ) ;
#2157 = EDGE_CURVE ( 'NONE', #1882, #1768, #1355, .T. ) ;
#2158 = ORIENTED_EDGE ( 'NONE', *, *, #246, .F. ) ;
#2159 = AXIS2_PLACEMENT_3D ( 'NONE', #2530, #692, #887 ) ;
#2160 = VECTOR ( 'NONE', #2040, 1000.000000000000000 ) ;
#2161 = LINE ( 'NONE', #1127, #169 ) ;
#2162 = DIRECTION ( 'NONE',  ( -0.000000000000000000, 0.000000000000000000, -1.000000000000000000 ) ) ;
#2163 = EDGE_CURVE ( 'NONE', #1093, #671, #70, .T. ) ;
#2164 = ORIENTED_EDGE ( 'NONE', *, *, #1837, .T. ) ;
#2165 = CARTESIAN_POINT ( 'NONE',  ( -49.99999999999999289, -36.47500000000000853, 25.39999999999999858 ) ) ;
#2166 = VECTOR ( 'NONE', #1555, 1000.000000000000000 ) ;
#2167 = CARTESIAN_POINT ( 'NONE',  ( 10.00000000000000000, -36.47500000000000142, 25.39999999999999858 ) ) ;
#2168 = ORIENTED_EDGE ( 'NONE', *, *, #1736, .T. ) ;
#2169 = DIRECTION ( 'NONE',  ( 0.000000000000000000, 0.000000000000000000, 1.000000000000000000 ) ) ;
#2170 = DIRECTION ( 'NONE',  ( 0.000000000000000000, 0.000000000000000000, -1.000000000000000000 ) ) ;
#2171 = VECTOR ( 'NONE', #682, 1000.000000000000000 ) ;
#2172 = ORIENTED_EDGE ( 'NONE', *, *, #707, .F. ) ;
#2173 = PLANE ( 'NONE',  #798 ) ;
#2174 = EDGE_CURVE ( 'NONE', #2563, #431, #1722, .T. ) ;
#2175 = ORIENTED_EDGE ( 'NONE', *, *, #150, .T. ) ;
#2176 = DIRECTION ( 'NONE',  ( -0.000000000000000000, 0.000000000000000000, -1.000000000000000000 ) ) ;
#2177 = EDGE_CURVE ( 'NONE', #113, #458, #2679, .T. ) ;
#2178 = DIRECTION ( 'NONE',  ( 0.9848077530122092416, 0.000000000000000000, -0.1736481776669238364 ) ) ;
#2179 = ORIENTED_EDGE ( 'NONE', *, *, #1092, .F. ) ;
#2180 = CYLINDRICAL_SURFACE ( 'NONE', #409, 1.474999999999997202 ) ;
#2181 = DIRECTION ( 'NONE',  ( 0.000000000000000000, 1.000000000000000000, 0.000000000000000000 ) ) ;
#2182 = DIRECTION ( 'NONE',  ( -0.000000000000000000, 0.000000000000000000, -1.000000000000000000 ) ) ;
#2183 = AXIS2_PLACEMENT_3D ( 'NONE', #1258, #2289, #788 ) ;
#2184 = ORIENTED_EDGE ( 'NONE', *, *, #2364, .F. ) ;
#2185 = VERTEX_POINT ( 'NONE', #1946 ) ;
#2186 = DIRECTION ( 'NONE',  ( 0.000000000000000000, 0.000000000000000000, 1.000000000000000000 ) ) ;
#2187 = ORIENTED_EDGE ( 'NONE', *, *, #2079, .T. ) ;
#2188 = CARTESIAN_POINT ( 'NONE',  ( -40.00000000000000711, -47.00000000000000711, 25.39999999999999858 ) ) ;
#2189 = LINE ( 'NONE', #1781, #79 ) ;
#2190 = EDGE_CURVE ( 'NONE', #241, #1095, #535, .T. ) ;
#2191 = CIRCLE ( 'NONE', #1287, 1.474999999999997202 ) ;
#2192 = EDGE_LOOP ( 'NONE', ( #2116, #2644, #973, #2628 ) ) ;
#2193 = CARTESIAN_POINT ( 'NONE',  ( -39.99999999999999289, -33.52500000000001279, 25.39999999999999858 ) ) ;
#2194 = AXIS2_PLACEMENT_3D ( 'NONE', #1899, #2516, #873 ) ;
#2195 = EDGE_CURVE ( 'NONE', #666, #1871, #33, .T. ) ;
#2196 = ORIENTED_EDGE ( 'NONE', *, *, #1267, .T. ) ;
#2197 = EDGE_LOOP ( 'NONE', ( #1825, #1077, #780, #1631, #2459, #294, #1052, #899, #411, #2526, #1156, #840, #1027, #2357, #1366, #475, #2121, #867, #1042, #1502, #2226, #1317 ) ) ;
#2198 =( NAMED_UNIT ( * ) PLANE_ANGLE_UNIT ( ) SI_UNIT ( $, .RADIAN. ) );
#2199 = AXIS2_PLACEMENT_3D ( 'NONE', #1805, #1006, #1430 ) ;
#2200 = EDGE_LOOP ( 'NONE', ( #2254, #2478, #2131, #2281 ) ) ;
#2201 = AXIS2_PLACEMENT_3D ( 'NONE', #2391, #1333, #1155 ) ;
#2202 = SHAPE_DEFINITION_REPRESENTATION ( #1849, #488 ) ;
#2203 = DIRECTION ( 'NONE',  ( 0.000000000000000000, 0.000000000000000000, -1.000000000000000000 ) ) ;
#2204 = FACE_BOUND ( 'NONE', #1703, .T. ) ;
#2205 = VECTOR ( 'NONE', #584, 1000.000000000000000 ) ;
#2206 = EDGE_LOOP ( 'NONE', ( #188, #335 ) ) ;
#2207 = DIRECTION ( 'NONE',  ( 0.000000000000000000, 0.000000000000000000, 1.000000000000000000 ) ) ;
#2208 = LINE ( 'NONE', #1413, #1676 ) ;
#2209 = AXIS2_PLACEMENT_3D ( 'NONE', #2122, #610, #1884 ) ;
#2210 = EDGE_CURVE ( 'NONE', #2270, #56, #2189, .T. ) ;
#2211 = EDGE_LOOP ( 'NONE', ( #1881, #2622, #1336, #1056 ) ) ;
#2212 = EDGE_CURVE ( 'NONE', #2185, #2575, #1929, .T. ) ;
#2213 = ORIENTED_EDGE ( 'NONE', *, *, #1445, .F. ) ;
#2214 = VECTOR ( 'NONE', #1053, 1000.000000000000000 ) ;
#2215 = DIRECTION ( 'NONE',  ( 0.000000000000000000, 1.000000000000000000, 0.000000000000000000 ) ) ;
#2216 = EDGE_LOOP ( 'NONE', ( #648, #1539 ) ) ;
#2217 = LINE ( 'NONE', #1792, #1620 ) ;
#2218 = CARTESIAN_POINT ( 'NONE',  ( -57.99999999999999289, -23.00000000000001776, 41.87056274847714832 ) ) ;
#2219 = CARTESIAN_POINT ( 'NONE',  ( 50.00000000000000000, -47.00000000000000000, 25.39999999999999858 ) ) ;
#2220 = AXIS2_PLACEMENT_3D ( 'NONE', #1016, #2051, #1177 ) ;
#2221 = DIRECTION ( 'NONE',  ( 0.000000000000000000, 0.000000000000000000, -1.000000000000000000 ) ) ;
#2222 = DIRECTION ( 'NONE',  ( 0.000000000000000000, 0.000000000000000000, 1.000000000000000000 ) ) ;
#2223 = CARTESIAN_POINT ( 'NONE',  ( -57.99999999999999289, -23.00000000000001776, 0.000000000000000000 ) ) ;
#2224 = EDGE_CURVE ( 'NONE', #865, #241, #693, .T. ) ;
#2225 = VERTEX_POINT ( 'NONE', #2559 ) ;
#2226 = ORIENTED_EDGE ( 'NONE', *, *, #2227, .F. ) ;
#2227 = EDGE_CURVE ( 'NONE', #1015, #617, #2361, .T. ) ;
#2228 = VERTEX_POINT ( 'NONE', #1973 ) ;
#2229 = CARTESIAN_POINT ( 'NONE',  ( 50.00000000000000000, -48.47499999999999432, 25.39999999999999858 ) ) ;
#2230 = FACE_OUTER_BOUND ( 'NONE', #2197, .T. ) ;
#2231 = CARTESIAN_POINT ( 'NONE',  ( -57.99999999999999289, -23.00000000000001776, 24.89999999999999858 ) ) ;
#2232 = CARTESIAN_POINT ( 'NONE',  ( -57.99999999999999289, -23.00000000000001776, 24.89999999999999858 ) ) ;
#2233 = LINE ( 'NONE', #2193, #1262 ) ;
#2234 = DIRECTION ( 'NONE',  ( 0.000000000000000000, 0.000000000000000000, -1.000000000000000000 ) ) ;
#2235 = ORIENTED_EDGE ( 'NONE', *, *, #1149, .F. ) ;
#2236 = VECTOR ( 'NONE', #2010, 1000.000000000000000 ) ;
#2237 = ORIENTED_EDGE ( 'NONE', *, *, #828, .T. ) ;
#2238 = DIRECTION ( 'NONE',  ( 0.000000000000000000, 0.000000000000000000, 1.000000000000000000 ) ) ;
#2239 = EDGE_CURVE ( 'NONE', #969, #2615, #1329, .T. ) ;
#2240 = ORIENTED_EDGE ( 'NONE', *, *, #2573, .T. ) ;
#2241 = DIRECTION ( 'NONE',  ( 0.000000000000000000, 1.000000000000000000, 0.000000000000000000 ) ) ;
#2242 = EDGE_CURVE ( 'NONE', #1741, #2365, #1133, .T. ) ;
#2243 = CARTESIAN_POINT ( 'NONE',  ( -70.00000000000000000, -40.00000000000000000, 0.000000000000000000 ) ) ;
#2244 = DIRECTION ( 'NONE',  ( -1.000000000000000000, 0.000000000000000000, 0.000000000000000000 ) ) ;
#2245 = DIRECTION ( 'NONE',  ( 0.000000000000000000, 0.000000000000000000, -1.000000000000000000 ) ) ;
#2246 = AXIS2_PLACEMENT_3D ( 'NONE', #2108, #1073, #2345 ) ;
#2247 = VECTOR ( 'NONE', #697, 1000.000000000000000 ) ;
#2248 = DIRECTION ( 'NONE',  ( 0.000000000000000000, 0.000000000000000000, -1.000000000000000000 ) ) ;
#2249 = DIRECTION ( 'NONE',  ( 0.000000000000000000, 1.000000000000000000, 0.000000000000000000 ) ) ;
#2250 = CARTESIAN_POINT ( 'NONE',  ( -55.49999999999999289, -37.49999999999999289, 0.000000000000000000 ) ) ;
#2251 = VERTEX_POINT ( 'NONE', #2015 ) ;
#2252 = AXIS2_PLACEMENT_3D ( 'NONE', #2139, #103, #290 ) ;
#2253 = LINE ( 'NONE', #2074, #1524 ) ;
#2254 = ORIENTED_EDGE ( 'NONE', *, *, #917, .F. ) ;
#2255 = VERTEX_POINT ( 'NONE', #145 ) ;
#2256 = ORIENTED_EDGE ( 'NONE', *, *, #501, .F. ) ;
#2257 = EDGE_CURVE ( 'NONE', #1920, #965, #1577, .T. ) ;
#2258 = CARTESIAN_POINT ( 'NONE',  ( 7.835640909809524324, -1.087413618845666969E-13, 24.89999999999999858 ) ) ;
#2259 = DIRECTION ( 'NONE',  ( 0.000000000000000000, 0.000000000000000000, -1.000000000000000000 ) ) ;
#2260 = EDGE_CURVE ( 'NONE', #644, #1068, #775, .T. ) ;
#2261 = FACE_OUTER_BOUND ( 'NONE', #1242, .T. ) ;
#2262 = CARTESIAN_POINT ( 'NONE',  ( -4.999999999999991118, -37.49999999999999289, 0.000000000000000000 ) ) ;
#2263 = CARTESIAN_POINT ( 'NONE',  ( 40.00000000000000000, -47.00000000000000000, 25.39999999999999858 ) ) ;
#2264 = DIRECTION ( 'NONE',  ( 0.000000000000000000, 1.000000000000000000, 0.000000000000000000 ) ) ;
#2265 = EDGE_LOOP ( 'NONE', ( #945, #619 ) ) ;
#2266 = LINE ( 'NONE', #1686, #1729 ) ;
#2267 = AXIS2_PLACEMENT_3D ( 'NONE', #911, #1689, #490 ) ;
#2268 = EDGE_LOOP ( 'NONE', ( #606, #1910, #958, #2354 ) ) ;
#2269 =( NAMED_UNIT ( * ) SI_UNIT ( $, .STERADIAN. ) SOLID_ANGLE_UNIT ( ) );
#2270 = VERTEX_POINT ( 'NONE', #389 ) ;
#2271 = DIRECTION ( 'NONE',  ( 0.000000000000000000, 1.000000000000000000, 0.000000000000000000 ) ) ;
#2272 = CIRCLE ( 'NONE', #314, 1.474999999999997202 ) ;
#2273 = CARTESIAN_POINT ( 'NONE',  ( 40.00000000000000000, -48.47499999999999432, 25.39999999999999858 ) ) ;
#2274 = CARTESIAN_POINT ( 'NONE',  ( 20.00000000000000000, -47.00000000000000000, 25.39999999999999858 ) ) ;
#2275 = CARTESIAN_POINT ( 'NONE',  ( 50.00000000000000000, -47.00000000000000000, 25.39999999999999858 ) ) ;
#2276 = EDGE_CURVE ( 'NONE', #1003, #1186, #2449, .T. ) ;
#2277 = DIRECTION ( 'NONE',  ( -0.9848077530122092416, 0.000000000000000000, 0.1736481776669238364 ) ) ;
#2278 = ORIENTED_EDGE ( 'NONE', *, *, #138, .F. ) ;
#2279 = EDGE_CURVE ( 'NONE', #401, #659, #1854, .T. ) ;
#2280 = FACE_OUTER_BOUND ( 'NONE', #334, .T. ) ;
#2281 = ORIENTED_EDGE ( 'NONE', *, *, #596, .F. ) ;
#2282 = AXIS2_PLACEMENT_3D ( 'NONE', #529, #1998, #1189 ) ;
#2283 = CIRCLE ( 'NONE', #2666, 1.474999999999997202 ) ;
#2284 = FILL_AREA_STYLE_COLOUR ( '', #1569 ) ;
#2285 = EDGE_LOOP ( 'NONE', ( #2546, #2560, #1585, #727 ) ) ;
#2286 = LINE ( 'NONE', #1253, #1418 ) ;
#2287 = CARTESIAN_POINT ( 'NONE',  ( -19.99999999999999289, -35.00000000000000000, 25.39999999999999858 ) ) ;
#2288 = CARTESIAN_POINT ( 'NONE',  ( -55.00000000000000000, 40.00000000000000711, 0.000000000000000000 ) ) ;
#2289 = DIRECTION ( 'NONE',  ( 0.000000000000000000, 0.000000000000000000, -1.000000000000000000 ) ) ;
#2290 = CARTESIAN_POINT ( 'NONE',  ( 55.50000000000000000, -37.49999999999998579, 0.000000000000000000 ) ) ;
#2291 = AXIS2_PLACEMENT_3D ( 'NONE', #2358, #1749, #493 ) ;
#2292 = CARTESIAN_POINT ( 'NONE',  ( -29.99999999999999289, -35.00000000000000711, 25.39999999999999858 ) ) ;
#2293 = VECTOR ( 'NONE', #2182, 1000.000000000000000 ) ;
#2294 = VERTEX_POINT ( 'NONE', #1411 ) ;
#2295 = EDGE_CURVE ( 'NONE', #1980, #1490, #1832, .T. ) ;
#2296 = DIRECTION ( 'NONE',  ( 0.000000000000000000, 1.000000000000000000, 0.000000000000000000 ) ) ;
#2297 = ORIENTED_EDGE ( 'NONE', *, *, #581, .F. ) ;
#2298 = EDGE_CURVE ( 'NONE', #304, #1208, #972, .T. ) ;
#2299 = AXIS2_PLACEMENT_3D ( 'NONE', #407, #1902, #248 ) ;
#2300 = VECTOR ( 'NONE', #1653, 1000.000000000000000 ) ;
#2301 = SURFACE_SIDE_STYLE ('',( #1465 ) ) ;
#2302 = EDGE_LOOP ( 'NONE', ( #634, #220, #748, #413 ) ) ;
#2303 = AXIS2_PLACEMENT_3D ( 'NONE', #1290, #1699, #2533 ) ;
#2304 = DIRECTION ( 'NONE',  ( 0.000000000000000000, 0.000000000000000000, 1.000000000000000000 ) ) ;
#2305 = CARTESIAN_POINT ( 'NONE',  ( 30.00000000000000000, -45.52500000000000568, 0.000000000000000000 ) ) ;
#2306 = CYLINDRICAL_SURFACE ( 'NONE', #1340, 1.474999999999997202 ) ;
#2307 = DIRECTION ( 'NONE',  ( -0.000000000000000000, 0.000000000000000000, -1.000000000000000000 ) ) ;
#2308 = VERTEX_POINT ( 'NONE', #1400 ) ;
#2309 = CARTESIAN_POINT ( 'NONE',  ( 4.999999999999997335, -37.49999999999999289, 0.000000000000000000 ) ) ;
#2310 = EDGE_LOOP ( 'NONE', ( #2582, #2052, #2606, #1379, #2422, #174, #1173, #2179, #808, #124 ) ) ;
#2311 = ADVANCED_FACE ( 'NONE', ( #168 ), #1613, .F. ) ;
#2312 = CIRCLE ( 'NONE', #1737, 1.474999999999997202 ) ;
#2313 = CARTESIAN_POINT ( 'NONE',  ( -55.00000000000000000, -41.99999999999999289, 0.000000000000000000 ) ) ;
#2314 = ADVANCED_FACE ( 'NONE', ( #995 ), #743, .F. ) ;
#2315 = ORIENTED_EDGE ( 'NONE', *, *, #1531, .T. ) ;
#2316 = DIRECTION ( 'NONE',  ( 0.000000000000000000, 1.000000000000000000, 0.000000000000000000 ) ) ;
#2317 = PRESENTATION_STYLE_ASSIGNMENT (( #1467 ) ) ;
#2318 = DIRECTION ( 'NONE',  ( 0.000000000000000000, 0.000000000000000000, 1.000000000000000000 ) ) ;
#2319 = DIRECTION ( 'NONE',  ( 0.000000000000000000, 0.000000000000000000, -1.000000000000000000 ) ) ;
#2320 = CARTESIAN_POINT ( 'NONE',  ( 30.00000000000000000, -48.47499999999999432, 25.39999999999999858 ) ) ;
#2321 = EDGE_LOOP ( 'NONE', ( #1777, #869, #1609, #1361 ) ) ;
#2322 = CARTESIAN_POINT ( 'NONE',  ( 20.00000000000000000, -36.47500000000000142, 25.39999999999999858 ) ) ;
#2323 = VERTEX_POINT ( 'NONE', #576 ) ;
#2324 = EDGE_LOOP ( 'NONE', ( #2466, #749, #1732, #796 ) ) ;
#2325 = CYLINDRICAL_SURFACE ( 'NONE', #350, 1.474999999999997202 ) ;
#2326 = ORIENTED_EDGE ( 'NONE', *, *, #2654, .T. ) ;
#2327 = VECTOR ( 'NONE', #926, 1000.000000000000000 ) ;
#2328 = ADVANCED_FACE ( 'NONE', ( #2261 ), #801, .F. ) ;
#2329 = VERTEX_POINT ( 'NONE', #1020 ) ;
#2330 = CYLINDRICAL_SURFACE ( 'NONE', #1724, 1.474999999999997202 ) ;
#2331 = ADVANCED_FACE ( 'NONE', ( #2412 ), #563, .F. ) ;
#2332 = DIRECTION ( 'NONE',  ( 1.000000000000000000, 7.709882115452474469E-17, 0.000000000000000000 ) ) ;
#2333 = PLANE ( 'NONE',  #467 ) ;
#2334 = CARTESIAN_POINT ( 'NONE',  ( 55.00000000000000711, -32.99999999999999289, 25.39999999999999858 ) ) ;
#2335 = DIRECTION ( 'NONE',  ( 8.673617379884035472E-17, -1.000000000000000000, 0.000000000000000000 ) ) ;
#2336 = EDGE_LOOP ( 'NONE', ( #1505, #2595, #239, #767 ) ) ;
#2337 = LINE ( 'NONE', #1090, #2171 ) ;
#2338 = EDGE_LOOP ( 'NONE', ( #1123, #1674 ) ) ;
#2339 = CARTESIAN_POINT ( 'NONE',  ( -29.99999999999999289, -35.00000000000000711, 25.39999999999999858 ) ) ;
#2340 = CIRCLE ( 'NONE', #338, 1.474999999999997202 ) ;
#2341 = VERTEX_POINT ( 'NONE', #1194 ) ;
#2342 = DIRECTION ( 'NONE',  ( 0.000000000000000000, 1.000000000000000000, 0.000000000000000000 ) ) ;
#2343 = ADVANCED_FACE ( 'NONE', ( #1588, #2461, #154, #2002, #1809, #2041, #986, #179, #599, #547, #2204, #1178 ), #1795, .T. ) ;
#2344 = LINE ( 'NONE', #677, #742 ) ;
#2345 = DIRECTION ( 'NONE',  ( 0.000000000000000000, 1.000000000000000000, 0.000000000000000000 ) ) ;
#2346 = VECTOR ( 'NONE', #1220, 1000.000000000000000 ) ;
#2347 = FACE_BOUND ( 'NONE', #976, .T. ) ;
#2348 = CARTESIAN_POINT ( 'NONE',  ( 55.00000000000000000, -37.49999999999998579, 24.89999999999999858 ) ) ;
#2349 = VERTEX_POINT ( 'NONE', #856 ) ;
#2350 = CARTESIAN_POINT ( 'NONE',  ( -55.00000000000000000, -33.00000000000000000, 1.399999999999998579 ) ) ;
#2351 = FACE_OUTER_BOUND ( 'NONE', #1377, .T. ) ;
#2352 = EDGE_LOOP ( 'NONE', ( #1055, #266, #1307, #536 ) ) ;
#2353 = LINE ( 'NONE', #2101, #1826 ) ;
#2354 = ORIENTED_EDGE ( 'NONE', *, *, #1905, .F. ) ;
#2355 = VECTOR ( 'NONE', #474, 1000.000000000000000 ) ;
#2356 = CARTESIAN_POINT ( 'NONE',  ( 4.999999999999997335, -37.49999999999999289, 0.000000000000000000 ) ) ;
#2357 = ORIENTED_EDGE ( 'NONE', *, *, #1619, .T. ) ;
#2358 = CARTESIAN_POINT ( 'NONE',  ( 50.00000000000000000, -35.00000000000000000, 25.39999999999999858 ) ) ;
#2359 = DIRECTION ( 'NONE',  ( 0.000000000000000000, 0.000000000000000000, -1.000000000000000000 ) ) ;
#2360 = CARTESIAN_POINT ( 'NONE',  ( -54.99999999999999289, -23.00000000000001776, 33.91387818865997161 ) ) ;
#2361 = LINE ( 'NONE', #2375, #1074 ) ;
#2362 = ORIENTED_EDGE ( 'NONE', *, *, #1230, .F. ) ;
#2363 = DIRECTION ( 'NONE',  ( 1.734723475976807094E-16, -1.000000000000000000, 0.000000000000000000 ) ) ;
#2364 = EDGE_CURVE ( 'NONE', #1197, #1150, #1681, .T. ) ;
#2365 = VERTEX_POINT ( 'NONE', #1048 ) ;
#2366 = EDGE_CURVE ( 'NONE', #2034, #1920, #1284, .T. ) ;
#2367 = VERTEX_POINT ( 'NONE', #1483 ) ;
#2368 = VERTEX_POINT ( 'NONE', #234 ) ;
#2369 = CARTESIAN_POINT ( 'NONE',  ( -39.99999999999999289, -36.47500000000000853, 25.39999999999999858 ) ) ;
#2370 = CARTESIAN_POINT ( 'NONE',  ( 10.00000000000000000, -48.47499999999999432, 25.39999999999999858 ) ) ;
#2371 = EDGE_LOOP ( 'NONE', ( #1751, #1533, #669, #2172 ) ) ;
#2372 = CARTESIAN_POINT ( 'NONE',  ( 55.00000000000000000, -39.99999999999998579, 24.89999999999999858 ) ) ;
#2373 = AXIS2_PLACEMENT_3D ( 'NONE', #985, #2636, #1383 ) ;
#2374 = DIRECTION ( 'NONE',  ( 1.734723475976807094E-16, -1.000000000000000000, 0.000000000000000000 ) ) ;
#2375 = CARTESIAN_POINT ( 'NONE',  ( -4.999999999999991118, -37.49999999999999289, 0.000000000000000000 ) ) ;
#2376 = EDGE_LOOP ( 'NONE', ( #2601, #2610, #2081, #22 ) ) ;
#2377 = LINE ( 'NONE', #2350, #823 ) ;
#2378 = DIRECTION ( 'NONE',  ( -0.000000000000000000, 0.000000000000000000, -1.000000000000000000 ) ) ;
#2379 = EDGE_CURVE ( 'NONE', #2294, #1554, #2642, .T. ) ;
#2380 = ORIENTED_EDGE ( 'NONE', *, *, #1736, .F. ) ;
#2381 = EDGE_CURVE ( 'NONE', #2329, #871, #1272, .T. ) ;
#2382 = AXIS2_PLACEMENT_3D ( 'NONE', #1927, #903, #1708 ) ;
#2383 = VECTOR ( 'NONE', #1358, 1000.000000000000000 ) ;
#2384 = ORIENTED_EDGE ( 'NONE', *, *, #1092, .T. ) ;
#2385 = DIRECTION ( 'NONE',  ( -0.000000000000000000, 0.000000000000000000, -1.000000000000000000 ) ) ;
#2386 = AXIS2_PLACEMENT_3D ( 'NONE', #921, #274, #1101 ) ;
#2387 = DIRECTION ( 'NONE',  ( 0.000000000000000000, -1.000000000000000000, 0.000000000000000000 ) ) ;
#2388 = ORIENTED_EDGE ( 'NONE', *, *, #694, .T. ) ;
#2389 = CARTESIAN_POINT ( 'NONE',  ( -40.00000000000000711, -47.00000000000000711, 25.39999999999999858 ) ) ;
#2390 = DIRECTION ( 'NONE',  ( 0.000000000000000000, 0.000000000000000000, -1.000000000000000000 ) ) ;
#2391 = CARTESIAN_POINT ( 'NONE',  ( 10.00000000000000000, -35.00000000000000000, 25.39999999999999858 ) ) ;
#2392 = EDGE_LOOP ( 'NONE', ( #370, #769, #1107, #2050 ) ) ;
#2393 = ORIENTED_EDGE ( 'NONE', *, *, #2224, .F. ) ;
#2394 = ADVANCED_FACE ( 'NONE', ( #1497 ), #2330, .F. ) ;
#2395 = ORIENTED_EDGE ( 'NONE', *, *, #1212, .F. ) ;
#2396 = CYLINDRICAL_SURFACE ( 'NONE', #752, 1.474999999999997202 ) ;
#2397 = EDGE_CURVE ( 'NONE', #603, #2537, #1084, .T. ) ;
#2398 = CIRCLE ( 'NONE', #47, 1.474999999999997202 ) ;
#2399 = CARTESIAN_POINT ( 'NONE',  ( -30.00000000000000711, -45.52500000000001279, 25.39999999999999858 ) ) ;
#2400 = EDGE_LOOP ( 'NONE', ( #1827, #2553, #2089, #297 ) ) ;
#2401 = DIRECTION ( 'NONE',  ( 0.000000000000000000, 1.000000000000000000, 0.000000000000000000 ) ) ;
#2402 = DIRECTION ( 'NONE',  ( -1.734723475976807094E-16, 1.000000000000000000, 0.000000000000000000 ) ) ;
#2403 = FACE_BOUND ( 'NONE', #781, .T. ) ;
#2404 = CIRCLE ( 'NONE', #1365, 1.474999999999997202 ) ;
#2405 = EDGE_LOOP ( 'NONE', ( #1278, #2395, #1774, #1850 ) ) ;
#2406 = ORIENTED_EDGE ( 'NONE', *, *, #2295, .T. ) ;
#2407 = VERTEX_POINT ( 'NONE', #2675 ) ;
#2408 = CARTESIAN_POINT ( 'NONE',  ( 50.00000000000000000, -45.52500000000000568, 25.39999999999999858 ) ) ;
#2409 = FACE_OUTER_BOUND ( 'NONE', #1283, .T. ) ;
#2410 = ADVANCED_FACE ( 'NONE', ( #1470 ), #1072, .F. ) ;
#2411 = LINE ( 'NONE', #545, #1464 ) ;
#2412 = FACE_OUTER_BOUND ( 'NONE', #1298, .T. ) ;
#2413 = CIRCLE ( 'NONE', #1755, 1.474999999999997202 ) ;
#2414 = ORIENTED_EDGE ( 'NONE', *, *, #1212, .T. ) ;
#2415 = DIRECTION ( 'NONE',  ( 1.405126015541212484E-14, -1.000000000000000000, 0.000000000000000000 ) ) ;
#2416 = CARTESIAN_POINT ( 'NONE',  ( -10.00000000000000711, -47.00000000000000000, 25.39999999999999858 ) ) ;
#2417 = LINE ( 'NONE', #2625, #162 ) ;
#2418 = ORIENTED_EDGE ( 'NONE', *, *, #219, .F. ) ;
#2419 = ORIENTED_EDGE ( 'NONE', *, *, #484, .F. ) ;
#2420 = DIRECTION ( 'NONE',  ( 0.000000000000000000, 0.000000000000000000, -1.000000000000000000 ) ) ;
#2421 = AXIS2_PLACEMENT_3D ( 'NONE', #583, #573, #2438 ) ;
#2422 = ORIENTED_EDGE ( 'NONE', *, *, #1417, .T. ) ;
#2423 = CIRCLE ( 'NONE', #2072, 1.474999999999997202 ) ;
#2424 = AXIS2_PLACEMENT_3D ( 'NONE', #1541, #2671, #1193 ) ;
#2425 = FILL_AREA_STYLE_COLOUR ( '', #115 ) ;
#2426 = EDGE_CURVE ( 'NONE', #1598, #1490, #771, .T. ) ;
#2427 = CARTESIAN_POINT ( 'NONE',  ( -55.00000000000000000, 40.00000000000000711, 25.39999999999999858 ) ) ;
#2428 = CARTESIAN_POINT ( 'NONE',  ( 5.000000000000000888, -37.24999999999999289, 0.000000000000000000 ) ) ;
#2429 = AXIS2_PLACEMENT_3D ( 'NONE', #2545, #2518, #651 ) ;
#2430 = DIRECTION ( 'NONE',  ( 0.000000000000000000, 0.000000000000000000, 1.000000000000000000 ) ) ;
#2431 = LINE ( 'NONE', #1182, #76 ) ;
#2432 = CIRCLE ( 'NONE', #2120, 1.474999999999997202 ) ;
#2433 = ADVANCED_FACE ( 'NONE', ( #649 ), #23, .F. ) ;
#2434 = ORIENTED_EDGE ( 'NONE', *, *, #1840, .T. ) ;
#2435 = EDGE_LOOP ( 'NONE', ( #910, #4 ) ) ;
#2436 = AXIS2_PLACEMENT_3D ( 'NONE', #276, #2169, #1103 ) ;
#2437 = EDGE_LOOP ( 'NONE', ( #1761, #139, #898, #1953 ) ) ;
#2438 = DIRECTION ( 'NONE',  ( -1.000000000000000000, -1.734723475976807094E-16, 0.000000000000000000 ) ) ;
#2439 = DIRECTION ( 'NONE',  ( 0.000000000000000000, 1.000000000000000000, 0.000000000000000000 ) ) ;
#2440 = DIRECTION ( 'NONE',  ( -1.000000000000000000, -1.387778780781445676E-16, 0.000000000000000000 ) ) ;
#2441 = CIRCLE ( 'NONE', #2090, 1.474999999999997202 ) ;
#2442 = FACE_BOUND ( 'NONE', #1697, .T. ) ;
#2443 = ORIENTED_EDGE ( 'NONE', *, *, #1993, .F. ) ;
#2444 = EDGE_CURVE ( 'NONE', #1980, #1080, #1599, .T. ) ;
#2445 = ORIENTED_EDGE ( 'NONE', *, *, #2212, .T. ) ;
#2446 = EDGE_CURVE ( 'NONE', #2458, #1711, #38, .T. ) ;
#2447 = ORIENTED_EDGE ( 'NONE', *, *, #2109, .T. ) ;
#2448 = CARTESIAN_POINT ( 'NONE',  ( -49.99999999999999289, -33.52500000000001279, 25.39999999999999858 ) ) ;
#2449 = LINE ( 'NONE', #1007, #1301 ) ;
#2450 = DIRECTION ( 'NONE',  ( 0.000000000000000000, 1.000000000000000000, 0.000000000000000000 ) ) ;
#2451 = FACE_OUTER_BOUND ( 'NONE', #2471, .T. ) ;
#2452 = LINE ( 'NONE', #1877, #415 ) ;
#2453 = VERTEX_POINT ( 'NONE', #447 ) ;
#2454 = AXIS2_PLACEMENT_3D ( 'NONE', #574, #363, #2024 ) ;
#2455 = ORIENTED_EDGE ( 'NONE', *, *, #332, .F. ) ;
#2456 = EDGE_CURVE ( 'NONE', #671, #1992, #1124, .T. ) ;
#2457 = EDGE_CURVE ( 'NONE', #2668, #2036, #2432, .T. ) ;
#2458 = VERTEX_POINT ( 'NONE', #1237 ) ;
#2459 = ORIENTED_EDGE ( 'NONE', *, *, #957, .T. ) ;
#2460 = CARTESIAN_POINT ( 'NONE',  ( -49.99999999999999289, -35.00000000000000711, 25.39999999999999858 ) ) ;
#2461 = FACE_BOUND ( 'NONE', #62, .T. ) ;
#2462 = AXIS2_PLACEMENT_3D ( 'NONE', #2485, #621, #1978 ) ;
#2463 = DIRECTION ( 'NONE',  ( 0.000000000000000000, 0.000000000000000000, 1.000000000000000000 ) ) ;
#2464 = LINE ( 'NONE', #1615, #2027 ) ;
#2465 = VECTOR ( 'NONE', #786, 1000.000000000000000 ) ;
#2466 = ORIENTED_EDGE ( 'NONE', *, *, #1213, .T. ) ;
#2467 = VECTOR ( 'NONE', #843, 1000.000000000000000 ) ;
#2468 = LINE ( 'NONE', #2520, #914 ) ;
#2469 = ORIENTED_EDGE ( 'NONE', *, *, #2456, .F. ) ;
#2470 = DIRECTION ( 'NONE',  ( -0.9848077530122092416, -1.708369128474248641E-16, -0.1736481776669238364 ) ) ;
#2471 = EDGE_LOOP ( 'NONE', ( #1799, #1264, #1125, #2235 ) ) ;
#2472 = FACE_OUTER_BOUND ( 'NONE', #455, .T. ) ;
#2473 = EDGE_CURVE ( 'NONE', #2255, #1338, #2067, .T. ) ;
#2474 = CARTESIAN_POINT ( 'NONE',  ( 0.000000000000000000, -47.00000000000000000, 25.39999999999999858 ) ) ;
#2475 = EDGE_CURVE ( 'NONE', #1578, #1079, #1034, .T. ) ;
#2476 = DIRECTION ( 'NONE',  ( 0.000000000000000000, 0.000000000000000000, -1.000000000000000000 ) ) ;
#2477 = DIRECTION ( 'NONE',  ( 1.000000000000000000, 1.156482317317871478E-16, 0.000000000000000000 ) ) ;
#2478 = ORIENTED_EDGE ( 'NONE', *, *, #1595, .T. ) ;
#2479 = LINE ( 'NONE', #850, #2346 ) ;
#2480 = ORIENTED_EDGE ( 'NONE', *, *, #2174, .T. ) ;
#2481 = ORIENTED_EDGE ( 'NONE', *, *, #85, .F. ) ;
#2482 = DIRECTION ( 'NONE',  ( -0.000000000000000000, 0.000000000000000000, -1.000000000000000000 ) ) ;
#2483 = ORIENTED_EDGE ( 'NONE', *, *, #1431, .T. ) ;
#2484 = DIRECTION ( 'NONE',  ( 1.000000000000000000, 1.156482317317871478E-16, 0.000000000000000000 ) ) ;
#2485 = CARTESIAN_POINT ( 'NONE',  ( 10.00000000000000000, -35.00000000000000000, 0.000000000000000000 ) ) ;
#2486 = LINE ( 'NONE', #2448, #940 ) ;
#2487 = FACE_OUTER_BOUND ( 'NONE', #2087, .T. ) ;
#2488 = ADVANCED_FACE ( 'NONE', ( #2487 ), #222, .T. ) ;
#2489 = CARTESIAN_POINT ( 'NONE',  ( -55.00000000000000000, -41.99999999999999289, 25.39999999999999858 ) ) ;
#2490 = CARTESIAN_POINT ( 'NONE',  ( 53.19077862357738695, -39.99999999999997868, 35.66060429976968749 ) ) ;
#2491 = DIRECTION ( 'NONE',  ( 0.000000000000000000, 1.000000000000000000, 0.000000000000000000 ) ) ;
#2492 = CARTESIAN_POINT ( 'NONE',  ( 55.50000000000000000, -32.00000000000000711, 0.000000000000000000 ) ) ;
#2493 = ORIENTED_EDGE ( 'NONE', *, *, #2276, .F. ) ;
#2494 = CYLINDRICAL_SURFACE ( 'NONE', #476, 1.474999999999997202 ) ;
#2495 = ORIENTED_EDGE ( 'NONE', *, *, #1650, .T. ) ;
#2496 = AXIS2_PLACEMENT_3D ( 'NONE', #1788, #2238, #2215 ) ;
#2497 = AXIS2_PLACEMENT_3D ( 'NONE', #1925, #2123, #53 ) ;
#2498 = CARTESIAN_POINT ( 'NONE',  ( -54.99999999999999289, -37.24999999999999289, 0.000000000000000000 ) ) ;
#2499 = EDGE_LOOP ( 'NONE', ( #937, #827, #1362, #2077 ) ) ;
#2500 = CARTESIAN_POINT ( 'NONE',  ( -55.00000000000000000, -41.99999999999999289, 25.39999999999999858 ) ) ;
#2501 = DIRECTION ( 'NONE',  ( -1.000000000000000000, -1.387778780781445676E-16, 0.000000000000000000 ) ) ;
#2502 = CARTESIAN_POINT ( 'NONE',  ( 58.00000000000000000, -23.00000000000000711, 0.000000000000000000 ) ) ;
#2503 = EDGE_CURVE ( 'NONE', #1581, #1330, #131, .T. ) ;
#2504 = DIRECTION ( 'NONE',  ( 0.000000000000000000, 0.000000000000000000, -1.000000000000000000 ) ) ;
#2505 = VECTOR ( 'NONE', #1886, 1000.000000000000000 ) ;
#2506 = AXIS2_PLACEMENT_3D ( 'NONE', #772, #1713, #306 ) ;
#2507 = VERTEX_POINT ( 'NONE', #1339 ) ;
#2508 = PLANE ( 'NONE',  #782 ) ;
#2509 = EDGE_CURVE ( 'NONE', #2008, #969, #472, .T. ) ;
#2510 = VERTEX_POINT ( 'NONE', #326 ) ;
#2511 = VECTOR ( 'NONE', #1051, 1000.000000000000000 ) ;
#2512 = CYLINDRICAL_SURFACE ( 'NONE', #652, 1.474999999999997202 ) ;
#2513 = EDGE_LOOP ( 'NONE', ( #1179, #2447, #2047, #708, #1105 ) ) ;
#2514 = CIRCLE ( 'NONE', #2303, 1.474999999999997202 ) ;
#2515 = CARTESIAN_POINT ( 'NONE',  ( -39.99999999999999289, -35.00000000000000711, 25.39999999999999858 ) ) ;
#2516 = DIRECTION ( 'NONE',  ( 0.000000000000000000, 0.000000000000000000, -1.000000000000000000 ) ) ;
#2517 = DIRECTION ( 'NONE',  ( 0.000000000000000000, 0.000000000000000000, -1.000000000000000000 ) ) ;
#2518 = DIRECTION ( 'NONE',  ( -0.000000000000000000, 0.000000000000000000, -1.000000000000000000 ) ) ;
#2519 = ORIENTED_EDGE ( 'NONE', *, *, #2210, .T. ) ;
#2520 = CARTESIAN_POINT ( 'NONE',  ( 4.999999999999997335, -37.49999999999999289, 25.39999999999999858 ) ) ;
#2521 = ORIENTED_EDGE ( 'NONE', *, *, #1957, .F. ) ;
#2522 = EDGE_CURVE ( 'NONE', #489, #1322, #505, .T. ) ;
#2523 = VECTOR ( 'NONE', #1794, 1000.000000000000000 ) ;
#2524 = ADVANCED_FACE ( 'NONE', ( #1941 ), #300, .F. ) ;
#2525 = DIRECTION ( 'NONE',  ( 0.000000000000000000, 0.000000000000000000, 1.000000000000000000 ) ) ;
#2526 = ORIENTED_EDGE ( 'NONE', *, *, #329, .F. ) ;
#2527 = DIRECTION ( 'NONE',  ( 0.000000000000000000, 1.000000000000000000, 0.000000000000000000 ) ) ;
#2528 = ORIENTED_EDGE ( 'NONE', *, *, #2227, .T. ) ;
#2529 = DIRECTION ( 'NONE',  ( 0.000000000000000000, 1.000000000000000000, 0.000000000000000000 ) ) ;
#2530 = CARTESIAN_POINT ( 'NONE',  ( -20.00000000000000711, -47.00000000000000000, 0.000000000000000000 ) ) ;
#2531 = DIRECTION ( 'NONE',  ( 0.000000000000000000, 0.000000000000000000, -1.000000000000000000 ) ) ;
#2532 = ORIENTED_EDGE ( 'NONE', *, *, #1478, .T. ) ;
#2533 = DIRECTION ( 'NONE',  ( 0.000000000000000000, 1.000000000000000000, 0.000000000000000000 ) ) ;
#2534 = EDGE_LOOP ( 'NONE', ( #185, #1252, #71, #641 ) ) ;
#2535 = EDGE_CURVE ( 'NONE', #2367, #1711, #2568, .T. ) ;
#2536 = DIRECTION ( 'NONE',  ( -0.000000000000000000, 0.000000000000000000, -1.000000000000000000 ) ) ;
#2537 = VERTEX_POINT ( 'NONE', #478 ) ;
#2538 = VECTOR ( 'NONE', #817, 1000.000000000000000 ) ;
#2539 = ADVANCED_FACE ( 'NONE', ( #1353 ), #2396, .F. ) ;
#2540 = CIRCLE ( 'NONE', #2151, 1.474999999999997202 ) ;
#2541 = ORIENTED_EDGE ( 'NONE', *, *, #2570, .T. ) ;
#2542 = DIRECTION ( 'NONE',  ( -0.000000000000000000, 0.000000000000000000, -1.000000000000000000 ) ) ;
#2543 = DIRECTION ( 'NONE',  ( 0.000000000000000000, 1.000000000000000000, 0.000000000000000000 ) ) ;
#2544 = FACE_OUTER_BOUND ( 'NONE', #1221, .T. ) ;
#2545 = CARTESIAN_POINT ( 'NONE',  ( 30.00000000000000000, -47.00000000000000000, 25.39999999999999858 ) ) ;
#2546 = ORIENTED_EDGE ( 'NONE', *, *, #1976, .T. ) ;
#2547 = DIRECTION ( 'NONE',  ( 0.000000000000000000, 0.000000000000000000, -1.000000000000000000 ) ) ;
#2548 = DIRECTION ( 'NONE',  ( 0.000000000000000000, 0.000000000000000000, 1.000000000000000000 ) ) ;
#2549 = ORIENTED_EDGE ( 'NONE', *, *, #1442, .F. ) ;
#2550 = PLANE ( 'NONE',  #308 ) ;
#2551 = AXIS2_PLACEMENT_3D ( 'NONE', #1387, #1769, #731 ) ;
#2552 = AXIS2_PLACEMENT_3D ( 'NONE', #1625, #1214, #354 ) ;
#2553 = ORIENTED_EDGE ( 'NONE', *, *, #2126, .F. ) ;
#2554 = CARTESIAN_POINT ( 'NONE',  ( 55.50000000000000000, -37.49999999999998579, 42.66267650163204195 ) ) ;
#2555 = ADVANCED_FACE ( 'NONE', ( #87 ), #1956, .F. ) ;
#2556 = CYLINDRICAL_SURFACE ( 'NONE', #2632, 1.474999999999997202 ) ;
#2557 = AXIS2_PLACEMENT_3D ( 'NONE', #57, #891, #1712 ) ;
#2558 = EDGE_CURVE ( 'NONE', #1882, #852, #1923, .T. ) ;
#2559 = CARTESIAN_POINT ( 'NONE',  ( -9.999999999999992895, -36.47500000000000142, 25.39999999999999858 ) ) ;
#2560 = ORIENTED_EDGE ( 'NONE', *, *, #1479, .F. ) ;
#2561 = LINE ( 'NONE', #499, #1398 ) ;
#2562 = VERTEX_POINT ( 'NONE', #1762 ) ;
#2563 = VERTEX_POINT ( 'NONE', #100 ) ;
#2564 = CARTESIAN_POINT ( 'NONE',  ( 20.00000000000000000, -45.52500000000000568, 0.000000000000000000 ) ) ;
#2565 = VERTEX_POINT ( 'NONE', #1970 ) ;
#2566 = VECTOR ( 'NONE', #2536, 1000.000000000000000 ) ;
#2567 = ORIENTED_EDGE ( 'NONE', *, *, #390, .F. ) ;
#2568 = LINE ( 'NONE', #1911, #1517 ) ;
#2569 = CARTESIAN_POINT ( 'NONE',  ( 10.00000000000000000, -33.52500000000000568, 25.39999999999999858 ) ) ;
#2570 = EDGE_CURVE ( 'NONE', #1775, #1671, #676, .T. ) ;
#2571 = CARTESIAN_POINT ( 'NONE',  ( -39.99999999999999289, -36.47500000000000853, 0.000000000000000000 ) ) ;
#2572 = ORIENTED_EDGE ( 'NONE', *, *, #2616, .F. ) ;
#2573 = EDGE_CURVE ( 'NONE', #281, #851, #765, .T. ) ;
#2574 = CARTESIAN_POINT ( 'NONE',  ( -55.00000000000000000, -33.00000000000000000, 0.000000000000000000 ) ) ;
#2575 = VERTEX_POINT ( 'NONE', #916 ) ;
#2576 = ORIENTED_EDGE ( 'NONE', *, *, #1442, .T. ) ;
#2577 = CARTESIAN_POINT ( 'NONE',  ( 50.00000000000000000, -35.00000000000000000, 0.000000000000000000 ) ) ;
#2578 = EDGE_LOOP ( 'NONE', ( #2073, #191, #1406, #1836 ) ) ;
#2579 = CARTESIAN_POINT ( 'NONE',  ( 1.806354028742349500E-16, -48.47499999999999432, 25.39999999999999858 ) ) ;
#2580 = MECHANICAL_DESIGN_GEOMETRIC_PRESENTATION_REPRESENTATION (  '', ( #1376 ), #366 ) ;
#2581 = DIRECTION ( 'NONE',  ( 0.000000000000000000, 1.000000000000000000, 0.000000000000000000 ) ) ;
#2582 = ORIENTED_EDGE ( 'NONE', *, *, #1300, .F. ) ;
#2583 = ADVANCED_FACE ( 'NONE', ( #1735 ), #1528, .F. ) ;
#2584 = CYLINDRICAL_SURFACE ( 'NONE', #866, 1.474999999999997202 ) ;
#2585 = CARTESIAN_POINT ( 'NONE',  ( 50.00000000000000000, -35.00000000000000000, 0.000000000000000000 ) ) ;
#2586 = ORIENTED_EDGE ( 'NONE', *, *, #2616, .T. ) ;
#2587 = EDGE_CURVE ( 'NONE', #2591, #2562, #703, .T. ) ;
#2588 = EDGE_LOOP ( 'NONE', ( #2196, #2388, #2469, #1537 ) ) ;
#2589 = EDGE_CURVE ( 'NONE', #1017, #1197, #1113, .T. ) ;
#2590 = AXIS2_PLACEMENT_3D ( 'NONE', #1204, #1259, #587 ) ;
#2591 = VERTEX_POINT ( 'NONE', #2579 ) ;
#2592 = DIRECTION ( 'NONE',  ( 1.000000000000000000, 0.000000000000000000, 0.000000000000000000 ) ) ;
#2593 = DIRECTION ( 'NONE',  ( 0.000000000000000000, 1.000000000000000000, 0.000000000000000000 ) ) ;
#2594 = DIRECTION ( 'NONE',  ( 0.000000000000000000, -1.000000000000000000, 0.000000000000000000 ) ) ;
#2595 = ORIENTED_EDGE ( 'NONE', *, *, #465, .F. ) ;
#2596 = CARTESIAN_POINT ( 'NONE',  ( 0.000000000000000000, -35.00000000000000000, 0.000000000000000000 ) ) ;
#2597 = DIRECTION ( 'NONE',  ( 0.000000000000000000, 1.000000000000000000, 0.000000000000000000 ) ) ;
#2598 = DIRECTION ( 'NONE',  ( -0.000000000000000000, 0.000000000000000000, -1.000000000000000000 ) ) ;
#2599 = CARTESIAN_POINT ( 'NONE',  ( -29.99999999999999289, -35.00000000000000711, 25.39999999999999858 ) ) ;
#2600 = UNCERTAINTY_MEASURE_WITH_UNIT (LENGTH_MEASURE( 1.000000000000000082E-05 ), #1830, 'distance_accuracy_value', 'NONE');
#2601 = ORIENTED_EDGE ( 'NONE', *, *, #2009, .F. ) ;
#2602 = ORIENTED_EDGE ( 'NONE', *, *, #1265, .F. ) ;
#2603 = EDGE_CURVE ( 'NONE', #2407, #2657, #1314, .T. ) ;
#2604 = DIRECTION ( 'NONE',  ( 0.000000000000000000, 0.000000000000000000, 1.000000000000000000 ) ) ;
#2605 = ADVANCED_FACE ( 'NONE', ( #713 ), #1550, .F. ) ;
#2606 = ORIENTED_EDGE ( 'NONE', *, *, #378, .T. ) ;
#2607 = CARTESIAN_POINT ( 'NONE',  ( 0.000000000000000000, 0.000000000000000000, 0.000000000000000000 ) ) ;
#2608 = CARTESIAN_POINT ( 'NONE',  ( 55.00000000000000000, -37.24999999999998579, 0.000000000000000000 ) ) ;
#2609 = DIRECTION ( 'NONE',  ( -1.000000000000000000, 0.000000000000000000, 0.000000000000000000 ) ) ;
#2610 = ORIENTED_EDGE ( 'NONE', *, *, #1789, .F. ) ;
#2611 = DIRECTION ( 'NONE',  ( 0.000000000000000000, 0.000000000000000000, 1.000000000000000000 ) ) ;
#2612 = DIRECTION ( 'NONE',  ( -0.000000000000000000, 0.000000000000000000, -1.000000000000000000 ) ) ;
#2613 = CIRCLE ( 'NONE', #2183, 1.474999999999997202 ) ;
#2614 = ORIENTED_EDGE ( 'NONE', *, *, #1089, .F. ) ;
#2615 = VERTEX_POINT ( 'NONE', #516 ) ;
#2616 = EDGE_CURVE ( 'NONE', #1646, #2563, #2148, .T. ) ;
#2617 = EDGE_LOOP ( 'NONE', ( #2156, #500, #2168, #701 ) ) ;
#2618 = APPLICATION_PROTOCOL_DEFINITION ( 'draft international standard', 'automotive_design', 1998, #1515 ) ;
#2619 = CARTESIAN_POINT ( 'NONE',  ( 40.00000000000000000, -35.00000000000000000, 0.000000000000000000 ) ) ;
#2620 = DIRECTION ( 'NONE',  ( 0.000000000000000000, 0.000000000000000000, 1.000000000000000000 ) ) ;
#2621 = CARTESIAN_POINT ( 'NONE',  ( 0.000000000000000000, 0.000000000000000000, 25.39999999999999858 ) ) ;
#2622 = ORIENTED_EDGE ( 'NONE', *, *, #1758, .T. ) ;
#2623 = CARTESIAN_POINT ( 'NONE',  ( -4.999999999999991118, -37.49999999999999289, 25.39999999999999858 ) ) ;
#2624 = DIRECTION ( 'NONE',  ( 1.000000000000000000, 1.156482317317871478E-16, 0.000000000000000000 ) ) ;
#2625 = CARTESIAN_POINT ( 'NONE',  ( -57.99999999999999289, -23.00000000000001776, 0.000000000000000000 ) ) ;
#2626 = VECTOR ( 'NONE', #2415, 1000.000000000000000 ) ;
#2627 = ORIENTED_EDGE ( 'NONE', *, *, #1348, .F. ) ;
#2628 = ORIENTED_EDGE ( 'NONE', *, *, #2091, .T. ) ;
#2629 = CARTESIAN_POINT ( 'NONE',  ( 50.00000000000000000, -45.52500000000000568, 25.39999999999999858 ) ) ;
#2630 = CARTESIAN_POINT ( 'NONE',  ( 55.00000000000000000, -32.00000000000000711, 33.91387818865997161 ) ) ;
#2631 = PRODUCT_DEFINITION_FORMATION_WITH_SPECIFIED_SOURCE ( 'ANY', '', #184, .NOT_KNOWN. ) ;
#2632 = AXIS2_PLACEMENT_3D ( 'NONE', #918, #2517, #664 ) ;
#2633 = VERTEX_POINT ( 'NONE', #559 ) ;
#2634 = VECTOR ( 'NONE', #108, 1000.000000000000000 ) ;
#2635 =( NAMED_UNIT ( * ) SI_UNIT ( $, .STERADIAN. ) SOLID_ANGLE_UNIT ( ) );
#2636 = DIRECTION ( 'NONE',  ( 0.000000000000000000, 0.000000000000000000, -1.000000000000000000 ) ) ;
#2637 = DIRECTION ( 'NONE',  ( 0.000000000000000000, 1.000000000000000000, 0.000000000000000000 ) ) ;
#2638 = CIRCLE ( 'NONE', #2551, 1.474999999999997202 ) ;
#2639 = ADVANCED_FACE ( 'NONE', ( #1420 ), #2649, .F. ) ;
#2640 = LINE ( 'NONE', #777, #428 ) ;
#2641 = DIRECTION ( 'NONE',  ( 0.000000000000000000, 1.000000000000000000, 0.000000000000000000 ) ) ;
#2642 = CIRCLE ( 'NONE', #84, 1.474999999999997202 ) ;
#2643 = EDGE_CURVE ( 'NONE', #938, #1039, #1983, .T. ) ;
#2644 = ORIENTED_EDGE ( 'NONE', *, *, #1417, .F. ) ;
#2645 = EDGE_LOOP ( 'NONE', ( #142, #955 ) ) ;
#2646 = AXIS2_PLACEMENT_3D ( 'NONE', #696, #469, #305 ) ;
#2647 = ORIENTED_EDGE ( 'NONE', *, *, #661, .T. ) ;
#2648 = ORIENTED_EDGE ( 'NONE', *, *, #1319, .T. ) ;
#2649 = PLANE ( 'NONE',  #2421 ) ;
#2650 = DIRECTION ( 'NONE',  ( 0.000000000000000000, 1.000000000000000000, 0.000000000000000000 ) ) ;
#2651 = CARTESIAN_POINT ( 'NONE',  ( 10.00000000000000000, -47.00000000000000000, 0.000000000000000000 ) ) ;
#2652 = CARTESIAN_POINT ( 'NONE',  ( -9.999999999999992895, -33.52500000000000568, 25.39999999999999858 ) ) ;
#2653 = CARTESIAN_POINT ( 'NONE',  ( -20.00000000000000711, -48.47499999999999432, 25.39999999999999858 ) ) ;
#2654 = EDGE_CURVE ( 'NONE', #1646, #2680, #1463, .T. ) ;
#2655 = ORIENTED_EDGE ( 'NONE', *, *, #183, .F. ) ;
#2656 = EDGE_CURVE ( 'NONE', #489, #450, #1630, .T. ) ;
#2657 = VERTEX_POINT ( 'NONE', #143 ) ;
#2658 = VECTOR ( 'NONE', #1023, 1000.000000000000000 ) ;
#2659 = DIRECTION ( 'NONE',  ( 0.000000000000000000, 1.000000000000000000, 0.000000000000000000 ) ) ;
#2660 = ORIENTED_EDGE ( 'NONE', *, *, #1457, .F. ) ;
#2661 = DIRECTION ( 'NONE',  ( -1.387778780781445676E-16, 1.000000000000000000, 0.000000000000000000 ) ) ;
#2662 = DIRECTION ( 'NONE',  ( 0.000000000000000000, 1.000000000000000000, 0.000000000000000000 ) ) ;
#2663 = DIRECTION ( 'NONE',  ( -0.000000000000000000, 0.000000000000000000, -1.000000000000000000 ) ) ;
#2664 = AXIS2_PLACEMENT_3D ( 'NONE', #1450, #870, #2527 ) ;
#2665 = ORIENTED_EDGE ( 'NONE', *, *, #2656, .T. ) ;
#2666 = AXIS2_PLACEMENT_3D ( 'NONE', #418, #1821, #2450 ) ;
#2667 = CARTESIAN_POINT ( 'NONE',  ( -57.99999999999999289, -23.00000000000001776, 24.89999999999999858 ) ) ;
#2668 = VERTEX_POINT ( 'NONE', #982 ) ;
#2669 = EDGE_CURVE ( 'NONE', #1490, #1598, #1164, .T. ) ;
#2670 = EDGE_CURVE ( 'NONE', #2562, #520, #1114, .T. ) ;
#2671 = DIRECTION ( 'NONE',  ( 0.000000000000000000, 0.000000000000000000, -1.000000000000000000 ) ) ;
#2672 = ORIENTED_EDGE ( 'NONE', *, *, #658, .F. ) ;
#2673 = VECTOR ( 'NONE', #2592, 1000.000000000000000 ) ;
#2674 = FACE_OUTER_BOUND ( 'NONE', #1801, .T. ) ;
#2675 = CARTESIAN_POINT ( 'NONE',  ( -55.49999999999999289, -37.49999999999999289, 24.89999999999999858 ) ) ;
#2676 = AXIS2_PLACEMENT_3D ( 'NONE', #1227, #194, #2264 ) ;
#2677 = DIRECTION ( 'NONE',  ( -0.000000000000000000, 0.000000000000000000, -1.000000000000000000 ) ) ;
#2678 = FACE_OUTER_BOUND ( 'NONE', #2146, .T. ) ;
#2679 = CIRCLE ( 'NONE', #2386, 1.474999999999997202 ) ;
#2680 = VERTEX_POINT ( 'NONE', #2229 ) ;
#2681 = VECTOR ( 'NONE', #1706, 1000.000000000000000 ) ;
#2682 = LINE ( 'NONE', #824, #437 ) ;
#2683 = VERTEX_POINT ( 'NONE', #163 ) ;
#2684 = AXIS2_PLACEMENT_3D ( 'NONE', #1203, #2611, #947 ) ;
#2685 = EDGE_CURVE ( 'NONE', #1871, #666, #204, .T. ) ;
#2686 = CARTESIAN_POINT ( 'NONE',  ( -19.99999999999999289, -35.00000000000000000, 25.39999999999999858 ) ) ;
#2687 = ORIENTED_EDGE ( 'NONE', *, *, #1740, .F. ) ;
#2688 = DIRECTION ( 'NONE',  ( 0.000000000000000000, 0.000000000000000000, -1.000000000000000000 ) ) ;
ENDSEC;
END-ISO-10303-21;
