ISO-10303-21;
HEADER;
FILE_DESCRIPTION (( 'STEP AP214' ),
    '1' );
FILE_NAME ('CamHolder.STEP',
    '2026-09-12T22:01:41',
    ( '' ),
    ( '' ),
    'SwSTEP 2.0',
    'SolidWorks 2026',
    '' );
FILE_SCHEMA (( 'AUTOMOTIVE_DESIGN' ));
ENDSEC;

DATA;
#1 = DIRECTION ( 'NONE',  ( 0.000000000000000000, -1.000000000000000000, 0.000000000000000000 ) ) ;
#2 = ORIENTED_EDGE ( 'NONE', *, *, #8135, .T. ) ;
#3 = ORIENTED_EDGE ( 'NONE', *, *, #3634, .T. ) ;
#4 = CARTESIAN_POINT ( 'NONE',  ( 24.31867811327471784, -13.14100432375531469, 4.000000000000018652 ) ) ;
#5 = VECTOR ( 'NONE', #261, 1000.000000000000000 ) ;
#6 = PRODUCT_RELATED_PRODUCT_CATEGORY ( 'part', '', ( #3620 ) ) ;
#7 = LINE ( 'NONE', #3677, #10787 ) ;
#8 = DIRECTION ( 'NONE',  ( 1.000000000000000000, 0.000000000000000000, 0.000000000000000000 ) ) ;
#9 = ORIENTED_EDGE ( 'NONE', *, *, #10356, .F. ) ;
#10 = EDGE_LOOP ( 'NONE', ( #7019, #11401, #2861, #987 ) ) ;
#11 = CARTESIAN_POINT ( 'NONE',  ( 24.35400513596725958, -13.70313680472815854, 3.500000000000003109 ) ) ;
#12 = EDGE_CURVE ( 'NONE', #10823, #3041, #10618, .T. ) ;
#13 = CIRCLE ( 'NONE', #1169, 0.9750000000000001998 ) ;
#14 = ORIENTED_EDGE ( 'NONE', *, *, #8142, .F. ) ;
#15 = ORIENTED_EDGE ( 'NONE', *, *, #1710, .T. ) ;
#16 = CARTESIAN_POINT ( 'NONE',  ( 24.89817687596178075, -11.76684985945456141, 3.499999999999999556 ) ) ;
#17 = DIRECTION ( 'NONE',  ( -1.000000000000000000, 0.000000000000000000, 0.000000000000000000 ) ) ;
#18 = EDGE_CURVE ( 'NONE', #4198, #6519, #2915, .T. ) ;
#19 = DIRECTION ( 'NONE',  ( 0.000000000000000000, 1.000000000000000000, 0.000000000000000000 ) ) ;
#20 = CIRCLE ( 'NONE', #6727, 2.250000000000001776 ) ;
#21 = DIRECTION ( 'NONE',  ( -0.000000000000000000, 0.000000000000000000, 1.000000000000000000 ) ) ;
#22 = EDGE_LOOP ( 'NONE', ( #5937, #8336 ) ) ;
#23 = DIRECTION ( 'NONE',  ( 1.000000000000000000, -0.000000000000000000, -0.000000000000000000 ) ) ;
#24 = CARTESIAN_POINT ( 'NONE',  ( -74.51999999999999602, 1.999999999999986233, -8.732124598286489459 ) ) ;
#25 = CARTESIAN_POINT ( 'NONE',  ( 24.24087916444691970, 8.452852054182152131, 3.599999999999999201 ) ) ;
#26 = CARTESIAN_POINT ( 'NONE',  ( 20.99999999999998934, 2.050000000000005151, 5.999999999999998224 ) ) ;
#27 = AXIS2_PLACEMENT_3D ( 'NONE', #11742, #9113, #846 ) ;
#28 = ORIENTED_EDGE ( 'NONE', *, *, #8986, .T. ) ;
#29 = CARTESIAN_POINT ( 'NONE',  ( 23.87458161352005348, -6.050836505017243461, 3.499999999999992895 ) ) ;
#30 = EDGE_CURVE ( 'NONE', #5164, #7326, #4497, .T. ) ;
#31 = ADVANCED_FACE ( 'NONE', ( #9994 ), #11024, .F. ) ;
#32 = ORIENTED_EDGE ( 'NONE', *, *, #5394, .T. ) ;
#33 = EDGE_CURVE ( 'NONE', #9066, #2317, #2055, .T. ) ;
#34 = DIRECTION ( 'NONE',  ( 0.000000000000000000, 0.000000000000000000, 1.000000000000000000 ) ) ;
#35 = VERTEX_POINT ( 'NONE', #2978 ) ;
#36 = CARTESIAN_POINT ( 'NONE',  ( 12.97499999999999964, -10.45000000000000107, 0.000000000000000000 ) ) ;
#37 = CARTESIAN_POINT ( 'NONE',  ( 22.99999999999999289, 7.050000000000000711, 8.200000000000002842 ) ) ;
#38 = AXIS2_PLACEMENT_3D ( 'NONE', #11054, #7048, #2491 ) ;
#39 = ORIENTED_EDGE ( 'NONE', *, *, #2609, .F. ) ;
#40 = DIRECTION ( 'NONE',  ( 0.000000000000000000, 0.000000000000000000, 1.000000000000000000 ) ) ;
#41 = DIRECTION ( 'NONE',  ( 1.000000000000000000, 0.000000000000000000, 0.000000000000000000 ) ) ;
#42 = DIRECTION ( 'NONE',  ( -0.000000000000000000, -0.000000000000000000, 1.000000000000000000 ) ) ;
#43 = ORIENTED_EDGE ( 'NONE', *, *, #4338, .F. ) ;
#44 = DIRECTION ( 'NONE',  ( -1.000000000000000000, -0.000000000000000000, -0.000000000000000000 ) ) ;
#45 = FACE_BOUND ( 'NONE', #1254, .T. ) ;
#46 = CARTESIAN_POINT ( 'NONE',  ( 39.19999999999998863, 13.55000000000000959, 2.975000000000000977 ) ) ;
#47 = EDGE_CURVE ( 'NONE', #5247, #4998, #6803, .T. ) ;
#48 = ORIENTED_EDGE ( 'NONE', *, *, #11114, .F. ) ;
#49 = LINE ( 'NONE', #4395, #7036 ) ;
#50 = ORIENTED_EDGE ( 'NONE', *, *, #10674, .T. ) ;
#51 = CARTESIAN_POINT ( 'NONE',  ( 41.19999999999999574, 25.55000000000001492, 1.025000000000002354 ) ) ;
#52 = CARTESIAN_POINT ( 'NONE',  ( 24.64976474805957807, -13.96044760125989548, 4.000000000000000000 ) ) ;
#53 = CARTESIAN_POINT ( 'NONE',  ( -15.68771750794561015, 3.174553702043524162, 10.09999999999999964 ) ) ;
#54 = FACE_OUTER_BOUND ( 'NONE', #6908, .T. ) ;
#55 = CARTESIAN_POINT ( 'NONE',  ( -14.99999999999999645, 2.425067568061139323, 10.09999999999999964 ) ) ;
#56 = EDGE_LOOP ( 'NONE', ( #6435, #11666, #2288, #2762 ) ) ;
#57 = CARTESIAN_POINT ( 'NONE',  ( 24.46961134001542959, 5.400633288382885588, 5.999999999999998224 ) ) ;
#58 = VERTEX_POINT ( 'NONE', #7655 ) ;
#59 = CARTESIAN_POINT ( 'NONE',  ( 24.41029976116031719, -12.99452643125013473, 3.499999999999996003 ) ) ;
#60 = EDGE_CURVE ( 'NONE', #6669, #11712, #11328, .T. ) ;
#61 = CARTESIAN_POINT ( 'NONE',  ( 14.99999999999999822, -9.000000000000001776, 5.000000000000000000 ) ) ;
#62 = DIRECTION ( 'NONE',  ( -0.8884639174103085013, -0.4589464755937542884, 0.000000000000000000 ) ) ;
#63 = CARTESIAN_POINT ( 'NONE',  ( 24.61278044871794179, -13.94021976660816620, 3.500000000000003109 ) ) ;
#64 = ORIENTED_EDGE ( 'NONE', *, *, #88, .T. ) ;
#65 = EDGE_LOOP ( 'NONE', ( #2938, #2848, #9055, #7466, #748, #3343 ) ) ;
#66 = B_SPLINE_SURFACE_WITH_KNOTS ( 'NONE', 3, 1, ( 
 ( #9670, #1463 ),
 ( #11626, #7042 ),
 ( #10717, #9804 ),
 ( #10585, #2427 ),
 ( #1597, #2361 ),
 ( #568, #5261 ),
 ( #4244, #697 ),
 ( #11559, #7114 ),
 ( #11700, #6027 ),
 ( #8793, #3329 ),
 ( #6979, #10649 ) ),
 .UNSPECIFIED., .F., .F., .F.,
 ( 4, 1, 1, 1, 1, 1, 1, 1, 4 ),
 ( 2, 2 ),
 ( 0.000000000000000000, 0.1278414629307405292, 0.2497792886028957771, 0.3725532691609886315, 0.5002612830658890175, 0.6279692969707900696, 0.7502645813084176662, 0.8733215602763085839, 1.000000000000000000 ),
 ( 0.000000000000000000, 1.000000000000000000 ),
 .UNSPECIFIED. ) ;
#67 = CARTESIAN_POINT ( 'NONE',  ( 25.99999999999999289, 7.050000000000004263, 5.999999999999998224 ) ) ;
#68 = DIRECTION ( 'NONE',  ( 0.000000000000000000, 0.000000000000000000, -1.000000000000000000 ) ) ;
#69 = ORIENTED_EDGE ( 'NONE', *, *, #5816, .T. ) ;
#70 = ORIENTED_EDGE ( 'NONE', *, *, #11113, .F. ) ;
#71 = VERTEX_POINT ( 'NONE', #277 ) ;
#72 = CARTESIAN_POINT ( 'NONE',  ( 25.99799679487178850, -15.08404989481329572, 3.999999999999974243 ) ) ;
#73 = EDGE_CURVE ( 'NONE', #4629, #8453, #11208, .T. ) ;
#74 = DIRECTION ( 'NONE',  ( 0.000000000000000000, -0.000000000000000000, -1.000000000000000000 ) ) ;
#75 = ORIENTED_EDGE ( 'NONE', *, *, #8378, .T. ) ;
#77 = UNCERTAINTY_MEASURE_WITH_UNIT (LENGTH_MEASURE( 1.000000000000000082E-05 ), #7662, 'distance_accuracy_value', 'NONE');
#76 = LINE ( 'NONE', #8980, #10539 ) ;
#78 = VERTEX_POINT ( 'NONE', #6637 ) ;
#79 = CARTESIAN_POINT ( 'NONE',  ( -18.99999999999999645, -10.45000000000001172, -20.20000000000000284 ) ) ;
#80 = CARTESIAN_POINT ( 'NONE',  ( 24.61402470330097003, -8.793071464135566728, 4.000000000000003553 ) ) ;
#81 = EDGE_CURVE ( 'NONE', #7938, #10541, #1183, .T. ) ;
#82 = CARTESIAN_POINT ( 'NONE',  ( 28.35985885580361199, -14.28470990820388486, 4.000000000000001776 ) ) ;
#83 = ORIENTED_EDGE ( 'NONE', *, *, #10586, .F. ) ;
#84 = CARTESIAN_POINT ( 'NONE',  ( -9.039999999999999147, 9.039999999999999147, 2.000000000000000000 ) ) ;
#85 = EDGE_CURVE ( 'NONE', #6579, #4563, #5754, .T. ) ;
#86 = CARTESIAN_POINT ( 'NONE',  ( 23.27282197134106312, 5.800000000000003375, 1.799999999999999600 ) ) ;
#87 = ORIENTED_EDGE ( 'NONE', *, *, #8425, .F. ) ;
#88 = EDGE_CURVE ( 'NONE', #4606, #3676, #11011, .T. ) ;
#89 = ORIENTED_EDGE ( 'NONE', *, *, #3796, .F. ) ;
#90 = CARTESIAN_POINT ( 'NONE',  ( -16.99999999999999289, 7.050000000000000711, 8.200000000000002842 ) ) ;
#91 = CARTESIAN_POINT ( 'NONE',  ( -57.99999999999999289, 9.549999999999984723, 1.734723475976807094E-15 ) ) ;
#92 = ORIENTED_EDGE ( 'NONE', *, *, #1124, .T. ) ;
#93 = AXIS2_PLACEMENT_3D ( 'NONE', #4884, #5680, #11252 ) ;
#94 = CARTESIAN_POINT ( 'NONE',  ( 25.99999999999999289, 7.050000000000004263, -3.535533905932739085 ) ) ;
#95 = AXIS2_PLACEMENT_3D ( 'NONE', #11175, #10204, #1978 ) ;
#96 = DIRECTION ( 'NONE',  ( -1.000000000000000000, 0.000000000000000000, 0.000000000000000000 ) ) ;
#97 = CARTESIAN_POINT ( 'NONE',  ( 26.18514094166284067, -10.71710360289248420, 4.000000000000003553 ) ) ;
#98 = CARTESIAN_POINT ( 'NONE',  ( 24.26923076923075939, -13.39234316404406577, 4.000000000000007105 ) ) ;
#99 = CARTESIAN_POINT ( 'NONE',  ( -69.99999999999998579, 11.39999999999998614, -10.09999999999999787 ) ) ;
#100 = EDGE_CURVE ( 'NONE', #11305, #2070, #457, .T. ) ;
#101 = CARTESIAN_POINT ( 'NONE',  ( 25.35897435897435059, -4.891742202505601433, 3.499999999999999556 ) ) ;
#102 = AXIS2_PLACEMENT_3D ( 'NONE', #8779, #2071, #496 ) ;
#103 = ORIENTED_EDGE ( 'NONE', *, *, #8374, .T. ) ;
#104 = VERTEX_POINT ( 'NONE', #10293 ) ;
#105 = DIRECTION ( 'NONE',  ( -0.000000000000000000, -0.000000000000000000, -1.000000000000000000 ) ) ;
#106 = CARTESIAN_POINT ( 'NONE',  ( 23.37339194494140315, -9.431076141920497591, 3.499999999999996003 ) ) ;
#107 = ORIENTED_EDGE ( 'NONE', *, *, #3332, .T. ) ;
#108 = VECTOR ( 'NONE', #9689, 1000.000000000000000 ) ;
#109 = CARTESIAN_POINT ( 'NONE',  ( 24.52564102564101844, -5.340460151223551222, 4.000000000000000000 ) ) ;
#110 = ORIENTED_EDGE ( 'NONE', *, *, #6924, .T. ) ;
#111 = ORIENTED_EDGE ( 'NONE', *, *, #7537, .T. ) ;
#112 = LINE ( 'NONE', #894, #3816 ) ;
#113 = LINE ( 'NONE', #9234, #11821 ) ;
#114 = DIRECTION ( 'NONE',  ( -0.000000000000000000, -0.000000000000000000, -1.000000000000000000 ) ) ;
#115 = FACE_BOUND ( 'NONE', #805, .T. ) ;
#116 = EDGE_CURVE ( 'NONE', #8081, #8287, #2955, .T. ) ;
#117 = LINE ( 'NONE', #235, #10184 ) ;
#118 = ADVANCED_FACE ( 'NONE', ( #10352 ), #3956, .F. ) ;
#119 = ORIENTED_EDGE ( 'NONE', *, *, #860, .T. ) ;
#120 = CARTESIAN_POINT ( 'NONE',  ( 26.87222928682669476, -15.03369084248655341, 3.500000000000003109 ) ) ;
#121 = CARTESIAN_POINT ( 'NONE',  ( -80.89999999999999147, -10.45000000000001528, 3.100000000000001865 ) ) ;
#122 = VERTEX_POINT ( 'NONE', #8457 ) ;
#123 = CARTESIAN_POINT ( 'NONE',  ( 25.31780315583744567, -12.61428960847457859, 3.499999999999992895 ) ) ;
#124 = CIRCLE ( 'NONE', #9120, 2.624999999999998668 ) ;
#125 = CARTESIAN_POINT ( 'NONE',  ( 25.96563981162524826, 4.425224890118234278, 3.599999999999999201 ) ) ;
#126 = DIRECTION ( 'NONE',  ( 0.000000000000000000, 0.000000000000000000, -1.000000000000000000 ) ) ;
#127 = ORIENTED_EDGE ( 'NONE', *, *, #4063, .T. ) ;
#128 = CARTESIAN_POINT ( 'NONE',  ( 25.55228365384614264, -8.872110792249191746, 4.000000000000000000 ) ) ;
#129 = ADVANCED_FACE ( 'NONE', ( #395 ), #9498, .F. ) ;
#130 = CARTESIAN_POINT ( 'NONE',  ( 12.99999999999999645, 41.99999999999999289, 13.19999999999999929 ) ) ;
#131 = VECTOR ( 'NONE', #4426, 1000.000000000000000 ) ;
#132 = ADVANCED_FACE ( 'NONE', ( #11269 ), #5547, .T. ) ;
#133 = ORIENTED_EDGE ( 'NONE', *, *, #4875, .F. ) ;
#134 = PRODUCT_DEFINITION_FORMATION_WITH_SPECIFIED_SOURCE ( 'ANY', '', #3620, .NOT_KNOWN. ) ;
#135 = AXIS2_PLACEMENT_3D ( 'NONE', #9839, #7018, #6130 ) ;
#136 = EDGE_LOOP ( 'NONE', ( #11504, #4583 ) ) ;
#137 = VERTEX_POINT ( 'NONE', #7958 ) ;
#138 = FACE_OUTER_BOUND ( 'NONE', #5573, .T. ) ;
#139 = CARTESIAN_POINT ( 'NONE',  ( 9.199999999999999289, -17.99999999999999289, 10.09999999999999964 ) ) ;
#140 = ORIENTED_EDGE ( 'NONE', *, *, #11811, .T. ) ;
#141 = AXIS2_PLACEMENT_3D ( 'NONE', #6531, #7477, #10002 ) ;
#142 = CARTESIAN_POINT ( 'NONE',  ( 23.47231032618280722, -6.380059544405773053, 3.499999999999996003 ) ) ;
#143 = DIRECTION ( 'NONE',  ( 1.000000000000000000, 0.000000000000000000, 0.000000000000000000 ) ) ;
#144 = CYLINDRICAL_SURFACE ( 'NONE', #4051, 1.099999999999996758 ) ;
#145 = AXIS2_PLACEMENT_3D ( 'NONE', #8339, #3601, #3789 ) ;
#146 = ORIENTED_EDGE ( 'NONE', *, *, #851, .F. ) ;
#147 = CARTESIAN_POINT ( 'NONE',  ( 28.53711176919502535, -12.80845114871524082, 4.000000000000007105 ) ) ;
#148 = EDGE_CURVE ( 'NONE', #923, #11325, #7122, .T. ) ;
#149 = CARTESIAN_POINT ( 'NONE',  ( 49.19999999999998863, -18.00000000000000355, 1.999999999999999112 ) ) ;
#150 = VECTOR ( 'NONE', #7256, 1000.000000000000000 ) ;
#151 = CARTESIAN_POINT ( 'NONE',  ( -9.039999999999999147, -9.039999999999999147, 2.000000000000000000 ) ) ;
#152 = CARTESIAN_POINT ( 'NONE',  ( -83.09999999999999432, -10.45000000000001528, -3.111269837220808299 ) ) ;
#153 = ORIENTED_EDGE ( 'NONE', *, *, #9003, .T. ) ;
#154 = CARTESIAN_POINT ( 'NONE',  ( 24.61782687271258396, -10.03080475820110173, 4.000000000000003553 ) ) ;
#155 = ORIENTED_EDGE ( 'NONE', *, *, #9263, .F. ) ;
#156 = ADVANCED_FACE ( 'NONE', ( #11510 ), #6158, .F. ) ;
#157 = DIRECTION ( 'NONE',  ( -1.000000000000000000, 0.000000000000000000, 0.000000000000000000 ) ) ;
#158 = LINE ( 'NONE', #10235, #826 ) ;
#159 = CIRCLE ( 'NONE', #4004, 1.100000000000003642 ) ;
#160 = FACE_OUTER_BOUND ( 'NONE', #6894, .T. ) ;
#161 = CIRCLE ( 'NONE', #7630, 2.999999999999999112 ) ;
#162 = DIRECTION ( 'NONE',  ( -0.9842688068584241057, 0.1766774344546987729, 0.000000000000000000 ) ) ;
#163 = ORIENTED_EDGE ( 'NONE', *, *, #1124, .F. ) ;
#164 = ORIENTED_EDGE ( 'NONE', *, *, #7435, .F. ) ;
#165 = DIRECTION ( 'NONE',  ( -0.000000000000000000, -0.000000000000000000, -1.000000000000000000 ) ) ;
#166 = CARTESIAN_POINT ( 'NONE',  ( 10.19999999999999929, -5.999999999999992006, 2.500000000000000000 ) ) ;
#167 = DIRECTION ( 'NONE',  ( 0.000000000000000000, -0.000000000000000000, -1.000000000000000000 ) ) ;
#168 = ORIENTED_EDGE ( 'NONE', *, *, #8264, .T. ) ;
#169 = CARTESIAN_POINT ( 'NONE',  ( 23.70245846538453804, -12.38740079088739598, 3.999999999999989786 ) ) ;
#170 = VECTOR ( 'NONE', #3026, 1000.000000000000000 ) ;
#171 = ORIENTED_EDGE ( 'NONE', *, *, #1258, .F. ) ;
#172 = DIRECTION ( 'NONE',  ( -9.637352644315597708E-17, 1.000000000000000000, 0.000000000000000000 ) ) ;
#173 = VECTOR ( 'NONE', #10261, 1000.000000000000000 ) ;
#174 = CARTESIAN_POINT ( 'NONE',  ( 25.99799679487178850, -14.18661399737739792, 4.000000000000000000 ) ) ;
#175 = EDGE_CURVE ( 'NONE', #9492, #11483, #6784, .T. ) ;
#176 = DIRECTION ( 'NONE',  ( 1.000000000000000000, 0.000000000000000000, 0.000000000000000000 ) ) ;
#177 = CARTESIAN_POINT ( 'NONE',  ( 28.61486796622784823, 6.819586200076075855, 6.814029407017137885 ) ) ;
#178 = ORIENTED_EDGE ( 'NONE', *, *, #3214, .F. ) ;
#179 = LINE ( 'NONE', #11047, #11470 ) ;
#180 = LINE ( 'NONE', #5715, #4633 ) ;
#181 = AXIS2_PLACEMENT_3D ( 'NONE', #7709, #6744, #10405 ) ;
#182 = ORIENTED_EDGE ( 'NONE', *, *, #9069, .F. ) ;
#183 = ORIENTED_EDGE ( 'NONE', *, *, #1871, .T. ) ;
#184 = CARTESIAN_POINT ( 'NONE',  ( 24.27285976266244916, -13.30546758291473708, 3.500000000000003109 ) ) ;
#185 = CARTESIAN_POINT ( 'NONE',  ( 41.99281195749227180, -13.70589365087839084, 3.499999999999999556 ) ) ;
#186 = CARTESIAN_POINT ( 'NONE',  ( 20.99999999999998934, 41.99999999999999289, 4.000000000000000000 ) ) ;
#187 = EDGE_CURVE ( 'NONE', #2170, #5173, #704, .T. ) ;
#188 = EDGE_CURVE ( 'NONE', #9959, #10744, #6928, .T. ) ;
#189 = LINE ( 'NONE', #5885, #5616 ) ;
#190 = DIRECTION ( 'NONE',  ( 0.000000000000000000, 0.000000000000000000, -1.000000000000000000 ) ) ;
#191 = VECTOR ( 'NONE', #5979, 1000.000000000000000 ) ;
#192 = CARTESIAN_POINT ( 'NONE',  ( -52.24999999999999289, 9.549999999999988276, 1.000000000000000888 ) ) ;
#193 = ORIENTED_EDGE ( 'NONE', *, *, #7161, .T. ) ;
#194 = DIRECTION ( 'NONE',  ( 1.000000000000000000, 0.000000000000000000, 0.000000000000000000 ) ) ;
#195 = ORIENTED_EDGE ( 'NONE', *, *, #8241, .F. ) ;
#196 = EDGE_CURVE ( 'NONE', #10748, #11875, #10429, .T. ) ;
#197 = CIRCLE ( 'NONE', #4620, 0.9499999999999995115 ) ;
#198 = ORIENTED_EDGE ( 'NONE', *, *, #7706, .F. ) ;
#199 = CARTESIAN_POINT ( 'NONE',  ( 27.73076923076922640, -13.39234316404406400, 4.000000000000000000 ) ) ;
#200 = EDGE_CURVE ( 'NONE', #7428, #11865, #4505, .T. ) ;
#201 = CARTESIAN_POINT ( 'NONE',  ( 26.33534509889640063, 4.825130640993466891, 3.599999999999999201 ) ) ;
#202 = CARTESIAN_POINT ( 'NONE',  ( 28.49999999999999289, -8.704843164044065773, 4.000000000000000000 ) ) ;
#203 = ORIENTED_EDGE ( 'NONE', *, *, #4008, .F. ) ;
#204 = VECTOR ( 'NONE', #3513, 1000.000000000000000 ) ;
#205 = CARTESIAN_POINT ( 'NONE',  ( 23.86802104831251725, -12.22068809195847017, 3.999999999999993339 ) ) ;
#206 = DIRECTION ( 'NONE',  ( -1.000000000000000000, 0.000000000000000000, 0.000000000000000000 ) ) ;
#207 = CARTESIAN_POINT ( 'NONE',  ( 24.36748786475983408, -6.975975041418163158, 3.500000000000003109 ) ) ;
#208 = LINE ( 'NONE', #2904, #11871 ) ;
#209 = VECTOR ( 'NONE', #68, 1000.000000000000000 ) ;
#210 = CARTESIAN_POINT ( 'NONE',  ( -25.99999999999999289, -10.45000000000001172, 0.000000000000000000 ) ) ;
#211 = SURFACE_STYLE_USAGE ( .BOTH. , #10102 ) ;
#212 = DIRECTION ( 'NONE',  ( 0.7137151099406173760, -0.7004361083228451967, 0.000000000000000000 ) ) ;
#213 = VERTEX_POINT ( 'NONE', #6217 ) ;
#214 = CYLINDRICAL_SURFACE ( 'NONE', #8344, 0.9750000000000001998 ) ;
#215 = CARTESIAN_POINT ( 'NONE',  ( -57.99999999999999289, -10.45000000000001528, -3.111269837220808299 ) ) ;
#216 = CARTESIAN_POINT ( 'NONE',  ( 24.44318136151033016, -9.885100171127668034, 3.500000000000006661 ) ) ;
#217 = CARTESIAN_POINT ( 'NONE',  ( 24.38052681894439289, -9.026031529637730699, 3.499999999999999556 ) ) ;
#218 = CARTESIAN_POINT ( 'NONE',  ( 25.61854685729870695, -10.98722565945691976, 4.000000000000003553 ) ) ;
#219 = LINE ( 'NONE', #6638, #3906 ) ;
#220 = CARTESIAN_POINT ( 'NONE',  ( 39.19999999999998863, 41.99999999999999289, 0.000000000000000000 ) ) ;
#221 = AXIS2_PLACEMENT_3D ( 'NONE', #1444, #9532, #1332 ) ;
#222 = CARTESIAN_POINT ( 'NONE',  ( 25.35308843033563164, -14.15358962465455406, 3.499999999999996003 ) ) ;
#223 = ORIENTED_EDGE ( 'NONE', *, *, #8568, .T. ) ;
#224 = VERTEX_POINT ( 'NONE', #10838 ) ;
#225 = DIRECTION ( 'NONE',  ( -1.000000000000000000, -9.637352644315597708E-17, 0.000000000000000000 ) ) ;
#226 = EDGE_LOOP ( 'NONE', ( #3374, #7014, #9261, #4182 ) ) ;
#227 = EDGE_LOOP ( 'NONE', ( #8598, #1229, #3971, #9828 ) ) ;
#228 = CARTESIAN_POINT ( 'NONE',  ( 23.43449514906775022, -12.89435360492921312, 3.500000000000003109 ) ) ;
#229 = CIRCLE ( 'NONE', #3888, 1.100000000000000311 ) ;
#230 = EDGE_CURVE ( 'NONE', #11661, #8130, #9868, .T. ) ;
#231 = DIRECTION ( 'NONE',  ( 0.000000000000000000, 0.000000000000000000, 1.000000000000000000 ) ) ;
#232 = CARTESIAN_POINT ( 'NONE',  ( 24.71794871794871185, -7.712255023018423472, 3.999999999999996447 ) ) ;
#233 = FACE_OUTER_BOUND ( 'NONE', #5240, .T. ) ;
#234 = FACE_OUTER_BOUND ( 'NONE', #4984, .T. ) ;
#235 = CARTESIAN_POINT ( 'NONE',  ( 41.19999999999999574, 1.550000000000006262, 2.975000000000000977 ) ) ;
#236 = VERTEX_POINT ( 'NONE', #5330 ) ;
#237 = CARTESIAN_POINT ( 'NONE',  ( 24.01939397208336047, -6.047376804748267887, 4.000000000000007105 ) ) ;
#239 = DIRECTION ( 'NONE',  ( -0.4084806145365558194, 0.9127669952117231089, 0.000000000000000000 ) ) ;
#238 = CIRCLE ( 'NONE', #6571, 0.9750000000000001998 ) ;
#240 = VERTEX_POINT ( 'NONE', #6035 ) ;
#241 = EDGE_LOOP ( 'NONE', ( #7632, #8511, #439, #2 ) ) ;
#242 = EDGE_CURVE ( 'NONE', #5443, #1334, #2756, .T. ) ;
#243 = FACE_OUTER_BOUND ( 'NONE', #2352, .T. ) ;
#244 = CARTESIAN_POINT ( 'NONE',  ( -6.000000000000002665, 10.60000000000000142, 0.000000000000000000 ) ) ;
#245 = EDGE_CURVE ( 'NONE', #11865, #1052, #2434, .T. ) ;
#246 = DIRECTION ( 'NONE',  ( -0.9989055606200428761, -0.04677265186364727712, 0.000000000000000000 ) ) ;
#247 = VECTOR ( 'NONE', #11149, 1000.000000000000000 ) ;
#248 = CARTESIAN_POINT ( 'NONE',  ( 25.76952148221931793, -14.18416132740932945, 3.500000000000003109 ) ) ;
#249 = DIRECTION ( 'NONE',  ( -1.000000000000000000, 0.000000000000000000, 0.000000000000000000 ) ) ;
#250 = CARTESIAN_POINT ( 'NONE',  ( 25.59342578366608123, -9.996346260200221323, 3.999999999999996447 ) ) ;
#251 = ORIENTED_EDGE ( 'NONE', *, *, #9723, .T. ) ;
#252 = DIRECTION ( 'NONE',  ( 0.7071067811865517916, 0.000000000000000000, -0.7071067811865431318 ) ) ;
#253 = FACE_OUTER_BOUND ( 'NONE', #678, .T. ) ;
#254 = ORIENTED_EDGE ( 'NONE', *, *, #11782, .F. ) ;
#255 = VERTEX_POINT ( 'NONE', #2607 ) ;
#256 = EDGE_CURVE ( 'NONE', #7105, #6981, #4431, .T. ) ;
#257 = EDGE_CURVE ( 'NONE', #8330, #6195, #8337, .T. ) ;
#258 = EDGE_LOOP ( 'NONE', ( #5038, #1631 ) ) ;
#259 = CARTESIAN_POINT ( 'NONE',  ( 27.58900060914264074, -12.97974657159088530, 4.000000000000003553 ) ) ;
#260 = EDGE_CURVE ( 'NONE', #6690, #10945, #1412, .T. ) ;
#261 = DIRECTION ( 'NONE',  ( -1.000000000000000000, -0.000000000000000000, -0.000000000000000000 ) ) ;
#262 = ORIENTED_EDGE ( 'NONE', *, *, #8389, .T. ) ;
#263 = CARTESIAN_POINT ( 'NONE',  ( 24.43163439130023562, -11.89414208382434168, 3.999999999999996447 ) ) ;
#264 = DIRECTION ( 'NONE',  ( -0.000000000000000000, -0.000000000000000000, 1.000000000000000000 ) ) ;
#265 = EDGE_CURVE ( 'NONE', #8453, #7351, #6568, .T. ) ;
#266 = LINE ( 'NONE', #8607, #10157 ) ;
#267 = ADVANCED_FACE ( 'NONE', ( #1220 ), #1991, .F. ) ;
#268 = LINE ( 'NONE', #324, #913 ) ;
#269 = ORIENTED_EDGE ( 'NONE', *, *, #9999, .T. ) ;
#270 = DIRECTION ( 'NONE',  ( -1.000000000000000000, 0.000000000000000000, 0.000000000000000000 ) ) ;
#271 = CARTESIAN_POINT ( 'NONE',  ( 27.67007260083689957, -14.82286397092118335, 3.999999999999996447 ) ) ;
#272 = CARTESIAN_POINT ( 'NONE',  ( 24.27199301052571201, -9.498387080999680876, 3.999999999999996447 ) ) ;
#273 = EDGE_CURVE ( 'NONE', #5373, #11200, #4883, .T. ) ;
#274 = ORIENTED_EDGE ( 'NONE', *, *, #5605, .T. ) ;
#275 = CARTESIAN_POINT ( 'NONE',  ( 24.75621356887336333, -10.09628625340074315, 3.499999999999999556 ) ) ;
#276 = CARTESIAN_POINT ( 'NONE',  ( 24.44492171118373847, -8.940043188326576740, 4.000000000000003553 ) ) ;
#277 = CARTESIAN_POINT ( 'NONE',  ( 12.97499999999999964, 9.549999999999998934, 10.09999999999999964 ) ) ;
#278 = CARTESIAN_POINT ( 'NONE',  ( -15.00000000000001066, 19.99999999999999645, 0.5000000000000004441 ) ) ;
#279 = CIRCLE ( 'NONE', #6404, 1.099999999999996758 ) ;
#280 = ORIENTED_EDGE ( 'NONE', *, *, #8600, .T. ) ;
#281 =( NAMED_UNIT ( * ) PLANE_ANGLE_UNIT ( ) SI_UNIT ( $, .RADIAN. ) );
#282 = COLOUR_RGB ( '',0.7921568627450980005, 0.8196078431372548767, 0.9333333333333333481 ) ;
#283 = CARTESIAN_POINT ( 'NONE',  ( 26.58487589404966656, -11.70990819267467664, 4.000000000000003553 ) ) ;
#284 = ORIENTED_EDGE ( 'NONE', *, *, #7497, .T. ) ;
#285 = ORIENTED_EDGE ( 'NONE', *, *, #8499, .T. ) ;
#286 = CARTESIAN_POINT ( 'NONE',  ( 24.30136102071944038, -11.95026625060989289, 3.499999999999996003 ) ) ;
#287 = CARTESIAN_POINT ( 'NONE',  ( 26.76741761766096062, -9.455802592189012756, 3.999999999999996447 ) ) ;
#288 = CARTESIAN_POINT ( 'NONE',  ( 23.70969798143390506, 8.332630758929520098, 5.999999999999998224 ) ) ;
#289 = CARTESIAN_POINT ( 'NONE',  ( 24.47223149527604491, -12.92710788220436058, 4.000000000000007105 ) ) ;
#290 = B_SPLINE_CURVE_WITH_KNOTS ( 'NONE', 3,
 ( #2419, #4419, #3189, #8713, #6910, #5485, #7270 ),
 .UNSPECIFIED., .F., .F.,
 ( 4, 1, 1, 1, 4 ),
 ( 0.000000000000000000, 0.2636630635207407591, 0.5231302484245149431, 0.7670950153782087888, 1.000000000000000000 ),
 .UNSPECIFIED. ) ;
#291 = CARTESIAN_POINT ( 'NONE',  ( 27.42730063844697241, -12.83799254849364324, 4.000000000000003553 ) ) ;
#292 = CIRCLE ( 'NONE', #680, 0.9750000000000001998 ) ;
#293 = DIRECTION ( 'NONE',  ( 1.227398685832646557E-16, -1.000000000000000000, 0.000000000000000000 ) ) ;
#294 = EDGE_LOOP ( 'NONE', ( #4915, #1758, #48, #284 ) ) ;
#295 = VECTOR ( 'NONE', #9446, 1000.000000000000000 ) ;
#296 = CARTESIAN_POINT ( 'NONE',  ( 25.99799679487178850, -15.08404989481329572, 3.499999999999996003 ) ) ;
#297 = CARTESIAN_POINT ( 'NONE',  ( 28.53711176919502535, -12.80845114871524082, 4.000000000000007105 ) ) ;
#298 = VERTEX_POINT ( 'NONE', #5678 ) ;
#299 = ORIENTED_EDGE ( 'NONE', *, *, #4257, .F. ) ;
#300 = PLANE ( 'NONE',  #10685 ) ;
#301 = DIRECTION ( 'NONE',  ( 1.000000000000000000, 0.000000000000000000, 0.000000000000000000 ) ) ;
#302 = VECTOR ( 'NONE', #437, 1000.000000000000000 ) ;
#303 = CARTESIAN_POINT ( 'NONE',  ( 0.000000000000000000, 44.00000000000000000, 0.000000000000000000 ) ) ;
#304 = FACE_OUTER_BOUND ( 'NONE', #331, .T. ) ;
#305 = EDGE_CURVE ( 'NONE', #9699, #9635, #279, .T. ) ;
#306 = LINE ( 'NONE', #1423, #10202 ) ;
#307 = ORIENTED_EDGE ( 'NONE', *, *, #3608, .F. ) ;
#308 = CARTESIAN_POINT ( 'NONE',  ( -47.74999999999998579, -10.45000000000001172, 1.000000000000000888 ) ) ;
#309 = DIRECTION ( 'NONE',  ( 0.000000000000000000, 0.000000000000000000, 1.000000000000000000 ) ) ;
#310 = EDGE_CURVE ( 'NONE', #5211, #8571, #9859, .T. ) ;
#311 = VERTEX_POINT ( 'NONE', #9374 ) ;
#312 = ORIENTED_EDGE ( 'NONE', *, *, #11318, .F. ) ;
#313 = ORIENTED_EDGE ( 'NONE', *, *, #8978, .F. ) ;
#314 = PLANE ( 'NONE',  #885 ) ;
#315 = LINE ( 'NONE', #2830, #1823 ) ;
#316 = EDGE_CURVE ( 'NONE', #976, #11006, #8445, .T. ) ;
#317 = AXIS2_PLACEMENT_3D ( 'NONE', #1362, #4135, #7777 ) ;
#318 = CARTESIAN_POINT ( 'NONE',  ( 23.37179487179486514, -13.39634957430047280, 3.499999999999996003 ) ) ;
#319 = ORIENTED_EDGE ( 'NONE', *, *, #6393, .F. ) ;
#320 = CARTESIAN_POINT ( 'NONE',  ( 30.99999999999999289, 12.05000000000000426, 6.000000000000008882 ) ) ;
#321 = CARTESIAN_POINT ( 'NONE',  ( 20.99999999999998934, 37.55000000000001137, 2.000000000000001776 ) ) ;
#322 = ORIENTED_EDGE ( 'NONE', *, *, #4983, .F. ) ;
#323 = CARTESIAN_POINT ( 'NONE',  ( 28.62820512820512064, -18.00000000000000000, 4.000000000000000000 ) ) ;
#324 = CARTESIAN_POINT ( 'NONE',  ( 20.99999999999998934, -18.00000000000000000, 4.000000000000000000 ) ) ;
#325 = VECTOR ( 'NONE', #7076, 999.9999999999998863 ) ;
#326 = LINE ( 'NONE', #6794, #8430 ) ;
#327 = CARTESIAN_POINT ( 'NONE',  ( 25.99999999999999289, 7.050000000000004263, 1.600000000000000755 ) ) ;
#328 = ORIENTED_EDGE ( 'NONE', *, *, #2950, .T. ) ;
#329 = DIRECTION ( 'NONE',  ( 0.1766774344546987729, 0.9842688068584241057, 0.000000000000000000 ) ) ;
#330 = AXIS2_PLACEMENT_3D ( 'NONE', #7937, #11749, #11613 ) ;
#331 = EDGE_LOOP ( 'NONE', ( #2310, #6530, #1793, #6830 ) ) ;
#332 = EDGE_CURVE ( 'NONE', #9293, #7966, #4131, .T. ) ;
#333 = EDGE_CURVE ( 'NONE', #9831, #5352, #5795, .T. ) ;
#334 = CARTESIAN_POINT ( 'NONE',  ( 27.10788977899723662, 9.429748986257470378, 6.812377427192834567 ) ) ;
#335 = CARTESIAN_POINT ( 'NONE',  ( 23.27282197134106667, 8.300000000000006040, 1.600000000000000755 ) ) ;
#336 = CARTESIAN_POINT ( 'NONE',  ( 25.91849677104602634, -10.88026427224234105, 4.000000000000003553 ) ) ;
#337 = CARTESIAN_POINT ( 'NONE',  ( 25.53054203674924594, -10.03550810369756263, 3.500000000000003109 ) ) ;
#338 = VECTOR ( 'NONE', #5401, 1000.000000000000000 ) ;
#339 = CARTESIAN_POINT ( 'NONE',  ( 0.000000000000000000, 0.000000000000000000, 3.500000000000000000 ) ) ;
#340 = VECTOR ( 'NONE', #2600, 1000.000000000000000 ) ;
#341 = ORIENTED_EDGE ( 'NONE', *, *, #11683, .F. ) ;
#342 = EDGE_CURVE ( 'NONE', #3188, #5148, #7947, .T. ) ;
#343 = FACE_OUTER_BOUND ( 'NONE', #8776, .T. ) ;
#344 = CARTESIAN_POINT ( 'NONE',  ( 27.58581286394571563, -11.91310387638182178, 4.000000000000007105 ) ) ;
#345 = ORIENTED_EDGE ( 'NONE', *, *, #1182, .F. ) ;
#346 = CARTESIAN_POINT ( 'NONE',  ( 20.99999999999998934, 13.55000000000000959, 2.000000000000001776 ) ) ;
#347 = LINE ( 'NONE', #4024, #9894 ) ;
#348 = CARTESIAN_POINT ( 'NONE',  ( 25.99999999999999289, 7.050000000000004263, 3.599999999999999201 ) ) ;
#349 = CARTESIAN_POINT ( 'NONE',  ( 24.03787757883680243, -8.004586484164727622, 3.499999999999996003 ) ) ;
#350 = ADVANCED_FACE ( 'NONE', ( #5248 ), #10771, .F. ) ;
#351 = FACE_OUTER_BOUND ( 'NONE', #2942, .T. ) ;
#352 = AXIS2_PLACEMENT_3D ( 'NONE', #6277, #9930, #1728 ) ;
#353 = CARTESIAN_POINT ( 'NONE',  ( -25.99999999999999289, 9.549999999999988276, 1.000000000000000888 ) ) ;
#354 = DIRECTION ( 'NONE',  ( -0.000000000000000000, -0.000000000000000000, 1.000000000000000000 ) ) ;
#355 = ORIENTED_EDGE ( 'NONE', *, *, #9772, .F. ) ;
#356 = PLANE ( 'NONE',  #2313 ) ;
#357 = ORIENTED_EDGE ( 'NONE', *, *, #9512, .T. ) ;
#358 = VERTEX_POINT ( 'NONE', #1589 ) ;
#359 = CARTESIAN_POINT ( 'NONE',  ( 24.51978963703879089, -6.698041713330444402, 4.000000000000000000 ) ) ;
#360 = LINE ( 'NONE', #2212, #5165 ) ;
#361 = DIRECTION ( 'NONE',  ( -1.000000000000000000, 0.000000000000000000, 0.000000000000000000 ) ) ;
#362 = ORIENTED_EDGE ( 'NONE', *, *, #333, .T. ) ;
#363 = DIRECTION ( 'NONE',  ( -1.000000000000000000, 0.000000000000000000, 0.000000000000000000 ) ) ;
#364 = FACE_OUTER_BOUND ( 'NONE', #4380, .T. ) ;
#365 = CYLINDRICAL_SURFACE ( 'NONE', #6270, 1.100000000000000311 ) ;
#366 = ORIENTED_EDGE ( 'NONE', *, *, #1844, .F. ) ;
#367 = VECTOR ( 'NONE', #3642, 1000.000000000000000 ) ;
#368 = DIRECTION ( 'NONE',  ( 0.000000000000000000, 0.000000000000000000, -1.000000000000000000 ) ) ;
#369 = VECTOR ( 'NONE', #10807, 1000.000000000000000 ) ;
#370 = DIRECTION ( 'NONE',  ( 1.000000000000000000, 0.000000000000000000, 0.000000000000000000 ) ) ;
#371 = ORIENTED_EDGE ( 'NONE', *, *, #4467, .T. ) ;
#372 = EDGE_LOOP ( 'NONE', ( #1354, #10025, #11481, #7857 ) ) ;
#373 = AXIS2_PLACEMENT_3D ( 'NONE', #7279, #4596, #6328 ) ;
#374 = CARTESIAN_POINT ( 'NONE',  ( 27.21755899971341819, -12.73423229731014317, 4.000000000000003553 ) ) ;
#375 = DIRECTION ( 'NONE',  ( 0.000000000000000000, 0.000000000000000000, 1.000000000000000000 ) ) ;
#376 = ORIENTED_EDGE ( 'NONE', *, *, #9599, .F. ) ;
#377 = DIRECTION ( 'NONE',  ( -0.000000000000000000, 0.000000000000000000, -1.000000000000000000 ) ) ;
#378 = SURFACE_SIDE_STYLE ('',( #2963 ) ) ;
#379 = FACE_OUTER_BOUND ( 'NONE', #7543, .T. ) ;
#380 = VECTOR ( 'NONE', #3773, 1000.000000000000000 ) ;
#381 = DIRECTION ( 'NONE',  ( -1.000000000000000000, 0.000000000000000000, 0.000000000000000000 ) ) ;
#382 = ORIENTED_EDGE ( 'NONE', *, *, #4831, .F. ) ;
#383 = FACE_OUTER_BOUND ( 'NONE', #4978, .T. ) ;
#384 = EDGE_CURVE ( 'NONE', #5168, #7179, #1398, .T. ) ;
#385 = CARTESIAN_POINT ( 'NONE',  ( 16.99999999999999645, -17.99999999999999289, 0.000000000000000000 ) ) ;
#386 = CARTESIAN_POINT ( 'NONE',  ( 26.87222928682669476, -15.03369084248655341, 4.000000000000003553 ) ) ;
#387 = ORIENTED_EDGE ( 'NONE', *, *, #11811, .F. ) ;
#388 = LINE ( 'NONE', #8613, #5708 ) ;
#389 = ORIENTED_EDGE ( 'NONE', *, *, #1571, .T. ) ;
#390 = AXIS2_PLACEMENT_3D ( 'NONE', #8156, #1735, #3709 ) ;
#391 = CARTESIAN_POINT ( 'NONE',  ( 25.17072760567531731, -11.04420174635357021, 3.499999999999996003 ) ) ;
#392 = EDGE_CURVE ( 'NONE', #6899, #8962, #4355, .T. ) ;
#393 = CARTESIAN_POINT ( 'NONE',  ( 26.05577673652076953, -10.80510531679636266, 3.499999999999996003 ) ) ;
#394 = CARTESIAN_POINT ( 'NONE',  ( 24.71794871794871185, -8.737896048659450798, 4.000000000000003553 ) ) ;
#395 = FACE_OUTER_BOUND ( 'NONE', #3879, .T. ) ;
#396 = CARTESIAN_POINT ( 'NONE',  ( 28.56661237903190553, 7.600568702161829115, 6.808068238351443036 ) ) ;
#397 = VECTOR ( 'NONE', #4001, 1000.000000000000000 ) ;
#398 = EDGE_CURVE ( 'NONE', #2999, #3799, #8844, .T. ) ;
#399 = CARTESIAN_POINT ( 'NONE',  ( -18.99999999999999645, 37.54999999999998295, 1.734723475976807094E-15 ) ) ;
#400 = ADVANCED_FACE ( 'NONE', ( #2353 ), #3451, .F. ) ;
#401 = CARTESIAN_POINT ( 'NONE',  ( 25.99799679487178850, -14.18661399737739792, 4.000000000000007105 ) ) ;
#402 = DIRECTION ( 'NONE',  ( -0.000000000000000000, -0.000000000000000000, -1.000000000000000000 ) ) ;
#403 = EDGE_LOOP ( 'NONE', ( #3377, #9231, #7299, #2272 ) ) ;
#404 = ORIENTED_EDGE ( 'NONE', *, *, #5023, .T. ) ;
#405 = CARTESIAN_POINT ( 'NONE',  ( 24.18003271648493424, -12.00994218814738623, 3.499999999999999556 ) ) ;
#406 = CARTESIAN_POINT ( 'NONE',  ( 24.42214600629759857, -7.798767091153945508, 4.000000000000000000 ) ) ;
#407 = CARTESIAN_POINT ( 'NONE',  ( -66.01999999999999602, 11.99999999999998757, 3.100000000000001865 ) ) ;
#408 = CARTESIAN_POINT ( 'NONE',  ( -14.99999999999999645, 11.67493243193886165, 10.09999999999999964 ) ) ;
#409 = VECTOR ( 'NONE', #5610, 1000.000000000000000 ) ;
#410 = CARTESIAN_POINT ( 'NONE',  ( 26.27887547677300972, -12.58892115038910298, 3.500000000000003109 ) ) ;
#411 = CARTESIAN_POINT ( 'NONE',  ( 25.57765273266973693, -8.895808872044877802, 4.000000000000003553 ) ) ;
#412 = ORIENTED_EDGE ( 'NONE', *, *, #2661, .F. ) ;
#413 = FACE_OUTER_BOUND ( 'NONE', #11211, .T. ) ;
#414 = ORIENTED_EDGE ( 'NONE', *, *, #6842, .T. ) ;
#415 = ORIENTED_EDGE ( 'NONE', *, *, #11883, .F. ) ;
#416 = CARTESIAN_POINT ( 'NONE',  ( 24.43846738818718123, -6.894959635333634651, 4.000000000000007105 ) ) ;
#417 = EDGE_CURVE ( 'NONE', #1276, #3488, #5860, .T. ) ;
#418 = EDGE_CURVE ( 'NONE', #10695, #4584, #8783, .T. ) ;
#419 = AXIS2_PLACEMENT_3D ( 'NONE', #3860, #6599, #7549 ) ;
#420 = DIRECTION ( 'NONE',  ( -0.000000000000000000, -0.000000000000000000, 1.000000000000000000 ) ) ;
#421 = ORIENTED_EDGE ( 'NONE', *, *, #2112, .T. ) ;
#422 = CARTESIAN_POINT ( 'NONE',  ( 24.40287906343287361, -13.77014945500065402, 3.499999999999999556 ) ) ;
#423 = ORIENTED_EDGE ( 'NONE', *, *, #265, .F. ) ;
#424 = CYLINDRICAL_SURFACE ( 'NONE', #9418, 1.100000000000000311 ) ;
#425 = DIRECTION ( 'NONE',  ( 1.000000000000000000, 0.000000000000000000, 0.000000000000000000 ) ) ;
#426 = ORIENTED_EDGE ( 'NONE', *, *, #626, .F. ) ;
#427 = EDGE_LOOP ( 'NONE', ( #8887, #9735 ) ) ;
#428 = VECTOR ( 'NONE', #9744, 1000.000000000000000 ) ;
#429 = LINE ( 'NONE', #6072, #9090 ) ;
#430 = LINE ( 'NONE', #7809, #8481 ) ;
#431 = ORIENTED_EDGE ( 'NONE', *, *, #8474, .T. ) ;
#432 = VERTEX_POINT ( 'NONE', #5961 ) ;
#433 = EDGE_CURVE ( 'NONE', #6657, #1351, #2483, .T. ) ;
#434 = ORIENTED_EDGE ( 'NONE', *, *, #10620, .T. ) ;
#435 = AXIS2_PLACEMENT_3D ( 'NONE', #3913, #10366, #11161 ) ;
#436 = CARTESIAN_POINT ( 'NONE',  ( -38.26999999999998892, 7.049999999999989164, 1.000000000000013101 ) ) ;
#437 = DIRECTION ( 'NONE',  ( -0.000000000000000000, 1.000000000000000000, -0.000000000000000000 ) ) ;
#438 = PRODUCT_DEFINITION_CONTEXT ( 'detailed design', #5055, 'design' ) ;
#439 = ORIENTED_EDGE ( 'NONE', *, *, #1047, .T. ) ;
#440 = CARTESIAN_POINT ( 'NONE',  ( -18.99999999999999645, 25.54999999999999361, 1.000000000000002665 ) ) ;
#441 = PLANE ( 'NONE',  #8716 ) ;
#442 = DIRECTION ( 'NONE',  ( 0.000000000000000000, 0.000000000000000000, 1.000000000000000000 ) ) ;
#443 = AXIS2_PLACEMENT_3D ( 'NONE', #11876, #4598, #9928 ) ;
#444 = CARTESIAN_POINT ( 'NONE',  ( 16.99999999999999645, -2.999999999999992450, 0.000000000000000000 ) ) ;
#445 = DIRECTION ( 'NONE',  ( 0.000000000000000000, -0.000000000000000000, -1.000000000000000000 ) ) ;
#446 = EDGE_CURVE ( 'NONE', #488, #6900, #7820, .T. ) ;
#447 = DIRECTION ( 'NONE',  ( -1.000000000000000000, 0.000000000000000000, 0.000000000000000000 ) ) ;
#448 = DIRECTION ( 'NONE',  ( 1.000000000000000000, 0.000000000000000000, 0.000000000000000000 ) ) ;
#449 = FILL_AREA_STYLE ('',( #8665 ) ) ;
#450 = CARTESIAN_POINT ( 'NONE',  ( 43.19999999999999574, -18.00000000000000355, 5.999999999999998224 ) ) ;
#451 = ORIENTED_EDGE ( 'NONE', *, *, #3420, .T. ) ;
#452 = CARTESIAN_POINT ( 'NONE',  ( 26.58904733103313589, -10.26085727031833628, 3.500000000000003109 ) ) ;
#453 = DIRECTION ( 'NONE',  ( -1.000000000000000000, 0.000000000000000000, 0.000000000000000000 ) ) ;
#454 = CARTESIAN_POINT ( 'NONE',  ( -64.84999999999999432, 11.39999999999998614, 0.4500000000000025091 ) ) ;
#455 = CARTESIAN_POINT ( 'NONE',  ( 41.19999999999999574, 13.55000000000000959, 2.000000000000001776 ) ) ;
#456 = VERTEX_POINT ( 'NONE', #6970 ) ;
#457 = LINE ( 'NONE', #10533, #3151 ) ;
#458 = EDGE_CURVE ( 'NONE', #7395, #1450, #5060, .T. ) ;
#459 = DIRECTION ( 'NONE',  ( 1.156482317317872218E-16, 1.000000000000000000, 0.000000000000000000 ) ) ;
#460 = EDGE_CURVE ( 'NONE', #2363, #2952, #9792, .T. ) ;
#461 = PRESENTATION_STYLE_ASSIGNMENT (( #9394 ) ) ;
#462 = CARTESIAN_POINT ( 'NONE',  ( 26.27574534825463815, -11.68916459254359985, 4.000000000000003553 ) ) ;
#463 = ORIENTED_EDGE ( 'NONE', *, *, #2693, .F. ) ;
#464 = FACE_BOUND ( 'NONE', #5050, .T. ) ;
#465 = CARTESIAN_POINT ( 'NONE',  ( 23.82391318357954191, -8.191584112597499967, 3.999999999999996447 ) ) ;
#466 = CYLINDRICAL_SURFACE ( 'NONE', #4005, 2.250000000000001776 ) ;
#467 = EDGE_CURVE ( 'NONE', #9085, #3297, #10828, .T. ) ;
#468 = EDGE_CURVE ( 'NONE', #5229, #9066, #290, .T. ) ;
#469 = DIRECTION ( 'NONE',  ( -0.4755495828655236790, -0.8796889190142310744, 0.000000000000000000 ) ) ;
#470 = DIRECTION ( 'NONE',  ( 1.000000000000000000, 0.000000000000000000, 0.000000000000000000 ) ) ;
#471 = ORIENTED_EDGE ( 'NONE', *, *, #3197, .F. ) ;
#472 = FACE_BOUND ( 'NONE', #3687, .T. ) ;
#473 = EDGE_LOOP ( 'NONE', ( #4418, #9314 ) ) ;
#474 = ORIENTED_EDGE ( 'NONE', *, *, #6808, .F. ) ;
#475 = CARTESIAN_POINT ( 'NONE',  ( 14.99999999999999645, 41.99999999999999289, 13.19999999999999929 ) ) ;
#476 = ORIENTED_EDGE ( 'NONE', *, *, #1940, .T. ) ;
#477 = VECTOR ( 'NONE', #2193, 1000.000000000000000 ) ;
#478 = LINE ( 'NONE', #8753, #5365 ) ;
#479 = EDGE_LOOP ( 'NONE', ( #3598, #1671, #7522, #7740 ) ) ;
#480 = CARTESIAN_POINT ( 'NONE',  ( 24.53318623672983634, -13.88971113978479188, 4.000000000000010658 ) ) ;
#481 = EDGE_LOOP ( 'NONE', ( #742, #8267, #1077, #10903 ) ) ;
#482 = FACE_OUTER_BOUND ( 'NONE', #1202, .T. ) ;
#483 = DIRECTION ( 'NONE',  ( -0.000000000000000000, 0.000000000000000000, -1.000000000000000000 ) ) ;
#484 = FACE_BOUND ( 'NONE', #22, .T. ) ;
#485 =( GEOMETRIC_REPRESENTATION_CONTEXT ( 3 ) GLOBAL_UNCERTAINTY_ASSIGNED_CONTEXT ( ( #2959 ) ) GLOBAL_UNIT_ASSIGNED_CONTEXT ( ( #11314, #6736, #5738 ) ) REPRESENTATION_CONTEXT ( 'NONE', 'WORKASPACE' ) );
#486 = ORIENTED_EDGE ( 'NONE', *, *, #8078, .T. ) ;
#487 = ADVANCED_FACE ( 'NONE', ( #9072 ), #11807, .F. ) ;
#488 = VERTEX_POINT ( 'NONE', #11754 ) ;
#489 = FACE_OUTER_BOUND ( 'NONE', #6212, .T. ) ;
#490 = CARTESIAN_POINT ( 'NONE',  ( 11.02500000000000036, -10.45000000000000107, 0.000000000000000000 ) ) ;
#491 = ORIENTED_EDGE ( 'NONE', *, *, #5553, .F. ) ;
#492 = EDGE_CURVE ( 'NONE', #1214, #11661, #1859, .T. ) ;
#493 = AXIS2_PLACEMENT_3D ( 'NONE', #5339, #9088, #8262 ) ;
#494 = VERTEX_POINT ( 'NONE', #5549 ) ;
#495 = DIRECTION ( 'NONE',  ( 0.000000000000000000, 0.000000000000000000, 1.000000000000000000 ) ) ;
#496 = DIRECTION ( 'NONE',  ( 0.000000000000000000, 0.000000000000000000, 1.000000000000000000 ) ) ;
#497 = ORIENTED_EDGE ( 'NONE', *, *, #11683, .T. ) ;
#498 = CARTESIAN_POINT ( 'NONE',  ( 5.999999999999997335, 10.60000000000000142, 2.000000000000000000 ) ) ;
#499 = CARTESIAN_POINT ( 'NONE',  ( -57.99999999999999289, -10.45000000000001528, 3.100000000000001865 ) ) ;
#500 = STYLED_ITEM ( 'NONE', ( #9198 ), #1812 ) ;
#501 = DIRECTION ( 'NONE',  ( -0.4755495828655236790, -0.8796889190142310744, 0.000000000000000000 ) ) ;
#502 = CARTESIAN_POINT ( 'NONE',  ( -17.00000000000000000, 41.99999999999997868, 2.000000000000000000 ) ) ;
#503 = ORIENTED_EDGE ( 'NONE', *, *, #5031, .F. ) ;
#504 = CARTESIAN_POINT ( 'NONE',  ( 27.72889365248611426, -13.35308062070989443, 3.500000000000006661 ) ) ;
#505 = CYLINDRICAL_SURFACE ( 'NONE', #10310, 1.099999999999996758 ) ;
#506 = LINE ( 'NONE', #11433, #2473 ) ;
#507 = DIRECTION ( 'NONE',  ( 0.000000000000000000, 0.000000000000000000, -1.000000000000000000 ) ) ;
#508 = SURFACE_STYLE_USAGE ( .BOTH. , #1406 ) ;
#509 = LINE ( 'NONE', #3463, #3393 ) ;
#510 = ORIENTED_EDGE ( 'NONE', *, *, #11331, .T. ) ;
#511 = CARTESIAN_POINT ( 'NONE',  ( 26.18514094166284067, -10.71710360289248420, 3.500000000000003109 ) ) ;
#512 = FACE_BOUND ( 'NONE', #2469, .T. ) ;
#513 = DIRECTION ( 'NONE',  ( -1.000000000000000000, 0.000000000000000000, 0.000000000000000000 ) ) ;
#514 = ORIENTED_EDGE ( 'NONE', *, *, #11238, .F. ) ;
#515 = CARTESIAN_POINT ( 'NONE',  ( -18.99999999999999645, 37.54999999999998295, -20.20000000000000284 ) ) ;
#516 = VECTOR ( 'NONE', #9863, 1000.000000000000000 ) ;
#517 = EDGE_LOOP ( 'NONE', ( #9254, #4200 ) ) ;
#518 = VECTOR ( 'NONE', #5740, 1000.000000000000000 ) ;
#519 = DIRECTION ( 'NONE',  ( -1.000000000000000000, 0.000000000000000000, 0.000000000000000000 ) ) ;
#520 = ORIENTED_EDGE ( 'NONE', *, *, #6068, .F. ) ;
#521 = ORIENTED_EDGE ( 'NONE', *, *, #11388, .T. ) ;
#522 = PLANE ( 'NONE',  #6997 ) ;
#523 = FACE_OUTER_BOUND ( 'NONE', #4096, .T. ) ;
#524 = DIRECTION ( 'NONE',  ( -1.000000000000000000, 0.000000000000000000, 0.000000000000000000 ) ) ;
#525 = CIRCLE ( 'NONE', #4762, 1.100000000000003642 ) ;
#526 = CARTESIAN_POINT ( 'NONE',  ( 25.99999999999999289, 7.050000000000004263, 3.599999999999999201 ) ) ;
#527 = LINE ( 'NONE', #1556, #1199 ) ;
#528 = VECTOR ( 'NONE', #469, 1000.000000000000114 ) ;
#529 = PLANE ( 'NONE',  #9523 ) ;
#530 = DIRECTION ( 'NONE',  ( -0.000000000000000000, -0.000000000000000000, 1.000000000000000000 ) ) ;
#531 = CARTESIAN_POINT ( 'NONE',  ( 14.99999999999999112, 7.050000000000000711, 8.200000000000002842 ) ) ;
#532 = VERTEX_POINT ( 'NONE', #10996 ) ;
#533 = ORIENTED_EDGE ( 'NONE', *, *, #3623, .F. ) ;
#534 = CARTESIAN_POINT ( 'NONE',  ( 29.44999999999999218, -15.00000000000000000, 4.000000000000000000 ) ) ;
#535 = ORIENTED_EDGE ( 'NONE', *, *, #10065, .F. ) ;
#536 = CARTESIAN_POINT ( 'NONE',  ( 25.71879434155228239, -12.58671603821862561, 3.500000000000006661 ) ) ;
#537 = ORIENTED_EDGE ( 'NONE', *, *, #10078, .F. ) ;
#538 = EDGE_CURVE ( 'NONE', #6496, #2820, #3684, .T. ) ;
#539 = CARTESIAN_POINT ( 'NONE',  ( 24.58571392778258868, -13.92304398496294837, 3.500000000000003109 ) ) ;
#540 = AXIS2_PLACEMENT_3D ( 'NONE', #799, #5421, #8124 ) ;
#541 = VECTOR ( 'NONE', #6895, 1000.000000000000000 ) ;
#542 = ORIENTED_EDGE ( 'NONE', *, *, #7028, .F. ) ;
#543 = CARTESIAN_POINT ( 'NONE',  ( 27.05820608105829450, -15.00525146892465855, 3.499999999999989342 ) ) ;
#544 = CARTESIAN_POINT ( 'NONE',  ( 24.49302181276942392, 4.900664813666497643, 6.724059395820003004 ) ) ;
#545 = CARTESIAN_POINT ( 'NONE',  ( 12.00000000000000000, 9.549999999999998934, 10.09999999999999964 ) ) ;
#546 = ORIENTED_EDGE ( 'NONE', *, *, #5700, .F. ) ;
#547 = CARTESIAN_POINT ( 'NONE',  ( 23.37310137713735259, -9.322794986139154361, 3.499999999999999556 ) ) ;
#548 = CARTESIAN_POINT ( 'NONE',  ( 23.59402873370821752, -6.978140757221240165, 3.499999999999999556 ) ) ;
#549 = ORIENTED_EDGE ( 'NONE', *, *, #7165, .F. ) ;
#550 = ORIENTED_EDGE ( 'NONE', *, *, #6783, .T. ) ;
#551 = EDGE_CURVE ( 'NONE', #10195, #8273, #3543, .T. ) ;
#552 = ORIENTED_EDGE ( 'NONE', *, *, #8492, .T. ) ;
#553 = DIRECTION ( 'NONE',  ( 0.000000000000000000, -0.000000000000000000, -1.000000000000000000 ) ) ;
#554 = AXIS2_PLACEMENT_3D ( 'NONE', #5778, #5722, #7682 ) ;
#555 = AXIS2_PLACEMENT_3D ( 'NONE', #10182, #7479, #3720 ) ;
#556 = ORIENTED_EDGE ( 'NONE', *, *, #8427, .F. ) ;
#557 = CARTESIAN_POINT ( 'NONE',  ( 24.15766005932343319, -7.926150676891020375, 3.999999999999996447 ) ) ;
#558 = EDGE_CURVE ( 'NONE', #7762, #1326, #1707, .T. ) ;
#559 = CARTESIAN_POINT ( 'NONE',  ( 23.75629145634233552, 7.218142710569450671, 5.999999999999998224 ) ) ;
#560 = CARTESIAN_POINT ( 'NONE',  ( -52.99999999999999289, 11.99999999999998934, 2.000000000000000000 ) ) ;
#561 = LINE ( 'NONE', #10518, #7475 ) ;
#562 = CARTESIAN_POINT ( 'NONE',  ( 27.38942547505419256, -14.92760095654060137, 3.999999999999991562 ) ) ;
#563 = COLOUR_RGB ( '',0.7921568627450980005, 0.8196078431372548767, 0.9333333333333333481 ) ;
#564 = EDGE_CURVE ( 'NONE', #11000, #6119, #4586, .T. ) ;
#565 = DIRECTION ( 'NONE',  ( -0.9947197128576187319, -0.1026289084637298371, 0.000000000000000000 ) ) ;
#566 = CARTESIAN_POINT ( 'NONE',  ( -47.74999999999998579, -10.45000000000001172, 2.000000000000000000 ) ) ;
#567 = CARTESIAN_POINT ( 'NONE',  ( 24.49055872867822714, -6.379845696135678423, 3.499999999999999556 ) ) ;
#568 = CARTESIAN_POINT ( 'NONE',  ( 23.59402873370821752, -6.978140757221240165, 3.499999999999999556 ) ) ;
#569 = LINE ( 'NONE', #699, #3187 ) ;
#570 = ORIENTED_EDGE ( 'NONE', *, *, #9997, .F. ) ;
#571 = CARTESIAN_POINT ( 'NONE',  ( 26.76923076923075939, -9.530163676864578548, 3.499999999999999556 ) ) ;
#572 = CARTESIAN_POINT ( 'NONE',  ( 39.19999999999998863, -18.00000000000000000, 4.000000000000000000 ) ) ;
#573 = CARTESIAN_POINT ( 'NONE',  ( 16.99999999999999645, -15.00000000000000355, 2.500000000000000444 ) ) ;
#574 = VECTOR ( 'NONE', #7330, 1000.000000000000000 ) ;
#575 = DIRECTION ( 'NONE',  ( -0.000000000000000000, -0.000000000000000000, 1.000000000000000000 ) ) ;
#576 = DIRECTION ( 'NONE',  ( -1.000000000000000000, 0.000000000000000000, 0.000000000000000000 ) ) ;
#577 = DIRECTION ( 'NONE',  ( -0.000000000000000000, -0.000000000000000000, 1.000000000000000000 ) ) ;
#578 = EDGE_CURVE ( 'NONE', #11685, #5427, #2650, .T. ) ;
#579 = CARTESIAN_POINT ( 'NONE',  ( 23.96605924864125825, -14.62544266604636967, 3.999999999999977351 ) ) ;
#580 = ORIENTED_EDGE ( 'NONE', *, *, #9871, .F. ) ;
#581 = VECTOR ( 'NONE', #5578, 1000.000000000000000 ) ;
#582 = CARTESIAN_POINT ( 'NONE',  ( -74.51999999999999602, 11.19999999999998685, 3.100000000000005418 ) ) ;
#583 = ORIENTED_EDGE ( 'NONE', *, *, #10194, .F. ) ;
#584 = ORIENTED_EDGE ( 'NONE', *, *, #5410, .F. ) ;
#585 = DIRECTION ( 'NONE',  ( 1.000000000000000000, -0.000000000000000000, -0.000000000000000000 ) ) ;
#586 = CARTESIAN_POINT ( 'NONE',  ( 24.27016159504704618, -9.449727086359372308, 4.000000000000000000 ) ) ;
#587 = DIRECTION ( 'NONE',  ( -8.182657905550977046E-17, 1.000000000000000000, -0.000000000000000000 ) ) ;
#588 = EDGE_CURVE ( 'NONE', #7272, #10212, #9872, .T. ) ;
#589 = CARTESIAN_POINT ( 'NONE',  ( 43.19999999999998863, 26.99999999999998224, 52.04442251822082000 ) ) ;
#590 = EDGE_LOOP ( 'NONE', ( #2171, #5306, #11493, #345 ) ) ;
#591 = CARTESIAN_POINT ( 'NONE',  ( 23.78029098570420885, -14.47336161574260416, 3.500000000000003109 ) ) ;
#592 = CIRCLE ( 'NONE', #7875, 1.100000000000003642 ) ;
#593 = LINE ( 'NONE', #4090, #10957 ) ;
#594 = CARTESIAN_POINT ( 'NONE',  ( 27.77874780876727101, -11.99457524759169047, 3.500000000000006661 ) ) ;
#595 = ORIENTED_EDGE ( 'NONE', *, *, #7276, .F. ) ;
#596 = VERTEX_POINT ( 'NONE', #6315 ) ;
#597 = LINE ( 'NONE', #11590, #8008 ) ;
#598 = EDGE_LOOP ( 'NONE', ( #9136, #9216, #6547, #223 ) ) ;
#599 = CARTESIAN_POINT ( 'NONE',  ( 27.26747013064311531, 8.909037242211006458, 6.767750931287848104 ) ) ;
#600 = ADVANCED_FACE ( 'NONE', ( #2593 ), #1815, .T. ) ;
#601 = VERTEX_POINT ( 'NONE', #5429 ) ;
#602 = CARTESIAN_POINT ( 'NONE',  ( 24.58571392778258868, -13.92304398496294837, 4.000000000000003553 ) ) ;
#603 = VECTOR ( 'NONE', #4741, 1000.000000000000000 ) ;
#604 = ORIENTED_EDGE ( 'NONE', *, *, #9324, .F. ) ;
#605 = ORIENTED_EDGE ( 'NONE', *, *, #3877, .F. ) ;
#606 = CARTESIAN_POINT ( 'NONE',  ( 27.51982222677971635, -13.84883583983583932, 4.000000000000003553 ) ) ;
#607 = FACE_OUTER_BOUND ( 'NONE', #11333, .T. ) ;
#608 = CARTESIAN_POINT ( 'NONE',  ( 28.24370854365764671, 7.218142710569483533, 3.599999999999999201 ) ) ;
#609 = EDGE_LOOP ( 'NONE', ( #3098, #9805, #10120, #2399 ) ) ;
#610 = ORIENTED_EDGE ( 'NONE', *, *, #9683, .F. ) ;
#611 = LINE ( 'NONE', #671, #6418 ) ;
#612 = CARTESIAN_POINT ( 'NONE',  ( 26.03436018837477306, 4.425224890118236054, 5.999999999999998224 ) ) ;
#613 = EDGE_CURVE ( 'NONE', #6594, #11129, #5609, .T. ) ;
#614 = ORIENTED_EDGE ( 'NONE', *, *, #11840, .T. ) ;
#615 = VECTOR ( 'NONE', #3670, 1000.000000000000000 ) ;
#616 = ORIENTED_EDGE ( 'NONE', *, *, #1761, .F. ) ;
#617 = LINE ( 'NONE', #10702, #3791 ) ;
#618 = ADVANCED_FACE ( 'NONE', ( #3739 ), #1927, .F. ) ;
#619 = ORIENTED_EDGE ( 'NONE', *, *, #5448, .F. ) ;
#620 = CARTESIAN_POINT ( 'NONE',  ( 26.57648246869064934, -12.60676767337687210, 4.000000000000007105 ) ) ;
#621 = AXIS2_PLACEMENT_3D ( 'NONE', #5724, #5780, #1385 ) ;
#622 = DIRECTION ( 'NONE',  ( -1.000000000000000000, 0.000000000000000000, 0.000000000000000000 ) ) ;
#623 = ORIENTED_EDGE ( 'NONE', *, *, #5620, .F. ) ;
#624 = ORIENTED_EDGE ( 'NONE', *, *, #8504, .T. ) ;
#625 = DIRECTION ( 'NONE',  ( 0.000000000000000000, 0.000000000000000000, -1.000000000000000000 ) ) ;
#626 = EDGE_CURVE ( 'NONE', #10077, #4095, #5852, .T. ) ;
#627 = CARTESIAN_POINT ( 'NONE',  ( -74.51999999999999602, 11.19999999999998685, 11.63756405539659688 ) ) ;
#628 = EDGE_CURVE ( 'NONE', #8388, #11539, #9023, .T. ) ;
#629 = EDGE_CURVE ( 'NONE', #6274, #5976, #9251, .T. ) ;
#630 = CARTESIAN_POINT ( 'NONE',  ( 23.37653401374404893, -9.543537113745102829, 3.499999999999992895 ) ) ;
#631 = DIRECTION ( 'NONE',  ( -1.000000000000000000, 0.000000000000000000, 0.000000000000000000 ) ) ;
#632 = VECTOR ( 'NONE', #5665, 1000.000000000000000 ) ;
#633 = FACE_OUTER_BOUND ( 'NONE', #8519, .T. ) ;
#634 = LINE ( 'NONE', #5195, #940 ) ;
#635 = DIRECTION ( 'NONE',  ( -0.8381853050508640823, 0.5453855465602200914, 0.000000000000000000 ) ) ;
#636 = PLANE ( 'NONE',  #7596 ) ;
#637 = ORIENTED_EDGE ( 'NONE', *, *, #6357, .T. ) ;
#638 = LINE ( 'NONE', #1409, #1952 ) ;
#639 = CARTESIAN_POINT ( 'NONE',  ( 49.19999999999999574, 26.99999999999998224, 1.999999999999999112 ) ) ;
#640 = CARTESIAN_POINT ( 'NONE',  ( -16.99999999999999289, 4.728362646751220311, 10.09999999999999964 ) ) ;
#641 = VECTOR ( 'NONE', #6331, 1000.000000000000000 ) ;
#642 = DIRECTION ( 'NONE',  ( 0.000000000000000000, -1.000000000000000000, -2.891205793294679929E-17 ) ) ;
#643 = DIRECTION ( 'NONE',  ( 9.637352644315600173E-17, -1.000000000000000000, 0.000000000000000000 ) ) ;
#644 = EDGE_CURVE ( 'NONE', #11261, #6392, #10084, .T. ) ;
#645 = CARTESIAN_POINT ( 'NONE',  ( 27.73076923076922640, -13.39234316404406400, 3.500000000000003109 ) ) ;
#646 = DIRECTION ( 'NONE',  ( -0.000000000000000000, -0.000000000000000000, -1.000000000000000000 ) ) ;
#647 = EDGE_LOOP ( 'NONE', ( #7550, #6370, #1518, #11312 ) ) ;
#648 = ORIENTED_EDGE ( 'NONE', *, *, #11191, .F. ) ;
#649 = LINE ( 'NONE', #6047, #3758 ) ;
#650 = DIRECTION ( 'NONE',  ( 1.000000000000000000, 2.891205793294678326E-16, -0.000000000000000000 ) ) ;
#651 = EDGE_CURVE ( 'NONE', #8330, #4293, #2220, .T. ) ;
#652 = CARTESIAN_POINT ( 'NONE',  ( 25.85859516301805172, -9.599238241775243097, 4.000000000000000000 ) ) ;
#653 = CARTESIAN_POINT ( 'NONE',  ( -6.000000000000002665, 10.60000000000000142, 2.000000000000000000 ) ) ;
#654 = EDGE_CURVE ( 'NONE', #7456, #6802, #4826, .T. ) ;
#655 = CARTESIAN_POINT ( 'NONE',  ( 25.53054203674924594, -10.03550810369756263, 4.000000000000003553 ) ) ;
#656 = ORIENTED_EDGE ( 'NONE', *, *, #245, .F. ) ;
#657 = DIRECTION ( 'NONE',  ( -0.9996077427267575644, -0.02800643998648372907, 0.000000000000000000 ) ) ;
#658 = VERTEX_POINT ( 'NONE', #11237 ) ;
#659 = ORIENTED_EDGE ( 'NONE', *, *, #11404, .T. ) ;
#660 = DIRECTION ( 'NONE',  ( -0.000000000000000000, -0.000000000000000000, 1.000000000000000000 ) ) ;
#661 = ORIENTED_EDGE ( 'NONE', *, *, #11790, .F. ) ;
#662 = DIRECTION ( 'NONE',  ( 0.000000000000000000, 1.000000000000000000, 0.000000000000000000 ) ) ;
#663 = VERTEX_POINT ( 'NONE', #128 ) ;
#664 = CARTESIAN_POINT ( 'NONE',  ( 24.35400513596725958, -13.70313680472815854, 4.000000000000003553 ) ) ;
#665 = ORIENTED_EDGE ( 'NONE', *, *, #1393, .F. ) ;
#666 = CARTESIAN_POINT ( 'NONE',  ( 24.73252986935683850, 8.909037242210992247, 6.767750931287840999 ) ) ;
#667 = CARTESIAN_POINT ( 'NONE',  ( 12.99999999999999467, 18.00000000000000000, 0.000000000000000000 ) ) ;
#668 = CARTESIAN_POINT ( 'NONE',  ( 23.37179487179486514, -9.373913676864576772, 3.999999999999996447 ) ) ;
#669 = ADVANCED_FACE ( 'NONE', ( #8538 ), #7627, .F. ) ;
#670 = ORIENTED_EDGE ( 'NONE', *, *, #3828, .T. ) ;
#671 = CARTESIAN_POINT ( 'NONE',  ( 27.75912083555304122, 8.452852054182177000, 3.599999999999999201 ) ) ;
#672 = EDGE_CURVE ( 'NONE', #3041, #10823, #3946, .T. ) ;
#673 = PLANE ( 'NONE',  #4455 ) ;
#674 = ORIENTED_EDGE ( 'NONE', *, *, #8203, .F. ) ;
#675 = VECTOR ( 'NONE', #9732, 1000.000000000000000 ) ;
#676 = EDGE_LOOP ( 'NONE', ( #39, #10579, #850, #8509 ) ) ;
#677 = CARTESIAN_POINT ( 'NONE',  ( 28.61255792861496516, -13.62495953093910828, 3.499999999999992895 ) ) ;
#678 = EDGE_LOOP ( 'NONE', ( #4953, #6079, #4813, #3072 ) ) ;
#679 = CARTESIAN_POINT ( 'NONE',  ( 49.19999999999999574, 26.99999999999998224, 1.999999999999999112 ) ) ;
#680 = AXIS2_PLACEMENT_3D ( 'NONE', #8906, #9793, #7755 ) ;
#681 = ORIENTED_EDGE ( 'NONE', *, *, #3344, .T. ) ;
#682 = EDGE_CURVE ( 'NONE', #1327, #9613, #4872, .T. ) ;
#683 = CARTESIAN_POINT ( 'NONE',  ( 23.92644495765434343, 5.440343363830996815, 3.599999999999999201 ) ) ;
#684 = VECTOR ( 'NONE', #3065, 1000.000000000000000 ) ;
#685 = DIRECTION ( 'NONE',  ( 0.000000000000000000, 0.000000000000000000, -1.000000000000000000 ) ) ;
#686 = VERTEX_POINT ( 'NONE', #7504 ) ;
#687 = CARTESIAN_POINT ( 'NONE',  ( 24.26923076923076295, -9.424995407633808497, 3.500000000000003109 ) ) ;
#688 = EDGE_CURVE ( 'NONE', #7807, #6392, #3928, .T. ) ;
#689 = AXIS2_PLACEMENT_3D ( 'NONE', #2646, #7032, #622 ) ;
#690 = VERTEX_POINT ( 'NONE', #6778 ) ;
#691 = FACE_OUTER_BOUND ( 'NONE', #11030, .T. ) ;
#692 = VECTOR ( 'NONE', #9756, 999.9999999999998863 ) ;
#693 = CARTESIAN_POINT ( 'NONE',  ( 28.01923758060943115, -14.62549785898581334, 3.499999999999992895 ) ) ;
#694 = DIRECTION ( 'NONE',  ( 0.000000000000000000, -1.000000000000000000, 0.000000000000000000 ) ) ;
#695 = DIRECTION ( 'NONE',  ( -1.000000000000000000, 0.000000000000000000, 0.000000000000000000 ) ) ;
#696 = FACE_OUTER_BOUND ( 'NONE', #11351, .T. ) ;
#697 = CARTESIAN_POINT ( 'NONE',  ( 23.52391542723728790, -6.895305821183670858, 4.000000000000000000 ) ) ;
#698 = EDGE_CURVE ( 'NONE', #6015, #10008, #8719, .T. ) ;
#699 = CARTESIAN_POINT ( 'NONE',  ( 24.05144284148500944, 5.924999999999996270, 5.999999999999998224 ) ) ;
#700 = ORIENTED_EDGE ( 'NONE', *, *, #4285, .T. ) ;
#701 = CARTESIAN_POINT ( 'NONE',  ( 25.99799679487178850, -15.08404989481329572, 4.000000000000000000 ) ) ;
#702 = CARTESIAN_POINT ( 'NONE',  ( 25.62669101663371762, -8.941617124465178534, 3.500000000000006661 ) ) ;
#703 = LINE ( 'NONE', #10591, #191 ) ;
#704 = LINE ( 'NONE', #9679, #5065 ) ;
#705 = LINE ( 'NONE', #4373, #8127 ) ;
#706 = AXIS2_PLACEMENT_3D ( 'NONE', #1099, #10392, #3821 ) ;
#707 = CARTESIAN_POINT ( 'NONE',  ( 23.49999999999999289, -18.00000000000000000, 4.000000000000000000 ) ) ;
#708 = ORIENTED_EDGE ( 'NONE', *, *, #3958, .T. ) ;
#709 = ADVANCED_FACE ( 'NONE', ( #11357 ), #9307, .F. ) ;
#710 = LINE ( 'NONE', #10668, #1066 ) ;
#711 = CARTESIAN_POINT ( 'NONE',  ( 24.30003423467325874, -9.638507414967987685, 3.499999999999996003 ) ) ;
#712 = CARTESIAN_POINT ( 'NONE',  ( 9.199999999999999289, -17.99999999999999289, 10.09999999999999964 ) ) ;
#713 = CARTESIAN_POINT ( 'NONE',  ( 26.18514094166284067, -10.71710360289248420, 3.500000000000003109 ) ) ;
#714 = CARTESIAN_POINT ( 'NONE',  ( 28.19999999999999929, -15.00000000000001421, 5.999999999999999112 ) ) ;
#715 = CARTESIAN_POINT ( 'NONE',  ( 23.37179487179486514, -13.39634957430047280, 3.499999999999996003 ) ) ;
#716 = AXIS2_PLACEMENT_3D ( 'NONE', #2489, #6153, #143 ) ;
#717 = DIRECTION ( 'NONE',  ( 1.000000000000000000, 0.000000000000000000, 0.000000000000000000 ) ) ;
#718 = LINE ( 'NONE', #3487, #9976 ) ;
#719 = ORIENTED_EDGE ( 'NONE', *, *, #88, .F. ) ;
#720 = FACE_BOUND ( 'NONE', #258, .T. ) ;
#721 = ORIENTED_EDGE ( 'NONE', *, *, #8046, .F. ) ;
#722 = ORIENTED_EDGE ( 'NONE', *, *, #9906, .T. ) ;
#723 = EDGE_CURVE ( 'NONE', #11131, #8614, #5085, .T. ) ;
#724 = AXIS2_PLACEMENT_3D ( 'NONE', #10681, #10745, #2393 ) ;
#725 = LINE ( 'NONE', #2574, #906 ) ;
#726 = ORIENTED_EDGE ( 'NONE', *, *, #8423, .F. ) ;
#727 = CARTESIAN_POINT ( 'NONE',  ( 27.35493773600319756, -13.96896800775460257, 4.000000000000003553 ) ) ;
#728 = DIRECTION ( 'NONE',  ( 0.000000000000000000, -0.000000000000000000, -1.000000000000000000 ) ) ;
#729 = CARTESIAN_POINT ( 'NONE',  ( 23.46004233177433207, -8.793230719478204449, 3.499999999999999556 ) ) ;
#730 = ORIENTED_EDGE ( 'NONE', *, *, #4545, .F. ) ;
#731 = CARTESIAN_POINT ( 'NONE',  ( 26.97623841301451364, 5.022820047219567208, 5.999999999999998224 ) ) ;
#732 = CARTESIAN_POINT ( 'NONE',  ( -9.199999999999995737, -17.99999999999999645, 10.09999999999999964 ) ) ;
#733 = VERTEX_POINT ( 'NONE', #308 ) ;
#734 = ORIENTED_EDGE ( 'NONE', *, *, #11238, .T. ) ;
#735 = CARTESIAN_POINT ( 'NONE',  ( 30.99999999999999289, 12.05000000000000426, 5.999999999999998224 ) ) ;
#736 = AXIS2_PLACEMENT_3D ( 'NONE', #99, #10173, #2917 ) ;
#737 = CIRCLE ( 'NONE', #11284, 1.100000000000000311 ) ;
#738 = EDGE_CURVE ( 'NONE', #7743, #3595, #1090, .T. ) ;
#739 = EDGE_LOOP ( 'NONE', ( #6995, #7989, #2766, #4400, #8655, #6451, #9769 ) ) ;
#740 = CARTESIAN_POINT ( 'NONE',  ( 25.64277398288026433, 9.650579660901161816, 6.806887048618888159 ) ) ;
#741 = CARTESIAN_POINT ( 'NONE',  ( -14.99999999999999645, 18.00000000000000000, 10.09999999999999964 ) ) ;
#742 = ORIENTED_EDGE ( 'NONE', *, *, #1414, .F. ) ;
#743 = VECTOR ( 'NONE', #6513, 1000.000000000000000 ) ;
#744 = ORIENTED_EDGE ( 'NONE', *, *, #1188, .T. ) ;
#745 = B_SPLINE_SURFACE_WITH_KNOTS ( 'NONE', 3, 1, ( 
 ( #8840, #401 ),
 ( #7900, #4082 ),
 ( #7723, #3341 ),
 ( #7233, #10904 ),
 ( #876, #5393 ),
 ( #10728, #8865 ),
 ( #4437, #2500 ),
 ( #8929, #4378 ),
 ( #7127, #4546 ),
 ( #3641, #4487 ),
 ( #11713, #8149 ),
 ( #8033, #8097 ),
 ( #2559, #5441 ),
 ( #3474, #2669 ),
 ( #10790, #9873 ),
 ( #6337, #2723 ),
 ( #10960, #6162 ),
 ( #6220, #8207 ),
 ( #645, #7177 ) ),
 .UNSPECIFIED., .F., .F., .F.,
 ( 4, 1, 1, 1, 1, 1, 1, 1, 1, 1, 1, 1, 1, 1, 1, 1, 4 ),
 ( 2, 2 ),
 ( 0.000000000000000000, 0.1121189577322309477, 0.2158098539625155354, 0.3102142080600070462, 0.3960076258587223452, 0.4734278052872863407, 0.5427985700809887515, 0.6045704650941843283, 0.6593817431227547710, 0.7087906733763351674, 0.7553835472296083209, 0.7987166436891672827, 0.8404257596978478295, 0.8801989997644280583, 0.9197303684836823923, 0.9590470856505567410, 1.000000000000000000 ),
 ( 0.000000000000000000, 1.000000000000000000 ),
 .UNSPECIFIED. ) ;
#746 = DIRECTION ( 'NONE',  ( -1.000000000000000000, 0.000000000000000000, 0.000000000000000000 ) ) ;
#747 = CARTESIAN_POINT ( 'NONE',  ( 25.35897435897435059, -5.340460151223551222, 3.499999999999999556 ) ) ;
#748 = ORIENTED_EDGE ( 'NONE', *, *, #4285, .F. ) ;
#749 = ADVANCED_FACE ( 'NONE', ( #1213 ), #8360, .T. ) ;
#750 = EDGE_LOOP ( 'NONE', ( #1623, #7303 ) ) ;
#751 = CARTESIAN_POINT ( 'NONE',  ( 22.99999999999999289, 7.050000000000000711, 7.250000000000002665 ) ) ;
#752 = AXIS2_PLACEMENT_3D ( 'NONE', #8019, #3460, #9972 ) ;
#753 = PLANE ( 'NONE',  #10715 ) ;
#754 = CARTESIAN_POINT ( 'NONE',  ( 46.09999999999999432, -1.450000000000013500, -1.734723475976807094E-15 ) ) ;
#755 = AXIS2_PLACEMENT_3D ( 'NONE', #11532, #6890, #6825 ) ;
#756 = EDGE_CURVE ( 'NONE', #7272, #3932, #2168, .T. ) ;
#757 = CARTESIAN_POINT ( 'NONE',  ( 49.19999999999998863, -18.00000000000000355, -8.673617379884035472E-16 ) ) ;
#758 = LINE ( 'NONE', #10719, #131 ) ;
#759 = VERTEX_POINT ( 'NONE', #1266 ) ;
#760 = LINE ( 'NONE', #868, #1454 ) ;
#761 = CARTESIAN_POINT ( 'NONE',  ( 18.99999999999999645, 41.99999999999999289, 8.000000000000000000 ) ) ;
#762 = CARTESIAN_POINT ( 'NONE',  ( -16.99999999999999289, 7.050000000000000711, 8.200000000000002842 ) ) ;
#763 = LINE ( 'NONE', #6383, #11776 ) ;
#764 = VECTOR ( 'NONE', #4843, 1000.000000000000000 ) ;
#765 = ADVANCED_FACE ( 'NONE', ( #3814 ), #4929, .F. ) ;
#766 = CARTESIAN_POINT ( 'NONE',  ( 23.43466761870038795, -13.89565009584741162, 3.500000000000003109 ) ) ;
#767 = DIRECTION ( 'NONE',  ( 1.000000000000000000, 0.000000000000000000, 0.000000000000000000 ) ) ;
#768 = EDGE_CURVE ( 'NONE', #4152, #298, #9364, .T. ) ;
#769 = CARTESIAN_POINT ( 'NONE',  ( -16.68835039902376849, 9.774348311366516384, 10.09999999999999964 ) ) ;
#770 = ORIENTED_EDGE ( 'NONE', *, *, #9413, .F. ) ;
#771 = DIRECTION ( 'NONE',  ( 1.000000000000000000, 0.000000000000000000, 0.000000000000000000 ) ) ;
#772 = DIRECTION ( 'NONE',  ( -0.000000000000000000, -0.000000000000000000, 1.000000000000000000 ) ) ;
#773 = VECTOR ( 'NONE', #10722, 999.9999999999998863 ) ;
#774 = DIRECTION ( 'NONE',  ( 0.000000000000000000, -0.000000000000000000, -1.000000000000000000 ) ) ;
#775 = DIRECTION ( 'NONE',  ( -0.7137151099406172650, -0.7004361083228453078, 0.000000000000000000 ) ) ;
#776 = PLANE ( 'NONE',  #1517 ) ;
#777 = CARTESIAN_POINT ( 'NONE',  ( -60.79999999999999005, -18.00000000000000711, 3.100000000000001865 ) ) ;
#778 = DIRECTION ( 'NONE',  ( 0.000000000000000000, 0.000000000000000000, 1.000000000000000000 ) ) ;
#779 = EDGE_CURVE ( 'NONE', #8443, #8437, #4048, .T. ) ;
#780 = CYLINDRICAL_SURFACE ( 'NONE', #10385, 0.9749999999999993117 ) ;
#781 = EDGE_CURVE ( 'NONE', #11375, #5148, #6556, .T. ) ;
#782 = ADVANCED_FACE ( 'NONE', ( #489 ), #8832, .F. ) ;
#783 = CARTESIAN_POINT ( 'NONE',  ( 24.51978963703879089, -6.698041713330444402, 4.000000000000000000 ) ) ;
#784 = VECTOR ( 'NONE', #1218, 1000.000000000000000 ) ;
#785 = VERTEX_POINT ( 'NONE', #7927 ) ;
#786 = VERTEX_POINT ( 'NONE', #6132 ) ;
#787 = DIRECTION ( 'NONE',  ( 1.000000000000000000, 0.000000000000000000, 0.000000000000000000 ) ) ;
#788 = DIRECTION ( 'NONE',  ( 0.000000000000000000, 0.000000000000000000, -1.000000000000000000 ) ) ;
#789 = ORIENTED_EDGE ( 'NONE', *, *, #8741, .T. ) ;
#790 = VERTEX_POINT ( 'NONE', #7092 ) ;
#791 = DIRECTION ( 'NONE',  ( 0.000000000000000000, 0.000000000000000000, -1.000000000000000000 ) ) ;
#792 = DIRECTION ( 'NONE',  ( 1.000000000000000000, 0.000000000000000000, 0.000000000000000000 ) ) ;
#793 = EDGE_CURVE ( 'NONE', #4198, #8462, #6901, .T. ) ;
#794 = VECTOR ( 'NONE', #3917, 1000.000000000000000 ) ;
#795 = LINE ( 'NONE', #9112, #1817 ) ;
#796 = DIRECTION ( 'NONE',  ( -0.000000000000000000, -0.000000000000000000, -1.000000000000000000 ) ) ;
#797 = EDGE_CURVE ( 'NONE', #1842, #2460, #4106, .T. ) ;
#798 = ORIENTED_EDGE ( 'NONE', *, *, #4880, .F. ) ;
#799 = CARTESIAN_POINT ( 'NONE',  ( 25.99999999999999289, 7.050000000000004263, 5.999999999999998224 ) ) ;
#800 = EDGE_CURVE ( 'NONE', #2869, #6360, #4226, .T. ) ;
#801 = ORIENTED_EDGE ( 'NONE', *, *, #9867, .F. ) ;
#802 = CARTESIAN_POINT ( 'NONE',  ( 28.01923758060943115, -14.62549785898581334, 3.499999999999992895 ) ) ;
#803 = VECTOR ( 'NONE', #1928, 1000.000000000000114 ) ;
#804 = DIRECTION ( 'NONE',  ( 0.000000000000000000, 0.000000000000000000, 1.000000000000000000 ) ) ;
#805 = EDGE_LOOP ( 'NONE', ( #1672, #6954 ) ) ;
#806 = ORIENTED_EDGE ( 'NONE', *, *, #9714, .T. ) ;
#807 = CIRCLE ( 'NONE', #11150, 2.250000000000001776 ) ;
#808 = CARTESIAN_POINT ( 'NONE',  ( 20.99999999999999289, 2.050000000000005151, 6.000000000000008882 ) ) ;
#809 = CARTESIAN_POINT ( 'NONE',  ( 23.37339194494140315, -9.431076141920497591, 3.499999999999996003 ) ) ;
#810 = ORIENTED_EDGE ( 'NONE', *, *, #8558, .F. ) ;
#811 = ORIENTED_EDGE ( 'NONE', *, *, #2799, .F. ) ;
#812 = DIRECTION ( 'NONE',  ( -0.7004361083228453078, 0.7137151099406172650, 0.000000000000000000 ) ) ;
#813 = AXIS2_PLACEMENT_3D ( 'NONE', #4248, #11376, #11440 ) ;
#814 = LINE ( 'NONE', #4480, #1887 ) ;
#815 = LINE ( 'NONE', #5491, #9685 ) ;
#816 = DIRECTION ( 'NONE',  ( 0.000000000000000000, 1.000000000000000000, 0.000000000000000000 ) ) ;
#817 = DIRECTION ( 'NONE',  ( -1.000000000000000000, -0.000000000000000000, -0.000000000000000000 ) ) ;
#818 = CARTESIAN_POINT ( 'NONE',  ( 46.09999999999999432, -1.450000000000013500, 1.999999999999999112 ) ) ;
#819 = VECTOR ( 'NONE', #3603, 1000.000000000000000 ) ;
#820 = CARTESIAN_POINT ( 'NONE',  ( 24.38052681894439289, -9.026031529637730699, 4.000000000000000000 ) ) ;
#821 = CARTESIAN_POINT ( 'NONE',  ( -18.99999999999999645, 1.549999999999988942, 1.734723475976807094E-15 ) ) ;
#822 = DIRECTION ( 'NONE',  ( -0.000000000000000000, -0.000000000000000000, 1.000000000000000000 ) ) ;
#823 = EDGE_LOOP ( 'NONE', ( #4365, #9589, #8712, #7159 ) ) ;
#824 = CARTESIAN_POINT ( 'NONE',  ( 25.99999999999999289, 7.050000000000004263, 3.599999999999999201 ) ) ;
#825 = CARTESIAN_POINT ( 'NONE',  ( 24.68468919609897227, -10.06764803448977652, 3.500000000000006661 ) ) ;
#826 = VECTOR ( 'NONE', #1296, 1000.000000000000000 ) ;
#827 = EDGE_CURVE ( 'NONE', #1990, #11897, #10758, .T. ) ;
#828 = CARTESIAN_POINT ( 'NONE',  ( 25.99999999999999289, 7.050000000000004263, 1.799999999999999600 ) ) ;
#829 = DIRECTION ( 'NONE',  ( 0.000000000000000000, 0.000000000000000000, 1.000000000000000000 ) ) ;
#830 = CARTESIAN_POINT ( 'NONE',  ( 28.62820512820511709, -3.957247010197907144, 3.499999999999999556 ) ) ;
#831 = EDGE_CURVE ( 'NONE', #7268, #10815, #8767, .T. ) ;
#832 = CARTESIAN_POINT ( 'NONE',  ( 25.24516557956310692, -10.13579181213675362, 4.000000000000000000 ) ) ;
#833 = CARTESIAN_POINT ( 'NONE',  ( 28.72717802865892267, 8.300000000000006040, 1.799999999999999600 ) ) ;
#834 = VERTEX_POINT ( 'NONE', #1514 ) ;
#835 = ORIENTED_EDGE ( 'NONE', *, *, #860, .F. ) ;
#836 = CARTESIAN_POINT ( 'NONE',  ( 25.99999999999999289, 7.050000000000004263, 5.999999999999998224 ) ) ;
#837 = CARTESIAN_POINT ( 'NONE',  ( 10.20000000000000107, -15.00000000000000355, 3.450000000000000178 ) ) ;
#838 = ORIENTED_EDGE ( 'NONE', *, *, #7718, .F. ) ;
#839 = EDGE_LOOP ( 'NONE', ( #1174, #11273, #5704, #3680 ) ) ;
#840 = DIRECTION ( 'NONE',  ( 0.000000000000000000, 0.000000000000000000, 1.000000000000000000 ) ) ;
#841 = EDGE_CURVE ( 'NONE', #5424, #2582, #429, .T. ) ;
#842 = ADVANCED_FACE ( 'NONE', ( #11479 ), #10564, .F. ) ;
#843 = DIRECTION ( 'NONE',  ( -0.000000000000000000, -0.000000000000000000, -1.000000000000000000 ) ) ;
#844 = CARTESIAN_POINT ( 'NONE',  ( 26.06180129879212615, -11.68748465242142842, 4.000000000000003553 ) ) ;
#845 = EDGE_LOOP ( 'NONE', ( #6634, #2961, #9162, #9578, #10615, #6677, #3658, #6767 ) ) ;
#846 = DIRECTION ( 'NONE',  ( 1.000000000000000000, 0.000000000000000000, 0.000000000000000000 ) ) ;
#847 = EDGE_LOOP ( 'NONE', ( #1161, #5630, #4928, #4625 ) ) ;
#848 = EDGE_LOOP ( 'NONE', ( #412, #2856, #3285, #10259 ) ) ;
#849 = CARTESIAN_POINT ( 'NONE',  ( 39.19999999999998863, -17.99999999999999645, 0.000000000000000000 ) ) ;
#850 = ORIENTED_EDGE ( 'NONE', *, *, #5252, .T. ) ;
#851 = EDGE_CURVE ( 'NONE', #8580, #4262, #611, .T. ) ;
#852 = CARTESIAN_POINT ( 'NONE',  ( 9.199999999999997513, 7.050000000000000711, 7.250000000000002665 ) ) ;
#853 = ORIENTED_EDGE ( 'NONE', *, *, #2661, .T. ) ;
#854 = VECTOR ( 'NONE', #3940, 1000.000000000000000 ) ;
#855 = EDGE_LOOP ( 'NONE', ( #8346, #5178, #8699, #3673 ) ) ;
#856 = CARTESIAN_POINT ( 'NONE',  ( 24.26923076923075939, -13.39234316404406577, 3.500000000000006661 ) ) ;
#857 = PLANE ( 'NONE',  #2481 ) ;
#858 = VERTEX_POINT ( 'NONE', #7746 ) ;
#859 = EDGE_CURVE ( 'NONE', #1566, #5757, #5176, .T. ) ;
#860 = EDGE_CURVE ( 'NONE', #4665, #4629, #9651, .T. ) ;
#861 = DIRECTION ( 'NONE',  ( 0.000000000000000000, 0.000000000000000000, -1.000000000000000000 ) ) ;
#862 = VERTEX_POINT ( 'NONE', #10696 ) ;
#863 = VECTOR ( 'NONE', #7162, 1000.000000000000000 ) ;
#864 = CARTESIAN_POINT ( 'NONE',  ( 23.65253605882226751, -10.30500652059306432, 4.000000000000000000 ) ) ;
#865 = CARTESIAN_POINT ( 'NONE',  ( 24.49055872867822714, -6.379845696135678423, 3.499999999999999556 ) ) ;
#866 = CARTESIAN_POINT ( 'NONE',  ( 25.19350029308479222, 4.551964127009847871, 3.599999999999999201 ) ) ;
#867 = ADVANCED_FACE ( 'NONE', ( #1390 ), #6959, .F. ) ;
#868 = CARTESIAN_POINT ( 'NONE',  ( 23.37999655358635209, 6.888114420714384956, 6.808068238351443036 ) ) ;
#869 = CARTESIAN_POINT ( 'NONE',  ( 32.99999999999997158, -18.00000000000000000, 4.000000000000000000 ) ) ;
#870 = VECTOR ( 'NONE', #4234, 1000.000000000000114 ) ;
#871 = CARTESIAN_POINT ( 'NONE',  ( 12.97499999999999964, 9.549999999999998934, -4.999999999999999112 ) ) ;
#872 = AXIS2_PLACEMENT_3D ( 'NONE', #90, #11080, #10167 ) ;
#873 = CARTESIAN_POINT ( 'NONE',  ( 32.99999999999997158, 14.04999999999998295, 4.000000000000000000 ) ) ;
#874 = CARTESIAN_POINT ( 'NONE',  ( 28.59181488549123529, -13.74614069585935461, 3.999999999999994671 ) ) ;
#875 = ORIENTED_EDGE ( 'NONE', *, *, #8863, .T. ) ;
#876 = CARTESIAN_POINT ( 'NONE',  ( 26.64518355067240307, -14.15778508264492963, 3.500000000000003109 ) ) ;
#877 = CARTESIAN_POINT ( 'NONE',  ( 28.62820512820512064, -13.37030790763380850, 4.000000000000000000 ) ) ;
#878 = ORIENTED_EDGE ( 'NONE', *, *, #3647, .T. ) ;
#879 = CARTESIAN_POINT ( 'NONE',  ( 25.99799679487178850, -15.08404989481329572, 4.000000000000000000 ) ) ;
#880 = CARTESIAN_POINT ( 'NONE',  ( 24.99445559673451811, -10.14672291529439008, 4.000000000000000000 ) ) ;
#881 = PLANE ( 'NONE',  #4417 ) ;
#882 = CARTESIAN_POINT ( 'NONE',  ( -9.199999999999999289, 11.60000000000000320, 3.499999999999999556 ) ) ;
#883 = CARTESIAN_POINT ( 'NONE',  ( 26.76923076923075939, -9.530163676864578548, 4.000000000000000000 ) ) ;
#884 = LINE ( 'NONE', #3776, #6581 ) ;
#885 = AXIS2_PLACEMENT_3D ( 'NONE', #10215, #6730, #5674 ) ;
#886 = CARTESIAN_POINT ( 'NONE',  ( -66.01999999999999602, 11.19999999999998685, 1.000000000000000888 ) ) ;
#887 = ORIENTED_EDGE ( 'NONE', *, *, #3496, .F. ) ;
#888 = ORIENTED_EDGE ( 'NONE', *, *, #4755, .F. ) ;
#889 = ADVANCED_FACE ( 'NONE', ( #6013 ), #9780, .F. ) ;
#890 = CARTESIAN_POINT ( 'NONE',  ( -12.00000000000000000, -10.45000000000000107, -4.999999999999999112 ) ) ;
#891 = CARTESIAN_POINT ( 'NONE',  ( 9.199999999999999289, -10.59999999999999787, 2.000000000000000000 ) ) ;
#892 = EDGE_LOOP ( 'NONE', ( #10492, #1578, #3933, #3112 ) ) ;
#893 = DIRECTION ( 'NONE',  ( -0.000000000000000000, -0.000000000000000000, -1.000000000000000000 ) ) ;
#894 = CARTESIAN_POINT ( 'NONE',  ( -9.199999999999995737, -17.99999999999999645, 10.09999999999999964 ) ) ;
#895 = AXIS2_PLACEMENT_3D ( 'NONE', #6453, #5572, #9215 ) ;
#896 = LINE ( 'NONE', #6409, #6289 ) ;
#897 = CARTESIAN_POINT ( 'NONE',  ( -9.199999999999999289, -11.59999999999999964, 3.500000000000000000 ) ) ;
#898 = CARTESIAN_POINT ( 'NONE',  ( 24.42214600629759857, -7.798767091153945508, 3.499999999999999556 ) ) ;
#899 = CARTESIAN_POINT ( 'NONE',  ( -9.199999999999995737, 11.60000000000000320, 3.500000000000000000 ) ) ;
#900 = ORIENTED_EDGE ( 'NONE', *, *, #3554, .T. ) ;
#901 = LINE ( 'NONE', #1757, #11282 ) ;
#902 = ORIENTED_EDGE ( 'NONE', *, *, #10194, .T. ) ;
#903 = EDGE_CURVE ( 'NONE', #5408, #11355, #4472, .T. ) ;
#904 = CARTESIAN_POINT ( 'NONE',  ( 24.47223149527604491, -12.92710788220436058, 4.000000000000018652 ) ) ;
#905 = AXIS2_PLACEMENT_3D ( 'NONE', #4037, #4919, #11291 ) ;
#906 = VECTOR ( 'NONE', #11784, 1000.000000000000000 ) ;
#907 = CIRCLE ( 'NONE', #9711, 2.624999999999998668 ) ;
#908 = DIRECTION ( 'NONE',  ( 0.000000000000000000, -1.000000000000000000, 0.000000000000000000 ) ) ;
#909 = LINE ( 'NONE', #10203, #10476 ) ;
#910 = VERTEX_POINT ( 'NONE', #4570 ) ;
#911 = VERTEX_POINT ( 'NONE', #731 ) ;
#912 = CARTESIAN_POINT ( 'NONE',  ( 25.99999999999999289, 7.050000000000004263, 3.599999999999999201 ) ) ;
#913 = VECTOR ( 'NONE', #5851, 1000.000000000000000 ) ;
#914 = AXIS2_PLACEMENT_3D ( 'NONE', #7533, #2245, #9387 ) ;
#915 = ADVANCED_FACE ( 'NONE', ( #1754 ), #10015, .F. ) ;
#916 = VERTEX_POINT ( 'NONE', #2694 ) ;
#917 = CARTESIAN_POINT ( 'NONE',  ( 23.37179487179486514, -13.39634957430047280, 3.499999999999996003 ) ) ;
#918 = DIRECTION ( 'NONE',  ( -0.000000000000000000, -0.000000000000000000, 1.000000000000000000 ) ) ;
#919 = CIRCLE ( 'NONE', #8196, 1.100000000000000311 ) ;
#920 = CIRCLE ( 'NONE', #6487, 2.624999999999998668 ) ;
#921 = DIRECTION ( 'NONE',  ( 1.000000000000000000, 0.000000000000000000, 0.000000000000000000 ) ) ;
#922 = DIRECTION ( 'NONE',  ( 0.000000000000000000, -0.000000000000000000, -1.000000000000000000 ) ) ;
#923 = VERTEX_POINT ( 'NONE', #6358 ) ;
#924 = EDGE_CURVE ( 'NONE', #1566, #10146, #795, .T. ) ;
#925 = DIRECTION ( 'NONE',  ( 0.000000000000000000, -0.000000000000000000, -1.000000000000000000 ) ) ;
#926 = EDGE_CURVE ( 'NONE', #9767, #8563, #4635, .T. ) ;
#927 = LINE ( 'NONE', #2965, #5531 ) ;
#928 = FACE_OUTER_BOUND ( 'NONE', #4337, .T. ) ;
#929 = PLANE ( 'NONE',  #5540 ) ;
#930 = AXIS2_PLACEMENT_3D ( 'NONE', #7183, #8873, #8936 ) ;
#931 = ORIENTED_EDGE ( 'NONE', *, *, #265, .T. ) ;
#932 = CYLINDRICAL_SURFACE ( 'NONE', #1318, 2.624999999999998668 ) ;
#933 = DIRECTION ( 'NONE',  ( 0.000000000000000000, 0.000000000000000000, 1.000000000000000000 ) ) ;
#934 = EDGE_LOOP ( 'NONE', ( #1637, #8968, #7566, #10922 ) ) ;
#935 = CARTESIAN_POINT ( 'NONE',  ( 24.31379886897115128, -14.81906728179008148, 3.999999999999993339 ) ) ;
#936 = CARTESIAN_POINT ( 'NONE',  ( 25.05145349838745972, -10.14766956233391504, 3.500000000000006661 ) ) ;
#937 = EDGE_LOOP ( 'NONE', ( #7400, #2116 ) ) ;
#938 = DIRECTION ( 'NONE',  ( -1.000000000000000000, 0.000000000000000000, 0.000000000000000000 ) ) ;
#939 = CARTESIAN_POINT ( 'NONE',  ( 41.19999999999998863, -18.00000000000000355, -8.673617379884035472E-16 ) ) ;
#940 = VECTOR ( 'NONE', #9861, 1000.000000000000000 ) ;
#941 = VERTEX_POINT ( 'NONE', #1694 ) ;
#942 = VECTOR ( 'NONE', #6915, 1000.000000000000000 ) ;
#943 = CARTESIAN_POINT ( 'NONE',  ( -5.199999999999996625, 11.60000000000000320, 3.500000000000000000 ) ) ;
#944 = DIRECTION ( 'NONE',  ( 0.000000000000000000, 0.000000000000000000, 1.000000000000000000 ) ) ;
#945 = CARTESIAN_POINT ( 'NONE',  ( 25.55255615559625326, -14.17386352895866786, 3.500000000000003109 ) ) ;
#946 = ORIENTED_EDGE ( 'NONE', *, *, #4172, .F. ) ;
#947 = ORIENTED_EDGE ( 'NONE', *, *, #1992, .T. ) ;
#948 = CARTESIAN_POINT ( 'NONE',  ( -76.02999999999998693, 11.39999999999998614, 1.734723475976807094E-15 ) ) ;
#949 = CARTESIAN_POINT ( 'NONE',  ( 24.59365820373961142, -10.98062219889091651, 3.499999999999996003 ) ) ;
#950 = ORIENTED_EDGE ( 'NONE', *, *, #11125, .F. ) ;
#951 = AXIS2_PLACEMENT_3D ( 'NONE', #1228, #3140, #2239 ) ;
#952 = ORIENTED_EDGE ( 'NONE', *, *, #3452, .T. ) ;
#953 = EDGE_LOOP ( 'NONE', ( #389, #5119, #9080, #7554 ) ) ;
#954 = DIRECTION ( 'NONE',  ( -0.000000000000000000, -0.000000000000000000, -1.000000000000000000 ) ) ;
#955 = CARTESIAN_POINT ( 'NONE',  ( 23.87458161352005348, -6.050836505017243461, 3.499999999999992895 ) ) ;
#956 = CARTESIAN_POINT ( 'NONE',  ( 25.66465490110361358, 4.825130640993461562, 3.599999999999999201 ) ) ;
#957 = DIRECTION ( 'NONE',  ( -1.000000000000000000, 0.000000000000000000, 0.000000000000000000 ) ) ;
#958 = VECTOR ( 'NONE', #4659, 1000.000000000000000 ) ;
#959 = PLANE ( 'NONE',  #5292 ) ;
#960 = CARTESIAN_POINT ( 'NONE',  ( -20.09999999999999787, -10.45000000000001172, -20.20000000000000284 ) ) ;
#961 = ORIENTED_EDGE ( 'NONE', *, *, #458, .T. ) ;
#962 = CARTESIAN_POINT ( 'NONE',  ( -49.99999999999998579, -10.45000000000001172, 1.000000000000000888 ) ) ;
#963 = ORIENTED_EDGE ( 'NONE', *, *, #7276, .T. ) ;
#964 = CARTESIAN_POINT ( 'NONE',  ( -17.00000000000000000, -18.00000000000000000, 1.999999999999998224 ) ) ;
#965 = VECTOR ( 'NONE', #10898, 1000.000000000000000 ) ;
#966 = CARTESIAN_POINT ( 'NONE',  ( 28.09446593444944185, 7.872017304824415973, 3.599999999999999201 ) ) ;
#967 = CARTESIAN_POINT ( 'NONE',  ( 24.64976474805957807, -13.96044760125989548, 3.499999999999999556 ) ) ;
#968 = ORIENTED_EDGE ( 'NONE', *, *, #7052, .F. ) ;
#969 = ADVANCED_FACE ( 'NONE', ( #4460 ), #959, .F. ) ;
#970 = ORIENTED_EDGE ( 'NONE', *, *, #3015, .F. ) ;
#971 = CARTESIAN_POINT ( 'NONE',  ( 24.27169036153837212, -13.47554082579415180, 3.500000000000006661 ) ) ;
#972 = CARTESIAN_POINT ( 'NONE',  ( -15.00000000000001066, 19.99999999999999645, 0.5000000000000004441 ) ) ;
#973 = CIRCLE ( 'NONE', #1930, 1.099999999999996758 ) ;
#974 = EDGE_CURVE ( 'NONE', #3963, #2131, #3549, .T. ) ;
#975 = ORIENTED_EDGE ( 'NONE', *, *, #698, .F. ) ;
#976 = VERTEX_POINT ( 'NONE', #2281 ) ;
#977 = ORIENTED_EDGE ( 'NONE', *, *, #2620, .F. ) ;
#978 = DIRECTION ( 'NONE',  ( -1.000000000000000000, 0.000000000000000000, 0.000000000000000000 ) ) ;
#979 = SURFACE_STYLE_FILL_AREA ( #8247 ) ;
#980 = VECTOR ( 'NONE', #42, 1000.000000000000000 ) ;
#981 = LINE ( 'NONE', #5436, #1663 ) ;
#982 = EDGE_CURVE ( 'NONE', #8125, #862, #7811, .T. ) ;
#983 = ADVANCED_FACE ( 'NONE', ( #11606 ), #10700, .F. ) ;
#984 = CARTESIAN_POINT ( 'NONE',  ( -79.19999999999998863, -18.00000000000001421, 1.734723475976807094E-15 ) ) ;
#985 = DIRECTION ( 'NONE',  ( 0.000000000000000000, 0.000000000000000000, 1.000000000000000000 ) ) ;
#986 = CARTESIAN_POINT ( 'NONE',  ( -9.039999999999999147, -9.039999999999999147, 2.000000000000000000 ) ) ;
#987 = ORIENTED_EDGE ( 'NONE', *, *, #1986, .T. ) ;
#988 = DIRECTION ( 'NONE',  ( 0.000000000000000000, 0.000000000000000000, 1.000000000000000000 ) ) ;
#989 = CARTESIAN_POINT ( 'NONE',  ( 28.20695418858148429, -14.46553045049184227, 4.000000000000005329 ) ) ;
#990 = AXIS2_PLACEMENT_3D ( 'NONE', #1144, #5712, #2933 ) ;
#991 = FACE_OUTER_BOUND ( 'NONE', #2012, .T. ) ;
#992 = DIRECTION ( 'NONE',  ( 0.000000000000000000, 0.000000000000000000, 1.000000000000000000 ) ) ;
#993 = ORIENTED_EDGE ( 'NONE', *, *, #7156, .T. ) ;
#994 = ORIENTED_EDGE ( 'NONE', *, *, #903, .T. ) ;
#995 = DIRECTION ( 'NONE',  ( 0.000000000000000000, 0.000000000000000000, 1.000000000000000000 ) ) ;
#996 = VERTEX_POINT ( 'NONE', #3925 ) ;
#997 = EDGE_CURVE ( 'NONE', #7762, #2516, #4045, .T. ) ;
#998 = LINE ( 'NONE', #11888, #10892 ) ;
#999 = LINE ( 'NONE', #1786, #6145 ) ;
#1000 = VECTOR ( 'NONE', #2452, 1000.000000000000000 ) ;
#1001 = CARTESIAN_POINT ( 'NONE',  ( 26.41367134548459816, -10.50573111153912897, 3.999999999999996447 ) ) ;
#1002 = LINE ( 'NONE', #8327, #4483 ) ;
#1003 = CARTESIAN_POINT ( 'NONE',  ( 25.33680085757545442, 9.200038813018819539, 3.599999999999999201 ) ) ;
#1004 = CARTESIAN_POINT ( 'NONE',  ( 25.91986255373332071, -14.18577523057806999, 4.000000000000003553 ) ) ;
#1005 = ORIENTED_EDGE ( 'NONE', *, *, #305, .F. ) ;
#1006 = VERTEX_POINT ( 'NONE', #7624 ) ;
#1007 = EDGE_CURVE ( 'NONE', #10945, #3078, #3004, .T. ) ;
#1008 = LINE ( 'NONE', #8164, #3805 ) ;
#1009 = CARTESIAN_POINT ( 'NONE',  ( -15.00000000000001066, 24.49999999999999645, 0.5000000000000004441 ) ) ;
#1010 = EDGE_LOOP ( 'NONE', ( #9274, #1069 ) ) ;
#1011 = DIRECTION ( 'NONE',  ( 0.000000000000000000, -1.000000000000000000, 0.000000000000000000 ) ) ;
#1012 = ORIENTED_EDGE ( 'NONE', *, *, #4903, .F. ) ;
#1013 = ORIENTED_EDGE ( 'NONE', *, *, #5742, .F. ) ;
#1014 = CYLINDRICAL_SURFACE ( 'NONE', #145, 2.250000000000001776 ) ;
#1015 = FACE_OUTER_BOUND ( 'NONE', #5302, .T. ) ;
#1016 = DIRECTION ( 'NONE',  ( 1.000000000000000000, 0.000000000000000000, 0.000000000000000000 ) ) ;
#1017 = CARTESIAN_POINT ( 'NONE',  ( 25.99999999999999289, 7.050000000000004263, 3.599999999999999201 ) ) ;
#1018 = AXIS2_PLACEMENT_3D ( 'NONE', #6929, #9620, #3400 ) ;
#1019 = LINE ( 'NONE', #8524, #6916 ) ;
#1020 = VERTEX_POINT ( 'NONE', #1211 ) ;
#1021 = CARTESIAN_POINT ( 'NONE',  ( 24.52564102564101844, -6.590460151223551222, 4.000000000000003553 ) ) ;
#1022 = CARTESIAN_POINT ( 'NONE',  ( 27.53038865998457752, 5.400633288382907793, 6.724059395819995899 ) ) ;
#1023 = EDGE_LOOP ( 'NONE', ( #11702, #8853, #4019 ) ) ;
#1024 = CARTESIAN_POINT ( 'NONE',  ( 25.50887421823198054, -12.59592915618767606, 4.000000000000011546 ) ) ;
#1025 = CARTESIAN_POINT ( 'NONE',  ( 24.05144284148500944, 5.924999999999996270, 6.784455972358864884 ) ) ;
#1026 = EDGE_CURVE ( 'NONE', #2584, #78, #2882, .T. ) ;
#1027 = PLANE ( 'NONE',  #11356 ) ;
#1028 = CARTESIAN_POINT ( 'NONE',  ( 25.99999999999999289, 7.050000000000004263, 3.599999999999999201 ) ) ;
#1029 = CARTESIAN_POINT ( 'NONE',  ( 25.10895096909832702, -10.14774723103677445, 3.500000000000003109 ) ) ;
#1030 = ORIENTED_EDGE ( 'NONE', *, *, #8107, .F. ) ;
#1031 = CARTESIAN_POINT ( 'NONE',  ( -9.039999999999999147, -9.039999999999999147, 2.000000000000000000 ) ) ;
#1032 = CARTESIAN_POINT ( 'NONE',  ( 34.19999999999999574, 3.469446951953614189E-15, 5.999999999999998224 ) ) ;
#1033 = EDGE_CURVE ( 'NONE', #4874, #4287, #8347, .T. ) ;
#1034 = EDGE_LOOP ( 'NONE', ( #5420, #6961, #1698, #3141 ) ) ;
#1035 = ORIENTED_EDGE ( 'NONE', *, *, #1040, .F. ) ;
#1036 = CARTESIAN_POINT ( 'NONE',  ( 23.96387250524002610, -12.14554128305749536, 3.499999999999999556 ) ) ;
#1037 = PLANE ( 'NONE',  #4912 ) ;
#1038 = ORIENTED_EDGE ( 'NONE', *, *, #2671, .T. ) ;
#1039 = DIRECTION ( 'NONE',  ( 1.227398685832646557E-16, -1.000000000000000000, 0.000000000000000000 ) ) ;
#1040 = EDGE_CURVE ( 'NONE', #3154, #10748, #5663, .T. ) ;
#1041 = EDGE_CURVE ( 'NONE', #1327, #7100, #3544, .T. ) ;
#1042 = DIRECTION ( 'NONE',  ( -0.000000000000000000, 1.000000000000000000, -0.000000000000000000 ) ) ;
#1043 = CARTESIAN_POINT ( 'NONE',  ( 28.00220134641771708, -12.13609393714317086, 4.000000000000003553 ) ) ;
#1044 = CARTESIAN_POINT ( 'NONE',  ( 24.29440898831073525, -9.216331010030746285, 3.999999999999996447 ) ) ;
#1045 = VECTOR ( 'NONE', #5980, 1000.000000000000000 ) ;
#1046 = FACE_OUTER_BOUND ( 'NONE', #8478, .T. ) ;
#1047 = EDGE_CURVE ( 'NONE', #3542, #6963, #2632, .T. ) ;
#1048 = CARTESIAN_POINT ( 'NONE',  ( -17.00000000000000000, -18.00000000000000355, 0.000000000000000000 ) ) ;
#1049 = CARTESIAN_POINT ( 'NONE',  ( 14.99999999999999822, -17.99999999999999289, 5.000000000000000000 ) ) ;
#1050 = ORIENTED_EDGE ( 'NONE', *, *, #6570, .T. ) ;
#1051 = DIRECTION ( 'NONE',  ( -1.000000000000000000, -9.637352644315597708E-17, 0.000000000000000000 ) ) ;
#1052 = VERTEX_POINT ( 'NONE', #3599 ) ;
#1053 = AXIS2_PLACEMENT_3D ( 'NONE', #4732, #11887, #3771 ) ;
#1054 = DIRECTION ( 'NONE',  ( -0.000000000000000000, -0.000000000000000000, 1.000000000000000000 ) ) ;
#1055 = VECTOR ( 'NONE', #3787, 1000.000000000000000 ) ;
#1056 = EDGE_LOOP ( 'NONE', ( #4789, #4896 ) ) ;
#1057 = CARTESIAN_POINT ( 'NONE',  ( 25.46565421956981723, -10.07158512013724305, 3.499999999999999556 ) ) ;
#1058 = LINE ( 'NONE', #6461, #4569 ) ;
#1059 = CARTESIAN_POINT ( 'NONE',  ( 24.23988732788328448, 8.997467170828356231, 5.999999999999998224 ) ) ;
#1060 = VECTOR ( 'NONE', #3447, 1000.000000000000000 ) ;
#1061 = VERTEX_POINT ( 'NONE', #8402 ) ;
#1062 = EDGE_LOOP ( 'NONE', ( #9540, #1909, #3951, #5187 ) ) ;
#1063 = CARTESIAN_POINT ( 'NONE',  ( -15.00000000000001066, 24.49999999999999645, 0.5000000000000004441 ) ) ;
#1064 = ADVANCED_FACE ( 'NONE', ( #7195 ), #7250, .F. ) ;
#1065 = CARTESIAN_POINT ( 'NONE',  ( 24.76019030994835646, -11.01862143469620214, 3.499999999999996003 ) ) ;
#1066 = VECTOR ( 'NONE', #2318, 1000.000000000000000 ) ;
#1067 = DIRECTION ( 'NONE',  ( 0.000000000000000000, -0.000000000000000000, -1.000000000000000000 ) ) ;
#1068 = ORIENTED_EDGE ( 'NONE', *, *, #1427, .F. ) ;
#1069 = ORIENTED_EDGE ( 'NONE', *, *, #6925, .T. ) ;
#1070 = CARTESIAN_POINT ( 'NONE',  ( 26.72858823781824711, -9.247278786444555365, 3.499999999999996003 ) ) ;
#1071 = CARTESIAN_POINT ( 'NONE',  ( 24.85821177155054329, -14.05182327067937642, 3.999999999999996447 ) ) ;
#1072 = CARTESIAN_POINT ( 'NONE',  ( -15.00000000000001066, 18.00000000000000000, 2.000000000000000000 ) ) ;
#1073 = LINE ( 'NONE', #2993, #11362 ) ;
#1074 = EDGE_CURVE ( 'NONE', #10263, #8947, #5870, .T. ) ;
#1075 = CIRCLE ( 'NONE', #6250, 2.624999999999998668 ) ;
#1076 = CARTESIAN_POINT ( 'NONE',  ( 9.199999999999995737, -16.00000000000000355, -5.045565981523414401 ) ) ;
#1077 = ORIENTED_EDGE ( 'NONE', *, *, #3695, .T. ) ;
#1078 = DIRECTION ( 'NONE',  ( 0.1212901720717803195, 0.9926170934246488775, 0.000000000000000000 ) ) ;
#1079 = CARTESIAN_POINT ( 'NONE',  ( -48.89999999999998437, 9.549999999999988276, 1.000000000000000888 ) ) ;
#1080 = ORIENTED_EDGE ( 'NONE', *, *, #5906, .T. ) ;
#1081 = CARTESIAN_POINT ( 'NONE',  ( 24.35772095366894163, -13.06495465164432268, 4.000000000000018652 ) ) ;
#1082 = EDGE_CURVE ( 'NONE', #7305, #5428, #2206, .T. ) ;
#1083 = CARTESIAN_POINT ( 'NONE',  ( 24.71794871794871185, -18.00000000000000000, 3.499999999999999556 ) ) ;
#1084 = VECTOR ( 'NONE', #5087, 1000.000000000000000 ) ;
#1085 = LINE ( 'NONE', #11868, #2657 ) ;
#1086 = LINE ( 'NONE', #3396, #4087 ) ;
#1087 = CARTESIAN_POINT ( 'NONE',  ( 20.99999999999998934, -10.44999999999999751, 2.000000000000001776 ) ) ;
#1088 = ORIENTED_EDGE ( 'NONE', *, *, #3332, .F. ) ;
#1089 = B_SPLINE_CURVE_WITH_KNOTS ( 'NONE', 3,
 ( #4715, #4535, #2655, #6436, #2709, #1874, #6323, #5434, #5615, #7274, #9076, #864, #6562, #4590, #11867, #3820, #9196, #8191, #7383 ),
 .UNSPECIFIED., .F., .F.,
 ( 4, 1, 1, 1, 1, 1, 1, 1, 1, 1, 1, 1, 1, 1, 1, 1, 4 ),
 ( 0.000000000000000000, 0.06675771127909896352, 0.1317324785734523274, 0.1948167910261856262, 0.2570269751173338002, 0.3187274376799381637, 0.3803299566842557877, 0.4433052533380151816, 0.5074457357281491054, 0.5714909223970686680, 0.6333486697152077571, 0.6939309794721830738, 0.7539203747855203197, 0.8137951195537000970, 0.8745193245299817120, 0.9362197870925862420, 1.000000000000000000 ),
 .UNSPECIFIED. ) ;
#1090 = LINE ( 'NONE', #5667, #1433 ) ;
#1091 = LINE ( 'NONE', #2949, #409 ) ;
#1092 = VECTOR ( 'NONE', #212, 999.9999999999998863 ) ;
#1093 = ADVANCED_FACE ( 'NONE', ( #1242 ), #3158, .F. ) ;
#1094 = ORIENTED_EDGE ( 'NONE', *, *, #6866, .T. ) ;
#1095 = CIRCLE ( 'NONE', #2045, 2.624999999999998668 ) ;
#1096 = VECTOR ( 'NONE', #2255, 1000.000000000000000 ) ;
#1097 = EDGE_LOOP ( 'NONE', ( #1068, #9504, #3370, #11198 ) ) ;
#1098 = ORIENTED_EDGE ( 'NONE', *, *, #256, .T. ) ;
#1099 = CARTESIAN_POINT ( 'NONE',  ( 25.99999999999999289, 7.050000000000004263, 3.599999999999999201 ) ) ;
#1100 = VECTOR ( 'NONE', #10596, 1000.000000000000000 ) ;
#1101 = CARTESIAN_POINT ( 'NONE',  ( 23.59394420968611428, -6.203676244424951136, 3.499999999999999556 ) ) ;
#1102 = LINE ( 'NONE', #2052, #10933 ) ;
#1103 = AXIS2_PLACEMENT_3D ( 'NONE', #8470, #5819, #9347 ) ;
#1104 = ORIENTED_EDGE ( 'NONE', *, *, #2306, .F. ) ;
#1105 = CARTESIAN_POINT ( 'NONE',  ( 23.37256980022482722, -13.35159052852276318, 3.999999999999996447 ) ) ;
#1106 = CARTESIAN_POINT ( 'NONE',  ( -15.00000000000001066, 18.00000000000000000, 0.000000000000000000 ) ) ;
#1107 = DIRECTION ( 'NONE',  ( 7.000851325735558404E-13, -1.338208766917475568E-13, 1.000000000000000000 ) ) ;
#1108 = DIRECTION ( 'NONE',  ( 0.000000000000000000, 1.000000000000000000, 0.000000000000000000 ) ) ;
#1109 = ADVANCED_FACE ( 'NONE', ( #7481 ), #1303, .F. ) ;
#1110 = VECTOR ( 'NONE', #8414, 1000.000000000000000 ) ;
#1111 = CIRCLE ( 'NONE', #3996, 1.099999999999996758 ) ;
#1112 = CARTESIAN_POINT ( 'NONE',  ( 23.67711186883813923, -6.133273112503653479, 3.499999999999992895 ) ) ;
#1113 = CARTESIAN_POINT ( 'NONE',  ( 24.09094588526057024, -6.050871112134482033, 4.000000000000000000 ) ) ;
#1114 = PLANE ( 'NONE',  #9186 ) ;
#1115 = VERTEX_POINT ( 'NONE', #5026 ) ;
#1116 = CARTESIAN_POINT ( 'NONE',  ( 24.68468919609897227, -10.06764803448977652, 4.000000000000007105 ) ) ;
#1117 = EDGE_LOOP ( 'NONE', ( #8382, #10556 ) ) ;
#1118 = CARTESIAN_POINT ( 'NONE',  ( 27.10788977899723662, 9.429748986257470378, 3.599999999999999201 ) ) ;
#1119 = CARTESIAN_POINT ( 'NONE',  ( 25.77244771595767503, -10.94004310684255721, 3.499999999999992895 ) ) ;
#1120 = LINE ( 'NONE', #10965, #4942 ) ;
#1121 = DIRECTION ( 'NONE',  ( 0.000000000000000000, 0.000000000000000000, 1.000000000000000000 ) ) ;
#1122 = ORIENTED_EDGE ( 'NONE', *, *, #2210, .T. ) ;
#1123 = DIRECTION ( 'NONE',  ( 0.000000000000000000, 0.000000000000000000, 1.000000000000000000 ) ) ;
#1124 = EDGE_CURVE ( 'NONE', #4167, #4769, #10305, .T. ) ;
#1125 = DIRECTION ( 'NONE',  ( -1.000000000000000000, 0.000000000000000000, 0.000000000000000000 ) ) ;
#1126 = DIRECTION ( 'NONE',  ( 1.000000000000000000, 0.000000000000000000, 0.000000000000000000 ) ) ;
#1127 = AXIS2_PLACEMENT_3D ( 'NONE', #828, #8040, #10797 ) ;
#1128 = CARTESIAN_POINT ( 'NONE',  ( 25.17083239041450327, -14.12707046254419474, 3.500000000000003109 ) ) ;
#1129 = ADVANCED_FACE ( 'NONE', ( #3099 ), #2020, .F. ) ;
#1130 = ORIENTED_EDGE ( 'NONE', *, *, #2609, .T. ) ;
#1131 = VERTEX_POINT ( 'NONE', #7544 ) ;
#1132 = ADVANCED_FACE ( 'NONE', ( #6593 ), #8031, .T. ) ;
#1133 = CARTESIAN_POINT ( 'NONE',  ( 23.49559702850270781, -10.02005981133680024, 3.499999999999999556 ) ) ;
#1134 = FACE_OUTER_BOUND ( 'NONE', #4068, .T. ) ;
#1135 = VERTEX_POINT ( 'NONE', #1484 ) ;
#1136 = CARTESIAN_POINT ( 'NONE',  ( 23.57051582665266665, -12.57355281748769116, 3.999999999999989786 ) ) ;
#1137 = AXIS2_PLACEMENT_3D ( 'NONE', #5833, #11231, #4039 ) ;
#1138 = CARTESIAN_POINT ( 'NONE',  ( 26.75763990207072851, -9.379211442971557844, 3.499999999999992895 ) ) ;
#1139 = CARTESIAN_POINT ( 'NONE',  ( 23.57230045116300587, -8.534544031765239680, 3.499999999999992895 ) ) ;
#1140 = AXIS2_PLACEMENT_3D ( 'NONE', #10088, #978, #9258 ) ;
#1141 = EDGE_CURVE ( 'NONE', #6519, #11689, #649, .T. ) ;
#1142 = ADVANCED_FACE ( 'NONE', ( #10793, #8737, #464, #7904, #6166 ), #522, .T. ) ;
#1143 = EDGE_CURVE ( 'NONE', #10336, #6481, #11519, .T. ) ;
#1144 = CARTESIAN_POINT ( 'NONE',  ( -49.99999999999998579, 9.549999999999988276, 0.000000000000000000 ) ) ;
#1145 = EDGE_LOOP ( 'NONE', ( #1104, #1431, #8693, #6524 ) ) ;
#1146 = FACE_OUTER_BOUND ( 'NONE', #10687, .T. ) ;
#1147 = DIRECTION ( 'NONE',  ( 0.000000000000000000, -1.000000000000000000, 0.000000000000000000 ) ) ;
#1148 = VECTOR ( 'NONE', #2300, 1000.000000000000000 ) ;
#1149 = ORIENTED_EDGE ( 'NONE', *, *, #1365, .F. ) ;
#1150 = CARTESIAN_POINT ( 'NONE',  ( 47.19999999999998863, -1.450000000000013722, -1.734723475976807094E-15 ) ) ;
#1151 = CARTESIAN_POINT ( 'NONE',  ( 23.37179487179486159, -13.39634957430047457, 3.999999999999977351 ) ) ;
#1152 = CARTESIAN_POINT ( 'NONE',  ( 23.54411256769809313, 6.123046969980906695, 3.599999999999999201 ) ) ;
#1153 = DIRECTION ( 'NONE',  ( 1.000000000000000000, 0.000000000000000000, 0.000000000000000000 ) ) ;
#1154 = CARTESIAN_POINT ( 'NONE',  ( 20.99999999999998934, -18.00000000000000000, 4.000000000000000000 ) ) ;
#1155 = AXIS2_PLACEMENT_3D ( 'NONE', #573, #8859, #7897 ) ;
#1156 = EDGE_CURVE ( 'NONE', #6189, #6579, #710, .T. ) ;
#1157 = EDGE_CURVE ( 'NONE', #11409, #7966, #3218, .T. ) ;
#1158 = EDGE_LOOP ( 'NONE', ( #1483, #9466 ) ) ;
#1159 = CARTESIAN_POINT ( 'NONE',  ( 30.99999999999999289, 12.05000000000000426, 6.000000000000008882 ) ) ;
#1160 = DIRECTION ( 'NONE',  ( -0.7518135438622641775, 0.6593757618120817954, 0.000000000000000000 ) ) ;
#1161 = ORIENTED_EDGE ( 'NONE', *, *, #8128, .F. ) ;
#1162 = AXIS2_PLACEMENT_3D ( 'NONE', #4834, #6622, #10335 ) ;
#1163 = DIRECTION ( 'NONE',  ( 0.000000000000000000, 1.000000000000000000, 0.000000000000000000 ) ) ;
#1164 = VERTEX_POINT ( 'NONE', #10732 ) ;
#1165 = CARTESIAN_POINT ( 'NONE',  ( 25.99999999999999289, 7.050000000000004263, 3.599999999999999201 ) ) ;
#1166 = EDGE_CURVE ( 'NONE', #7313, #3456, #4522, .T. ) ;
#1167 = FACE_OUTER_BOUND ( 'NONE', #4453, .T. ) ;
#1168 = VERTEX_POINT ( 'NONE', #1551 ) ;
#1169 = AXIS2_PLACEMENT_3D ( 'NONE', #6545, #3801, #2871 ) ;
#1170 = CARTESIAN_POINT ( 'NONE',  ( 23.37408787362267759, -13.26390821609116344, 3.999999999999996447 ) ) ;
#1171 = LINE ( 'NONE', #9481, #2197 ) ;
#1172 = DIRECTION ( 'NONE',  ( 1.000000000000000000, -0.000000000000000000, -0.000000000000000000 ) ) ;
#1173 = CARTESIAN_POINT ( 'NONE',  ( 27.04165218381013958, -12.68072839962194998, 3.499999999999999556 ) ) ;
#1174 = ORIENTED_EDGE ( 'NONE', *, *, #2687, .F. ) ;
#1175 = LINE ( 'NONE', #3703, #8601 ) ;
#1176 = EDGE_LOOP ( 'NONE', ( #2400, #9486 ) ) ;
#1177 = CARTESIAN_POINT ( 'NONE',  ( 24.26923076923076295, -9.424995407633808497, 4.000000000000003553 ) ) ;
#1178 = EDGE_LOOP ( 'NONE', ( #9376, #3609 ) ) ;
#1179 = DIRECTION ( 'NONE',  ( -0.000000000000000000, -0.000000000000000000, 1.000000000000000000 ) ) ;
#1180 = CARTESIAN_POINT ( 'NONE',  ( 25.91849677104602634, -10.88026427224234105, 4.000000000000004441 ) ) ;
#1181 = LINE ( 'NONE', #3032, #5345 ) ;
#1182 = EDGE_CURVE ( 'NONE', #10400, #532, #4316, .T. ) ;
#1183 = LINE ( 'NONE', #3035, #1045 ) ;
#1184 = DIRECTION ( 'NONE',  ( -0.000000000000000000, -1.000000000000000000, -0.000000000000000000 ) ) ;
#1185 = AXIS2_PLACEMENT_3D ( 'NONE', #11459, #1426, #5095 ) ;
#1186 = ORIENTED_EDGE ( 'NONE', *, *, #8374, .F. ) ;
#1187 = EDGE_LOOP ( 'NONE', ( #10598, #1458, #9225, #1902 ) ) ;
#1188 = EDGE_CURVE ( 'NONE', #5003, #8462, #3346, .T. ) ;
#1189 = CARTESIAN_POINT ( 'NONE',  ( 24.06748207284923424, -12.07504785050105056, 3.999999999999993339 ) ) ;
#1190 = AXIS2_PLACEMENT_3D ( 'NONE', #2943, #9360, #3923 ) ;
#1191 = DIRECTION ( 'NONE',  ( -1.000000000000000000, 0.000000000000000000, 0.000000000000000000 ) ) ;
#1192 = CARTESIAN_POINT ( 'NONE',  ( 12.99999999999999645, 44.00000000000000000, 0.000000000000000000 ) ) ;
#1193 = CARTESIAN_POINT ( 'NONE',  ( 24.29021462544016785, -13.22111602166133260, 4.000000000000003553 ) ) ;
#1194 = ADVANCED_FACE ( 'NONE', ( #2562 ), #11647, .F. ) ;
#1195 = EDGE_CURVE ( 'NONE', #7938, #733, #6046, .T. ) ;
#1196 = CARTESIAN_POINT ( 'NONE',  ( 23.47257028439396365, -6.801045849457858061, 3.999999999999993339 ) ) ;
#1197 = ORIENTED_EDGE ( 'NONE', *, *, #5242, .T. ) ;
#1198 = CARTESIAN_POINT ( 'NONE',  ( -57.99999999999999289, -10.45000000000001528, -3.111269837220808299 ) ) ;
#1200 = CARTESIAN_POINT ( 'NONE',  ( -9.200000000000001066, 18.00000000000000355, 10.09999999999999964 ) ) ;
#1199 = VECTOR ( 'NONE', #4207, 1000.000000000000000 ) ;
#1201 = ORIENTED_EDGE ( 'NONE', *, *, #7730, .F. ) ;
#1202 = EDGE_LOOP ( 'NONE', ( #3053, #3983, #5554, #2704 ) ) ;
#1203 = CARTESIAN_POINT ( 'NONE',  ( 24.28774043589985965, -7.048779735183975603, 3.499999999999999556 ) ) ;
#1204 = DIRECTION ( 'NONE',  ( 0.8382970382930146069, -0.5452137888839203583, 0.000000000000000000 ) ) ;
#1205 = EDGE_CURVE ( 'NONE', #10659, #4262, #5989, .T. ) ;
#1206 = EDGE_CURVE ( 'NONE', #11539, #8674, #3287, .T. ) ;
#1207 = CARTESIAN_POINT ( 'NONE',  ( -49.99999999999998579, -10.45000000000001172, 1.000000000000000888 ) ) ;
#1208 = LINE ( 'NONE', #3870, #1770 ) ;
#1209 = VECTOR ( 'NONE', #643, 1000.000000000000000 ) ;
#1210 = PLANE ( 'NONE',  #8763 ) ;
#1211 = CARTESIAN_POINT ( 'NONE',  ( 23.54411256769809313, 6.123046969980906695, 3.599999999999999201 ) ) ;
#1212 = ORIENTED_EDGE ( 'NONE', *, *, #2234, .T. ) ;
#1213 = FACE_OUTER_BOUND ( 'NONE', #7781, .T. ) ;
#1214 = VERTEX_POINT ( 'NONE', #2846 ) ;
#1215 = ORIENTED_EDGE ( 'NONE', *, *, #11464, .F. ) ;
#1216 = EDGE_CURVE ( 'NONE', #2227, #658, #1782, .T. ) ;
#1217 = CARTESIAN_POINT ( 'NONE',  ( 27.42730063844697241, -12.83799254849364324, 4.000000000000003553 ) ) ;
#1218 = DIRECTION ( 'NONE',  ( -1.000000000000000000, -0.000000000000000000, -0.000000000000000000 ) ) ;
#1219 = ORIENTED_EDGE ( 'NONE', *, *, #5816, .F. ) ;
#1220 = FACE_OUTER_BOUND ( 'NONE', #3250, .T. ) ;
#1221 = EDGE_CURVE ( 'NONE', #2334, #4855, #7338, .T. ) ;
#1222 = CARTESIAN_POINT ( 'NONE',  ( 43.03332407921453751, 41.99999999999997868, 2.000000000000000000 ) ) ;
#1223 = CARTESIAN_POINT ( 'NONE',  ( 23.56574144210800981, -10.16608153996586950, 3.999999999999988010 ) ) ;
#1224 = CARTESIAN_POINT ( 'NONE',  ( -66.01999999999999602, 8.450000000000013500, 6.649999999999992362 ) ) ;
#1225 = DIRECTION ( 'NONE',  ( -0.000000000000000000, -0.000000000000000000, 1.000000000000000000 ) ) ;
#1226 = EDGE_CURVE ( 'NONE', #10056, #916, #10060, .T. ) ;
#1227 = DIRECTION ( 'NONE',  ( 1.000000000000000000, 0.000000000000000000, 0.000000000000000000 ) ) ;
#1228 = CARTESIAN_POINT ( 'NONE',  ( 0.000000000000000000, 0.000000000000000000, 13.19999999999999929 ) ) ;
#1229 = ORIENTED_EDGE ( 'NONE', *, *, #756, .T. ) ;
#1230 = DIRECTION ( 'NONE',  ( 1.000000000000000000, 0.000000000000000000, 0.000000000000000000 ) ) ;
#1231 = ORIENTED_EDGE ( 'NONE', *, *, #6652, .T. ) ;
#1232 = CARTESIAN_POINT ( 'NONE',  ( 25.08052884615383959, -10.14815245891586137, 3.500000000000003109 ) ) ;
#1233 = DIRECTION ( 'NONE',  ( 1.000000000000000000, -0.000000000000000000, -0.000000000000000000 ) ) ;
#1234 = DIRECTION ( 'NONE',  ( -0.000000000000000000, -0.000000000000000000, -1.000000000000000000 ) ) ;
#1235 = VECTOR ( 'NONE', #3074, 1000.000000000000000 ) ;
#1236 = ORIENTED_EDGE ( 'NONE', *, *, #6488, .T. ) ;
#1237 = CARTESIAN_POINT ( 'NONE',  ( 0.000000000000000000, 0.000000000000000000, 2.000000000000000000 ) ) ;
#1238 = AXIS2_PLACEMENT_3D ( 'NONE', #9733, #11366, #1453 ) ;
#1239 = CARTESIAN_POINT ( 'NONE',  ( 27.37116117973609875, -11.84210071320305424, 4.000000000000003553 ) ) ;
#1240 = ORIENTED_EDGE ( 'NONE', *, *, #9003, .F. ) ;
#1241 = VECTOR ( 'NONE', #7930, 1000.000000000000000 ) ;
#1242 = FACE_OUTER_BOUND ( 'NONE', #6103, .T. ) ;
#1243 = DIRECTION ( 'NONE',  ( -0.000000000000000000, -0.000000000000000000, -1.000000000000000000 ) ) ;
#1244 = DIRECTION ( 'NONE',  ( -1.000000000000000000, 0.000000000000000000, 0.000000000000000000 ) ) ;
#1245 = CARTESIAN_POINT ( 'NONE',  ( 25.71879434155228239, -12.58671603821862561, 4.000000000000007105 ) ) ;
#1246 = LINE ( 'NONE', #3812, #632 ) ;
#1247 = B_SPLINE_CURVE_WITH_KNOTS ( 'NONE', 3,
 ( #3293, #7625, #1490, #6112, #11584, #11652, #6882, #6940, #8814, #9760, #7975, #8937, #2565, #10606, #2386, #591, #4266, #8042, #3350, #7001, #3413, #10738, #2507, #9824, #5343, #1619, #715 ),
 .UNSPECIFIED., .F., .F.,
 ( 4, 1, 1, 1, 1, 1, 1, 1, 1, 1, 1, 1, 1, 1, 1, 1, 1, 1, 1, 1, 1, 1, 1, 1, 4 ),
 ( 0.000000000000000000, 0.06848678953180264983, 0.1330686034768698844, 0.1938174267513896043, 0.2510678822434361801, 0.3043826819346475143, 0.3543872059353594950, 0.4012708475644490291, 0.4446741614967869571, 0.4856635241877677034, 0.5246451914242059589, 0.5621357040795469384, 0.5979269936485214210, 0.6324518987491632993, 0.6657284078076926015, 0.6977541153568967980, 0.7293531551978328364, 0.7605902647540452310, 0.7923674640178234307, 0.8243230823934852847, 0.8571647915322994082, 0.8909333925356225370, 0.9259648588186043527, 0.9620635857508668121, 1.000000000000000000 ),
 .UNSPECIFIED. ) ;
#1248 = CARTESIAN_POINT ( 'NONE',  ( 26.94104158363138524, -12.65751884608556388, 4.000000000000003553 ) ) ;
#1249 = DIRECTION ( 'NONE',  ( -0.5773502691896231775, 0.5773502691896227335, 0.5773502691896312822 ) ) ;
#1250 = ADVANCED_FACE ( 'NONE', ( #11017 ), #8990, .F. ) ;
#1251 = VERTEX_POINT ( 'NONE', #4609 ) ;
#1252 = AXIS2_PLACEMENT_3D ( 'NONE', #3446, #10980, #7101 ) ;
#1253 = CARTESIAN_POINT ( 'NONE',  ( 28.62600081771840621, -13.30408531650486026, 4.000000000000000000 ) ) ;
#1254 = EDGE_LOOP ( 'NONE', ( #7203, #11212 ) ) ;
#1255 = ORIENTED_EDGE ( 'NONE', *, *, #5315, .T. ) ;
#1256 = PLANE ( 'NONE',  #905 ) ;
#1257 = FACE_BOUND ( 'NONE', #4036, .T. ) ;
#1258 = EDGE_CURVE ( 'NONE', #3854, #7874, #8165, .T. ) ;
#1259 = FACE_BOUND ( 'NONE', #11609, .T. ) ;
#1260 = ORIENTED_EDGE ( 'NONE', *, *, #60, .F. ) ;
#1261 = VECTOR ( 'NONE', #3200, 1000.000000000000000 ) ;
#1262 = CARTESIAN_POINT ( 'NONE',  ( -17.89999999999999503, 25.54999999999999361, 1.734723475976807094E-15 ) ) ;
#1263 = DIRECTION ( 'NONE',  ( 1.000000000000000000, 0.000000000000000000, 0.000000000000000000 ) ) ;
#1264 = CARTESIAN_POINT ( 'NONE',  ( 23.43338762096807315, 7.600568702161793588, 5.999999999999998224 ) ) ;
#1265 = ORIENTED_EDGE ( 'NONE', *, *, #10148, .F. ) ;
#1266 = CARTESIAN_POINT ( 'NONE',  ( -16.99999999999999645, 36.51922359359556225, 1.000000000000000888 ) ) ;
#1267 = DIRECTION ( 'NONE',  ( 0.000000000000000000, 0.000000000000000000, 1.000000000000000000 ) ) ;
#1268 = EDGE_CURVE ( 'NONE', #7861, #10509, #3566, .T. ) ;
#1269 = EDGE_LOOP ( 'NONE', ( #10258, #6271, #6176, #10781 ) ) ;
#1270 = AXIS2_PLACEMENT_3D ( 'NONE', #8439, #9371, #8599 ) ;
#1271 = EDGE_LOOP ( 'NONE', ( #6210, #4137, #7429, #5607 ) ) ;
#1272 = CARTESIAN_POINT ( 'NONE',  ( 27.36434197730712370, -12.80059386063055449, 4.000000000000003553 ) ) ;
#1273 = CARTESIAN_POINT ( 'NONE',  ( 23.43777264554763917, -6.554197172767505464, 3.499999999999996003 ) ) ;
#1274 = VECTOR ( 'NONE', #7953, 1000.000000000000000 ) ;
#1275 = PLANE ( 'NONE',  #8622 ) ;
#1276 = VERTEX_POINT ( 'NONE', #9040 ) ;
#1277 = CARTESIAN_POINT ( 'NONE',  ( 23.70245846538453804, -12.38740079088739598, 3.999999999999989786 ) ) ;
#1278 = EDGE_CURVE ( 'NONE', #8612, #976, #6403, .T. ) ;
#1279 = CARTESIAN_POINT ( 'NONE',  ( -16.99999999999999645, -18.00000000000001421, 1.000000000000000888 ) ) ;
#1280 = ADVANCED_FACE ( 'NONE', ( #6340, #6518 ), #9989, .F. ) ;
#1281 = ADVANCED_FACE ( 'NONE', ( #1891 ), #4548, .F. ) ;
#1282 = CARTESIAN_POINT ( 'NONE',  ( 24.76019030994835646, -11.01862143469620214, 3.499999999999996003 ) ) ;
#1283 = CARTESIAN_POINT ( 'NONE',  ( 41.19999999999999574, 13.55000000000000959, 2.000000000000001776 ) ) ;
#1284 = CARTESIAN_POINT ( 'NONE',  ( 27.42730063844697241, -12.83799254849364324, 3.500000000000003109 ) ) ;
#1285 = AXIS2_PLACEMENT_3D ( 'NONE', #1625, #1563, #5351 ) ;
#1286 = DIRECTION ( 'NONE',  ( 1.000000000000000000, 0.000000000000000000, 0.000000000000000000 ) ) ;
#1287 = DIRECTION ( 'NONE',  ( -0.000000000000000000, -0.000000000000000000, 1.000000000000000000 ) ) ;
#1288 = ORIENTED_EDGE ( 'NONE', *, *, #6991, .F. ) ;
#1289 = CARTESIAN_POINT ( 'NONE',  ( 24.27016159504704618, -9.449727086359372308, 4.000000000000003553 ) ) ;
#1290 = VECTOR ( 'NONE', #3220, 1000.000000000000000 ) ;
#1291 = ORIENTED_EDGE ( 'NONE', *, *, #6990, .F. ) ;
#1292 = CARTESIAN_POINT ( 'NONE',  ( 26.30474477849694637, -10.61588740189183788, 3.499999999999996003 ) ) ;
#1293 = CARTESIAN_POINT ( 'NONE',  ( 24.30003423467325874, -9.638507414967987685, 3.499999999999996003 ) ) ;
#1294 = DIRECTION ( 'NONE',  ( -1.000000000000000000, -0.000000000000000000, -0.000000000000000000 ) ) ;
#1295 = DIRECTION ( 'NONE',  ( 0.000000000000000000, 0.000000000000000000, 1.000000000000000000 ) ) ;
#1296 = DIRECTION ( 'NONE',  ( -0.000000000000000000, -0.000000000000000000, 1.000000000000000000 ) ) ;
#1297 = EDGE_CURVE ( 'NONE', #5053, #3706, #1655, .T. ) ;
#1298 = VECTOR ( 'NONE', #2903, 1000.000000000000000 ) ;
#1299 = VECTOR ( 'NONE', #10107, 1000.000000000000000 ) ;
#1300 =( NAMED_UNIT ( * ) SI_UNIT ( $, .STERADIAN. ) SOLID_ANGLE_UNIT ( ) );
#1301 = CARTESIAN_POINT ( 'NONE',  ( -9.199999999999999289, -10.59999999999999787, 3.500000000000000000 ) ) ;
#1302 = ORIENTED_EDGE ( 'NONE', *, *, #11751, .F. ) ;
#1303 = CYLINDRICAL_SURFACE ( 'NONE', #11418, 2.624999999999998668 ) ;
#1304 = CARTESIAN_POINT ( 'NONE',  ( 14.99999999999999822, -2.999999999999992450, 5.000000000000000000 ) ) ;
#1305 = CARTESIAN_POINT ( 'NONE',  ( 24.71794871794871185, -7.712255023018423472, 3.499999999999996003 ) ) ;
#1306 = CARTESIAN_POINT ( 'NONE',  ( 25.50887421823198054, -12.59592915618767606, 4.000000000000000000 ) ) ;
#1307 = AXIS2_PLACEMENT_3D ( 'NONE', #6194, #7153, #3440 ) ;
#1308 = AXIS2_PLACEMENT_3D ( 'NONE', #8992, #6999, #11772 ) ;
#1309 = EDGE_CURVE ( 'NONE', #1956, #1503, #11263, .T. ) ;
#1310 = CARTESIAN_POINT ( 'NONE',  ( -16.99999999999999645, 26.58077640640441786, -5.363961030678932040 ) ) ;
#1311 = EDGE_LOOP ( 'NONE', ( #4622, #7385, #11058, #5383, #9858, #7003, #11756, #3538 ) ) ;
#1312 = DIRECTION ( 'NONE',  ( -5.847064803386827679E-13, 8.679014360567881833E-15, 1.000000000000000000 ) ) ;
#1313 = ORIENTED_EDGE ( 'NONE', *, *, #10342, .F. ) ;
#1314 = VERTEX_POINT ( 'NONE', #7277 ) ;
#1315 = CARTESIAN_POINT ( 'NONE',  ( 26.74083238369000171, 4.531708440375467717, 3.599999999999999201 ) ) ;
#1316 = ADVANCED_FACE ( 'NONE', ( #11870 ), #10032, .F. ) ;
#1317 = LINE ( 'NONE', #1499, #6873 ) ;
#1318 = AXIS2_PLACEMENT_3D ( 'NONE', #10101, #2064, #6515 ) ;
#1319 = ORIENTED_EDGE ( 'NONE', *, *, #8961, .F. ) ;
#1321 = DIRECTION ( 'NONE',  ( -1.000000000000000000, 0.000000000000000000, 0.000000000000000000 ) ) ;
#1320 = CARTESIAN_POINT ( 'NONE',  ( 25.99999999999999289, 7.050000000000004263, 3.599999999999999201 ) ) ;
#1322 = ORIENTED_EDGE ( 'NONE', *, *, #3592, .F. ) ;
#1323 = CYLINDRICAL_SURFACE ( 'NONE', #8977, 1.100000000000000311 ) ;
#1324 = DIRECTION ( 'NONE',  ( -1.000000000000000000, 0.000000000000000000, 0.000000000000000000 ) ) ;
#1325 = CARTESIAN_POINT ( 'NONE',  ( 24.23988732788328448, 8.997467170828356231, 3.599999999999999201 ) ) ;
#1326 = VERTEX_POINT ( 'NONE', #10832 ) ;
#1327 = VERTEX_POINT ( 'NONE', #2604 ) ;
#1328 = VECTOR ( 'NONE', #933, 1000.000000000000000 ) ;
#1329 = DIRECTION ( 'NONE',  ( -1.000000000000000000, 0.000000000000000000, 0.000000000000000000 ) ) ;
#1330 = ADVANCED_FACE ( 'NONE', ( #6266 ), #9975, .F. ) ;
#1331 = AXIS2_PLACEMENT_3D ( 'NONE', #185, #9410, #1204 ) ;
#1332 = DIRECTION ( 'NONE',  ( 1.000000000000000000, 0.000000000000000000, 0.000000000000000000 ) ) ;
#1333 = VERTEX_POINT ( 'NONE', #11003 ) ;
#1334 = VERTEX_POINT ( 'NONE', #8140 ) ;
#1335 =( GEOMETRIC_REPRESENTATION_CONTEXT ( 3 ) GLOBAL_UNCERTAINTY_ASSIGNED_CONTEXT ( ( #77 ) ) GLOBAL_UNIT_ASSIGNED_CONTEXT ( ( #7662, #281, #1300 ) ) REPRESENTATION_CONTEXT ( 'NONE', 'WORKASPACE' ) );
#1336 = LINE ( 'NONE', #9596, #10463 ) ;
#1337 = ADVANCED_FACE ( 'NONE', ( #1717 ), #5384, .F. ) ;
#1338 = VERTEX_POINT ( 'NONE', #11817 ) ;
#1339 = EDGE_LOOP ( 'NONE', ( #5561, #11181, #8074, #7080 ) ) ;
#1340 = CARTESIAN_POINT ( 'NONE',  ( 25.87111837412344428, -11.68710049682171181, 3.999999999999996447 ) ) ;
#1341 = EDGE_CURVE ( 'NONE', #10181, #1742, #7373, .T. ) ;
#1342 = DIRECTION ( 'NONE',  ( 0.000000000000000000, 0.000000000000000000, -1.000000000000000000 ) ) ;
#1343 = CARTESIAN_POINT ( 'NONE',  ( 25.33680085757545442, 9.200038813018819539, 6.812377427192834567 ) ) ;
#1344 = CIRCLE ( 'NONE', #8071, 1.100000000000003642 ) ;
#1345 = FACE_OUTER_BOUND ( 'NONE', #9268, .T. ) ;
#1346 = DIRECTION ( 'NONE',  ( 1.000000000000000000, 0.000000000000000000, 0.000000000000000000 ) ) ;
#1347 = FACE_OUTER_BOUND ( 'NONE', #5121, .T. ) ;
#1348 = DIRECTION ( 'NONE',  ( -0.7518135438622547406, -0.6593757618120925645, 0.000000000000000000 ) ) ;
#1349 = CARTESIAN_POINT ( 'NONE',  ( 25.08052884615383959, -10.14815245891586137, 3.500000000000003109 ) ) ;
#1350 = ADVANCED_FACE ( 'NONE', ( #2662 ), #4594, .F. ) ;
#1351 = VERTEX_POINT ( 'NONE', #2769 ) ;
#1352 = EDGE_CURVE ( 'NONE', #3551, #1566, #6438, .T. ) ;
#1353 = CARTESIAN_POINT ( 'NONE',  ( -49.99999999999998579, 9.549999999999988276, 2.000000000000000000 ) ) ;
#1354 = ORIENTED_EDGE ( 'NONE', *, *, #8295, .T. ) ;
#1355 = VECTOR ( 'NONE', #1654, 1000.000000000000000 ) ;
#1356 = PLANE ( 'NONE',  #8662 ) ;
#1357 = DIRECTION ( 'NONE',  ( 0.4589464755937414653, 0.8884639174103151626, 0.000000000000000000 ) ) ;
#1358 = FACE_OUTER_BOUND ( 'NONE', #10, .T. ) ;
#1359 = ORIENTED_EDGE ( 'NONE', *, *, #11513, .T. ) ;
#1360 = CARTESIAN_POINT ( 'NONE',  ( 25.82766509817887979, -9.234973947708239095, 4.000000000000001776 ) ) ;
#1361 = FACE_BOUND ( 'NONE', #3069, .T. ) ;
#1362 = CARTESIAN_POINT ( 'NONE',  ( -25.99999999999999289, 9.549999999999988276, 2.000000000000000000 ) ) ;
#1363 = AXIS2_PLACEMENT_3D ( 'NONE', #8878, #6231, #11835 ) ;
#1364 = CARTESIAN_POINT ( 'NONE',  ( 27.13266798143123282, -11.78424363567688360, 3.500000000000003109 ) ) ;
#1365 = EDGE_CURVE ( 'NONE', #8263, #658, #5843, .T. ) ;
#1366 = ORIENTED_EDGE ( 'NONE', *, *, #5181, .T. ) ;
#1367 = CARTESIAN_POINT ( 'NONE',  ( 23.70245846538453804, -12.38740079088739598, 3.499999999999989342 ) ) ;
#1368 = CARTESIAN_POINT ( 'NONE',  ( 24.28625470765975791, -7.858638376539896164, 3.499999999999999556 ) ) ;
#1369 = CARTESIAN_POINT ( 'NONE',  ( 24.54657823142235884, -12.86471417993600497, 4.000000000000003553 ) ) ;
#1370 = VECTOR ( 'NONE', #4405, 1000.000000000000000 ) ;
#1371 = CYLINDRICAL_SURFACE ( 'NONE', #11682, 2.250000000000001776 ) ;
#1372 = CARTESIAN_POINT ( 'NONE',  ( 25.99999999999999289, 7.050000000000004263, 5.999999999999998224 ) ) ;
#1373 = VERTEX_POINT ( 'NONE', #7454 ) ;
#1374 = FACE_OUTER_BOUND ( 'NONE', #1446, .T. ) ;
#1375 = EDGE_LOOP ( 'NONE', ( #2178, #10424 ) ) ;
#1376 = ORIENTED_EDGE ( 'NONE', *, *, #10835, .T. ) ;
#1377 = FACE_OUTER_BOUND ( 'NONE', #403, .T. ) ;
#1378 = CIRCLE ( 'NONE', #9240, 1.100000000000003642 ) ;
#1379 = FACE_OUTER_BOUND ( 'NONE', #9720, .T. ) ;
#1380 = ORIENTED_EDGE ( 'NONE', *, *, #1033, .T. ) ;
#1381 = FACE_OUTER_BOUND ( 'NONE', #8254, .T. ) ;
#1382 = EDGE_CURVE ( 'NONE', #5276, #10636, #315, .T. ) ;
#1383 = VERTEX_POINT ( 'NONE', #7386 ) ;
#1384 = CARTESIAN_POINT ( 'NONE',  ( -18.99999999999999645, -10.45000000000001172, 2.000000000000000000 ) ) ;
#1385 = DIRECTION ( 'NONE',  ( 0.8101380867479922587, 0.5862390983210711282, 0.000000000000000000 ) ) ;
#1386 = DIRECTION ( 'NONE',  ( 1.000000000000000000, 0.000000000000000000, 0.000000000000000000 ) ) ;
#1387 = ORIENTED_EDGE ( 'NONE', *, *, #3280, .F. ) ;
#1388 = VERTEX_POINT ( 'NONE', #11246 ) ;
#1389 = VECTOR ( 'NONE', #5542, 1000.000000000000000 ) ;
#1390 = FACE_OUTER_BOUND ( 'NONE', #6810, .T. ) ;
#1391 = DIRECTION ( 'NONE',  ( 1.000000000000000000, 0.000000000000000000, 0.000000000000000000 ) ) ;
#1392 = EDGE_LOOP ( 'NONE', ( #5948, #10220, #6822, #9006 ) ) ;
#1393 = EDGE_CURVE ( 'NONE', #10746, #8834, #7634, .T. ) ;
#1394 = ORIENTED_EDGE ( 'NONE', *, *, #6823, .F. ) ;
#1395 = AXIS2_PLACEMENT_3D ( 'NONE', #9838, #8059, #1439 ) ;
#1396 = FACE_OUTER_BOUND ( 'NONE', #676, .T. ) ;
#1397 = ORIENTED_EDGE ( 'NONE', *, *, #7873, .T. ) ;
#1398 = LINE ( 'NONE', #6203, #675 ) ;
#1399 = CARTESIAN_POINT ( 'NONE',  ( 12.00000000000000000, -10.45000000000000107, 0.000000000000000000 ) ) ;
#1400 = LINE ( 'NONE', #8553, #1488 ) ;
#1401 = AXIS2_PLACEMENT_3D ( 'NONE', #7391, #9427, #3941 ) ;
#1402 = DIRECTION ( 'NONE',  ( -1.000000000000000000, 0.000000000000000000, 0.000000000000000000 ) ) ;
#1403 = PRODUCT_DEFINITION ( 'UNKNOWN', '', #134, #438 ) ;
#1404 = CARTESIAN_POINT ( 'NONE',  ( 27.73076923076922640, -13.39234316404406400, 4.000000000000003553 ) ) ;
#1405 = CARTESIAN_POINT ( 'NONE',  ( -9.199999999999995737, 11.60000000000000320, 3.500000000000000000 ) ) ;
#1406 = SURFACE_SIDE_STYLE ('',( #4121 ) ) ;
#1407 = DIRECTION ( 'NONE',  ( -0.9926170934246469901, -0.1212901720717943777, 0.000000000000000000 ) ) ;
#1408 = EDGE_LOOP ( 'NONE', ( #3765, #7254, #5968, #8735, #6061, #10240, #10761 ) ) ;
#1409 = CARTESIAN_POINT ( 'NONE',  ( 39.19999999999998863, 41.99999999999999289, 4.000000000000000000 ) ) ;
#1410 = FACE_BOUND ( 'NONE', #5579, .T. ) ;
#1411 = DIRECTION ( 'NONE',  ( 0.3391272569159872741, -0.9407405081193420671, 0.000000000000000000 ) ) ;
#1412 = LINE ( 'NONE', #9480, #854 ) ;
#1413 = FACE_OUTER_BOUND ( 'NONE', #7094, .T. ) ;
#1414 = EDGE_CURVE ( 'NONE', #8466, #11075, #11132, .T. ) ;
#1415 = CARTESIAN_POINT ( 'NONE',  ( 23.86886519792581396, -14.55119597758815431, 3.999999999999970690 ) ) ;
#1416 = ORIENTED_EDGE ( 'NONE', *, *, #9011, .T. ) ;
#1417 = ORIENTED_EDGE ( 'NONE', *, *, #7119, .T. ) ;
#1418 = DIRECTION ( 'NONE',  ( -0.000000000000000000, 0.000000000000000000, 1.000000000000000000 ) ) ;
#1419 = LINE ( 'NONE', #8685, #10664 ) ;
#1420 = CARTESIAN_POINT ( 'NONE',  ( 26.70690707783456119, -9.988250329226271873, 4.000000000000004441 ) ) ;
#1421 = LINE ( 'NONE', #5090, #5356 ) ;
#1422 = AXIS2_PLACEMENT_3D ( 'NONE', #5737, #5847, #10396 ) ;
#1423 = CARTESIAN_POINT ( 'NONE',  ( -54.99999999999999289, -18.00000000000000711, 22.01137224000416381 ) ) ;
#1424 = CARTESIAN_POINT ( 'NONE',  ( 27.29383531367728821, -12.76731905195839545, 3.500000000000003109 ) ) ;
#1425 = ADVANCED_FACE ( 'NONE', ( #9477 ), #10809, .T. ) ;
#1426 = DIRECTION ( 'NONE',  ( 0.000000000000000000, 0.000000000000000000, 1.000000000000000000 ) ) ;
#1427 = EDGE_CURVE ( 'NONE', #8130, #2070, #6965, .T. ) ;
#1428 = ORIENTED_EDGE ( 'NONE', *, *, #6127, .F. ) ;
#1429 = CARTESIAN_POINT ( 'NONE',  ( 28.10794692596216038, -12.21200033411492925, 3.500000000000006661 ) ) ;
#1430 = VERTEX_POINT ( 'NONE', #1848 ) ;
#1431 = ORIENTED_EDGE ( 'NONE', *, *, #8177, .T. ) ;
#1432 = CARTESIAN_POINT ( 'NONE',  ( 24.28774043589985965, -7.048779735183975603, 4.000000000000000000 ) ) ;
#1433 = VECTOR ( 'NONE', #9419, 1000.000000000000000 ) ;
#1434 = DIRECTION ( 'NONE',  ( -0.000000000000000000, -0.000000000000000000, -1.000000000000000000 ) ) ;
#1435 = ORIENTED_EDGE ( 'NONE', *, *, #9912, .T. ) ;
#1436 = CARTESIAN_POINT ( 'NONE',  ( 24.35400513596725958, -13.70313680472815854, 3.500000000000003109 ) ) ;
#1437 = VERTEX_POINT ( 'NONE', #4351 ) ;
#1438 = DIRECTION ( 'NONE',  ( 0.000000000000000000, 0.000000000000000000, 1.000000000000000000 ) ) ;
#1439 = DIRECTION ( 'NONE',  ( 1.000000000000000000, 0.000000000000000000, 0.000000000000000000 ) ) ;
#1440 = DIRECTION ( 'NONE',  ( 0.6013489169558873249, -0.7989865331005155946, 0.000000000000000000 ) ) ;
#1441 = VECTOR ( 'NONE', #10767, 1000.000000000000114 ) ;
#1442 = ORIENTED_EDGE ( 'NONE', *, *, #4932, .T. ) ;
#1443 = CARTESIAN_POINT ( 'NONE',  ( 27.50697818723059029, 4.900664813666521624, 6.724059395819995899 ) ) ;
#1444 = CARTESIAN_POINT ( 'NONE',  ( -18.99999999999999645, 13.54999999999998828, 1.000000000000002665 ) ) ;
#1445 = EDGE_CURVE ( 'NONE', #10804, #2329, #3725, .T. ) ;
#1446 = EDGE_LOOP ( 'NONE', ( #8945, #4695, #9823, #262 ) ) ;
#1447 = CIRCLE ( 'NONE', #3175, 0.9750000000000001998 ) ;
#1448 = VERTEX_POINT ( 'NONE', #3856 ) ;
#1449 = CARTESIAN_POINT ( 'NONE',  ( 28.55132065661576846, 7.667566115590591203, 3.599999999999999201 ) ) ;
#1450 = VERTEX_POINT ( 'NONE', #5591 ) ;
#1451 = ORIENTED_EDGE ( 'NONE', *, *, #446, .T. ) ;
#1452 = DIRECTION ( 'NONE',  ( 0.000000000000000000, 0.000000000000000000, 1.000000000000000000 ) ) ;
#1453 = DIRECTION ( 'NONE',  ( 1.000000000000000000, 0.000000000000000000, 0.000000000000000000 ) ) ;
#1454 = VECTOR ( 'NONE', #6440, 1000.000000000000000 ) ;
#1455 = CARTESIAN_POINT ( 'NONE',  ( 25.11157852564101844, -11.04558835635175740, 3.999999999999988010 ) ) ;
#1456 = VERTEX_POINT ( 'NONE', #8005 ) ;
#1457 = LINE ( 'NONE', #2294, #7287 ) ;
#1458 = ORIENTED_EDGE ( 'NONE', *, *, #974, .T. ) ;
#1459 = CARTESIAN_POINT ( 'NONE',  ( 27.38942547505419256, -14.92760095654060137, 3.499999999999989342 ) ) ;
#1460 = DIRECTION ( 'NONE',  ( 1.000000000000000000, 0.000000000000000000, 0.000000000000000000 ) ) ;
#1461 = LINE ( 'NONE', #5131, #7261 ) ;
#1462 = LINE ( 'NONE', #2488, #4730 ) ;
#1463 = CARTESIAN_POINT ( 'NONE',  ( 23.98277243589742724, -7.135331946095345934, 3.999999999999996447 ) ) ;
#1464 = VERTEX_POINT ( 'NONE', #4691 ) ;
#1465 = AXIS2_PLACEMENT_3D ( 'NONE', #10831, #6437, #11816 ) ;
#1466 = CARTESIAN_POINT ( 'NONE',  ( 24.28840209830343255, -13.55584544801178204, 4.000000000000000000 ) ) ;
#1467 = ORIENTED_EDGE ( 'NONE', *, *, #9890, .T. ) ;
#1468 = CARTESIAN_POINT ( 'NONE',  ( 26.41367134548459816, -10.50573111153912897, 3.499999999999996003 ) ) ;
#1469 = CARTESIAN_POINT ( 'NONE',  ( 25.57482115596052807, 9.640337420217930386, 3.599999999999999201 ) ) ;
#1470 = DIRECTION ( 'NONE',  ( 1.000000000000000000, 0.000000000000000000, 0.000000000000000000 ) ) ;
#1471 = ORIENTED_EDGE ( 'NONE', *, *, #8200, .F. ) ;
#1472 = CARTESIAN_POINT ( 'NONE',  ( 28.56661237903190553, 7.600568702161829115, 3.599999999999999201 ) ) ;
#1473 = FACE_BOUND ( 'NONE', #6559, .T. ) ;
#1474 = EDGE_CURVE ( 'NONE', #1448, #1956, #10124, .T. ) ;
#1475 = CARTESIAN_POINT ( 'NONE',  ( 49.19999999999998863, -18.00000000000000355, -8.673617379884035472E-16 ) ) ;
#1476 = PLANE ( 'NONE',  #8755 ) ;
#1477 = VECTOR ( 'NONE', #10136, 1000.000000000000000 ) ;
#1478 = ORIENTED_EDGE ( 'NONE', *, *, #2283, .T. ) ;
#1479 = AXIS2_PLACEMENT_3D ( 'NONE', #1087, #7437, #6552 ) ;
#1480 = CARTESIAN_POINT ( 'NONE',  ( 9.199999999999995737, 18.00000000000000000, 10.09999999999999964 ) ) ;
#1481 = CARTESIAN_POINT ( 'NONE',  ( 28.19358780240910178, 6.549327898598319209, 5.999999999999998224 ) ) ;
#1482 = VERTEX_POINT ( 'NONE', #683 ) ;
#1483 = ORIENTED_EDGE ( 'NONE', *, *, #1166, .T. ) ;
#1484 = CARTESIAN_POINT ( 'NONE',  ( -11.02500000000000036, 9.549999999999998934, 10.09999999999999964 ) ) ;
#1485 = CARTESIAN_POINT ( 'NONE',  ( 39.19999999999998863, -18.00000000000000000, 4.000000000000000000 ) ) ;
#1486 = LINE ( 'NONE', #8811, #6232 ) ;
#1487 = EDGE_CURVE ( 'NONE', #5484, #7743, #11622, .T. ) ;
#1488 = VECTOR ( 'NONE', #3133, 1000.000000000000000 ) ;
#1489 = DIRECTION ( 'NONE',  ( 1.000000000000000000, 0.000000000000000000, 0.000000000000000000 ) ) ;
#1490 = CARTESIAN_POINT ( 'NONE',  ( 25.76018708948390312, -15.08264456202988768, 3.499999999999996003 ) ) ;
#1491 = ADVANCED_FACE ( 'NONE', ( #11686 ), #6474, .F. ) ;
#1492 = CARTESIAN_POINT ( 'NONE',  ( 39.19999999999998863, -3.994306305069704965, 3.499999999999999556 ) ) ;
#1493 = EDGE_LOOP ( 'NONE', ( #7812, #11301, #7794, #5732 ) ) ;
#1494 = CARTESIAN_POINT ( 'NONE',  ( 24.52367008289799699, -6.626697207678234669, 3.499999999999999556 ) ) ;
#1495 = ORIENTED_EDGE ( 'NONE', *, *, #10381, .F. ) ;
#1496 = ORIENTED_EDGE ( 'NONE', *, *, #7144, .F. ) ;
#1497 = CARTESIAN_POINT ( 'NONE',  ( 28.19999999999999929, -15.00000000000001421, 1.999999999999999112 ) ) ;
#1498 = ORIENTED_EDGE ( 'NONE', *, *, #5391, .F. ) ;
#1499 = CARTESIAN_POINT ( 'NONE',  ( 41.19999999999999574, 13.55000000000000959, 2.975000000000000977 ) ) ;
#1500 = ORIENTED_EDGE ( 'NONE', *, *, #4607, .F. ) ;
#1501 = CARTESIAN_POINT ( 'NONE',  ( 9.199999999999995737, -16.00000000000000355, 4.999999999999999112 ) ) ;
#1502 = VECTOR ( 'NONE', #4334, 1000.000000000000000 ) ;
#1503 = VERTEX_POINT ( 'NONE', #5311 ) ;
#1504 = ORIENTED_EDGE ( 'NONE', *, *, #2016, .F. ) ;
#1505 = EDGE_CURVE ( 'NONE', #240, #6468, #113, .T. ) ;
#1506 = ADVANCED_FACE ( 'NONE', ( #1015 ), #8340, .F. ) ;
#1507 = ADVANCED_FACE ( 'NONE', ( #5527 ), #11101, .F. ) ;
#1508 = CARTESIAN_POINT ( 'NONE',  ( -17.00000000000000000, 41.99999999999997868, 2.000000000000000000 ) ) ;
#1509 = LINE ( 'NONE', #3306, #8871 ) ;
#1510 = EDGE_CURVE ( 'NONE', #6953, #663, #6108, .T. ) ;
#1511 = LINE ( 'NONE', #9712, #11447 ) ;
#1512 = ORIENTED_EDGE ( 'NONE', *, *, #827, .F. ) ;
#1513 = ORIENTED_EDGE ( 'NONE', *, *, #6843, .F. ) ;
#1514 = CARTESIAN_POINT ( 'NONE',  ( 23.27282197134106312, 8.300000000000006040, 1.799999999999999600 ) ) ;
#1515 = DIRECTION ( 'NONE',  ( 1.000000000000000000, 0.000000000000000000, 0.000000000000000000 ) ) ;
#1516 = EDGE_LOOP ( 'NONE', ( #9276, #5522, #3689, #3704 ) ) ;
#1517 = AXIS2_PLACEMENT_3D ( 'NONE', #9042, #3348, #10737 ) ;
#1518 = ORIENTED_EDGE ( 'NONE', *, *, #7605, .T. ) ;
#1519 = DIRECTION ( 'NONE',  ( -3.469446951953621091E-16, 1.000000000000000000, 0.000000000000000000 ) ) ;
#1520 = ORIENTED_EDGE ( 'NONE', *, *, #1041, .F. ) ;
#1521 = DIRECTION ( 'NONE',  ( 1.000000000000000000, 0.000000000000000000, 0.000000000000000000 ) ) ;
#1522 = EDGE_CURVE ( 'NONE', #4844, #11000, #10604, .T. ) ;
#1523 = CARTESIAN_POINT ( 'NONE',  ( 39.19999999999998863, -18.00000000000000000, 4.000000000000000000 ) ) ;
#1524 = VECTOR ( 'NONE', #8791, 1000.000000000000000 ) ;
#1525 = VECTOR ( 'NONE', #6294, 1000.000000000000000 ) ;
#1526 = EDGE_LOOP ( 'NONE', ( #4050, #975 ) ) ;
#1527 = CARTESIAN_POINT ( 'NONE',  ( -15.00000000000001066, 24.49999999999999645, 0.5000000000000004441 ) ) ;
#1528 = DIRECTION ( 'NONE',  ( 0.000000000000000000, 0.000000000000000000, 1.000000000000000000 ) ) ;
#1529 = VERTEX_POINT ( 'NONE', #2381 ) ;
#1530 = DIRECTION ( 'NONE',  ( 0.6013489169558873249, -0.7989865331005155946, 0.000000000000000000 ) ) ;
#1531 = ORIENTED_EDGE ( 'NONE', *, *, #9375, .T. ) ;
#1532 = VECTOR ( 'NONE', #3848, 1000.000000000000000 ) ;
#1533 = CARTESIAN_POINT ( 'NONE',  ( 9.199999999999999289, -16.00000000000000355, 10.09999999999999964 ) ) ;
#1534 = CARTESIAN_POINT ( 'NONE',  ( 24.01939397208336047, -6.047376804748267887, 3.500000000000006661 ) ) ;
#1535 = CARTESIAN_POINT ( 'NONE',  ( -57.99999999999999289, -10.45000000000001528, 1.734723475976807094E-15 ) ) ;
#1536 = FACE_OUTER_BOUND ( 'NONE', #1034, .T. ) ;
#1537 = EDGE_LOOP ( 'NONE', ( #11801, #434, #183, #11781 ) ) ;
#1538 = CARTESIAN_POINT ( 'NONE',  ( 26.50841908965827898, -10.38668280141953382, 3.500000000000003109 ) ) ;
#1539 = DIRECTION ( 'NONE',  ( 1.000000000000000000, 0.000000000000000000, 0.000000000000000000 ) ) ;
#1540 = CARTESIAN_POINT ( 'NONE',  ( -83.09999999999999432, 9.549999999999984723, 1.734723475976807094E-15 ) ) ;
#1541 = AXIS2_PLACEMENT_3D ( 'NONE', #7773, #9746, #1470 ) ;
#1542 = DIRECTION ( 'NONE',  ( 1.000000000000000000, 0.000000000000000000, 0.000000000000000000 ) ) ;
#1543 = FACE_OUTER_BOUND ( 'NONE', #8868, .T. ) ;
#1544 = CARTESIAN_POINT ( 'NONE',  ( 23.47244425632543852, -14.00578707242953236, 3.999999999999970690 ) ) ;
#1545 = ORIENTED_EDGE ( 'NONE', *, *, #1297, .T. ) ;
#1546 = VECTOR ( 'NONE', #10952, 1000.000000000000000 ) ;
#1547 = CARTESIAN_POINT ( 'NONE',  ( 9.039999999999995595, -9.039999999999999147, 2.000000000000000000 ) ) ;
#1548 = ADVANCED_FACE ( 'NONE', ( #11650 ), #4397, .T. ) ;
#1549 = CARTESIAN_POINT ( 'NONE',  ( 20.99999999999998934, 12.05000000000000426, 5.999999999999998224 ) ) ;
#1550 = ORIENTED_EDGE ( 'NONE', *, *, #11824, .F. ) ;
#1551 = CARTESIAN_POINT ( 'NONE',  ( 28.61486796622784823, 6.819586200076075855, 3.599999999999999201 ) ) ;
#1552 = CARTESIAN_POINT ( 'NONE',  ( 24.28167429027715940, -9.570083244972039438, 4.000000000000010658 ) ) ;
#1553 = EDGE_CURVE ( 'NONE', #8399, #6360, #2244, .T. ) ;
#1554 = CARTESIAN_POINT ( 'NONE',  ( -12.00000000000000000, -10.45000000000000107, 10.09999999999999964 ) ) ;
#1555 = CARTESIAN_POINT ( 'NONE',  ( 23.74405816980866391, 8.392144350952246867, 3.599999999999999201 ) ) ;
#1556 = CARTESIAN_POINT ( 'NONE',  ( 25.64277398288026433, 9.650579660901161816, 6.806887048618888159 ) ) ;
#1557 = VECTOR ( 'NONE', #4181, 1000.000000000000000 ) ;
#1558 = CARTESIAN_POINT ( 'NONE',  ( 25.78510355907913976, -9.786396521545041693, 4.000000000000000000 ) ) ;
#1559 = CARTESIAN_POINT ( 'NONE',  ( 25.94090544871794179, -12.58404989481329395, 3.500000000000003109 ) ) ;
#1560 = VERTEX_POINT ( 'NONE', #3146 ) ;
#1561 = ORIENTED_EDGE ( 'NONE', *, *, #2672, .T. ) ;
#1562 = ADVANCED_FACE ( 'NONE', ( #5915 ), #8671, .F. ) ;
#1563 = DIRECTION ( 'NONE',  ( -1.000000000000000000, 0.000000000000000000, 0.000000000000000000 ) ) ;
#1564 = EDGE_LOOP ( 'NONE', ( #9535, #9650, #1727, #11106 ) ) ;
#1565 = CARTESIAN_POINT ( 'NONE',  ( -49.99999999999998579, 9.549999999999988276, 1.000000000000000888 ) ) ;
#1566 = VERTEX_POINT ( 'NONE', #11144 ) ;
#1567 = CARTESIAN_POINT ( 'NONE',  ( 24.31557175256079972, -13.63178720494136265, 3.499999999999999556 ) ) ;
#1568 = VECTOR ( 'NONE', #10803, 1000.000000000000000 ) ;
#1569 = EDGE_CURVE ( 'NONE', #7415, #2346, #3895, .T. ) ;
#1570 = ORIENTED_EDGE ( 'NONE', *, *, #2671, .F. ) ;
#1571 = EDGE_CURVE ( 'NONE', #2261, #6776, #2973, .T. ) ;
#1572 = PLANE ( 'NONE',  #7246 ) ;
#1573 = DIRECTION ( 'NONE',  ( 0.000000000000000000, 0.000000000000000000, 1.000000000000000000 ) ) ;
#1574 = DIRECTION ( 'NONE',  ( 1.000000000000000000, 0.000000000000000000, 0.000000000000000000 ) ) ;
#1575 = EDGE_LOOP ( 'NONE', ( #3313, #11466 ) ) ;
#1576 = DIRECTION ( 'NONE',  ( 1.000000000000000000, 0.000000000000000000, 0.000000000000000000 ) ) ;
#1577 = DIRECTION ( 'NONE',  ( 0.000000000000000000, -0.000000000000000000, -1.000000000000000000 ) ) ;
#1578 = ORIENTED_EDGE ( 'NONE', *, *, #4292, .T. ) ;
#1579 = AXIS2_PLACEMENT_3D ( 'NONE', #2527, #11847, #7259 ) ;
#1580 = ORIENTED_EDGE ( 'NONE', *, *, #2163, .T. ) ;
#1581 = EDGE_CURVE ( 'NONE', #11355, #3488, #5201, .T. ) ;
#1582 = CARTESIAN_POINT ( 'NONE',  ( 28.62756033717593596, -13.41374757457803391, 3.499999999999999556 ) ) ;
#1583 = CARTESIAN_POINT ( 'NONE',  ( 31.69999999999999218, -15.00000000000000000, -2.969848480983499961 ) ) ;
#1584 = EDGE_LOOP ( 'NONE', ( #7115, #2825, #1979, #451 ) ) ;
#1585 = FACE_OUTER_BOUND ( 'NONE', #7688, .T. ) ;
#1586 = AXIS2_PLACEMENT_3D ( 'NONE', #7374, #4369, #6155 ) ;
#1587 = DIRECTION ( 'NONE',  ( 1.000000000000000000, 0.000000000000000000, 0.000000000000000000 ) ) ;
#1588 = EDGE_LOOP ( 'NONE', ( #1513, #7137 ) ) ;
#1589 = CARTESIAN_POINT ( 'NONE',  ( -28.79999999999999361, -18.00000000000000355, 0.000000000000000000 ) ) ;
#1590 = CARTESIAN_POINT ( 'NONE',  ( 11.02500000000000036, 9.549999999999998934, -4.999999999999999112 ) ) ;
#1591 = DIRECTION ( 'NONE',  ( 1.000000000000000000, 0.000000000000000000, 0.000000000000000000 ) ) ;
#1592 = ADVANCED_FACE ( 'NONE', ( #6865, #7896, #9807, #11441, #1410, #512, #7956 ), #10656, .T. ) ;
#1593 = VECTOR ( 'NONE', #9108, 1000.000000000000000 ) ;
#1594 = CARTESIAN_POINT ( 'NONE',  ( 43.03332407921453751, 41.99999999999997868, 0.000000000000000000 ) ) ;
#1595 = CARTESIAN_POINT ( 'NONE',  ( 25.99999999999999289, 7.050000000000004263, 0.000000000000000000 ) ) ;
#1596 = CARTESIAN_POINT ( 'NONE',  ( 24.51974399227195178, -6.482904219970788695, 4.000000000000000000 ) ) ;
#1597 = CARTESIAN_POINT ( 'NONE',  ( 23.67681736507730506, -7.048858418969061290, 3.499999999999996003 ) ) ;
#1598 = DIRECTION ( 'NONE',  ( -0.000000000000000000, -0.000000000000000000, -1.000000000000000000 ) ) ;
#1599 = VERTEX_POINT ( 'NONE', #1469 ) ;
#1600 = DIRECTION ( 'NONE',  ( 1.000000000000000000, 0.000000000000000000, 0.000000000000000000 ) ) ;
#1601 = ADVANCED_FACE ( 'NONE', ( #9745 ), #6095, .F. ) ;
#1602 = DIRECTION ( 'NONE',  ( 0.000000000000000000, 0.000000000000000000, 1.000000000000000000 ) ) ;
#1603 = CIRCLE ( 'NONE', #2165, 1.250000000000001110 ) ;
#1604 = CARTESIAN_POINT ( 'NONE',  ( 25.62669101663371762, -8.941617124465178534, 3.500000000000006661 ) ) ;
#1605 = CARTESIAN_POINT ( 'NONE',  ( -28.79999999999999361, -1.007296098383866039E-14, 1.999999999999998224 ) ) ;
#1606 = LINE ( 'NONE', #7460, #1298 ) ;
#1607 = EDGE_CURVE ( 'NONE', #3803, #2569, #4305, .T. ) ;
#1608 = CARTESIAN_POINT ( 'NONE',  ( 23.38594170209642442, -13.65676704002534692, 3.499999999999999556 ) ) ;
#1609 = ORIENTED_EDGE ( 'NONE', *, *, #1414, .T. ) ;
#1610 = DIRECTION ( 'NONE',  ( -1.000000000000000000, -0.000000000000000000, -0.000000000000000000 ) ) ;
#1611 = CARTESIAN_POINT ( 'NONE',  ( -17.89999999999999503, -10.45000000000001172, 1.000000000000002665 ) ) ;
#1612 = ORIENTED_EDGE ( 'NONE', *, *, #7452, .F. ) ;
#1613 = ORIENTED_EDGE ( 'NONE', *, *, #1033, .F. ) ;
#1614 = DIRECTION ( 'NONE',  ( 0.000000000000000000, 0.000000000000000000, 1.000000000000000000 ) ) ;
#1615 = DIRECTION ( 'NONE',  ( 0.8796889190142243020, 0.4755495828655363910, 0.000000000000000000 ) ) ;
#1616 = EDGE_CURVE ( 'NONE', #2952, #8849, #7004, .T. ) ;
#1617 = DIRECTION ( 'NONE',  ( -1.000000000000000000, 0.000000000000000000, 0.000000000000000000 ) ) ;
#1618 = ORIENTED_EDGE ( 'NONE', *, *, #588, .F. ) ;
#1619 = CARTESIAN_POINT ( 'NONE',  ( 23.37255193828550404, -13.44111070838618538, 3.500000000000003109 ) ) ;
#1620 = CARTESIAN_POINT ( 'NONE',  ( 39.19999999999998863, -4.891742202505601433, 3.499999999999999556 ) ) ;
#1621 = CARTESIAN_POINT ( 'NONE',  ( 25.87179487179486159, -9.462054702505605874, 4.000000000000003553 ) ) ;
#1622 = CARTESIAN_POINT ( 'NONE',  ( 24.43846738818718123, -6.894959635333634651, 3.500000000000006661 ) ) ;
#1623 = ORIENTED_EDGE ( 'NONE', *, *, #7507, .T. ) ;
#1624 = VERTEX_POINT ( 'NONE', #11506 ) ;
#1625 = CARTESIAN_POINT ( 'NONE',  ( 41.19999999999999574, 1.550000000000006262, 2.000000000000001776 ) ) ;
#1626 = ORIENTED_EDGE ( 'NONE', *, *, #2533, .T. ) ;
#1627 = DIRECTION ( 'NONE',  ( 0.000000000000000000, 0.000000000000000000, -1.000000000000000000 ) ) ;
#1628 = EDGE_LOOP ( 'NONE', ( #11277, #8479 ) ) ;
#1629 = SHAPE_DEFINITION_REPRESENTATION ( #1798, #11679 ) ;
#1630 = ORIENTED_EDGE ( 'NONE', *, *, #1047, .F. ) ;
#1631 = ORIENTED_EDGE ( 'NONE', *, *, #8593, .T. ) ;
#1632 = LINE ( 'NONE', #8950, #7819 ) ;
#1633 = CARTESIAN_POINT ( 'NONE',  ( -9.199999999999999289, 7.050000000000000711, 9.150000000000002132 ) ) ;
#1634 = CARTESIAN_POINT ( 'NONE',  ( 23.37310137713735259, -9.322794986139154361, 4.000000000000000000 ) ) ;
#1635 = VERTEX_POINT ( 'NONE', #11563 ) ;
#1636 = CARTESIAN_POINT ( 'NONE',  ( -25.99999999999999289, -10.45000000000001172, 2.000000000000000000 ) ) ;
#1637 = ORIENTED_EDGE ( 'NONE', *, *, #8550, .T. ) ;
#1638 = VECTOR ( 'NONE', #11617, 1000.000000000000000 ) ;
#1639 = ORIENTED_EDGE ( 'NONE', *, *, #7482, .T. ) ;
#1640 = EDGE_CURVE ( 'NONE', #3624, #11897, #3227, .T. ) ;
#1641 = CARTESIAN_POINT ( 'NONE',  ( 27.73076923076922640, -13.39234316404406400, 3.499999999999996003 ) ) ;
#1642 = ORIENTED_EDGE ( 'NONE', *, *, #1041, .T. ) ;
#1643 = CIRCLE ( 'NONE', #4711, 1.100000000000000311 ) ;
#1644 = ORIENTED_EDGE ( 'NONE', *, *, #8034, .F. ) ;
#1645 = CARTESIAN_POINT ( 'NONE',  ( 24.72731782444544635, -14.00286373009813090, 4.000000000000000000 ) ) ;
#1646 = VECTOR ( 'NONE', #2343, 1000.000000000000000 ) ;
#1647 = PLANE ( 'NONE',  #8727 ) ;
#1648 = ORIENTED_EDGE ( 'NONE', *, *, #433, .T. ) ;
#1649 = EDGE_CURVE ( 'NONE', #10630, #3345, #9111, .T. ) ;
#1650 = ORIENTED_EDGE ( 'NONE', *, *, #9933, .T. ) ;
#1651 = DIRECTION ( 'NONE',  ( -0.000000000000000000, -0.000000000000000000, -1.000000000000000000 ) ) ;
#1652 = EDGE_CURVE ( 'NONE', #11460, #4825, #6923, .T. ) ;
#1653 = CIRCLE ( 'NONE', #9874, 2.624999999999998668 ) ;
#1654 = DIRECTION ( 'NONE',  ( 1.000000000000000000, 0.000000000000000000, 0.000000000000000000 ) ) ;
#1655 = CIRCLE ( 'NONE', #872, 0.9499999999999995115 ) ;
#1656 = FACE_OUTER_BOUND ( 'NONE', #9900, .T. ) ;
#1657 = DIRECTION ( 'NONE',  ( 5.782411586589359857E-17, 1.000000000000000000, -0.000000000000000000 ) ) ;
#1658 = DIRECTION ( 'NONE',  ( -1.000000000000000000, 0.000000000000000000, 0.000000000000000000 ) ) ;
#1659 = EDGE_LOOP ( 'NONE', ( #8884, #274, #4328, #10680, #619 ) ) ;
#1660 = CARTESIAN_POINT ( 'NONE',  ( 25.82766509817887979, -9.234973947708239095, 3.500000000000003109 ) ) ;
#1661 = EDGE_CURVE ( 'NONE', #1599, #8680, #1075, .T. ) ;
#1662 = EDGE_CURVE ( 'NONE', #10636, #5275, #10590, .T. ) ;
#1663 = VECTOR ( 'NONE', #7278, 1000.000000000000000 ) ;
#1664 = LINE ( 'NONE', #869, #5563 ) ;
#1665 = CARTESIAN_POINT ( 'NONE',  ( 24.61278044871794179, -13.94021976660816620, 3.500000000000003109 ) ) ;
#1666 = CARTESIAN_POINT ( 'NONE',  ( 25.99999999999999289, 7.050000000000004263, 1.799999999999999600 ) ) ;
#1667 = CARTESIAN_POINT ( 'NONE',  ( 23.37402939801983592, -13.52846469128273199, 3.499999999999999556 ) ) ;
#1668 = VECTOR ( 'NONE', #10200, 1000.000000000000114 ) ;
#1669 = CARTESIAN_POINT ( 'NONE',  ( 22.99999999999999289, 7.050000000000000711, 8.200000000000002842 ) ) ;
#1670 = CARTESIAN_POINT ( 'NONE',  ( -14.99999999999999645, 11.67493243193886165, 10.09999999999999964 ) ) ;
#1671 = ORIENTED_EDGE ( 'NONE', *, *, #7523, .F. ) ;
#1672 = ORIENTED_EDGE ( 'NONE', *, *, #11042, .F. ) ;
#1673 = CARTESIAN_POINT ( 'NONE',  ( -60.79999999999999005, -18.00000000000000711, 22.01137224000416381 ) ) ;
#1674 = FACE_OUTER_BOUND ( 'NONE', #8385, .T. ) ;
#1675 = EDGE_CURVE ( 'NONE', #2641, #6590, #9616, .T. ) ;
#1676 = CARTESIAN_POINT ( 'NONE',  ( 18.99999999999999645, 44.00000000000000000, 0.000000000000000000 ) ) ;
#1677 = EDGE_CURVE ( 'NONE', #1464, #4056, #1447, .T. ) ;
#1678 = FACE_OUTER_BOUND ( 'NONE', #2474, .T. ) ;
#1679 = VECTOR ( 'NONE', #4412, 1000.000000000000000 ) ;
#1680 = CARTESIAN_POINT ( 'NONE',  ( 25.64974244713856422, -9.948652762880572098, 4.000000000000003553 ) ) ;
#1681 = AXIS2_PLACEMENT_3D ( 'NONE', #1925, #5604, #9247 ) ;
#1682 = CARTESIAN_POINT ( 'NONE',  ( 16.99999999999999645, -5.999999999999992006, 2.500000000000000000 ) ) ;
#1683 = ORIENTED_EDGE ( 'NONE', *, *, #756, .F. ) ;
#1684 = CARTESIAN_POINT ( 'NONE',  ( -18.99999999999999645, 13.54999999999998828, -20.20000000000000284 ) ) ;
#1685 = ORIENTED_EDGE ( 'NONE', *, *, #2918, .F. ) ;
#1686 = LINE ( 'NONE', #11592, #2839 ) ;
#1687 = ORIENTED_EDGE ( 'NONE', *, *, #7290, .F. ) ;
#1688 = FACE_OUTER_BOUND ( 'NONE', #3356, .T. ) ;
#1689 = DIRECTION ( 'NONE',  ( -0.9683134704348019817, 0.2497379085651796893, 0.000000000000000000 ) ) ;
#1690 = DIRECTION ( 'NONE',  ( 0.6451415499424340005, 0.7640630736646509824, 0.000000000000000000 ) ) ;
#1691 = AXIS2_PLACEMENT_3D ( 'NONE', #8404, #11279, #2990 ) ;
#1692 = ADVANCED_FACE ( 'NONE', ( #4126 ), #2366, .F. ) ;
#1693 = UNCERTAINTY_MEASURE_WITH_UNIT (LENGTH_MEASURE( 1.000000000000000082E-05 ), #8852, 'distance_accuracy_value', 'NONE');
#1694 = CARTESIAN_POINT ( 'NONE',  ( 14.99999999999999645, -9.000000000000001776, 10.09999999999999964 ) ) ;
#1695 = CARTESIAN_POINT ( 'NONE',  ( 26.74083238369000171, 4.531708440375467717, 5.999999999999998224 ) ) ;
#1696 = ORIENTED_EDGE ( 'NONE', *, *, #7661, .F. ) ;
#1697 = DIRECTION ( 'NONE',  ( -0.000000000000000000, 1.000000000000000000, -0.000000000000000000 ) ) ;
#1698 = ORIENTED_EDGE ( 'NONE', *, *, #5040, .F. ) ;
#1699 = CARTESIAN_POINT ( 'NONE',  ( 28.11754688168399596, -14.54821537846517998, 3.499999999999992895 ) ) ;
#1700 = VECTOR ( 'NONE', #4401, 1000.000000000000000 ) ;
#1701 = ORIENTED_EDGE ( 'NONE', *, *, #7813, .T. ) ;
#1702 = CARTESIAN_POINT ( 'NONE',  ( 39.19999999999998863, -4.891742202505601433, 4.000000000000000000 ) ) ;
#1703 = ORIENTED_EDGE ( 'NONE', *, *, #10273, .F. ) ;
#1704 = AXIS2_PLACEMENT_3D ( 'NONE', #6712, #3743, #3875 ) ;
#1705 = ORIENTED_EDGE ( 'NONE', *, *, #7520, .T. ) ;
#1706 = AXIS2_PLACEMENT_3D ( 'NONE', #714, #4383, #7131 ) ;
#1707 = LINE ( 'NONE', #9189, #4890 ) ;
#1708 = LINE ( 'NONE', #11227, #7683 ) ;
#1709 = EDGE_CURVE ( 'NONE', #2337, #11803, #3631, .T. ) ;
#1710 = EDGE_CURVE ( 'NONE', #5422, #8970, #8309, .T. ) ;
#1711 = ORIENTED_EDGE ( 'NONE', *, *, #7104, .T. ) ;
#1712 = CARTESIAN_POINT ( 'NONE',  ( 28.03070858826244560, 5.386615609801181925, 3.599999999999999201 ) ) ;
#1713 = AXIS2_PLACEMENT_3D ( 'NONE', #1595, #5321, #10778 ) ;
#1714 = CARTESIAN_POINT ( 'NONE',  ( 25.35897435897435059, -3.994306305069704965, 4.000000000000000000 ) ) ;
#1715 = CARTESIAN_POINT ( 'NONE',  ( -25.99999999999999289, 9.549999999999988276, 1.000000000000000888 ) ) ;
#1716 = VECTOR ( 'NONE', #10882, 1000.000000000000000 ) ;
#1717 = FACE_OUTER_BOUND ( 'NONE', #3619, .T. ) ;
#1718 = ADVANCED_FACE ( 'NONE', ( #7223 ), #1719, .F. ) ;
#1719 = CYLINDRICAL_SURFACE ( 'NONE', #3574, 1.099999999999996758 ) ;
#1720 = DIRECTION ( 'NONE',  ( 1.000000000000000000, 0.000000000000000000, 0.000000000000000000 ) ) ;
#1721 = EDGE_LOOP ( 'NONE', ( #8023, #43, #1512, #10524 ) ) ;
#1722 = CARTESIAN_POINT ( 'NONE',  ( 3.079999999999985416, 24.49999999999999645, 0.5000000000000004441 ) ) ;
#1723 = STYLED_ITEM ( 'NONE', ( #4189 ), #5810 ) ;
#1724 = CARTESIAN_POINT ( 'NONE',  ( 24.71794871794871185, -8.737896048659450798, 4.000000000000003553 ) ) ;
#1725 = EDGE_CURVE ( 'NONE', #2040, #6616, #8088, .T. ) ;
#1726 = ADVANCED_FACE ( 'NONE', ( #9926 ), #2770, .F. ) ;
#1727 = ORIENTED_EDGE ( 'NONE', *, *, #9912, .F. ) ;
#1728 = DIRECTION ( 'NONE',  ( -1.000000000000000000, 0.000000000000000000, 0.000000000000000000 ) ) ;
#1729 = LINE ( 'NONE', #6102, #7450 ) ;
#1730 = ORIENTED_EDGE ( 'NONE', *, *, #6125, .T. ) ;
#1731 = CARTESIAN_POINT ( 'NONE',  ( 9.199999999999995737, 18.00000000000000000, 10.09999999999999964 ) ) ;
#1732 = LINE ( 'NONE', #5632, #11853 ) ;
#1733 = DIRECTION ( 'NONE',  ( -4.443617302310771409E-13, -1.241458724203378737E-13, 1.000000000000000000 ) ) ;
#1734 = FACE_OUTER_BOUND ( 'NONE', #7926, .T. ) ;
#1735 = DIRECTION ( 'NONE',  ( -0.3214017469878684419, -0.9469429323001181675, 0.000000000000000000 ) ) ;
#1736 = DIRECTION ( 'NONE',  ( 0.000000000000000000, -0.000000000000000000, -1.000000000000000000 ) ) ;
#1737 = DIRECTION ( 'NONE',  ( 0.000000000000000000, 0.000000000000000000, 1.000000000000000000 ) ) ;
#1738 = CARTESIAN_POINT ( 'NONE',  ( 25.85859516301805172, -9.599238241775243097, 4.000000000000000000 ) ) ;
#1739 = CARTESIAN_POINT ( 'NONE',  ( 23.44867934338420667, 7.667566115590556564, 3.599999999999999201 ) ) ;
#1740 = AXIS2_PLACEMENT_3D ( 'NONE', #7393, #9138, #4723 ) ;
#1741 = ORIENTED_EDGE ( 'NONE', *, *, #10650, .F. ) ;
#1742 = VERTEX_POINT ( 'NONE', #4428 ) ;
#1743 = DIRECTION ( 'NONE',  ( -1.000000000000000000, 0.000000000000000000, 0.000000000000000000 ) ) ;
#1744 = EDGE_CURVE ( 'NONE', #9848, #10833, #10033, .T. ) ;
#1745 = ORIENTED_EDGE ( 'NONE', *, *, #8250, .T. ) ;
#1746 = DIRECTION ( 'NONE',  ( 0.000000000000000000, 0.000000000000000000, -1.000000000000000000 ) ) ;
#1747 = ORIENTED_EDGE ( 'NONE', *, *, #9624, .F. ) ;
#1748 = LINE ( 'NONE', #9106, #8206 ) ;
#1749 = LINE ( 'NONE', #3602, #150 ) ;
#1750 = DIRECTION ( 'NONE',  ( 0.000000000000000000, 0.000000000000000000, -1.000000000000000000 ) ) ;
#1751 = AXIS2_PLACEMENT_3D ( 'NONE', #11369, #6681, #11429 ) ;
#1752 = EDGE_CURVE ( 'NONE', #4774, #2345, #8249, .T. ) ;
#1753 = ORIENTED_EDGE ( 'NONE', *, *, #12, .T. ) ;
#1754 = FACE_OUTER_BOUND ( 'NONE', #1271, .T. ) ;
#1755 = CARTESIAN_POINT ( 'NONE',  ( 27.73076923076922640, -13.39234316404406400, 3.500000000000003109 ) ) ;
#1756 = ORIENTED_EDGE ( 'NONE', *, *, #2276, .F. ) ;
#1757 = CARTESIAN_POINT ( 'NONE',  ( -15.00000000000001066, 19.99999999999999645, 0.000000000000000000 ) ) ;
#1758 = ORIENTED_EDGE ( 'NONE', *, *, #3795, .F. ) ;
#1759 = CARTESIAN_POINT ( 'NONE',  ( 25.99799679487178850, -14.18661399737739792, 3.500000000000006661 ) ) ;
#1760 = AXIS2_PLACEMENT_3D ( 'NONE', #10055, #8329, #7538 ) ;
#1761 = EDGE_CURVE ( 'NONE', #6590, #10718, #981, .T. ) ;
#1762 = CARTESIAN_POINT ( 'NONE',  ( 24.52564102564101844, -4.891742202505601433, 3.499999999999999556 ) ) ;
#1763 = VERTEX_POINT ( 'NONE', #11762 ) ;
#1764 = CIRCLE ( 'NONE', #9232, 2.624999999999998668 ) ;
#1765 = DIRECTION ( 'NONE',  ( 0.000000000000000000, 1.000000000000000000, 0.000000000000000000 ) ) ;
#1766 = CARTESIAN_POINT ( 'NONE',  ( 3.079999999999985416, 24.49999999999999645, 0.5000000000000004441 ) ) ;
#1767 = CARTESIAN_POINT ( 'NONE',  ( -16.99999999999999289, 4.050000000000001599, 16.42455532033675780 ) ) ;
#1768 = EDGE_LOOP ( 'NONE', ( #10178, #3156, #2514, #3388 ) ) ;
#1769 = CARTESIAN_POINT ( 'NONE',  ( 23.63197125389671882, -12.47754346127694092, 3.499999999999999556 ) ) ;
#1770 = VECTOR ( 'NONE', #5834, 1000.000000000000114 ) ;
#1771 = DIRECTION ( 'NONE',  ( 1.000000000000000000, 0.000000000000000000, 0.000000000000000000 ) ) ;
#1772 = CARTESIAN_POINT ( 'NONE',  ( 31.69999999999999218, -5.999999999999988454, 0.000000000000000000 ) ) ;
#1773 = DIRECTION ( 'NONE',  ( 0.9926170934246469901, 0.1212901720717943777, 0.000000000000000000 ) ) ;
#1774 = CARTESIAN_POINT ( 'NONE',  ( 39.19999999999998863, -18.00000000000000000, 4.000000000000000000 ) ) ;
#1775 = ORIENTED_EDGE ( 'NONE', *, *, #10895, .F. ) ;
#1776 = LINE ( 'NONE', #9870, #7325 ) ;
#1777 = AXIS2_PLACEMENT_3D ( 'NONE', #7295, #40, #1898 ) ;
#1778 = DIRECTION ( 'NONE',  ( 0.000000000000000000, 0.000000000000000000, 1.000000000000000000 ) ) ;
#1779 = FACE_OUTER_BOUND ( 'NONE', #2392, .T. ) ;
#1780 = CARTESIAN_POINT ( 'NONE',  ( 22.99999999999999289, 7.050000000000000711, 7.250000000000002665 ) ) ;
#1781 = DIRECTION ( 'NONE',  ( -0.000000000000000000, -0.000000000000000000, 1.000000000000000000 ) ) ;
#1782 = LINE ( 'NONE', #9936, #5480 ) ;
#1783 = CARTESIAN_POINT ( 'NONE',  ( 24.99445559673451811, -10.14672291529439008, 3.500000000000003109 ) ) ;
#1784 = VECTOR ( 'NONE', #5076, 1000.000000000000000 ) ;
#1785 = DIRECTION ( 'NONE',  ( 1.000000000000000000, -0.000000000000000000, -0.000000000000000000 ) ) ;
#1786 = CARTESIAN_POINT ( 'NONE',  ( -59.10000000000000142, 9.549999999999984723, -3.111269837220808299 ) ) ;
#1787 = CARTESIAN_POINT ( 'NONE',  ( -81.99999999999998579, 9.549999999999984723, -3.111269837220808299 ) ) ;
#1788 = EDGE_CURVE ( 'NONE', #10086, #4269, #9078, .T. ) ;
#1789 = CARTESIAN_POINT ( 'NONE',  ( 25.96563981162524826, 4.425224890118234278, 6.811805131996955254 ) ) ;
#1790 = CARTESIAN_POINT ( 'NONE',  ( 31.69999999999999218, -15.00000000000000000, 2.000000000000001776 ) ) ;
#1791 = DIRECTION ( 'NONE',  ( 1.000000000000000000, 0.000000000000000000, 0.000000000000000000 ) ) ;
#1792 = VERTEX_POINT ( 'NONE', #10834 ) ;
#1793 = ORIENTED_EDGE ( 'NONE', *, *, #1474, .F. ) ;
#1794 = CARTESIAN_POINT ( 'NONE',  ( -24.89999999999999147, -10.45000000000001172, 0.000000000000000000 ) ) ;
#1795 = CARTESIAN_POINT ( 'NONE',  ( 20.99999999999998934, -10.44999999999999751, 2.000000000000001776 ) ) ;
#1796 = ORIENTED_EDGE ( 'NONE', *, *, #6726, .T. ) ;
#1797 = CARTESIAN_POINT ( 'NONE',  ( -18.99999999999999645, 37.54999999999998295, 1.000000000000002665 ) ) ;
#1798 = PRODUCT_DEFINITION_SHAPE ( 'NONE', 'NONE',  #1403 ) ;
#1799 = ORIENTED_EDGE ( 'NONE', *, *, #6558, .F. ) ;
#1800 = CARTESIAN_POINT ( 'NONE',  ( 20.99999999999998934, -17.99999999999999645, 0.000000000000000000 ) ) ;
#1801 = LINE ( 'NONE', #11103, #3310 ) ;
#1802 = EDGE_CURVE ( 'NONE', #3624, #5997, #5386, .T. ) ;
#1803 = FACE_OUTER_BOUND ( 'NONE', #1269, .T. ) ;
#1804 = ORIENTED_EDGE ( 'NONE', *, *, #1999, .F. ) ;
#1805 = CARTESIAN_POINT ( 'NONE',  ( 16.99999999999999645, -17.99999999999999289, 5.000000000000000000 ) ) ;
#1806 = ORIENTED_EDGE ( 'NONE', *, *, #7235, .T. ) ;
#1807 = CARTESIAN_POINT ( 'NONE',  ( 24.54657823142235884, -12.86471417993600497, 4.000000000000015099 ) ) ;
#1808 = CARTESIAN_POINT ( 'NONE',  ( 27.26747013064311531, 8.909037242211006458, 5.999999999999998224 ) ) ;
#1809 = CYLINDRICAL_SURFACE ( 'NONE', #330, 2.624999999999998668 ) ;
#1810 = ORIENTED_EDGE ( 'NONE', *, *, #3921, .T. ) ;
#1811 = EDGE_CURVE ( 'NONE', #3636, #11266, #760, .T. ) ;
#1812 = MANIFOLD_SOLID_BREP ( 'Body-Move/Copy4', #10225 ) ;
#1813 = AXIS2_PLACEMENT_3D ( 'NONE', #2076, #2311, #9389 ) ;
#1814 = ORIENTED_EDGE ( 'NONE', *, *, #11125, .T. ) ;
#1815 = PLANE ( 'NONE',  #2589 ) ;
#1816 = ORIENTED_EDGE ( 'NONE', *, *, #1860, .T. ) ;
#1817 = VECTOR ( 'NONE', #10069, 1000.000000000000000 ) ;
#1818 = CARTESIAN_POINT ( 'NONE',  ( 25.08148573214197086, -11.73615054760315068, 3.499999999999996003 ) ) ;
#1819 = PLANE ( 'NONE',  #11437 ) ;
#1820 = FACE_BOUND ( 'NONE', #3662, .T. ) ;
#1821 = EDGE_LOOP ( 'NONE', ( #7539, #3668, #6458, #9158 ) ) ;
#1822 = CARTESIAN_POINT ( 'NONE',  ( -18.99999999999999645, 25.54999999999999361, 1.734723475976807094E-15 ) ) ;
#1823 = VECTOR ( 'NONE', #1039, 1000.000000000000000 ) ;
#1824 = LINE ( 'NONE', #9082, #965 ) ;
#1825 = CARTESIAN_POINT ( 'NONE',  ( 16.99999999999999645, -2.999999999999992450, 5.000000000000000000 ) ) ;
#1826 = ORIENTED_EDGE ( 'NONE', *, *, #7493, .F. ) ;
#1827 = PLANE ( 'NONE',  #11302 ) ;
#1828 = VECTOR ( 'NONE', #11004, 1000.000000000000000 ) ;
#1829 = CARTESIAN_POINT ( 'NONE',  ( 25.99999999999999289, 7.050000000000004263, 5.999999999999998224 ) ) ;
#1830 = CARTESIAN_POINT ( 'NONE',  ( 9.199999999999995737, 18.00000000000000000, 2.000000000000000000 ) ) ;
#1831 = EDGE_LOOP ( 'NONE', ( #10861, #2327, #9715, #8633 ) ) ;
#1832 = LINE ( 'NONE', #9089, #10100 ) ;
#1833 = LINE ( 'NONE', #3649, #2867 ) ;
#1834 = ADVANCED_FACE ( 'NONE', ( #8441 ), #11573, .T. ) ;
#1835 = ORIENTED_EDGE ( 'NONE', *, *, #7729, .F. ) ;
#1836 = DIRECTION ( 'NONE',  ( 0.000000000000000000, -0.000000000000000000, -1.000000000000000000 ) ) ;
#1837 = CARTESIAN_POINT ( 'NONE',  ( -18.99999999999999645, 25.54999999999999361, -20.20000000000000284 ) ) ;
#1838 = DIRECTION ( 'NONE',  ( 1.000000000000000000, 0.000000000000000000, 0.000000000000000000 ) ) ;
#1839 = EDGE_LOOP ( 'NONE', ( #3990, #3364, #11399, #127 ) ) ;
#1840 = CARTESIAN_POINT ( 'NONE',  ( 25.66465490110361358, 4.825130640993461562, 3.599999999999999201 ) ) ;
#1841 = CARTESIAN_POINT ( 'NONE',  ( 23.92644495765434343, 5.440343363830996815, 5.999999999999998224 ) ) ;
#1842 = VERTEX_POINT ( 'NONE', #3461 ) ;
#1843 = LINE ( 'NONE', #5521, #3044 ) ;
#1844 = EDGE_CURVE ( 'NONE', #7351, #4665, #6433, .T. ) ;
#1845 = VERTEX_POINT ( 'NONE', #2360 ) ;
#1846 = APPLICATION_PROTOCOL_DEFINITION ( 'draft international standard', 'automotive_design', 1998, #5055 ) ;
#1847 = DIRECTION ( 'NONE',  ( 0.000000000000000000, 0.000000000000000000, 1.000000000000000000 ) ) ;
#1848 = CARTESIAN_POINT ( 'NONE',  ( 39.19999999999998863, 1.550000000000006484, 1.025000000000002354 ) ) ;
#1849 = AXIS2_PLACEMENT_3D ( 'NONE', #91, #3769, #4069 ) ;
#1850 = DIRECTION ( 'NONE',  ( -0.000000000000000000, -0.000000000000000000, 1.000000000000000000 ) ) ;
#1851 = CARTESIAN_POINT ( 'NONE',  ( 25.99999999999999289, 7.050000000000004263, 3.599999999999999201 ) ) ;
#1852 = EDGE_CURVE ( 'NONE', #1990, #6953, #7764, .T. ) ;
#1853 = CARTESIAN_POINT ( 'NONE',  ( 23.44142414705410360, -6.698237938740722264, 4.000000000000000000 ) ) ;
#1854 = ORIENTED_EDGE ( 'NONE', *, *, #10835, .F. ) ;
#1855 = CYLINDRICAL_SURFACE ( 'NONE', #7054, 0.9749999999999993117 ) ;
#1856 = ORIENTED_EDGE ( 'NONE', *, *, #3647, .F. ) ;
#1857 = CARTESIAN_POINT ( 'NONE',  ( 25.71879434155228239, -12.58671603821862561, 4.000000000000018652 ) ) ;
#1858 = AXIS2_PLACEMENT_3D ( 'NONE', #3424, #2513, #9002 ) ;
#1859 = B_SPLINE_CURVE_WITH_KNOTS ( 'NONE', 3,
 ( #856, #7377, #971, #7211, #4708, #11, #8301, #10144, #10881, #9967, #1868 ),
 .UNSPECIFIED., .F., .F.,
 ( 4, 1, 1, 1, 1, 1, 1, 1, 4 ),
 ( 0.000000000000000000, 0.1240354330026164770, 0.2428459548115297351, 0.3603416824496157855, 0.4790424316556554651, 0.5993341100427890256, 0.7254884757708269793, 0.8585494285274635207, 1.000000000000000000 ),
 .UNSPECIFIED. ) ;
#1860 = EDGE_CURVE ( 'NONE', #790, #5424, #10522, .T. ) ;
#1861 = ADVANCED_FACE ( 'NONE', ( #7041 ), #6026, .F. ) ;
#1862 = EDGE_CURVE ( 'NONE', #2337, #5657, #7891, .T. ) ;
#1863 = AXIS2_PLACEMENT_3D ( 'NONE', #6740, #9431, #3196 ) ;
#1864 = CARTESIAN_POINT ( 'NONE',  ( 25.17083239041450327, -14.12707046254419474, 3.500000000000003109 ) ) ;
#1865 = ORIENTED_EDGE ( 'NONE', *, *, #538, .F. ) ;
#1866 = CARTESIAN_POINT ( 'NONE',  ( 25.81807385871436722, -9.727371703594043240, 4.000000000000007105 ) ) ;
#1867 = VERTEX_POINT ( 'NONE', #9803 ) ;
#1868 = CARTESIAN_POINT ( 'NONE',  ( 24.61278044871794179, -13.94021976660816620, 3.500000000000003109 ) ) ;
#1869 = VECTOR ( 'NONE', #3482, 1000.000000000000000 ) ;
#1870 = AXIS2_PLACEMENT_3D ( 'NONE', #11735, #843, #7016 ) ;
#1871 = EDGE_CURVE ( 'NONE', #2696, #9311, #1462, .T. ) ;
#1872 = EDGE_LOOP ( 'NONE', ( #5361, #10682 ) ) ;
#1873 = ORIENTED_EDGE ( 'NONE', *, *, #7813, .F. ) ;
#1874 = CARTESIAN_POINT ( 'NONE',  ( 24.43503661274171890, -10.92580183226457891, 3.999999999999996447 ) ) ;
#1875 = CARTESIAN_POINT ( 'NONE',  ( -74.51999999999999602, 1.999999999999986233, 0.1999999999999918510 ) ) ;
#1876 = CIRCLE ( 'NONE', #10891, 2.250000000000001776 ) ;
#1877 = CIRCLE ( 'NONE', #352, 2.624999999999998668 ) ;
#1878 = CARTESIAN_POINT ( 'NONE',  ( 9.199999999999995737, -12.00000000000000000, -5.045565981523414401 ) ) ;
#1879 = FACE_OUTER_BOUND ( 'NONE', #5104, .T. ) ;
#1880 = EDGE_LOOP ( 'NONE', ( #7381, #193, #9688, #11645 ) ) ;
#1881 = ADVANCED_FACE ( 'NONE', ( #696 ), #2426, .T. ) ;
#1882 = DIRECTION ( 'NONE',  ( 0.000000000000000000, 0.000000000000000000, 1.000000000000000000 ) ) ;
#1883 = CARTESIAN_POINT ( 'NONE',  ( -18.99999999999999645, 25.54999999999999361, 1.734723475976807094E-15 ) ) ;
#1884 = CYLINDRICAL_SURFACE ( 'NONE', #9339, 2.250000000000001776 ) ;
#1885 = B_SPLINE_SURFACE_WITH_KNOTS ( 'NONE', 3, 1, ( 
 ( #8682, #6702 ),
 ( #6931, #2251 ),
 ( #10360, #462 ),
 ( #2142, #283 ),
 ( #5925, #9627 ),
 ( #1364, #9444 ),
 ( #6756, #1239 ),
 ( #5815, #344 ),
 ( #5024, #7780 ),
 ( #2198, #6043 ),
 ( #3215, #9503 ) ),
 .UNSPECIFIED., .F., .F., .F.,
 ( 4, 1, 1, 1, 1, 1, 1, 1, 4 ),
 ( 2, 2 ),
 ( 0.000000000000000000, 0.1610658343667284997, 0.3107786020643439340, 0.4498890489726596331, 0.5782757976059885729, 0.6966271750068687707, 0.8059936940939381733, 0.9065647718062156413, 1.000000000000000000 ),
 ( 0.000000000000000000, 1.000000000000000000 ),
 .UNSPECIFIED. ) ;
#1886 = CARTESIAN_POINT ( 'NONE',  ( -52.99999999999998579, -18.00000000000001066, 0.000000000000000000 ) ) ;
#1887 = VECTOR ( 'NONE', #8138, 1000.000000000000000 ) ;
#1888 = B_SPLINE_CURVE_WITH_KNOTS ( 'NONE', 3,
 ( #877, #4728, #8381, #3836, #1998, #5685, #2968, #9325, #4788, #6628, #10284, #5442, #9087, #7648, #7585, #7833, #271, #5855, #8610, #6919, #6689, #386, #10523, #3081, #6861, #9380, #11322 ),
 .UNSPECIFIED., .F., .F.,
 ( 4, 1, 1, 1, 1, 1, 1, 1, 1, 1, 1, 1, 1, 1, 1, 1, 1, 1, 1, 1, 1, 1, 1, 1, 4 ),
 ( 0.000000000000000000, 0.03662864639230616060, 0.07202170524524843798, 0.1066077978238736540, 0.1402817809553495720, 0.1735898796805009914, 0.2063904904366576643, 0.2392744174985869110, 0.2720846989590902099, 0.3050360901861425278, 0.3385128265642535772, 0.3725941710793056472, 0.4076935718855413948, 0.4438580630750675327, 0.4814442591193112131, 0.5202391350467975295, 0.5610320860075223015, 0.6041364360509975384, 0.6501785507834917377, 0.6996677785668725669, 0.7524047451481803428, 0.8088213064168180422, 0.8689765472924569911, 0.9326861945134100607, 1.000000000000000000 ),
 .UNSPECIFIED. ) ;
#1889 = CARTESIAN_POINT ( 'NONE',  ( 39.19999999999998863, 37.55000000000001137, 2.975000000000000977 ) ) ;
#1890 = ORIENTED_EDGE ( 'NONE', *, *, #9413, .T. ) ;
#1891 = FACE_OUTER_BOUND ( 'NONE', #9790, .T. ) ;
#1892 = CARTESIAN_POINT ( 'NONE',  ( 24.49593174356454028, -9.939044936421510101, 3.499999999999999556 ) ) ;
#1893 = EDGE_LOOP ( 'NONE', ( #10645, #3442, #6884, #6070 ) ) ;
#1894 = DIRECTION ( 'NONE',  ( 1.000000000000000000, 0.000000000000000000, 0.000000000000000000 ) ) ;
#1895 = DIRECTION ( 'NONE',  ( 0.000000000000000000, -1.000000000000000000, 0.000000000000000000 ) ) ;
#1896 = CARTESIAN_POINT ( 'NONE',  ( 26.50841908965827898, -10.38668280141953382, 4.000000000000003553 ) ) ;
#1897 = VECTOR ( 'NONE', #1011, 1000.000000000000000 ) ;
#1898 = DIRECTION ( 'NONE',  ( 1.000000000000000000, 0.000000000000000000, -0.000000000000000000 ) ) ;
#1899 = DIRECTION ( 'NONE',  ( -0.000000000000000000, 0.000000000000000000, 1.000000000000000000 ) ) ;
#1900 = CARTESIAN_POINT ( 'NONE',  ( 24.85821177155054329, -14.05182327067937642, 4.000000000000000000 ) ) ;
#1901 = EDGE_LOOP ( 'NONE', ( #3360, #6131, #9021, #5234, #5220, #8597, #11134, #431 ) ) ;
#1902 = ORIENTED_EDGE ( 'NONE', *, *, #10311, .T. ) ;
#1903 = CARTESIAN_POINT ( 'NONE',  ( 39.19999999999998863, -4.891742202505601433, 3.499999999999999556 ) ) ;
#1904 = FACE_OUTER_BOUND ( 'NONE', #7355, .T. ) ;
#1905 = DIRECTION ( 'NONE',  ( -1.541976423090496126E-16, -1.000000000000000000, 0.000000000000000000 ) ) ;
#1906 = VECTOR ( 'NONE', #1121, 1000.000000000000000 ) ;
#1907 = EDGE_CURVE ( 'NONE', #7099, #6899, #4349, .T. ) ;
#1908 = VERTEX_POINT ( 'NONE', #11435 ) ;
#1909 = ORIENTED_EDGE ( 'NONE', *, *, #2603, .T. ) ;
#1910 = FACE_OUTER_BOUND ( 'NONE', #6876, .T. ) ;
#1911 = CARTESIAN_POINT ( 'NONE',  ( 25.91986255373332071, -14.18577523057806999, 4.000000000000000000 ) ) ;
#1912 = CARTESIAN_POINT ( 'NONE',  ( 0.000000000000000000, 0.000000000000000000, 5.000000000000000000 ) ) ;
#1913 = FACE_OUTER_BOUND ( 'NONE', #294, .T. ) ;
#1914 = APPLICATION_CONTEXT ( 'automotive_design' ) ;
#1915 = CIRCLE ( 'NONE', #3068, 2.624999999999998668 ) ;
#1916 = CARTESIAN_POINT ( 'NONE',  ( 28.24370854365764671, 7.218142710569483533, 3.599999999999999201 ) ) ;
#1917 = EDGE_CURVE ( 'NONE', #1251, #2584, #6860, .T. ) ;
#1918 = EDGE_CURVE ( 'NONE', #9311, #6657, #11625, .T. ) ;
#1919 = ORIENTED_EDGE ( 'NONE', *, *, #2912, .F. ) ;
#1920 = LINE ( 'NONE', #11107, #10355 ) ;
#1921 = ORIENTED_EDGE ( 'NONE', *, *, #10666, .F. ) ;
#1922 = CARTESIAN_POINT ( 'NONE',  ( 26.76741761766096062, -9.455802592189012756, 3.499999999999992895 ) ) ;
#1923 = VECTOR ( 'NONE', #2422, 1000.000000000000000 ) ;
#1924 = PLANE ( 'NONE',  #8370 ) ;
#1925 = CARTESIAN_POINT ( 'NONE',  ( 0.000000000000000000, 0.000000000000000000, 3.500000000000000000 ) ) ;
#1926 = ORIENTED_EDGE ( 'NONE', *, *, #1662, .F. ) ;
#1927 = CYLINDRICAL_SURFACE ( 'NONE', #2006, 1.100000000000003642 ) ;
#1928 = DIRECTION ( 'NONE',  ( 0.7071067811865441310, 0.000000000000000000, -0.7071067811865507924 ) ) ;
#1929 = EDGE_CURVE ( 'NONE', #10817, #6546, #2299, .T. ) ;
#1930 = AXIS2_PLACEMENT_3D ( 'NONE', #8967, #5253, #7945 ) ;
#1931 = EDGE_LOOP ( 'NONE', ( #8824, #10413, #3903, #9061 ) ) ;
#1932 = EDGE_LOOP ( 'NONE', ( #10254, #7502, #6001, #9595 ) ) ;
#1933 = ORIENTED_EDGE ( 'NONE', *, *, #18, .T. ) ;
#1934 = CARTESIAN_POINT ( 'NONE',  ( 25.71611859169119185, -11.68804541384623263, 3.499999999999996003 ) ) ;
#1935 = LINE ( 'NONE', #9312, #7388 ) ;
#1936 = ORIENTED_EDGE ( 'NONE', *, *, #997, .F. ) ;
#1937 = DIRECTION ( 'NONE',  ( 0.000000000000000000, -0.000000000000000000, -1.000000000000000000 ) ) ;
#1938 = CARTESIAN_POINT ( 'NONE',  ( -47.19999999999998863, -8.673617379884035472E-15, 0.000000000000000000 ) ) ;
#1939 = LINE ( 'NONE', #1106, #7157 ) ;
#1940 = EDGE_CURVE ( 'NONE', #1560, #3551, #10648, .T. ) ;
#1941 = CARTESIAN_POINT ( 'NONE',  ( 24.44492171118373847, -8.940043188326576740, 4.000000000000003553 ) ) ;
#1942 = ORIENTED_EDGE ( 'NONE', *, *, #6365, .T. ) ;
#1943 = CIRCLE ( 'NONE', #8280, 0.9499999999999995115 ) ;
#1944 = CARTESIAN_POINT ( 'NONE',  ( 23.43777264554763917, -6.554197172767505464, 3.499999999999996003 ) ) ;
#1945 = DIRECTION ( 'NONE',  ( 1.000000000000000000, 0.000000000000000000, 0.000000000000000000 ) ) ;
#1946 = ADVANCED_FACE ( 'NONE', ( #7113 ), #10779, .F. ) ;
#1947 = ORIENTED_EDGE ( 'NONE', *, *, #3361, .F. ) ;
#1948 = CARTESIAN_POINT ( 'NONE',  ( 24.61782687271258396, -10.03080475820110173, 3.500000000000006661 ) ) ;
#1949 = ORIENTED_EDGE ( 'NONE', *, *, #9786, .T. ) ;
#1950 = DIRECTION ( 'NONE',  ( 0.000000000000000000, 0.000000000000000000, 1.000000000000000000 ) ) ;
#1951 = CARTESIAN_POINT ( 'NONE',  ( 27.94855715851499056, 5.925000000000022027, 3.599999999999999201 ) ) ;
#1952 = VECTOR ( 'NONE', #6864, 1000.000000000000000 ) ;
#1953 = PLANE ( 'NONE',  #11554 ) ;
#1954 = ADVANCED_FACE ( 'NONE', ( #7275 ), #2659, .F. ) ;
#1955 = DIRECTION ( 'NONE',  ( -0.000000000000000000, 1.000000000000000000, 0.000000000000000000 ) ) ;
#1956 = VERTEX_POINT ( 'NONE', #7220 ) ;
#1957 = ORIENTED_EDGE ( 'NONE', *, *, #5683, .T. ) ;
#1958 = LINE ( 'NONE', #11093, #8576 ) ;
#1959 = CARTESIAN_POINT ( 'NONE',  ( 24.13849828701315658, -10.77376762013181200, 3.500000000000003109 ) ) ;
#1960 = AXIS2_PLACEMENT_3D ( 'NONE', #6896, #483, #7866 ) ;
#1961 = ORIENTED_EDGE ( 'NONE', *, *, #3806, .T. ) ;
#1962 = ORIENTED_EDGE ( 'NONE', *, *, #4658, .F. ) ;
#1963 = LINE ( 'NONE', #11904, #6844 ) ;
#1964 = FACE_BOUND ( 'NONE', #4862, .T. ) ;
#1965 = DIRECTION ( 'NONE',  ( 1.000000000000000000, 0.000000000000000000, -0.000000000000000000 ) ) ;
#1966 = VECTOR ( 'NONE', #3469, 1000.000000000000000 ) ;
#1967 = PLANE ( 'NONE',  #2897 ) ;
#1968 = ORIENTED_EDGE ( 'NONE', *, *, #242, .F. ) ;
#1969 = CARTESIAN_POINT ( 'NONE',  ( 25.99799679487178850, -15.08404989481329572, 3.999999999999998224 ) ) ;
#1970 = DIRECTION ( 'NONE',  ( 1.000000000000000000, 0.000000000000000000, 0.000000000000000000 ) ) ;
#1971 = ORIENTED_EDGE ( 'NONE', *, *, #116, .F. ) ;
#1972 = ORIENTED_EDGE ( 'NONE', *, *, #800, .T. ) ;
#1973 = CARTESIAN_POINT ( 'NONE',  ( 39.19999999999998863, -1.878921689685088880, 4.000000000000000000 ) ) ;
#1974 = DIRECTION ( 'NONE',  ( -1.000000000000000000, 0.000000000000000000, 0.000000000000000000 ) ) ;
#1975 = DIRECTION ( 'NONE',  ( 0.000000000000000000, -1.000000000000000000, 0.000000000000000000 ) ) ;
#1976 = PLANE ( 'NONE',  #5800 ) ;
#1977 = DIRECTION ( 'NONE',  ( 1.000000000000000000, 0.000000000000000000, 0.000000000000000000 ) ) ;
#1978 = DIRECTION ( 'NONE',  ( -1.000000000000000000, 0.000000000000000000, 0.000000000000000000 ) ) ;
#1979 = ORIENTED_EDGE ( 'NONE', *, *, #5710, .T. ) ;
#1980 = CARTESIAN_POINT ( 'NONE',  ( 14.99999999999999645, 12.09999999999999964, 43.16681497923994471 ) ) ;
#1981 = EDGE_CURVE ( 'NONE', #8287, #8081, #2026, .T. ) ;
#1982 = EDGE_CURVE ( 'NONE', #7083, #786, #9862, .T. ) ;
#1983 = PLANE ( 'NONE',  #4828 ) ;
#1984 = CARTESIAN_POINT ( 'NONE',  ( 3.079999999999985416, 19.99999999999999645, 0.5000000000000004441 ) ) ;
#1985 = DIRECTION ( 'NONE',  ( -0.000000000000000000, -0.000000000000000000, -1.000000000000000000 ) ) ;
#1986 = EDGE_CURVE ( 'NONE', #7865, #5731, #6378, .T. ) ;
#1987 = CARTESIAN_POINT ( 'NONE',  ( -84.99999999999998579, 11.99999999999998579, 1.000000000000000888 ) ) ;
#1988 = CLOSED_SHELL ( 'NONE', ( #3127, #6938, #3057, #2372, #1491, #10446, #11799, #11800, #7663, #1194, #10854, #1592, #10210, #9270, #4142, #7420, #889, #9950, #10447, #5257, #9897, #4667, #4617, #8117, #1281, #9320, #6720, #10205, #2862, #782, #9798, #10752, #1250, #1109, #487, #4971, #3183, #10997, #2373, #9119, #6412, #5322, #10090, #8343, #4599, #11127, #1129, #11672, #11309, #9157, #6140, #8428, #7753, #9117, #3486, #1506, #3401, #4255, #4376, #2534, #4047, #8611, #7815, #7333, #2829, #1946, #3023, #4532, #8068, #4432, #4727, #8771, #5848, #6055, #8819, #7000, #4435, #7814, #9973, #6630, #5766, #5950, #10990, #8777, #8761, #8163, #709, #9221, #4701, #9986, #11566, #4964, #3688, #2786, #8650, #10139, #8969, #1881, #2586, #7565, #2162, #669, #1337, #6760, #11547, #3521, #1132, #5416, #7336, #7365, #7646, #11806, #2902, #10958, #4821, #11390, #1548, #3479, #10766, #3564, #6007, #2394, #9192, #132, #7392, #11908, #10383, #2711, #1954, #8410, #10155, #2957, #5823, #1425, #1834, #6926, #9319, #3998, #9785, #5599, #9422, #8060, #4134, #983, #1861, #9563, #3318, #11631, #3565, #2187, #10662, #4145, #7821 ) ) ;
#1989 = DIRECTION ( 'NONE',  ( -0.000000000000000000, -0.000000000000000000, -1.000000000000000000 ) ) ;
#1990 = VERTEX_POINT ( 'NONE', #11002 ) ;
#1991 = PLANE ( 'NONE',  #6606 ) ;
#1992 = EDGE_CURVE ( 'NONE', #11325, #11607, #815, .T. ) ;
#1993 = CARTESIAN_POINT ( 'NONE',  ( 27.94811698717947834, -12.09727104865944725, 4.000000000000003553 ) ) ;
#1994 = CARTESIAN_POINT ( 'NONE',  ( 28.72717802865891912, 5.800000000000003375, 1.799999999999999600 ) ) ;
#1995 = VECTOR ( 'NONE', #11365, 1000.000000000000000 ) ;
#1996 = CARTESIAN_POINT ( 'NONE',  ( 28.59181488549123529, -13.74614069585935461, 3.499999999999992895 ) ) ;
#1997 = DIRECTION ( 'NONE',  ( 0.9947197128576201752, -0.1026289084637157095, 0.000000000000000000 ) ) ;
#1998 = CARTESIAN_POINT ( 'NONE',  ( 28.59181488549123529, -13.74614069585935461, 3.999999999999993339 ) ) ;
#1999 = EDGE_CURVE ( 'NONE', #1333, #5677, #2792, .T. ) ;
#2000 = ORIENTED_EDGE ( 'NONE', *, *, #9723, .F. ) ;
#2001 = EDGE_CURVE ( 'NONE', #10659, #5761, #7587, .T. ) ;
#2002 = CARTESIAN_POINT ( 'NONE',  ( 16.99999999999999645, -15.00000000000000355, 1.550000000000000488 ) ) ;
#2003 = ORIENTED_EDGE ( 'NONE', *, *, #11352, .F. ) ;
#2004 = DIRECTION ( 'NONE',  ( 0.000000000000000000, 0.000000000000000000, 1.000000000000000000 ) ) ;
#2005 = DIRECTION ( 'NONE',  ( -1.000000000000000000, 0.000000000000000000, 0.000000000000000000 ) ) ;
#2006 = AXIS2_PLACEMENT_3D ( 'NONE', #4526, #8185, #2821 ) ;
#2007 = CARTESIAN_POINT ( 'NONE',  ( 22.99999999999999289, 7.050000000000000711, 8.200000000000002842 ) ) ;
#2008 = EDGE_LOOP ( 'NONE', ( #7734, #968, #10081, #6841 ) ) ;
#2009 = CARTESIAN_POINT ( 'NONE',  ( 28.24370854365764671, 7.218142710569483533, 6.808068238351443036 ) ) ;
#2010 = CARTESIAN_POINT ( 'NONE',  ( 25.99999999999999289, 7.050000000000004263, 5.999999999999998224 ) ) ;
#2011 = LINE ( 'NONE', #1059, #7691 ) ;
#2012 = EDGE_LOOP ( 'NONE', ( #5378, #11826, #11903, #4022 ) ) ;
#2013 = ORIENTED_EDGE ( 'NONE', *, *, #5005, .F. ) ;
#2014 = CARTESIAN_POINT ( 'NONE',  ( 28.03070858826244560, 5.386615609801181925, 6.724059395819995899 ) ) ;
#2015 = VECTOR ( 'NONE', #8901, 1000.000000000000000 ) ;
#2016 = EDGE_CURVE ( 'NONE', #6274, #5444, #3692, .T. ) ;
#2017 = LINE ( 'NONE', #5703, #3834 ) ;
#2018 = EDGE_CURVE ( 'NONE', #9417, #6594, #8139, .T. ) ;
#2019 = ORIENTED_EDGE ( 'NONE', *, *, #8078, .F. ) ;
#2020 = CYLINDRICAL_SURFACE ( 'NONE', #3369, 2.250000000000001776 ) ;
#2021 = ADVANCED_FACE ( 'NONE', ( #9030 ), #1819, .F. ) ;
#2022 = CARTESIAN_POINT ( 'NONE',  ( -57.99999999999999289, 9.549999999999984723, 1.734723475976807094E-15 ) ) ;
#2023 = CARTESIAN_POINT ( 'NONE',  ( 25.99999999999999289, 7.050000000000004263, 12.08528137423856741 ) ) ;
#2024 = DIRECTION ( 'NONE',  ( 0.000000000000000000, 0.000000000000000000, 1.000000000000000000 ) ) ;
#2025 = DIRECTION ( 'NONE',  ( 1.000000000000000000, 0.000000000000000000, 0.000000000000000000 ) ) ;
#2026 = CIRCLE ( 'NONE', #10272, 1.100000000000003642 ) ;
#2027 = DIRECTION ( 'NONE',  ( 1.000000000000000000, 0.000000000000000000, 0.000000000000000000 ) ) ;
#2028 = ORIENTED_EDGE ( 'NONE', *, *, #2163, .F. ) ;
#2029 = CARTESIAN_POINT ( 'NONE',  ( 26.07780449946834977, -15.08361111960129541, 3.499999999999996003 ) ) ;
#2030 = CARTESIAN_POINT ( 'NONE',  ( 23.44867934338420667, 7.667566115590556564, 6.806862576270114928 ) ) ;
#2031 = EDGE_LOOP ( 'NONE', ( #3363, #7410, #888, #7110 ) ) ;
#2032 = CARTESIAN_POINT ( 'NONE',  ( 28.09446593444944185, 7.872017304824415973, 5.999999999999998224 ) ) ;
#2033 = DIRECTION ( 'NONE',  ( -0.000000000000000000, -0.000000000000000000, -1.000000000000000000 ) ) ;
#2034 = AXIS2_PLACEMENT_3D ( 'NONE', #1485, #7849, #9757 ) ;
#2035 = DIRECTION ( 'NONE',  ( -0.000000000000000000, -0.000000000000000000, -1.000000000000000000 ) ) ;
#2036 = EDGE_CURVE ( 'NONE', #10817, #11187, #6066, .T. ) ;
#2037 = PLANE ( 'NONE',  #2905 ) ;
#2038 = CARTESIAN_POINT ( 'NONE',  ( -74.51999999999999602, -1.366094737331735587E-14, 3.100000000000001865 ) ) ;
#2039 = CARTESIAN_POINT ( 'NONE',  ( 25.16431472652992696, -10.14695788331472492, 3.500000000000006661 ) ) ;
#2040 = VERTEX_POINT ( 'NONE', #9131 ) ;
#2041 = DIRECTION ( 'NONE',  ( -0.000000000000000000, -0.000000000000000000, 1.000000000000000000 ) ) ;
#2042 = DIRECTION ( 'NONE',  ( 0.000000000000000000, 0.000000000000000000, -1.000000000000000000 ) ) ;
#2043 = AXIS2_PLACEMENT_3D ( 'NONE', #6249, #4286, #1519 ) ;
#2044 = EDGE_LOOP ( 'NONE', ( #8401, #10699, #5295, #3128 ) ) ;
#2045 = AXIS2_PLACEMENT_3D ( 'NONE', #1320, #9583, #10494 ) ;
#2046 = VECTOR ( 'NONE', #4645, 1000.000000000000114 ) ;
#2047 = ORIENTED_EDGE ( 'NONE', *, *, #11388, .F. ) ;
#2048 = EDGE_CURVE ( 'NONE', #1529, #1448, #2712, .T. ) ;
#2049 = CARTESIAN_POINT ( 'NONE',  ( 24.89211022100271009, 9.429748986257454391, 3.599999999999999201 ) ) ;
#2050 = VECTOR ( 'NONE', #44, 1000.000000000000000 ) ;
#2051 = FACE_BOUND ( 'NONE', #4628, .T. ) ;
#2052 = CARTESIAN_POINT ( 'NONE',  ( 24.52564102564101844, -18.00000000000000000, 4.000000000000000000 ) ) ;
#2053 = ORIENTED_EDGE ( 'NONE', *, *, #342, .T. ) ;
#2054 = DIRECTION ( 'NONE',  ( -1.000000000000000000, 0.000000000000000000, 0.000000000000000000 ) ) ;
#2055 = B_SPLINE_CURVE_WITH_KNOTS ( 'NONE', 3,
 ( #883, #8213, #9219, #11891, #8326, #2789, #10109, #1896, #1001, #4676, #97, #3774, #336, #4076, #218, #3897, #5808, #3089, #4960 ),
 .UNSPECIFIED., .F., .F.,
 ( 4, 1, 1, 1, 1, 1, 1, 1, 1, 1, 1, 1, 1, 1, 1, 1, 4 ),
 ( 0.000000000000000000, 0.06340052940042860408, 0.1249764099331402700, 0.1844921876584958986, 0.2434736282965420107, 0.3022637321141445343, 0.3613835718304163058, 0.4214817654110645240, 0.4834545367577933184, 0.5459360688045384880, 0.6081426980855855202, 0.6698202920949504202, 0.7323322942692659376, 0.7960922343214104080, 0.8616426668792322996, 0.9294352318828833504, 1.000000000000000000 ),
 .UNSPECIFIED. ) ;
#2056 = DIRECTION ( 'NONE',  ( 0.000000000000000000, 0.000000000000000000, -1.000000000000000000 ) ) ;
#2057 = EDGE_CURVE ( 'NONE', #1456, #9699, #9197, .T. ) ;
#2058 = CARTESIAN_POINT ( 'NONE',  ( 5.999999999999997335, 10.60000000000000142, 0.000000000000000000 ) ) ;
#2059 = MANIFOLD_SOLID_BREP ( 'Body-Move/Copy2', #5058 ) ;
#2060 = CARTESIAN_POINT ( 'NONE',  ( 27.69452582497929782, -13.16458013519023851, 3.499999999999999556 ) ) ;
#2061 = VERTEX_POINT ( 'NONE', #2895 ) ;
#2062 = AXIS2_PLACEMENT_3D ( 'NONE', #6952, #7920, #9706 ) ;
#2063 = AXIS2_PLACEMENT_3D ( 'NONE', #5650, #8225, #10011 ) ;
#2064 = DIRECTION ( 'NONE',  ( 0.000000000000000000, 0.000000000000000000, 1.000000000000000000 ) ) ;
#2065 = EDGE_CURVE ( 'NONE', #4279, #9766, #8744, .T. ) ;
#2066 = CARTESIAN_POINT ( 'NONE',  ( 23.98277243589742724, -6.045588356351756509, 4.000000000000000000 ) ) ;
#2067 = CARTESIAN_POINT ( 'NONE',  ( 41.19999999999999574, 37.55000000000001137, 2.975000000000000977 ) ) ;
#2068 = ORIENTED_EDGE ( 'NONE', *, *, #6039, .T. ) ;
#2069 = CARTESIAN_POINT ( 'NONE',  ( 6.512994231491118668, -5.999999999999992006, 2.500000000000000000 ) ) ;
#2070 = VERTEX_POINT ( 'NONE', #6564 ) ;
#2071 = DIRECTION ( 'NONE',  ( -1.000000000000000000, 0.000000000000000000, 0.000000000000000000 ) ) ;
#2072 = CARTESIAN_POINT ( 'NONE',  ( 25.11157852564101844, -11.04558835635175740, 3.499999999999999556 ) ) ;
#2073 = CARTESIAN_POINT ( 'NONE',  ( 24.27199301052571201, -9.498387080999680876, 3.499999999999996003 ) ) ;
#2074 = CARTESIAN_POINT ( 'NONE',  ( 24.38052681894439289, -9.026031529637730699, 4.000000000000000000 ) ) ;
#2075 = ORIENTED_EDGE ( 'NONE', *, *, #2307, .T. ) ;
#2076 = CARTESIAN_POINT ( 'NONE',  ( -81.99999999999998579, -10.45000000000001528, 1.734723475976807094E-15 ) ) ;
#2077 = CARTESIAN_POINT ( 'NONE',  ( 25.95092147435896734, -11.68661399737739792, 3.500000000000003109 ) ) ;
#2078 = AXIS2_PLACEMENT_3D ( 'NONE', #3722, #8056, #3493 ) ;
#2079 = PLANE ( 'NONE',  #10703 ) ;
#2080 = AXIS2_PLACEMENT_3D ( 'NONE', #2992, #11338, #3104 ) ;
#2081 = EDGE_CURVE ( 'NONE', #1450, #7929, #4878, .T. ) ;
#2082 = ADVANCED_FACE ( 'NONE', ( #5791, #8367 ), #314, .T. ) ;
#2083 = ORIENTED_EDGE ( 'NONE', *, *, #11695, .T. ) ;
#2084 = ORIENTED_EDGE ( 'NONE', *, *, #644, .T. ) ;
#2085 = LINE ( 'NONE', #6701, #8062 ) ;
#2086 = EDGE_LOOP ( 'NONE', ( #5256, #7675 ) ) ;
#2087 = VERTEX_POINT ( 'NONE', #10153 ) ;
#2088 = CARTESIAN_POINT ( 'NONE',  ( 23.40776217180951235, -13.01238380090809699, 3.499999999999992895 ) ) ;
#2089 = CIRCLE ( 'NONE', #3833, 0.9749999999999993117 ) ;
#2090 = CARTESIAN_POINT ( 'NONE',  ( 26.74333871179953448, -9.300075919464482865, 4.000000000000000000 ) ) ;
#2091 = CARTESIAN_POINT ( 'NONE',  ( 23.92708423791419747, -8.093699925321168109, 3.999999999999996447 ) ) ;
#2092 = DIRECTION ( 'NONE',  ( -1.000000000000000000, 0.000000000000000000, 0.000000000000000000 ) ) ;
#2093 = DIRECTION ( 'NONE',  ( 0.000000000000000000, -0.000000000000000000, -1.000000000000000000 ) ) ;
#2094 = CARTESIAN_POINT ( 'NONE',  ( 23.67681736507730506, -7.048858418969061290, 3.999999999999996447 ) ) ;
#2095 = EDGE_CURVE ( 'NONE', #2629, #137, #8544, .T. ) ;
#2096 = ORIENTED_EDGE ( 'NONE', *, *, #2581, .F. ) ;
#2097 = CARTESIAN_POINT ( 'NONE',  ( 24.43812324451846152, -6.286834784711690993, 4.000000000000003553 ) ) ;
#2098 = CARTESIAN_POINT ( 'NONE',  ( 27.94811698717947834, -12.09727104865944725, 3.500000000000003109 ) ) ;
#2099 = CIRCLE ( 'NONE', #4225, 2.250000000000001776 ) ;
#2100 = ORIENTED_EDGE ( 'NONE', *, *, #9300, .T. ) ;
#2101 = ORIENTED_EDGE ( 'NONE', *, *, #11748, .F. ) ;
#2102 = DIRECTION ( 'NONE',  ( 0.000000000000000000, 0.000000000000000000, -1.000000000000000000 ) ) ;
#2103 = DIRECTION ( 'NONE',  ( 1.000000000000000000, 0.000000000000000000, 0.000000000000000000 ) ) ;
#2104 = DIRECTION ( 'NONE',  ( 0.000000000000000000, 0.000000000000000000, 1.000000000000000000 ) ) ;
#2105 = ADVANCED_FACE ( 'NONE', ( #11310 ), #1037, .F. ) ;
#2106 = DIRECTION ( 'NONE',  ( 0.9634530185057990082, 0.2678773621119644455, 0.000000000000000000 ) ) ;
#2107 = DIRECTION ( 'NONE',  ( -1.000000000000000000, -1.927470528863119049E-16, 0.000000000000000000 ) ) ;
#2108 = AXIS2_PLACEMENT_3D ( 'NONE', #3095, #5866, #5924 ) ;
#2109 = ORIENTED_EDGE ( 'NONE', *, *, #9512, .F. ) ;
#2110 = CARTESIAN_POINT ( 'NONE',  ( 39.19999999999998863, 25.55000000000001492, 2.000000000000001776 ) ) ;
#2111 = CARTESIAN_POINT ( 'NONE',  ( -20.09999999999999787, 1.549999999999989164, 1.734723475976807094E-15 ) ) ;
#2112 = EDGE_CURVE ( 'NONE', #9368, #6137, #11844, .T. ) ;
#2113 = ORIENTED_EDGE ( 'NONE', *, *, #2804, .T. ) ;
#2114 = ORIENTED_EDGE ( 'NONE', *, *, #6428, .F. ) ;
#2115 = AXIS2_PLACEMENT_3D ( 'NONE', #4601, #3830, #6444 ) ;
#2116 = ORIENTED_EDGE ( 'NONE', *, *, #10160, .F. ) ;
#2117 = DIRECTION ( 'NONE',  ( 0.000000000000000000, -0.000000000000000000, -1.000000000000000000 ) ) ;
#2118 = FACE_OUTER_BOUND ( 'NONE', #9369, .T. ) ;
#2119 = FACE_OUTER_BOUND ( 'NONE', #6146, .T. ) ;
#2120 = ORIENTED_EDGE ( 'NONE', *, *, #6855, .F. ) ;
#2121 = CIRCLE ( 'NONE', #6904, 0.9750000000000001998 ) ;
#2122 = DIRECTION ( 'NONE',  ( 0.000000000000000000, 0.000000000000000000, -1.000000000000000000 ) ) ;
#2123 = EDGE_CURVE ( 'NONE', #6059, #11075, #3013, .T. ) ;
#2124 = CARTESIAN_POINT ( 'NONE',  ( 28.36550034177369284, -12.48731993937575879, 4.000000000000007105 ) ) ;
#2125 = CARTESIAN_POINT ( 'NONE',  ( 24.59365820373961142, -10.98062219889091651, 3.499999999999996003 ) ) ;
#2126 = LINE ( 'NONE', #3195, #4820 ) ;
#2127 = CARTESIAN_POINT ( 'NONE',  ( 27.72521652343418097, -13.27610519395903310, 3.500000000000006661 ) ) ;
#2128 = ORIENTED_EDGE ( 'NONE', *, *, #8679, .F. ) ;
#2129 = DIRECTION ( 'NONE',  ( 0.000000000000000000, 1.000000000000000000, 0.000000000000000000 ) ) ;
#2130 = DIRECTION ( 'NONE',  ( 0.000000000000000000, -0.000000000000000000, -1.000000000000000000 ) ) ;
#2131 = VERTEX_POINT ( 'NONE', #139 ) ;
#2132 = CARTESIAN_POINT ( 'NONE',  ( 31.69999999999999218, -5.999999999999988454, 2.000000000000001776 ) ) ;
#2133 = ORIENTED_EDGE ( 'NONE', *, *, #578, .T. ) ;
#2134 = LINE ( 'NONE', #5806, #11872 ) ;
#2135 = CARTESIAN_POINT ( 'NONE',  ( 12.97499999999999964, -10.45000000000000107, 10.09999999999999964 ) ) ;
#2136 = DIRECTION ( 'NONE',  ( 1.000000000000000000, 0.000000000000000000, 0.000000000000000000 ) ) ;
#2137 = CARTESIAN_POINT ( 'NONE',  ( 25.84207012592564467, -9.664515515022191749, 3.499999999999999556 ) ) ;
#2138 = EDGE_CURVE ( 'NONE', #10695, #2746, #124, .T. ) ;
#2139 = CARTESIAN_POINT ( 'NONE',  ( 12.99999999999999645, 41.99999999999999289, 13.19999999999999929 ) ) ;
#2140 = ORIENTED_EDGE ( 'NONE', *, *, #5109, .T. ) ;
#2141 = SURFACE_SIDE_STYLE ('',( #5759 ) ) ;
#2142 = CARTESIAN_POINT ( 'NONE',  ( 26.58487589404966656, -11.70990819267467664, 3.500000000000003109 ) ) ;
#2143 = EDGE_LOOP ( 'NONE', ( #11385, #15, #5790, #993 ) ) ;
#2144 = B_SPLINE_CURVE_WITH_KNOTS ( 'NONE', 3,
 ( #10970, #6589, #3713, #9279, #10238, #9156, #7409, #8460, #2735, #6641, #10175 ),
 .UNSPECIFIED., .F., .F.,
 ( 4, 1, 1, 1, 1, 1, 1, 1, 4 ),
 ( 0.000000000000000000, 0.1323140339085648598, 0.2587000085531556692, 0.3809118214856536122, 0.5005348689728934541, 0.6209226176484486937, 0.7423757653984724980, 0.8682808341788553763, 1.000000000000000000 ),
 .UNSPECIFIED. ) ;
#2145 = ORIENTED_EDGE ( 'NONE', *, *, #3756, .F. ) ;
#2146 = DIRECTION ( 'NONE',  ( -1.000000000000000000, 0.000000000000000000, 0.000000000000000000 ) ) ;
#2147 = VECTOR ( 'NONE', #717, 1000.000000000000000 ) ;
#2148 = FACE_OUTER_BOUND ( 'NONE', #6534, .T. ) ;
#2149 = EDGE_CURVE ( 'NONE', #923, #4998, #1935, .T. ) ;
#2150 = CARTESIAN_POINT ( 'NONE',  ( 24.85254176768878054, -12.70818042015855909, 4.000000000000003553 ) ) ;
#2151 = CARTESIAN_POINT ( 'NONE',  ( 26.11352624512714016, -12.58572600054837132, 3.500000000000003109 ) ) ;
#2152 = CARTESIAN_POINT ( 'NONE',  ( 28.61486796622784823, 6.819586200076075855, 5.999999999999998224 ) ) ;
#2153 = EDGE_LOOP ( 'NONE', ( #1936, #11275, #2780, #4853 ) ) ;
#2154 = CARTESIAN_POINT ( 'NONE',  ( 27.06069711538460254, -3.994306305069704965, 4.000000000000000000 ) ) ;
#2155 = LINE ( 'NONE', #10487, #7297 ) ;
#2156 = ORIENTED_EDGE ( 'NONE', *, *, #5315, .F. ) ;
#2157 = ORIENTED_EDGE ( 'NONE', *, *, #6276, .F. ) ;
#2158 = CARTESIAN_POINT ( 'NONE',  ( 24.43846738818718123, -6.894959635333634651, 3.500000000000006661 ) ) ;
#2159 = CARTESIAN_POINT ( 'NONE',  ( -9.039999999999999147, 9.039999999999999147, 2.000000000000000000 ) ) ;
#2160 = CARTESIAN_POINT ( 'NONE',  ( -47.19999999999998863, -9.008997251906217651E-15, 0.000000000000000000 ) ) ;
#2161 = EDGE_CURVE ( 'NONE', #3893, #3959, #11241, .T. ) ;
#2162 = ADVANCED_FACE ( 'NONE', ( #4778 ), #9476, .F. ) ;
#2163 = EDGE_CURVE ( 'NONE', #7138, #236, #7015, .T. ) ;
#2164 = CARTESIAN_POINT ( 'NONE',  ( -9.200000000000001066, 18.00000000000000355, 2.000000000000000000 ) ) ;
#2165 = AXIS2_PLACEMENT_3D ( 'NONE', #1666, #264, #206 ) ;
#2166 = DIRECTION ( 'NONE',  ( -1.000000000000000000, 0.000000000000000000, 0.000000000000000000 ) ) ;
#2167 = ORIENTED_EDGE ( 'NONE', *, *, #9414, .F. ) ;
#2168 = LINE ( 'NONE', #5837, #9658 ) ;
#2169 = DIRECTION ( 'NONE',  ( -1.000000000000000000, 0.000000000000000000, 0.000000000000000000 ) ) ;
#2170 = VERTEX_POINT ( 'NONE', #7451 ) ;
#2171 = ORIENTED_EDGE ( 'NONE', *, *, #5921, .T. ) ;
#2172 = EDGE_CURVE ( 'NONE', #4801, #3245, #2413, .T. ) ;
#2173 = VERTEX_POINT ( 'NONE', #1449 ) ;
#2174 = DIRECTION ( 'NONE',  ( 1.000000000000000000, 0.000000000000000000, 0.000000000000000000 ) ) ;
#2175 = EDGE_CURVE ( 'NONE', #10804, #488, #11283, .T. ) ;
#2176 =( NAMED_UNIT ( * ) SI_UNIT ( $, .STERADIAN. ) SOLID_ANGLE_UNIT ( ) );
#2177 = CARTESIAN_POINT ( 'NONE',  ( 27.26747013064311531, 8.909037242211006458, 5.999999999999998224 ) ) ;
#2178 = ORIENTED_EDGE ( 'NONE', *, *, #2532, .F. ) ;
#2179 = CARTESIAN_POINT ( 'NONE',  ( 23.38581700132580821, -13.13524655550913067, 4.000000000000003553 ) ) ;
#2180 = LINE ( 'NONE', #8658, #2631 ) ;
#2181 = LINE ( 'NONE', #5002, #3274 ) ;
#2182 = CARTESIAN_POINT ( 'NONE',  ( -16.99999999999999289, 7.050000000000000711, 8.200000000000002842 ) ) ;
#2183 = CARTESIAN_POINT ( 'NONE',  ( 27.53330197020594738, -12.92003205778085118, 3.500000000000003109 ) ) ;
#2184 = DIRECTION ( 'NONE',  ( 0.000000000000000000, -0.000000000000000000, 1.000000000000000000 ) ) ;
#2185 = ADVANCED_FACE ( 'NONE', ( #9656 ), #9725, .F. ) ;
#2186 = CARTESIAN_POINT ( 'NONE',  ( -12.00000000000000000, 9.549999999999998934, 10.09999999999999964 ) ) ;
#2187 = ADVANCED_FACE ( 'NONE', ( #1585 ), #11610, .F. ) ;
#2188 = VERTEX_POINT ( 'NONE', #5246 ) ;
#2189 = CARTESIAN_POINT ( 'NONE',  ( 24.49593174356454028, -9.939044936421510101, 4.000000000000000000 ) ) ;
#2190 = ORIENTED_EDGE ( 'NONE', *, *, #2095, .F. ) ;
#2191 = CARTESIAN_POINT ( 'NONE',  ( -16.99999999999999645, 0.5192235935955649140, 2.000000000000000000 ) ) ;
#2192 = CARTESIAN_POINT ( 'NONE',  ( 24.71794871794871185, -8.737896048659450798, 3.500000000000003109 ) ) ;
#2193 = DIRECTION ( 'NONE',  ( -0.000000000000000000, -0.000000000000000000, -1.000000000000000000 ) ) ;
#2194 = CARTESIAN_POINT ( 'NONE',  ( 25.78510355907913976, -9.786396521545041693, 3.499999999999999556 ) ) ;
#2195 = FACE_BOUND ( 'NONE', #1056, .T. ) ;
#2196 = PLANE ( 'NONE',  #2519 ) ;
#2197 = VECTOR ( 'NONE', #4837, 1000.000000000000000 ) ;
#2198 = CARTESIAN_POINT ( 'NONE',  ( 27.89306214660643590, -12.06388893623314473, 3.500000000000003109 ) ) ;
#2199 = ORIENTED_EDGE ( 'NONE', *, *, #4319, .F. ) ;
#2200 = CARTESIAN_POINT ( 'NONE',  ( 23.37256980022482722, -13.35159052852276318, 3.999999999999996447 ) ) ;
#2201 = DIRECTION ( 'NONE',  ( 0.000000000000000000, 0.000000000000000000, 1.000000000000000000 ) ) ;
#2202 = DIRECTION ( 'NONE',  ( 0.3391272569159741734, 0.9407405081193468410, 0.000000000000000000 ) ) ;
#2203 = VECTOR ( 'NONE', #5426, 1000.000000000000000 ) ;
#2204 = PLANE ( 'NONE',  #1185 ) ;
#2205 = EDGE_LOOP ( 'NONE', ( #5336, #1796 ) ) ;
#2206 = CIRCLE ( 'NONE', #10264, 0.9749999999999993117 ) ;
#2207 = FACE_OUTER_BOUND ( 'NONE', #7447, .T. ) ;
#2208 = EDGE_LOOP ( 'NONE', ( #5673, #10449 ) ) ;
#2209 = ORIENTED_EDGE ( 'NONE', *, *, #613, .F. ) ;
#2210 = EDGE_CURVE ( 'NONE', #2746, #2764, #1336, .T. ) ;
#2211 = CARTESIAN_POINT ( 'NONE',  ( 23.98277243589742724, -7.135331946095345934, 3.500000000000003109 ) ) ;
#2212 = CARTESIAN_POINT ( 'NONE',  ( -52.99999999999999289, 11.99999999999998934, 2.000000000000000000 ) ) ;
#2213 = DIRECTION ( 'NONE',  ( -0.000000000000000000, -0.000000000000000000, -1.000000000000000000 ) ) ;
#2214 = ORIENTED_EDGE ( 'NONE', *, *, #9934, .T. ) ;
#2215 = VECTOR ( 'NONE', #5280, 1000.000000000000000 ) ;
#2216 = CARTESIAN_POINT ( 'NONE',  ( 23.54411256769809313, 6.123046969980906695, 6.814029407017137885 ) ) ;
#2217 = FACE_OUTER_BOUND ( 'NONE', #5671, .T. ) ;
#2218 = DIRECTION ( 'NONE',  ( 1.000000000000000000, 0.000000000000000000, 0.000000000000000000 ) ) ;
#2219 = EDGE_LOOP ( 'NONE', ( #8396, #9318, #9567, #10103 ) ) ;
#2220 = LINE ( 'NONE', #6665, #7192 ) ;
#2221 = CARTESIAN_POINT ( 'NONE',  ( 31.69999999999999218, -5.999999999999988454, 4.000000000000000000 ) ) ;
#2222 = VERTEX_POINT ( 'NONE', #8900 ) ;
#2223 = EDGE_CURVE ( 'NONE', #10415, #7865, #8652, .T. ) ;
#2224 = AXIS2_PLACEMENT_3D ( 'NONE', #5185, #3185, #1521 ) ;
#2225 = ORIENTED_EDGE ( 'NONE', *, *, #8242, .T. ) ;
#2226 = CARTESIAN_POINT ( 'NONE',  ( 25.99966567642735527, -12.58462044226010867, 4.000000000000003553 ) ) ;
#2227 = VERTEX_POINT ( 'NONE', #7031 ) ;
#2228 = VECTOR ( 'NONE', #1407, 1000.000000000000227 ) ;
#2229 = ORIENTED_EDGE ( 'NONE', *, *, #10508, .T. ) ;
#2230 = DIRECTION ( 'NONE',  ( -1.000000000000000000, 0.000000000000000000, 0.000000000000000000 ) ) ;
#2231 = FACE_OUTER_BOUND ( 'NONE', #10318, .T. ) ;
#2232 = CARTESIAN_POINT ( 'NONE',  ( 24.93370369970456935, -11.04058012465493555, 3.499999999999996003 ) ) ;
#2233 = FACE_OUTER_BOUND ( 'NONE', #5146, .T. ) ;
#2234 = EDGE_CURVE ( 'NONE', #3239, #11200, #10706, .T. ) ;
#2235 = CARTESIAN_POINT ( 'NONE',  ( 27.45019874737452881, 4.861953247045823545, 5.999999999999998224 ) ) ;
#2236 = VECTOR ( 'NONE', #10117, 1000.000000000000000 ) ;
#2237 = DIRECTION ( 'NONE',  ( 1.927470528863119049E-16, -1.000000000000000000, 0.000000000000000000 ) ) ;
#2238 = CARTESIAN_POINT ( 'NONE',  ( 23.98277243589742724, -6.045588356351756509, 3.500000000000003109 ) ) ;
#2239 = DIRECTION ( 'NONE',  ( 1.000000000000000000, 0.000000000000000000, -0.000000000000000000 ) ) ;
#2240 = CARTESIAN_POINT ( 'NONE',  ( 24.83160490822249500, -10.11939644058850440, 4.000000000000010658 ) ) ;
#2241 = VECTOR ( 'NONE', #5662, 1000.000000000000000 ) ;
#2242 = ORIENTED_EDGE ( 'NONE', *, *, #7681, .T. ) ;
#2243 = CARTESIAN_POINT ( 'NONE',  ( 25.28670203864601973, -11.04148300063178567, 3.500000000000003109 ) ) ;
#2244 = LINE ( 'NONE', #6693, #7380 ) ;
#2245 = DIRECTION ( 'NONE',  ( -0.000000000000000000, -0.000000000000000000, 1.000000000000000000 ) ) ;
#2246 = CARTESIAN_POINT ( 'NONE',  ( -52.99999999999999289, 11.99999999999998934, 0.000000000000000000 ) ) ;
#2247 = CARTESIAN_POINT ( 'NONE',  ( 25.86889413691137563, -9.385607812835473851, 3.999999999999998224 ) ) ;
#2248 = CARTESIAN_POINT ( 'NONE',  ( -74.51999999999999602, 11.19999999999998685, 1.000000000000000888 ) ) ;
#2249 = VECTOR ( 'NONE', #11038, 1000.000000000000114 ) ;
#2250 = CIRCLE ( 'NONE', #4578, 1.100000000000000311 ) ;
#2251 = CARTESIAN_POINT ( 'NONE',  ( 26.06180129879212615, -11.68748465242142842, 4.000000000000003553 ) ) ;
#2252 = EDGE_LOOP ( 'NONE', ( #10570, #4955, #421, #11063 ) ) ;
#2253 = CARTESIAN_POINT ( 'NONE',  ( 23.37179487179486514, -13.39634957430047280, 3.499999999999996003 ) ) ;
#2254 = DIRECTION ( 'NONE',  ( -0.000000000000000000, -0.000000000000000000, -1.000000000000000000 ) ) ;
#2255 = DIRECTION ( 'NONE',  ( -0.000000000000000000, -0.000000000000000000, -1.000000000000000000 ) ) ;
#2256 = CARTESIAN_POINT ( 'NONE',  ( 25.94090544871794179, -12.58404989481329395, 4.000000000000003553 ) ) ;
#2257 = VECTOR ( 'NONE', #1108, 1000.000000000000000 ) ;
#2258 = AXIS2_PLACEMENT_3D ( 'NONE', #1669, #5334, #9814 ) ;
#2259 = CARTESIAN_POINT ( 'NONE',  ( 27.48444396449352567, -12.87675319112149985, 4.000000000000010658 ) ) ;
#2260 = CARTESIAN_POINT ( 'NONE',  ( 12.99999999999999645, 18.00000000000000000, 10.09999999999999964 ) ) ;
#2261 = VERTEX_POINT ( 'NONE', #679 ) ;
#2262 = DIRECTION ( 'NONE',  ( 1.000000000000000000, 0.000000000000000000, 5.847064803386827679E-13 ) ) ;
#2263 = ADVANCED_FACE ( 'NONE', ( #8004 ), #3778, .F. ) ;
#2264 = VERTEX_POINT ( 'NONE', #5027 ) ;
#2265 = ORIENTED_EDGE ( 'NONE', *, *, #1278, .F. ) ;
#2266 = CARTESIAN_POINT ( 'NONE',  ( 24.52564102564101844, -6.590460151223551222, 4.000000000000003553 ) ) ;
#2267 = CARTESIAN_POINT ( 'NONE',  ( 25.14440310541229806, -12.63742412083425215, 3.500000000000013323 ) ) ;
#2268 = CIRCLE ( 'NONE', #554, 2.624999999999998668 ) ;
#2269 = ORIENTED_EDGE ( 'NONE', *, *, #4133, .T. ) ;
#2270 = VECTOR ( 'NONE', #4626, 1000.000000000000000 ) ;
#2271 = CARTESIAN_POINT ( 'NONE',  ( 12.99999999999999822, 41.99999999999999289, 8.000000000000000000 ) ) ;
#2272 = ORIENTED_EDGE ( 'NONE', *, *, #4172, .T. ) ;
#2273 = CARTESIAN_POINT ( 'NONE',  ( 24.71794871794871185, -18.00000000000000000, 4.000000000000000000 ) ) ;
#2274 = CARTESIAN_POINT ( 'NONE',  ( 33.94999999999999574, -15.00000000000000000, 2.000000000000001776 ) ) ;
#2275 = ORIENTED_EDGE ( 'NONE', *, *, #9059, .T. ) ;
#2276 = EDGE_CURVE ( 'NONE', #9687, #8399, #8353, .T. ) ;
#2277 = VERTEX_POINT ( 'NONE', #7372 ) ;
#2278 = VECTOR ( 'NONE', #7666, 1000.000000000000000 ) ;
#2279 = CARTESIAN_POINT ( 'NONE',  ( 23.49999999999999289, -18.00000000000000000, 3.499999999999999556 ) ) ;
#2280 = CARTESIAN_POINT ( 'NONE',  ( 25.19350029308479222, 4.551964127009847871, 3.599999999999999201 ) ) ;
#2281 = CARTESIAN_POINT ( 'NONE',  ( 23.37179487179486514, -13.39634957430047280, 3.999999999999996447 ) ) ;
#2282 = VERTEX_POINT ( 'NONE', #61 ) ;
#2283 = EDGE_CURVE ( 'NONE', #298, #11109, #6816, .T. ) ;
#2284 = VERTEX_POINT ( 'NONE', #5871 ) ;
#2285 = CIRCLE ( 'NONE', #8244, 2.250000000000001776 ) ;
#2286 = DIRECTION ( 'NONE',  ( 0.000000000000000000, 1.000000000000000000, 0.000000000000000000 ) ) ;
#2287 = LINE ( 'NONE', #11143, #11029 ) ;
#2288 = ORIENTED_EDGE ( 'NONE', *, *, #6613, .F. ) ;
#2289 = EDGE_CURVE ( 'NONE', #4855, #7105, #1419, .T. ) ;
#2290 = ORIENTED_EDGE ( 'NONE', *, *, #3540, .T. ) ;
#2291 = CARTESIAN_POINT ( 'NONE',  ( 46.09999999999999432, 22.54999999999998650, -1.734723475976807094E-15 ) ) ;
#2292 = CARTESIAN_POINT ( 'NONE',  ( -25.99999999999999289, 9.549999999999988276, 1.000000000000000888 ) ) ;
#2293 = CARTESIAN_POINT ( 'NONE',  ( 24.13849828701315658, -10.77376762013181200, 3.999999999999994671 ) ) ;
#2294 = CARTESIAN_POINT ( 'NONE',  ( -80.89999999999999147, 9.549999999999984723, -3.111269837220808299 ) ) ;
#2295 = CARTESIAN_POINT ( 'NONE',  ( 26.70872551507827453, -12.62103292729522863, 3.500000000000003109 ) ) ;
#2296 = B_SPLINE_CURVE_WITH_KNOTS ( 'NONE', 3,
 ( #63, #967, #2754, #8487, #3924, #1864, #5543, #2818, #248, #4704, #3810 ),
 .UNSPECIFIED., .F., .F.,
 ( 4, 1, 1, 1, 1, 1, 1, 1, 4 ),
 ( 0.000000000000000000, 0.08887459959301068080, 0.1863628278403539063, 0.2940904553567279534, 0.4121094147631917393, 0.5417581983971516690, 0.6826887949347050233, 0.8350891744828351504, 1.000000000000000000 ),
 .UNSPECIFIED. ) ;
#2297 = ORIENTED_EDGE ( 'NONE', *, *, #5354, .F. ) ;
#2298 = CARTESIAN_POINT ( 'NONE',  ( 16.99999999999999645, -15.00000000000000355, 3.450000000000000178 ) ) ;
#2299 = LINE ( 'NONE', #3328, #5308 ) ;
#2300 = DIRECTION ( 'NONE',  ( 0.000000000000000000, -0.000000000000000000, -1.000000000000000000 ) ) ;
#2301 = LINE ( 'NONE', #3272, #1274 ) ;
#2302 = ORIENTED_EDGE ( 'NONE', *, *, #564, .F. ) ;
#2303 = VECTOR ( 'NONE', #6972, 1000.000000000000000 ) ;
#2304 = FACE_OUTER_BOUND ( 'NONE', #2430, .T. ) ;
#2305 = DIRECTION ( 'NONE',  ( -1.000000000000000000, -0.000000000000000000, -0.000000000000000000 ) ) ;
#2306 = EDGE_CURVE ( 'NONE', #2591, #9016, #5316, .T. ) ;
#2307 = EDGE_CURVE ( 'NONE', #4690, #5590, #2878, .T. ) ;
#2308 = CARTESIAN_POINT ( 'NONE',  ( 24.28167429027715940, -9.570083244972039438, 3.500000000000013323 ) ) ;
#2309 = LINE ( 'NONE', #10658, #10532 ) ;
#2310 = ORIENTED_EDGE ( 'NONE', *, *, #6829, .F. ) ;
#2311 = DIRECTION ( 'NONE',  ( -0.000000000000000000, -0.000000000000000000, -1.000000000000000000 ) ) ;
#2312 = CARTESIAN_POINT ( 'NONE',  ( -52.99999999999999289, 11.99999999999998934, 0.000000000000000000 ) ) ;
#2313 = AXIS2_PLACEMENT_3D ( 'NONE', #5036, #11461, #7676 ) ;
#2314 = EDGE_CURVE ( 'NONE', #11129, #10667, #9507, .T. ) ;
#2315 = VERTEX_POINT ( 'NONE', #7785 ) ;
#2316 = ORIENTED_EDGE ( 'NONE', *, *, #6974, .T. ) ;
#2317 = VERTEX_POINT ( 'NONE', #8294 ) ;
#2318 = DIRECTION ( 'NONE',  ( -1.445602896647339410E-16, 1.000000000000000000, -0.000000000000000000 ) ) ;
#2319 = FACE_BOUND ( 'NONE', #8916, .T. ) ;
#2320 = CARTESIAN_POINT ( 'NONE',  ( 25.99999999999999289, 9.300000000000004263, 5.999999999999998224 ) ) ;
#2321 = ADVANCED_FACE ( 'NONE', ( #11453 ), #1924, .F. ) ;
#2322 = CYLINDRICAL_SURFACE ( 'NONE', #8420, 2.624999999999998668 ) ;
#2323 = CIRCLE ( 'NONE', #3683, 2.250000000000001776 ) ;
#2324 = CARTESIAN_POINT ( 'NONE',  ( 25.87143306970186174, -9.485481135557305876, 4.000000000000000000 ) ) ;
#2325 = CARTESIAN_POINT ( 'NONE',  ( 26.70872551507827453, -12.62103292729522863, 4.000000000000003553 ) ) ;
#2326 = DIRECTION ( 'NONE',  ( 1.000000000000000000, 0.000000000000000000, 0.000000000000000000 ) ) ;
#2327 = ORIENTED_EDGE ( 'NONE', *, *, #6682, .F. ) ;
#2328 = CARTESIAN_POINT ( 'NONE',  ( 25.99999999999999289, 7.050000000000004263, 3.599999999999999201 ) ) ;
#2329 = VERTEX_POINT ( 'NONE', #9302 ) ;
#2330 = ORIENTED_EDGE ( 'NONE', *, *, #6114, .F. ) ;
#2331 = DIRECTION ( 'NONE',  ( 0.000000000000000000, -0.000000000000000000, -1.000000000000000000 ) ) ;
#2332 = ORIENTED_EDGE ( 'NONE', *, *, #3012, .T. ) ;
#2333 = VECTOR ( 'NONE', #7955, 1000.000000000000000 ) ;
#2334 = VERTEX_POINT ( 'NONE', #10419 ) ;
#2335 = CARTESIAN_POINT ( 'NONE',  ( 24.26923076923075939, -13.39234316404406577, 3.500000000000006661 ) ) ;
#2336 = ORIENTED_EDGE ( 'NONE', *, *, #578, .F. ) ;
#2337 = VERTEX_POINT ( 'NONE', #6878 ) ;
#2338 = DIRECTION ( 'NONE',  ( 0.000000000000000000, 0.000000000000000000, 1.000000000000000000 ) ) ;
#2339 = CARTESIAN_POINT ( 'NONE',  ( 27.66666666666665719, -18.00000000000000000, 4.000000000000000000 ) ) ;
#2340 = FACE_OUTER_BOUND ( 'NONE', #4399, .T. ) ;
#2341 = ORIENTED_EDGE ( 'NONE', *, *, #9456, .T. ) ;
#2342 = VERTEX_POINT ( 'NONE', #5602 ) ;
#2343 = DIRECTION ( 'NONE',  ( 0.000000000000000000, -1.000000000000000000, 0.000000000000000000 ) ) ;
#2344 = PLANE ( 'NONE',  #7125 ) ;
#2345 = VERTEX_POINT ( 'NONE', #4908 ) ;
#2346 = VERTEX_POINT ( 'NONE', #11053 ) ;
#2347 = VECTOR ( 'NONE', #7719, 1000.000000000000000 ) ;
#2348 = CARTESIAN_POINT ( 'NONE',  ( 24.29440898831073525, -9.216331010030746285, 3.499999999999996003 ) ) ;
#2349 = EDGE_CURVE ( 'NONE', #4653, #601, #9244, .T. ) ;
#2350 = LINE ( 'NONE', #9726, #3755 ) ;
#2351 = EDGE_CURVE ( 'NONE', #3422, #5083, #347, .T. ) ;
#2352 = EDGE_LOOP ( 'NONE', ( #3229, #3729 ) ) ;
#2353 = FACE_OUTER_BOUND ( 'NONE', #5186, .T. ) ;
#2354 = DIRECTION ( 'NONE',  ( 0.000000000000000000, 0.000000000000000000, 1.000000000000000000 ) ) ;
#2355 = DIRECTION ( 'NONE',  ( 0.000000000000000000, -0.000000000000000000, -1.000000000000000000 ) ) ;
#2356 = CARTESIAN_POINT ( 'NONE',  ( 25.99999999999999289, 7.050000000000004263, 1.799999999999999600 ) ) ;
#2357 = ADVANCED_FACE ( 'NONE', ( #6759 ), #9690, .F. ) ;
#2358 = CARTESIAN_POINT ( 'NONE',  ( -5.960000000000010623, 26.74999999999999645, 0.5000000000000004441 ) ) ;
#2359 = PLANE ( 'NONE',  #7635 ) ;
#2360 = CARTESIAN_POINT ( 'NONE',  ( -66.01999999999999602, 2.799999999999998490, 1.000000000000000888 ) ) ;
#2361 = CARTESIAN_POINT ( 'NONE',  ( 23.67681736507730506, -7.048858418969061290, 3.999999999999996447 ) ) ;
#2362 = LINE ( 'NONE', #6091, #2228 ) ;
#2363 = VERTEX_POINT ( 'NONE', #6935 ) ;
#2364 = DIRECTION ( 'NONE',  ( -0.000000000000000000, -1.000000000000000000, -0.000000000000000000 ) ) ;
#2365 = EDGE_CURVE ( 'NONE', #4100, #7954, #7905, .T. ) ;
#2366 = CYLINDRICAL_SURFACE ( 'NONE', #3961, 0.9750000000000001998 ) ;
#2367 = DIRECTION ( 'NONE',  ( 0.000000000000000000, 0.000000000000000000, 1.000000000000000000 ) ) ;
#2368 = EDGE_LOOP ( 'NONE', ( #789, #11473, #10183, #3067 ) ) ;
#2369 = DIRECTION ( 'NONE',  ( 0.000000000000000000, 0.000000000000000000, 1.000000000000000000 ) ) ;
#2370 = CARTESIAN_POINT ( 'NONE',  ( 24.52564102564101844, -5.340460151223551222, 3.499999999999999556 ) ) ;
#2371 = CARTESIAN_POINT ( 'NONE',  ( 24.92889199336873318, -15.00285622407671582, 3.999999999999970690 ) ) ;
#2372 = ADVANCED_FACE ( 'NONE', ( #10602 ), #10669, .F. ) ;
#2373 = ADVANCED_FACE ( 'NONE', ( #6282 ), #11648, .T. ) ;
#2374 = ORIENTED_EDGE ( 'NONE', *, *, #5652, .T. ) ;
#2375 = CARTESIAN_POINT ( 'NONE',  ( -17.89999999999999503, 37.54999999999998295, -20.20000000000000284 ) ) ;
#2376 = FACE_OUTER_BOUND ( 'NONE', #9000, .T. ) ;
#2377 = ORIENTED_EDGE ( 'NONE', *, *, #7567, .T. ) ;
#2378 = ORIENTED_EDGE ( 'NONE', *, *, #7207, .T. ) ;
#2379 = CARTESIAN_POINT ( 'NONE',  ( 25.08148573214197086, -11.73615054760315068, 3.999999999999996447 ) ) ;
#2380 = CARTESIAN_POINT ( 'NONE',  ( 28.55132065661576846, 7.667566115590591203, 5.999999999999998224 ) ) ;
#2381 = CARTESIAN_POINT ( 'NONE',  ( -66.01999999999999602, 1.999999999999986233, 0.1999999999999918510 ) ) ;
#2382 = PLANE ( 'NONE',  #8032 ) ;
#2383 = VECTOR ( 'NONE', #642, 1000.000000000000000 ) ;
#2384 = B_SPLINE_CURVE_WITH_KNOTS ( 'NONE', 3,
 ( #2812, #6484, #4761, #8418, #1922, #6605, #3866 ),
 .UNSPECIFIED., .F., .F.,
 ( 4, 1, 1, 1, 4 ),
 ( 0.000000000000000000, 0.2636630635207407591, 0.5231302484245149431, 0.7670950153782087888, 1.000000000000000000 ),
 .UNSPECIFIED. ) ;
#2385 = EDGE_CURVE ( 'NONE', #9129, #8580, #5340, .T. ) ;
#2386 = CARTESIAN_POINT ( 'NONE',  ( 23.86886519792581396, -14.55119597758815431, 3.499999999999996003 ) ) ;
#2387 = CARTESIAN_POINT ( 'NONE',  ( 26.57648246869064934, -12.60676767337687210, 3.500000000000006661 ) ) ;
#2388 = DIRECTION ( 'NONE',  ( 0.000000000000000000, -0.000000000000000000, -1.000000000000000000 ) ) ;
#2389 = EDGE_CURVE ( 'NONE', #4095, #5537, #5150, .T. ) ;
#2390 = DIRECTION ( 'NONE',  ( -1.000000000000000000, -1.927470528863119049E-16, 0.000000000000000000 ) ) ;
#2391 = ORIENTED_EDGE ( 'NONE', *, *, #1382, .T. ) ;
#2392 = EDGE_LOOP ( 'NONE', ( #1387, #11621, #2784, #8794, #11092, #7077, #2395, #6240, #8075, #3865, #6261, #10880, #7725, #5254, #7166, #4427 ) ) ;
#2393 = DIRECTION ( 'NONE',  ( 0.000000000000000000, 0.000000000000000000, 1.000000000000000000 ) ) ;
#2394 = ADVANCED_FACE ( 'NONE', ( #523 ), #11785, .T. ) ;
#2395 = ORIENTED_EDGE ( 'NONE', *, *, #5906, .F. ) ;
#2396 = VECTOR ( 'NONE', #11602, 1000.000000000000000 ) ;
#2397 = ORIENTED_EDGE ( 'NONE', *, *, #5552, .T. ) ;
#2398 = LINE ( 'NONE', #9773, #7244 ) ;
#2399 = ORIENTED_EDGE ( 'NONE', *, *, #2879, .F. ) ;
#2400 = ORIENTED_EDGE ( 'NONE', *, *, #5054, .F. ) ;
#2401 = CARTESIAN_POINT ( 'NONE',  ( -20.09999999999999787, 13.54999999999998828, -20.20000000000000284 ) ) ;
#2402 = CARTESIAN_POINT ( 'NONE',  ( 23.50991955618347617, -8.660798284288718563, 3.499999999999992895 ) ) ;
#2403 = AXIS2_PLACEMENT_3D ( 'NONE', #499, #4177, #11618 ) ;
#2404 = ORIENTED_EDGE ( 'NONE', *, *, #6177, .F. ) ;
#2405 = AXIS2_PLACEMENT_3D ( 'NONE', #9878, #1614, #5277 ) ;
#2406 = VERTEX_POINT ( 'NONE', #5446 ) ;
#2407 = CARTESIAN_POINT ( 'NONE',  ( 23.41951716871267664, -8.930310380465369846, 3.499999999999999556 ) ) ;
#2408 = CARTESIAN_POINT ( 'NONE',  ( -14.99999999999999645, -18.00000000000000000, 2.000000000000000000 ) ) ;
#2409 = ORIENTED_EDGE ( 'NONE', *, *, #196, .F. ) ;
#2410 = ORIENTED_EDGE ( 'NONE', *, *, #3775, .F. ) ;
#2411 = ORIENTED_EDGE ( 'NONE', *, *, #9922, .T. ) ;
#2412 = DIRECTION ( 'NONE',  ( -0.7640630736646418786, -0.6451415499424447697, 0.000000000000000000 ) ) ;
#2413 = B_SPLINE_CURVE_WITH_KNOTS ( 'NONE', 3,
 ( #199, #7512, #4830, #10274, #5733, #259, #7570, #9421, #1217, #1272, #4936, #374, #4054, #7696, #5955, #2478, #4994, #620, #5057, #6964, #4289, #2226, #11484 ),
 .UNSPECIFIED., .F., .F.,
 ( 4, 1, 1, 1, 1, 1, 1, 1, 1, 1, 1, 1, 1, 1, 1, 1, 1, 1, 1, 1, 4 ),
 ( 0.000000000000000000, 0.05384107006395724010, 0.1055570778902907986, 0.1576598550386147102, 0.2116004015064496535, 0.2398238189631961559, 0.2697149096324072959, 0.3010045387829044516, 0.3345039043075250240, 0.3701851682565436286, 0.4079947395610690752, 0.4485928039685276869, 0.4919866939927480254, 0.5385879323590512247, 0.5903019076030816548, 0.6463263058801917982, 0.7071888705370238393, 0.7729156939026262663, 0.8436211978520828936, 0.9192973113689119069, 1.000000000000000000 ),
 .UNSPECIFIED. ) ;
#2414 = AXIS2_PLACEMENT_3D ( 'NONE', #215, #4793, #453 ) ;
#2415 = ORIENTED_EDGE ( 'NONE', *, *, #3259, .F. ) ;
#2416 = CARTESIAN_POINT ( 'NONE',  ( 24.44492171118373847, -8.940043188326576740, 3.500000000000003109 ) ) ;
#2417 = DIRECTION ( 'NONE',  ( -1.000000000000000000, 0.000000000000000000, 0.000000000000000000 ) ) ;
#2418 = VERTEX_POINT ( 'NONE', #8153 ) ;
#2419 = CARTESIAN_POINT ( 'NONE',  ( 26.72115384615383604, -9.220668484556885147, 4.000000000000000000 ) ) ;
#2420 = FACE_OUTER_BOUND ( 'NONE', #3995, .T. ) ;
#2421 = AXIS2_PLACEMENT_3D ( 'NONE', #8494, #2117, #3070 ) ;
#2422 = DIRECTION ( 'NONE',  ( -0.000000000000000000, -1.000000000000000000, -0.000000000000000000 ) ) ;
#2423 = B_SPLINE_CURVE_WITH_KNOTS ( 'NONE', 3,
 ( #8539, #11060, #6666, #7444, #5728, #10328, #9253, #11179, #3985, #6495, #6725 ),
 .UNSPECIFIED., .F., .F.,
 ( 4, 1, 1, 1, 1, 1, 1, 1, 4 ),
 ( 0.000000000000000000, 0.1267387867356629949, 0.2498543875258566471, 0.3711825332970606350, 0.4989513846819695342, 0.6267202360668776562, 0.7501017216641020502, 0.8720976360168712915, 1.000000000000000000 ),
 .UNSPECIFIED. ) ;
#2424 = DIRECTION ( 'NONE',  ( 1.000000000000000000, 0.000000000000000000, 0.000000000000000000 ) ) ;
#2425 = LINE ( 'NONE', #11815, #5548 ) ;
#2426 = PLANE ( 'NONE',  #8733 ) ;
#2427 = CARTESIAN_POINT ( 'NONE',  ( 23.77201865095422662, -7.097953595255734882, 4.000000000000003553 ) ) ;
#2428 = AXIS2_PLACEMENT_3D ( 'NONE', #11886, #1051, #3644 ) ;
#2429 = DIRECTION ( 'NONE',  ( 0.000000000000000000, -1.000000000000000000, -0.000000000000000000 ) ) ;
#2430 = EDGE_LOOP ( 'NONE', ( #3582, #6347, #1835, #6947 ) ) ;
#2431 = CARTESIAN_POINT ( 'NONE',  ( 25.35897435897435059, -18.00000000000000000, 3.499999999999999556 ) ) ;
#2432 = CARTESIAN_POINT ( 'NONE',  ( 25.74649674865778337, -9.087483847309989926, 3.499999999999996003 ) ) ;
#2433 = DIRECTION ( 'NONE',  ( -0.000000000000000000, -0.000000000000000000, 1.000000000000000000 ) ) ;
#2434 = LINE ( 'NONE', #3338, #2383 ) ;
#2435 = EDGE_CURVE ( 'NONE', #6500, #9628, #8211, .T. ) ;
#2436 = LINE ( 'NONE', #2248, #1784 ) ;
#2437 = AXIS2_PLACEMENT_3D ( 'NONE', #3656, #6399, #10058 ) ;
#2438 = EDGE_CURVE ( 'NONE', #6062, #9543, #1732, .T. ) ;
#2439 = CARTESIAN_POINT ( 'NONE',  ( 24.31379886897115128, -14.81906728179008148, 3.499999999999992895 ) ) ;
#2440 = EDGE_CURVE ( 'NONE', #3676, #4606, #10874, .T. ) ;
#2441 = AXIS2_PLACEMENT_3D ( 'NONE', #545, #9463, #3061 ) ;
#2442 = CARTESIAN_POINT ( 'NONE',  ( -74.51999999999999602, 11.99999999999998579, 3.100000000000001865 ) ) ;
#2443 = ORIENTED_EDGE ( 'NONE', *, *, #9615, .F. ) ;
#2444 = VERTEX_POINT ( 'NONE', #2674 ) ;
#2445 = CARTESIAN_POINT ( 'NONE',  ( 25.49058668349189816, -11.69790894951090898, 3.499999999999996003 ) ) ;
#2446 = DIRECTION ( 'NONE',  ( -0.000000000000000000, -0.000000000000000000, 1.000000000000000000 ) ) ;
#2447 = PLANE ( 'NONE',  #8924 ) ;
#2448 = PLANE ( 'NONE',  #1706 ) ;
#2449 = EDGE_CURVE ( 'NONE', #8879, #5535, #7292, .T. ) ;
#2450 = CARTESIAN_POINT ( 'NONE',  ( 26.72115384615383604, -9.220668484556885147, 3.499999999999999556 ) ) ;
#2451 = AXIS2_PLACEMENT_3D ( 'NONE', #1837, #8269, #7536 ) ;
#2452 = DIRECTION ( 'NONE',  ( 0.000000000000000000, 0.000000000000000000, 1.000000000000000000 ) ) ;
#2453 = ORIENTED_EDGE ( 'NONE', *, *, #8289, .F. ) ;
#2454 = DIRECTION ( 'NONE',  ( 0.9127669952117229979, 0.4084806145365557084, 0.000000000000000000 ) ) ;
#2455 = ORIENTED_EDGE ( 'NONE', *, *, #11848, .F. ) ;
#2456 = EDGE_LOOP ( 'NONE', ( #10701, #4500, #4232, #10915, #5325, #486, #7062, #11450 ) ) ;
#2457 = FACE_BOUND ( 'NONE', #11588, .T. ) ;
#2458 = ORIENTED_EDGE ( 'NONE', *, *, #2974, .T. ) ;
#2459 = FACE_OUTER_BOUND ( 'NONE', #1628, .T. ) ;
#2460 = VERTEX_POINT ( 'NONE', #10043 ) ;
#2461 = LINE ( 'NONE', #10619, #11088 ) ;
#2462 = AXIS2_PLACEMENT_3D ( 'NONE', #4530, #10941, #8189 ) ;
#2463 = B_SPLINE_SURFACE_WITH_KNOTS ( 'NONE', 3, 1, ( 
 ( #2098, #5773 ),
 ( #8581, #4976 ),
 ( #1429, #6057 ),
 ( #11393, #7733 ),
 ( #7855, #6820 ),
 ( #3973, #8692 ),
 ( #6713, #297 ),
 ( #3166, #5999 ),
 ( #9577, #9453 ),
 ( #6765, #1253 ),
 ( #7614, #4916 ) ),
 .UNSPECIFIED., .F., .F., .F.,
 ( 4, 1, 1, 1, 1, 1, 1, 1, 4 ),
 ( 2, 2 ),
 ( 0.000000000000000000, 0.1323140339085648598, 0.2587000085531556692, 0.3809118214856536122, 0.5005348689728934541, 0.6209226176484486937, 0.7423757653984724980, 0.8682808341788553763, 1.000000000000000000 ),
 ( 0.000000000000000000, 1.000000000000000000 ),
 .UNSPECIFIED. ) ;
#2464 = ORIENTED_EDGE ( 'NONE', *, *, #2389, .T. ) ;
#2465 = CARTESIAN_POINT ( 'NONE',  ( 27.63841264388332064, -13.71302493319884164, 4.000000000000007105 ) ) ;
#2466 = DIRECTION ( 'NONE',  ( -0.000000000000000000, -0.000000000000000000, -1.000000000000000000 ) ) ;
#2467 = CARTESIAN_POINT ( 'NONE',  ( 23.39151584682969087, -9.073479574768635203, 3.499999999999992895 ) ) ;
#2468 = EDGE_CURVE ( 'NONE', #11200, #2222, #3838, .T. ) ;
#2469 = EDGE_LOOP ( 'NONE', ( #6887, #8379, #11245, #2561, #9763, #4350, #10026, #10133, #5934, #103, #7273, #4923, #8069, #1756, #2920 ) ) ;
#2470 = DIRECTION ( 'NONE',  ( 0.000000000000000000, 1.000000000000000000, 0.000000000000000000 ) ) ;
#2471 = LINE ( 'NONE', #5304, #615 ) ;
#2472 = ORIENTED_EDGE ( 'NONE', *, *, #11862, .T. ) ;
#2473 = VECTOR ( 'NONE', #10583, 1000.000000000000000 ) ;
#2474 = EDGE_LOOP ( 'NONE', ( #8896, #8516, #8190, #3721, #6280, #6863, #7684, #6465 ) ) ;
#2475 = CARTESIAN_POINT ( 'NONE',  ( 26.98547270309351376, -14.10353930280453838, 3.500000000000006661 ) ) ;
#2476 = ADVANCED_FACE ( 'NONE', ( #9148 ), #4610, .F. ) ;
#2477 = ORIENTED_EDGE ( 'NONE', *, *, #9109, .F. ) ;
#2478 = CARTESIAN_POINT ( 'NONE',  ( 26.83034349071441937, -12.63792724078922980, 4.000000000000007105 ) ) ;
#2479 = FACE_OUTER_BOUND ( 'NONE', #10357, .T. ) ;
#2480 = VECTOR ( 'NONE', #6025, 1000.000000000000000 ) ;
#2481 = AXIS2_PLACEMENT_3D ( 'NONE', #9028, #812, #5379 ) ;
#2482 = EDGE_CURVE ( 'NONE', #2750, #7600, #8194, .T. ) ;
#2483 = LINE ( 'NONE', #6143, #3737 ) ;
#2484 = DIRECTION ( 'NONE',  ( 0.000000000000000000, 0.000000000000000000, 1.000000000000000000 ) ) ;
#2485 = CARTESIAN_POINT ( 'NONE',  ( 9.199999999999995737, 18.00000000000000000, 2.000000000000000000 ) ) ;
#2486 = CIRCLE ( 'NONE', #9758, 2.250000000000001776 ) ;
#2487 = CARTESIAN_POINT ( 'NONE',  ( 24.24087916444691970, 8.452852054182152131, 6.747558652054626016 ) ) ;
#2488 = CARTESIAN_POINT ( 'NONE',  ( -5.199999999999996625, 11.60000000000000320, 3.500000000000000000 ) ) ;
#2489 = CARTESIAN_POINT ( 'NONE',  ( -38.26999999999998892, 7.049999999999989164, 1.000000000000013101 ) ) ;
#2490 = ORIENTED_EDGE ( 'NONE', *, *, #245, .T. ) ;
#2491 = DIRECTION ( 'NONE',  ( 1.000000000000000000, 0.000000000000000000, 0.000000000000000000 ) ) ;
#2492 = CARTESIAN_POINT ( 'NONE',  ( 25.87179487179486159, -9.462054702505605874, 3.500000000000003109 ) ) ;
#2493 = DIRECTION ( 'NONE',  ( 1.445602896647339410E-16, -1.000000000000000000, 0.000000000000000000 ) ) ;
#2494 = CIRCLE ( 'NONE', #6886, 2.624999999999998668 ) ;
#2495 = CARTESIAN_POINT ( 'NONE',  ( 41.99281195749227180, -13.70589365087839084, 3.499999999999999556 ) ) ;
#2496 = DIRECTION ( 'NONE',  ( 1.000000000000000000, -1.156482317317872218E-16, 0.000000000000000000 ) ) ;
#2497 = CARTESIAN_POINT ( 'NONE',  ( 23.51627179814065727, -14.11107845823598872, 3.999999999999974243 ) ) ;
#2498 = VECTOR ( 'NONE', #2771, 1000.000000000000000 ) ;
#2499 = DIRECTION ( 'NONE',  ( -0.000000000000000000, -0.000000000000000000, 1.000000000000000000 ) ) ;
#2500 = CARTESIAN_POINT ( 'NONE',  ( 26.98547270309351376, -14.10353930280453838, 4.000000000000007105 ) ) ;
#2501 = CARTESIAN_POINT ( 'NONE',  ( -48.89999999999998437, -10.45000000000001172, 1.000000000000000888 ) ) ;
#2502 = ORIENTED_EDGE ( 'NONE', *, *, #11639, .F. ) ;
#2503 = EDGE_LOOP ( 'NONE', ( #89, #3117, #2926, #2654 ) ) ;
#2504 = CARTESIAN_POINT ( 'NONE',  ( 24.72869081394977542, -11.80189826027968181, 3.499999999999996003 ) ) ;
#2505 = CARTESIAN_POINT ( 'NONE',  ( 26.42517884403941864, 9.640337420217937492, 6.812377427192834567 ) ) ;
#2506 = CARTESIAN_POINT ( 'NONE',  ( -20.09999999999999787, -10.45000000000001172, 1.000000000000002665 ) ) ;
#2507 = CARTESIAN_POINT ( 'NONE',  ( 23.40748915805416885, -13.77870821130162682, 3.499999999999999556 ) ) ;
#2508 = CIRCLE ( 'NONE', #2877, 2.624999999999998668 ) ;
#2509 = CARTESIAN_POINT ( 'NONE',  ( 28.49999999999999289, -10.98148579224919175, 4.000000000000000000 ) ) ;
#2510 = CARTESIAN_POINT ( 'NONE',  ( 14.99999999999999645, 12.09999999999999964, 13.19999999999999929 ) ) ;
#2511 = ORIENTED_EDGE ( 'NONE', *, *, #5166, .F. ) ;
#2512 = ORIENTED_EDGE ( 'NONE', *, *, #6109, .T. ) ;
#2513 = DIRECTION ( 'NONE',  ( 0.000000000000000000, 0.000000000000000000, 1.000000000000000000 ) ) ;
#2514 = ORIENTED_EDGE ( 'NONE', *, *, #5454, .T. ) ;
#2515 = DIRECTION ( 'NONE',  ( -0.000000000000000000, 0.000000000000000000, 1.000000000000000000 ) ) ;
#2516 = VERTEX_POINT ( 'NONE', #8561 ) ;
#2517 = EDGE_CURVE ( 'NONE', #1326, #6329, #388, .T. ) ;
#2518 = LINE ( 'NONE', #9521, #9327 ) ;
#2519 = AXIS2_PLACEMENT_3D ( 'NONE', #339, #7658, #5865 ) ;
#2520 = ORIENTED_EDGE ( 'NONE', *, *, #2036, .F. ) ;
#2521 = VERTEX_POINT ( 'NONE', #2002 ) ;
#2522 = DIRECTION ( 'NONE',  ( 0.7989865331005243654, -0.6013489169558756675, 0.000000000000000000 ) ) ;
#2523 = LINE ( 'NONE', #544, #9246 ) ;
#2524 = FACE_OUTER_BOUND ( 'NONE', #3802, .T. ) ;
#2525 = ORIENTED_EDGE ( 'NONE', *, *, #4213, .F. ) ;
#2526 = CARTESIAN_POINT ( 'NONE',  ( -25.99999999999999289, -10.45000000000001172, -6.211269837220810608 ) ) ;
#2527 = CARTESIAN_POINT ( 'NONE',  ( -18.99999999999999645, -10.45000000000001172, 1.000000000000002665 ) ) ;
#2528 = ORIENTED_EDGE ( 'NONE', *, *, #4101, .F. ) ;
#2529 = ORIENTED_EDGE ( 'NONE', *, *, #3930, .T. ) ;
#2530 = EDGE_LOOP ( 'NONE', ( #6574, #10006 ) ) ;
#2531 = CARTESIAN_POINT ( 'NONE',  ( 28.62820512820512064, -13.37030790763380850, 3.500000000000003109 ) ) ;
#2532 = EDGE_CURVE ( 'NONE', #759, #6946, #3009, .T. ) ;
#2533 = EDGE_CURVE ( 'NONE', #11875, #10748, #5323, .T. ) ;
#2534 = ADVANCED_FACE ( 'NONE', ( #9382 ), #3142, .F. ) ;
#2535 = ORIENTED_EDGE ( 'NONE', *, *, #5832, .T. ) ;
#2536 = VECTOR ( 'NONE', #3735, 1000.000000000000000 ) ;
#2537 = DIRECTION ( 'NONE',  ( 1.000000000000000000, 0.000000000000000000, 0.000000000000000000 ) ) ;
#2538 = EDGE_LOOP ( 'NONE', ( #8941, #6754, #5617, #1642, #6642, #4347, #4743, #8788, #4192, #8017, #6207, #1942 ) ) ;
#2539 = EDGE_LOOP ( 'NONE', ( #10071, #11240, #10196, #307 ) ) ;
#2540 = EDGE_CURVE ( 'NONE', #8970, #690, #11324, .T. ) ;
#2541 = CARTESIAN_POINT ( 'NONE',  ( 24.28625470765975791, -7.858638376539896164, 4.000000000000000000 ) ) ;
#2542 = EDGE_CURVE ( 'NONE', #5731, #5654, #6796, .T. ) ;
#2543 = PLANE ( 'NONE',  #8838 ) ;
#2544 = ORIENTED_EDGE ( 'NONE', *, *, #4292, .F. ) ;
#2545 = VECTOR ( 'NONE', #4161, 1000.000000000000000 ) ;
#2546 = EDGE_CURVE ( 'NONE', #8680, #4152, #8510, .T. ) ;
#2547 = VERTEX_POINT ( 'NONE', #8668 ) ;
#2548 = DIRECTION ( 'NONE',  ( -0.000000000000000000, -0.000000000000000000, 1.000000000000000000 ) ) ;
#2549 = CARTESIAN_POINT ( 'NONE',  ( 20.99999999999998934, 25.55000000000001492, 2.975000000000000977 ) ) ;
#2550 = CARTESIAN_POINT ( 'NONE',  ( 23.37999655358635209, 6.888114420714384956, 6.808068238351443036 ) ) ;
#2551 = CARTESIAN_POINT ( 'NONE',  ( 24.46240830770814867, -13.83249763918791864, 4.000000000000003553 ) ) ;
#2552 = EDGE_LOOP ( 'NONE', ( #4110, #11533 ) ) ;
#2553 = CARTESIAN_POINT ( 'NONE',  ( 33.94999999999999574, -5.999999999999988454, 2.000000000000001776 ) ) ;
#2554 = PLANE ( 'NONE',  #373 ) ;
#2555 = VECTOR ( 'NONE', #10354, 1000.000000000000000 ) ;
#2556 = CARTESIAN_POINT ( 'NONE',  ( 43.03332407921453751, 41.99999999999997868, 0.000000000000000000 ) ) ;
#2557 = B_SPLINE_SURFACE_WITH_KNOTS ( 'NONE', 3, 1, ( 
 ( #6889, #2266 ),
 ( #4979, #5939 ),
 ( #11465, #359 ),
 ( #3231, #5775 ),
 ( #2158, #416 ),
 ( #7617, #5880 ),
 ( #1203, #1432 ),
 ( #3169, #3055 ),
 ( #3920, #7736 ),
 ( #10319, #4867 ),
 ( #2211, #10554 ) ),
 .UNSPECIFIED., .F., .F., .F.,
 ( 4, 1, 1, 1, 1, 1, 1, 1, 4 ),
 ( 2, 2 ),
 ( 0.000000000000000000, 0.1270595051330062064, 0.2501582211420712576, 0.3728213857810748211, 0.5001667879735030020, 0.6273612302796138795, 0.7494693424423126693, 0.8717739731331578534, 1.000000000000000000 ),
 ( 0.000000000000000000, 1.000000000000000000 ),
 .UNSPECIFIED. ) ;
#2558 = CARTESIAN_POINT ( 'NONE',  ( 23.63103500529499357, -14.30319670791077691, 3.999999999999970690 ) ) ;
#2559 = CARTESIAN_POINT ( 'NONE',  ( 27.58532216342740639, -13.78316893226880957, 3.500000000000006661 ) ) ;
#2560 = PLANE ( 'NONE',  #11496 ) ;
#2561 = ORIENTED_EDGE ( 'NONE', *, *, #3507, .T. ) ;
#2562 = FACE_OUTER_BOUND ( 'NONE', #1659, .T. ) ;
#2563 = CARTESIAN_POINT ( 'NONE',  ( 23.49999999999999289, -3.994306305069704965, 4.000000000000000000 ) ) ;
#2564 = CYLINDRICAL_SURFACE ( 'NONE', #3430, 1.100000000000003642 ) ;
#2565 = CARTESIAN_POINT ( 'NONE',  ( 24.07276606609465475, -14.69493608127205420, 3.499999999999992895 ) ) ;
#2566 = LINE ( 'NONE', #7072, #3691 ) ;
#2567 = ORIENTED_EDGE ( 'NONE', *, *, #7009, .T. ) ;
#2568 = LINE ( 'NONE', #10000, #1568 ) ;
#2569 = VERTEX_POINT ( 'NONE', #9553 ) ;
#2570 = ORIENTED_EDGE ( 'NONE', *, *, #5767, .T. ) ;
#2571 = DIRECTION ( 'NONE',  ( 0.000000000000000000, -0.000000000000000000, 1.000000000000000000 ) ) ;
#2572 = ORIENTED_EDGE ( 'NONE', *, *, #4876, .F. ) ;
#2573 = ORIENTED_EDGE ( 'NONE', *, *, #723, .T. ) ;
#2574 = CARTESIAN_POINT ( 'NONE',  ( 46.09999999999999432, -13.45000000000001350, -1.734723475976807094E-15 ) ) ;
#2575 = VERTEX_POINT ( 'NONE', #10464 ) ;
#2576 = DIRECTION ( 'NONE',  ( -1.000000000000000000, 0.000000000000000000, 0.000000000000000000 ) ) ;
#2577 = DIRECTION ( 'NONE',  ( -1.000000000000000000, 0.000000000000000000, 0.000000000000000000 ) ) ;
#2578 = ORIENTED_EDGE ( 'NONE', *, *, #7977, .F. ) ;
#2579 = DIRECTION ( 'NONE',  ( 1.000000000000000000, 0.000000000000000000, 0.000000000000000000 ) ) ;
#2580 = DIRECTION ( 'NONE',  ( 0.000000000000000000, 1.000000000000000000, 0.000000000000000000 ) ) ;
#2581 = EDGE_CURVE ( 'NONE', #6900, #1131, #8678, .T. ) ;
#2582 = VERTEX_POINT ( 'NONE', #4954 ) ;
#2583 = VECTOR ( 'NONE', #7174, 1000.000000000000114 ) ;
#2584 = VERTEX_POINT ( 'NONE', #450 ) ;
#2585 = CARTESIAN_POINT ( 'NONE',  ( 27.25048333301749537, -14.02156898013575592, 3.500000000000006661 ) ) ;
#2586 = ADVANCED_FACE ( 'NONE', ( #2969 ), #4123, .F. ) ;
#2587 = ADVANCED_FACE ( 'NONE', ( #8452 ), #10229, .F. ) ;
#2588 = VECTOR ( 'NONE', #10577, 1000.000000000000000 ) ;
#2589 = AXIS2_PLACEMENT_3D ( 'NONE', #1031, #1765, #7324 ) ;
#2590 = DIRECTION ( 'NONE',  ( 1.000000000000000000, 0.000000000000000000, 0.000000000000000000 ) ) ;
#2591 = VERTEX_POINT ( 'NONE', #10347 ) ;
#2592 = ORIENTED_EDGE ( 'NONE', *, *, #2874, .F. ) ;
#2593 = FACE_OUTER_BOUND ( 'NONE', #9489, .T. ) ;
#2594 = EDGE_CURVE ( 'NONE', #3864, #2809, #2805, .T. ) ;
#2595 = EDGE_CURVE ( 'NONE', #7986, #2346, #4245, .T. ) ;
#2596 = CYLINDRICAL_SURFACE ( 'NONE', #5392, 1.100000000000003642 ) ;
#2597 = AXIS2_PLACEMENT_3D ( 'NONE', #8248, #19, #3693 ) ;
#2598 = CARTESIAN_POINT ( 'NONE',  ( 27.79533191373339918, -14.76258535496946678, 3.499999999999999556 ) ) ;
#2599 = ORIENTED_EDGE ( 'NONE', *, *, #10894, .F. ) ;
#2600 = DIRECTION ( 'NONE',  ( 0.000000000000000000, 1.000000000000000000, 0.000000000000000000 ) ) ;
#2601 = CARTESIAN_POINT ( 'NONE',  ( 26.72115384615383604, -9.220668484556885147, 4.000000000000000000 ) ) ;
#2602 = DIRECTION ( 'NONE',  ( 1.000000000000000000, 0.000000000000000000, 0.000000000000000000 ) ) ;
#2603 = EDGE_CURVE ( 'NONE', #6468, #5555, #2362, .T. ) ;
#2604 = CARTESIAN_POINT ( 'NONE',  ( -79.19999999999998863, -1.366094737331735587E-14, 3.100000000000001865 ) ) ;
#2605 = VECTOR ( 'NONE', #3465, 1000.000000000000000 ) ;
#2606 = DIRECTION ( 'NONE',  ( 1.000000000000000000, 0.000000000000000000, 0.000000000000000000 ) ) ;
#2607 = CARTESIAN_POINT ( 'NONE',  ( -9.199999999999999289, -11.59999999999999964, 3.500000000000000000 ) ) ;
#2608 = DIRECTION ( 'NONE',  ( -0.000000000000000000, -0.000000000000000000, 1.000000000000000000 ) ) ;
#2609 = EDGE_CURVE ( 'NONE', #2284, #3435, #7044, .T. ) ;
#2610 = CARTESIAN_POINT ( 'NONE',  ( 24.18922023675434829, -14.75819930554807335, 3.999999999999980904 ) ) ;
#2611 = COLOUR_RGB ( '',0.7921568627450980005, 0.8196078431372548767, 0.9333333333333333481 ) ;
#2612 = CYLINDRICAL_SURFACE ( 'NONE', #5541, 1.100000000000000311 ) ;
#2613 = LINE ( 'NONE', #3342, #5557 ) ;
#2614 = ADVANCED_FACE ( 'NONE', ( #4190 ), #636, .T. ) ;
#2615 = DIRECTION ( 'NONE',  ( 0.000000000000000000, 0.000000000000000000, -1.000000000000000000 ) ) ;
#2616 = CARTESIAN_POINT ( 'NONE',  ( 24.32537835577652885, -9.704229962722175529, 3.500000000000006661 ) ) ;
#2617 = DIRECTION ( 'NONE',  ( 1.000000000000000000, 0.000000000000000000, 0.000000000000000000 ) ) ;
#2618 = DIRECTION ( 'NONE',  ( 0.000000000000000000, 1.000000000000000000, 0.000000000000000000 ) ) ;
#2619 = DIRECTION ( 'NONE',  ( 1.000000000000000000, 0.000000000000000000, 0.000000000000000000 ) ) ;
#2620 = EDGE_CURVE ( 'NONE', #8443, #6981, #509, .T. ) ;
#2621 = DIRECTION ( 'NONE',  ( 0.000000000000000000, 0.000000000000000000, 1.000000000000000000 ) ) ;
#2622 = AXIS2_PLACEMENT_3D ( 'NONE', #11628, #2429, #8974 ) ;
#2623 = EDGE_CURVE ( 'NONE', #2040, #9306, #758, .T. ) ;
#2624 = DIRECTION ( 'NONE',  ( -0.000000000000000000, -0.000000000000000000, 1.000000000000000000 ) ) ;
#2625 = CIRCLE ( 'NONE', #8198, 0.9749999999999993117 ) ;
#2626 = CARTESIAN_POINT ( 'NONE',  ( 24.09098534024904481, -7.130121392618137932, 3.499999999999999556 ) ) ;
#2627 = ORIENTED_EDGE ( 'NONE', *, *, #2149, .F. ) ;
#2628 = CARTESIAN_POINT ( 'NONE',  ( 41.19999999999999574, 25.55000000000001492, 2.975000000000000977 ) ) ;
#2629 = VERTEX_POINT ( 'NONE', #8724 ) ;
#2630 = DIRECTION ( 'NONE',  ( -0.9842688068584216632, -0.1766774344547123454, 0.000000000000000000 ) ) ;
#2631 = VECTOR ( 'NONE', #442, 1000.000000000000000 ) ;
#2632 = LINE ( 'NONE', #5463, #8354 ) ;
#2633 = CARTESIAN_POINT ( 'NONE',  ( -16.99999999999999645, 36.51922359359556225, 2.000000000000000000 ) ) ;
#2634 = LINE ( 'NONE', #2802, #10495 ) ;
#2635 = DIRECTION ( 'NONE',  ( -0.2497379085651796893, -0.9683134704348019817, 0.000000000000000000 ) ) ;
#2636 = PLANE ( 'NONE',  #9420 ) ;
#2637 = AXIS2_PLACEMENT_3D ( 'NONE', #10237, #4618, #2732 ) ;
#2638 = DIRECTION ( 'NONE',  ( 0.000000000000000000, 0.000000000000000000, 1.000000000000000000 ) ) ;
#2639 = ORIENTED_EDGE ( 'NONE', *, *, #5742, .T. ) ;
#2640 = DIRECTION ( 'NONE',  ( 1.000000000000000000, 0.000000000000000000, 0.000000000000000000 ) ) ;
#2641 = VERTEX_POINT ( 'NONE', #6862 ) ;
#2642 = CARTESIAN_POINT ( 'NONE',  ( 26.67281426648461817, -15.05696779646828887, 3.499999999999992895 ) ) ;
#2643 = AXIS2_PLACEMENT_3D ( 'NONE', #1198, #8526, #7613 ) ;
#2644 = VECTOR ( 'NONE', #2865, 1000.000000000000000 ) ;
#2645 = ORIENTED_EDGE ( 'NONE', *, *, #5242, .F. ) ;
#2646 = CARTESIAN_POINT ( 'NONE',  ( 25.99999999999999289, 7.050000000000004263, 1.799999999999999600 ) ) ;
#2647 = VERTEX_POINT ( 'NONE', #11503 ) ;
#2648 = ORIENTED_EDGE ( 'NONE', *, *, #4533, .F. ) ;
#2649 = VECTOR ( 'NONE', #3533, 1000.000000000000000 ) ;
#2650 = LINE ( 'NONE', #10824, #863 ) ;
#2651 = EDGE_CURVE ( 'NONE', #7954, #456, #9742, .T. ) ;
#2652 = DIRECTION ( 'NONE',  ( -0.000000000000000000, -0.000000000000000000, -1.000000000000000000 ) ) ;
#2653 = FACE_OUTER_BOUND ( 'NONE', #7659, .T. ) ;
#2654 = ORIENTED_EDGE ( 'NONE', *, *, #5079, .F. ) ;
#2655 = CARTESIAN_POINT ( 'NONE',  ( 24.93370369970456935, -11.04058012465493555, 3.999999999999996447 ) ) ;
#2656 = B_SPLINE_CURVE_WITH_KNOTS ( 'NONE', 3,
 ( #9641, #5101, #536, #3302, #4216, #2267, #9458, #7618, #11349, #5940, #8585, #11292, #3115, #10430, #7862, #5881, #6950, #10616, #8531 ),
 .UNSPECIFIED., .F., .F.,
 ( 4, 1, 1, 1, 1, 1, 1, 1, 1, 1, 1, 1, 1, 1, 1, 1, 4 ),
 ( 0.000000000000000000, 0.1107529993405871743, 0.2123770877825401082, 0.3055537685572882189, 0.3899007399344694980, 0.4667693486981460693, 0.5354846284785268473, 0.5968213492275972198, 0.6513608763089898668, 0.7013391554855927801, 0.7478559223166779679, 0.7921917188561057310, 0.8342559937812544790, 0.8753128158421641380, 0.9160205555409864919, 0.9576451221380055667, 1.000000000000000000 ),
 .UNSPECIFIED. ) ;
#2657 = VECTOR ( 'NONE', #3627, 1000.000000000000000 ) ;
#2658 = CARTESIAN_POINT ( 'NONE',  ( 25.99999999999999289, 7.050000000000004263, 3.599999999999999201 ) ) ;
#2659 = PLANE ( 'NONE',  #7208 ) ;
#2660 = CIRCLE ( 'NONE', #555, 0.9750000000000001998 ) ;
#2661 = EDGE_CURVE ( 'NONE', #7861, #11131, #8854, .T. ) ;
#2662 = FACE_OUTER_BOUND ( 'NONE', #3113, .T. ) ;
#2663 = FACE_BOUND ( 'NONE', #2086, .T. ) ;
#2664 = ORIENTED_EDGE ( 'NONE', *, *, #9300, .F. ) ;
#2665 = DIRECTION ( 'NONE',  ( -1.000000000000000000, -0.000000000000000000, -0.000000000000000000 ) ) ;
#2666 = VECTOR ( 'NONE', #992, 1000.000000000000000 ) ;
#2667 = CARTESIAN_POINT ( 'NONE',  ( 30.99999999999999289, 2.050000000000005151, 6.000000000000008882 ) ) ;
#2668 = DIRECTION ( 'NONE',  ( 0.000000000000000000, 0.000000000000000000, 1.000000000000000000 ) ) ;
#2669 = CARTESIAN_POINT ( 'NONE',  ( 27.63841264388332064, -13.71302493319884164, 4.000000000000007105 ) ) ;
#2670 = CARTESIAN_POINT ( 'NONE',  ( -16.99999999999999645, -9.419223593595587474, -5.363961030678932040 ) ) ;
#2671 = EDGE_CURVE ( 'NONE', #8830, #4653, #569, .T. ) ;
#2672 = EDGE_CURVE ( 'NONE', #6690, #1314, #2301, .T. ) ;
#2673 = CARTESIAN_POINT ( 'NONE',  ( 23.43466761870038795, -13.89565009584741162, 4.000000000000003553 ) ) ;
#2674 = CARTESIAN_POINT ( 'NONE',  ( 9.199999999999995737, 10.60000000000000142, 3.499999999999999556 ) ) ;
#2675 = AXIS2_PLACEMENT_3D ( 'NONE', #2014, #11213, #2986 ) ;
#2676 = DIRECTION ( 'NONE',  ( -0.8416912655466750603, 0.5399590850262976360, 0.000000000000000000 ) ) ;
#2677 = DIRECTION ( 'NONE',  ( -1.000000000000000000, -0.000000000000000000, -0.000000000000000000 ) ) ;
#2678 = CARTESIAN_POINT ( 'NONE',  ( 27.53038865998457752, 5.400633288382907793, 5.999999999999998224 ) ) ;
#2679 = DIRECTION ( 'NONE',  ( 0.000000000000000000, -0.000000000000000000, -1.000000000000000000 ) ) ;
#2680 = CARTESIAN_POINT ( 'NONE',  ( 0.000000000000000000, 0.000000000000000000, 2.000000000000000000 ) ) ;
#2681 = DIRECTION ( 'NONE',  ( -0.000000000000000000, -1.000000000000000000, -0.000000000000000000 ) ) ;
#2682 = AXIS2_PLACEMENT_3D ( 'NONE', #11822, #5499, #8256 ) ;
#2683 = ORIENTED_EDGE ( 'NONE', *, *, #200, .F. ) ;
#2684 = VERTEX_POINT ( 'NONE', #10780 ) ;
#2685 = LINE ( 'NONE', #1063, #8963 ) ;
#2686 = LINE ( 'NONE', #6351, #8432 ) ;
#2687 = EDGE_CURVE ( 'NONE', #9345, #8130, #10113, .T. ) ;
#2688 = APPLICATION_PROTOCOL_DEFINITION ( 'draft international standard', 'automotive_design', 1998, #1914 ) ;
#2689 = CARTESIAN_POINT ( 'NONE',  ( 5.999999999999997335, 10.60000000000000142, 0.000000000000000000 ) ) ;
#2690 = FACE_OUTER_BOUND ( 'NONE', #227, .T. ) ;
#2691 = FACE_OUTER_BOUND ( 'NONE', #2153, .T. ) ;
#2692 = AXIS2_PLACEMENT_3D ( 'NONE', #2030, #239, #7552 ) ;
#2693 = EDGE_CURVE ( 'NONE', #2346, #6251, #5503, .T. ) ;
#2694 = CARTESIAN_POINT ( 'NONE',  ( -27.09999999999999076, 9.549999999999988276, 1.000000000000000888 ) ) ;
#2695 = CARTESIAN_POINT ( 'NONE',  ( 31.69999999999999218, -5.999999999999988454, 2.000000000000001776 ) ) ;
#2696 = VERTEX_POINT ( 'NONE', #5135 ) ;
#2697 = DIRECTION ( 'NONE',  ( 0.000000000000000000, 0.000000000000000000, 1.000000000000000000 ) ) ;
#2698 = ORIENTED_EDGE ( 'NONE', *, *, #5492, .F. ) ;
#2699 = CARTESIAN_POINT ( 'NONE',  ( 24.98933202215171079, -12.66893938426554911, 4.000000000000011546 ) ) ;
#2700 = VECTOR ( 'NONE', #1160, 1000.000000000000114 ) ;
#2701 = CARTESIAN_POINT ( 'NONE',  ( 25.64277398288026433, 9.650579660901161816, 3.599999999999999201 ) ) ;
#2702 = CARTESIAN_POINT ( 'NONE',  ( 22.99999999999999289, 7.050000000000004263, 12.08528137423856741 ) ) ;
#2703 = ORIENTED_EDGE ( 'NONE', *, *, #5182, .F. ) ;
#2704 = ORIENTED_EDGE ( 'NONE', *, *, #6327, .F. ) ;
#2705 = VECTOR ( 'NONE', #5653, 1000.000000000000114 ) ;
#2706 = DIRECTION ( 'NONE',  ( 0.000000000000000000, 0.000000000000000000, -1.000000000000000000 ) ) ;
#2707 = CARTESIAN_POINT ( 'NONE',  ( 28.29030201856606297, 8.332630758929550296, 5.999999999999998224 ) ) ;
#2708 = ORIENTED_EDGE ( 'NONE', *, *, #6967, .F. ) ;
#2709 = CARTESIAN_POINT ( 'NONE',  ( 24.59365820373961142, -10.98062219889091651, 3.999999999999996447 ) ) ;
#2710 = VECTOR ( 'NONE', #10466, 1000.000000000000000 ) ;
#2711 = ADVANCED_FACE ( 'NONE', ( #3333 ), #10652, .F. ) ;
#2712 = LINE ( 'NONE', #1875, #10864 ) ;
#2713 = DIRECTION ( 'NONE',  ( -1.000000000000000000, 0.000000000000000000, 0.000000000000000000 ) ) ;
#2714 = DIRECTION ( 'NONE',  ( 0.000000000000000000, -1.000000000000000000, 0.000000000000000000 ) ) ;
#2715 = FACE_BOUND ( 'NONE', #136, .T. ) ;
#2716 = EDGE_LOOP ( 'NONE', ( #10931, #1856, #10456, #8175 ) ) ;
#2717 = CARTESIAN_POINT ( 'NONE',  ( 6.512994231491118668, -15.00000000000000355, 3.450000000000000178 ) ) ;
#2718 = AXIS2_PLACEMENT_3D ( 'NONE', #8827, #6955, #3243 ) ;
#2719 = CARTESIAN_POINT ( 'NONE',  ( -17.00000000000000000, 41.99999999999997868, 0.000000000000000000 ) ) ;
#2720 = ADVANCED_FACE ( 'NONE', ( #1536 ), #10085, .F. ) ;
#2721 = DIRECTION ( 'NONE',  ( 0.000000000000000000, 0.000000000000000000, 1.000000000000000000 ) ) ;
#2722 = LINE ( 'NONE', #8257, #2257 ) ;
#2723 = CARTESIAN_POINT ( 'NONE',  ( 27.70956352234567532, -13.56030988741396826, 4.000000000000003553 ) ) ;
#2724 = LINE ( 'NONE', #2907, #7079 ) ;
#2725 = VERTEX_POINT ( 'NONE', #201 ) ;
#2726 = CARTESIAN_POINT ( 'NONE',  ( 23.38594170209642442, -13.65676704002534692, 4.000000000000000000 ) ) ;
#2727 = VECTOR ( 'NONE', #4077, 1000.000000000000000 ) ;
#2728 = DIRECTION ( 'NONE',  ( -0.000000000000000000, -0.000000000000000000, 1.000000000000000000 ) ) ;
#2729 = DIRECTION ( 'NONE',  ( -0.000000000000000000, -0.000000000000000000, 1.000000000000000000 ) ) ;
#2730 = DIRECTION ( 'NONE',  ( 0.04677265186363323279, 0.9989055606200435422, 0.000000000000000000 ) ) ;
#2731 = DIRECTION ( 'NONE',  ( 0.000000000000000000, -0.000000000000000000, -1.000000000000000000 ) ) ;
#2732 = DIRECTION ( 'NONE',  ( 1.000000000000000000, 0.000000000000000000, 0.000000000000000000 ) ) ;
#2733 = EDGE_CURVE ( 'NONE', #7638, #1845, #3824, .T. ) ;
#2734 = ADVANCED_FACE ( 'NONE', ( #2051, #4832, #10334 ), #9423, .F. ) ;
#2735 = CARTESIAN_POINT ( 'NONE',  ( 28.62168949522843775, -13.17456320598610553, 3.500000000000003109 ) ) ;
#2736 = ORIENTED_EDGE ( 'NONE', *, *, #6710, .F. ) ;
#2737 = LINE ( 'NONE', #1840, #9508 ) ;
#2738 = DIRECTION ( 'NONE',  ( 1.000000000000000000, 0.000000000000000000, 0.000000000000000000 ) ) ;
#2739 = ORIENTED_EDGE ( 'NONE', *, *, #10736, .T. ) ;
#2740 = DIRECTION ( 'NONE',  ( -1.000000000000000000, 0.000000000000000000, 0.000000000000000000 ) ) ;
#2741 = ORIENTED_EDGE ( 'NONE', *, *, #558, .F. ) ;
#2742 = DIRECTION ( 'NONE',  ( -1.000000000000000000, 0.000000000000000000, 0.000000000000000000 ) ) ;
#2743 = LINE ( 'NONE', #6407, #7423 ) ;
#2744 = FACE_OUTER_BOUND ( 'NONE', #1375, .T. ) ;
#2745 = FACE_OUTER_BOUND ( 'NONE', #6321, .T. ) ;
#2746 = VERTEX_POINT ( 'NONE', #8864 ) ;
#2747 = PLANE ( 'NONE',  #7697 ) ;
#2748 = EDGE_CURVE ( 'NONE', #10285, #6546, #9322, .T. ) ;
#2749 = ORIENTED_EDGE ( 'NONE', *, *, #11404, .F. ) ;
#2750 = VERTEX_POINT ( 'NONE', #3211 ) ;
#2751 = DIRECTION ( 'NONE',  ( -1.000000000000000000, 0.000000000000000000, 0.000000000000000000 ) ) ;
#2752 = DIRECTION ( 'NONE',  ( 0.000000000000000000, 0.000000000000000000, -1.000000000000000000 ) ) ;
#2753 = PLANE ( 'NONE',  #7315 ) ;
#2754 = CARTESIAN_POINT ( 'NONE',  ( 24.72731782444544635, -14.00286373009813090, 3.499999999999999556 ) ) ;
#2755 = VERTEX_POINT ( 'NONE', #3402 ) ;
#2756 = CIRCLE ( 'NONE', #4321, 1.049999999999998934 ) ;
#2757 = CARTESIAN_POINT ( 'NONE',  ( 25.53054203674924594, -10.03550810369756263, 3.500000000000003109 ) ) ;
#2758 = ORIENTED_EDGE ( 'NONE', *, *, #7730, .T. ) ;
#2759 = CARTESIAN_POINT ( 'NONE',  ( -49.99999999999998579, -10.45000000000001172, 0.000000000000000000 ) ) ;
#2760 = LINE ( 'NONE', #2707, #9032 ) ;
#2761 = ORIENTED_EDGE ( 'NONE', *, *, #5382, .F. ) ;
#2762 = ORIENTED_EDGE ( 'NONE', *, *, #8378, .F. ) ;
#2763 = VECTOR ( 'NONE', #10106, 1000.000000000000000 ) ;
#2764 = VERTEX_POINT ( 'NONE', #5983 ) ;
#2765 = VECTOR ( 'NONE', #4990, 1000.000000000000000 ) ;
#2766 = ORIENTED_EDGE ( 'NONE', *, *, #6829, .T. ) ;
#2767 = CARTESIAN_POINT ( 'NONE',  ( 25.95092147435896734, -11.68661399737739792, 3.500000000000003109 ) ) ;
#2768 = DIRECTION ( 'NONE',  ( -1.000000000000000000, 0.000000000000000000, 0.000000000000000000 ) ) ;
#2769 = CARTESIAN_POINT ( 'NONE',  ( -9.199999999999999289, 11.60000000000000320, 2.000000000000000000 ) ) ;
#2770 = PLANE ( 'NONE',  #5488 ) ;
#2771 = DIRECTION ( 'NONE',  ( 1.000000000000000000, 0.000000000000000000, 0.000000000000000000 ) ) ;
#2772 = EDGE_CURVE ( 'NONE', #9673, #1437, #3281, .T. ) ;
#2773 = DIRECTION ( 'NONE',  ( -1.000000000000000000, 0.000000000000000000, 0.000000000000000000 ) ) ;
#2774 = AXIS2_PLACEMENT_3D ( 'NONE', #6704, #4856, #8520 ) ;
#2775 = DIRECTION ( 'NONE',  ( 1.000000000000000000, 0.000000000000000000, 0.000000000000000000 ) ) ;
#2776 = DIRECTION ( 'NONE',  ( -0.000000000000000000, -1.000000000000000000, -0.000000000000000000 ) ) ;
#2777 = CARTESIAN_POINT ( 'NONE',  ( 28.47846413060095472, -14.08327171051219295, 3.999999999999994671 ) ) ;
#2778 = LINE ( 'NONE', #2906, #2832 ) ;
#2779 = LINE ( 'NONE', #5568, #2666 ) ;
#2780 = ORIENTED_EDGE ( 'NONE', *, *, #2517, .T. ) ;
#2781 = VECTOR ( 'NONE', #9611, 1000.000000000000000 ) ;
#2782 = DIRECTION ( 'NONE',  ( -1.000000000000000000, 0.000000000000000000, 0.000000000000000000 ) ) ;
#2783 = DIRECTION ( 'NONE',  ( 0.000000000000000000, -1.000000000000000000, 0.000000000000000000 ) ) ;
#2784 = ORIENTED_EDGE ( 'NONE', *, *, #7235, .F. ) ;
#2785 = LINE ( 'NONE', #6455, #2763 ) ;
#2786 = ADVANCED_FACE ( 'NONE', ( #6040 ), #1476, .F. ) ;
#2787 = FACE_OUTER_BOUND ( 'NONE', #9836, .T. ) ;
#2788 = DIRECTION ( 'NONE',  ( -0.000000000000000000, -0.000000000000000000, 1.000000000000000000 ) ) ;
#2789 = CARTESIAN_POINT ( 'NONE',  ( 26.65569768216054669, -10.12810008897223391, 4.000000000000003553 ) ) ;
#2790 = LINE ( 'NONE', #8106, #4850 ) ;
#2791 = FACE_OUTER_BOUND ( 'NONE', #609, .T. ) ;
#2792 = CIRCLE ( 'NONE', #10275, 2.999999999999999112 ) ;
#2793 = CARTESIAN_POINT ( 'NONE',  ( 24.61278044871794179, -13.94021976660816620, 4.000000000000003553 ) ) ;
#2794 = ORIENTED_EDGE ( 'NONE', *, *, #10007, .T. ) ;
#2795 = CARTESIAN_POINT ( 'NONE',  ( 20.99999999999998934, 1.550000000000006262, 2.975000000000000977 ) ) ;
#2796 = CARTESIAN_POINT ( 'NONE',  ( 23.39970072277616708, -9.709196161057121799, 3.500000000000003109 ) ) ;
#2797 = DIRECTION ( 'NONE',  ( 1.000000000000000000, 0.000000000000000000, 0.000000000000000000 ) ) ;
#2798 = ORIENTED_EDGE ( 'NONE', *, *, #7359, .F. ) ;
#2799 = EDGE_CURVE ( 'NONE', #10165, #9840, #4921, .T. ) ;
#2800 = VERTEX_POINT ( 'NONE', #9083 ) ;
#2801 = EDGE_LOOP ( 'NONE', ( #299, #798 ) ) ;
#2802 = CARTESIAN_POINT ( 'NONE',  ( -56.89999999999999147, 9.549999999999984723, -3.111269837220808299 ) ) ;
#2803 = CARTESIAN_POINT ( 'NONE',  ( 23.94614501817149232, -6.047365088695912050, 4.000000000000000000 ) ) ;
#2804 = EDGE_CURVE ( 'NONE', #7179, #358, #10899, .T. ) ;
#2805 = CIRCLE ( 'NONE', #11061, 1.050000000000002265 ) ;
#2806 = DIRECTION ( 'NONE',  ( -0.8516824790277545132, 0.5240581598612300551, 0.000000000000000000 ) ) ;
#2807 = DIRECTION ( 'NONE',  ( 0.000000000000000000, 1.000000000000000000, 0.000000000000000000 ) ) ;
#2808 = CARTESIAN_POINT ( 'NONE',  ( 29.44999999999999218, -5.999999999999988454, 2.000000000000001776 ) ) ;
#2809 = VERTEX_POINT ( 'NONE', #9983 ) ;
#2810 = CARTESIAN_POINT ( 'NONE',  ( -49.99999999999998579, -10.45000000000001172, -6.211269837220810608 ) ) ;
#2811 = ORIENTED_EDGE ( 'NONE', *, *, #8250, .F. ) ;
#2812 = CARTESIAN_POINT ( 'NONE',  ( 26.72115384615383604, -9.220668484556885147, 3.499999999999999556 ) ) ;
#2813 = AXIS2_PLACEMENT_3D ( 'NONE', #3357, #8820, #2571 ) ;
#2814 = LINE ( 'NONE', #6486, #11709 ) ;
#2815 = AXIS2_PLACEMENT_3D ( 'NONE', #11298, #2166, #4162 ) ;
#2816 = EDGE_CURVE ( 'NONE', #1061, #6969, #10037, .T. ) ;
#2817 = CARTESIAN_POINT ( 'NONE',  ( 26.66319914242449940, 9.200038813018830197, 5.999999999999998224 ) ) ;
#2818 = CARTESIAN_POINT ( 'NONE',  ( 25.55255615559625326, -14.17386352895866786, 3.500000000000003109 ) ) ;
#2819 = CARTESIAN_POINT ( 'NONE',  ( 25.24516557956310692, -10.13579181213675362, 4.000000000000000000 ) ) ;
#2820 = VERTEX_POINT ( 'NONE', #9139 ) ;
#2821 = DIRECTION ( 'NONE',  ( -1.000000000000000000, 0.000000000000000000, 0.000000000000000000 ) ) ;
#2822 = DIRECTION ( 'NONE',  ( -0.5862390983210594708, -0.8101380867480008074, 0.000000000000000000 ) ) ;
#2823 = AXIS2_PLACEMENT_3D ( 'NONE', #2010, #3712, #9337 ) ;
#2824 = VECTOR ( 'NONE', #5016, 1000.000000000000000 ) ;
#2825 = ORIENTED_EDGE ( 'NONE', *, *, #5394, .F. ) ;
#2826 = ORIENTED_EDGE ( 'NONE', *, *, #6053, .T. ) ;
#2827 = CARTESIAN_POINT ( 'NONE',  ( 24.71794871794871185, -7.712255023018423472, 4.000000000000000000 ) ) ;
#2828 =( NAMED_UNIT ( * ) PLANE_ANGLE_UNIT ( ) SI_UNIT ( $, .RADIAN. ) );
#2829 = ADVANCED_FACE ( 'NONE', ( #928 ), #8243, .F. ) ;
#2830 = CARTESIAN_POINT ( 'NONE',  ( -6.000000000000002665, 10.60000000000000142, 2.000000000000000000 ) ) ;
#2831 = VECTOR ( 'NONE', #7095, 1000.000000000000000 ) ;
#2832 = VECTOR ( 'NONE', #7525, 1000.000000000000114 ) ;
#2833 =( LENGTH_UNIT ( ) NAMED_UNIT ( * ) SI_UNIT ( .MILLI., .METRE. ) );
#2834 = LINE ( 'NONE', #3071, #784 ) ;
#2835 = ORIENTED_EDGE ( 'NONE', *, *, #188, .T. ) ;
#2836 = DIRECTION ( 'NONE',  ( -0.000000000000000000, 1.000000000000000000, 0.000000000000000000 ) ) ;
#2837 = FACE_BOUND ( 'NONE', #8299, .T. ) ;
#2838 = VECTOR ( 'NONE', #10521, 1000.000000000000000 ) ;
#2839 = VECTOR ( 'NONE', #788, 1000.000000000000000 ) ;
#2840 = EDGE_LOOP ( 'NONE', ( #3671, #2100, #2229, #6968 ) ) ;
#2841 = DIRECTION ( 'NONE',  ( 0.000000000000000000, 0.000000000000000000, -1.000000000000000000 ) ) ;
#2842 = EDGE_CURVE ( 'NONE', #11305, #11688, #2956, .T. ) ;
#2843 = PRESENTATION_STYLE_ASSIGNMENT (( #211 ) ) ;
#2844 = VERTEX_POINT ( 'NONE', #735 ) ;
#2845 = EDGE_CURVE ( 'NONE', #7075, #4525, #8837, .T. ) ;
#2846 = CARTESIAN_POINT ( 'NONE',  ( 24.26923076923075939, -13.39234316404406577, 3.500000000000006661 ) ) ;
#2847 = DIRECTION ( 'NONE',  ( 9.637352644315597708E-17, -1.000000000000000000, 0.000000000000000000 ) ) ;
#2848 = ORIENTED_EDGE ( 'NONE', *, *, #1026, .F. ) ;
#2849 = CARTESIAN_POINT ( 'NONE',  ( 43.19999999999998863, 26.99999999999998224, 1.999999999999999112 ) ) ;
#2850 = CARTESIAN_POINT ( 'NONE',  ( -9.199999999999999289, -18.00000000000000000, 2.000000000000000000 ) ) ;
#2851 = VECTOR ( 'NONE', #8151, 1000.000000000000000 ) ;
#2852 = ORIENTED_EDGE ( 'NONE', *, *, #6127, .T. ) ;
#2853 = VECTOR ( 'NONE', #9737, 1000.000000000000114 ) ;
#2854 = DIRECTION ( 'NONE',  ( 0.000000000000000000, 0.000000000000000000, 1.000000000000000000 ) ) ;
#2855 = CARTESIAN_POINT ( 'NONE',  ( -56.89999999999999147, 9.549999999999984723, 1.734723475976807094E-15 ) ) ;
#2856 = ORIENTED_EDGE ( 'NONE', *, *, #11191, .T. ) ;
#2857 = ORIENTED_EDGE ( 'NONE', *, *, #2546, .F. ) ;
#2858 = DIRECTION ( 'NONE',  ( 0.000000000000000000, -1.000000000000000000, -0.000000000000000000 ) ) ;
#2859 = CARTESIAN_POINT ( 'NONE',  ( 24.93370369970456935, -11.04058012465493555, 3.499999999999996003 ) ) ;
#2860 = AXIS2_PLACEMENT_3D ( 'NONE', #399, #7721, #5812 ) ;
#2861 = ORIENTED_EDGE ( 'NONE', *, *, #2223, .T. ) ;
#2862 = ADVANCED_FACE ( 'NONE', ( #7026 ), #4516, .F. ) ;
#2863 = CARTESIAN_POINT ( 'NONE',  ( 23.98277243589742724, -6.045588356351756509, 3.499999999999996003 ) ) ;
#2864 = EDGE_CURVE ( 'NONE', #11373, #596, #8898, .T. ) ;
#2865 = DIRECTION ( 'NONE',  ( 0.000000000000000000, -0.000000000000000000, -1.000000000000000000 ) ) ;
#2866 = DIRECTION ( 'NONE',  ( -0.000000000000000000, -0.000000000000000000, -1.000000000000000000 ) ) ;
#2867 = VECTOR ( 'NONE', #2788, 1000.000000000000000 ) ;
#2868 = LINE ( 'NONE', #1916, #5608 ) ;
#2869 = VERTEX_POINT ( 'NONE', #3375 ) ;
#2870 = DIRECTION ( 'NONE',  ( 0.000000000000000000, 0.000000000000000000, 1.000000000000000000 ) ) ;
#2871 = DIRECTION ( 'NONE',  ( -1.000000000000000000, 0.000000000000000000, 0.000000000000000000 ) ) ;
#2872 = ORIENTED_EDGE ( 'NONE', *, *, #8029, .T. ) ;
#2873 = ORIENTED_EDGE ( 'NONE', *, *, #4957, .T. ) ;
#2874 = EDGE_CURVE ( 'NONE', #1482, #601, #617, .T. ) ;
#2875 = CARTESIAN_POINT ( 'NONE',  ( 24.63252324677238647, -12.80625711423487623, 3.500000000000003109 ) ) ;
#2876 = LINE ( 'NONE', #1152, #4963 ) ;
#2877 = AXIS2_PLACEMENT_3D ( 'NONE', #4357, #11755, #8079 ) ;
#2878 = LINE ( 'NONE', #11116, #7991 ) ;
#2879 = EDGE_CURVE ( 'NONE', #4293, #9159, #7221, .T. ) ;
#2880 = CARTESIAN_POINT ( 'NONE',  ( 26.66319914242449940, 9.200038813018830197, 6.812377427192834567 ) ) ;
#2881 = PLANE ( 'NONE',  #11070 ) ;
#2882 = LINE ( 'NONE', #11299, #9465 ) ;
#2883 = CARTESIAN_POINT ( 'NONE',  ( 25.70184426217979734, -9.898242193064435313, 3.500000000000003109 ) ) ;
#2884 = ORIENTED_EDGE ( 'NONE', *, *, #9174, .T. ) ;
#2885 = DIRECTION ( 'NONE',  ( -1.000000000000000000, -0.000000000000000000, -0.000000000000000000 ) ) ;
#2886 = CARTESIAN_POINT ( 'NONE',  ( -84.99999999999998579, -18.00000000000001421, 3.100000000000001865 ) ) ;
#2887 = VECTOR ( 'NONE', #5877, 1000.000000000000114 ) ;
#2888 = ORIENTED_EDGE ( 'NONE', *, *, #2385, .T. ) ;
#2889 = EDGE_CURVE ( 'NONE', #3444, #8184, #4700, .T. ) ;
#2890 = EDGE_CURVE ( 'NONE', #7326, #5164, #3590, .T. ) ;
#2891 = EDGE_CURVE ( 'NONE', #1456, #9406, #5120, .T. ) ;
#2892 = ORIENTED_EDGE ( 'NONE', *, *, #2542, .F. ) ;
#2893 = ORIENTED_EDGE ( 'NONE', *, *, #11262, .F. ) ;
#2894 = CARTESIAN_POINT ( 'NONE',  ( 25.53166808351593176, -15.07264796721447020, 3.500000000000003109 ) ) ;
#2895 = CARTESIAN_POINT ( 'NONE',  ( -66.01999999999999602, 11.19999999999998685, 3.100000000000005418 ) ) ;
#2896 = CARTESIAN_POINT ( 'NONE',  ( 23.43589743589742724, -6.590460151223551222, 3.999999999999996447 ) ) ;
#2897 = AXIS2_PLACEMENT_3D ( 'NONE', #6653, #10128, #5534 ) ;
#2898 = CARTESIAN_POINT ( 'NONE',  ( -60.79999999999999005, -18.00000000000000711, 1.734723475976807094E-15 ) ) ;
#2899 = EDGE_LOOP ( 'NONE', ( #2083, #8908, #5210, #7217 ) ) ;
#2900 = DIRECTION ( 'NONE',  ( 3.854941057726238097E-16, -1.000000000000000000, 0.000000000000000000 ) ) ;
#2901 = CARTESIAN_POINT ( 'NONE',  ( 24.27327842353486886, -9.319252380826087645, 4.000000000000010658 ) ) ;
#2902 = ADVANCED_FACE ( 'NONE', ( #3804 ), #4486, .T. ) ;
#2903 = DIRECTION ( 'NONE',  ( -0.000000000000000000, -0.000000000000000000, 1.000000000000000000 ) ) ;
#2904 = CARTESIAN_POINT ( 'NONE',  ( -16.99999999999999289, 4.050000000000001599, 10.09999999999999964 ) ) ;
#2905 = AXIS2_PLACEMENT_3D ( 'NONE', #4102, #4869, #2106 ) ;
#2906 = CARTESIAN_POINT ( 'NONE',  ( 40.42862584671844672, -12.05219077280909801, 3.499999999999999556 ) ) ;
#2907 = CARTESIAN_POINT ( 'NONE',  ( 23.90553406555052973, 7.872017304824388439, 5.999999999999998224 ) ) ;
#2908 = EDGE_LOOP ( 'NONE', ( #6044, #10730, #6239, #2884 ) ) ;
#2909 = CARTESIAN_POINT ( 'NONE',  ( 25.08052884615383959, -10.14815245891586137, 4.000000000000003553 ) ) ;
#2910 = ORIENTED_EDGE ( 'NONE', *, *, #2693, .T. ) ;
#2911 = LINE ( 'NONE', #1523, #4528 ) ;
#2912 = EDGE_CURVE ( 'NONE', #3786, #11498, #9298, .T. ) ;
#2913 = CARTESIAN_POINT ( 'NONE',  ( -24.99999999999999289, 41.99999999999997868, 2.000000000000000000 ) ) ;
#2914 = VECTOR ( 'NONE', #1736, 1000.000000000000000 ) ;
#2915 = LINE ( 'NONE', #2678, #8141 ) ;
#2916 = CARTESIAN_POINT ( 'NONE',  ( 23.49999999999999289, -18.00000000000000000, 3.499999999999999556 ) ) ;
#2917 = DIRECTION ( 'NONE',  ( 0.000000000000000000, -0.000000000000000000, -1.000000000000000000 ) ) ;
#2918 = EDGE_CURVE ( 'NONE', #9193, #9864, #2384, .T. ) ;
#2919 = DIRECTION ( 'NONE',  ( -0.000000000000000000, -0.000000000000000000, -1.000000000000000000 ) ) ;
#2920 = ORIENTED_EDGE ( 'NONE', *, *, #8897, .F. ) ;
#2921 = ORIENTED_EDGE ( 'NONE', *, *, #1393, .T. ) ;
#2922 = DIRECTION ( 'NONE',  ( -1.156482317317871971E-16, 1.000000000000000000, -0.000000000000000000 ) ) ;
#2923 = CARTESIAN_POINT ( 'NONE',  ( 43.19999999999998863, 26.99999999999998224, 1.999999999999999112 ) ) ;
#2924 = ORIENTED_EDGE ( 'NONE', *, *, #1986, .F. ) ;
#2925 = CIRCLE ( 'NONE', #4280, 2.250000000000001776 ) ;
#2926 = ORIENTED_EDGE ( 'NONE', *, *, #11706, .F. ) ;
#2927 = ORIENTED_EDGE ( 'NONE', *, *, #1082, .F. ) ;
#2928 = DIRECTION ( 'NONE',  ( -0.000000000000000000, -0.000000000000000000, -1.000000000000000000 ) ) ;
#2929 = VERTEX_POINT ( 'NONE', #964 ) ;
#2930 = CARTESIAN_POINT ( 'NONE',  ( 26.76863580294505596, -9.505762882641311862, 3.499999999999996003 ) ) ;
#2931 = DIRECTION ( 'NONE',  ( 1.445602896647339163E-16, -1.000000000000000000, 0.000000000000000000 ) ) ;
#2932 = CIRCLE ( 'NONE', #443, 2.250000000000001776 ) ;
#2933 = DIRECTION ( 'NONE',  ( 1.000000000000000000, 0.000000000000000000, 0.000000000000000000 ) ) ;
#2934 = ORIENTED_EDGE ( 'NONE', *, *, #4158, .F. ) ;
#2935 = CARTESIAN_POINT ( 'NONE',  ( 26.87222928682669476, -15.03369084248655341, 4.000000000000005329 ) ) ;
#2936 = CARTESIAN_POINT ( 'NONE',  ( 39.19999999999998863, -10.44999999999999751, 2.975000000000000977 ) ) ;
#2937 = EDGE_LOOP ( 'NONE', ( #8505, #1561, #3605, #8964 ) ) ;
#2938 = ORIENTED_EDGE ( 'NONE', *, *, #10893, .T. ) ;
#2939 = CARTESIAN_POINT ( 'NONE',  ( 24.26923076923075939, -13.39234316404406577, 3.500000000000006661 ) ) ;
#2940 = CARTESIAN_POINT ( 'NONE',  ( 23.37255193828550404, -13.44111070838618538, 3.999999999999977351 ) ) ;
#2941 = CARTESIAN_POINT ( 'NONE',  ( -9.199999999999997513, -10.59999999999999787, 2.000000000000000000 ) ) ;
#2942 = EDGE_LOOP ( 'NONE', ( #2156, #3719, #2910, #9288 ) ) ;
#2943 = CARTESIAN_POINT ( 'NONE',  ( 25.99999999999999289, 7.050000000000004263, 3.599999999999999201 ) ) ;
#2944 = DIRECTION ( 'NONE',  ( 0.000000000000000000, 0.000000000000000000, -1.000000000000000000 ) ) ;
#2945 = EDGE_CURVE ( 'NONE', #10073, #2800, #11169, .T. ) ;
#2946 = ADVANCED_FACE ( 'NONE', ( #243 ), #1256, .T. ) ;
#2947 = VERTEX_POINT ( 'NONE', #1315 ) ;
#2948 = DIRECTION ( 'NONE',  ( 0.000000000000000000, 0.000000000000000000, -1.000000000000000000 ) ) ;
#2949 = CARTESIAN_POINT ( 'NONE',  ( 22.99999999999999289, 7.050000000000000711, 9.150000000000002132 ) ) ;
#2950 = EDGE_CURVE ( 'NONE', #1560, #11498, #11230, .T. ) ;
#2951 = ORIENTED_EDGE ( 'NONE', *, *, #9833, .F. ) ;
#2952 = VERTEX_POINT ( 'NONE', #9639 ) ;
#2953 = EDGE_LOOP ( 'NONE', ( #6962, #319, #8413, #8434 ) ) ;
#2954 = DIRECTION ( 'NONE',  ( 0.000000000000000000, 0.000000000000000000, -1.000000000000000000 ) ) ;
#2955 = CIRCLE ( 'NONE', #1813, 1.100000000000003642 ) ;
#2956 = B_SPLINE_CURVE_WITH_KNOTS ( 'NONE', 3,
 ( #1759, #7932, #8178, #11746, #9903, #9784, #2475, #10631, #2585, #5423, #5180, #11608, #6136, #8956, #9065, #5307, #3443, #7097, #1641 ),
 .UNSPECIFIED., .F., .F.,
 ( 4, 1, 1, 1, 1, 1, 1, 1, 1, 1, 1, 1, 1, 1, 1, 1, 4 ),
 ( 0.000000000000000000, 0.1121189577322309477, 0.2158098539625155354, 0.3102142080600070462, 0.3960076258587223452, 0.4734278052872863407, 0.5427985700809887515, 0.6045704650941843283, 0.6593817431227547710, 0.7087906733763351674, 0.7553835472296083209, 0.7987166436891672827, 0.8404257596978478295, 0.8801989997644280583, 0.9197303684836823923, 0.9590470856505567410, 1.000000000000000000 ),
 .UNSPECIFIED. ) ;
#2957 = ADVANCED_FACE ( 'NONE', ( #6658 ), #2557, .T. ) ;
#2958 = EDGE_CURVE ( 'NONE', #10414, #9159, #6768, .T. ) ;
#2960 = CARTESIAN_POINT ( 'NONE',  ( -25.99999999999999289, -10.45000000000001172, 1.000000000000000888 ) ) ;
#2959 = UNCERTAINTY_MEASURE_WITH_UNIT (LENGTH_MEASURE( 1.000000000000000082E-05 ), #11314, 'distance_accuracy_value', 'NONE');
#2961 = ORIENTED_EDGE ( 'NONE', *, *, #1662, .T. ) ;
#2962 = CARTESIAN_POINT ( 'NONE',  ( -76.02999999999998693, 11.39999999999998259, 0.4500000000000025091 ) ) ;
#2963 = SURFACE_STYLE_FILL_AREA ( #3999 ) ;
#2964 = LINE ( 'NONE', #7702, #3869 ) ;
#2965 = CARTESIAN_POINT ( 'NONE',  ( -15.00000000000001066, 19.99999999999999645, 0.5000000000000004441 ) ) ;
#2966 = VECTOR ( 'NONE', #7442, 999.9999999999998863 ) ;
#2967 = ORIENTED_EDGE ( 'NONE', *, *, #3105, .F. ) ;
#2968 = CARTESIAN_POINT ( 'NONE',  ( 28.52462593800348500, -13.97524118871898757, 3.999999999999989786 ) ) ;
#2969 = FACE_OUTER_BOUND ( 'NONE', #5692, .T. ) ;
#2970 = EDGE_LOOP ( 'NONE', ( #10434, #11517, #902, #8261 ) ) ;
#2971 = CIRCLE ( 'NONE', #3556, 1.099999999999996758 ) ;
#2972 = DIRECTION ( 'NONE',  ( -3.469446951953621091E-16, 1.000000000000000000, 0.000000000000000000 ) ) ;
#2973 = LINE ( 'NONE', #639, #11232 ) ;
#2974 = EDGE_CURVE ( 'NONE', #596, #9368, #11396, .T. ) ;
#2975 = DIRECTION ( 'NONE',  ( -0.8884639174103150516, 0.4589464755937414098, 0.000000000000000000 ) ) ;
#2976 = VECTOR ( 'NONE', #3935, 1000.000000000000000 ) ;
#2977 = ORIENTED_EDGE ( 'NONE', *, *, #6386, .T. ) ;
#2978 = CARTESIAN_POINT ( 'NONE',  ( -41.96999999999999176, 7.049999999999989164, 0.000000000000000000 ) ) ;
#2979 = CARTESIAN_POINT ( 'NONE',  ( 25.10895096909832702, -10.14774723103677445, 3.500000000000003109 ) ) ;
#2980 = DIRECTION ( 'NONE',  ( 0.6013489169558756675, 0.7989865331005243654, 0.000000000000000000 ) ) ;
#2981 = CARTESIAN_POINT ( 'NONE',  ( -18.99999999999999645, 13.54999999999998828, 1.000000000000000888 ) ) ;
#2982 = VECTOR ( 'NONE', #8711, 999.9999999999998863 ) ;
#2983 = EDGE_LOOP ( 'NONE', ( #6603, #7903, #4291, #3600 ) ) ;
#2984 = ORIENTED_EDGE ( 'NONE', *, *, #7071, .T. ) ;
#2985 = EDGE_CURVE ( 'NONE', #8462, #6594, #6460, .T. ) ;
#2986 = DIRECTION ( 'NONE',  ( 0.9996077427267578974, -0.02800643998646968474, 0.000000000000000000 ) ) ;
#2987 = ORIENTED_EDGE ( 'NONE', *, *, #2161, .F. ) ;
#2988 = VECTOR ( 'NONE', #5978, 1000.000000000000000 ) ;
#2989 = DIRECTION ( 'NONE',  ( 0.000000000000000000, 0.000000000000000000, 1.000000000000000000 ) ) ;
#2990 = DIRECTION ( 'NONE',  ( -1.000000000000000000, 0.000000000000000000, 0.000000000000000000 ) ) ;
#2991 = LINE ( 'NONE', #10307, #8966 ) ;
#2992 = CARTESIAN_POINT ( 'NONE',  ( 25.99999999999999289, 7.050000000000004263, 3.599999999999999201 ) ) ;
#2993 = CARTESIAN_POINT ( 'NONE',  ( 23.90553406555052973, 7.872017304824388439, 6.806862576270114928 ) ) ;
#2994 = VECTOR ( 'NONE', #2174, 1000.000000000000000 ) ;
#2995 = CARTESIAN_POINT ( 'NONE',  ( 23.98277243589742724, -7.135331946095345934, 3.999999999999996447 ) ) ;
#2996 = ORIENTED_EDGE ( 'NONE', *, *, #9623, .F. ) ;
#2997 = LINE ( 'NONE', #5376, #8631 ) ;
#2998 = ORIENTED_EDGE ( 'NONE', *, *, #5238, .T. ) ;
#2999 = VERTEX_POINT ( 'NONE', #10428 ) ;
#3000 = CARTESIAN_POINT ( 'NONE',  ( -14.99999999999999645, 18.00000000000000000, 10.09999999999999964 ) ) ;
#3001 = VECTOR ( 'NONE', #74, 1000.000000000000000 ) ;
#3002 = DIRECTION ( 'NONE',  ( -1.445602896647339410E-16, 1.000000000000000000, -0.000000000000000000 ) ) ;
#3003 = LINE ( 'NONE', #4767, #11265 ) ;
#3004 = LINE ( 'NONE', #5782, #7961 ) ;
#3005 = CARTESIAN_POINT ( 'NONE',  ( 25.74733210185941701, -9.843934071523754881, 3.500000000000006661 ) ) ;
#3006 = ORIENTED_EDGE ( 'NONE', *, *, #3317, .T. ) ;
#3007 = DIRECTION ( 'NONE',  ( 1.000000000000000000, 0.000000000000000000, -0.000000000000000000 ) ) ;
#3008 = LINE ( 'NONE', #10145, #5788 ) ;
#3009 = CIRCLE ( 'NONE', #8569, 2.250000000000001776 ) ;
#3010 = ORIENTED_EDGE ( 'NONE', *, *, #11306, .F. ) ;
#3011 = AXIS2_PLACEMENT_3D ( 'NONE', #7558, #190, #7375 ) ;
#3012 = EDGE_CURVE ( 'NONE', #9635, #9699, #3198, .T. ) ;
#3013 = LINE ( 'NONE', #2049, #5495 ) ;
#3014 = VECTOR ( 'NONE', #9358, 1000.000000000000114 ) ;
#3015 = EDGE_CURVE ( 'NONE', #10185, #7415, #5039, .T. ) ;
#3016 = LINE ( 'NONE', #5735, #5389 ) ;
#3017 = CIRCLE ( 'NONE', #1103, 2.250000000000001776 ) ;
#3018 = ORIENTED_EDGE ( 'NONE', *, *, #10007, .F. ) ;
#3019 = CARTESIAN_POINT ( 'NONE',  ( 25.08148573214197086, -11.73615054760315068, 3.999999999999996447 ) ) ;
#3020 = CARTESIAN_POINT ( 'NONE',  ( 28.10794692596216038, -12.21200033411492925, 4.000000000000007105 ) ) ;
#3021 = DIRECTION ( 'NONE',  ( -1.000000000000000000, -0.000000000000000000, -0.000000000000000000 ) ) ;
#3022 = CARTESIAN_POINT ( 'NONE',  ( 49.19999999999998863, -18.00000000000000355, 1.999999999999999112 ) ) ;
#3023 = ADVANCED_FACE ( 'NONE', ( #1377 ), #300, .F. ) ;
#3024 = VECTOR ( 'NONE', #11400, 1000.000000000000000 ) ;
#3025 = VECTOR ( 'NONE', #11083, 1000.000000000000000 ) ;
#3026 = DIRECTION ( 'NONE',  ( 0.000000000000000000, 0.000000000000000000, 1.000000000000000000 ) ) ;
#3027 = CARTESIAN_POINT ( 'NONE',  ( 24.28744433202244934, -6.133349063903775544, 3.500000000000003109 ) ) ;
#3028 = LINE ( 'NONE', #2067, #5929 ) ;
#3029 = ORIENTED_EDGE ( 'NONE', *, *, #11711, .F. ) ;
#3030 = DIRECTION ( 'NONE',  ( 1.000000000000000000, 0.000000000000000000, 0.000000000000000000 ) ) ;
#3031 = ORIENTED_EDGE ( 'NONE', *, *, #10736, .F. ) ;
#3032 = CARTESIAN_POINT ( 'NONE',  ( 49.19999999999998863, -18.00000000000000355, -8.673617379884035472E-16 ) ) ;
#3033 = CARTESIAN_POINT ( 'NONE',  ( 24.26923076923075939, -9.424995407633810274, 4.000000000000007105 ) ) ;
#3034 = ORIENTED_EDGE ( 'NONE', *, *, #4391, .T. ) ;
#3035 = CARTESIAN_POINT ( 'NONE',  ( -52.24999999999999289, -10.45000000000001172, 1.000000000000000888 ) ) ;
#3036 = LINE ( 'NONE', #6752, #11569 ) ;
#3037 = VECTOR ( 'NONE', #6284, 1000.000000000000000 ) ;
#3038 = ORIENTED_EDGE ( 'NONE', *, *, #6990, .T. ) ;
#3039 = EDGE_CURVE ( 'NONE', #2227, #5878, #9518, .T. ) ;
#3040 = DIRECTION ( 'NONE',  ( 1.000000000000000000, 0.000000000000000000, 0.000000000000000000 ) ) ;
#3041 = VERTEX_POINT ( 'NONE', #6002 ) ;
#3042 = CARTESIAN_POINT ( 'NONE',  ( 24.57366440155121268, -11.84541285483365236, 3.499999999999996003 ) ) ;
#3043 = LINE ( 'NONE', #4141, #1096 ) ;
#3044 = VECTOR ( 'NONE', #11034, 1000.000000000000000 ) ;
#3045 = CARTESIAN_POINT ( 'NONE',  ( 31.69999999999999218, -5.999999999999988454, 2.000000000000001776 ) ) ;
#3046 = CYLINDRICAL_SURFACE ( 'NONE', #435, 0.9749999999999993117 ) ;
#3047 = CARTESIAN_POINT ( 'NONE',  ( 27.04165218381013958, -12.68072839962194998, 4.000000000000000000 ) ) ;
#3048 = CARTESIAN_POINT ( 'NONE',  ( 28.09446593444944185, 7.872017304824415973, 6.806862576270111376 ) ) ;
#3049 = VERTEX_POINT ( 'NONE', #475 ) ;
#3050 = PLANE ( 'NONE',  #1704 ) ;
#3051 = PLANE ( 'NONE',  #7486 ) ;
#3052 = VECTOR ( 'NONE', #1781, 1000.000000000000000 ) ;
#3053 = ORIENTED_EDGE ( 'NONE', *, *, #10161, .F. ) ;
#3054 = EDGE_LOOP ( 'NONE', ( #7023, #9889, #10331, #10869 ) ) ;
#3055 = CARTESIAN_POINT ( 'NONE',  ( 24.19330536604857684, -7.098171994267328699, 4.000000000000007105 ) ) ;
#3056 = ADVANCED_FACE ( 'NONE', ( #4151 ), #7795, .F. ) ;
#3057 = ADVANCED_FACE ( 'NONE', ( #4214 ), #3489, .F. ) ;
#3058 = CARTESIAN_POINT ( 'NONE',  ( 25.87179487179486159, -9.462054702505605874, 3.500000000000003109 ) ) ;
#3059 = LINE ( 'NONE', #11115, #10511 ) ;
#3060 = DIRECTION ( 'NONE',  ( -0.5240581598612423786, 0.8516824790277469637, 0.000000000000000000 ) ) ;
#3061 = DIRECTION ( 'NONE',  ( 1.000000000000000000, 0.000000000000000000, 0.000000000000000000 ) ) ;
#3062 = PRESENTATION_LAYER_ASSIGNMENT (  '', '', ( #10742 ) ) ;
#3063 = DIRECTION ( 'NONE',  ( -0.000000000000000000, -0.000000000000000000, -1.000000000000000000 ) ) ;
#3064 = ORIENTED_EDGE ( 'NONE', *, *, #8568, .F. ) ;
#3065 = DIRECTION ( 'NONE',  ( -0.000000000000000000, -0.000000000000000000, -1.000000000000000000 ) ) ;
#3066 = DIRECTION ( 'NONE',  ( -1.000000000000000000, 0.000000000000000000, 0.000000000000000000 ) ) ;
#3067 = ORIENTED_EDGE ( 'NONE', *, *, #1445, .T. ) ;
#3068 = AXIS2_PLACEMENT_3D ( 'NONE', #10097, #3759, #8146 ) ;
#3069 = EDGE_LOOP ( 'NONE', ( #6611, #251 ) ) ;
#3070 = DIRECTION ( 'NONE',  ( -1.000000000000000000, 0.000000000000000000, 0.000000000000000000 ) ) ;
#3071 = CARTESIAN_POINT ( 'NONE',  ( -9.039999999999999147, 9.039999999999999147, 0.000000000000000000 ) ) ;
#3072 = ORIENTED_EDGE ( 'NONE', *, *, #4466, .T. ) ;
#3073 = AXIS2_PLACEMENT_3D ( 'NONE', #5966, #6021, #1530 ) ;
#3074 = DIRECTION ( 'NONE',  ( 0.000000000000000000, 0.000000000000000000, -1.000000000000000000 ) ) ;
#3075 = LINE ( 'NONE', #3193, #6659 ) ;
#3076 = CARTESIAN_POINT ( 'NONE',  ( 9.199999999999995737, 11.60000000000000320, 2.000000000000000000 ) ) ;
#3077 = LINE ( 'NONE', #9378, #7225 ) ;
#3078 = VERTEX_POINT ( 'NONE', #6293 ) ;
#3079 = CIRCLE ( 'NONE', #4642, 0.9499999999999998446 ) ;
#3080 = CARTESIAN_POINT ( 'NONE',  ( 27.24999999999999289, 7.050000000000004263, -3.535533905932739085 ) ) ;
#3081 = CARTESIAN_POINT ( 'NONE',  ( 26.45958786628197146, -15.07217670077143978, 4.000000000000000000 ) ) ;
#3082 = ORIENTED_EDGE ( 'NONE', *, *, #5853, .T. ) ;
#3083 = DIRECTION ( 'NONE',  ( -0.9469429323001136156, -0.3214017469878817646, 0.000000000000000000 ) ) ;
#3084 = ORIENTED_EDGE ( 'NONE', *, *, #3417, .T. ) ;
#3085 = LINE ( 'NONE', #8615, #428 ) ;
#3086 = CARTESIAN_POINT ( 'NONE',  ( 24.83160490822249500, -10.11939644058850440, 3.500000000000010214 ) ) ;
#3087 = LINE ( 'NONE', #6749, #9956 ) ;
#3088 = ORIENTED_EDGE ( 'NONE', *, *, #11043, .T. ) ;
#3089 = CARTESIAN_POINT ( 'NONE',  ( 25.17072760567531731, -11.04420174635357021, 3.999999999999996447 ) ) ;
#3090 = ADVANCED_FACE ( 'NONE', ( #6234 ), #6060, .F. ) ;
#3091 = DIRECTION ( 'NONE',  ( 0.000000000000000000, 0.000000000000000000, 1.000000000000000000 ) ) ;
#3092 = CIRCLE ( 'NONE', #6549, 2.250000000000001776 ) ;
#3093 = EDGE_CURVE ( 'NONE', #10443, #11884, #7406, .T. ) ;
#3094 = ORIENTED_EDGE ( 'NONE', *, *, #6874, .T. ) ;
#3095 = CARTESIAN_POINT ( 'NONE',  ( -18.99999999999999645, 13.54999999999998828, -20.20000000000000284 ) ) ;
#3096 = FACE_OUTER_BOUND ( 'NONE', #5569, .T. ) ;
#3097 = ORIENTED_EDGE ( 'NONE', *, *, #3420, .F. ) ;
#3098 = ORIENTED_EDGE ( 'NONE', *, *, #651, .F. ) ;
#3099 = FACE_OUTER_BOUND ( 'NONE', #10550, .T. ) ;
#3100 = DIRECTION ( 'NONE',  ( 0.000000000000000000, 1.000000000000000000, 0.000000000000000000 ) ) ;
#3101 = AXIS2_PLACEMENT_3D ( 'NONE', #3536, #3418, #10800 ) ;
#3102 = LINE ( 'NONE', #9398, #9729 ) ;
#3103 = CARTESIAN_POINT ( 'NONE',  ( 24.03787757883680243, -8.004586484164727622, 3.999999999999996447 ) ) ;
#3104 = DIRECTION ( 'NONE',  ( 1.000000000000000000, 0.000000000000000000, 0.000000000000000000 ) ) ;
#3105 = EDGE_CURVE ( 'NONE', #10116, #3852, #7983, .T. ) ;
#3106 = ADVANCED_FACE ( 'NONE', ( #2457, #9768, #720, #7139, #6178 ), #11779, .F. ) ;
#3107 = CARTESIAN_POINT ( 'NONE',  ( 25.33680085757545442, 9.200038813018819539, 5.999999999999998224 ) ) ;
#3108 = DIRECTION ( 'NONE',  ( -0.000000000000000000, 1.000000000000000000, -0.000000000000000000 ) ) ;
#3109 = ORIENTED_EDGE ( 'NONE', *, *, #5301, .T. ) ;
#3111 = DIRECTION ( 'NONE',  ( -0.000000000000000000, -0.000000000000000000, 1.000000000000000000 ) ) ;
#3110 = AXIS2_PLACEMENT_3D ( 'NONE', #9058, #2807, #7422 ) ;
#3112 = ORIENTED_EDGE ( 'NONE', *, *, #11722, .F. ) ;
#3113 = EDGE_LOOP ( 'NONE', ( #2190, #6543, #3184, #11423 ) ) ;
#3114 = DIRECTION ( 'NONE',  ( 0.8416912655466750603, -0.5399590850262977471, 0.000000000000000000 ) ) ;
#3115 = CARTESIAN_POINT ( 'NONE',  ( 24.41029976116031719, -12.99452643125013473, 3.499999999999996003 ) ) ;
#3116 = DIRECTION ( 'NONE',  ( 1.000000000000000000, 0.000000000000000000, 0.000000000000000000 ) ) ;
#3117 = ORIENTED_EDGE ( 'NONE', *, *, #9799, .F. ) ;
#3118 = CARTESIAN_POINT ( 'NONE',  ( 25.55228365384614264, -8.872110792249191746, 3.499999999999999556 ) ) ;
#3119 = PLANE ( 'NONE',  #4656 ) ;
#3120 = CIRCLE ( 'NONE', #6199, 0.9749999999999993117 ) ;
#3121 = CARTESIAN_POINT ( 'NONE',  ( 12.99999999999999645, 41.99999999999999289, 10.09999999999999964 ) ) ;
#3122 = ADVANCED_FACE ( 'NONE', ( #9830 ), #7916, .T. ) ;
#3123 = EDGE_LOOP ( 'NONE', ( #11750, #10567, #2397, #952 ) ) ;
#3124 = DIRECTION ( 'NONE',  ( -0.7518135438622641775, 0.6593757618120817954, 0.000000000000000000 ) ) ;
#3125 = CARTESIAN_POINT ( 'NONE',  ( 31.69999999999999218, -5.999999999999988454, 2.000000000000001776 ) ) ;
#3126 = ORIENTED_EDGE ( 'NONE', *, *, #10571, .F. ) ;
#3127 = ADVANCED_FACE ( 'NONE', ( #5160 ), #8111, .F. ) ;
#3128 = ORIENTED_EDGE ( 'NONE', *, *, #11428, .T. ) ;
#3129 = CARTESIAN_POINT ( 'NONE',  ( 24.71794871794871185, -8.737896048659450798, 3.500000000000003109 ) ) ;
#3130 = EDGE_LOOP ( 'NONE', ( #6259, #9115, #7798, #182 ) ) ;
#3131 = CARTESIAN_POINT ( 'NONE',  ( 24.30136102071944038, -11.95026625060989289, 3.999999999999996447 ) ) ;
#3132 = LINE ( 'NONE', #7700, #2588 ) ;
#3133 = DIRECTION ( 'NONE',  ( 0.000000000000000000, 1.000000000000000000, -0.000000000000000000 ) ) ;
#3134 = CARTESIAN_POINT ( 'NONE',  ( 24.26923076923076295, -9.424995407633808497, 4.000000000000003553 ) ) ;
#3135 = ORIENTED_EDGE ( 'NONE', *, *, #11564, .T. ) ;
#3136 = DIRECTION ( 'NONE',  ( 0.9469429323001181675, -0.3214017469878684419, 0.000000000000000000 ) ) ;
#3137 = ORIENTED_EDGE ( 'NONE', *, *, #81, .T. ) ;
#3138 = PLANE ( 'NONE',  #4786 ) ;
#3139 = CARTESIAN_POINT ( 'NONE',  ( 11.99999999999999467, -12.00000000000000000, -5.045565981523414401 ) ) ;
#3140 = DIRECTION ( 'NONE',  ( 0.000000000000000000, 0.000000000000000000, 1.000000000000000000 ) ) ;
#3141 = ORIENTED_EDGE ( 'NONE', *, *, #3172, .F. ) ;
#3142 = PLANE ( 'NONE',  #6077 ) ;
#3143 = VERTEX_POINT ( 'NONE', #534 ) ;
#3144 = LINE ( 'NONE', #2431, #11545 ) ;
#3145 = EDGE_CURVE ( 'NONE', #7480, #2929, #597, .T. ) ;
#3146 = CARTESIAN_POINT ( 'NONE',  ( 24.52564102564101844, -1.878921689685088880, 3.499999999999999556 ) ) ;
#3147 = CARTESIAN_POINT ( 'NONE',  ( 24.49593174356454028, -9.939044936421510101, 3.499999999999999556 ) ) ;
#3148 = CARTESIAN_POINT ( 'NONE',  ( 25.87179487179486159, -9.462054702505605874, 4.000000000000003553 ) ) ;
#3149 = CARTESIAN_POINT ( 'NONE',  ( 25.87082931662034113, -9.436608154350814459, 3.999999999999998224 ) ) ;
#3150 = PLANE ( 'NONE',  #10211 ) ;
#3151 = VECTOR ( 'NONE', #11205, 1000.000000000000000 ) ;
#3152 = DIRECTION ( 'NONE',  ( -1.000000000000000000, 0.000000000000000000, -0.000000000000000000 ) ) ;
#3153 = CARTESIAN_POINT ( 'NONE',  ( 5.999999999999999112, -10.59999999999999787, 2.000000000000000000 ) ) ;
#3154 = VERTEX_POINT ( 'NONE', #5222 ) ;
#3155 = DIRECTION ( 'NONE',  ( 1.000000000000000000, 0.000000000000000000, 0.000000000000000000 ) ) ;
#3156 = ORIENTED_EDGE ( 'NONE', *, *, #7559, .T. ) ;
#3157 = AXIS2_PLACEMENT_3D ( 'NONE', #2526, #3247, #4281 ) ;
#3158 = CYLINDRICAL_SURFACE ( 'NONE', #2774, 1.099999999999996758 ) ;
#3159 = CARTESIAN_POINT ( 'NONE',  ( 9.039999999999995595, 9.039999999999999147, 2.000000000000000000 ) ) ;
#3160 = CARTESIAN_POINT ( 'NONE',  ( 25.14440310541229806, -12.63742412083425215, 4.000000000000014211 ) ) ;
#3161 = ADVANCED_FACE ( 'NONE', ( #8881 ), #3541, .F. ) ;
#3162 = CARTESIAN_POINT ( 'NONE',  ( 27.36434197730712370, -12.80059386063055449, 4.000000000000003553 ) ) ;
#3163 = CARTESIAN_POINT ( 'NONE',  ( 25.16431472652992696, -10.14695788331472492, 4.000000000000007105 ) ) ;
#3164 = VERTEX_POINT ( 'NONE', #5290 ) ;
#3165 = AXIS2_PLACEMENT_3D ( 'NONE', #3410, #6223, #9818 ) ;
#3166 = CARTESIAN_POINT ( 'NONE',  ( 28.59055245908588816, -12.98595251081107627, 3.500000000000003109 ) ) ;
#3167 = ORIENTED_EDGE ( 'NONE', *, *, #2438, .F. ) ;
#3168 = VERTEX_POINT ( 'NONE', #4329 ) ;
#3169 = CARTESIAN_POINT ( 'NONE',  ( 24.19330536604857684, -7.098171994267328699, 3.500000000000006661 ) ) ;
#3170 = DIRECTION ( 'NONE',  ( 1.000000000000000000, 0.000000000000000000, 0.000000000000000000 ) ) ;
#3171 = ORIENTED_EDGE ( 'NONE', *, *, #332, .T. ) ;
#3172 = EDGE_CURVE ( 'NONE', #8281, #7703, #11659, .T. ) ;
#3173 = DIRECTION ( 'NONE',  ( -0.6013489169558756675, -0.7989865331005243654, 0.000000000000000000 ) ) ;
#3174 = VERTEX_POINT ( 'NONE', #7191 ) ;
#3175 = AXIS2_PLACEMENT_3D ( 'NONE', #5139, #5326, #8979 ) ;
#3176 = PLANE ( 'NONE',  #8105 ) ;
#3177 = ORIENTED_EDGE ( 'NONE', *, *, #9794, .T. ) ;
#3178 = ORIENTED_EDGE ( 'NONE', *, *, #8903, .F. ) ;
#3179 = CARTESIAN_POINT ( 'NONE',  ( 24.24523351304223340, -14.56873394927889187, 3.499999999999999556 ) ) ;
#3180 = FACE_OUTER_BOUND ( 'NONE', #11902, .T. ) ;
#3181 = ORIENTED_EDGE ( 'NONE', *, *, #9203, .T. ) ;
#3182 = VECTOR ( 'NONE', #8573, 1000.000000000000000 ) ;
#3183 = ADVANCED_FACE ( 'NONE', ( #11728 ), #4390, .F. ) ;
#3184 = ORIENTED_EDGE ( 'NONE', *, *, #4518, .T. ) ;
#3185 = DIRECTION ( 'NONE',  ( -0.000000000000000000, -0.000000000000000000, 1.000000000000000000 ) ) ;
#3186 = CARTESIAN_POINT ( 'NONE',  ( 32.74999999999999289, -5.999999999999988454, -2.969848480983499961 ) ) ;
#3187 = VECTOR ( 'NONE', #7116, 1000.000000000000227 ) ;
#3188 = VERTEX_POINT ( 'NONE', #4451 ) ;
#3189 = CARTESIAN_POINT ( 'NONE',  ( 26.74333871179953448, -9.300075919464482865, 3.999999999999996447 ) ) ;
#3190 = EDGE_CURVE ( 'NONE', #3041, #5211, #10859, .T. ) ;
#3191 = LINE ( 'NONE', #4116, #870 ) ;
#3192 = AXIS2_PLACEMENT_3D ( 'NONE', #4565, #6296, #9165 ) ;
#3193 = CARTESIAN_POINT ( 'NONE',  ( 28.49999999999999289, -10.98148579224919175, 3.499999999999999556 ) ) ;
#3194 = VECTOR ( 'NONE', #4824, 1000.000000000000000 ) ;
#3195 = CARTESIAN_POINT ( 'NONE',  ( -84.99999999999998579, 11.99999999999998579, 1.734723475976807094E-15 ) ) ;
#3196 = DIRECTION ( 'NONE',  ( -1.445602896647339163E-16, 1.000000000000000000, 0.000000000000000000 ) ) ;
#3197 = EDGE_CURVE ( 'NONE', #2584, #5100, #7860, .T. ) ;
#3198 = CIRCLE ( 'NONE', #8769, 1.099999999999996758 ) ;
#3199 = DIRECTION ( 'NONE',  ( -0.000000000000000000, -0.000000000000000000, -1.000000000000000000 ) ) ;
#3200 = DIRECTION ( 'NONE',  ( 0.000000000000000000, 0.000000000000000000, 1.000000000000000000 ) ) ;
#3201 = LINE ( 'NONE', #4893, #1148 ) ;
#3202 = DIRECTION ( 'NONE',  ( 1.000000000000000000, 0.000000000000000000, 0.000000000000000000 ) ) ;
#3203 = CIRCLE ( 'NONE', #1691, 2.624999999999998668 ) ;
#3204 = VERTEX_POINT ( 'NONE', #11031 ) ;
#3205 = DIRECTION ( 'NONE',  ( 0.000000000000000000, 1.000000000000000000, 0.000000000000000000 ) ) ;
#3206 = DIRECTION ( 'NONE',  ( -0.000000000000000000, 0.000000000000000000, -1.000000000000000000 ) ) ;
#3207 = CARTESIAN_POINT ( 'NONE',  ( 24.91095812013233157, -10.13651612217020670, 3.499999999999999556 ) ) ;
#3208 = CARTESIAN_POINT ( 'NONE',  ( 25.19350029308479222, 4.551964127009847871, 6.797529781440644570 ) ) ;
#3209 = CARTESIAN_POINT ( 'NONE',  ( 25.69253169122452718, -9.013662183186653465, 3.499999999999992895 ) ) ;
#3210 = LINE ( 'NONE', #7841, #10592 ) ;
#3211 = CARTESIAN_POINT ( 'NONE',  ( -59.10000000000000142, 9.549999999999984723, 1.734723475976807094E-15 ) ) ;
#3212 = AXIS2_PLACEMENT_3D ( 'NONE', #5501, #7231, #10162 ) ;
#3213 = AXIS2_PLACEMENT_3D ( 'NONE', #8265, #10233, #1894 ) ;
#3214 = EDGE_CURVE ( 'NONE', #4559, #6382, #2737, .T. ) ;
#3215 = CARTESIAN_POINT ( 'NONE',  ( 27.94811698717947834, -12.09727104865944725, 3.500000000000003109 ) ) ;
#3216 = ORIENTED_EDGE ( 'NONE', *, *, #6126, .F. ) ;
#3217 = ORIENTED_EDGE ( 'NONE', *, *, #8891, .F. ) ;
#3218 = LINE ( 'NONE', #8037, #692 ) ;
#3219 = DIRECTION ( 'NONE',  ( 0.000000000000000000, -0.000000000000000000, -1.000000000000000000 ) ) ;
#3220 = DIRECTION ( 'NONE',  ( -1.000000000000000000, -0.000000000000000000, -0.000000000000000000 ) ) ;
#3221 = CARTESIAN_POINT ( 'NONE',  ( 24.31867811327471784, -13.14100432375531469, 4.000000000000007105 ) ) ;
#3222 = AXIS2_PLACEMENT_3D ( 'NONE', #6170, #4264, #10605 ) ;
#3223 = DIRECTION ( 'NONE',  ( 0.7640630736646509824, -0.6451415499424340005, 0.000000000000000000 ) ) ;
#3224 = CARTESIAN_POINT ( 'NONE',  ( 20.99999999999998934, 41.99999999999999289, 0.000000000000000000 ) ) ;
#3225 = CARTESIAN_POINT ( 'NONE',  ( -34.56999999999999318, 7.049999999999990052, 1.000000000000013101 ) ) ;
#3226 = ORIENTED_EDGE ( 'NONE', *, *, #8316, .F. ) ;
#3227 = B_SPLINE_CURVE_WITH_KNOTS ( 'NONE', 3,
 ( #2492, #9865, #6032, #6156, #1660, #3336, #2432, #3397, #702, #8857, #11703 ),
 .UNSPECIFIED., .F., .F.,
 ( 4, 1, 1, 1, 1, 1, 1, 1, 4 ),
 ( 0.000000000000000000, 0.1103603399843300775, 0.2211857967812662640, 0.3343638213725839137, 0.4529765798274150712, 0.5772343082002672210, 0.7088043240432445602, 0.8493551270704492451, 1.000000000000000000 ),
 .UNSPECIFIED. ) ;
#3228 = CARTESIAN_POINT ( 'NONE',  ( 5.999999999999997335, 9.039999999999999147, 2.000000000000000000 ) ) ;
#3229 = ORIENTED_EDGE ( 'NONE', *, *, #5921, .F. ) ;
#3230 = ORIENTED_EDGE ( 'NONE', *, *, #1981, .T. ) ;
#3231 = CARTESIAN_POINT ( 'NONE',  ( 24.49030233237607135, -6.801260897778971248, 3.499999999999999556 ) ) ;
#3232 = ORIENTED_EDGE ( 'NONE', *, *, #688, .F. ) ;
#3233 = PLANE ( 'NONE',  #755 ) ;
#3234 = VECTOR ( 'NONE', #10040, 1000.000000000000000 ) ;
#3235 = VERTEX_POINT ( 'NONE', #2795 ) ;
#3236 = AXIS2_PLACEMENT_3D ( 'NONE', #4746, #1067, #2797 ) ;
#3237 = EDGE_CURVE ( 'NONE', #9840, #10165, #5720, .T. ) ;
#3238 = CARTESIAN_POINT ( 'NONE',  ( 13.00000000000000000, 12.09999999999999964, 13.19999999999999929 ) ) ;
#3239 = VERTEX_POINT ( 'NONE', #10179 ) ;
#3240 = EDGE_LOOP ( 'NONE', ( #2664, #9008, #11346, #7448 ) ) ;
#3241 = CARTESIAN_POINT ( 'NONE',  ( 27.23030594919632819, -14.96913926839695819, 4.000000000000005329 ) ) ;
#3242 = DIRECTION ( 'NONE',  ( 0.000000000000000000, 0.000000000000000000, 1.000000000000000000 ) ) ;
#3243 = DIRECTION ( 'NONE',  ( 0.000000000000000000, 0.000000000000000000, 1.000000000000000000 ) ) ;
#3244 = CARTESIAN_POINT ( 'NONE',  ( -74.51999999999999602, 1.999999999999986233, 0.1999999999999918510 ) ) ;
#3245 = VERTEX_POINT ( 'NONE', #3596 ) ;
#3246 = PRESENTATION_LAYER_ASSIGNMENT (  '', '', ( #1723 ) ) ;
#3247 = DIRECTION ( 'NONE',  ( 0.000000000000000000, 0.000000000000000000, 1.000000000000000000 ) ) ;
#3248 = CARTESIAN_POINT ( 'NONE',  ( 23.98277243589742724, -7.135331946095345934, 3.499999999999996003 ) ) ;
#3249 = EDGE_CURVE ( 'NONE', #8072, #11859, #525, .T. ) ;
#3250 = EDGE_LOOP ( 'NONE', ( #107, #6656, #5813, #8359 ) ) ;
#3251 = ORIENTED_EDGE ( 'NONE', *, *, #7744, .F. ) ;
#3252 = ORIENTED_EDGE ( 'NONE', *, *, #3828, .F. ) ;
#3253 = VECTOR ( 'NONE', #817, 1000.000000000000000 ) ;
#3254 = CARTESIAN_POINT ( 'NONE',  ( 24.68264107603861746, -8.756641608273122657, 3.499999999999999556 ) ) ;
#3255 = FACE_OUTER_BOUND ( 'NONE', #10372, .T. ) ;
#3256 = ORIENTED_EDGE ( 'NONE', *, *, #10218, .F. ) ;
#3257 = ORIENTED_EDGE ( 'NONE', *, *, #1341, .F. ) ;
#3258 = DIRECTION ( 'NONE',  ( 0.000000000000000000, 0.000000000000000000, 1.000000000000000000 ) ) ;
#3259 = EDGE_CURVE ( 'NONE', #2444, #7929, #1958, .T. ) ;
#3260 = CARTESIAN_POINT ( 'NONE',  ( 28.56661237903190553, 7.600568702161829115, 3.599999999999999201 ) ) ;
#3261 = EDGE_CURVE ( 'NONE', #6329, #9613, #9160, .T. ) ;
#3262 = EDGE_CURVE ( 'NONE', #5484, #8758, #6466, .T. ) ;
#3263 = CARTESIAN_POINT ( 'NONE',  ( 24.28297347739396983, -10.85799491670000272, 3.999999999999984457 ) ) ;
#3264 = CARTESIAN_POINT ( 'NONE',  ( 20.99999999999998934, -10.44999999999999751, 1.025000000000002354 ) ) ;
#3265 = EDGE_LOOP ( 'NONE', ( #10177, #7925, #1122, #6154 ) ) ;
#3266 = CARTESIAN_POINT ( 'NONE',  ( 27.53330197020594738, -12.92003205778085118, 3.500000000000003109 ) ) ;
#3267 = ORIENTED_EDGE ( 'NONE', *, *, #5776, .F. ) ;
#3268 = CARTESIAN_POINT ( 'NONE',  ( 47.19999999999998863, 22.54999999999998650, -1.734723475976807094E-15 ) ) ;
#3269 = CARTESIAN_POINT ( 'NONE',  ( 39.19999999999998863, 1.550000000000006262, 2.000000000000001776 ) ) ;
#3270 = DIRECTION ( 'NONE',  ( 1.000000000000000000, -0.000000000000000000, 0.000000000000000000 ) ) ;
#3271 = CARTESIAN_POINT ( 'NONE',  ( 27.16980469903909068, 9.399932332239817612, 5.999999999999998224 ) ) ;
#3272 = CARTESIAN_POINT ( 'NONE',  ( 12.99999999999999645, 41.99999999999999289, 10.09999999999999964 ) ) ;
#3273 = ORIENTED_EDGE ( 'NONE', *, *, #1640, .T. ) ;
#3274 = VECTOR ( 'NONE', #2056, 1000.000000000000000 ) ;
#3275 = CARTESIAN_POINT ( 'NONE',  ( 26.65569768216054669, -10.12810008897223391, 3.500000000000003109 ) ) ;
#3276 = CARTESIAN_POINT ( 'NONE',  ( -12.00000000000000000, -10.45000000000000107, 0.000000000000000000 ) ) ;
#3277 = CARTESIAN_POINT ( 'NONE',  ( 27.81048827292575965, 8.950725444034009826, 3.599999999999999201 ) ) ;
#3278 = DIRECTION ( 'NONE',  ( 1.000000000000000000, 0.000000000000000000, 0.000000000000000000 ) ) ;
#3279 = LINE ( 'NONE', #1605, #1209 ) ;
#3280 = EDGE_CURVE ( 'NONE', #4681, #5878, #9282, .T. ) ;
#3281 = LINE ( 'NONE', #9621, #4174 ) ;
#3282 = VECTOR ( 'NONE', #11151, 1000.000000000000114 ) ;
#3283 = CARTESIAN_POINT ( 'NONE',  ( -11.02500000000000036, -10.45000000000000107, 0.000000000000000000 ) ) ;
#3284 = CARTESIAN_POINT ( 'NONE',  ( 39.19999999999998863, -4.891742202505601433, 3.499999999999999556 ) ) ;
#3285 = ORIENTED_EDGE ( 'NONE', *, *, #8467, .T. ) ;
#3286 = VERTEX_POINT ( 'NONE', #1794 ) ;
#3287 = LINE ( 'NONE', #6934, #11226 ) ;
#3288 = CARTESIAN_POINT ( 'NONE',  ( 24.27199301052571201, -9.498387080999680876, 3.999999999999993339 ) ) ;
#3289 = FACE_OUTER_BOUND ( 'NONE', #7759, .T. ) ;
#3290 = FACE_OUTER_BOUND ( 'NONE', #598, .T. ) ;
#3291 = VECTOR ( 'NONE', #2388, 1000.000000000000000 ) ;
#3292 = EDGE_CURVE ( 'NONE', #785, #8849, #9227, .T. ) ;
#3293 = CARTESIAN_POINT ( 'NONE',  ( 25.99799679487178850, -15.08404989481329572, 3.499999999999999556 ) ) ;
#3294 = CARTESIAN_POINT ( 'NONE',  ( 26.94104158363138524, -12.65751884608556388, 3.500000000000003109 ) ) ;
#3295 = CARTESIAN_POINT ( 'NONE',  ( 28.09446593444944185, 7.872017304824415973, 3.599999999999999201 ) ) ;
#3296 = CARTESIAN_POINT ( 'NONE',  ( -16.99999999999999645, 38.58077640640441075, 2.000000000000000000 ) ) ;
#3297 = VERTEX_POINT ( 'NONE', #5458 ) ;
#3298 = ORIENTED_EDGE ( 'NONE', *, *, #5166, .T. ) ;
#3299 = DIRECTION ( 'NONE',  ( 0.000000000000000000, 0.000000000000000000, 1.000000000000000000 ) ) ;
#3300 = ORIENTED_EDGE ( 'NONE', *, *, #4229, .T. ) ;
#3301 = CIRCLE ( 'NONE', #10967, 1.100000000000003642 ) ;
#3302 = CARTESIAN_POINT ( 'NONE',  ( 25.50887421823198054, -12.59592915618767606, 3.499999999999999556 ) ) ;
#3303 = ORIENTED_EDGE ( 'NONE', *, *, #7597, .T. ) ;
#3304 = CARTESIAN_POINT ( 'NONE',  ( 31.69999999999999218, -5.999999999999988454, -2.969848480983499961 ) ) ;
#3305 = VERTEX_POINT ( 'NONE', #8397 ) ;
#3306 = CARTESIAN_POINT ( 'NONE',  ( 6.000000000000000000, -9.039999999999999147, 2.000000000000000000 ) ) ;
#3307 = DIRECTION ( 'NONE',  ( 0.000000000000000000, 1.000000000000000000, 0.000000000000000000 ) ) ;
#3308 = ORIENTED_EDGE ( 'NONE', *, *, #7497, .F. ) ;
#3309 = ORIENTED_EDGE ( 'NONE', *, *, #2889, .T. ) ;
#3310 = VECTOR ( 'NONE', #2866, 1000.000000000000000 ) ;
#3311 = CARTESIAN_POINT ( 'NONE',  ( 23.37567807909021056, -9.221978230220921446, 3.499999999999999556 ) ) ;
#3312 = LINE ( 'NONE', #6960, #10163 ) ;
#3313 = ORIENTED_EDGE ( 'NONE', *, *, #10546, .T. ) ;
#3314 = ORIENTED_EDGE ( 'NONE', *, *, #7508, .T. ) ;
#3315 = ORIENTED_EDGE ( 'NONE', *, *, #1206, .F. ) ;
#3316 = VECTOR ( 'NONE', #4484, 1000.000000000000000 ) ;
#3317 = EDGE_CURVE ( 'NONE', #9673, #10815, #5891, .T. ) ;
#3318 = ADVANCED_FACE ( 'NONE', ( #3716 ), #8275, .F. ) ;
#3319 = DIRECTION ( 'NONE',  ( 1.000000000000000000, 3.854941057726238097E-16, -0.000000000000000000 ) ) ;
#3320 = VERTEX_POINT ( 'NONE', #5587 ) ;
#3321 = CARTESIAN_POINT ( 'NONE',  ( 23.43338762096807315, 7.600568702161793588, 6.808068238351443036 ) ) ;
#3322 = EDGE_CURVE ( 'NONE', #104, #11261, #2685, .T. ) ;
#3323 = EDGE_CURVE ( 'NONE', #2516, #1327, #1008, .T. ) ;
#3324 = DIRECTION ( 'NONE',  ( 0.3912681764687553354, 0.9202767051723166336, 0.000000000000000000 ) ) ;
#3325 = CARTESIAN_POINT ( 'NONE',  ( 39.19999999999998863, -1.878921689685088880, 3.499999999999999556 ) ) ;
#3326 = LINE ( 'NONE', #11556, #4219 ) ;
#3327 = CARTESIAN_POINT ( 'NONE',  ( 24.09094588526057024, -6.050871112134482033, 3.500000000000003109 ) ) ;
#3328 = CARTESIAN_POINT ( 'NONE',  ( -23.74999999999998934, 9.549999999999988276, 1.000000000000000888 ) ) ;
#3329 = CARTESIAN_POINT ( 'NONE',  ( 23.43775739702924454, -6.626731722140275060, 4.000000000000000000 ) ) ;
#3330 = ADVANCED_FACE ( 'NONE', ( #4682 ), #8332, .F. ) ;
#3331 = ORIENTED_EDGE ( 'NONE', *, *, #1811, .T. ) ;
#3332 = EDGE_CURVE ( 'NONE', #10086, #9594, #11153, .T. ) ;
#3333 = FACE_OUTER_BOUND ( 'NONE', #10629, .T. ) ;
#3334 = ORIENTED_EDGE ( 'NONE', *, *, #6783, .F. ) ;
#3335 = DIRECTION ( 'NONE',  ( 1.000000000000000000, 0.000000000000000000, 0.000000000000000000 ) ) ;
#3336 = CARTESIAN_POINT ( 'NONE',  ( 25.79250726225414780, -9.160611146884573230, 3.500000000000003109 ) ) ;
#3337 = DIRECTION ( 'NONE',  ( -1.000000000000000000, 0.000000000000000000, 0.000000000000000000 ) ) ;
#3338 = CARTESIAN_POINT ( 'NONE',  ( -17.00000000000000000, 41.99999999999997868, 2.000000000000000000 ) ) ;
#3339 = CARTESIAN_POINT ( 'NONE',  ( 48.29999999999999005, -1.450000000000013722, 1.999999999999999112 ) ) ;
#3340 = CARTESIAN_POINT ( 'NONE',  ( 24.59505810192151642, -14.92497852277270098, 3.999999999999974243 ) ) ;
#3341 = CARTESIAN_POINT ( 'NONE',  ( 26.22850276640344447, -14.18564944945711304, 4.000000000000003553 ) ) ;
#3342 = CARTESIAN_POINT ( 'NONE',  ( 13.00000000000000000, 12.09999999999999964, 13.19999999999999929 ) ) ;
#3343 = ORIENTED_EDGE ( 'NONE', *, *, #6688, .T. ) ;
#3344 = EDGE_CURVE ( 'NONE', #10427, #2569, #11664, .T. ) ;
#3345 = VERTEX_POINT ( 'NONE', #3283 ) ;
#3346 = LINE ( 'NONE', #5212, #6624 ) ;
#3347 = CARTESIAN_POINT ( 'NONE',  ( 24.24523351304223340, -14.56873394927889187, 4.000000000000000000 ) ) ;
#3348 = DIRECTION ( 'NONE',  ( 0.4084806145365432184, 0.9127669952117287711, 0.000000000000000000 ) ) ;
#3349 = AXIS2_PLACEMENT_3D ( 'NONE', #5074, #575, #8923 ) ;
#3350 = CARTESIAN_POINT ( 'NONE',  ( 23.56930570546384374, -14.20999252382805977, 3.499999999999999556 ) ) ;
#3351 = EDGE_CURVE ( 'NONE', #4855, #7146, #6101, .T. ) ;
#3352 = LINE ( 'NONE', #10740, #2147 ) ;
#3353 = CARTESIAN_POINT ( 'NONE',  ( 24.49030233237607135, -6.801260897778971248, 4.000000000000000000 ) ) ;
#3354 = CIRCLE ( 'NONE', #2403, 1.100000000000003642 ) ;
#3355 = ORIENTED_EDGE ( 'NONE', *, *, #4353, .F. ) ;
#3356 = EDGE_LOOP ( 'NONE', ( #10926, #5943, #7846, #5385 ) ) ;
#3357 = CARTESIAN_POINT ( 'NONE',  ( -9.039999999999999147, -9.039999999999999147, 2.000000000000000000 ) ) ;
#3358 = ORIENTED_EDGE ( 'NONE', *, *, #1607, .T. ) ;
#3359 = CARTESIAN_POINT ( 'NONE',  ( 30.99999999999999289, 12.05000000000000426, 5.999999999999998224 ) ) ;
#3360 = ORIENTED_EDGE ( 'NONE', *, *, #6248, .T. ) ;
#3361 = EDGE_CURVE ( 'NONE', #3168, #5511, #10727, .T. ) ;
#3362 = DIRECTION ( 'NONE',  ( 1.000000000000000000, -0.000000000000000000, -0.000000000000000000 ) ) ;
#3363 = ORIENTED_EDGE ( 'NONE', *, *, #9585, .T. ) ;
#3364 = ORIENTED_EDGE ( 'NONE', *, *, #1141, .T. ) ;
#3365 = CARTESIAN_POINT ( 'NONE',  ( 25.99999999999999289, 7.050000000000004263, 3.599999999999999201 ) ) ;
#3366 = LINE ( 'NONE', #2339, #2545 ) ;
#3367 = CARTESIAN_POINT ( 'NONE',  ( 23.50991955618347617, -8.660798284288718563, 3.999999999999993339 ) ) ;
#3368 = VECTOR ( 'NONE', #10510, 1000.000000000000114 ) ;
#3369 = AXIS2_PLACEMENT_3D ( 'NONE', #5928, #2989, #6758 ) ;
#3370 = ORIENTED_EDGE ( 'NONE', *, *, #10586, .T. ) ;
#3371 = CARTESIAN_POINT ( 'NONE',  ( 13.00000000000000000, 12.09999999999999964, 43.16681497923994471 ) ) ;
#3372 = CARTESIAN_POINT ( 'NONE',  ( 25.57482115596052807, 9.640337420217932163, 5.999999999999998224 ) ) ;
#3373 = VERTEX_POINT ( 'NONE', #4000 ) ;
#3374 = ORIENTED_EDGE ( 'NONE', *, *, #644, .F. ) ;
#3375 = CARTESIAN_POINT ( 'NONE',  ( 28.49999999999999289, -8.704843164044065773, 3.499999999999999556 ) ) ;
#3376 = EDGE_CURVE ( 'NONE', #5523, #3456, #5902, .T. ) ;
#3377 = ORIENTED_EDGE ( 'NONE', *, *, #8858, .F. ) ;
#3378 = DIRECTION ( 'NONE',  ( -1.000000000000000000, 0.000000000000000000, 0.000000000000000000 ) ) ;
#3379 = FACE_BOUND ( 'NONE', #2205, .T. ) ;
#3380 = ORIENTED_EDGE ( 'NONE', *, *, #3695, .F. ) ;
#3381 = CARTESIAN_POINT ( 'NONE',  ( 23.72966483659832448, -8.298831649183386006, 3.999999999999996447 ) ) ;
#3382 = CARTESIAN_POINT ( 'NONE',  ( 24.26923076923075939, -13.39234316404406577, 3.500000000000006661 ) ) ;
#3383 = VECTOR ( 'NONE', #6264, 1000.000000000000000 ) ;
#3384 = ORIENTED_EDGE ( 'NONE', *, *, #10458, .T. ) ;
#3385 = DIRECTION ( 'NONE',  ( -0.000000000000000000, -0.000000000000000000, 1.000000000000000000 ) ) ;
#3386 = ORIENTED_EDGE ( 'NONE', *, *, #11582, .F. ) ;
#3387 = EDGE_CURVE ( 'NONE', #7863, #1599, #11315, .T. ) ;
#3388 = ORIENTED_EDGE ( 'NONE', *, *, #3214, .T. ) ;
#3389 = CARTESIAN_POINT ( 'NONE',  ( 47.19999999999998863, -13.45000000000001350, -1.734723475976807094E-15 ) ) ;
#3390 = CARTESIAN_POINT ( 'NONE',  ( -24.99999999999999289, 41.99999999999997868, 0.000000000000000000 ) ) ;
#3391 = CARTESIAN_POINT ( 'NONE',  ( 24.36973024362137252, -6.203670602296711856, 3.499999999999999556 ) ) ;
#3392 = DIRECTION ( 'NONE',  ( 1.000000000000000000, 9.637352644315597708E-17, -0.000000000000000000 ) ) ;
#3393 = VECTOR ( 'NONE', #1598, 1000.000000000000000 ) ;
#3394 = CARTESIAN_POINT ( 'NONE',  ( 24.35400513596725958, -13.70313680472815854, 4.000000000000003553 ) ) ;
#3395 = ORIENTED_EDGE ( 'NONE', *, *, #2161, .T. ) ;
#3396 = CARTESIAN_POINT ( 'NONE',  ( 49.19999999999999574, 26.99999999999998224, -8.673617379884035472E-16 ) ) ;
#3397 = CARTESIAN_POINT ( 'NONE',  ( 25.69253169122452718, -9.013662183186653465, 3.499999999999992895 ) ) ;
#3398 = CARTESIAN_POINT ( 'NONE',  ( 25.64277398288026433, 9.650579660901161816, 5.999999999999998224 ) ) ;
#3399 = ORIENTED_EDGE ( 'NONE', *, *, #2065, .T. ) ;
#3400 = DIRECTION ( 'NONE',  ( 0.000000000000000000, 0.000000000000000000, -1.000000000000000000 ) ) ;
#3401 = ADVANCED_FACE ( 'NONE', ( #379 ), #4885, .F. ) ;
#3402 = CARTESIAN_POINT ( 'NONE',  ( 23.96929141173756150, 5.386615609801151727, 5.999999999999998224 ) ) ;
#3403 = VECTOR ( 'NONE', #7249, 1000.000000000000000 ) ;
#3404 = CARTESIAN_POINT ( 'NONE',  ( 24.18922023675434829, -14.75819930554807335, 3.500000000000006661 ) ) ;
#3405 = VECTOR ( 'NONE', #8522, 1000.000000000000000 ) ;
#3406 = CARTESIAN_POINT ( 'NONE',  ( -18.99999999999999645, 37.54999999999998295, -20.20000000000000284 ) ) ;
#3407 = CARTESIAN_POINT ( 'NONE',  ( -51.09999999999999432, 9.549999999999988276, 0.000000000000000000 ) ) ;
#3408 = ORIENTED_EDGE ( 'NONE', *, *, #4519, .F. ) ;
#3409 = ORIENTED_EDGE ( 'NONE', *, *, #8128, .T. ) ;
#3410 = CARTESIAN_POINT ( 'NONE',  ( 25.99999999999999289, 7.050000000000004263, -3.535533905932739085 ) ) ;
#3411 = DIRECTION ( 'NONE',  ( -1.000000000000000000, 0.000000000000000000, 0.000000000000000000 ) ) ;
#3412 = DIRECTION ( 'NONE',  ( 1.000000000000000000, 0.000000000000000000, 0.000000000000000000 ) ) ;
#3413 = CARTESIAN_POINT ( 'NONE',  ( 23.47244425632543852, -14.00578707242953236, 3.499999999999996003 ) ) ;
#3414 = AXIS2_PLACEMENT_3D ( 'NONE', #4323, #1737, #11654 ) ;
#3415 = DIRECTION ( 'NONE',  ( -1.000000000000000000, 0.000000000000000000, 0.000000000000000000 ) ) ;
#3416 = VECTOR ( 'NONE', #3772, 1000.000000000000000 ) ;
#3417 = EDGE_CURVE ( 'NONE', #6360, #6953, #11367, .T. ) ;
#3418 = DIRECTION ( 'NONE',  ( -0.2022968521692527222, -0.9793242484501297751, 0.000000000000000000 ) ) ;
#3419 = EDGE_CURVE ( 'NONE', #4163, #6015, #2180, .T. ) ;
#3420 = EDGE_CURVE ( 'NONE', #3297, #9085, #10879, .T. ) ;
#3421 = CARTESIAN_POINT ( 'NONE',  ( 24.43846738818718123, -6.894959635333634651, 4.000000000000007105 ) ) ;
#3422 = VERTEX_POINT ( 'NONE', #7641 ) ;
#3423 = ORIENTED_EDGE ( 'NONE', *, *, #4009, .T. ) ;
#3424 = CARTESIAN_POINT ( 'NONE',  ( 47.19999999999998863, 10.54999999999999005, -1.734723475976807094E-15 ) ) ;
#3425 = ORIENTED_EDGE ( 'NONE', *, *, #4133, .F. ) ;
#3426 = DIRECTION ( 'NONE',  ( 0.000000000000000000, -0.000000000000000000, 1.000000000000000000 ) ) ;
#3427 = ORIENTED_EDGE ( 'NONE', *, *, #8504, .F. ) ;
#3428 = FACE_OUTER_BOUND ( 'NONE', #839, .T. ) ;
#3429 = CIRCLE ( 'NONE', #2462, 1.100000000000003642 ) ;
#3430 = AXIS2_PLACEMENT_3D ( 'NONE', #9759, #6226, #1489 ) ;
#3431 = ORIENTED_EDGE ( 'NONE', *, *, #11790, .T. ) ;
#3432 = FACE_OUTER_BOUND ( 'NONE', #848, .T. ) ;
#3433 = LINE ( 'NONE', #8951, #3515 ) ;
#3434 = DIRECTION ( 'NONE',  ( -1.927470528863119049E-16, 1.000000000000000000, -0.000000000000000000 ) ) ;
#3435 = VERTEX_POINT ( 'NONE', #6912 ) ;
#3436 = CARTESIAN_POINT ( 'NONE',  ( 23.46004233177433207, -8.793230719478204449, 3.499999999999999556 ) ) ;
#3437 = FACE_OUTER_BOUND ( 'NONE', #1493, .T. ) ;
#3438 = EDGE_CURVE ( 'NONE', #5590, #8399, #3075, .T. ) ;
#3439 = ORIENTED_EDGE ( 'NONE', *, *, #7446, .F. ) ;
#3440 = DIRECTION ( 'NONE',  ( 1.000000000000000000, 0.000000000000000000, 0.000000000000000000 ) ) ;
#3441 = AXIS2_PLACEMENT_3D ( 'NONE', #11295, #6607, #2104 ) ;
#3442 = ORIENTED_EDGE ( 'NONE', *, *, #8047, .F. ) ;
#3443 = CARTESIAN_POINT ( 'NONE',  ( 27.72730271446992845, -13.47760009860552266, 3.500000000000013323 ) ) ;
#3444 = VERTEX_POINT ( 'NONE', #5849 ) ;
#3445 = ORIENTED_EDGE ( 'NONE', *, *, #7057, .T. ) ;
#3446 = CARTESIAN_POINT ( 'NONE',  ( 41.19999999999999574, -10.44999999999999751, 2.000000000000001776 ) ) ;
#3447 = DIRECTION ( 'NONE',  ( -0.6013489169558873249, 0.7989865331005155946, 0.000000000000000000 ) ) ;
#3448 = AXIS2_PLACEMENT_3D ( 'NONE', #4313, #7128, #11825 ) ;
#3449 = CIRCLE ( 'NONE', #5743, 0.9750000000000001998 ) ;
#3450 = ORIENTED_EDGE ( 'NONE', *, *, #7885, .F. ) ;
#3451 = PLANE ( 'NONE',  #4879 ) ;
#3452 = EDGE_CURVE ( 'NONE', #7456, #3049, #1400, .T. ) ;
#3453 = CARTESIAN_POINT ( 'NONE',  ( -15.00000000000001066, 18.00000000000000000, 2.000000000000000000 ) ) ;
#3454 = CARTESIAN_POINT ( 'NONE',  ( 23.49559702850270781, -10.02005981133680024, 3.499999999999999556 ) ) ;
#3455 = LINE ( 'NONE', #6086, #5199 ) ;
#3456 = VERTEX_POINT ( 'NONE', #10339 ) ;
#3457 = AXIS2_PLACEMENT_3D ( 'NONE', #2007, #1294, #10234 ) ;
#3458 = ORIENTED_EDGE ( 'NONE', *, *, #1802, .F. ) ;
#3459 = LINE ( 'NONE', #7948, #7263 ) ;
#3460 = DIRECTION ( 'NONE',  ( -0.000000000000000000, -0.000000000000000000, 1.000000000000000000 ) ) ;
#3461 = CARTESIAN_POINT ( 'NONE',  ( -9.199999999999995737, 10.60000000000000142, 3.500000000000000000 ) ) ;
#3462 = FACE_OUTER_BOUND ( 'NONE', #8799, .T. ) ;
#3463 = CARTESIAN_POINT ( 'NONE',  ( 9.199999999999995737, 11.60000000000000320, 3.500000000000000000 ) ) ;
#3464 = ORIENTED_EDGE ( 'NONE', *, *, #4903, .T. ) ;
#3465 = DIRECTION ( 'NONE',  ( -1.000000000000000000, -0.000000000000000000, -0.000000000000000000 ) ) ;
#3466 = DIRECTION ( 'NONE',  ( -0.9634530185058026719, 0.2678773621119510673, 0.000000000000000000 ) ) ;
#3467 = CIRCLE ( 'NONE', #7467, 1.100000000000000311 ) ;
#3468 = CARTESIAN_POINT ( 'NONE',  ( 25.55228365384614619, -8.872110792249191746, 3.499999999999999556 ) ) ;
#3469 = DIRECTION ( 'NONE',  ( 0.000000000000000000, 1.000000000000000000, 0.000000000000000000 ) ) ;
#3470 = ADVANCED_FACE ( 'NONE', ( #4945 ), #6737, .F. ) ;
#3471 = CARTESIAN_POINT ( 'NONE',  ( 23.38594170209642442, -13.65676704002534692, 3.999999999999974243 ) ) ;
#3472 = ORIENTED_EDGE ( 'NONE', *, *, #8065, .T. ) ;
#3473 = AXIS2_PLACEMENT_3D ( 'NONE', #207, #1107, #5739 ) ;
#3474 = CARTESIAN_POINT ( 'NONE',  ( 27.63841264388332064, -13.71302493319884164, 3.500000000000006661 ) ) ;
#3475 = CARTESIAN_POINT ( 'NONE',  ( 31.69999999999999218, -15.00000000000000000, 4.000000000000000000 ) ) ;
#3476 = DIRECTION ( 'NONE',  ( 1.000000000000000000, -0.000000000000000000, -0.000000000000000000 ) ) ;
#3477 = DIRECTION ( 'NONE',  ( -0.000000000000000000, -0.000000000000000000, -1.000000000000000000 ) ) ;
#3478 = CARTESIAN_POINT ( 'NONE',  ( 26.58904733103313589, -10.26085727031833628, 3.500000000000003109 ) ) ;
#3479 = ADVANCED_FACE ( 'NONE', ( #7756 ), #10900, .T. ) ;
#3480 = DIRECTION ( 'NONE',  ( 0.9996077427267575644, 0.02800643998648373600, 0.000000000000000000 ) ) ;
#3481 = CARTESIAN_POINT ( 'NONE',  ( 25.87072065702534474, -9.531609359230628797, 3.499999999999999556 ) ) ;
#3482 = DIRECTION ( 'NONE',  ( 0.000000000000000000, 0.000000000000000000, 1.000000000000000000 ) ) ;
#3483 = VECTOR ( 'NONE', #3066, 1000.000000000000000 ) ;
#3484 = EDGE_CURVE ( 'NONE', #9673, #5654, #3563, .T. ) ;
#3485 = LINE ( 'NONE', #8876, #1000 ) ;
#3486 = ADVANCED_FACE ( 'NONE', ( #2653 ), #857, .F. ) ;
#3487 = CARTESIAN_POINT ( 'NONE',  ( 13.00000000000000000, 12.09999999999999964, 10.09999999999999964 ) ) ;
#3488 = VERTEX_POINT ( 'NONE', #2827 ) ;
#3489 = CYLINDRICAL_SURFACE ( 'NONE', #724, 0.9749999999999993117 ) ;
#3490 = ORIENTED_EDGE ( 'NONE', *, *, #8241, .T. ) ;
#3491 = CARTESIAN_POINT ( 'NONE',  ( 20.99999999999998934, -17.99999999999999645, 0.000000000000000000 ) ) ;
#3492 = ORIENTED_EDGE ( 'NONE', *, *, #9843, .T. ) ;
#3493 = DIRECTION ( 'NONE',  ( -0.9782753810969014863, 0.2073096204707156054, 0.000000000000000000 ) ) ;
#3494 = AXIS2_PLACEMENT_3D ( 'NONE', #8594, #9468, #8768 ) ;
#3495 = ORIENTED_EDGE ( 'NONE', *, *, #9934, .F. ) ;
#3496 = EDGE_CURVE ( 'NONE', #4333, #9537, #4254, .T. ) ;
#3497 = CARTESIAN_POINT ( 'NONE',  ( 26.07680685473088289, -14.18628421815810370, 4.000000000000003553 ) ) ;
#3498 = CARTESIAN_POINT ( 'NONE',  ( -41.96999999999999176, 7.049999999999989164, 2.000000000000000000 ) ) ;
#3499 = ORIENTED_EDGE ( 'NONE', *, *, #10417, .T. ) ;
#3500 = CARTESIAN_POINT ( 'NONE',  ( 27.53330197020594738, -12.92003205778085118, 4.000000000000003553 ) ) ;
#3501 = DIRECTION ( 'NONE',  ( -0.8416912655466671778, -0.5399590850263097375, 0.000000000000000000 ) ) ;
#3502 = ORIENTED_EDGE ( 'NONE', *, *, #9101, .F. ) ;
#3503 = LINE ( 'NONE', #11677, #6857 ) ;
#3504 = CIRCLE ( 'NONE', #1579, 1.100000000000000311 ) ;
#3505 = ORIENTED_EDGE ( 'NONE', *, *, #6814, .F. ) ;
#3506 = CARTESIAN_POINT ( 'NONE',  ( 28.35985885580361199, -14.28470990820388486, 3.499999999999999556 ) ) ;
#3507 = EDGE_CURVE ( 'NONE', #2317, #1276, #1089, .T. ) ;
#3508 = AXIS2_PLACEMENT_3D ( 'NONE', #11630, #908, #9245 ) ;
#3509 = DIRECTION ( 'NONE',  ( 0.000000000000000000, 0.000000000000000000, 1.000000000000000000 ) ) ;
#3510 = EDGE_LOOP ( 'NONE', ( #1949, #4882, #6432, #535 ) ) ;
#3511 = ORIENTED_EDGE ( 'NONE', *, *, #2314, .F. ) ;
#3512 = DIRECTION ( 'NONE',  ( -0.000000000000000000, -0.000000000000000000, -1.000000000000000000 ) ) ;
#3513 = DIRECTION ( 'NONE',  ( -1.000000000000000000, -5.981805089575203100E-16, 0.000000000000000000 ) ) ;
#3514 = CARTESIAN_POINT ( 'NONE',  ( 28.01923758060943115, -14.62549785898581334, 3.999999999999994671 ) ) ;
#3515 = VECTOR ( 'NONE', #728, 1000.000000000000000 ) ;
#3516 = DIRECTION ( 'NONE',  ( 0.000000000000000000, -1.000000000000000000, -0.000000000000000000 ) ) ;
#3517 = CARTESIAN_POINT ( 'NONE',  ( 24.52564102564101844, -6.590460151223551222, 3.500000000000003109 ) ) ;
#3518 = ADVANCED_FACE ( 'NONE', ( #11001 ), #3625, .F. ) ;
#3519 = DIRECTION ( 'NONE',  ( -1.000000000000000000, 0.000000000000000000, 0.000000000000000000 ) ) ;
#3520 = CARTESIAN_POINT ( 'NONE',  ( -74.51999999999999602, 11.99999999999998579, 1.000000000000000888 ) ) ;
#3521 = ADVANCED_FACE ( 'NONE', ( #138 ), #4294, .T. ) ;
#3522 = DIRECTION ( 'NONE',  ( 0.000000000000000000, 0.000000000000000000, 1.000000000000000000 ) ) ;
#3523 = ORIENTED_EDGE ( 'NONE', *, *, #4518, .F. ) ;
#3524 = VECTOR ( 'NONE', #6679, 1000.000000000000000 ) ;
#3525 = DIRECTION ( 'NONE',  ( 0.000000000000000000, 0.000000000000000000, 1.000000000000000000 ) ) ;
#3526 = CARTESIAN_POINT ( 'NONE',  ( 27.66666666666665719, -10.98148579224919175, 4.000000000000000000 ) ) ;
#3527 = ORIENTED_EDGE ( 'NONE', *, *, #5487, .F. ) ;
#3528 = DIRECTION ( 'NONE',  ( 1.000000000000000000, 0.000000000000000000, 0.000000000000000000 ) ) ;
#3529 = EDGE_CURVE ( 'NONE', #7216, #9437, #9181, .T. ) ;
#3530 = CARTESIAN_POINT ( 'NONE',  ( -16.99999999999999289, 9.371637353248781110, 10.09999999999999964 ) ) ;
#3531 = CARTESIAN_POINT ( 'NONE',  ( 23.37179487179486514, -13.39634957430047280, 3.999999999999996447 ) ) ;
#3532 = FACE_OUTER_BOUND ( 'NONE', #1311, .T. ) ;
#3533 = DIRECTION ( 'NONE',  ( 0.000000000000000000, 0.000000000000000000, 1.000000000000000000 ) ) ;
#3534 = LINE ( 'NONE', #6457, #11326 ) ;
#3535 = FACE_BOUND ( 'NONE', #427, .T. ) ;
#3536 = CARTESIAN_POINT ( 'NONE',  ( 40.42862584671844672, -12.05219077280909801, 3.499999999999999556 ) ) ;
#3537 = CARTESIAN_POINT ( 'NONE',  ( 27.89306214660643590, -12.06388893623314473, 3.500000000000003109 ) ) ;
#3538 = ORIENTED_EDGE ( 'NONE', *, *, #3795, .T. ) ;
#3539 = ORIENTED_EDGE ( 'NONE', *, *, #672, .T. ) ;
#3540 = EDGE_CURVE ( 'NONE', #9452, #5312, #11112, .T. ) ;
#3541 = CYLINDRICAL_SURFACE ( 'NONE', #4564, 1.100000000000000311 ) ;
#3542 = VERTEX_POINT ( 'NONE', #244 ) ;
#3543 = CIRCLE ( 'NONE', #7556, 2.624999999999998668 ) ;
#3544 = LINE ( 'NONE', #9053, #1055 ) ;
#3545 = CARTESIAN_POINT ( 'NONE',  ( 24.52564102564101844, -3.994306305069704965, 3.499999999999999556 ) ) ;
#3546 = CARTESIAN_POINT ( 'NONE',  ( 26.82476896427944624, -14.13406248658068520, 4.000000000000007105 ) ) ;
#3547 = CARTESIAN_POINT ( 'NONE',  ( -25.99999999999999289, 9.549999999999988276, 2.000000000000000000 ) ) ;
#3548 = EDGE_LOOP ( 'NONE', ( #11596, #2443 ) ) ;
#3549 = LINE ( 'NONE', #5417, #10049 ) ;
#3550 = CARTESIAN_POINT ( 'NONE',  ( -6.000000000000001776, -9.039999999999999147, 0.000000000000000000 ) ) ;
#3551 = VERTEX_POINT ( 'NONE', #5721 ) ;
#3552 = VECTOR ( 'NONE', #1233, 1000.000000000000000 ) ;
#3553 = EDGE_LOOP ( 'NONE', ( #5476, #140, #770, #3226, #8667 ) ) ;
#3554 = EDGE_CURVE ( 'NONE', #4947, #2929, #2814, .T. ) ;
#3555 = CARTESIAN_POINT ( 'NONE',  ( 27.23030594919632819, -14.96913926839695819, 3.500000000000003109 ) ) ;
#3556 = AXIS2_PLACEMENT_3D ( 'NONE', #5151, #11521, #9691 ) ;
#3557 = ORIENTED_EDGE ( 'NONE', *, *, #7605, .F. ) ;
#3558 = AXIS2_PLACEMENT_3D ( 'NONE', #5888, #9531, #10386 ) ;
#3559 = DIRECTION ( 'NONE',  ( 0.000000000000000000, 0.000000000000000000, 1.000000000000000000 ) ) ;
#3560 = VERTEX_POINT ( 'NONE', #9299 ) ;
#3561 = EDGE_LOOP ( 'NONE', ( #7816, #4975, #8054, #497, #11548, #8278, #11778, #2512, #637, #4224, #9829, #7154 ) ) ;
#3562 = DIRECTION ( 'NONE',  ( 0.000000000000000000, 0.000000000000000000, -1.000000000000000000 ) ) ;
#3563 = LINE ( 'NONE', #7215, #1716 ) ;
#3564 = ADVANCED_FACE ( 'NONE', ( #4643 ), #10991, .F. ) ;
#3565 = ADVANCED_FACE ( 'NONE', ( #5777 ), #4763, .F. ) ;
#3566 = CIRCLE ( 'NONE', #9100, 2.624999999999998668 ) ;
#3567 = EDGE_LOOP ( 'NONE', ( #4646, #5747 ) ) ;
#3568 = CARTESIAN_POINT ( 'NONE',  ( 24.57366440155121268, -11.84541285483365236, 3.499999999999996003 ) ) ;
#3569 = FACE_OUTER_BOUND ( 'NONE', #3655, .T. ) ;
#3570 = CARTESIAN_POINT ( 'NONE',  ( 27.66666666666665719, -18.00000000000000000, 3.499999999999999556 ) ) ;
#3571 = CARTESIAN_POINT ( 'NONE',  ( -12.00000000000000000, -10.45000000000000107, -4.999999999999999112 ) ) ;
#3572 = DIRECTION ( 'NONE',  ( -0.000000000000000000, 1.000000000000000000, 0.000000000000000000 ) ) ;
#3573 = ADVANCED_FACE ( 'NONE', ( #6422, #10075, #1257, #9581, #1379 ), #5041, .T. ) ;
#3574 = AXIS2_PLACEMENT_3D ( 'NONE', #11068, #6380, #921 ) ;
#3575 = CARTESIAN_POINT ( 'NONE',  ( 25.99999999999999289, 7.050000000000004263, 5.999999999999998224 ) ) ;
#3576 = DIRECTION ( 'NONE',  ( -0.000000000000000000, -0.000000000000000000, -1.000000000000000000 ) ) ;
#3577 = FACE_OUTER_BOUND ( 'NONE', #9068, .T. ) ;
#3578 = ADVANCED_FACE ( 'NONE', ( #4920 ), #9703, .F. ) ;
#3579 = AXIS2_PLACEMENT_3D ( 'NONE', #11520, #8933, #6106 ) ;
#3580 = LINE ( 'NONE', #9086, #4398 ) ;
#3581 = CARTESIAN_POINT ( 'NONE',  ( 20.99999999999999289, 41.99999999999999289, -5.000000000000000000 ) ) ;
#3582 = ORIENTED_EDGE ( 'NONE', *, *, #10526, .F. ) ;
#3583 = CARTESIAN_POINT ( 'NONE',  ( 23.70155623165367231, -14.39028103454768548, 4.000000000000003553 ) ) ;
#3584 = CARTESIAN_POINT ( 'NONE',  ( 25.08052884615383959, -10.14815245891586137, 3.500000000000006661 ) ) ;
#3585 = FACE_OUTER_BOUND ( 'NONE', #4439, .T. ) ;
#3586 = DIRECTION ( 'NONE',  ( 0.000000000000000000, 0.000000000000000000, -1.000000000000000000 ) ) ;
#3587 = LINE ( 'NONE', #4443, #581 ) ;
#3588 = DIRECTION ( 'NONE',  ( -1.000000000000000000, 0.000000000000000000, 0.000000000000000000 ) ) ;
#3589 = FACE_OUTER_BOUND ( 'NONE', #1575, .T. ) ;
#3590 = CIRCLE ( 'NONE', #10282, 0.9749999999999993117 ) ;
#3591 = CARTESIAN_POINT ( 'NONE',  ( 25.99999999999999289, 9.300000000000004263, 5.999999999999998224 ) ) ;
#3592 = EDGE_CURVE ( 'NONE', #6981, #7209, #478, .T. ) ;
#3593 = AXIS2_PLACEMENT_3D ( 'NONE', #10437, #6775, #2218 ) ;
#3594 = DIRECTION ( 'NONE',  ( 0.000000000000000000, 0.000000000000000000, 1.000000000000000000 ) ) ;
#3595 = VERTEX_POINT ( 'NONE', #6769 ) ;
#3596 = CARTESIAN_POINT ( 'NONE',  ( 25.94090544871794179, -12.58404989481329395, 4.000000000000003553 ) ) ;
#3597 = LINE ( 'NONE', #9004, #369 ) ;
#3598 = ORIENTED_EDGE ( 'NONE', *, *, #4587, .F. ) ;
#3599 = CARTESIAN_POINT ( 'NONE',  ( -16.99999999999999645, 26.58077640640441786, 2.000000000000000000 ) ) ;
#3600 = ORIENTED_EDGE ( 'NONE', *, *, #9412, .T. ) ;
#3601 = DIRECTION ( 'NONE',  ( -0.000000000000000000, -0.000000000000000000, 1.000000000000000000 ) ) ;
#3602 = CARTESIAN_POINT ( 'NONE',  ( 26.35722601711972146, 9.650579660901161816, 6.806887048618888159 ) ) ;
#3603 = DIRECTION ( 'NONE',  ( 0.000000000000000000, -1.000000000000000000, 0.000000000000000000 ) ) ;
#3604 = VECTOR ( 'NONE', #4678, 1000.000000000000000 ) ;
#3605 = ORIENTED_EDGE ( 'NONE', *, *, #7769, .F. ) ;
#3606 = CARTESIAN_POINT ( 'NONE',  ( 24.28625470765975791, -7.858638376539896164, 3.499999999999999556 ) ) ;
#3607 = CARTESIAN_POINT ( 'NONE',  ( -3.700000000000001954, 10.60000000000000142, 2.000000000000000000 ) ) ;
#3608 = EDGE_CURVE ( 'NONE', #3854, #5428, #1317, .T. ) ;
#3609 = ORIENTED_EDGE ( 'NONE', *, *, #175, .T. ) ;
#3610 = ADVANCED_FACE ( 'NONE', ( #11467 ), #3233, .F. ) ;
#3611 = ORIENTED_EDGE ( 'NONE', *, *, #2772, .T. ) ;
#3612 = DIRECTION ( 'NONE',  ( 1.000000000000000000, 0.000000000000000000, 0.000000000000000000 ) ) ;
#3613 = AXIS2_PLACEMENT_3D ( 'NONE', #10306, #9447, #11159 ) ;
#3614 = VECTOR ( 'NONE', #114, 1000.000000000000000 ) ;
#3615 = DIRECTION ( 'NONE',  ( -1.000000000000000000, 0.000000000000000000, 0.000000000000000000 ) ) ;
#3616 = LINE ( 'NONE', #4290, #4720 ) ;
#3617 = ORIENTED_EDGE ( 'NONE', *, *, #4517, .T. ) ;
#3618 = EDGE_CURVE ( 'NONE', #2061, #7638, #10491, .T. ) ;
#3619 = EDGE_LOOP ( 'NONE', ( #1435, #1550, #10325, #8180 ) ) ;
#3620 = PRODUCT ( 'CamHolder', 'CamHolder', '', ( #9104 ) ) ;
#3621 = VECTOR ( 'NONE', #1617, 1000.000000000000000 ) ;
#3622 = DIRECTION ( 'NONE',  ( -0.9469429323001181675, 0.3214017469878684974, 0.000000000000000000 ) ) ;
#3623 = EDGE_CURVE ( 'NONE', #8757, #1214, #2656, .T. ) ;
#3624 = VERTEX_POINT ( 'NONE', #3058 ) ;
#3625 = PLANE ( 'NONE',  #1140 ) ;
#3626 = VECTOR ( 'NONE', #3040, 1000.000000000000000 ) ;
#3627 = DIRECTION ( 'NONE',  ( 0.000000000000000000, -0.000000000000000000, -1.000000000000000000 ) ) ;
#3628 = CARTESIAN_POINT ( 'NONE',  ( 27.45019874737452881, 4.861953247045823545, 6.797529781440644570 ) ) ;
#3629 = VECTOR ( 'NONE', #2033, 1000.000000000000000 ) ;
#3630 = DIRECTION ( 'NONE',  ( -0.000000000000000000, 1.000000000000000000, -0.000000000000000000 ) ) ;
#3631 = LINE ( 'NONE', #9977, #10657 ) ;
#3632 = EDGE_CURVE ( 'NONE', #10827, #7395, #3977, .T. ) ;
#3633 = EDGE_CURVE ( 'NONE', #9406, #9635, #7737, .T. ) ;
#3634 = EDGE_CURVE ( 'NONE', #9543, #2629, #360, .T. ) ;
#3635 = LINE ( 'NONE', #10896, #1546 ) ;
#3636 = VERTEX_POINT ( 'NONE', #8638 ) ;
#3637 = LINE ( 'NONE', #5562, #6375 ) ;
#3638 =( GEOMETRIC_REPRESENTATION_CONTEXT ( 3 ) GLOBAL_UNCERTAINTY_ASSIGNED_CONTEXT ( ( #1693 ) ) GLOBAL_UNIT_ASSIGNED_CONTEXT ( ( #8852, #4301, #5133 ) ) REPRESENTATION_CONTEXT ( 'NONE', 'WORKASPACE' ) );
#3639 = DIRECTION ( 'NONE',  ( -0.000000000000000000, -1.000000000000000000, -0.000000000000000000 ) ) ;
#3640 = CARTESIAN_POINT ( 'NONE',  ( 28.28893532140991596, -14.37881412144808557, 3.999999999999994671 ) ) ;
#3641 = CARTESIAN_POINT ( 'NONE',  ( 27.35493773600319756, -13.96896800775460257, 3.500000000000003109 ) ) ;
#3642 = DIRECTION ( 'NONE',  ( -0.000000000000000000, -0.000000000000000000, 1.000000000000000000 ) ) ;
#3643 = DIRECTION ( 'NONE',  ( -1.000000000000000000, -0.000000000000000000, -0.000000000000000000 ) ) ;
#3644 = DIRECTION ( 'NONE',  ( 0.000000000000000000, 1.000000000000000000, 0.000000000000000000 ) ) ;
#3645 = MECHANICAL_DESIGN_GEOMETRIC_PRESENTATION_REPRESENTATION (  '', ( #10742 ), #1335 ) ;
#3646 = DIRECTION ( 'NONE',  ( -0.000000000000000000, -0.000000000000000000, 1.000000000000000000 ) ) ;
#3647 = EDGE_CURVE ( 'NONE', #2582, #3786, #4097, .T. ) ;
#3648 = CARTESIAN_POINT ( 'NONE',  ( 39.19999999999998863, 41.99999999999999289, 4.000000000000000000 ) ) ;
#3649 = CARTESIAN_POINT ( 'NONE',  ( -11.02500000000000036, -10.45000000000000107, -4.999999999999999112 ) ) ;
#3650 = ORIENTED_EDGE ( 'NONE', *, *, #1221, .T. ) ;
#3651 = FACE_OUTER_BOUND ( 'NONE', #7615, .T. ) ;
#3652 = PLANE ( 'NONE',  #6092 ) ;
#3653 = LINE ( 'NONE', #7350, #980 ) ;
#3654 = VECTOR ( 'NONE', #3882, 1000.000000000000000 ) ;
#3655 = EDGE_LOOP ( 'NONE', ( #10940, #11518, #9034, #2109 ) ) ;
#3656 = CARTESIAN_POINT ( 'NONE',  ( 47.19999999999998863, -13.45000000000001350, -1.734723475976807094E-15 ) ) ;
#3657 = DIRECTION ( 'NONE',  ( 1.000000000000000000, -7.228014483236698281E-18, 0.000000000000000000 ) ) ;
#3658 = ORIENTED_EDGE ( 'NONE', *, *, #629, .F. ) ;
#3659 = ORIENTED_EDGE ( 'NONE', *, *, #9683, .T. ) ;
#3660 = ORIENTED_EDGE ( 'NONE', *, *, #11474, .F. ) ;
#3661 = CARTESIAN_POINT ( 'NONE',  ( -16.99999999999999645, 12.51922359359556403, -5.363961030678932040 ) ) ;
#3662 = EDGE_LOOP ( 'NONE', ( #10587, #7583 ) ) ;
#3663 = DIRECTION ( 'NONE',  ( 0.7071067811865441310, 0.000000000000000000, 0.7071067811865507924 ) ) ;
#3664 = CARTESIAN_POINT ( 'NONE',  ( 24.71794871794871185, -8.737896048659450798, 3.500000000000003109 ) ) ;
#3665 = DIRECTION ( 'NONE',  ( 0.000000000000000000, 0.000000000000000000, -1.000000000000000000 ) ) ;
#3666 = CARTESIAN_POINT ( 'NONE',  ( -9.039999999999999147, 9.039999999999999147, 2.000000000000000000 ) ) ;
#3667 = VECTOR ( 'NONE', #10825, 1000.000000000000000 ) ;
#3668 = ORIENTED_EDGE ( 'NONE', *, *, #3811, .T. ) ;
#3669 = CARTESIAN_POINT ( 'NONE',  ( 23.92708423791419747, -8.093699925321168109, 3.499999999999996003 ) ) ;
#3670 = DIRECTION ( 'NONE',  ( -0.000000000000000000, 1.000000000000000000, -0.000000000000000000 ) ) ;
#3671 = ORIENTED_EDGE ( 'NONE', *, *, #551, .F. ) ;
#3672 = LINE ( 'NONE', #10818, #2831 ) ;
#3673 = ORIENTED_EDGE ( 'NONE', *, *, #613, .T. ) ;
#3674 = DIRECTION ( 'NONE',  ( 1.000000000000000000, 0.000000000000000000, 0.000000000000000000 ) ) ;
#3675 = VECTOR ( 'NONE', #8940, 1000.000000000000000 ) ;
#3676 = VERTEX_POINT ( 'NONE', #837 ) ;
#3677 = CARTESIAN_POINT ( 'NONE',  ( 25.19350029308479222, 4.551964127009847871, 5.999999999999998224 ) ) ;
#3678 = DIRECTION ( 'NONE',  ( -1.000000000000000000, 0.000000000000000000, 0.000000000000000000 ) ) ;
#3679 = EDGE_CURVE ( 'NONE', #9226, #10415, #7443, .T. ) ;
#3680 = ORIENTED_EDGE ( 'NONE', *, *, #230, .T. ) ;
#3681 = CARTESIAN_POINT ( 'NONE',  ( 25.39578847213858737, -10.09918134803125689, 3.500000000000003109 ) ) ;
#3682 = ORIENTED_EDGE ( 'NONE', *, *, #392, .F. ) ;
#3683 = AXIS2_PLACEMENT_3D ( 'NONE', #2695, #7093, #5360 ) ;
#3684 = LINE ( 'NONE', #11059, #8910 ) ;
#3685 = DIRECTION ( 'NONE',  ( -0.000000000000000000, -0.000000000000000000, -1.000000000000000000 ) ) ;
#3686 = ORIENTED_EDGE ( 'NONE', *, *, #651, .T. ) ;
#3687 = EDGE_LOOP ( 'NONE', ( #11141, #533, #11619, #4052, #83 ) ) ;
#3688 = ADVANCED_FACE ( 'NONE', ( #9891 ), #7011, .F. ) ;
#3689 = ORIENTED_EDGE ( 'NONE', *, *, #3901, .T. ) ;
#3690 = CARTESIAN_POINT ( 'NONE',  ( 23.43449514906775022, -12.89435360492921312, 3.500000000000003109 ) ) ;
#3691 = VECTOR ( 'NONE', #2624, 1000.000000000000000 ) ;
#3692 = LINE ( 'NONE', #8973, #3383 ) ;
#3693 = DIRECTION ( 'NONE',  ( 0.000000000000000000, -0.000000000000000000, 1.000000000000000000 ) ) ;
#3694 = EDGE_CURVE ( 'NONE', #2929, #8839, #11780, .T. ) ;
#3695 = EDGE_CURVE ( 'NONE', #10212, #6059, #4503, .T. ) ;
#3696 = CARTESIAN_POINT ( 'NONE',  ( -17.00000000000000000, 41.99999999999997868, 0.000000000000000000 ) ) ;
#3697 = ORIENTED_EDGE ( 'NONE', *, *, #1571, .F. ) ;
#3698 = CARTESIAN_POINT ( 'NONE',  ( 23.75629145634233552, 7.218142710569450671, 3.599999999999999201 ) ) ;
#3699 = AXIS2_PLACEMENT_3D ( 'NONE', #7923, #1573, #2577 ) ;
#3700 = CARTESIAN_POINT ( 'NONE',  ( 28.62820512820512064, -13.37030790763381027, 3.499999999999999556 ) ) ;
#3701 = ADVANCED_FACE ( 'NONE', ( #11839 ), #6237, .F. ) ;
#3702 = EDGE_CURVE ( 'NONE', #11865, #759, #1686, .T. ) ;
#3703 = CARTESIAN_POINT ( 'NONE',  ( -12.97499999999999964, -10.45000000000000107, -4.999999999999999112 ) ) ;
#3704 = ORIENTED_EDGE ( 'NONE', *, *, #2874, .T. ) ;
#3705 = DIRECTION ( 'NONE',  ( 1.000000000000000000, 0.000000000000000000, 0.000000000000000000 ) ) ;
#3706 = VERTEX_POINT ( 'NONE', #8052 ) ;
#3707 = AXIS2_PLACEMENT_3D ( 'NONE', #4736, #6804, #9499 ) ;
#3708 = LINE ( 'NONE', #7402, #2824 ) ;
#3709 = DIRECTION ( 'NONE',  ( 0.9469429323001181675, -0.3214017469878684419, 0.000000000000000000 ) ) ;
#3710 = ORIENTED_EDGE ( 'NONE', *, *, #3632, .T. ) ;
#3711 = LINE ( 'NONE', #5452, #10975 ) ;
#3712 = DIRECTION ( 'NONE',  ( 0.000000000000000000, 0.000000000000000000, -1.000000000000000000 ) ) ;
#3713 = CARTESIAN_POINT ( 'NONE',  ( 28.10794692596216038, -12.21200033411492925, 3.500000000000006661 ) ) ;
#3714 = ORIENTED_EDGE ( 'NONE', *, *, #1352, .F. ) ;
#3715 = ORIENTED_EDGE ( 'NONE', *, *, #6785, .T. ) ;
#3716 = FACE_OUTER_BOUND ( 'NONE', #6318, .T. ) ;
#3717 = EDGE_CURVE ( 'NONE', #11037, #4279, #10918, .T. ) ;
#3718 = DIRECTION ( 'NONE',  ( 0.000000000000000000, 0.000000000000000000, 1.000000000000000000 ) ) ;
#3719 = ORIENTED_EDGE ( 'NONE', *, *, #2595, .T. ) ;
#3720 = DIRECTION ( 'NONE',  ( 1.000000000000000000, 0.000000000000000000, 0.000000000000000000 ) ) ;
#3721 = ORIENTED_EDGE ( 'NONE', *, *, #5783, .T. ) ;
#3722 = CARTESIAN_POINT ( 'NONE',  ( 40.62525574638279835, -11.27434681860244936, 3.499999999999999556 ) ) ;
#3723 = ORIENTED_EDGE ( 'NONE', *, *, #3632, .F. ) ;
#3724 = CARTESIAN_POINT ( 'NONE',  ( 27.06069711538460254, -3.994306305069704965, 3.499999999999999556 ) ) ;
#3725 = LINE ( 'NONE', #3664, #2015 ) ;
#3726 = CARTESIAN_POINT ( 'NONE',  ( -9.200000000000001066, 18.00000000000000355, 2.000000000000000000 ) ) ;
#3727 = CARTESIAN_POINT ( 'NONE',  ( 27.37116117973609875, -11.84210071320305424, 4.000000000000003553 ) ) ;
#3728 = CARTESIAN_POINT ( 'NONE',  ( 23.43775739702924454, -6.626731722140275060, 4.000000000000000000 ) ) ;
#3729 = ORIENTED_EDGE ( 'NONE', *, *, #10504, .F. ) ;
#3730 = CARTESIAN_POINT ( 'NONE',  ( 24.19360731046278090, -6.082522246282337619, 4.000000000000003553 ) ) ;
#3731 = CARTESIAN_POINT ( 'NONE',  ( -28.79999999999999361, -18.00000000000000355, 20.91137224000415529 ) ) ;
#3732 = CARTESIAN_POINT ( 'NONE',  ( 24.29021462544016785, -13.22111602166133260, 3.500000000000003109 ) ) ;
#3733 = EDGE_CURVE ( 'NONE', #1437, #5731, #3597, .T. ) ;
#3734 = DIRECTION ( 'NONE',  ( -1.000000000000000000, 0.000000000000000000, 0.000000000000000000 ) ) ;
#3735 = DIRECTION ( 'NONE',  ( 0.9127669952117287711, -0.4084806145365432184, 0.000000000000000000 ) ) ;
#3736 = DIRECTION ( 'NONE',  ( -1.000000000000000000, 0.000000000000000000, 0.000000000000000000 ) ) ;
#3737 = VECTOR ( 'NONE', #1651, 1000.000000000000000 ) ;
#3738 = ORIENTED_EDGE ( 'NONE', *, *, #8903, .T. ) ;
#3739 = FACE_OUTER_BOUND ( 'NONE', #4230, .T. ) ;
#3740 = FACE_OUTER_BOUND ( 'NONE', #1023, .T. ) ;
#3741 = EDGE_CURVE ( 'NONE', #2844, #5456, #9948, .T. ) ;
#3742 = ORIENTED_EDGE ( 'NONE', *, *, #7706, .T. ) ;
#3743 = DIRECTION ( 'NONE',  ( 1.000000000000000000, 0.000000000000000000, 0.000000000000000000 ) ) ;
#3744 = ORIENTED_EDGE ( 'NONE', *, *, #8092, .F. ) ;
#3745 = AXIS2_PLACEMENT_3D ( 'NONE', #8592, #194, #368 ) ;
#3746 = EDGE_LOOP ( 'NONE', ( #4707, #7491, #2415, #8233, #5613, #4597, #5879, #4846, #8007, #6766, #1630, #2157 ) ) ;
#3747 = CARTESIAN_POINT ( 'NONE',  ( 25.91719110171516860, -15.08357237481681601, 3.499999999999996003 ) ) ;
#3748 = DIRECTION ( 'NONE',  ( 0.000000000000000000, 0.000000000000000000, 1.000000000000000000 ) ) ;
#3749 = ORIENTED_EDGE ( 'NONE', *, *, #4739, .F. ) ;
#3750 = CARTESIAN_POINT ( 'NONE',  ( 23.43777264554763917, -6.554197172767505464, 3.999999999999996447 ) ) ;
#3751 = DIRECTION ( 'NONE',  ( 0.000000000000000000, 1.000000000000000000, 0.000000000000000000 ) ) ;
#3752 = CARTESIAN_POINT ( 'NONE',  ( -76.02999999999998693, 11.39999999999998614, 0.4500000000000025091 ) ) ;
#3753 = LINE ( 'NONE', #6442, #574 ) ;
#3754 = ORIENTED_EDGE ( 'NONE', *, *, #11482, .F. ) ;
#3755 = VECTOR ( 'NONE', #6906, 1000.000000000000000 ) ;
#3756 = EDGE_CURVE ( 'NONE', #6137, #8580, #2686, .T. ) ;
#3757 = DIRECTION ( 'NONE',  ( 1.000000000000000000, 0.000000000000000000, 0.000000000000000000 ) ) ;
#3758 = VECTOR ( 'NONE', #7130, 1000.000000000000000 ) ;
#3759 = DIRECTION ( 'NONE',  ( 0.000000000000000000, 0.000000000000000000, -1.000000000000000000 ) ) ;
#3760 = CARTESIAN_POINT ( 'NONE',  ( 24.52564102564101844, -1.878921689685088880, 4.000000000000000000 ) ) ;
#3761 = EDGE_LOOP ( 'NONE', ( #1926, #3918, #9309, #4698, #665, #6757, #726, #7340 ) ) ;
#3762 = DIRECTION ( 'NONE',  ( 0.1026289084637157095, 0.9947197128576201752, 0.000000000000000000 ) ) ;
#3763 = DIRECTION ( 'NONE',  ( -0.000000000000000000, -0.000000000000000000, -1.000000000000000000 ) ) ;
#3764 = ORIENTED_EDGE ( 'NONE', *, *, #8600, .F. ) ;
#3765 = ORIENTED_EDGE ( 'NONE', *, *, #5528, .F. ) ;
#3766 = PRESENTATION_LAYER_ASSIGNMENT (  '', '', ( #500 ) ) ;
#3767 = CARTESIAN_POINT ( 'NONE',  ( 25.11595672024664694, -15.03324581362942425, 4.000000000000007105 ) ) ;
#3768 = LINE ( 'NONE', #3284, #3626 ) ;
#3769 = DIRECTION ( 'NONE',  ( 0.000000000000000000, 0.000000000000000000, 1.000000000000000000 ) ) ;
#3770 = ORIENTED_EDGE ( 'NONE', *, *, #4938, .T. ) ;
#3771 = DIRECTION ( 'NONE',  ( 1.000000000000000000, 0.000000000000000000, 0.000000000000000000 ) ) ;
#3772 = DIRECTION ( 'NONE',  ( -1.000000000000000000, -0.000000000000000000, -0.000000000000000000 ) ) ;
#3773 = DIRECTION ( 'NONE',  ( -1.000000000000000000, -0.000000000000000000, -0.000000000000000000 ) ) ;
#3774 = CARTESIAN_POINT ( 'NONE',  ( 26.05577673652076953, -10.80510531679636266, 3.999999999999996447 ) ) ;
#3775 = EDGE_CURVE ( 'NONE', #3852, #7395, #10747, .T. ) ;
#3776 = CARTESIAN_POINT ( 'NONE',  ( -66.01999999999999602, -1.366094737331735587E-14, 1.734723475976807094E-15 ) ) ;
#3777 = CARTESIAN_POINT ( 'NONE',  ( 26.97623841301451364, 5.022820047219567208, 3.599999999999999201 ) ) ;
#3778 = CONICAL_SURFACE ( 'NONE', #4356, 3.700000000000001954, 0.7853981633974559395 ) ;
#3779 = CARTESIAN_POINT ( 'NONE',  ( 24.61278044871794179, -13.94021976660816620, 3.499999999999999556 ) ) ;
#3780 = ORIENTED_EDGE ( 'NONE', *, *, #1026, .T. ) ;
#3781 = ORIENTED_EDGE ( 'NONE', *, *, #1074, .T. ) ;
#3782 = DIRECTION ( 'NONE',  ( 1.000000000000000000, 0.000000000000000000, 0.000000000000000000 ) ) ;
#3783 = CARTESIAN_POINT ( 'NONE',  ( 23.37179487179486514, -9.373913676864576772, 3.499999999999996003 ) ) ;
#3784 = LINE ( 'NONE', #11095, #7645 ) ;
#3785 = EDGE_LOOP ( 'NONE', ( #3097, #11555 ) ) ;
#3786 = VERTEX_POINT ( 'NONE', #6181 ) ;
#3787 = DIRECTION ( 'NONE',  ( 1.000000000000000000, 0.000000000000000000, 0.000000000000000000 ) ) ;
#3788 = ORIENTED_EDGE ( 'NONE', *, *, #11564, .F. ) ;
#3789 = DIRECTION ( 'NONE',  ( 1.000000000000000000, 0.000000000000000000, 0.000000000000000000 ) ) ;
#3790 = DIRECTION ( 'NONE',  ( -0.7137151099406172650, 0.7004361083228453078, 0.000000000000000000 ) ) ;
#3791 = VECTOR ( 'NONE', #6309, 1000.000000000000114 ) ;
#3792 = PLANE ( 'NONE',  #8217 ) ;
#3793 = FACE_BOUND ( 'NONE', #8166, .T. ) ;
#3794 = ADVANCED_FACE ( 'NONE', ( #2459, #9832 ), #9770, .T. ) ;
#3795 = EDGE_CURVE ( 'NONE', #10988, #4525, #11730, .T. ) ;
#3796 = EDGE_CURVE ( 'NONE', #2282, #8563, #9179, .T. ) ;
#3797 = VECTOR ( 'NONE', #1440, 1000.000000000000000 ) ;
#3798 = PLANE ( 'NONE',  #419 ) ;
#3799 = VERTEX_POINT ( 'NONE', #891 ) ;
#3800 = CARTESIAN_POINT ( 'NONE',  ( 24.28744433202244934, -6.133349063903775544, 4.000000000000003553 ) ) ;
#3801 = DIRECTION ( 'NONE',  ( -0.000000000000000000, -0.000000000000000000, -1.000000000000000000 ) ) ;
#3802 = EDGE_LOOP ( 'NONE', ( #4404, #604, #994, #7404 ) ) ;
#3803 = VERTEX_POINT ( 'NONE', #11900 ) ;
#3804 = FACE_OUTER_BOUND ( 'NONE', #479, .T. ) ;
#3805 = VECTOR ( 'NONE', #3847, 1000.000000000000000 ) ;
#3806 = EDGE_CURVE ( 'NONE', #4092, #7998, #7542, .T. ) ;
#3807 = AXIS2_PLACEMENT_3D ( 'NONE', #9361, #11234, #7499 ) ;
#3808 = ADVANCED_FACE ( 'NONE', ( #7302 ), #10061, .F. ) ;
#3809 = LINE ( 'NONE', #6368, #9043 ) ;
#3810 = CARTESIAN_POINT ( 'NONE',  ( 25.99799679487178850, -14.18661399737739792, 3.500000000000006661 ) ) ;
#3811 = EDGE_CURVE ( 'NONE', #137, #11345, #1843, .T. ) ;
#3812 = CARTESIAN_POINT ( 'NONE',  ( 49.19999999999999574, 26.99999999999998224, -8.673617379884035472E-16 ) ) ;
#3813 = ORIENTED_EDGE ( 'NONE', *, *, #8920, .T. ) ;
#3814 = FACE_OUTER_BOUND ( 'NONE', #9208, .T. ) ;
#3815 = CARTESIAN_POINT ( 'NONE',  ( 28.24370854365764671, 7.218142710569483533, 5.999999999999998224 ) ) ;
#3816 = VECTOR ( 'NONE', #954, 1000.000000000000000 ) ;
#3817 = AXIS2_PLACEMENT_3D ( 'NONE', #2487, #565, #7830 ) ;
#3818 = ORIENTED_EDGE ( 'NONE', *, *, #4108, .F. ) ;
#3819 = VERTEX_POINT ( 'NONE', #4804 ) ;
#3820 = CARTESIAN_POINT ( 'NONE',  ( 23.39970072277616708, -9.709196161057121799, 4.000000000000003553 ) ) ;
#3821 = DIRECTION ( 'NONE',  ( -1.000000000000000000, 0.000000000000000000, 0.000000000000000000 ) ) ;
#3822 = ORIENTED_EDGE ( 'NONE', *, *, #1445, .F. ) ;
#3823 = CARTESIAN_POINT ( 'NONE',  ( 23.47231032618280722, -6.380059544405773053, 3.999999999999996447 ) ) ;
#3824 = LINE ( 'NONE', #11185, #10472 ) ;
#3825 = AXIS2_PLACEMENT_3D ( 'NONE', #5536, #4574, #8067 ) ;
#3826 = CIRCLE ( 'NONE', #10506, 0.9750000000000001998 ) ;
#3827 = CARTESIAN_POINT ( 'NONE',  ( -18.99999999999999645, 1.549999999999988942, 1.000000000000002665 ) ) ;
#3828 = EDGE_CURVE ( 'NONE', #2547, #5677, #8335, .T. ) ;
#3829 = LINE ( 'NONE', #320, #7363 ) ;
#3830 = DIRECTION ( 'NONE',  ( -0.000000000000000000, -0.000000000000000000, 1.000000000000000000 ) ) ;
#3831 = B_SPLINE_SURFACE_WITH_KNOTS ( 'NONE', 3, 1, ( 
 ( #8828, #668 ),
 ( #7994, #1634 ),
 ( #11671, #7924 ),
 ( #2467, #6187 ),
 ( #8952, #4278 ),
 ( #729, #4403 ),
 ( #2402, #3367 ),
 ( #1139, #6648 ),
 ( #9570, #6706 ),
 ( #7546, #7786 ),
 ( #11219, #465 ),
 ( #11454, #2091 ),
 ( #349, #3103 ),
 ( #4027, #7604 ),
 ( #1368, #11280 ),
 ( #3967, #406 ),
 ( #4910, #5029 ),
 ( #8471, #10420 ),
 ( #1305, #232 ) ),
 .UNSPECIFIED., .F., .F., .F.,
 ( 4, 1, 1, 1, 1, 1, 1, 1, 1, 1, 1, 1, 1, 1, 1, 1, 4 ),
 ( 2, 2 ),
 ( 0.000000000000000000, 0.06593481762567698912, 0.1300372587941651392, 0.1923620702496511015, 0.2538195214289181711, 0.3141994357375421654, 0.3746698781567776582, 0.4351541180379873142, 0.4964786684939708761, 0.5578092661396401031, 0.6190309229821129300, 0.6796911875192904740, 0.7409612864102644858, 0.8033752905051768645, 0.8668176884999615472, 0.9323179771745065958, 1.000000000000000000 ),
 ( 0.000000000000000000, 1.000000000000000000 ),
 .UNSPECIFIED. ) ;
#3832 = CARTESIAN_POINT ( 'NONE',  ( -69.99999999999998579, -1.387778780781445676E-14, 1.734723475976807094E-15 ) ) ;
#3833 = AXIS2_PLACEMENT_3D ( 'NONE', #9522, #1321, #8192 ) ;
#3834 = VECTOR ( 'NONE', #9344, 1000.000000000000000 ) ;
#3835 = CARTESIAN_POINT ( 'NONE',  ( 23.52426227845851159, -6.286490372935561233, 3.500000000000003109 ) ) ;
#3836 = CARTESIAN_POINT ( 'NONE',  ( 28.61255792861496516, -13.62495953093910828, 3.999999999999993339 ) ) ;
#3837 = ORIENTED_EDGE ( 'NONE', *, *, #9694, .F. ) ;
#3838 = LINE ( 'NONE', #1830, #4366 ) ;
#3839 = ORIENTED_EDGE ( 'NONE', *, *, #4063, .F. ) ;
#3840 = CARTESIAN_POINT ( 'NONE',  ( -25.99999999999999289, 9.549999999999988276, 0.000000000000000000 ) ) ;
#3841 = CARTESIAN_POINT ( 'NONE',  ( -66.01999999999999602, -1.261999759404210553E-14, 3.100000000000001865 ) ) ;
#3842 = CIRCLE ( 'NONE', #10520, 0.9750000000000001998 ) ;
#3843 = EDGE_LOOP ( 'NONE', ( #69, #681 ) ) ;
#3844 = DIRECTION ( 'NONE',  ( -0.000000000000000000, -1.000000000000000000, -0.000000000000000000 ) ) ;
#3845 = CARTESIAN_POINT ( 'NONE',  ( 25.00565257818336562, -14.09358951000615967, 3.499999999999999556 ) ) ;
#3846 = VERTEX_POINT ( 'NONE', #109 ) ;
#3847 = DIRECTION ( 'NONE',  ( 0.000000000000000000, 1.000000000000000000, 0.000000000000000000 ) ) ;
#3848 = DIRECTION ( 'NONE',  ( -1.000000000000000000, -0.000000000000000000, -0.000000000000000000 ) ) ;
#3849 = DIRECTION ( 'NONE',  ( 1.000000000000000000, 0.000000000000000000, 0.000000000000000000 ) ) ;
#3850 = COLOUR_RGB ( '',0.7921568627450980005, 0.8196078431372548767, 0.9333333333333333481 ) ;
#3851 = EDGE_CURVE ( 'NONE', #8639, #6137, #3907, .T. ) ;
#3852 = VERTEX_POINT ( 'NONE', #8277 ) ;
#3853 = CARTESIAN_POINT ( 'NONE',  ( 24.06748207284923424, -12.07504785050105056, 3.499999999999992895 ) ) ;
#3854 = VERTEX_POINT ( 'NONE', #46 ) ;
#3855 = CARTESIAN_POINT ( 'NONE',  ( 26.76863580294505596, -9.505762882641311862, 4.000000000000000000 ) ) ;
#3856 = CARTESIAN_POINT ( 'NONE',  ( -74.51999999999999602, 1.999999999999986233, 0.1999999999999918510 ) ) ;
#3857 = FACE_OUTER_BOUND ( 'NONE', #8086, .T. ) ;
#3858 = EDGE_CURVE ( 'NONE', #10962, #2284, #2660, .T. ) ;
#3859 = AXIS2_PLACEMENT_3D ( 'NONE', #1883, #1778, #8202 ) ;
#3860 = CARTESIAN_POINT ( 'NONE',  ( -6.000000000000002665, 10.60000000000000142, 0.000000000000000000 ) ) ;
#3861 = ORIENTED_EDGE ( 'NONE', *, *, #1725, .F. ) ;
#3862 = CARTESIAN_POINT ( 'NONE',  ( -81.99999999999998579, -10.45000000000001528, -3.111269837220808299 ) ) ;
#3863 = DIRECTION ( 'NONE',  ( -0.000000000000000000, -0.000000000000000000, -1.000000000000000000 ) ) ;
#3864 = VERTEX_POINT ( 'NONE', #6469 ) ;
#3865 = ORIENTED_EDGE ( 'NONE', *, *, #4011, .F. ) ;
#3866 = CARTESIAN_POINT ( 'NONE',  ( 26.76923076923075939, -9.530163676864578548, 3.499999999999999556 ) ) ;
#3867 = ADVANCED_FACE ( 'NONE', ( #7354 ), #10119, .F. ) ;
#3868 = EDGE_CURVE ( 'NONE', #3154, #4271, #4028, .T. ) ;
#3869 = VECTOR ( 'NONE', #3021, 1000.000000000000000 ) ;
#3870 = CARTESIAN_POINT ( 'NONE',  ( 24.49302181276942392, 4.900664813666497643, 3.599999999999999201 ) ) ;
#3871 = CARTESIAN_POINT ( 'NONE',  ( 39.19999999999998863, 1.550000000000006262, 2.000000000000001776 ) ) ;
#3872 = ORIENTED_EDGE ( 'NONE', *, *, #723, .F. ) ;
#3873 = CARTESIAN_POINT ( 'NONE',  ( 28.24370854365764671, 7.218142710569483533, 6.808068238351443036 ) ) ;
#3874 = AXIS2_PLACEMENT_3D ( 'NONE', #1032, #2042, #7628 ) ;
#3875 = DIRECTION ( 'NONE',  ( 0.000000000000000000, 0.000000000000000000, -1.000000000000000000 ) ) ;
#3876 = B_SPLINE_CURVE_WITH_KNOTS ( 'NONE', 3,
 ( #7169, #1534, #3327, #9802, #10888, #9029, #4536, #865, #6977, #4299, #3517 ),
 .UNSPECIFIED., .F., .F.,
 ( 4, 1, 1, 1, 1, 1, 1, 1, 4 ),
 ( 0.000000000000000000, 0.1282866987618476728, 0.2506491995582659227, 0.3733704039480731929, 0.5006250300408726650, 0.6280306874487204816, 0.7497234130807255426, 0.8728803749276717872, 1.000000000000000000 ),
 .UNSPECIFIED. ) ;
#3877 = EDGE_CURVE ( 'NONE', #8199, #3078, #3784, .T. ) ;
#3878 = VERTEX_POINT ( 'NONE', #11214 ) ;
#3879 = EDGE_LOOP ( 'NONE', ( #7783, #521, #8099, #6996 ) ) ;
#3880 = CARTESIAN_POINT ( 'NONE',  ( 25.99999999999999289, 7.050000000000004263, 5.999999999999998224 ) ) ;
#3881 = CARTESIAN_POINT ( 'NONE',  ( 23.67711186883813923, -6.133273112503653479, 3.499999999999992895 ) ) ;
#3882 = DIRECTION ( 'NONE',  ( -0.8381853050508640823, 0.5453855465602200914, 0.000000000000000000 ) ) ;
#3883 = EDGE_LOOP ( 'NONE', ( #7147, #614 ) ) ;
#3884 = CARTESIAN_POINT ( 'NONE',  ( -9.199999999999999289, -11.59999999999999964, 2.000000000000000000 ) ) ;
#3885 = EDGE_CURVE ( 'NONE', #8273, #1168, #2017, .T. ) ;
#3886 = DIRECTION ( 'NONE',  ( -0.5773502691896232886, -0.5773502691896225114, 0.5773502691896313932 ) ) ;
#3887 = DIRECTION ( 'NONE',  ( -1.000000000000000000, 0.000000000000000000, 0.000000000000000000 ) ) ;
#3888 = AXIS2_PLACEMENT_3D ( 'NONE', #6031, #11562, #3335 ) ;
#3889 = ADVANCED_FACE ( 'NONE', ( #1134 ), #3138, .F. ) ;
#3890 = CARTESIAN_POINT ( 'NONE',  ( -28.79999999999999361, -18.00000000000000355, 1.999999999999998224 ) ) ;
#3891 =( NAMED_UNIT ( * ) SI_UNIT ( $, .STERADIAN. ) SOLID_ANGLE_UNIT ( ) );
#3892 = CARTESIAN_POINT ( 'NONE',  ( 28.43078105946538869, 6.059076975267870147, 5.999999999999998224 ) ) ;
#3893 = VERTEX_POINT ( 'NONE', #5907 ) ;
#3894 = CARTESIAN_POINT ( 'NONE',  ( 25.99999999999999289, 7.050000000000004263, 3.599999999999999201 ) ) ;
#3895 = LINE ( 'NONE', #7531, #9310 ) ;
#3896 = VECTOR ( 'NONE', #778, 1000.000000000000000 ) ;
#3897 = CARTESIAN_POINT ( 'NONE',  ( 25.45669557079125411, -11.02132082562170545, 4.000000000000003553 ) ) ;
#3898 = CARTESIAN_POINT ( 'NONE',  ( 25.81807385871436722, -9.727371703594043240, 3.500000000000006661 ) ) ;
#3899 = CARTESIAN_POINT ( 'NONE',  ( -17.00000000000002132, 7.050000000000000711, 8.200000000000002842 ) ) ;
#3900 = CARTESIAN_POINT ( 'NONE',  ( 24.64976474805957807, -13.96044760125989548, 3.499999999999999556 ) ) ;
#3901 = EDGE_CURVE ( 'NONE', #5839, #1482, #11432, .T. ) ;
#3902 = ORIENTED_EDGE ( 'NONE', *, *, #10812, .T. ) ;
#3903 = ORIENTED_EDGE ( 'NONE', *, *, #11294, .F. ) ;
#3904 = CARTESIAN_POINT ( 'NONE',  ( 3.079999999999985416, 19.99999999999999645, 0.000000000000000000 ) ) ;
#3905 = ORIENTED_EDGE ( 'NONE', *, *, #73, .T. ) ;
#3906 = VECTOR ( 'NONE', #1234, 1000.000000000000000 ) ;
#3907 = LINE ( 'NONE', #7414, #9749 ) ;
#3908 = ORIENTED_EDGE ( 'NONE', *, *, #9260, .T. ) ;
#3909 = ORIENTED_EDGE ( 'NONE', *, *, #5346, .F. ) ;
#3910 = CARTESIAN_POINT ( 'NONE',  ( 23.96387250524002610, -12.14554128305749536, 4.000000000000000000 ) ) ;
#3911 = CARTESIAN_POINT ( 'NONE',  ( 16.99999999999999645, -5.999999999999992006, 2.500000000000000000 ) ) ;
#3912 = PLANE ( 'NONE',  #8408 ) ;
#3913 = CARTESIAN_POINT ( 'NONE',  ( 41.19999999999999574, 25.55000000000001492, 2.000000000000001776 ) ) ;
#3914 = FACE_OUTER_BOUND ( 'NONE', #5223, .T. ) ;
#3915 = ORIENTED_EDGE ( 'NONE', *, *, #2912, .T. ) ;
#3916 = CARTESIAN_POINT ( 'NONE',  ( 24.23988732788328448, 8.997467170828356231, 6.767750931287840999 ) ) ;
#3917 = DIRECTION ( 'NONE',  ( -1.000000000000000000, -0.000000000000000000, -0.000000000000000000 ) ) ;
#3918 = ORIENTED_EDGE ( 'NONE', *, *, #1382, .F. ) ;
#3919 = EDGE_LOOP ( 'NONE', ( #2544, #6933, #1416, #6134 ) ) ;
#3920 = CARTESIAN_POINT ( 'NONE',  ( 24.09098534024904481, -7.130121392618137932, 3.499999999999999556 ) ) ;
#3921 = EDGE_CURVE ( 'NONE', #7935, #10008, #3326, .T. ) ;
#3922 = FACE_OUTER_BOUND ( 'NONE', #8818, .T. ) ;
#3923 = DIRECTION ( 'NONE',  ( -1.000000000000000000, 0.000000000000000000, 0.000000000000000000 ) ) ;
#3924 = CARTESIAN_POINT ( 'NONE',  ( 25.00565257818336562, -14.09358951000615967, 3.499999999999999556 ) ) ;
#3925 = CARTESIAN_POINT ( 'NONE',  ( 46.09999999999999432, 10.54999999999999005, 1.999999999999999112 ) ) ;
#3926 = CARTESIAN_POINT ( 'NONE',  ( 25.70184426217979734, -9.898242193064435313, 4.000000000000003553 ) ) ;
#3927 = VERTEX_POINT ( 'NONE', #11624 ) ;
#3928 = LINE ( 'NONE', #6612, #684 ) ;
#3929 = PLANE ( 'NONE',  #5206 ) ;
#3930 = EDGE_CURVE ( 'NONE', #10008, #6015, #3449, .T. ) ;
#3931 = EDGE_LOOP ( 'NONE', ( #6074, #280 ) ) ;
#3932 = VERTEX_POINT ( 'NONE', #4298 ) ;
#3933 = ORIENTED_EDGE ( 'NONE', *, *, #11854, .T. ) ;
#3934 = CARTESIAN_POINT ( 'NONE',  ( 49.19999999999999574, 26.99999999999998224, -8.673617379884035472E-16 ) ) ;
#3935 = DIRECTION ( 'NONE',  ( -1.000000000000000000, 0.000000000000000000, 0.000000000000000000 ) ) ;
#3936 = AXIS2_PLACEMENT_3D ( 'NONE', #10450, #2122, #2230 ) ;
#3938 = CARTESIAN_POINT ( 'NONE',  ( -84.99999999999998579, 11.99999999999998579, 3.100000000000001865 ) ) ;
#3937 = UNCERTAINTY_MEASURE_WITH_UNIT (LENGTH_MEASURE( 1.000000000000000082E-05 ), #4454, 'distance_accuracy_value', 'NONE');
#3939 = ORIENTED_EDGE ( 'NONE', *, *, #1143, .F. ) ;
#3940 = DIRECTION ( 'NONE',  ( 1.000000000000000000, 0.000000000000000000, 0.000000000000000000 ) ) ;
#3941 = DIRECTION ( 'NONE',  ( 1.000000000000000000, 0.000000000000000000, 0.000000000000000000 ) ) ;
#3942 = ADVANCED_FACE ( 'NONE', ( #1656 ), #7889, .F. ) ;
#3943 = DIRECTION ( 'NONE',  ( -0.4755495828655363355, 0.8796889190142241910, 0.000000000000000000 ) ) ;
#3944 = ORIENTED_EDGE ( 'NONE', *, *, #3717, .F. ) ;
#3945 = CARTESIAN_POINT ( 'NONE',  ( 27.13296653242790057, -12.70727611777027022, 3.500000000000006661 ) ) ;
#3946 = CIRCLE ( 'NONE', #11022, 0.9749999999999993117 ) ;
#3947 = CARTESIAN_POINT ( 'NONE',  ( -38.26999999999998892, 7.049999999999989164, 2.000000000000000000 ) ) ;
#3948 = DIRECTION ( 'NONE',  ( -0.000000000000000000, -0.000000000000000000, 1.000000000000000000 ) ) ;
#3949 = ORIENTED_EDGE ( 'NONE', *, *, #5382, .T. ) ;
#3950 = DIRECTION ( 'NONE',  ( 1.000000000000000000, 0.000000000000000000, 0.000000000000000000 ) ) ;
#3951 = ORIENTED_EDGE ( 'NONE', *, *, #9694, .T. ) ;
#3952 = DIRECTION ( 'NONE',  ( 0.000000000000000000, 1.000000000000000000, 0.000000000000000000 ) ) ;
#3953 = CARTESIAN_POINT ( 'NONE',  ( 24.35740496230327423, -9.767445934765166982, 3.500000000000003109 ) ) ;
#3954 = AXIS2_PLACEMENT_3D ( 'NONE', #740, #6408, #3790 ) ;
#3955 = CARTESIAN_POINT ( 'NONE',  ( 24.27058890062521712, -9.389514876525542064, 3.500000000000006661 ) ) ;
#3956 = CYLINDRICAL_SURFACE ( 'NONE', #9653, 2.250000000000001776 ) ;
#3957 = DIRECTION ( 'NONE',  ( 1.000000000000000000, -5.782411586589358625E-17, 0.000000000000000000 ) ) ;
#3958 = EDGE_CURVE ( 'NONE', #790, #4315, #8911, .T. ) ;
#3959 = VERTEX_POINT ( 'NONE', #6976 ) ;
#3960 = FILL_AREA_STYLE ('',( #5984 ) ) ;
#3961 = AXIS2_PLACEMENT_3D ( 'NONE', #7770, #4595, #7387 ) ;
#3962 = CARTESIAN_POINT ( 'NONE',  ( 23.98277243589742724, -6.045588356351756509, 4.000000000000003553 ) ) ;
#3963 = VERTEX_POINT ( 'NONE', #1533 ) ;
#3964 = ORIENTED_EDGE ( 'NONE', *, *, #7408, .T. ) ;
#3965 = CARTESIAN_POINT ( 'NONE',  ( 24.30136102071944038, -11.95026625060989289, 3.999999999999996447 ) ) ;
#3966 = CARTESIAN_POINT ( 'NONE',  ( 26.33534509889640063, 4.825130640993466891, 5.999999999999998224 ) ) ;
#3967 = CARTESIAN_POINT ( 'NONE',  ( 24.42214600629759857, -7.798767091153945508, 3.499999999999999556 ) ) ;
#3968 = DIRECTION ( 'NONE',  ( -0.8101380867480008074, 0.5862390983210593598, 0.000000000000000000 ) ) ;
#3969 = ADVANCED_FACE ( 'NONE', ( #4241 ), #10582, .F. ) ;
#3970 = DIRECTION ( 'NONE',  ( 1.000000000000000000, 5.981805089575198169E-16, 0.000000000000000000 ) ) ;
#3971 = ORIENTED_EDGE ( 'NONE', *, *, #4809, .T. ) ;
#3972 = CARTESIAN_POINT ( 'NONE',  ( 24.36973024362137252, -6.203670602296711856, 4.000000000000000000 ) ) ;
#3973 = CARTESIAN_POINT ( 'NONE',  ( 28.46144768585918783, -12.64271460240369827, 3.499999999999996003 ) ) ;
#3974 = ORIENTED_EDGE ( 'NONE', *, *, #8690, .F. ) ;
#3975 = EDGE_LOOP ( 'NONE', ( #3298, #2739 ) ) ;
#3976 = CARTESIAN_POINT ( 'NONE',  ( 24.52564102564101844, -1.878921689685088880, 3.499999999999999556 ) ) ;
#3977 = LINE ( 'NONE', #2159, #7843 ) ;
#3978 = VECTOR ( 'NONE', #5912, 1000.000000000000114 ) ;
#3979 = LINE ( 'NONE', #10322, #7441 ) ;
#3980 = DIRECTION ( 'NONE',  ( 0.000000000000000000, 1.000000000000000000, 0.000000000000000000 ) ) ;
#3981 = FACE_OUTER_BOUND ( 'NONE', #11392, .T. ) ;
#3982 = FACE_OUTER_BOUND ( 'NONE', #6235, .T. ) ;
#3983 = ORIENTED_EDGE ( 'NONE', *, *, #4880, .T. ) ;
#3984 = CARTESIAN_POINT ( 'NONE',  ( -9.039999999999999147, 9.039999999999999147, 2.000000000000000000 ) ) ;
#3985 = CARTESIAN_POINT ( 'NONE',  ( 23.87458161352005348, -6.050836505017243461, 3.999999999999993339 ) ) ;
#3986 = VECTOR ( 'NONE', #5644, 1000.000000000000000 ) ;
#3987 = VERTEX_POINT ( 'NONE', #9667 ) ;
#3988 = CIRCLE ( 'NONE', #8419, 1.100000000000000311 ) ;
#3989 = VECTOR ( 'NONE', #6956, 1000.000000000000000 ) ;
#3990 = ORIENTED_EDGE ( 'NONE', *, *, #7265, .F. ) ;
#3991 = DIRECTION ( 'NONE',  ( 0.000000000000000000, -1.000000000000000000, -0.000000000000000000 ) ) ;
#3992 = ADVANCED_FACE ( 'NONE', ( #8971 ), #6088, .F. ) ;
#3993 = FACE_OUTER_BOUND ( 'NONE', #4033, .T. ) ;
#3994 = AXIS2_PLACEMENT_3D ( 'NONE', #3899, #41, #4737 ) ;
#3995 = EDGE_LOOP ( 'NONE', ( #1313, #1376, #8582, #6670 ) ) ;
#3996 = AXIS2_PLACEMENT_3D ( 'NONE', #4014, #5947, #9464 ) ;
#3997 = CARTESIAN_POINT ( 'NONE',  ( 23.47264795471115661, -12.78219253351890572, 3.999999999999989786 ) ) ;
#3998 = ADVANCED_FACE ( 'NONE', ( #9919 ), #8720, .F. ) ;
#3999 = FILL_AREA_STYLE ('',( #7457 ) ) ;
#4000 = CARTESIAN_POINT ( 'NONE',  ( -64.24999999999998579, 11.99999999999998579, 1.734723475976807094E-15 ) ) ;
#4001 = DIRECTION ( 'NONE',  ( 0.000000000000000000, 0.000000000000000000, 1.000000000000000000 ) ) ;
#4002 = CYLINDRICAL_SURFACE ( 'NONE', #4377, 1.100000000000000311 ) ;
#4003 = ORIENTED_EDGE ( 'NONE', *, *, #4773, .T. ) ;
#4004 = AXIS2_PLACEMENT_3D ( 'NONE', #11218, #1243, #4909 ) ;
#4005 = AXIS2_PLACEMENT_3D ( 'NONE', #3045, #6881, #7607 ) ;
#4006 = CARTESIAN_POINT ( 'NONE',  ( -15.00000000000001066, 19.99999999999999645, 0.5000000000000004441 ) ) ;
#4007 = DIRECTION ( 'NONE',  ( 1.000000000000000000, 0.000000000000000000, 0.000000000000000000 ) ) ;
#4008 = EDGE_CURVE ( 'NONE', #6251, #4098, #10776, .T. ) ;
#4009 = EDGE_CURVE ( 'NONE', #9226, #6382, #3459, .T. ) ;
#4010 = ORIENTED_EDGE ( 'NONE', *, *, #8499, .F. ) ;
#4011 = EDGE_CURVE ( 'NONE', #1635, #4449, #4423, .T. ) ;
#4012 = CARTESIAN_POINT ( 'NONE',  ( 24.28167429027715940, -9.570083244972039438, 4.000000000000014211 ) ) ;
#4013 = ORIENTED_EDGE ( 'NONE', *, *, #10280, .T. ) ;
#4014 = CARTESIAN_POINT ( 'NONE',  ( 47.19999999999998863, -13.45000000000001350, 1.999999999999999112 ) ) ;
#4015 = ORIENTED_EDGE ( 'NONE', *, *, #8264, .F. ) ;
#4016 = CARTESIAN_POINT ( 'NONE',  ( 10.20000000000000107, -15.00000000000000355, 2.500000000000000444 ) ) ;
#4017 = LINE ( 'NONE', #7657, #9826 ) ;
#4018 = CIRCLE ( 'NONE', #9539, 1.100000000000000311 ) ;
#4019 = ORIENTED_EDGE ( 'NONE', *, *, #7873, .F. ) ;
#4020 = ADVANCED_FACE ( 'NONE', ( #633 ), #505, .F. ) ;
#4021 = EDGE_CURVE ( 'NONE', #11128, #5053, #8082, .T. ) ;
#4022 = ORIENTED_EDGE ( 'NONE', *, *, #3756, .T. ) ;
#4023 = CARTESIAN_POINT ( 'NONE',  ( 23.40776217180951235, -13.01238380090809699, 3.999999999999993339 ) ) ;
#4024 = CARTESIAN_POINT ( 'NONE',  ( 39.19999999999998863, -18.00000000000000000, 4.000000000000000000 ) ) ;
#4025 = VECTOR ( 'NONE', #6164, 1000.000000000000000 ) ;
#4026 = DIRECTION ( 'NONE',  ( 0.000000000000000000, 0.000000000000000000, -1.000000000000000000 ) ) ;
#4027 = CARTESIAN_POINT ( 'NONE',  ( 24.15766005932343319, -7.926150676891020375, 3.499999999999996003 ) ) ;
#4028 = CIRCLE ( 'NONE', #8994, 2.250000000000001776 ) ;
#4029 = CARTESIAN_POINT ( 'NONE',  ( 23.43338762096807670, 7.600568702161793588, 3.599999999999999201 ) ) ;
#4030 = DIRECTION ( 'NONE',  ( 1.000000000000000000, -1.196361017915040226E-15, 0.000000000000000000 ) ) ;
#4031 = CARTESIAN_POINT ( 'NONE',  ( 26.57648246869064934, -12.60676767337687210, 4.000000000000007105 ) ) ;
#4032 = CARTESIAN_POINT ( 'NONE',  ( 27.66666666666669272, 5.383333333333304438, 9.333333333333357018 ) ) ;
#4033 = EDGE_LOOP ( 'NONE', ( #7411, #11379, #10972, #11477 ) ) ;
#4034 = CYLINDRICAL_SURFACE ( 'NONE', #5960, 2.250000000000001776 ) ;
#4035 = VECTOR ( 'NONE', #3763, 1000.000000000000000 ) ;
#4036 = EDGE_LOOP ( 'NONE', ( #7892, #8116 ) ) ;
#4037 = CARTESIAN_POINT ( 'NONE',  ( 10.19999999999999751, 18.00000000000000000, 10.09999999999999964 ) ) ;
#4038 = DIRECTION ( 'NONE',  ( 1.445602896647339410E-16, -1.000000000000000000, 0.000000000000000000 ) ) ;
#4039 = DIRECTION ( 'NONE',  ( 1.000000000000000000, 0.000000000000000000, 0.000000000000000000 ) ) ;
#4040 = ORIENTED_EDGE ( 'NONE', *, *, #8333, .F. ) ;
#4041 = LINE ( 'NONE', #3118, #7047 ) ;
#4042 = CARTESIAN_POINT ( 'NONE',  ( 24.49302181276942392, 4.900664813666497643, 6.724059395820003004 ) ) ;
#4043 = CARTESIAN_POINT ( 'NONE',  ( -18.99999999999999645, 25.54999999999999361, -20.20000000000000284 ) ) ;
#4044 = AXIS2_PLACEMENT_3D ( 'NONE', #6157, #1602, #5266 ) ;
#4045 = LINE ( 'NONE', #11120, #4713 ) ;
#4046 = ORIENTED_EDGE ( 'NONE', *, *, #2891, .F. ) ;
#4047 = ADVANCED_FACE ( 'NONE', ( #11757 ), #7168, .F. ) ;
#4048 = LINE ( 'NONE', #11122, #11612 ) ;
#4049 = CARTESIAN_POINT ( 'NONE',  ( 23.52391542723728790, -6.895305821183670858, 3.499999999999999556 ) ) ;
#4050 = ORIENTED_EDGE ( 'NONE', *, *, #3930, .F. ) ;
#4051 = AXIS2_PLACEMENT_3D ( 'NONE', #7455, #11133, #10276 ) ;
#4052 = ORIENTED_EDGE ( 'NONE', *, *, #2842, .F. ) ;
#4053 = EDGE_CURVE ( 'NONE', #10804, #11355, #6149, .T. ) ;
#4054 = CARTESIAN_POINT ( 'NONE',  ( 27.13296653242790057, -12.70727611777027022, 4.000000000000007105 ) ) ;
#4055 = UNCERTAINTY_MEASURE_WITH_UNIT (LENGTH_MEASURE( 1.000000000000000082E-05 ), #4425, 'distance_accuracy_value', 'NONE');
#4056 = VERTEX_POINT ( 'NONE', #6262 ) ;
#4057 = VECTOR ( 'NONE', #9405, 1000.000000000000000 ) ;
#4058 = CARTESIAN_POINT ( 'NONE',  ( 23.51717901282304624, -12.67508118847249499, 4.000000000000003553 ) ) ;
#4059 = CARTESIAN_POINT ( 'NONE',  ( 11.02500000000000036, -10.45000000000000107, 10.09999999999999964 ) ) ;
#4060 = CARTESIAN_POINT ( 'NONE',  ( 24.59365820373961142, -10.98062219889091651, 3.999999999999988010 ) ) ;
#4061 = ORIENTED_EDGE ( 'NONE', *, *, #8731, .T. ) ;
#4062 = DIRECTION ( 'NONE',  ( 2.044391222244503042E-16, -0.7071067811865490160, -0.7071067811865460184 ) ) ;
#4063 = EDGE_CURVE ( 'NONE', #3959, #5003, #11499, .T. ) ;
#4064 = DIRECTION ( 'NONE',  ( 0.000000000000000000, 0.000000000000000000, 1.000000000000000000 ) ) ;
#4065 = VECTOR ( 'NONE', #3685, 1000.000000000000000 ) ;
#4066 = LINE ( 'NONE', #4187, #4408 ) ;
#4067 = DIRECTION ( 'NONE',  ( -1.000000000000000000, 0.000000000000000000, 0.000000000000000000 ) ) ;
#4068 = EDGE_LOOP ( 'NONE', ( #4835, #2984, #8752, #8922 ) ) ;
#4069 = DIRECTION ( 'NONE',  ( -1.000000000000000000, 0.000000000000000000, 0.000000000000000000 ) ) ;
#4070 = ORIENTED_EDGE ( 'NONE', *, *, #1788, .T. ) ;
#4071 = DIRECTION ( 'NONE',  ( -1.445602896647339410E-16, 1.000000000000000000, -0.000000000000000000 ) ) ;
#4072 = CARTESIAN_POINT ( 'NONE',  ( 25.45669557079125411, -11.02132082562170545, 3.500000000000003109 ) ) ;
#4073 = CARTESIAN_POINT ( 'NONE',  ( 24.32537835577652885, -9.704229962722175529, 3.500000000000006661 ) ) ;
#4074 = CARTESIAN_POINT ( 'NONE',  ( 24.61402470330097003, -8.793071464135566728, 3.500000000000003109 ) ) ;
#4075 = ORIENTED_EDGE ( 'NONE', *, *, #8836, .T. ) ;
#4076 = CARTESIAN_POINT ( 'NONE',  ( 25.77244771595767503, -10.94004310684255721, 3.999999999999993339 ) ) ;
#4077 = DIRECTION ( 'NONE',  ( 0.000000000000000000, -0.000000000000000000, -1.000000000000000000 ) ) ;
#4078 = VECTOR ( 'NONE', #1249, 1000.000000000000114 ) ;
#4079 = EDGE_CURVE ( 'NONE', #11121, #8388, #1832, .T. ) ;
#4080 = FACE_OUTER_BOUND ( 'NONE', #5134, .T. ) ;
#4081 = PLANE ( 'NONE',  #5184 ) ;
#4082 = CARTESIAN_POINT ( 'NONE',  ( 26.07680685473088289, -14.18628421815810370, 4.000000000000003553 ) ) ;
#4083 = CARTESIAN_POINT ( 'NONE',  ( 28.62820512820511709, -3.957247010197907144, 3.499999999999999556 ) ) ;
#4084 = VERTEX_POINT ( 'NONE', #10048 ) ;
#4085 = CARTESIAN_POINT ( 'NONE',  ( 24.18003271648493424, -12.00994218814738623, 4.000000000000000000 ) ) ;
#4086 = CARTESIAN_POINT ( 'NONE',  ( 25.99999999999999289, 7.050000000000004263, 3.599999999999999201 ) ) ;
#4087 = VECTOR ( 'NONE', #10934, 1000.000000000000000 ) ;
#4088 = DIRECTION ( 'NONE',  ( 0.8884639174103085013, 0.4589464755937542884, 0.000000000000000000 ) ) ;
#4089 = CARTESIAN_POINT ( 'NONE',  ( -16.99999999999999289, 7.050000000000000711, 8.200000000000002842 ) ) ;
#4090 = CARTESIAN_POINT ( 'NONE',  ( 14.99999999999999645, 18.00000000000000000, 10.09999999999999964 ) ) ;
#4091 = EDGE_CURVE ( 'NONE', #1383, #11148, #4734, .T. ) ;
#4092 = VERTEX_POINT ( 'NONE', #11830 ) ;
#4094 = PLANE ( 'NONE',  #10558 ) ;
#4093 = AXIS2_PLACEMENT_3D ( 'NONE', #11475, #6129, #10623 ) ;
#4095 = VERTEX_POINT ( 'NONE', #11145 ) ;
#4096 = EDGE_LOOP ( 'NONE', ( #2096, #10920, #9048, #4003 ) ) ;
#4097 = LINE ( 'NONE', #7193, #11100 ) ;
#4098 = VERTEX_POINT ( 'NONE', #1951 ) ;
#4099 = CARTESIAN_POINT ( 'NONE',  ( 6.512994231491118668, -5.999999999999992006, 2.500000000000000000 ) ) ;
#4100 = VERTEX_POINT ( 'NONE', #3841 ) ;
#4101 = EDGE_CURVE ( 'NONE', #7096, #6059, #4197, .T. ) ;
#4102 = CARTESIAN_POINT ( 'NONE',  ( 28.43078105946538869, 6.059076975267870147, 6.784455972358868436 ) ) ;
#4103 = VECTOR ( 'NONE', #5269, 1000.000000000000000 ) ;
#4104 = CARTESIAN_POINT ( 'NONE',  ( -9.199999999999995737, 10.60000000000000142, 3.500000000000000000 ) ) ;
#4105 = ORIENTED_EDGE ( 'NONE', *, *, #10576, .F. ) ;
#4106 = LINE ( 'NONE', #8704, #7560 ) ;
#4107 = DIRECTION ( 'NONE',  ( -0.000000000000000000, 0.000000000000000000, 1.000000000000000000 ) ) ;
#4108 = EDGE_CURVE ( 'NONE', #78, #5938, #5691, .T. ) ;
#4109 = EDGE_LOOP ( 'NONE', ( #4040, #6905, #3408, #4489, #11451, #11734, #4871, #11604 ) ) ;
#4110 = ORIENTED_EDGE ( 'NONE', *, *, #5584, .F. ) ;
#4111 = DIRECTION ( 'NONE',  ( 1.000000000000000000, 0.000000000000000000, 0.000000000000000000 ) ) ;
#4112 = EDGE_LOOP ( 'NONE', ( #7258, #3749, #8954, #2794, #11896, #2128 ) ) ;
#4113 = LINE ( 'NONE', #7751, #3368 ) ;
#4114 = VERTEX_POINT ( 'NONE', #2913 ) ;
#4115 = DIRECTION ( 'NONE',  ( -0.000000000000000000, -0.000000000000000000, -1.000000000000000000 ) ) ;
#4116 = CARTESIAN_POINT ( 'NONE',  ( 23.37999655358635209, 6.888114420714384956, 3.599999999999999201 ) ) ;
#4117 = CARTESIAN_POINT ( 'NONE',  ( 24.93370369970456935, -11.04058012465493555, 3.999999999999988010 ) ) ;
#4118 = LINE ( 'NONE', #9377, #11737 ) ;
#4119 = CARTESIAN_POINT ( 'NONE',  ( 27.73076923076922640, -13.39234316404406400, 3.499999999999996003 ) ) ;
#4120 = DIRECTION ( 'NONE',  ( -0.000000000000000000, -0.000000000000000000, -1.000000000000000000 ) ) ;
#4121 = SURFACE_STYLE_FILL_AREA ( #449 ) ;
#4122 = ORIENTED_EDGE ( 'NONE', *, *, #4466, .F. ) ;
#4123 = PLANE ( 'NONE',  #4544 ) ;
#4124 = ORIENTED_EDGE ( 'NONE', *, *, #3679, .F. ) ;
#4125 = CARTESIAN_POINT ( 'NONE',  ( 25.61854685729870695, -10.98722565945691976, 3.500000000000003109 ) ) ;
#4126 = FACE_OUTER_BOUND ( 'NONE', #8626, .T. ) ;
#4127 = CARTESIAN_POINT ( 'NONE',  ( -27.09999999999999076, -10.45000000000001172, 1.000000000000000888 ) ) ;
#4128 = CARTESIAN_POINT ( 'NONE',  ( -6.000000000000002665, 10.60000000000000142, 0.000000000000000000 ) ) ;
#4129 = CARTESIAN_POINT ( 'NONE',  ( 25.74649674865778337, -9.087483847309989926, 3.999999999999994671 ) ) ;
#4130 = DIRECTION ( 'NONE',  ( 0.000000000000000000, 0.000000000000000000, 1.000000000000000000 ) ) ;
#4131 = CIRCLE ( 'NONE', #3936, 2.624999999999998668 ) ;
#4132 = CARTESIAN_POINT ( 'NONE',  ( 3.079999999999985416, 19.99999999999999645, 0.000000000000000000 ) ) ;
#4133 = EDGE_CURVE ( 'NONE', #4449, #1448, #6456, .T. ) ;
#4134 = ADVANCED_FACE ( 'NONE', ( #2787 ), #881, .F. ) ;
#4135 = DIRECTION ( 'NONE',  ( -0.000000000000000000, -0.000000000000000000, -1.000000000000000000 ) ) ;
#4136 = AXIS2_PLACEMENT_3D ( 'NONE', #2505, #1615, #5279 ) ;
#4137 = ORIENTED_EDGE ( 'NONE', *, *, #10218, .T. ) ;
#4138 = AXIS2_PLACEMENT_3D ( 'NONE', #11674, #11412, #5949 ) ;
#4139 = CARTESIAN_POINT ( 'NONE',  ( 25.71611859169119185, -11.68804541384623263, 3.499999999999996003 ) ) ;
#4140 = DIRECTION ( 'NONE',  ( 1.000000000000000000, 0.000000000000000000, 0.000000000000000000 ) ) ;
#4141 = CARTESIAN_POINT ( 'NONE',  ( -74.51999999999999602, 11.19999999999998685, 11.63756405539659688 ) ) ;
#4142 = ADVANCED_FACE ( 'NONE', ( #7341 ), #6521, .F. ) ;
#4143 = CARTESIAN_POINT ( 'NONE',  ( 10.20000000000000107, -15.00000000000000355, 1.550000000000000488 ) ) ;
#4144 = CARTESIAN_POINT ( 'NONE',  ( 27.42730063844697241, -12.83799254849364324, 3.500000000000003109 ) ) ;
#4145 = ADVANCED_FACE ( 'NONE', ( #9217 ), #10169, .T. ) ;
#4146 = LINE ( 'NONE', #2260, #11542 ) ;
#4147 = VERTEX_POINT ( 'NONE', #9332 ) ;
#4148 = DIRECTION ( 'NONE',  ( -0.000000000000000000, -0.000000000000000000, 1.000000000000000000 ) ) ;
#4149 = ORIENTED_EDGE ( 'NONE', *, *, #1268, .F. ) ;
#4150 = EDGE_LOOP ( 'NONE', ( #1035, #5941, #2826, #1626 ) ) ;
#4151 = FACE_OUTER_BOUND ( 'NONE', #9727, .T. ) ;
#4152 = VERTEX_POINT ( 'NONE', #7293 ) ;
#4153 = DIRECTION ( 'NONE',  ( 0.000000000000000000, 0.000000000000000000, -1.000000000000000000 ) ) ;
#4154 = ORIENTED_EDGE ( 'NONE', *, *, #10065, .T. ) ;
#4155 = CYLINDRICAL_SURFACE ( 'NONE', #8215, 0.9500000000000000666 ) ;
#4156 = ORIENTED_EDGE ( 'NONE', *, *, #1862, .T. ) ;
#4157 = EDGE_CURVE ( 'NONE', #5083, #5291, #5577, .T. ) ;
#4158 = EDGE_CURVE ( 'NONE', #5878, #10086, #1120, .T. ) ;
#4159 = EDGE_CURVE ( 'NONE', #7874, #7305, #998, .T. ) ;
#4160 = AXIS2_PLACEMENT_3D ( 'NONE', #6978, #4243, #635 ) ;
#4161 = DIRECTION ( 'NONE',  ( 0.000000000000000000, -1.000000000000000000, 0.000000000000000000 ) ) ;
#4162 = DIRECTION ( 'NONE',  ( 0.000000000000000000, 0.000000000000000000, 1.000000000000000000 ) ) ;
#4163 = VERTEX_POINT ( 'NONE', #36 ) ;
#4164 = EDGE_LOOP ( 'NONE', ( #5803, #7527, #1322, #8476, #3109, #3427, #11528, #1961 ) ) ;
#4165 = DIRECTION ( 'NONE',  ( -0.8381853050508640823, 0.5453855465602200914, 0.000000000000000000 ) ) ;
#4166 = CARTESIAN_POINT ( 'NONE',  ( 39.19999999999998863, 37.55000000000001137, 1.025000000000002354 ) ) ;
#4167 = VERTEX_POINT ( 'NONE', #4674 ) ;
#4168 =( GEOMETRIC_REPRESENTATION_CONTEXT ( 3 ) GLOBAL_UNCERTAINTY_ASSIGNED_CONTEXT ( ( #4055 ) ) GLOBAL_UNIT_ASSIGNED_CONTEXT ( ( #4425, #2828, #8084 ) ) REPRESENTATION_CONTEXT ( 'NONE', 'WORKASPACE' ) );
#4169 = EDGE_LOOP ( 'NONE', ( #835, #1650, #423, #3034, #2698, #10651, #2708, #9151, #11727, #10625, #3715, #4742, #5489, #5771, #11155, #2490, #4608, #11680, #1865, #8955, #7698, #4806, #415, #10105 ) ) ;
#4170 = B_SPLINE_CURVE_WITH_KNOTS ( 'NONE', 3,
 ( #7547, #4752, #11220, #53, #8406, #6355 ),
 .UNSPECIFIED., .F., .F.,
 ( 4, 2, 4 ),
 ( 1.734723475976807094E-17, 0.001525218690837330327, 0.003050437381674643306 ),
 .UNSPECIFIED. ) ;
#4171 = EDGE_CURVE ( 'NONE', #5291, #10988, #5635, .T. ) ;
#4172 = EDGE_CURVE ( 'NONE', #10718, #9334, #6391, .T. ) ;
#4173 = CARTESIAN_POINT ( 'NONE',  ( -12.00000000000000000, 9.549999999999998934, -4.999999999999999112 ) ) ;
#4174 = VECTOR ( 'NONE', #8803, 999.9999999999998863 ) ;
#4175 = ORIENTED_EDGE ( 'NONE', *, *, #4421, .F. ) ;
#4176 = CARTESIAN_POINT ( 'NONE',  ( 23.37310137713735259, -9.322794986139154361, 4.000000000000000000 ) ) ;
#4177 = DIRECTION ( 'NONE',  ( -0.000000000000000000, -0.000000000000000000, -1.000000000000000000 ) ) ;
#4178 =( GEOMETRIC_REPRESENTATION_CONTEXT ( 3 ) GLOBAL_UNCERTAINTY_ASSIGNED_CONTEXT ( ( #3937 ) ) GLOBAL_UNIT_ASSIGNED_CONTEXT ( ( #4454, #7251, #6405 ) ) REPRESENTATION_CONTEXT ( 'NONE', 'WORKASPACE' ) );
#4179 = DIRECTION ( 'NONE',  ( -1.000000000000000000, 0.000000000000000000, 0.000000000000000000 ) ) ;
#4180 = VECTOR ( 'NONE', #6880, 1000.000000000000000 ) ;
#4181 = DIRECTION ( 'NONE',  ( -0.000000000000000000, -0.000000000000000000, 1.000000000000000000 ) ) ;
#4182 = ORIENTED_EDGE ( 'NONE', *, *, #11695, .F. ) ;
#4183 = CARTESIAN_POINT ( 'NONE',  ( 27.72889365248611426, -13.35308062070989443, 4.000000000000007105 ) ) ;
#4184 = CARTESIAN_POINT ( 'NONE',  ( 27.53545059854775090, -14.87814591068786640, 3.499999999999996003 ) ) ;
#4185 = AXIS2_PLACEMENT_3D ( 'NONE', #1903, #2858, #4502 ) ;
#4186 = CARTESIAN_POINT ( 'NONE',  ( 12.00000000000000000, -10.45000000000000107, 10.09999999999999964 ) ) ;
#4187 = CARTESIAN_POINT ( 'NONE',  ( -64.24999999999998579, 11.99999999999998579, 1.000000000000000888 ) ) ;
#4188 = DIRECTION ( 'NONE',  ( -1.000000000000000000, 0.000000000000000000, 0.000000000000000000 ) ) ;
#4189 = PRESENTATION_STYLE_ASSIGNMENT (( #508 ) ) ;
#4190 = FACE_OUTER_BOUND ( 'NONE', #1187, .T. ) ;
#4191 = CIRCLE ( 'NONE', #9722, 2.999999999999999112 ) ;
#4192 = ORIENTED_EDGE ( 'NONE', *, *, #6578, .T. ) ;
#4193 = LINE ( 'NONE', #7895, #8489 ) ;
#4194 = DIRECTION ( 'NONE',  ( -0.000000000000000000, -0.000000000000000000, 1.000000000000000000 ) ) ;
#4195 = LINE ( 'NONE', #2246, #5574 ) ;
#4196 = DIRECTION ( 'NONE',  ( 1.000000000000000000, 0.000000000000000000, 0.000000000000000000 ) ) ;
#4197 = CIRCLE ( 'NONE', #10704, 2.624999999999998668 ) ;
#4198 = VERTEX_POINT ( 'NONE', #5509 ) ;
#4199 = EDGE_LOOP ( 'NONE', ( #9183, #171, #5525, #10760 ) ) ;
#4200 = ORIENTED_EDGE ( 'NONE', *, *, #8706, .F. ) ;
#4201 = CARTESIAN_POINT ( 'NONE',  ( 25.27925976956783671, -11.71553789794577050, 3.499999999999999556 ) ) ;
#4202 = CARTESIAN_POINT ( 'NONE',  ( -54.99999999999999289, -1.366094737331735587E-14, 3.100000000000001865 ) ) ;
#4203 = CARTESIAN_POINT ( 'NONE',  ( 9.039999999999995595, 9.039999999999999147, 0.000000000000000000 ) ) ;
#4204 = CARTESIAN_POINT ( 'NONE',  ( 26.30474477849694637, -10.61588740189183788, 3.999999999999997335 ) ) ;
#4205 = CARTESIAN_POINT ( 'NONE',  ( 24.26923076923075939, -13.39234316404406577, 4.000000000000007105 ) ) ;
#4206 = VECTOR ( 'NONE', #11768, 1000.000000000000000 ) ;
#4207 = DIRECTION ( 'NONE',  ( 0.000000000000000000, -0.000000000000000000, -1.000000000000000000 ) ) ;
#4208 = CARTESIAN_POINT ( 'NONE',  ( 27.94855715851499056, 5.925000000000022027, 6.784455972358868436 ) ) ;
#4209 = DIRECTION ( 'NONE',  ( -1.000000000000000000, 0.000000000000000000, 0.000000000000000000 ) ) ;
#4210 = DIRECTION ( 'NONE',  ( 0.000000000000000000, -1.000000000000000000, 0.000000000000000000 ) ) ;
#4211 = ORIENTED_EDGE ( 'NONE', *, *, #7532, .T. ) ;
#4212 = ORIENTED_EDGE ( 'NONE', *, *, #6488, .F. ) ;
#4213 = EDGE_CURVE ( 'NONE', #1388, #7146, #6341, .T. ) ;
#4214 = FACE_OUTER_BOUND ( 'NONE', #5876, .T. ) ;
#4215 = ORIENTED_EDGE ( 'NONE', *, *, #1569, .T. ) ;
#4216 = CARTESIAN_POINT ( 'NONE',  ( 25.31780315583744567, -12.61428960847457859, 3.499999999999992895 ) ) ;
#4217 = VECTOR ( 'NONE', #361, 1000.000000000000000 ) ;
#4218 = ORIENTED_EDGE ( 'NONE', *, *, #6772, .F. ) ;
#4219 = VECTOR ( 'NONE', #5258, 1000.000000000000000 ) ;
#4220 = DIRECTION ( 'NONE',  ( 0.000000000000000000, 0.000000000000000000, -1.000000000000000000 ) ) ;
#4221 = ORIENTED_EDGE ( 'NONE', *, *, #11222, .T. ) ;
#4222 = CYLINDRICAL_SURFACE ( 'NONE', #4093, 1.099999999999996758 ) ;
#4223 = DIRECTION ( 'NONE',  ( 1.000000000000000000, 0.000000000000000000, 0.000000000000000000 ) ) ;
#4224 = ORIENTED_EDGE ( 'NONE', *, *, #187, .T. ) ;
#4225 = AXIS2_PLACEMENT_3D ( 'NONE', #11372, #5973, #4007 ) ;
#4226 = LINE ( 'NONE', #7021, #7761 ) ;
#4227 = CARTESIAN_POINT ( 'NONE',  ( 23.44142414705410360, -6.698237938740722264, 3.499999999999999556 ) ) ;
#4228 = ORIENTED_EDGE ( 'NONE', *, *, #781, .F. ) ;
#4229 = EDGE_CURVE ( 'NONE', #6184, #11859, #3708, .T. ) ;
#4230 = EDGE_LOOP ( 'NONE', ( #2749, #4759, #8736, #7858 ) ) ;
#4231 = CARTESIAN_POINT ( 'NONE',  ( -17.00000000000000000, 41.99999999999997868, 2.000000000000000000 ) ) ;
#4232 = ORIENTED_EDGE ( 'NONE', *, *, #11513, .F. ) ;
#4233 = CARTESIAN_POINT ( 'NONE',  ( 23.92708423791419747, -8.093699925321168109, 3.999999999999996447 ) ) ;
#4234 = DIRECTION ( 'NONE',  ( 0.7518135438622547406, 0.6593757618120925645, 0.000000000000000000 ) ) ;
#4235 = CARTESIAN_POINT ( 'NONE',  ( 25.05175432837209470, -11.04390395025650662, 3.999999999999988010 ) ) ;
#4236 = AXIS2_PLACEMENT_3D ( 'NONE', #9313, #1989, #5676 ) ;
#4237 = CARTESIAN_POINT ( 'NONE',  ( 18.99999999999999645, 44.00000000000000000, 0.000000000000000000 ) ) ;
#4238 = ORIENTED_EDGE ( 'NONE', *, *, #5109, .F. ) ;
#4239 = EDGE_CURVE ( 'NONE', #488, #5794, #5319, .T. ) ;
#4240 = EDGE_LOOP ( 'NONE', ( #3126, #7968, #5965, #1030 ) ) ;
#4241 = FACE_OUTER_BOUND ( 'NONE', #9813, .T. ) ;
#4242 = CARTESIAN_POINT ( 'NONE',  ( 25.99999999999999289, 7.050000000000004263, 3.599999999999999201 ) ) ;
#4243 = DIRECTION ( 'NONE',  ( 0.5453855465602200914, 0.8381853050508640823, 0.000000000000000000 ) ) ;
#4244 = CARTESIAN_POINT ( 'NONE',  ( 23.52391542723728790, -6.895305821183670858, 3.499999999999999556 ) ) ;
#4245 = LINE ( 'NONE', #5069, #4554 ) ;
#4246 = ORIENTED_EDGE ( 'NONE', *, *, #5552, .F. ) ;
#4247 = CIRCLE ( 'NONE', #4436, 1.049999999999998934 ) ;
#4248 = CARTESIAN_POINT ( 'NONE',  ( -18.99999999999999645, 37.54999999999998295, 1.000000000000002665 ) ) ;
#4249 = DIRECTION ( 'NONE',  ( 0.000000000000000000, 0.000000000000000000, 1.000000000000000000 ) ) ;
#4250 = ADVANCED_FACE ( 'NONE', ( #4958 ), #10467, .F. ) ;
#4251 = CYLINDRICAL_SURFACE ( 'NONE', #9194, 0.9749999999999993117 ) ;
#4252 = DIRECTION ( 'NONE',  ( 0.000000000000000000, -1.000000000000000000, 0.000000000000000000 ) ) ;
#4253 = CARTESIAN_POINT ( 'NONE',  ( 24.54980125262548540, 4.861953247045805782, 5.999999999999998224 ) ) ;
#4254 = B_SPLINE_CURVE_WITH_KNOTS ( 'NONE', 3,
 ( #917, #4655, #4479, #8137, #6377, #3690, #5556, #10152, #8366, #1769, #11814, #9971, #7218, #1036, #10030, #10946, #10887, #11130, #3568, #9130, #16, #1818, #8246, #7327, #1934, #5490, #2767 ),
 .UNSPECIFIED., .F., .F.,
 ( 4, 1, 1, 1, 1, 1, 1, 1, 1, 1, 1, 1, 1, 1, 1, 1, 1, 1, 1, 1, 1, 1, 1, 1, 4 ),
 ( 0.000000000000000000, 0.03821658268426040422, 0.07486572344798017586, 0.1101559045115487467, 0.1447283782661479001, 0.1780829500235388829, 0.2111733423684232225, 0.2436889813736916044, 0.2758730245419420690, 0.3083761647425949382, 0.3412633237069646053, 0.3751496685363222006, 0.4096539078528214639, 0.4451553130168943717, 0.4820706831605551801, 0.5205722112579809213, 0.5605493458582424537, 0.6031023994109108166, 0.6486826326874112203, 0.6979406275461329523, 0.7508050410762788784, 0.8073132105681862791, 0.8676581862989455329, 0.9318625687184260986, 1.000000000000000000 ),
 .UNSPECIFIED. ) ;
#4255 = ADVANCED_FACE ( 'NONE', ( #5916 ), #10530, .F. ) ;
#4256 = CIRCLE ( 'NONE', #10949, 1.100000000000000311 ) ;
#4257 = EDGE_CURVE ( 'NONE', #11037, #3286, #737, .T. ) ;
#4258 = CARTESIAN_POINT ( 'NONE',  ( 23.78029098570420885, -14.47336161574260416, 3.999999999999977351 ) ) ;
#4259 = ORIENTED_EDGE ( 'NONE', *, *, #4866, .F. ) ;
#4260 = CARTESIAN_POINT ( 'NONE',  ( -14.99999999999999645, 18.00000000000000000, 10.09999999999999964 ) ) ;
#4261 = ORIENTED_EDGE ( 'NONE', *, *, #5410, .T. ) ;
#4262 = VERTEX_POINT ( 'NONE', #11267 ) ;
#4263 = CARTESIAN_POINT ( 'NONE',  ( 25.49058668349189816, -11.69790894951090898, 3.999999999999996447 ) ) ;
#4264 = DIRECTION ( 'NONE',  ( 1.000000000000000000, -0.000000000000000000, -0.000000000000000000 ) ) ;
#4265 = AXIS2_PLACEMENT_3D ( 'NONE', #3125, #6779, #5889 ) ;
#4266 = CARTESIAN_POINT ( 'NONE',  ( 23.70155623165367231, -14.39028103454768548, 3.500000000000003109 ) ) ;
#4267 = CARTESIAN_POINT ( 'NONE',  ( 25.59342578366608123, -9.996346260200221323, 3.999999999999996447 ) ) ;
#4268 = DIRECTION ( 'NONE',  ( 0.000000000000000000, 0.000000000000000000, 1.000000000000000000 ) ) ;
#4269 = VERTEX_POINT ( 'NONE', #454 ) ;
#4270 = DIRECTION ( 'NONE',  ( 0.000000000000000000, -1.000000000000000000, -2.891205793294679929E-17 ) ) ;
#4271 = VERTEX_POINT ( 'NONE', #8564 ) ;
#4272 = CIRCLE ( 'NONE', #38, 1.099999999999996758 ) ;
#4273 = ORIENTED_EDGE ( 'NONE', *, *, #11428, .F. ) ;
#4274 = CARTESIAN_POINT ( 'NONE',  ( 24.61278044871794179, -13.94021976660816620, 3.500000000000003109 ) ) ;
#4275 = ORIENTED_EDGE ( 'NONE', *, *, #7052, .T. ) ;
#4276 = CARTESIAN_POINT ( 'NONE',  ( 26.98547270309351376, -14.10353930280453838, 4.000000000000007105 ) ) ;
#4277 = CARTESIAN_POINT ( 'NONE',  ( 27.94855715851499056, 5.925000000000022027, 5.999999999999998224 ) ) ;
#4278 = CARTESIAN_POINT ( 'NONE',  ( 23.41951716871267664, -8.930310380465369846, 4.000000000000000000 ) ) ;
#4279 = VERTEX_POINT ( 'NONE', #4127 ) ;
#4280 = AXIS2_PLACEMENT_3D ( 'NONE', #7548, #11221, #7608 ) ;
#4281 = DIRECTION ( 'NONE',  ( -1.000000000000000000, 0.000000000000000000, 0.000000000000000000 ) ) ;
#4282 = CARTESIAN_POINT ( 'NONE',  ( -38.26999999999998892, 7.049999999999989164, 2.000000000000000000 ) ) ;
#4283 = ORIENTED_EDGE ( 'NONE', *, *, #2532, .T. ) ;
#4284 = EDGE_LOOP ( 'NONE', ( #4654, #8694, #7984, #1013 ) ) ;
#4285 = EDGE_CURVE ( 'NONE', #5272, #10406, #1181, .T. ) ;
#4286 = DIRECTION ( 'NONE',  ( 1.000000000000000000, 3.854941057726238097E-16, -0.000000000000000000 ) ) ;
#4287 = VERTEX_POINT ( 'NONE', #6867 ) ;
#4288 = VECTOR ( 'NONE', #9440, 1000.000000000000000 ) ;
#4289 = CARTESIAN_POINT ( 'NONE',  ( 26.11352624512714016, -12.58572600054837132, 4.000000000000003553 ) ) ;
#4290 = CARTESIAN_POINT ( 'NONE',  ( 23.37999655358635209, 6.888114420714384956, 5.999999999999998224 ) ) ;
#4291 = ORIENTED_EDGE ( 'NONE', *, *, #8107, .T. ) ;
#4292 = EDGE_CURVE ( 'NONE', #8909, #10303, #10350, .T. ) ;
#4293 = VERTEX_POINT ( 'NONE', #10291 ) ;
#4294 = B_SPLINE_SURFACE_WITH_KNOTS ( 'NONE', 3, 1, ( 
 ( #8307, #72 ),
 ( #3747, #11065 ),
 ( #6501, #7449 ),
 ( #2894, #10214 ),
 ( #6618, #7844 ),
 ( #10595, #8985 ),
 ( #6989, #2371 ),
 ( #11514, #5207 ),
 ( #11637, #3340 ),
 ( #8732, #10663 ),
 ( #2439, #8804 ),
 ( #3404, #2610 ),
 ( #10726, #7126 ),
 ( #7176, #579 ),
 ( #6041, #1415 ),
 ( #6100, #4258 ),
 ( #5145, #10788 ),
 ( #9812, #2558 ),
 ( #7058, #4434 ),
 ( #10844, #2497 ),
 ( #11574, #1544 ),
 ( #766, #7962 ),
 ( #6161, #5080 ),
 ( #1608, #3471 ),
 ( #1667, #8095 ),
 ( #11767, #2940 ),
 ( #6660, #1151 ) ),
 .UNSPECIFIED., .F., .F., .F.,
 ( 4, 1, 1, 1, 1, 1, 1, 1, 1, 1, 1, 1, 1, 1, 1, 1, 1, 1, 1, 1, 1, 1, 1, 1, 4 ),
 ( 2, 2 ),
 ( 0.000000000000000000, 0.06848678953180264983, 0.1330686034768698844, 0.1938174267513896043, 0.2510678822434361801, 0.3043826819346475143, 0.3543872059353594950, 0.4012708475644490291, 0.4446741614967869571, 0.4856635241877677034, 0.5246451914242059589, 0.5621357040795469384, 0.5979269936485214210, 0.6324518987491632993, 0.6657284078076926015, 0.6977541153568967980, 0.7293531551978328364, 0.7605902647540452310, 0.7923674640178234307, 0.8243230823934852847, 0.8571647915322994082, 0.8909333925356225370, 0.9259648588186043527, 0.9620635857508668121, 1.000000000000000000 ),
 ( 0.000000000000000000, 1.000000000000000000 ),
 .UNSPECIFIED. ) ;
#4295 = CARTESIAN_POINT ( 'NONE',  ( 23.39151584682969087, -9.073479574768635203, 3.999999999999993339 ) ) ;
#4296 = DIRECTION ( 'NONE',  ( 0.000000000000000000, -0.000000000000000000, 1.000000000000000000 ) ) ;
#4297 = DIRECTION ( 'NONE',  ( 0.000000000000000000, 0.000000000000000000, 1.000000000000000000 ) ) ;
#4298 = CARTESIAN_POINT ( 'NONE',  ( 24.73252986935683850, 8.909037242210992247, 5.999999999999998224 ) ) ;
#4299 = CARTESIAN_POINT ( 'NONE',  ( 24.52365470821892046, -6.554231728094966236, 3.499999999999999556 ) ) ;
#4300 = CARTESIAN_POINT ( 'NONE',  ( 24.36973024362137252, -6.203670602296711856, 3.999999999999996447 ) ) ;
#4301 =( NAMED_UNIT ( * ) PLANE_ANGLE_UNIT ( ) SI_UNIT ( $, .RADIAN. ) );
#4302 = CARTESIAN_POINT ( 'NONE',  ( -12.97499999999999964, 9.549999999999998934, -4.999999999999999112 ) ) ;
#4303 = EDGE_LOOP ( 'NONE', ( #4791, #7933, #6042, #11601 ) ) ;
#4304 = CARTESIAN_POINT ( 'NONE',  ( 26.76561101301146195, -9.688132159951566180, 3.499999999999996003 ) ) ;
#4305 = LINE ( 'NONE', #10721, #11834 ) ;
#4306 = EDGE_CURVE ( 'NONE', #432, #4114, #2134, .T. ) ;
#4307 = EDGE_CURVE ( 'NONE', #4287, #4874, #1111, .T. ) ;
#4308 = LINE ( 'NONE', #7050, #773 ) ;
#4309 = DIRECTION ( 'NONE',  ( -1.000000000000000000, 0.000000000000000000, 0.000000000000000000 ) ) ;
#4310 = CARTESIAN_POINT ( 'NONE',  ( -9.039999999999999147, -9.039999999999999147, 0.000000000000000000 ) ) ;
#4311 = ADVANCED_FACE ( 'NONE', ( #4926 ), #7088, .F. ) ;
#4312 = CARTESIAN_POINT ( 'NONE',  ( 33.94999999999999574, -5.999999999999988454, 4.000000000000000000 ) ) ;
#4313 = CARTESIAN_POINT ( 'NONE',  ( -64.84999999999999432, 11.39999999999998259, 0.4500000000000025091 ) ) ;
#4314 = VERTEX_POINT ( 'NONE', #1262 ) ;
#4315 = VERTEX_POINT ( 'NONE', #10435 ) ;
#4316 = LINE ( 'NONE', #6105, #6243 ) ;
#4317 = CARTESIAN_POINT ( 'NONE',  ( 24.35740496230327423, -9.767445934765166982, 3.500000000000003109 ) ) ;
#4318 = CARTESIAN_POINT ( 'NONE',  ( -51.09999999999999432, -10.45000000000001172, 0.000000000000000000 ) ) ;
#4319 = EDGE_CURVE ( 'NONE', #10230, #7480, #11110, .T. ) ;
#4320 = DIRECTION ( 'NONE',  ( 1.156482317317871971E-16, -1.000000000000000000, 0.000000000000000000 ) ) ;
#4321 = AXIS2_PLACEMENT_3D ( 'NONE', #6097, #8860, #4309 ) ;
#4322 = FACE_OUTER_BOUND ( 'NONE', #10465, .T. ) ;
#4323 = CARTESIAN_POINT ( 'NONE',  ( 31.69999999999999218, -5.999999999999988454, -2.969848480983499961 ) ) ;
#4324 = CARTESIAN_POINT ( 'NONE',  ( 25.46565421956981723, -10.07158512013724305, 4.000000000000000000 ) ) ;
#4325 = LINE ( 'NONE', #9827, #10770 ) ;
#4326 = AXIS2_PLACEMENT_3D ( 'NONE', #8455, #6582, #5690 ) ;
#4327 = ORIENTED_EDGE ( 'NONE', *, *, #10983, .T. ) ;
#4328 = ORIENTED_EDGE ( 'NONE', *, *, #6167, .T. ) ;
#4329 = CARTESIAN_POINT ( 'NONE',  ( -17.89999999999999503, 37.54999999999998295, 1.734723475976807094E-15 ) ) ;
#4330 = ORIENTED_EDGE ( 'NONE', *, *, #3633, .F. ) ;
#4331 = AXIS2_PLACEMENT_3D ( 'NONE', #6598, #7500, #249 ) ;
#4332 = DIRECTION ( 'NONE',  ( 0.000000000000000000, 0.000000000000000000, 1.000000000000000000 ) ) ;
#4333 = VERTEX_POINT ( 'NONE', #7741 ) ;
#4334 = DIRECTION ( 'NONE',  ( 1.000000000000000000, 0.000000000000000000, 0.000000000000000000 ) ) ;
#4335 = EDGE_CURVE ( 'NONE', #1430, #3819, #11405, .T. ) ;
#4336 = ORIENTED_EDGE ( 'NONE', *, *, #1205, .F. ) ;
#4337 = EDGE_LOOP ( 'NONE', ( #11343, #269, #8320, #9392 ) ) ;
#4338 = EDGE_CURVE ( 'NONE', #11897, #663, #4041, .T. ) ;
#4339 = CARTESIAN_POINT ( 'NONE',  ( 27.70956352234567532, -13.56030988741396826, 4.000000000000003553 ) ) ;
#4340 = DIRECTION ( 'NONE',  ( 0.000000000000000000, 0.000000000000000000, -1.000000000000000000 ) ) ;
#4341 = CYLINDRICAL_SURFACE ( 'NONE', #135, 2.624999999999998668 ) ;
#4342 = AXIS2_PLACEMENT_3D ( 'NONE', #6295, #1746, #9103 ) ;
#4343 = ORIENTED_EDGE ( 'NONE', *, *, #1487, .F. ) ;
#4344 = CARTESIAN_POINT ( 'NONE',  ( 23.72966483659832448, -8.298831649183386006, 3.499999999999996003 ) ) ;
#4345 = DIRECTION ( 'NONE',  ( 0.8382970382930146069, -0.5452137888839203583, 0.000000000000000000 ) ) ;
#4346 = ORIENTED_EDGE ( 'NONE', *, *, #2772, .F. ) ;
#4347 = ORIENTED_EDGE ( 'NONE', *, *, #10342, .T. ) ;
#4348 = CARTESIAN_POINT ( 'NONE',  ( 28.59181488549123529, -13.74614069585935461, 3.499999999999992895 ) ) ;
#4349 = CIRCLE ( 'NONE', #11044, 1.100000000000003642 ) ;
#4350 = ORIENTED_EDGE ( 'NONE', *, *, #8741, .F. ) ;
#4351 = CARTESIAN_POINT ( 'NONE',  ( 25.02376158698549702, 5.022820047219557438, 5.999999999999998224 ) ) ;
#4352 = DIRECTION ( 'NONE',  ( 0.000000000000000000, -0.000000000000000000, -1.000000000000000000 ) ) ;
#4353 = EDGE_CURVE ( 'NONE', #8725, #1020, #5045, .T. ) ;
#4354 = ORIENTED_EDGE ( 'NONE', *, *, #3554, .F. ) ;
#4355 = LINE ( 'NONE', #8905, #1638 ) ;
#4356 = AXIS2_PLACEMENT_3D ( 'NONE', #436, #495, #4111 ) ;
#4357 = CARTESIAN_POINT ( 'NONE',  ( 25.99999999999999289, 7.050000000000004263, 3.599999999999999201 ) ) ;
#4358 = VERTEX_POINT ( 'NONE', #9526 ) ;
#4359 = CARTESIAN_POINT ( 'NONE',  ( 27.91135620130512152, -14.69651263742604286, 3.499999999999992895 ) ) ;
#4360 = ADVANCED_FACE ( 'NONE', ( #482 ), #1323, .F. ) ;
#4361 = ORIENTED_EDGE ( 'NONE', *, *, #7408, .F. ) ;
#4362 = DIRECTION ( 'NONE',  ( 0.000000000000000000, -0.000000000000000000, -1.000000000000000000 ) ) ;
#4363 = DIRECTION ( 'NONE',  ( 0.000000000000000000, 1.000000000000000000, -0.000000000000000000 ) ) ;
#4364 = CARTESIAN_POINT ( 'NONE',  ( 24.52564102564101844, -6.590460151223551222, 4.000000000000000000 ) ) ;
#4365 = ORIENTED_EDGE ( 'NONE', *, *, #33, .F. ) ;
#4366 = VECTOR ( 'NONE', #2847, 1000.000000000000000 ) ;
#4367 = DIRECTION ( 'NONE',  ( 1.000000000000000000, 0.000000000000000000, -0.000000000000000000 ) ) ;
#4368 = ORIENTED_EDGE ( 'NONE', *, *, #9558, .T. ) ;
#4369 = DIRECTION ( 'NONE',  ( -0.000000000000000000, 0.000000000000000000, -1.000000000000000000 ) ) ;
#4370 = CARTESIAN_POINT ( 'NONE',  ( 47.19999999999998863, 22.54999999999998650, 1.999999999999999112 ) ) ;
#4371 = DIRECTION ( 'NONE',  ( 1.227398685832646557E-16, -1.000000000000000000, 0.000000000000000000 ) ) ;
#4372 = DIRECTION ( 'NONE',  ( -0.6451415499424340005, -0.7640630736646510934, 0.000000000000000000 ) ) ;
#4373 = CARTESIAN_POINT ( 'NONE',  ( 41.19999999999999574, -10.44999999999999751, 2.975000000000000977 ) ) ;
#4374 = AXIS2_PLACEMENT_3D ( 'NONE', #10614, #9947, #3299 ) ;
#4375 = EDGE_CURVE ( 'NONE', #11187, #10817, #8587, .T. ) ;
#4376 = ADVANCED_FACE ( 'NONE', ( #2690 ), #5230, .F. ) ;
#4377 = AXIS2_PLACEMENT_3D ( 'NONE', #7827, #1225, #1346 ) ;
#4378 = CARTESIAN_POINT ( 'NONE',  ( 27.12728291359444910, -14.06591858515577975, 4.000000000000000000 ) ) ;
#4379 = FACE_OUTER_BOUND ( 'NONE', #2937, .T. ) ;
#4380 = EDGE_LOOP ( 'NONE', ( #2599, #5350, #3738, #6030 ) ) ;
#4381 = CARTESIAN_POINT ( 'NONE',  ( 25.08148573214197086, -11.73615054760315068, 3.499999999999996003 ) ) ;
#4382 = CARTESIAN_POINT ( 'NONE',  ( 24.39675515056038435, -9.827836895062562306, 3.500000000000006661 ) ) ;
#4383 = DIRECTION ( 'NONE',  ( -0.000000000000000000, 0.000000000000000000, 1.000000000000000000 ) ) ;
#4384 = CYLINDRICAL_SURFACE ( 'NONE', #7511, 2.999999999999999112 ) ;
#4385 = CARTESIAN_POINT ( 'NONE',  ( -17.89999999999999503, 13.54999999999998828, 1.734723475976807094E-15 ) ) ;
#4386 = AXIS2_PLACEMENT_3D ( 'NONE', #3365, #791, #11845 ) ;
#4387 = LINE ( 'NONE', #6113, #11157 ) ;
#4388 = CARTESIAN_POINT ( 'NONE',  ( 23.98277243589742724, -7.135331946095345934, 3.999999999999996447 ) ) ;
#4389 = ORIENTED_EDGE ( 'NONE', *, *, #2018, .F. ) ;
#4390 = CYLINDRICAL_SURFACE ( 'NONE', #7606, 1.050000000000002265 ) ;
#4391 = EDGE_CURVE ( 'NONE', #8453, #10230, #8826, .T. ) ;
#4392 = ORIENTED_EDGE ( 'NONE', *, *, #2123, .F. ) ;
#4393 = DIRECTION ( 'NONE',  ( 0.000000000000000000, -0.000000000000000000, -1.000000000000000000 ) ) ;
#4394 = ORIENTED_EDGE ( 'NONE', *, *, #8177, .F. ) ;
#4395 = CARTESIAN_POINT ( 'NONE',  ( 43.19999999999998863, 26.99999999999998224, 52.04442251822082000 ) ) ;
#4396 = VECTOR ( 'NONE', #10019, 1000.000000000000000 ) ;
#4397 = B_SPLINE_SURFACE_WITH_KNOTS ( 'NONE', 3, 1, ( 
 ( #7066, #7182 ),
 ( #8740, #10735 ),
 ( #5991, #7973 ),
 ( #10796, #8872 ),
 ( #9631, #1420 ),
 ( #8812, #5089 ),
 ( #3478, #6049 ),
 ( #11720, #9692 ),
 ( #6169, #9821 ),
 ( #8934, #4204 ),
 ( #713, #6635 ),
 ( #393, #6583 ),
 ( #7590, #1180 ),
 ( #1119, #5750 ),
 ( #9556, #8616 ),
 ( #4072, #9386 ),
 ( #10290, #7714 ),
 ( #7469, #11377 ),
 ( #2072, #6800 ) ),
 .UNSPECIFIED., .F., .F., .F.,
 ( 4, 1, 1, 1, 1, 1, 1, 1, 1, 1, 1, 1, 1, 1, 1, 1, 4 ),
 ( 2, 2 ),
 ( 0.000000000000000000, 0.06340052940042860408, 0.1249764099331402700, 0.1844921876584958986, 0.2434736282965420107, 0.3022637321141445343, 0.3613835718304163058, 0.4214817654110645240, 0.4834545367577933184, 0.5459360688045384880, 0.6081426980855855202, 0.6698202920949504202, 0.7323322942692659376, 0.7960922343214104080, 0.8616426668792322996, 0.9294352318828833504, 1.000000000000000000 ),
 ( 0.000000000000000000, 1.000000000000000000 ),
 .UNSPECIFIED. ) ;
#4398 = VECTOR ( 'NONE', #2841, 1000.000000000000000 ) ;
#4399 = EDGE_LOOP ( 'NONE', ( #7160, #2627, #8944, #5329 ) ) ;
#4400 = ORIENTED_EDGE ( 'NONE', *, *, #5122, .F. ) ;
#4401 = DIRECTION ( 'NONE',  ( 0.000000000000000000, -1.000000000000000000, -2.891205793294679929E-17 ) ) ;
#4402 = LINE ( 'NONE', #9896, #8113 ) ;
#4403 = CARTESIAN_POINT ( 'NONE',  ( 23.46004233177433207, -8.793230719478204449, 4.000000000000000000 ) ) ;
#4404 = ORIENTED_EDGE ( 'NONE', *, *, #417, .F. ) ;
#4405 = DIRECTION ( 'NONE',  ( 1.000000000000000000, 5.981805089575197183E-16, -0.000000000000000000 ) ) ;
#4406 = VERTEX_POINT ( 'NONE', #7992 ) ;
#4407 = CARTESIAN_POINT ( 'NONE',  ( 41.19999999999999574, -10.44999999999999751, 2.000000000000001776 ) ) ;
#4408 = VECTOR ( 'NONE', #10461, 1000.000000000000000 ) ;
#4409 = ADVANCED_FACE ( 'NONE', ( #9953 ), #10689, .F. ) ;
#4410 = ORIENTED_EDGE ( 'NONE', *, *, #3351, .T. ) ;
#4411 = VECTOR ( 'NONE', #7040, 1000.000000000000000 ) ;
#4412 = DIRECTION ( 'NONE',  ( -1.000000000000000000, 0.000000000000000000, 0.000000000000000000 ) ) ;
#4413 = VERTEX_POINT ( 'NONE', #5297 ) ;
#4414 = DIRECTION ( 'NONE',  ( -1.000000000000000000, 7.228014483236698330E-15, 0.000000000000000000 ) ) ;
#4415 = VECTOR ( 'NONE', #1945, 1000.000000000000000 ) ;
#4416 = EDGE_LOOP ( 'NONE', ( #8989, #2977 ) ) ;
#4417 = AXIS2_PLACEMENT_3D ( 'NONE', #9991, #7470, #4614 ) ;
#4418 = ORIENTED_EDGE ( 'NONE', *, *, #2748, .T. ) ;
#4419 = CARTESIAN_POINT ( 'NONE',  ( 26.72858823781824711, -9.247278786444555365, 3.999999999999996447 ) ) ;
#4420 = FACE_OUTER_BOUND ( 'NONE', #4109, .T. ) ;
#4421 = EDGE_CURVE ( 'NONE', #2070, #4801, #10316, .T. ) ;
#4422 = DIRECTION ( 'NONE',  ( -0.000000000000000000, -0.000000000000000000, 1.000000000000000000 ) ) ;
#4423 = LINE ( 'NONE', #5194, #9550 ) ;
#4424 = DIRECTION ( 'NONE',  ( 0.000000000000000000, 0.000000000000000000, 1.000000000000000000 ) ) ;
#4425 =( LENGTH_UNIT ( ) NAMED_UNIT ( * ) SI_UNIT ( .MILLI., .METRE. ) );
#4426 = DIRECTION ( 'NONE',  ( -0.000000000000000000, -0.000000000000000000, 1.000000000000000000 ) ) ;
#4427 = ORIENTED_EDGE ( 'NONE', *, *, #3039, .T. ) ;
#4428 = CARTESIAN_POINT ( 'NONE',  ( 32.74999999999999289, -5.999999999999988454, 0.000000000000000000 ) ) ;
#4429 = CARTESIAN_POINT ( 'NONE',  ( 23.90553406555052973, 7.872017304824388439, 5.999999999999998224 ) ) ;
#4430 = CIRCLE ( 'NONE', #4987, 0.9499999999999998446 ) ;
#4431 = LINE ( 'NONE', #7051, #5844 ) ;
#4432 = ADVANCED_FACE ( 'NONE', ( #11597 ), #10753, .F. ) ;
#4433 = CARTESIAN_POINT ( 'NONE',  ( 46.09999999999999432, -13.45000000000001350, -1.734723475976807094E-15 ) ) ;
#4434 = CARTESIAN_POINT ( 'NONE',  ( 23.56930570546384374, -14.20999252382805977, 3.999999999999974243 ) ) ;
#4435 = ADVANCED_FACE ( 'NONE', ( #3432 ), #1572, .F. ) ;
#4436 = AXIS2_PLACEMENT_3D ( 'NONE', #10580, #3385, #1402 ) ;
#4437 = CARTESIAN_POINT ( 'NONE',  ( 26.98547270309351376, -14.10353930280453838, 3.500000000000006661 ) ) ;
#4438 = CARTESIAN_POINT ( 'NONE',  ( 39.19999999999998863, -3.994306305069704965, 4.000000000000000000 ) ) ;
#4439 = EDGE_LOOP ( 'NONE', ( #10810, #4966, #9200, #10489 ) ) ;
#4440 = CARTESIAN_POINT ( 'NONE',  ( 23.96605924864125825, -14.62544266604636967, 4.000000000000003553 ) ) ;
#4441 = FACE_BOUND ( 'NONE', #1872, .T. ) ;
#4442 = FACE_OUTER_BOUND ( 'NONE', #5846, .T. ) ;
#4443 = CARTESIAN_POINT ( 'NONE',  ( 41.19999999999999574, 26.99999999999998224, -8.673617379884035472E-16 ) ) ;
#4444 = EDGE_CURVE ( 'NONE', #5654, #2406, #9524, .T. ) ;
#4445 = CARTESIAN_POINT ( 'NONE',  ( 23.38513203377213756, 6.819586200076037663, 3.599999999999999201 ) ) ;
#4446 = CIRCLE ( 'NONE', #9223, 2.250000000000001776 ) ;
#4447 = CARTESIAN_POINT ( 'NONE',  ( -18.99999999999999645, -10.45000000000001172, 1.000000000000000888 ) ) ;
#4448 = CARTESIAN_POINT ( 'NONE',  ( 24.36964554377141567, -6.978146654706662844, 4.000000000000003553 ) ) ;
#4449 = VERTEX_POINT ( 'NONE', #11668 ) ;
#4450 = ORIENTED_EDGE ( 'NONE', *, *, #10046, .T. ) ;
#4451 = CARTESIAN_POINT ( 'NONE',  ( -17.89999999999999503, 25.54999999999999361, 1.000000000000002665 ) ) ;
#4452 = CARTESIAN_POINT ( 'NONE',  ( 24.89211022100271009, 9.429748986257454391, 6.812377427192834567 ) ) ;
#4453 = EDGE_LOOP ( 'NONE', ( #4918, #3495, #1088, #2934 ) ) ;
#4454 =( LENGTH_UNIT ( ) NAMED_UNIT ( * ) SI_UNIT ( .MILLI., .METRE. ) );
#4455 = AXIS2_PLACEMENT_3D ( 'NONE', #8064, #4461, #11675 ) ;
#4456 = ORIENTED_EDGE ( 'NONE', *, *, #10508, .F. ) ;
#4457 = CARTESIAN_POINT ( 'NONE',  ( -6.000000000000000000, -10.59999999999999787, 0.000000000000000000 ) ) ;
#4458 = FACE_OUTER_BOUND ( 'NONE', #1117, .T. ) ;
#4459 = ADVANCED_FACE ( 'NONE', ( #6185 ), #9057, .F. ) ;
#4460 = FACE_OUTER_BOUND ( 'NONE', #7337, .T. ) ;
#4461 = DIRECTION ( 'NONE',  ( -0.2678773621119510673, -0.9634530185058027829, 0.000000000000000000 ) ) ;
#4462 = ORIENTED_EDGE ( 'NONE', *, *, #3015, .T. ) ;
#4463 = VECTOR ( 'NONE', #4985, 1000.000000000000114 ) ;
#4464 = ORIENTED_EDGE ( 'NONE', *, *, #2351, .F. ) ;
#4465 = CARTESIAN_POINT ( 'NONE',  ( 27.67007260083689957, -14.82286397092118335, 3.499999999999996003 ) ) ;
#4466 = EDGE_CURVE ( 'NONE', #2264, #2418, #1632, .T. ) ;
#4467 = EDGE_CURVE ( 'NONE', #4844, #298, #1749, .T. ) ;
#4468 = VECTOR ( 'NONE', #9633, 1000.000000000000000 ) ;
#4469 = LINE ( 'NONE', #9067, #11417 ) ;
#4470 = ORIENTED_EDGE ( 'NONE', *, *, #6785, .F. ) ;
#4471 = EDGE_CURVE ( 'NONE', #9016, #2591, #2250, .T. ) ;
#4472 = B_SPLINE_CURVE_WITH_KNOTS ( 'NONE', 3,
 ( #5051, #547, #3311, #10627, #2407, #3436, #9716, #5236, #8893, #4344, #7996, #3669, #6479, #9957, #3606, #898, #7311, #6302, #9172 ),
 .UNSPECIFIED., .F., .F.,
 ( 4, 1, 1, 1, 1, 1, 1, 1, 1, 1, 1, 1, 1, 1, 1, 1, 4 ),
 ( 0.000000000000000000, 0.06593481762567698912, 0.1300372587941651392, 0.1923620702496511015, 0.2538195214289181711, 0.3141994357375421654, 0.3746698781567776582, 0.4351541180379873142, 0.4964786684939708761, 0.5578092661396401031, 0.6190309229821129300, 0.6796911875192904740, 0.7409612864102644858, 0.8033752905051768645, 0.8668176884999615472, 0.9323179771745065958, 1.000000000000000000 ),
 .UNSPECIFIED. ) ;
#4473 = EDGE_LOOP ( 'NONE', ( #10757, #961, #3010, #1265 ) ) ;
#4474 = ADVANCED_FACE ( 'NONE', ( #8284 ), #5592, .T. ) ;
#4475 = DIRECTION ( 'NONE',  ( 0.000000000000000000, 0.000000000000000000, 1.000000000000000000 ) ) ;
#4476 = CARTESIAN_POINT ( 'NONE',  ( 23.37179487179486514, -9.373913676864576772, 3.499999999999996003 ) ) ;
#4477 = CIRCLE ( 'NONE', #5814, 0.9749999999999993117 ) ;
#4478 = ORIENTED_EDGE ( 'NONE', *, *, #6039, .F. ) ;
#4479 = CARTESIAN_POINT ( 'NONE',  ( 23.37408787362267759, -13.26390821609116344, 3.499999999999996003 ) ) ;
#4480 = CARTESIAN_POINT ( 'NONE',  ( -11.02500000000000036, 9.549999999999998934, -4.999999999999999112 ) ) ;
#4481 = FILL_AREA_STYLE_COLOUR ( '', #2611 ) ;
#4482 = LINE ( 'NONE', #1774, #958 ) ;
#4483 = VECTOR ( 'NONE', #7405, 1000.000000000000000 ) ;
#4484 = DIRECTION ( 'NONE',  ( 0.000000000000000000, 0.000000000000000000, 1.000000000000000000 ) ) ;
#4485 = CARTESIAN_POINT ( 'NONE',  ( -81.99999999999998579, 9.549999999999984723, 1.734723475976807094E-15 ) ) ;
#4486 = B_SPLINE_SURFACE_WITH_KNOTS ( 'NONE', 3, 1, ( 
 ( #8232, #5718 ),
 ( #7430, #9243 ),
 ( #4818, #1857 ),
 ( #5539, #1024 ),
 ( #123, #10932 ),
 ( #8351, #11111 ),
 ( #9116, #2699 ),
 ( #7494, #6364 ),
 ( #4699, #8480 ),
 ( #2875, #8293 ),
 ( #5658, #1807 ),
 ( #5477, #904 ),
 ( #59, #9180 ),
 ( #4576, #1081 ),
 ( #6548, #4 ),
 ( #3732, #10197 ),
 ( #184, #10260 ),
 ( #7317, #10989 ),
 ( #2939, #7371 ) ),
 .UNSPECIFIED., .F., .F., .F.,
 ( 4, 1, 1, 1, 1, 1, 1, 1, 1, 1, 1, 1, 1, 1, 1, 1, 4 ),
 ( 2, 2 ),
 ( 0.000000000000000000, 0.1107529993405871743, 0.2123770877825401082, 0.3055537685572882189, 0.3899007399344694980, 0.4667693486981460693, 0.5354846284785268473, 0.5968213492275972198, 0.6513608763089898668, 0.7013391554855927801, 0.7478559223166779679, 0.7921917188561057310, 0.8342559937812544790, 0.8753128158421641380, 0.9160205555409864919, 0.9576451221380055667, 1.000000000000000000 ),
 ( 0.000000000000000000, 1.000000000000000000 ),
 .UNSPECIFIED. ) ;
#4487 = CARTESIAN_POINT ( 'NONE',  ( 27.35493773600319756, -13.96896800775460257, 4.000000000000003553 ) ) ;
#4488 = DIRECTION ( 'NONE',  ( 0.000000000000000000, -0.000000000000000000, -1.000000000000000000 ) ) ;
#4489 = ORIENTED_EDGE ( 'NONE', *, *, #7304, .F. ) ;
#4490 = CARTESIAN_POINT ( 'NONE',  ( 25.91719110171516860, -15.08357237481681601, 3.999999999999996447 ) ) ;
#4491 = ADVANCED_FACE ( 'NONE', ( #2744, #1964 ), #9290, .T. ) ;
#4492 = FACE_OUTER_BOUND ( 'NONE', #8274, .T. ) ;
#4493 = FACE_OUTER_BOUND ( 'NONE', #855, .T. ) ;
#4494 = ADVANCED_FACE ( 'NONE', ( #7421 ), #11102, .F. ) ;
#4495 = ADVANCED_FACE ( 'NONE', ( #6539, #233 ), #3912, .F. ) ;
#4496 = CARTESIAN_POINT ( 'NONE',  ( -12.00000000000000000, 9.549999999999998934, 10.09999999999999964 ) ) ;
#4497 = CIRCLE ( 'NONE', #11195, 0.9749999999999993117 ) ;
#4498 = DIRECTION ( 'NONE',  ( -0.000000000000000000, -0.000000000000000000, -1.000000000000000000 ) ) ;
#4499 = DIRECTION ( 'NONE',  ( -1.000000000000000000, 0.000000000000000000, 0.000000000000000000 ) ) ;
#4500 = ORIENTED_EDGE ( 'NONE', *, *, #5551, .T. ) ;
#4501 = EDGE_LOOP ( 'NONE', ( #119, #3905, #931, #10444 ) ) ;
#4502 = DIRECTION ( 'NONE',  ( 1.000000000000000000, 0.000000000000000000, 0.000000000000000000 ) ) ;
#4503 = LINE ( 'NONE', #4452, #9365 ) ;
#4504 = EDGE_CURVE ( 'NONE', #8651, #6274, #896, .T. ) ;
#4505 = CIRCLE ( 'NONE', #4705, 2.250000000000001776 ) ;
#4506 = CARTESIAN_POINT ( 'NONE',  ( -38.26999999999998892, 7.049999999999989164, 2.000000000000000000 ) ) ;
#4507 = ORIENTED_EDGE ( 'NONE', *, *, #8252, .F. ) ;
#4508 = DIRECTION ( 'NONE',  ( -0.000000000000000000, -0.000000000000000000, 1.000000000000000000 ) ) ;
#4509 = DIRECTION ( 'NONE',  ( 1.000000000000000000, 0.000000000000000000, 0.000000000000000000 ) ) ;
#4510 = DIRECTION ( 'NONE',  ( -1.000000000000000000, 0.000000000000000000, 0.000000000000000000 ) ) ;
#4511 = CARTESIAN_POINT ( 'NONE',  ( -56.89999999999999147, -10.45000000000001528, 3.100000000000001865 ) ) ;
#4512 = EDGE_LOOP ( 'NONE', ( #1236, #9529 ) ) ;
#4513 = AXIS2_PLACEMENT_3D ( 'NONE', #67, #3562, #8240 ) ;
#4514 = CARTESIAN_POINT ( 'NONE',  ( 24.61278044871794179, -13.94021976660816620, 3.500000000000003109 ) ) ;
#4515 = ORIENTED_EDGE ( 'NONE', *, *, #5454, .F. ) ;
#4516 = CYLINDRICAL_SURFACE ( 'NONE', #4751, 2.624999999999998668 ) ;
#4517 = EDGE_CURVE ( 'NONE', #3878, #5633, #5529, .T. ) ;
#4518 = EDGE_CURVE ( 'NONE', #11544, #11345, #4631, .T. ) ;
#4519 = EDGE_CURVE ( 'NONE', #10414, #5535, #5709, .T. ) ;
#4520 = EDGE_CURVE ( 'NONE', #6195, #8131, #4170, .T. ) ;
#4521 = CIRCLE ( 'NONE', #1053, 2.250000000000001776 ) ;
#4522 = CIRCLE ( 'NONE', #7200, 1.100000000000003642 ) ;
#4523 = CARTESIAN_POINT ( 'NONE',  ( 31.69999999999999218, -15.00000000000000000, 2.000000000000001776 ) ) ;
#4524 = VERTEX_POINT ( 'NONE', #8472 ) ;
#4525 = VERTEX_POINT ( 'NONE', #1800 ) ;
#4526 = CARTESIAN_POINT ( 'NONE',  ( -57.99999999999999289, 9.549999999999984723, -3.111269837220808299 ) ) ;
#4527 = LINE ( 'NONE', #1766, #4065 ) ;
#4528 = VECTOR ( 'NONE', #8841, 1000.000000000000000 ) ;
#4529 = ORIENTED_EDGE ( 'NONE', *, *, #903, .F. ) ;
#4530 = CARTESIAN_POINT ( 'NONE',  ( -81.99999999999998579, -10.45000000000001528, 3.100000000000001865 ) ) ;
#4531 = VECTOR ( 'NONE', #8143, 1000.000000000000227 ) ;
#4532 = ADVANCED_FACE ( 'NONE', ( #3857 ), #3792, .F. ) ;
#4533 = EDGE_CURVE ( 'NONE', #8263, #7762, #11160, .T. ) ;
#4534 = ORIENTED_EDGE ( 'NONE', *, *, #6350, .F. ) ;
#4535 = CARTESIAN_POINT ( 'NONE',  ( 25.05175432837209470, -11.04390395025650662, 3.999999999999996447 ) ) ;
#4536 = CARTESIAN_POINT ( 'NONE',  ( 24.43812324451846152, -6.286834784711690993, 3.500000000000003109 ) ) ;
#4537 = SURFACE_SIDE_STYLE ('',( #8195 ) ) ;
#4538 = PRESENTATION_LAYER_ASSIGNMENT (  '', '', ( #4740 ) ) ;
#4539 = DIRECTION ( 'NONE',  ( 0.000000000000000000, -1.000000000000000000, 0.000000000000000000 ) ) ;
#4540 = EDGE_LOOP ( 'NONE', ( #2852, #9530, #9965, #10343 ) ) ;
#4541 = LINE ( 'NONE', #7227, #5245 ) ;
#4542 = CARTESIAN_POINT ( 'NONE',  ( -17.00000000000002132, 7.050000000000000711, 8.200000000000002842 ) ) ;
#4543 = CARTESIAN_POINT ( 'NONE',  ( 28.42327493983320963, -14.18634847103365360, 3.999999999999998224 ) ) ;
#4544 = AXIS2_PLACEMENT_3D ( 'NONE', #7588, #7766, #3202 ) ;
#4545 = EDGE_CURVE ( 'NONE', #9334, #11266, #920, .T. ) ;
#4546 = CARTESIAN_POINT ( 'NONE',  ( 27.25048333301749537, -14.02156898013575592, 4.000000000000007105 ) ) ;
#4547 = CARTESIAN_POINT ( 'NONE',  ( 28.99999999999998934, 7.050000000000004263, 0.000000000000000000 ) ) ;
#4548 = CYLINDRICAL_SURFACE ( 'NONE', #7772, 2.624999999999998668 ) ;
#4549 = DIRECTION ( 'NONE',  ( 0.000000000000000000, 0.000000000000000000, -1.000000000000000000 ) ) ;
#4550 = CARTESIAN_POINT ( 'NONE',  ( -41.96999999999999176, 7.049999999999989164, 1.000000000000013101 ) ) ;
#4551 = ADVANCED_FACE ( 'NONE', ( #11906 ), #7308, .F. ) ;
#4552 = ORIENTED_EDGE ( 'NONE', *, *, #11565, .T. ) ;
#4553 = CARTESIAN_POINT ( 'NONE',  ( 48.29999999999999005, -1.450000000000013722, -1.734723475976807094E-15 ) ) ;
#4554 = VECTOR ( 'NONE', #11701, 1000.000000000000000 ) ;
#4555 = CARTESIAN_POINT ( 'NONE',  ( 32.99999999999997158, 0.05000000000002571832, 4.000000000000000000 ) ) ;
#4556 = CIRCLE ( 'NONE', #8384, 2.624999999999998668 ) ;
#4557 = CARTESIAN_POINT ( 'NONE',  ( 24.72731782444544635, -14.00286373009813090, 3.499999999999999556 ) ) ;
#4558 = EDGE_LOOP ( 'NONE', ( #3788, #9817, #9657, #8645 ) ) ;
#4559 = VERTEX_POINT ( 'NONE', #956 ) ;
#4560 = CARTESIAN_POINT ( 'NONE',  ( 23.87293078165082250, -10.56064652804561455, 3.499999999999999556 ) ) ;
#4561 = CYLINDRICAL_SURFACE ( 'NONE', #3457, 0.9499999999999995115 ) ;
#4562 = ORIENTED_EDGE ( 'NONE', *, *, #4607, .T. ) ;
#4563 = VERTEX_POINT ( 'NONE', #3726 ) ;
#4564 = AXIS2_PLACEMENT_3D ( 'NONE', #1684, #660, #5409 ) ;
#4565 = CARTESIAN_POINT ( 'NONE',  ( 0.000000000000000000, 0.000000000000000000, 0.000000000000000000 ) ) ;
#4566 = LINE ( 'NONE', #3545, #8772 ) ;
#4567 = CARTESIAN_POINT ( 'NONE',  ( 9.199999999999995737, 18.00000000000000000, 10.09999999999999964 ) ) ;
#4568 = DIRECTION ( 'NONE',  ( 0.000000000000000000, 0.000000000000000000, 1.000000000000000000 ) ) ;
#4569 = VECTOR ( 'NONE', #8328, 1000.000000000000000 ) ;
#4570 = CARTESIAN_POINT ( 'NONE',  ( 24.73252986935683850, 8.909037242210992247, 3.599999999999999201 ) ) ;
#4571 = DIRECTION ( 'NONE',  ( -1.000000000000000000, 0.000000000000000000, 0.000000000000000000 ) ) ;
#4572 = ADVANCED_FACE ( 'NONE', ( #6475 ), #5030, .F. ) ;
#4573 = ORIENTED_EDGE ( 'NONE', *, *, #7884, .F. ) ;
#4574 = DIRECTION ( 'NONE',  ( 0.000000000000000000, 0.000000000000000000, 1.000000000000000000 ) ) ;
#4575 = ORIENTED_EDGE ( 'NONE', *, *, #841, .T. ) ;
#4576 = CARTESIAN_POINT ( 'NONE',  ( 24.35772095366894163, -13.06495465164432268, 3.500000000000006661 ) ) ;
#4577 = VECTOR ( 'NONE', #11074, 1000.000000000000000 ) ;
#4578 = AXIS2_PLACEMENT_3D ( 'NONE', #10923, #9349, #1016 ) ;
#4579 = EDGE_CURVE ( 'NONE', #6888, #8330, #161, .T. ) ;
#4580 = EDGE_CURVE ( 'NONE', #9644, #8639, #9929, .T. ) ;
#4581 = CARTESIAN_POINT ( 'NONE',  ( 11.99999999999999467, -12.00000000000000000, 4.999999999999999112 ) ) ;
#4582 = LINE ( 'NONE', #2038, #8012 ) ;
#4583 = ORIENTED_EDGE ( 'NONE', *, *, #10017, .T. ) ;
#4584 = VERTEX_POINT ( 'NONE', #4029 ) ;
#4585 = CIRCLE ( 'NONE', #1308, 1.100000000000000311 ) ;
#4586 = LINE ( 'NONE', #4650, #11813 ) ;
#4587 = EDGE_CURVE ( 'NONE', #3245, #9345, #8039, .T. ) ;
#4588 = ORIENTED_EDGE ( 'NONE', *, *, #4471, .F. ) ;
#4589 = ORIENTED_EDGE ( 'NONE', *, *, #8483, .T. ) ;
#4590 = CARTESIAN_POINT ( 'NONE',  ( 23.49559702850270781, -10.02005981133680024, 4.000000000000000000 ) ) ;
#4591 = AXIS2_PLACEMENT_3D ( 'NONE', #4965, #8623, #3155 ) ;
#4592 = CARTESIAN_POINT ( 'NONE',  ( -25.99999999999999289, -10.45000000000001172, 1.000000000000000888 ) ) ;
#4593 = VECTOR ( 'NONE', #6024, 1000.000000000000000 ) ;
#4594 = PLANE ( 'NONE',  #2597 ) ;
#4595 = DIRECTION ( 'NONE',  ( 0.000000000000000000, 0.000000000000000000, 1.000000000000000000 ) ) ;
#4596 = DIRECTION ( 'NONE',  ( 0.000000000000000000, 0.000000000000000000, 1.000000000000000000 ) ) ;
#4597 = ORIENTED_EDGE ( 'NONE', *, *, #11025, .T. ) ;
#4598 = DIRECTION ( 'NONE',  ( -0.000000000000000000, -0.000000000000000000, -1.000000000000000000 ) ) ;
#4599 = ADVANCED_FACE ( 'NONE', ( #8687 ), #466, .F. ) ;
#4600 = CIRCLE ( 'NONE', #5753, 2.250000000000001776 ) ;
#4601 = CARTESIAN_POINT ( 'NONE',  ( -18.99999999999999645, 37.54999999999998295, -5.363961030678932040 ) ) ;
#4602 = LINE ( 'NONE', #25, #8022 ) ;
#4603 = DIRECTION ( 'NONE',  ( 1.000000000000000000, 0.000000000000000000, -0.000000000000000000 ) ) ;
#4604 = ORIENTED_EDGE ( 'NONE', *, *, #2623, .T. ) ;
#4605 = CARTESIAN_POINT ( 'NONE',  ( 28.49999999999999289, -10.98148579224919175, 3.499999999999999556 ) ) ;
#4606 = VERTEX_POINT ( 'NONE', #4143 ) ;
#4607 = EDGE_CURVE ( 'NONE', #6590, #8725, #7787, .T. ) ;
#4608 = ORIENTED_EDGE ( 'NONE', *, *, #8295, .F. ) ;
#4609 = CARTESIAN_POINT ( 'NONE',  ( 41.20000000000000284, -18.00000000000000355, 5.999999999999998224 ) ) ;
#4610 = PLANE ( 'NONE',  #895 ) ;
#4611 = ORIENTED_EDGE ( 'NONE', *, *, #4306, .F. ) ;
#4612 = CIRCLE ( 'NONE', #2860, 1.100000000000000311 ) ;
#4613 = CARTESIAN_POINT ( 'NONE',  ( 28.19358780240910178, 6.549327898598319209, 5.999999999999998224 ) ) ;
#4614 = DIRECTION ( 'NONE',  ( 0.000000000000000000, 0.000000000000000000, 1.000000000000000000 ) ) ;
#4615 = CARTESIAN_POINT ( 'NONE',  ( 24.52564102564101844, -4.891742202505601433, 3.499999999999999556 ) ) ;
#4616 = CYLINDRICAL_SURFACE ( 'NONE', #6936, 2.624999999999998668 ) ;
#4617 = ADVANCED_FACE ( 'NONE', ( #10545 ), #2322, .F. ) ;
#4618 = DIRECTION ( 'NONE',  ( -0.000000000000000000, 0.000000000000000000, 1.000000000000000000 ) ) ;
#4619 = CARTESIAN_POINT ( 'NONE',  ( 25.76952148221931793, -14.18416132740932945, 3.500000000000003109 ) ) ;
#4620 = AXIS2_PLACEMENT_3D ( 'NONE', #8266, #10910, #11023 ) ;
#4621 = ORIENTED_EDGE ( 'NONE', *, *, #10241, .F. ) ;
#4622 = ORIENTED_EDGE ( 'NONE', *, *, #10576, .T. ) ;
#4623 = DIRECTION ( 'NONE',  ( -1.000000000000000000, 0.000000000000000000, 0.000000000000000000 ) ) ;
#4624 = CARTESIAN_POINT ( 'NONE',  ( 24.43503661274171890, -10.92580183226457891, 3.499999999999996003 ) ) ;
#4625 = ORIENTED_EDGE ( 'NONE', *, *, #11819, .F. ) ;
#4626 = DIRECTION ( 'NONE',  ( 0.000000000000000000, 0.000000000000000000, 1.000000000000000000 ) ) ;
#4627 = ORIENTED_EDGE ( 'NONE', *, *, #4421, .T. ) ;
#4628 = EDGE_LOOP ( 'NONE', ( #6464, #11086 ) ) ;
#4629 = VERTEX_POINT ( 'NONE', #8629 ) ;
#4630 = CARTESIAN_POINT ( 'NONE',  ( 23.37999655358635209, 6.888114420714384956, 3.599999999999999201 ) ) ;
#4631 = LINE ( 'NONE', #9235, #8782 ) ;
#4632 = CARTESIAN_POINT ( 'NONE',  ( 27.58581286394571563, -11.91310387638182178, 4.000000000000007105 ) ) ;
#4633 = VECTOR ( 'NONE', #9356, 1000.000000000000000 ) ;
#4634 = EDGE_CURVE ( 'NONE', #2947, #2725, #1421, .T. ) ;
#4635 = LINE ( 'NONE', #5533, #10439 ) ;
#4636 = CARTESIAN_POINT ( 'NONE',  ( 25.99799679487178850, -15.08404989481329572, 3.499999999999999556 ) ) ;
#4637 = ORIENTED_EDGE ( 'NONE', *, *, #7098, .T. ) ;
#4638 = CARTESIAN_POINT ( 'NONE',  ( 24.49055872867822714, -6.379845696135678423, 4.000000000000000000 ) ) ;
#4639 = FACE_OUTER_BOUND ( 'NONE', #5892, .T. ) ;
#4640 = ORIENTED_EDGE ( 'NONE', *, *, #3322, .T. ) ;
#4641 = CARTESIAN_POINT ( 'NONE',  ( 25.99799679487178850, -15.08404989481329572, 3.499999999999999556 ) ) ;
#4642 = AXIS2_PLACEMENT_3D ( 'NONE', #1682, #6174, #4268 ) ;
#4643 = FACE_OUTER_BOUND ( 'NONE', #2368, .T. ) ;
#4644 = CARTESIAN_POINT ( 'NONE',  ( 27.75912083555304122, 8.452852054182177000, 3.599999999999999201 ) ) ;
#4645 = DIRECTION ( 'NONE',  ( -0.7071067811865441310, -0.000000000000000000, 0.7071067811865507924 ) ) ;
#4646 = ORIENTED_EDGE ( 'NONE', *, *, #2594, .T. ) ;
#4647 = CARTESIAN_POINT ( 'NONE',  ( 25.46565421956981723, -10.07158512013724305, 3.499999999999999556 ) ) ;
#4648 = ORIENTED_EDGE ( 'NONE', *, *, #11748, .T. ) ;
#4649 = AXIS2_PLACEMENT_3D ( 'NONE', #8412, #10189, #2027 ) ;
#4650 = CARTESIAN_POINT ( 'NONE',  ( 25.64277398288026433, 9.650579660901161816, 5.999999999999998224 ) ) ;
#4651 = LINE ( 'NONE', #8491, #209 ) ;
#4652 = ORIENTED_EDGE ( 'NONE', *, *, #11639, .T. ) ;
#4653 = VERTEX_POINT ( 'NONE', #8742 ) ;
#4654 = ORIENTED_EDGE ( 'NONE', *, *, #2001, .F. ) ;
#4655 = CARTESIAN_POINT ( 'NONE',  ( 23.37256980022482722, -13.35159052852276318, 3.499999999999996003 ) ) ;
#4656 = AXIS2_PLACEMENT_3D ( 'NONE', #10323, #1324, #11172 ) ;
#4657 = DIRECTION ( 'NONE',  ( 0.000000000000000000, 0.000000000000000000, 1.000000000000000000 ) ) ;
#4658 = EDGE_CURVE ( 'NONE', #6382, #7865, #10710, .T. ) ;
#4659 = DIRECTION ( 'NONE',  ( -1.000000000000000000, 0.000000000000000000, 0.000000000000000000 ) ) ;
#4660 = CARTESIAN_POINT ( 'NONE',  ( -56.89999999999999147, -10.45000000000001528, -3.111269837220808299 ) ) ;
#4661 = CIRCLE ( 'NONE', #9606, 2.250000000000001776 ) ;
#4662 = DIRECTION ( 'NONE',  ( 1.000000000000000000, 0.000000000000000000, 0.000000000000000000 ) ) ;
#4663 = DIRECTION ( 'NONE',  ( -1.000000000000000000, 0.000000000000000000, 0.000000000000000000 ) ) ;
#4664 = CARTESIAN_POINT ( 'NONE',  ( 28.52462593800348500, -13.97524118871898757, 3.999999999999991562 ) ) ;
#4665 = VERTEX_POINT ( 'NONE', #6707 ) ;
#4666 = CARTESIAN_POINT ( 'NONE',  ( 23.43589743589742724, -6.590460151223551222, 3.499999999999996003 ) ) ;
#4667 = ADVANCED_FACE ( 'NONE', ( #351 ), #7671, .F. ) ;
#4668 = EDGE_CURVE ( 'NONE', #9537, #11006, #6761, .T. ) ;
#4669 = ADVANCED_FACE ( 'NONE', ( #5872 ), #9509, .F. ) ;
#4670 = CARTESIAN_POINT ( 'NONE',  ( 25.53166808351593176, -15.07264796721447020, 4.000000000000003553 ) ) ;
#4671 = CARTESIAN_POINT ( 'NONE',  ( 25.05145349838745972, -10.14766956233391504, 4.000000000000003553 ) ) ;
#4672 = ORIENTED_EDGE ( 'NONE', *, *, #9109, .T. ) ;
#4673 = AXIS2_PLACEMENT_3D ( 'NONE', #8201, #1882, #8145 ) ;
#4674 = CARTESIAN_POINT ( 'NONE',  ( 18.99999999999999645, 44.00000000000000000, 8.000000000000000000 ) ) ;
#4675 = LINE ( 'NONE', #939, #9778 ) ;
#4676 = CARTESIAN_POINT ( 'NONE',  ( 26.30474477849694637, -10.61588740189183788, 3.999999999999996447 ) ) ;
#4677 = CARTESIAN_POINT ( 'NONE',  ( -57.99999999999999289, 9.549999999999984723, 3.100000000000001865 ) ) ;
#4678 = DIRECTION ( 'NONE',  ( 0.000000000000000000, 0.000000000000000000, -1.000000000000000000 ) ) ;
#4679 = CARTESIAN_POINT ( 'NONE',  ( 25.99799679487178850, -14.18661399737739615, 3.499999999999999556 ) ) ;
#4680 = EDGE_LOOP ( 'NONE', ( #4075, #1504, #11430, #1366 ) ) ;
#4681 = VERTEX_POINT ( 'NONE', #5342 ) ;
#4682 = FACE_OUTER_BOUND ( 'NONE', #7143, .T. ) ;
#4683 = CARTESIAN_POINT ( 'NONE',  ( 23.44009993635634004, -9.867780186532751685, 3.499999999999996003 ) ) ;
#4684 = ORIENTED_EDGE ( 'NONE', *, *, #9884, .F. ) ;
#4685 = DIRECTION ( 'NONE',  ( 0.000000000000000000, -1.000000000000000000, 0.000000000000000000 ) ) ;
#4686 = ADVANCED_FACE ( 'NONE', ( #11583 ), #7908, .F. ) ;
#4687 = VERTEX_POINT ( 'NONE', #2506 ) ;
#4688 = ADVANCED_FACE ( 'NONE', ( #1734 ), #10671, .F. ) ;
#4689 = B_SPLINE_SURFACE_WITH_KNOTS ( 'NONE', 3, 1, ( 
 ( #9605, #1404 ),
 ( #504, #4183 ),
 ( #5502, #8377 ),
 ( #2060, #9142 ),
 ( #6685, #9607 ),
 ( #11255, #10404 ),
 ( #2183, #3500 ),
 ( #5874, #2259 ),
 ( #4144, #291 ),
 ( #4973, #3162 ),
 ( #1424, #7853 ),
 ( #9450, #10370 ),
 ( #8630, #10422 ),
 ( #10607, #3047 ),
 ( #3294, #1248 ),
 ( #5093, #6941 ),
 ( #5932, #2325 ),
 ( #2387, #4031 ),
 ( #7610, #11285 ),
 ( #410, #7672 ),
 ( #2151, #5994 ),
 ( #7789, #4913 ),
 ( #6817, #9573 ) ),
 .UNSPECIFIED., .F., .F., .F.,
 ( 4, 1, 1, 1, 1, 1, 1, 1, 1, 1, 1, 1, 1, 1, 1, 1, 1, 1, 1, 1, 4 ),
 ( 2, 2 ),
 ( 0.000000000000000000, 0.05384107006395724010, 0.1055570778902907986, 0.1576598550386147102, 0.2116004015064496535, 0.2398238189631961559, 0.2697149096324072959, 0.3010045387829044516, 0.3345039043075250240, 0.3701851682565436286, 0.4079947395610690752, 0.4485928039685276869, 0.4919866939927480254, 0.5385879323590512247, 0.5903019076030816548, 0.6463263058801917982, 0.7071888705370238393, 0.7729156939026262663, 0.8436211978520828936, 0.9192973113689119069, 1.000000000000000000 ),
 ( 0.000000000000000000, 1.000000000000000000 ),
 .UNSPECIFIED. ) ;
#4690 = VERTEX_POINT ( 'NONE', #5398 ) ;
#4691 = CARTESIAN_POINT ( 'NONE',  ( 12.97499999999999964, 9.549999999999998934, 0.000000000000000000 ) ) ;
#4692 = DIRECTION ( 'NONE',  ( -9.637352644315597708E-17, 1.000000000000000000, 0.000000000000000000 ) ) ;
#4693 = CARTESIAN_POINT ( 'NONE',  ( 27.94811698717947834, -12.09727104865944725, 4.000000000000003553 ) ) ;
#4694 = CYLINDRICAL_SURFACE ( 'NONE', #5020, 0.9499999999999998446 ) ;
#4695 = ORIENTED_EDGE ( 'NONE', *, *, #4319, .T. ) ;
#4696 = CARTESIAN_POINT ( 'NONE',  ( 26.45958786628197146, -15.07217670077143978, 4.000000000000001776 ) ) ;
#4697 = LINE ( 'NONE', #8349, #10763 ) ;
#4698 = ORIENTED_EDGE ( 'NONE', *, *, #9059, .F. ) ;
#4699 = CARTESIAN_POINT ( 'NONE',  ( 24.73301960828650792, -12.75169636295711229, 3.500000000000010214 ) ) ;
#4700 = B_SPLINE_CURVE_WITH_KNOTS ( 'NONE', 3,
 ( #2531, #1582, #5241, #677, #4348, #7155, #8001, #11681, #9961, #3506, #10820, #6197, #1699, #802, #9846, #9017, #4465, #8126, #11796, #3555, #7206, #10873, #2642, #6421, #10074, #5600, #4641 ),
 .UNSPECIFIED., .F., .F.,
 ( 4, 1, 1, 1, 1, 1, 1, 1, 1, 1, 1, 1, 1, 1, 1, 1, 1, 1, 1, 1, 1, 1, 1, 1, 4 ),
 ( 0.000000000000000000, 0.03662864639230616060, 0.07202170524524843798, 0.1066077978238736540, 0.1402817809553495720, 0.1735898796805009914, 0.2063904904366576643, 0.2392744174985869110, 0.2720846989590902099, 0.3050360901861425278, 0.3385128265642535772, 0.3725941710793056472, 0.4076935718855413948, 0.4438580630750675327, 0.4814442591193112131, 0.5202391350467975295, 0.5610320860075223015, 0.6041364360509975384, 0.6501785507834917377, 0.6996677785668725669, 0.7524047451481803428, 0.8088213064168180422, 0.8689765472924569911, 0.9326861945134100607, 1.000000000000000000 ),
 .UNSPECIFIED. ) ;
#4701 = ADVANCED_FACE ( 'NONE', ( #3290 ), #776, .F. ) ;
#4702 = ADVANCED_FACE ( 'NONE', ( #4442 ), #2448, .T. ) ;
#4703 = FACE_OUTER_BOUND ( 'NONE', #1062, .T. ) ;
#4704 = CARTESIAN_POINT ( 'NONE',  ( 25.91986255373332071, -14.18577523057806999, 3.499999999999999556 ) ) ;
#4705 = AXIS2_PLACEMENT_3D ( 'NONE', #10785, #8027, #1542 ) ;
#4706 = CARTESIAN_POINT ( 'NONE',  ( 25.32256490027684492, -10.12179984433066160, 4.000000000000000000 ) ) ;
#4707 = ORIENTED_EDGE ( 'NONE', *, *, #11306, .T. ) ;
#4708 = CARTESIAN_POINT ( 'NONE',  ( 24.31557175256079972, -13.63178720494136265, 3.499999999999999556 ) ) ;
#4709 = CARTESIAN_POINT ( 'NONE',  ( 23.56921894053460775, 6.059076975267835508, 3.599999999999999201 ) ) ;
#4710 = EDGE_LOOP ( 'NONE', ( #9708, #10642, #11335, #5128 ) ) ;
#4711 = AXIS2_PLACEMENT_3D ( 'NONE', #3840, #7817, #2417 ) ;
#4712 = ORIENTED_EDGE ( 'NONE', *, *, #11403, .T. ) ;
#4713 = VECTOR ( 'NONE', #8357, 1000.000000000000000 ) ;
#4714 = EDGE_LOOP ( 'NONE', ( #610, #6142, #414, #5544 ) ) ;
#4715 = CARTESIAN_POINT ( 'NONE',  ( 25.11157852564101844, -11.04558835635175740, 3.999999999999996447 ) ) ;
#4716 = EDGE_CURVE ( 'NONE', #11712, #3878, #7056, .T. ) ;
#4717 = DIRECTION ( 'NONE',  ( 0.8884639174103151626, -0.4589464755937414653, 0.000000000000000000 ) ) ;
#4718 = DIRECTION ( 'NONE',  ( 0.000000000000000000, -0.000000000000000000, -1.000000000000000000 ) ) ;
#4719 = CARTESIAN_POINT ( 'NONE',  ( 24.24087916444691970, 8.452852054182152131, 5.999999999999998224 ) ) ;
#4720 = VECTOR ( 'NONE', #6311, 1000.000000000000114 ) ;
#4721 = DIRECTION ( 'NONE',  ( -0.9782753810969014863, 0.2073096204707156331, 0.000000000000000000 ) ) ;
#4722 = AXIS2_PLACEMENT_3D ( 'NONE', #757, #7171, #5493 ) ;
#4723 = DIRECTION ( 'NONE',  ( 0.000000000000000000, -1.000000000000000000, 0.000000000000000000 ) ) ;
#4724 = EDGE_CURVE ( 'NONE', #10281, #9455, #4585, .T. ) ;
#4725 = DIRECTION ( 'NONE',  ( 1.000000000000000000, 0.000000000000000000, 0.000000000000000000 ) ) ;
#4726 = CARTESIAN_POINT ( 'NONE',  ( 25.99999999999999289, 7.050000000000004263, 3.599999999999999201 ) ) ;
#4727 = ADVANCED_FACE ( 'NONE', ( #4492 ), #2382, .F. ) ;
#4728 = CARTESIAN_POINT ( 'NONE',  ( 28.62756033717593596, -13.41374757457803391, 4.000000000000000000 ) ) ;
#4729 = ORIENTED_EDGE ( 'NONE', *, *, #4995, .T. ) ;
#4730 = VECTOR ( 'NONE', #11558, 1000.000000000000000 ) ;
#4731 = ORIENTED_EDGE ( 'NONE', *, *, #6699, .T. ) ;
#4732 = CARTESIAN_POINT ( 'NONE',  ( -49.99999999999998579, -10.45000000000001172, 2.000000000000000000 ) ) ;
#4733 = B_SPLINE_CURVE_WITH_KNOTS ( 'NONE', 3,
 ( #7136, #6115, #783, #3353, #3421, #4448, #10857, #9945, #9764, #7005, #4388 ),
 .UNSPECIFIED., .F., .F.,
 ( 4, 1, 1, 1, 1, 1, 1, 1, 4 ),
 ( 0.000000000000000000, 0.1270595051330062064, 0.2501582211420712576, 0.3728213857810748211, 0.5001667879735030020, 0.6273612302796138795, 0.7494693424423126693, 0.8717739731331578534, 1.000000000000000000 ),
 .UNSPECIFIED. ) ;
#4734 = LINE ( 'NONE', #11021, #5897 ) ;
#4735 = CARTESIAN_POINT ( 'NONE',  ( 39.19999999999998863, 25.55000000000001492, 2.000000000000001776 ) ) ;
#4736 = CARTESIAN_POINT ( 'NONE',  ( 31.69999999999999218, -15.00000000000000000, 2.000000000000001776 ) ) ;
#4737 = DIRECTION ( 'NONE',  ( 0.000000000000000000, 0.000000000000000000, -1.000000000000000000 ) ) ;
#4738 = EDGE_CURVE ( 'NONE', #9628, #7083, #11522, .T. ) ;
#4739 = EDGE_CURVE ( 'NONE', #5100, #213, #6939, .T. ) ;
#4740 = STYLED_ITEM ( 'NONE', ( #7384 ), #2059 ) ;
#4741 = DIRECTION ( 'NONE',  ( -0.000000000000000000, -0.000000000000000000, 1.000000000000000000 ) ) ;
#4742 = ORIENTED_EDGE ( 'NONE', *, *, #6028, .T. ) ;
#4743 = ORIENTED_EDGE ( 'NONE', *, *, #11472, .T. ) ;
#4744 = CARTESIAN_POINT ( 'NONE',  ( 11.99999999999999467, -9.000000000000001776, -5.045565981523414401 ) ) ;
#4745 = EDGE_LOOP ( 'NONE', ( #5585, #4621, #7222, #542, #3267, #656, #2683, #8219, #11745, #9432, #11851, #3, #9383, #10298, #9050, #9195, #900, #8051, #2199, #11468 ) ) ;
#4746 = CARTESIAN_POINT ( 'NONE',  ( 11.99999999999999467, -9.000000000000001776, 4.999999999999999112 ) ) ;
#4747 = ORIENTED_EDGE ( 'NONE', *, *, #8484, .F. ) ;
#4748 = EDGE_LOOP ( 'NONE', ( #7589, #552 ) ) ;
#4749 = CARTESIAN_POINT ( 'NONE',  ( 26.74333871179953448, -9.300075919464482865, 3.499999999999996003 ) ) ;
#4750 = CARTESIAN_POINT ( 'NONE',  ( 23.77172014496622410, -6.082741269083426161, 3.999999999999989786 ) ) ;
#4751 = AXIS2_PLACEMENT_3D ( 'NONE', #11852, #5366, #3612 ) ;
#4752 = CARTESIAN_POINT ( 'NONE',  ( -16.68835039902376849, 4.325651688633481484, 10.09999999999999964 ) ) ;
#4753 = CIRCLE ( 'NONE', #3011, 2.624999999999998668 ) ;
#4754 = DIRECTION ( 'NONE',  ( -1.000000000000000000, 0.000000000000000000, 0.000000000000000000 ) ) ;
#4755 = EDGE_CURVE ( 'NONE', #7083, #10166, #6110, .T. ) ;
#4756 = ORIENTED_EDGE ( 'NONE', *, *, #9728, .F. ) ;
#4757 = DIRECTION ( 'NONE',  ( 0.000000000000000000, -0.000000000000000000, -1.000000000000000000 ) ) ;
#4758 = DIRECTION ( 'NONE',  ( 0.000000000000000000, -0.000000000000000000, -1.000000000000000000 ) ) ;
#4759 = ORIENTED_EDGE ( 'NONE', *, *, #11342, .T. ) ;
#4760 = ORIENTED_EDGE ( 'NONE', *, *, #6327, .T. ) ;
#4761 = CARTESIAN_POINT ( 'NONE',  ( 26.74333871179953448, -9.300075919464482865, 3.499999999999996003 ) ) ;
#4762 = AXIS2_PLACEMENT_3D ( 'NONE', #9049, #5518, #3782 ) ;
#4763 = PLANE ( 'NONE',  #1331 ) ;
#4764 = AXIS2_PLACEMENT_3D ( 'NONE', #2182, #11370, #4064 ) ;
#4765 = ADVANCED_FACE ( 'NONE', ( #9693 ), #2564, .F. ) ;
#4766 = CARTESIAN_POINT ( 'NONE',  ( -6.000000000000000000, -10.59999999999999787, 0.000000000000000000 ) ) ;
#4767 = CARTESIAN_POINT ( 'NONE',  ( 24.52564102564101844, -5.340460151223551222, 3.499999999999999556 ) ) ;
#4768 = CARTESIAN_POINT ( 'NONE',  ( 25.10895096909832702, -10.14774723103677445, 4.000000000000003553 ) ) ;
#4769 = VERTEX_POINT ( 'NONE', #1676 ) ;
#4770 = DIRECTION ( 'NONE',  ( -0.000000000000000000, 0.000000000000000000, -1.000000000000000000 ) ) ;
#4771 = CARTESIAN_POINT ( 'NONE',  ( 23.90553406555052973, 7.872017304824388439, 6.806862576270114928 ) ) ;
#4772 = AXIS2_PLACEMENT_3D ( 'NONE', #3862, #4863, #11164 ) ;
#4773 = EDGE_CURVE ( 'NONE', #5794, #1131, #9938, .T. ) ;
#4774 = VERTEX_POINT ( 'NONE', #1555 ) ;
#4775 = ORIENTED_EDGE ( 'NONE', *, *, #1141, .F. ) ;
#4776 = ORIENTED_EDGE ( 'NONE', *, *, #8427, .T. ) ;
#4777 = ORIENTED_EDGE ( 'NONE', *, *, #10147, .F. ) ;
#4778 = FACE_OUTER_BOUND ( 'NONE', #11215, .T. ) ;
#4779 = DIRECTION ( 'NONE',  ( 1.000000000000000000, 0.000000000000000000, 0.000000000000000000 ) ) ;
#4780 = ORIENTED_EDGE ( 'NONE', *, *, #5406, .F. ) ;
#4781 = CARTESIAN_POINT ( 'NONE',  ( 23.40776217180951235, -13.01238380090809699, 3.999999999999993339 ) ) ;
#4782 = LINE ( 'NONE', #1222, #11368 ) ;
#4783 = DIRECTION ( 'NONE',  ( 0.7071067811865509034, 0.000000000000000000, -0.7071067811865442421 ) ) ;
#4784 = CARTESIAN_POINT ( 'NONE',  ( 28.42327493983320963, -14.18634847103365360, 3.499999999999996003 ) ) ;
#4785 = VECTOR ( 'NONE', #7708, 1000.000000000000000 ) ;
#4786 = AXIS2_PLACEMENT_3D ( 'NONE', #6793, #10460, #2237 ) ;
#4787 = CARTESIAN_POINT ( 'NONE',  ( 23.94614501817149232, -6.047365088695912050, 3.499999999999999556 ) ) ;
#4788 = CARTESIAN_POINT ( 'NONE',  ( 28.42327493983320963, -14.18634847103365360, 3.999999999999996447 ) ) ;
#4789 = ORIENTED_EDGE ( 'NONE', *, *, #4932, .F. ) ;
#4790 = CARTESIAN_POINT ( 'NONE',  ( 24.91095812013233157, -10.13651612217020670, 4.000000000000000000 ) ) ;
#4791 = ORIENTED_EDGE ( 'NONE', *, *, #11180, .F. ) ;
#4792 = FACE_OUTER_BOUND ( 'NONE', #11740, .T. ) ;
#4793 = DIRECTION ( 'NONE',  ( 0.000000000000000000, 0.000000000000000000, 1.000000000000000000 ) ) ;
#4794 = ADVANCED_FACE ( 'NONE', ( #10851 ), #8813, .F. ) ;
#4795 = ORIENTED_EDGE ( 'NONE', *, *, #11251, .F. ) ;
#4796 = CARTESIAN_POINT ( 'NONE',  ( 25.87179487179486159, -9.462054702505605874, 3.500000000000003109 ) ) ;
#4797 = CARTESIAN_POINT ( 'NONE',  ( 25.24516557956310692, -10.13579181213675362, 3.499999999999999556 ) ) ;
#4798 = FACE_OUTER_BOUND ( 'NONE', #5244, .T. ) ;
#4799 = B_SPLINE_CURVE_WITH_KNOTS ( 'NONE', 3,
 ( #5714, #237, #9239, #3730, #3800, #3972, #2097, #4638, #5826, #7368, #1021 ),
 .UNSPECIFIED., .F., .F.,
 ( 4, 1, 1, 1, 1, 1, 1, 1, 4 ),
 ( 0.000000000000000000, 0.1282866987618476728, 0.2506491995582659227, 0.3733704039480731929, 0.5006250300408726650, 0.6280306874487204816, 0.7497234130807255426, 0.8728803749276717872, 1.000000000000000000 ),
 .UNSPECIFIED. ) ;
#4800 = LINE ( 'NONE', #5455, #3282 ) ;
#4801 = VERTEX_POINT ( 'NONE', #7974 ) ;
#4802 = ORIENTED_EDGE ( 'NONE', *, *, #7516, .F. ) ;
#4803 = CARTESIAN_POINT ( 'NONE',  ( 24.00119207101465690, -10.67457535363989329, 3.499999999999992895 ) ) ;
#4804 = CARTESIAN_POINT ( 'NONE',  ( 20.99999999999998934, 1.550000000000006484, 1.025000000000002354 ) ) ;
#4805 = AXIS2_PLACEMENT_3D ( 'NONE', #3208, #5017, #1411 ) ;
#4806 = ORIENTED_EDGE ( 'NONE', *, *, #1725, .T. ) ;
#4807 = CARTESIAN_POINT ( 'NONE',  ( 23.57051582665266665, -12.57355281748769116, 3.499999999999989342 ) ) ;
#4808 = LINE ( 'NONE', #4859, #3405 ) ;
#4809 = EDGE_CURVE ( 'NONE', #3932, #910, #11651, .T. ) ;
#4810 = DIRECTION ( 'NONE',  ( -1.000000000000000000, 0.000000000000000000, 0.000000000000000000 ) ) ;
#4811 = VECTOR ( 'NONE', #3639, 1000.000000000000000 ) ;
#4812 = DIRECTION ( 'NONE',  ( 0.000000000000000000, 0.000000000000000000, -1.000000000000000000 ) ) ;
#4813 = ORIENTED_EDGE ( 'NONE', *, *, #9182, .T. ) ;
#4814 = PLANE ( 'NONE',  #8780 ) ;
#4815 = DIRECTION ( 'NONE',  ( -0.000000000000000000, -0.000000000000000000, -1.000000000000000000 ) ) ;
#4816 = ORIENTED_EDGE ( 'NONE', *, *, #3322, .F. ) ;
#4817 = EDGE_LOOP ( 'NONE', ( #5959, #9495, #2225, #3315 ) ) ;
#4818 = CARTESIAN_POINT ( 'NONE',  ( 25.71879434155228239, -12.58671603821862561, 3.500000000000006661 ) ) ;
#4819 = DIRECTION ( 'NONE',  ( 0.5240581598612300551, 0.8516824790277545132, 0.000000000000000000 ) ) ;
#4820 = VECTOR ( 'NONE', #11317, 1000.000000000000000 ) ;
#4821 = ADVANCED_FACE ( 'NONE', ( #2118 ), #745, .T. ) ;
#4822 = ADVANCED_FACE ( 'NONE', ( #11881 ), #5273, .F. ) ;
#4823 = CARTESIAN_POINT ( 'NONE',  ( 25.94090544871794179, -12.58404989481329395, 3.500000000000003109 ) ) ;
#4824 = DIRECTION ( 'NONE',  ( 0.000000000000000000, -8.673617379884035472E-16, 1.000000000000000000 ) ) ;
#4825 = VERTEX_POINT ( 'NONE', #4312 ) ;
#4826 = LINE ( 'NONE', #1980, #10247 ) ;
#4827 = CARTESIAN_POINT ( 'NONE',  ( 26.74083238369000171, 4.531708440375467717, 6.811805131996955254 ) ) ;
#4828 = AXIS2_PLACEMENT_3D ( 'NONE', #4827, #2822, #5668 ) ;
#4829 = EDGE_CURVE ( 'NONE', #1624, #5108, #11643, .T. ) ;
#4830 = CARTESIAN_POINT ( 'NONE',  ( 27.72521652343418097, -13.27610519395903310, 4.000000000000007105 ) ) ;
#4831 = EDGE_CURVE ( 'NONE', #9700, #10427, #9751, .T. ) ;
#4832 = FACE_BOUND ( 'NONE', #5158, .T. ) ;
#4833 = VECTOR ( 'NONE', #470, 1000.000000000000000 ) ;
#4834 = CARTESIAN_POINT ( 'NONE',  ( 47.19999999999998863, 22.54999999999998650, -1.734723475976807094E-15 ) ) ;
#4835 = ORIENTED_EDGE ( 'NONE', *, *, #1862, .F. ) ;
#4836 = CARTESIAN_POINT ( 'NONE',  ( 23.57051582665266665, -12.57355281748769116, 3.999999999999989786 ) ) ;
#4837 = DIRECTION ( 'NONE',  ( -1.445602896647339410E-16, 1.000000000000000000, -0.000000000000000000 ) ) ;
#4838 = CARTESIAN_POINT ( 'NONE',  ( 26.42517884403941864, 9.640337420217937492, 5.999999999999998224 ) ) ;
#4839 = CARTESIAN_POINT ( 'NONE',  ( 27.21755899971341819, -12.73423229731014317, 3.500000000000003109 ) ) ;
#4840 = CIRCLE ( 'NONE', #6180, 2.624999999999998668 ) ;
#4841 = ORIENTED_EDGE ( 'NONE', *, *, #768, .T. ) ;
#4842 = DIRECTION ( 'NONE',  ( -0.000000000000000000, -0.000000000000000000, 1.000000000000000000 ) ) ;
#4843 = DIRECTION ( 'NONE',  ( 0.000000000000000000, -0.000000000000000000, -1.000000000000000000 ) ) ;
#4844 = VERTEX_POINT ( 'NONE', #8987 ) ;
#4845 = CARTESIAN_POINT ( 'NONE',  ( 24.39675515056038435, -9.827836895062562306, 4.000000000000007105 ) ) ;
#4846 = ORIENTED_EDGE ( 'NONE', *, *, #10620, .F. ) ;
#4847 = LINE ( 'NONE', #4231, #6993 ) ;
#4848 = DIRECTION ( 'NONE',  ( 0.000000000000000000, 0.000000000000000000, 1.000000000000000000 ) ) ;
#4849 = CARTESIAN_POINT ( 'NONE',  ( 24.33174418035721942, -9.119167585266350073, 3.500000000000010214 ) ) ;
#4850 = VECTOR ( 'NONE', #6394, 1000.000000000000000 ) ;
#4851 = DIRECTION ( 'NONE',  ( 0.000000000000000000, -1.000000000000000000, 0.000000000000000000 ) ) ;
#4852 = CARTESIAN_POINT ( 'NONE',  ( -52.99999999999999289, 11.99999999999998934, 2.000000000000000000 ) ) ;
#4853 = ORIENTED_EDGE ( 'NONE', *, *, #9847, .F. ) ;
#4854 = ORIENTED_EDGE ( 'NONE', *, *, #2001, .T. ) ;
#4855 = VERTEX_POINT ( 'NONE', #5208 ) ;
#4856 = DIRECTION ( 'NONE',  ( -0.000000000000000000, -0.000000000000000000, 1.000000000000000000 ) ) ;
#4857 = ADVANCED_FACE ( 'NONE', ( #7288 ), #2612, .F. ) ;
#4858 = CARTESIAN_POINT ( 'NONE',  ( 10.19999999999999751, 18.00000000000000000, 10.09999999999999964 ) ) ;
#4859 = CARTESIAN_POINT ( 'NONE',  ( -17.89999999999999503, -10.45000000000001172, -20.20000000000000284 ) ) ;
#4860 = DIRECTION ( 'NONE',  ( 0.000000000000000000, 0.000000000000000000, -1.000000000000000000 ) ) ;
#4861 = CARTESIAN_POINT ( 'NONE',  ( -54.99999999999999289, -18.00000000000000711, 3.100000000000001865 ) ) ;
#4862 = EDGE_LOOP ( 'NONE', ( #285, #2472 ) ) ;
#4863 = DIRECTION ( 'NONE',  ( -0.000000000000000000, -0.000000000000000000, 1.000000000000000000 ) ) ;
#4864 = DIRECTION ( 'NONE',  ( 0.000000000000000000, 0.000000000000000000, 1.000000000000000000 ) ) ;
#4865 = ORIENTED_EDGE ( 'NONE', *, *, #9933, .F. ) ;
#4866 = EDGE_CURVE ( 'NONE', #7743, #5484, #5734, .T. ) ;
#4867 = CARTESIAN_POINT ( 'NONE',  ( 24.01940732935630507, -7.133567941398835544, 4.000000000000003553 ) ) ;
#4868 = LINE ( 'NONE', #5883, #6493 ) ;
#4869 = DIRECTION ( 'NONE',  ( 0.2678773621119644455, -0.9634530185057990082, 0.000000000000000000 ) ) ;
#4870 = DIRECTION ( 'NONE',  ( 1.227398685832646557E-16, -1.000000000000000000, 0.000000000000000000 ) ) ;
#4871 = ORIENTED_EDGE ( 'NONE', *, *, #2289, .F. ) ;
#4872 = LINE ( 'NONE', #8490, #6610 ) ;
#4873 = CLOSED_SHELL ( 'NONE', ( #2720, #6073, #842, #11359, #2185, #10959, #4494, #10176, #11877, #4409, #10878, #8786, #3161, #10698, #9622, #4857, #11189, #5956, #2357, #9811, #4765, #5249, #6254, #9571, #8102, #3470, #7943, #9212, #3056, #1350, #7799, #3992, #7824, #400, #3794, #118, #915, #5901, #11260, #7167, #9338, #1601, #4360, #10765, #6411, #9118, #7347, #9982, #5270, #2082, #4551, #8666, #156, #4491, #6698, #2263 ) ) ;
#4874 = VERTEX_POINT ( 'NONE', #10845 ) ;
#4875 = EDGE_CURVE ( 'NONE', #8830, #8725, #1877, .T. ) ;
#4876 = EDGE_CURVE ( 'NONE', #3049, #10945, #3580, .T. ) ;
#4877 = EDGE_CURVE ( 'NONE', #4198, #9417, #5153, .T. ) ;
#4878 = LINE ( 'NONE', #9259, #2994 ) ;
#4879 = AXIS2_PLACEMENT_3D ( 'NONE', #10514, #11489, #625 ) ;
#4880 = EDGE_CURVE ( 'NONE', #3286, #11037, #11880, .T. ) ;
#4881 = LINE ( 'NONE', #3938, #5 ) ;
#4882 = ORIENTED_EDGE ( 'NONE', *, *, #5023, .F. ) ;
#4883 = LINE ( 'NONE', #3884, #1995 ) ;
#4884 = CARTESIAN_POINT ( 'NONE',  ( 25.99999999999999289, 7.050000000000004263, 3.599999999999999201 ) ) ;
#4885 = PLANE ( 'NONE',  #10295 ) ;
#4886 = VECTOR ( 'NONE', #1950, 1000.000000000000000 ) ;
#4887 = LINE ( 'NONE', #1994, #9025 ) ;
#4888 = EDGE_CURVE ( 'NONE', #4262, #5643, #11293, .T. ) ;
#4889 = CARTESIAN_POINT ( 'NONE',  ( 27.64609113099423965, -13.05988780808885963, 3.500000000000003109 ) ) ;
#4890 = VECTOR ( 'NONE', #3512, 1000.000000000000000 ) ;
#4891 = EDGE_LOOP ( 'NONE', ( #254, #5686, #3445, #3837 ) ) ;
#4892 = CARTESIAN_POINT ( 'NONE',  ( 0.000000000000000000, 0.000000000000000000, 2.000000000000000000 ) ) ;
#4893 = CARTESIAN_POINT ( 'NONE',  ( 26.97623841301451364, 5.022820047219567208, 6.797529781440644570 ) ) ;
#4894 = ORIENTED_EDGE ( 'NONE', *, *, #4997, .T. ) ;
#4895 = DIRECTION ( 'NONE',  ( 0.000000000000000000, 0.000000000000000000, 1.000000000000000000 ) ) ;
#4896 = ORIENTED_EDGE ( 'NONE', *, *, #10692, .F. ) ;
#4897 = CARTESIAN_POINT ( 'NONE',  ( -25.99999999999999289, -10.45000000000001172, 0.000000000000000000 ) ) ;
#4898 = AXIS2_PLACEMENT_3D ( 'NONE', #3571, #6326, #9923 ) ;
#4899 = CARTESIAN_POINT ( 'NONE',  ( 24.27327842353486886, -9.319252380826087645, 4.000000000000010658 ) ) ;
#4900 = ORIENTED_EDGE ( 'NONE', *, *, #6842, .F. ) ;
#4901 = CARTESIAN_POINT ( 'NONE',  ( 25.86889413691137563, -9.385607812835473851, 3.499999999999999556 ) ) ;
#4902 = CARTESIAN_POINT ( 'NONE',  ( -47.19999999999998863, -8.673617379884035472E-15, 1.999999999999998224 ) ) ;
#4903 = EDGE_CURVE ( 'NONE', #10775, #7703, #4950, .T. ) ;
#4904 = VECTOR ( 'NONE', #1937, 1000.000000000000000 ) ;
#4905 = DIRECTION ( 'NONE',  ( -0.000000000000000000, -0.000000000000000000, 1.000000000000000000 ) ) ;
#4906 = VERTEX_POINT ( 'NONE', #1889 ) ;
#4907 = CARTESIAN_POINT ( 'NONE',  ( 25.99999999999999289, 7.050000000000004263, 3.599999999999999201 ) ) ;
#4908 = CARTESIAN_POINT ( 'NONE',  ( 24.24087916444691970, 8.452852054182152131, 3.599999999999999201 ) ) ;
#4909 = DIRECTION ( 'NONE',  ( -1.000000000000000000, 0.000000000000000000, 0.000000000000000000 ) ) ;
#4910 = CARTESIAN_POINT ( 'NONE',  ( 24.56675309387556538, -7.749761844532113031, 3.499999999999999556 ) ) ;
#4911 = CARTESIAN_POINT ( 'NONE',  ( 25.99999999999999289, 7.050000000000004263, 3.599999999999999201 ) ) ;
#4912 = AXIS2_PLACEMENT_3D ( 'NONE', #3934, #3991, #6671 ) ;
#4913 = CARTESIAN_POINT ( 'NONE',  ( 25.99966567642735527, -12.58462044226010867, 4.000000000000003553 ) ) ;
#4914 = CARTESIAN_POINT ( 'NONE',  ( -49.99999999999998579, 9.549999999999988276, 1.000000000000000888 ) ) ;
#4915 = ORIENTED_EDGE ( 'NONE', *, *, #2845, .T. ) ;
#4916 = CARTESIAN_POINT ( 'NONE',  ( 28.62820512820512064, -13.37030790763380850, 4.000000000000003553 ) ) ;
#4917 = ORIENTED_EDGE ( 'NONE', *, *, #2306, .T. ) ;
#4918 = ORIENTED_EDGE ( 'NONE', *, *, #3039, .F. ) ;
#4919 = DIRECTION ( 'NONE',  ( 1.000000000000000000, 9.637352644315597708E-17, -0.000000000000000000 ) ) ;
#4920 = FACE_OUTER_BOUND ( 'NONE', #7879, .T. ) ;
#4921 = CIRCLE ( 'NONE', #11653, 1.099999999999996758 ) ;
#4922 = FACE_BOUND ( 'NONE', #2530, .T. ) ;
#4923 = ORIENTED_EDGE ( 'NONE', *, *, #3417, .F. ) ;
#4924 = DIRECTION ( 'NONE',  ( 1.000000000000000000, 0.000000000000000000, 0.000000000000000000 ) ) ;
#4925 = DIRECTION ( 'NONE',  ( 0.000000000000000000, 1.000000000000000000, 0.000000000000000000 ) ) ;
#4926 = FACE_OUTER_BOUND ( 'NONE', #6921, .T. ) ;
#4927 = EDGE_CURVE ( 'NONE', #9193, #3927, #2778, .T. ) ;
#4928 = ORIENTED_EDGE ( 'NONE', *, *, #1166, .F. ) ;
#4929 = PLANE ( 'NONE',  #3745 ) ;
#4930 = DIRECTION ( 'NONE',  ( 1.000000000000000000, 0.000000000000000000, 0.000000000000000000 ) ) ;
#4931 = VECTOR ( 'NONE', #11497, 1000.000000000000114 ) ;
#4932 = EDGE_CURVE ( 'NONE', #8303, #71, #3826, .T. ) ;
#4933 = ORIENTED_EDGE ( 'NONE', *, *, #800, .F. ) ;
#4934 = VECTOR ( 'NONE', #1977, 1000.000000000000000 ) ;
#4935 = ORIENTED_EDGE ( 'NONE', *, *, #5995, .F. ) ;
#4936 = CARTESIAN_POINT ( 'NONE',  ( 27.29383531367728821, -12.76731905195839545, 4.000000000000003553 ) ) ;
#4937 = EDGE_CURVE ( 'NONE', #8839, #6307, #10164, .T. ) ;
#4938 = EDGE_CURVE ( 'NONE', #8834, #2170, #9267, .T. ) ;
#4939 = LINE ( 'NONE', #9372, #9201 ) ;
#4940 = VECTOR ( 'NONE', #5640, 1000.000000000000000 ) ;
#4941 = ORIENTED_EDGE ( 'NONE', *, *, #9367, .F. ) ;
#4942 = VECTOR ( 'NONE', #2728, 1000.000000000000000 ) ;
#4943 = CARTESIAN_POINT ( 'NONE',  ( 25.49058668349189816, -11.69790894951090898, 3.999999999999996447 ) ) ;
#4944 = DIRECTION ( 'NONE',  ( 0.000000000000000000, -1.000000000000000000, 0.000000000000000000 ) ) ;
#4945 = FACE_OUTER_BOUND ( 'NONE', #7738, .T. ) ;
#4946 = DIRECTION ( 'NONE',  ( 2.168404344971008868E-16, 0.000000000000000000, 1.000000000000000000 ) ) ;
#4947 = VERTEX_POINT ( 'NONE', #3890 ) ;
#4948 = LINE ( 'NONE', #3022, #518 ) ;
#4949 = VECTOR ( 'NONE', #5243, 1000.000000000000000 ) ;
#4950 = CIRCLE ( 'NONE', #6111, 4.700000000000002842 ) ;
#4951 = DIRECTION ( 'NONE',  ( 0.000000000000000000, 0.000000000000000000, 1.000000000000000000 ) ) ;
#4952 = DIRECTION ( 'NONE',  ( -1.000000000000000000, 1.734723475976807686E-15, 0.000000000000000000 ) ) ;
#4953 = ORIENTED_EDGE ( 'NONE', *, *, #6246, .F. ) ;
#4954 = CARTESIAN_POINT ( 'NONE',  ( 25.43409455128204399, -1.878921689685088880, 3.499999999999999556 ) ) ;
#4955 = ORIENTED_EDGE ( 'NONE', *, *, #7213, .T. ) ;
#4956 = LINE ( 'NONE', #8670, #2710 ) ;
#4957 = EDGE_CURVE ( 'NONE', #7929, #3799, #6387, .T. ) ;
#4958 = FACE_OUTER_BOUND ( 'NONE', #9642, .T. ) ;
#4959 = LINE ( 'NONE', #11378, #1906 ) ;
#4960 = CARTESIAN_POINT ( 'NONE',  ( 25.11157852564101844, -11.04558835635175740, 3.999999999999996447 ) ) ;
#4961 = CARTESIAN_POINT ( 'NONE',  ( 25.70184426217979734, -9.898242193064435313, 3.500000000000003109 ) ) ;
#4962 = DIRECTION ( 'NONE',  ( 0.000000000000000000, 0.000000000000000000, 1.000000000000000000 ) ) ;
#4963 = VECTOR ( 'NONE', #4819, 1000.000000000000000 ) ;
#4964 = ADVANCED_FACE ( 'NONE', ( #991 ), #1827, .F. ) ;
#4965 = CARTESIAN_POINT ( 'NONE',  ( -12.00000000000000000, -10.45000000000000107, 0.000000000000000000 ) ) ;
#4966 = ORIENTED_EDGE ( 'NONE', *, *, #1040, .T. ) ;
#4967 = CARTESIAN_POINT ( 'NONE',  ( 23.86802104831251725, -12.22068809195847017, 3.999999999999993339 ) ) ;
#4968 = AXIS2_PLACEMENT_3D ( 'NONE', #9686, #8734, #519 ) ;
#4969 = CARTESIAN_POINT ( 'NONE',  ( 24.71794871794871185, -8.737896048659450798, 3.500000000000003109 ) ) ;
#4970 = AXIS2_PLACEMENT_3D ( 'NONE', #1594, #694, #4362 ) ;
#4971 = ADVANCED_FACE ( 'NONE', ( #9144 ), #932, .F. ) ;
#4972 = CARTESIAN_POINT ( 'NONE',  ( 24.27044742651547438, -13.36321723404878803, 4.000000000000003553 ) ) ;
#4973 = CARTESIAN_POINT ( 'NONE',  ( 27.36434197730712370, -12.80059386063055449, 3.500000000000003109 ) ) ;
#4974 = CARTESIAN_POINT ( 'NONE',  ( 12.99999999999999822, 44.00000000000000000, 8.000000000000000000 ) ) ;
#4975 = ORIENTED_EDGE ( 'NONE', *, *, #2016, .T. ) ;
#4976 = CARTESIAN_POINT ( 'NONE',  ( 28.00220134641771708, -12.13609393714317086, 4.000000000000003553 ) ) ;
#4977 = VERTEX_POINT ( 'NONE', #151 ) ;
#4978 = EDGE_LOOP ( 'NONE', ( #2316, #2741, #2648, #5034 ) ) ;
#4979 = CARTESIAN_POINT ( 'NONE',  ( 24.52367008289799699, -6.626697207678234669, 3.499999999999999556 ) ) ;
#4980 = DIRECTION ( 'NONE',  ( -1.000000000000000000, -0.000000000000000000, -0.000000000000000000 ) ) ;
#4981 = VERTEX_POINT ( 'NONE', #8259 ) ;
#4982 = CARTESIAN_POINT ( 'NONE',  ( 24.61278044871794179, -13.94021976660816620, 4.000000000000003553 ) ) ;
#4983 = EDGE_CURVE ( 'NONE', #10263, #58, #10438, .T. ) ;
#4984 = EDGE_LOOP ( 'NONE', ( #2893, #7510, #5774, #10792 ) ) ;
#4985 = DIRECTION ( 'NONE',  ( 0.9793242484501297751, -0.2022968521692527222, 0.000000000000000000 ) ) ;
#4986 = CARTESIAN_POINT ( 'NONE',  ( 14.99999999999998934, 18.00000000000000000, 0.000000000000000000 ) ) ;
#4987 = AXIS2_PLACEMENT_3D ( 'NONE', #10966, #96, #6286 ) ;
#4988 = ORIENTED_EDGE ( 'NONE', *, *, #768, .F. ) ;
#4989 = ORIENTED_EDGE ( 'NONE', *, *, #4467, .F. ) ;
#4990 = DIRECTION ( 'NONE',  ( 0.000000000000000000, -0.000000000000000000, -1.000000000000000000 ) ) ;
#4991 = CARTESIAN_POINT ( 'NONE',  ( 23.67681736507730506, -7.048858418969061290, 3.499999999999996003 ) ) ;
#4992 = ORIENTED_EDGE ( 'NONE', *, *, #8421, .F. ) ;
#4993 = ORIENTED_EDGE ( 'NONE', *, *, #4877, .T. ) ;
#4994 = CARTESIAN_POINT ( 'NONE',  ( 26.70872551507827453, -12.62103292729522863, 4.000000000000003553 ) ) ;
#4995 = EDGE_CURVE ( 'NONE', #10630, #236, #1175, .T. ) ;
#4996 = EDGE_LOOP ( 'NONE', ( #471, #3780, #6492, #11536 ) ) ;
#4997 = EDGE_CURVE ( 'NONE', #5427, #6969, #8507, .T. ) ;
#4998 = VERTEX_POINT ( 'NONE', #11500 ) ;
#4999 = AXIS2_PLACEMENT_3D ( 'NONE', #11527, #11344, #10374 ) ;
#5000 = DIRECTION ( 'NONE',  ( 0.3391272569159741734, 0.9407405081193468410, 0.000000000000000000 ) ) ;
#5001 = CARTESIAN_POINT ( 'NONE',  ( -51.09999999999999432, 9.549999999999988276, -6.211269837220810608 ) ) ;
#5002 = CARTESIAN_POINT ( 'NONE',  ( -16.99999999999999645, -11.48077640640443597, -5.363961030678932040 ) ) ;
#5003 = VERTEX_POINT ( 'NONE', #5066 ) ;
#5004 = DIRECTION ( 'NONE',  ( -8.182657905550977046E-17, 1.000000000000000000, 0.000000000000000000 ) ) ;
#5005 = EDGE_CURVE ( 'NONE', #2684, #4981, #8230, .T. ) ;
#5006 = VERTEX_POINT ( 'NONE', #566 ) ;
#5007 = VECTOR ( 'NONE', #4345, 1000.000000000000114 ) ;
#5008 = CARTESIAN_POINT ( 'NONE',  ( 39.19999999999998863, 41.99999999999999289, 4.000000000000000000 ) ) ;
#5009 = CARTESIAN_POINT ( 'NONE',  ( 24.43812324451846152, -6.286834784711690993, 3.500000000000003109 ) ) ;
#5010 = CYLINDRICAL_SURFACE ( 'NONE', #6312, 1.099999999999996758 ) ;
#5011 = EDGE_LOOP ( 'NONE', ( #806, #11696, #163, #1890 ) ) ;
#5012 = DIRECTION ( 'NONE',  ( -0.9842688068584241057, 0.1766774344546987729, 0.000000000000000000 ) ) ;
#5013 = ORIENTED_EDGE ( 'NONE', *, *, #2889, .F. ) ;
#5014 = CARTESIAN_POINT ( 'NONE',  ( 25.33680085757545442, 9.200038813018819539, 5.999999999999998224 ) ) ;
#5015 = ADVANCED_FACE ( 'NONE', ( #1347 ), #2359, .T. ) ;
#5016 = DIRECTION ( 'NONE',  ( -0.000000000000000000, -0.000000000000000000, 1.000000000000000000 ) ) ;
#5017 = DIRECTION ( 'NONE',  ( -0.9407405081193421781, -0.3391272569159873296, 0.000000000000000000 ) ) ;
#5018 = CARTESIAN_POINT ( 'NONE',  ( 25.79250726225414780, -9.160611146884573230, 4.000000000000001776 ) ) ;
#5019 = FACE_BOUND ( 'NONE', #11236, .T. ) ;
#5020 = AXIS2_PLACEMENT_3D ( 'NONE', #9352, #11105, #4812 ) ;
#5021 = ADVANCED_FACE ( 'NONE', ( #7763 ), #5909, .F. ) ;
#5022 = EDGE_CURVE ( 'NONE', #137, #9452, #506, .T. ) ;
#5023 = EDGE_CURVE ( 'NONE', #3373, #8750, #4066, .T. ) ;
#5024 = CARTESIAN_POINT ( 'NONE',  ( 27.77874780876727101, -11.99457524759169047, 3.500000000000006661 ) ) ;
#5025 = ORIENTED_EDGE ( 'NONE', *, *, #392, .T. ) ;
#5026 = CARTESIAN_POINT ( 'NONE',  ( 24.46961134001542959, 5.400633288382885588, 3.599999999999999201 ) ) ;
#5027 = CARTESIAN_POINT ( 'NONE',  ( 23.90553406555052973, 7.872017304824388439, 3.599999999999999201 ) ) ;
#5028 = AXIS2_PLACEMENT_3D ( 'NONE', #4447, #4498, #5285 ) ;
#5029 = CARTESIAN_POINT ( 'NONE',  ( 24.56675309387556538, -7.749761844532113031, 4.000000000000000000 ) ) ;
#5030 = PLANE ( 'NONE',  #10902 ) ;
#5031 = EDGE_CURVE ( 'NONE', #2444, #8443, #5801, .T. ) ;
#5032 = DIRECTION ( 'NONE',  ( 0.000000000000000000, 0.000000000000000000, 1.000000000000000000 ) ) ;
#5033 = LINE ( 'NONE', #4032, #4078 ) ;
#5034 = ORIENTED_EDGE ( 'NONE', *, *, #1365, .T. ) ;
#5036 = CARTESIAN_POINT ( 'NONE',  ( 24.24523351304223340, -14.56873394927889187, 3.499999999999999556 ) ) ;
#5035 = VECTOR ( 'NONE', #2466, 1000.000000000000000 ) ;
#5037 = EDGE_LOOP ( 'NONE', ( #5726, #4917 ) ) ;
#5038 = ORIENTED_EDGE ( 'NONE', *, *, #10135, .T. ) ;
#5039 = LINE ( 'NONE', #9580, #9132 ) ;
#5040 = EDGE_CURVE ( 'NONE', #7703, #10775, #11486, .T. ) ;
#5041 = PLANE ( 'NONE',  #6308 ) ;
#5042 = ORIENTED_EDGE ( 'NONE', *, *, #188, .F. ) ;
#5043 = FACE_OUTER_BOUND ( 'NONE', #11663, .T. ) ;
#5044 = VERTEX_POINT ( 'NONE', #8556 ) ;
#5045 = LINE ( 'NONE', #2216, #541 ) ;
#5046 = DIRECTION ( 'NONE',  ( -0.000000000000000000, -0.000000000000000000, 1.000000000000000000 ) ) ;
#5047 = CIRCLE ( 'NONE', #1401, 2.250000000000001776 ) ;
#5048 = LINE ( 'NONE', #10561, #7804 ) ;
#5049 = VERTEX_POINT ( 'NONE', #9490 ) ;
#5050 = EDGE_LOOP ( 'NONE', ( #1531, #5338 ) ) ;
#5051 = CARTESIAN_POINT ( 'NONE',  ( 23.37179487179486514, -9.373913676864576772, 3.499999999999996003 ) ) ;
#5052 = CARTESIAN_POINT ( 'NONE',  ( -52.24999999999999289, -10.45000000000001172, 1.000000000000000888 ) ) ;
#5053 = VERTEX_POINT ( 'NONE', #9433 ) ;
#5054 = EDGE_CURVE ( 'NONE', #5946, #3320, #5741, .T. ) ;
#5055 = APPLICATION_CONTEXT ( 'automotive_design' ) ;
#5056 = VERTEX_POINT ( 'NONE', #7831 ) ;
#5057 = CARTESIAN_POINT ( 'NONE',  ( 26.43308783651143656, -12.59769813188386145, 4.000000000000003553 ) ) ;
#5058 = CLOSED_SHELL ( 'NONE', ( #11623, #3578, #618, #7089, #9128, #4669, #5468, #8935, #3330, #11507, #3518, #10885, #10908, #1142, #6735, #10608, #9044, #3090, #765, #2476, #10010, #11104, #6366, #267, #5467, #31, #3808, #11614, #1562 ) ) ;
#5059 = EDGE_LOOP ( 'NONE', ( #11731, #4105, #7376, #7343 ) ) ;
#5060 = LINE ( 'NONE', #498, #8710 ) ;
#5061 = DIRECTION ( 'NONE',  ( -0.000000000000000000, -0.000000000000000000, -1.000000000000000000 ) ) ;
#5062 = CARTESIAN_POINT ( 'NONE',  ( 23.87293078165082250, -10.56064652804561455, 3.999999999999991562 ) ) ;
#5063 = CARTESIAN_POINT ( 'NONE',  ( -14.99999999999999645, -18.00000000000000000, 10.09999999999999964 ) ) ;
#5064 = FACE_OUTER_BOUND ( 'NONE', #5113, .T. ) ;
#5065 = VECTOR ( 'NONE', #4252, 1000.000000000000000 ) ;
#5066 = CARTESIAN_POINT ( 'NONE',  ( 27.53038865998457752, 5.400633288382907793, 3.599999999999999201 ) ) ;
#5067 = CARTESIAN_POINT ( 'NONE',  ( 25.72556089743588359, -8.116902458915859597, 3.499999999999999556 ) ) ;
#5068 = CARTESIAN_POINT ( 'NONE',  ( 28.29030201856606297, 8.332630758929550296, 5.999999999999998224 ) ) ;
#5069 = CARTESIAN_POINT ( 'NONE',  ( 28.45588743230190332, 6.123046969980942222, 6.814029407017137885 ) ) ;
#5070 = ORIENTED_EDGE ( 'NONE', *, *, #1427, .T. ) ;
#5071 = DIRECTION ( 'NONE',  ( 0.000000000000000000, 0.000000000000000000, 1.000000000000000000 ) ) ;
#5072 = CARTESIAN_POINT ( 'NONE',  ( 23.80641219759089111, 6.549327898598286346, 5.999999999999998224 ) ) ;
#5073 = DIRECTION ( 'NONE',  ( 1.000000000000000000, 0.000000000000000000, 0.000000000000000000 ) ) ;
#5074 = CARTESIAN_POINT ( 'NONE',  ( -18.99999999999999645, 25.54999999999999361, -5.363961030678932040 ) ) ;
#5075 = EDGE_CURVE ( 'NONE', #2188, #5946, #10344, .T. ) ;
#5076 = DIRECTION ( 'NONE',  ( 1.000000000000000000, 0.000000000000000000, 0.000000000000000000 ) ) ;
#5077 = VECTOR ( 'NONE', #11860, 1000.000000000000114 ) ;
#5078 = B_SPLINE_CURVE_WITH_KNOTS ( 'NONE', 3,
 ( #4119, #6856, #2127, #10403, #4889, #10519, #3266, #6683, #1284, #9488, #5799, #4839, #3945, #1173, #8555, #11431, #2295, #6792, #8718, #9548, #8608, #7760, #8503 ),
 .UNSPECIFIED., .F., .F.,
 ( 4, 1, 1, 1, 1, 1, 1, 1, 1, 1, 1, 1, 1, 1, 1, 1, 1, 1, 1, 1, 4 ),
 ( 0.000000000000000000, 0.05384107006395724010, 0.1055570778902907986, 0.1576598550386147102, 0.2116004015064496535, 0.2398238189631961559, 0.2697149096324072959, 0.3010045387829044516, 0.3345039043075250240, 0.3701851682565436286, 0.4079947395610690752, 0.4485928039685276869, 0.4919866939927480254, 0.5385879323590512247, 0.5903019076030816548, 0.6463263058801917982, 0.7071888705370238393, 0.7729156939026262663, 0.8436211978520828936, 0.9192973113689119069, 1.000000000000000000 ),
 .UNSPECIFIED. ) ;
#5079 = EDGE_CURVE ( 'NONE', #8563, #1388, #11371, .T. ) ;
#5080 = CARTESIAN_POINT ( 'NONE',  ( 23.40748915805416885, -13.77870821130162682, 3.999999999999974243 ) ) ;
#5081 = VECTOR ( 'NONE', #1342, 1000.000000000000000 ) ;
#5082 = CARTESIAN_POINT ( 'NONE',  ( 5.999999999999999112, -9.039999999999999147, 0.000000000000000000 ) ) ;
#5083 = VERTEX_POINT ( 'NONE', #5008 ) ;
#5084 = ORIENTED_EDGE ( 'NONE', *, *, #6320, .T. ) ;
#5085 = CIRCLE ( 'NONE', #5474, 2.624999999999998668 ) ;
#5086 = CARTESIAN_POINT ( 'NONE',  ( 25.95092147435896734, -11.68661399737739792, 3.999999999999996447 ) ) ;
#5087 = DIRECTION ( 'NONE',  ( 1.000000000000000000, -9.446005256581220112E-17, -0.000000000000000000 ) ) ;
#5088 = FACE_BOUND ( 'NONE', #7801, .T. ) ;
#5089 = CARTESIAN_POINT ( 'NONE',  ( 26.65569768216054669, -10.12810008897223391, 4.000000000000004441 ) ) ;
#5090 = CARTESIAN_POINT ( 'NONE',  ( 26.74083238369000171, 4.531708440375467717, 3.599999999999999201 ) ) ;
#5091 = EDGE_CURVE ( 'NONE', #255, #3239, #326, .T. ) ;
#5092 = CARTESIAN_POINT ( 'NONE',  ( 25.87143306970186174, -9.485481135557305876, 3.499999999999999556 ) ) ;
#5093 = CARTESIAN_POINT ( 'NONE',  ( 26.83034349071441937, -12.63792724078922980, 3.500000000000006661 ) ) ;
#5094 = VECTOR ( 'NONE', #2004, 1000.000000000000000 ) ;
#5095 = DIRECTION ( 'NONE',  ( 1.000000000000000000, 0.000000000000000000, 0.000000000000000000 ) ) ;
#5096 = LINE ( 'NONE', #7792, #2887 ) ;
#5097 = ORIENTED_EDGE ( 'NONE', *, *, #9999, .F. ) ;
#5098 = ORIENTED_EDGE ( 'NONE', *, *, #10973, .T. ) ;
#5099 = CARTESIAN_POINT ( 'NONE',  ( -28.79999999999999361, -18.00000000000000355, 20.91137224000415529 ) ) ;
#5100 = VERTEX_POINT ( 'NONE', #6859 ) ;
#5101 = CARTESIAN_POINT ( 'NONE',  ( 25.86477675539672205, -12.58496371680196013, 3.500000000000003109 ) ) ;
#5102 = ORIENTED_EDGE ( 'NONE', *, *, #2950, .F. ) ;
#5103 = FACE_OUTER_BOUND ( 'NONE', #6728, .T. ) ;
#5104 = EDGE_LOOP ( 'NONE', ( #6058, #580, #10395, #3334, #10239, #4368, #5614, #9970, #11568, #7952 ) ) ;
#5105 = VECTOR ( 'NONE', #4657, 1000.000000000000000 ) ;
#5106 = CARTESIAN_POINT ( 'NONE',  ( -59.10000000000000142, -10.45000000000001528, 3.100000000000001865 ) ) ;
#5107 = FACE_OUTER_BOUND ( 'NONE', #8541, .T. ) ;
#5108 = VERTEX_POINT ( 'NONE', #11320 ) ;
#5109 = EDGE_CURVE ( 'NONE', #58, #5415, #8663, .T. ) ;
#5110 = ORIENTED_EDGE ( 'NONE', *, *, #6350, .T. ) ;
#5111 = DIRECTION ( 'NONE',  ( 0.000000000000000000, 0.000000000000000000, 1.000000000000000000 ) ) ;
#5112 = CYLINDRICAL_SURFACE ( 'NONE', #3494, 0.9499999999999995115 ) ;
#5113 = EDGE_LOOP ( 'NONE', ( #1806, #404, #7025, #2214, #6771, #1149, #6643, #168 ) ) ;
#5114 = VECTOR ( 'NONE', #6503, 1000.000000000000000 ) ;
#5115 = EDGE_CURVE ( 'NONE', #122, #1430, #6120, .T. ) ;
#5116 = ORIENTED_EDGE ( 'NONE', *, *, #2533, .F. ) ;
#5117 = CARTESIAN_POINT ( 'NONE',  ( 24.27327842353486886, -9.319252380826087645, 3.500000000000010214 ) ) ;
#5118 = CARTESIAN_POINT ( 'NONE',  ( -16.99999999999999645, -9.419223593595587474, 2.000000000000000000 ) ) ;
#5119 = ORIENTED_EDGE ( 'NONE', *, *, #6688, .F. ) ;
#5120 = CIRCLE ( 'NONE', #6649, 1.099999999999996758 ) ;
#5121 = EDGE_LOOP ( 'NONE', ( #7382, #6472, #5084, #7626 ) ) ;
#5122 = EDGE_CURVE ( 'NONE', #4406, #1529, #7890, .T. ) ;
#5123 = DIRECTION ( 'NONE',  ( 0.000000000000000000, -1.000000000000000000, 0.000000000000000000 ) ) ;
#5124 = FACE_OUTER_BOUND ( 'NONE', #10501, .T. ) ;
#5125 = CARTESIAN_POINT ( 'NONE',  ( 24.00119207101465690, -10.67457535363989329, 3.999999999999984457 ) ) ;
#5126 = AXIS2_PLACEMENT_3D ( 'NONE', #10755, #5232, #5299 ) ;
#5127 = CARTESIAN_POINT ( 'NONE',  ( -74.51999999999999602, -1.366094737331735587E-14, 3.100000000000001865 ) ) ;
#5128 = ORIENTED_EDGE ( 'NONE', *, *, #2149, .T. ) ;
#5129 = VECTOR ( 'NONE', #2499, 1000.000000000000000 ) ;
#5130 = DIRECTION ( 'NONE',  ( 0.000000000000000000, -0.000000000000000000, 1.000000000000000000 ) ) ;
#5131 = CARTESIAN_POINT ( 'NONE',  ( 29.44999999999999218, -5.999999999999988454, 2.000000000000001776 ) ) ;
#5132 = DIRECTION ( 'NONE',  ( 0.000000000000000000, 0.000000000000000000, 1.000000000000000000 ) ) ;
#5133 =( NAMED_UNIT ( * ) SI_UNIT ( $, .STERADIAN. ) SOLID_ANGLE_UNIT ( ) );
#5134 = EDGE_LOOP ( 'NONE', ( #7793, #4013, #4212, #10051 ) ) ;
#5135 = CARTESIAN_POINT ( 'NONE',  ( -5.199999999999996625, 10.60000000000000142, 3.500000000000000000 ) ) ;
#5136 = CIRCLE ( 'NONE', #2823, 2.624999999999998668 ) ;
#5137 = ORIENTED_EDGE ( 'NONE', *, *, #1661, .F. ) ;
#5138 = CARTESIAN_POINT ( 'NONE',  ( 26.05577673652076953, -10.80510531679636266, 3.499999999999996003 ) ) ;
#5139 = CARTESIAN_POINT ( 'NONE',  ( 12.00000000000000000, 9.549999999999998934, 0.000000000000000000 ) ) ;
#5140 = PLANE ( 'NONE',  #4805 ) ;
#5141 = VERTEX_POINT ( 'NONE', #2298 ) ;
#5142 = CARTESIAN_POINT ( 'NONE',  ( 41.19999999999999574, 26.99999999999998224, -8.673617379884035472E-16 ) ) ;
#5143 = CARTESIAN_POINT ( 'NONE',  ( 27.16980469903909068, 9.399932332239817612, 6.767750931287848104 ) ) ;
#5144 = AXIS2_PLACEMENT_3D ( 'NONE', #1384, #1438, #4924 ) ;
#5145 = CARTESIAN_POINT ( 'NONE',  ( 23.70155623165367231, -14.39028103454768548, 3.500000000000003109 ) ) ;
#5146 = EDGE_LOOP ( 'NONE', ( #2047, #1747, #8123, #5656 ) ) ;
#5147 = B_SPLINE_CURVE_WITH_KNOTS ( 'NONE', 3,
 ( #3248, #11541, #7747, #11603, #4991, #548, #4049, #7690, #4227, #10503, #8647 ),
 .UNSPECIFIED., .F., .F.,
 ( 4, 1, 1, 1, 1, 1, 1, 1, 4 ),
 ( 0.000000000000000000, 0.1278414629307405292, 0.2497792886028957771, 0.3725532691609886315, 0.5002612830658890175, 0.6279692969707900696, 0.7502645813084176662, 0.8733215602763085839, 1.000000000000000000 ),
 .UNSPECIFIED. ) ;
#5148 = VERTEX_POINT ( 'NONE', #5971 ) ;
#5149 = DIRECTION ( 'NONE',  ( -0.000000000000000000, -0.000000000000000000, -1.000000000000000000 ) ) ;
#5150 = LINE ( 'NONE', #8738, #11446 ) ;
#5151 = CARTESIAN_POINT ( 'NONE',  ( 47.19999999999998863, 10.54999999999999005, 1.999999999999999112 ) ) ;
#5152 = CARTESIAN_POINT ( 'NONE',  ( 41.19999999999999574, 26.99999999999998224, 5.999999999999998224 ) ) ;
#5153 = CIRCLE ( 'NONE', #10114, 2.624999999999998668 ) ;
#5154 = EDGE_CURVE ( 'NONE', #8228, #9064, #1461, .T. ) ;
#5155 = CARTESIAN_POINT ( 'NONE',  ( 25.87179487179486514, -9.462054702505604098, 3.499999999999999556 ) ) ;
#5156 = DIRECTION ( 'NONE',  ( -1.000000000000000000, 0.000000000000000000, 0.000000000000000000 ) ) ;
#5157 = CARTESIAN_POINT ( 'NONE',  ( 24.51978963703879089, -6.698041713330444402, 3.499999999999999556 ) ) ;
#5158 = EDGE_LOOP ( 'NONE', ( #1580, #7710 ) ) ;
#5159 = VERTEX_POINT ( 'NONE', #5435 ) ;
#5160 = FACE_OUTER_BOUND ( 'NONE', #4240, .T. ) ;
#5161 = ORIENTED_EDGE ( 'NONE', *, *, #10147, .T. ) ;
#5162 = CARTESIAN_POINT ( 'NONE',  ( 5.999999999999998224, 9.039999999999999147, 2.000000000000000000 ) ) ;
#5163 = CIRCLE ( 'NONE', #4591, 0.9750000000000001998 ) ;
#5164 = VERTEX_POINT ( 'NONE', #6150 ) ;
#5165 = VECTOR ( 'NONE', #4038, 1000.000000000000000 ) ;
#5166 = EDGE_CURVE ( 'NONE', #11049, #10304, #4018, .T. ) ;
#5167 = CARTESIAN_POINT ( 'NONE',  ( 24.40287906343287361, -13.77014945500065402, 4.000000000000000000 ) ) ;
#5168 = VERTEX_POINT ( 'NONE', #10830 ) ;
#5169 = ORIENTED_EDGE ( 'NONE', *, *, #4927, .T. ) ;
#5170 = CARTESIAN_POINT ( 'NONE',  ( 26.44628008407043396, -14.17400326296735358, 4.000000000000003553 ) ) ;
#5171 = CARTESIAN_POINT ( 'NONE',  ( 23.43589743589742724, -6.590460151223551222, 3.999999999999996447 ) ) ;
#5172 = PLANE ( 'NONE',  #5126 ) ;
#5173 = VERTEX_POINT ( 'NONE', #11557 ) ;
#5174 = VERTEX_POINT ( 'NONE', #8083 ) ;
#5175 = CIRCLE ( 'NONE', #11901, 0.9499999999999995115 ) ;
#5176 = LINE ( 'NONE', #2279, #1646 ) ;
#5177 = CARTESIAN_POINT ( 'NONE',  ( 9.199999999999995737, 10.60000000000000142, 2.000000000000000000 ) ) ;
#5178 = ORIENTED_EDGE ( 'NONE', *, *, #10895, .T. ) ;
#5179 = EDGE_LOOP ( 'NONE', ( #10877, #659 ) ) ;
#5180 = CARTESIAN_POINT ( 'NONE',  ( 27.44374107548153319, -13.91073318617521437, 3.499999999999999556 ) ) ;
#5181 = EDGE_CURVE ( 'NONE', #5976, #1164, #634, .T. ) ;
#5182 = EDGE_CURVE ( 'NONE', #58, #7216, #3876, .T. ) ;
#5183 = ORIENTED_EDGE ( 'NONE', *, *, #6489, .T. ) ;
#5184 = AXIS2_PLACEMENT_3D ( 'NONE', #1237, #6806, #11382 ) ;
#5185 = CARTESIAN_POINT ( 'NONE',  ( -49.99999999999998579, -10.45000000000001172, -6.211269837220810608 ) ) ;
#5186 = EDGE_LOOP ( 'NONE', ( #1873, #6781, #4611, #7417 ) ) ;
#5187 = ORIENTED_EDGE ( 'NONE', *, *, #1752, .T. ) ;
#5188 = DIRECTION ( 'NONE',  ( -0.000000000000000000, -0.000000000000000000, -1.000000000000000000 ) ) ;
#5189 = DIRECTION ( 'NONE',  ( 0.6451415499424447697, -0.7640630736646418786, 0.000000000000000000 ) ) ;
#5190 = VECTOR ( 'NONE', #9424, 1000.000000000000000 ) ;
#5191 = DIRECTION ( 'NONE',  ( 0.000000000000000000, -1.000000000000000000, -2.891205793294679929E-17 ) ) ;
#5192 = EDGE_CURVE ( 'NONE', #5633, #7649, #10122, .T. ) ;
#5193 = EDGE_LOOP ( 'NONE', ( #32, #3135 ) ) ;
#5194 = CARTESIAN_POINT ( 'NONE',  ( -74.51999999999999602, -1.366094737331735587E-14, 1.734723475976807094E-15 ) ) ;
#5195 = CARTESIAN_POINT ( 'NONE',  ( 5.999999999999997335, 10.60000000000000142, 2.000000000000000000 ) ) ;
#5196 = CARTESIAN_POINT ( 'NONE',  ( 23.98277243589742724, -7.135331946095345934, 3.499999999999996003 ) ) ;
#5197 = CARTESIAN_POINT ( 'NONE',  ( -60.79999999999999005, -1.366094737331735587E-14, 22.01137224000416381 ) ) ;
#5198 = VERTEX_POINT ( 'NONE', #5259 ) ;
#5199 = VECTOR ( 'NONE', #4297, 1000.000000000000000 ) ;
#5200 = CARTESIAN_POINT ( 'NONE',  ( -9.199999999999999289, -11.59999999999999964, 3.500000000000000000 ) ) ;
#5201 = LINE ( 'NONE', #8918, #2988 ) ;
#5202 = CARTESIAN_POINT ( 'NONE',  ( 39.19999999999998863, 41.99999999999999289, 0.000000000000000000 ) ) ;
#5203 = DIRECTION ( 'NONE',  ( -0.000000000000000000, -0.000000000000000000, 1.000000000000000000 ) ) ;
#5204 = LINE ( 'NONE', #7124, #6898 ) ;
#5205 = CARTESIAN_POINT ( 'NONE',  ( 0.000000000000000000, 0.000000000000000000, 10.09999999999999964 ) ) ;
#5206 = AXIS2_PLACEMENT_3D ( 'NONE', #7564, #1267, #4930 ) ;
#5207 = CARTESIAN_POINT ( 'NONE',  ( 24.75524198227544659, -14.96726104674972113, 3.999999999999977351 ) ) ;
#5208 = CARTESIAN_POINT ( 'NONE',  ( 9.199999999999995737, 18.00000000000000000, 10.09999999999999964 ) ) ;
#5209 = DIRECTION ( 'NONE',  ( 0.000000000000000000, -1.000000000000000000, -5.782411586589358625E-17 ) ) ;
#5210 = ORIENTED_EDGE ( 'NONE', *, *, #9557, .F. ) ;
#5211 = VERTEX_POINT ( 'NONE', #2549 ) ;
#5212 = CARTESIAN_POINT ( 'NONE',  ( 27.53038865998457752, 5.400633288382907793, 3.599999999999999201 ) ) ;
#5213 = CARTESIAN_POINT ( 'NONE',  ( 24.30003423467325874, -9.638507414967987685, 3.999999999999993339 ) ) ;
#5214 = PLANE ( 'NONE',  #10044 ) ;
#5215 = DIRECTION ( 'NONE',  ( -1.000000000000000000, -1.156482317317871971E-16, 0.000000000000000000 ) ) ;
#5216 = CIRCLE ( 'NONE', #27, 3.700000000000001954 ) ;
#5217 = CARTESIAN_POINT ( 'NONE',  ( 24.52564102564101844, -4.891742202505601433, 4.000000000000000000 ) ) ;
#5218 = CARTESIAN_POINT ( 'NONE',  ( 41.19999999999999574, 26.99999999999998224, -8.673617379884035472E-16 ) ) ;
#5219 = LINE ( 'NONE', #7913, #3675 ) ;
#5220 = ORIENTED_EDGE ( 'NONE', *, *, #2351, .T. ) ;
#5221 = EDGE_LOOP ( 'NONE', ( #9625, #8003, #3082, #6580 ) ) ;
#5222 = CARTESIAN_POINT ( 'NONE',  ( -52.24999999999999289, 9.549999999999988276, 1.000000000000000888 ) ) ;
#5223 = EDGE_LOOP ( 'NONE', ( #9718, #4648, #8350, #6949 ) ) ;
#5224 = VECTOR ( 'NONE', #2364, 1000.000000000000000 ) ;
#5225 = DIRECTION ( 'NONE',  ( 0.000000000000000000, 0.000000000000000000, 1.000000000000000000 ) ) ;
#5226 = ADVANCED_FACE ( 'NONE', ( #8912 ), #11698, .F. ) ;
#5227 = ORIENTED_EDGE ( 'NONE', *, *, #10751, .T. ) ;
#5228 = CARTESIAN_POINT ( 'NONE',  ( 24.26923076923075939, -13.39234316404406577, 4.000000000000007105 ) ) ;
#5229 = VERTEX_POINT ( 'NONE', #2601 ) ;
#5230 = PLANE ( 'NONE',  #6478 ) ;
#5231 = DIRECTION ( 'NONE',  ( 0.000000000000000000, -0.000000000000000000, -1.000000000000000000 ) ) ;
#5232 = DIRECTION ( 'NONE',  ( 0.000000000000000000, 0.000000000000000000, 1.000000000000000000 ) ) ;
#5233 = ORIENTED_EDGE ( 'NONE', *, *, #1156, .F. ) ;
#5234 = ORIENTED_EDGE ( 'NONE', *, *, #6206, .F. ) ;
#5235 = CIRCLE ( 'NONE', #10795, 2.624999999999998668 ) ;
#5236 = CARTESIAN_POINT ( 'NONE',  ( 23.57230045116300587, -8.534544031765239680, 3.499999999999992895 ) ) ;
#5237 = CARTESIAN_POINT ( 'NONE',  ( 26.42517884403941864, 9.640337420217937492, 5.999999999999998224 ) ) ;
#5238 = EDGE_CURVE ( 'NONE', #311, #432, #10647, .T. ) ;
#5239 = ORIENTED_EDGE ( 'NONE', *, *, #1007, .F. ) ;
#5240 = EDGE_LOOP ( 'NONE', ( #9281, #3754, #1212, #5669, #4777, #10317, #2101, #4776, #11082, #6298, #9702, #1098, #977, #503, #9454, #2873 ) ) ;
#5241 = CARTESIAN_POINT ( 'NONE',  ( 28.62629250573736428, -13.49916156599612371, 3.500000000000003109 ) ) ;
#5242 = EDGE_CURVE ( 'NONE', #2547, #3204, #7644, .T. ) ;
#5243 = DIRECTION ( 'NONE',  ( 0.7071067811865485719, 0.7071067811865465735, -0.000000000000000000 ) ) ;
#5244 = EDGE_LOOP ( 'NONE', ( #4228, #4218, #10062, #10626 ) ) ;
#5245 = VECTOR ( 'NONE', #11765, 1000.000000000000114 ) ;
#5246 = CARTESIAN_POINT ( 'NONE',  ( 27.24999999999999289, 7.050000000000004263, 1.799999999999999600 ) ) ;
#5247 = VERTEX_POINT ( 'NONE', #1714 ) ;
#5248 = FACE_OUTER_BOUND ( 'NONE', #7576, .T. ) ;
#5249 = ADVANCED_FACE ( 'NONE', ( #9739 ), #753, .F. ) ;
#5250 = CARTESIAN_POINT ( 'NONE',  ( 28.29030201856606297, 8.332630758929550296, 6.806862576270111376 ) ) ;
#5251 = EDGE_CURVE ( 'NONE', #11498, #8892, #2425, .T. ) ;
#5252 = EDGE_CURVE ( 'NONE', #10962, #1135, #814, .T. ) ;
#5253 = DIRECTION ( 'NONE',  ( 0.000000000000000000, 0.000000000000000000, 1.000000000000000000 ) ) ;
#5254 = ORIENTED_EDGE ( 'NONE', *, *, #6974, .F. ) ;
#5255 = CARTESIAN_POINT ( 'NONE',  ( 28.11754688168399596, -14.54821537846517998, 3.999999999999994671 ) ) ;
#5256 = ORIENTED_EDGE ( 'NONE', *, *, #5406, .T. ) ;
#5257 = ADVANCED_FACE ( 'NONE', ( #3569 ), #7219, .F. ) ;
#5258 = DIRECTION ( 'NONE',  ( 0.000000000000000000, 0.000000000000000000, 1.000000000000000000 ) ) ;
#5259 = CARTESIAN_POINT ( 'NONE',  ( -16.99999999999999645, 12.51922359359556403, 2.000000000000000000 ) ) ;
#5260 = CARTESIAN_POINT ( 'NONE',  ( 24.51974399227195178, -6.482904219970788695, 3.500000000000003109 ) ) ;
#5261 = CARTESIAN_POINT ( 'NONE',  ( 23.59402873370821752, -6.978140757221240165, 4.000000000000000000 ) ) ;
#5262 = DIRECTION ( 'NONE',  ( 0.000000000000000000, 0.000000000000000000, 1.000000000000000000 ) ) ;
#5263 = ORIENTED_EDGE ( 'NONE', *, *, #1907, .F. ) ;
#5264 = CARTESIAN_POINT ( 'NONE',  ( 20.99999999999998934, 25.55000000000001492, 1.025000000000002354 ) ) ;
#5265 = CARTESIAN_POINT ( 'NONE',  ( -49.99999999999998579, -10.45000000000001172, 1.000000000000000888 ) ) ;
#5266 = DIRECTION ( 'NONE',  ( 1.000000000000000000, 0.000000000000000000, 0.000000000000000000 ) ) ;
#5267 = ORIENTED_EDGE ( 'NONE', *, *, #4375, .T. ) ;
#5268 = CARTESIAN_POINT ( 'NONE',  ( 25.55228365384614619, -8.872110792249191746, 3.999999999999998224 ) ) ;
#5269 = DIRECTION ( 'NONE',  ( 1.000000000000000000, 0.000000000000000000, 0.000000000000000000 ) ) ;
#5270 = ADVANCED_FACE ( 'NONE', ( #7433 ), #6718, .F. ) ;
#5271 = CARTESIAN_POINT ( 'NONE',  ( 12.99999999999999645, 41.99999999999999289, 8.000000000000000000 ) ) ;
#5272 = VERTEX_POINT ( 'NONE', #6661 ) ;
#5273 = CYLINDRICAL_SURFACE ( 'NONE', #2258, 0.9499999999999995115 ) ;
#5274 = LINE ( 'NONE', #707, #2851 ) ;
#5275 = VERTEX_POINT ( 'NONE', #2941 ) ;
#5276 = VERTEX_POINT ( 'NONE', #9459 ) ;
#5277 = DIRECTION ( 'NONE',  ( 1.000000000000000000, 0.000000000000000000, 0.000000000000000000 ) ) ;
#5278 = CARTESIAN_POINT ( 'NONE',  ( -18.99999999999999645, 1.549999999999988942, -20.20000000000000284 ) ) ;
#5279 = DIRECTION ( 'NONE',  ( -0.4755495828655363355, 0.8796889190142241910, 0.000000000000000000 ) ) ;
#5280 = DIRECTION ( 'NONE',  ( -0.2236320174572738462, -0.9746736483397864248, 0.000000000000000000 ) ) ;
#5281 = DIRECTION ( 'NONE',  ( -2.891205793294678326E-16, 1.000000000000000000, 0.000000000000000000 ) ) ;
#5282 = VECTOR ( 'NONE', #4372, 1000.000000000000114 ) ;
#5283 = CARTESIAN_POINT ( 'NONE',  ( -52.99999999999998579, -18.00000000000001066, 20.91137224000415529 ) ) ;
#5284 = DIRECTION ( 'NONE',  ( 1.000000000000000000, 0.000000000000000000, 0.000000000000000000 ) ) ;
#5285 = DIRECTION ( 'NONE',  ( 1.000000000000000000, 0.000000000000000000, 0.000000000000000000 ) ) ;
#5286 = B_SPLINE_CURVE_WITH_KNOTS ( 'NONE', 3,
 ( #2995, #8286, #10312, #6416, #2094, #9402, #10070, #1196, #1853, #3728, #11045 ),
 .UNSPECIFIED., .F., .F.,
 ( 4, 1, 1, 1, 1, 1, 1, 1, 4 ),
 ( 0.000000000000000000, 0.1278414629307405292, 0.2497792886028957771, 0.3725532691609886315, 0.5002612830658890175, 0.6279692969707900696, 0.7502645813084176662, 0.8733215602763085839, 1.000000000000000000 ),
 .UNSPECIFIED. ) ;
#5287 = CARTESIAN_POINT ( 'NONE',  ( 27.94811698717947834, -12.09727104865944725, 3.500000000000003109 ) ) ;
#5288 = EDGE_LOOP ( 'NONE', ( #2567, #10559, #8231, #4283 ) ) ;
#5289 = ORIENTED_EDGE ( 'NONE', *, *, #6219, .T. ) ;
#5290 = CARTESIAN_POINT ( 'NONE',  ( 24.23988732788328448, 8.997467170828356231, 5.999999999999998224 ) ) ;
#5291 = VERTEX_POINT ( 'NONE', #186 ) ;
#5292 = AXIS2_PLACEMENT_3D ( 'NONE', #5359, #8121, #11791 ) ;
#5293 = ORIENTED_EDGE ( 'NONE', *, *, #7621, .F. ) ;
#5294 = CARTESIAN_POINT ( 'NONE',  ( 48.29999999999999005, 10.54999999999999005, -1.734723475976807094E-15 ) ) ;
#5295 = ORIENTED_EDGE ( 'NONE', *, *, #7446, .T. ) ;
#5296 = ORIENTED_EDGE ( 'NONE', *, *, #11222, .F. ) ;
#5297 = CARTESIAN_POINT ( 'NONE',  ( 26.66319914242449940, 9.200038813018830197, 3.599999999999999201 ) ) ;
#5298 = FACE_OUTER_BOUND ( 'NONE', #2970, .T. ) ;
#5299 = DIRECTION ( 'NONE',  ( -1.000000000000000000, 0.000000000000000000, 0.000000000000000000 ) ) ;
#5300 = B_SPLINE_CURVE_WITH_KNOTS ( 'NONE', 3,
 ( #1670, #7901, #7965, #9875, #769, #3530 ),
 .UNSPECIFIED., .F., .F.,
 ( 4, 2, 4 ),
 ( 7.359808400080194938E-18, 0.001525218690837311245, 0.003050437381674615117 ),
 .UNSPECIFIED. ) ;
#5301 = EDGE_CURVE ( 'NONE', #7105, #4563, #3979, .T. ) ;
#5302 = EDGE_LOOP ( 'NONE', ( #549, #5483, #3181, #10488 ) ) ;
#5303 = VECTOR ( 'NONE', #5445, 1000.000000000000000 ) ;
#5304 = CARTESIAN_POINT ( 'NONE',  ( -74.51999999999999602, 11.99999999999998579, 3.100000000000001865 ) ) ;
#5305 = ORIENTED_EDGE ( 'NONE', *, *, #7349, .F. ) ;
#5306 = ORIENTED_EDGE ( 'NONE', *, *, #4091, .T. ) ;
#5307 = CARTESIAN_POINT ( 'NONE',  ( 27.70956352234567532, -13.56030988741396826, 3.500000000000003109 ) ) ;
#5308 = VECTOR ( 'NONE', #5132, 1000.000000000000000 ) ;
#5309 = ORIENTED_EDGE ( 'NONE', *, *, #5005, .T. ) ;
#5310 = ORIENTED_EDGE ( 'NONE', *, *, #3262, .T. ) ;
#5311 = CARTESIAN_POINT ( 'NONE',  ( -74.51999999999999602, 11.19999999999998685, 1.000000000000000888 ) ) ;
#5312 = VERTEX_POINT ( 'NONE', #2160 ) ;
#5313 = ORIENTED_EDGE ( 'NONE', *, *, #5700, .T. ) ;
#5314 = DIRECTION ( 'NONE',  ( -8.182657905550977046E-17, 1.000000000000000000, -0.000000000000000000 ) ) ;
#5315 = EDGE_CURVE ( 'NONE', #7986, #690, #2268, .T. ) ;
#5316 = CIRCLE ( 'NONE', #6441, 1.100000000000000311 ) ;
#5317 = LINE ( 'NONE', #10641, #1923 ) ;
#5318 = ORIENTED_EDGE ( 'NONE', *, *, #10473, .T. ) ;
#5319 = B_SPLINE_CURVE_WITH_KNOTS ( 'NONE', 3,
 ( #9497, #7771, #2073, #2308, #1293, #4073, #3953, #8512, #216, #3147, #11442, #11203, #5751, #275, #3086, #3207, #11327, #9438, #1232 ),
 .UNSPECIFIED., .F., .F.,
 ( 4, 1, 1, 1, 1, 1, 1, 1, 1, 1, 1, 1, 1, 1, 1, 1, 4 ),
 ( 0.000000000000000000, 0.06116154996539602262, 0.1203363801759607110, 0.1783898341784806996, 0.2358655101693931666, 0.2941823526725292348, 0.3532419669828831821, 0.4136922142579401718, 0.4761376879043046628, 0.5394336096482424958, 0.6023842390965561400, 0.6644303114771665797, 0.7277262332211056339, 0.7924691057685014917, 0.8591605019104376906, 0.9281559975465452084, 1.000000000000000000 ),
 .UNSPECIFIED. ) ;
#5320 = DIRECTION ( 'NONE',  ( 0.000000000000000000, 0.000000000000000000, -1.000000000000000000 ) ) ;
#5321 = DIRECTION ( 'NONE',  ( 0.000000000000000000, 0.000000000000000000, -1.000000000000000000 ) ) ;
#5322 = ADVANCED_FACE ( 'NONE', ( #4922, #1259, #6770, #8422, #11350, #3922 ), #11171, .F. ) ;
#5323 = CIRCLE ( 'NONE', #9127, 2.250000000000001776 ) ;
#5324 = CARTESIAN_POINT ( 'NONE',  ( 24.31557175256079972, -13.63178720494136265, 4.000000000000000000 ) ) ;
#5325 = ORIENTED_EDGE ( 'NONE', *, *, #5528, .T. ) ;
#5326 = DIRECTION ( 'NONE',  ( -0.000000000000000000, -0.000000000000000000, -1.000000000000000000 ) ) ;
#5327 = DIRECTION ( 'NONE',  ( 1.000000000000000000, 0.000000000000000000, 0.000000000000000000 ) ) ;
#5328 = AXIS2_PLACEMENT_3D ( 'NONE', #3244, #6897, #10499 ) ;
#5329 = ORIENTED_EDGE ( 'NONE', *, *, #7661, .T. ) ;
#5330 = CARTESIAN_POINT ( 'NONE',  ( -12.97499999999999964, -10.45000000000000107, 10.09999999999999964 ) ) ;
#5331 = DIRECTION ( 'NONE',  ( 0.000000000000000000, 0.000000000000000000, 1.000000000000000000 ) ) ;
#5332 = ORIENTED_EDGE ( 'NONE', *, *, #384, .T. ) ;
#5333 = AXIS2_PLACEMENT_3D ( 'NONE', #7358, #10063, #840 ) ;
#5334 = DIRECTION ( 'NONE',  ( -1.000000000000000000, -0.000000000000000000, -0.000000000000000000 ) ) ;
#5335 = PLANE ( 'NONE',  #8810 ) ;
#5336 = ORIENTED_EDGE ( 'NONE', *, *, #7435, .T. ) ;
#5337 = EDGE_CURVE ( 'NONE', #8750, #9594, #10262, .T. ) ;
#5338 = ORIENTED_EDGE ( 'NONE', *, *, #11434, .T. ) ;
#5339 = CARTESIAN_POINT ( 'NONE',  ( -9.200000000000001066, 18.00000000000000355, 10.09999999999999964 ) ) ;
#5340 = LINE ( 'NONE', #9937, #7027 ) ;
#5341 = CARTESIAN_POINT ( 'NONE',  ( 26.75609225266476088, -9.373738673385282993, 3.499999999999996003 ) ) ;
#5342 = CARTESIAN_POINT ( 'NONE',  ( -64.84999999999999432, 11.39999999999998614, 1.734723475976807094E-15 ) ) ;
#5343 = CARTESIAN_POINT ( 'NONE',  ( 23.37402939801983592, -13.52846469128273199, 3.499999999999999556 ) ) ;
#5344 = VECTOR ( 'NONE', #9056, 1000.000000000000227 ) ;
#5345 = VECTOR ( 'NONE', #6636, 1000.000000000000000 ) ;
#5346 = EDGE_CURVE ( 'NONE', #5537, #10271, #9748, .T. ) ;
#5347 = CARTESIAN_POINT ( 'NONE',  ( 25.39578847213858737, -10.09918134803125689, 4.000000000000003553 ) ) ;
#5348 = CARTESIAN_POINT ( 'NONE',  ( 23.98277243589742724, -7.135331946095345934, 3.499999999999996003 ) ) ;
#5349 = ORIENTED_EDGE ( 'NONE', *, *, #7290, .T. ) ;
#5350 = ORIENTED_EDGE ( 'NONE', *, *, #831, .T. ) ;
#5351 = DIRECTION ( 'NONE',  ( 0.000000000000000000, 0.000000000000000000, 1.000000000000000000 ) ) ;
#5352 = VERTEX_POINT ( 'NONE', #7496 ) ;
#5353 = EDGE_LOOP ( 'NONE', ( #2053, #6071 ) ) ;
#5354 = EDGE_CURVE ( 'NONE', #1020, #10718, #2876, .T. ) ;
#5355 = VECTOR ( 'NONE', #10363, 1000.000000000000000 ) ;
#5356 = VECTOR ( 'NONE', #3968, 1000.000000000000000 ) ;
#5357 = CARTESIAN_POINT ( 'NONE',  ( 27.72959812894091414, -13.42114572642101145, 4.000000000000003553 ) ) ;
#5358 = CARTESIAN_POINT ( 'NONE',  ( 29.44999999999999218, -5.999999999999988454, 4.000000000000000000 ) ) ;
#5359 = CARTESIAN_POINT ( 'NONE',  ( 12.99999999999999645, 52.29611577246487286, 10.09999999999999964 ) ) ;
#5360 = DIRECTION ( 'NONE',  ( 1.000000000000000000, 0.000000000000000000, 0.000000000000000000 ) ) ;
#5361 = ORIENTED_EDGE ( 'NONE', *, *, #10473, .F. ) ;
#5362 = CARTESIAN_POINT ( 'NONE',  ( 14.99999999999999645, -18.00000000000000000, 2.000000000000000000 ) ) ;
#5363 = CIRCLE ( 'NONE', #9363, 0.9749999999999993117 ) ;
#5364 = ORIENTED_EDGE ( 'NONE', *, *, #11043, .F. ) ;
#5365 = VECTOR ( 'NONE', #7797, 1000.000000000000000 ) ;
#5366 = DIRECTION ( 'NONE',  ( 0.000000000000000000, 0.000000000000000000, 1.000000000000000000 ) ) ;
#5367 = EDGE_CURVE ( 'NONE', #5148, #3188, #11697, .T. ) ;
#5368 = EDGE_CURVE ( 'NONE', #4977, #5276, #4868, .T. ) ;
#5369 = ORIENTED_EDGE ( 'NONE', *, *, #5251, .F. ) ;
#5370 = CARTESIAN_POINT ( 'NONE',  ( 14.99999999999999822, -2.999999999999992450, 5.000000000000000000 ) ) ;
#5371 = AXIS2_PLACEMENT_3D ( 'NONE', #327, #1287, #4952 ) ;
#5372 = ORIENTED_EDGE ( 'NONE', *, *, #2985, .T. ) ;
#5373 = VERTEX_POINT ( 'NONE', #7619 ) ;
#5374 = DIRECTION ( 'NONE',  ( -0.7137151099406172650, 0.7004361083228453078, 0.000000000000000000 ) ) ;
#5375 = CARTESIAN_POINT ( 'NONE',  ( -18.99999999999999645, -10.45000000000001172, 1.000000000000002665 ) ) ;
#5376 = CARTESIAN_POINT ( 'NONE',  ( 28.07355504234566368, 5.440343363831024348, 6.784455972358868436 ) ) ;
#5377 = AXIS2_PLACEMENT_3D ( 'NONE', #5917, #8729, #3337 ) ;
#5378 = ORIENTED_EDGE ( 'NONE', *, *, #2385, .F. ) ;
#5379 = DIRECTION ( 'NONE',  ( -0.7137151099406172650, -0.7004361083228453078, 0.000000000000000000 ) ) ;
#5380 = DIRECTION ( 'NONE',  ( 0.000000000000000000, -1.000000000000000000, 0.000000000000000000 ) ) ;
#5381 = EDGE_CURVE ( 'NONE', #7874, #3854, #2089, .T. ) ;
#5382 = EDGE_CURVE ( 'NONE', #8049, #11109, #1085, .T. ) ;
#5383 = ORIENTED_EDGE ( 'NONE', *, *, #6652, .F. ) ;
#5384 = PLANE ( 'NONE',  #7569 ) ;
#5385 = ORIENTED_EDGE ( 'NONE', *, *, #9943, .F. ) ;
#5386 = LINE ( 'NONE', #10951, #7779 ) ;
#5387 = DIRECTION ( 'NONE',  ( 0.000000000000000000, 0.000000000000000000, -1.000000000000000000 ) ) ;
#5388 = ORIENTED_EDGE ( 'NONE', *, *, #10643, .F. ) ;
#5389 = VECTOR ( 'NONE', #8371, 1000.000000000000114 ) ;
#5390 = DIRECTION ( 'NONE',  ( -0.000000000000000000, -0.000000000000000000, -1.000000000000000000 ) ) ;
#5391 = EDGE_CURVE ( 'NONE', #4653, #5839, #3059, .T. ) ;
#5392 = AXIS2_PLACEMENT_3D ( 'NONE', #2810, #6482, #1970 ) ;
#5393 = CARTESIAN_POINT ( 'NONE',  ( 26.64518355067240307, -14.15778508264492963, 4.000000000000003553 ) ) ;
#5394 = EDGE_CURVE ( 'NONE', #4906, #7826, #5363, .T. ) ;
#5395 = FACE_OUTER_BOUND ( 'NONE', #3510, .T. ) ;
#5396 = CARTESIAN_POINT ( 'NONE',  ( 39.19999999999998863, 13.55000000000000959, 2.000000000000001776 ) ) ;
#5397 = DIRECTION ( 'NONE',  ( 1.000000000000000000, 0.000000000000000000, 4.443617302310771409E-13 ) ) ;
#5398 = CARTESIAN_POINT ( 'NONE',  ( 27.66666666666665719, -10.98148579224919175, 3.499999999999999556 ) ) ;
#5399 = LINE ( 'NONE', #7294, #7281 ) ;
#5400 = DIRECTION ( 'NONE',  ( 1.000000000000000000, 0.000000000000000000, 0.000000000000000000 ) ) ;
#5401 = DIRECTION ( 'NONE',  ( -1.000000000000000000, -0.000000000000000000, -0.000000000000000000 ) ) ;
#5402 = AXIS2_PLACEMENT_3D ( 'NONE', #9095, #1955, #7474 ) ;
#5403 = EDGE_CURVE ( 'NONE', #5757, #6500, #3768, .T. ) ;
#5404 = CARTESIAN_POINT ( 'NONE',  ( 25.70184426217979734, -9.898242193064435313, 4.000000000000003553 ) ) ;
#5405 = ADVANCED_FACE ( 'NONE', ( #2376 ), #11334, .F. ) ;
#5406 = EDGE_CURVE ( 'NONE', #3345, #10630, #5163, .T. ) ;
#5407 = CARTESIAN_POINT ( 'NONE',  ( 24.46961134001542959, 5.400633288382885588, 3.599999999999999201 ) ) ;
#5408 = VERTEX_POINT ( 'NONE', #7599 ) ;
#5409 = DIRECTION ( 'NONE',  ( 1.000000000000000000, 0.000000000000000000, 0.000000000000000000 ) ) ;
#5410 = EDGE_CURVE ( 'NONE', #7986, #10185, #10540, .T. ) ;
#5411 = FACE_OUTER_BOUND ( 'NONE', #1584, .T. ) ;
#5412 = EDGE_CURVE ( 'NONE', #5805, #11225, #9566, .T. ) ;
#5413 = CARTESIAN_POINT ( 'NONE',  ( 25.99799679487178850, -14.18661399737739792, 4.000000000000000000 ) ) ;
#5414 = CARTESIAN_POINT ( 'NONE',  ( 26.66319914242449940, 9.200038813018830197, 6.812377427192834567 ) ) ;
#5415 = VERTEX_POINT ( 'NONE', #3962 ) ;
#5416 = ADVANCED_FACE ( 'NONE', ( #3096 ), #1885, .T. ) ;
#5417 = CARTESIAN_POINT ( 'NONE',  ( 9.199999999999995737, 18.00000000000000000, 10.09999999999999964 ) ) ;
#5418 = DIRECTION ( 'NONE',  ( 0.000000000000000000, 0.000000000000000000, 1.000000000000000000 ) ) ;
#5419 = EDGE_CURVE ( 'NONE', #9645, #5275, #10597, .T. ) ;
#5420 = ORIENTED_EDGE ( 'NONE', *, *, #10367, .F. ) ;
#5421 = DIRECTION ( 'NONE',  ( 0.000000000000000000, 0.000000000000000000, -1.000000000000000000 ) ) ;
#5422 = VERTEX_POINT ( 'NONE', #11449 ) ;
#5423 = CARTESIAN_POINT ( 'NONE',  ( 27.35493773600319756, -13.96896800775460257, 3.500000000000003109 ) ) ;
#5424 = VERTEX_POINT ( 'NONE', #4083 ) ;
#5425 = VECTOR ( 'NONE', #6540, 1000.000000000000000 ) ;
#5426 = DIRECTION ( 'NONE',  ( 1.000000000000000000, 0.000000000000000000, 0.000000000000000000 ) ) ;
#5427 = VERTEX_POINT ( 'NONE', #7724 ) ;
#5428 = VERTEX_POINT ( 'NONE', #6875 ) ;
#5429 = CARTESIAN_POINT ( 'NONE',  ( 24.05144284148500944, 5.924999999999996270, 3.599999999999999201 ) ) ;
#5430 = CARTESIAN_POINT ( 'NONE',  ( -33.56999999999998607, 7.049999999999989164, 2.000000000000000000 ) ) ;
#5431 = DIRECTION ( 'NONE',  ( 1.000000000000000000, 0.000000000000000000, 0.000000000000000000 ) ) ;
#5432 = VECTOR ( 'NONE', #925, 1000.000000000000000 ) ;
#5433 = ORIENTED_EDGE ( 'NONE', *, *, #5755, .F. ) ;
#5434 = CARTESIAN_POINT ( 'NONE',  ( 24.13849828701315658, -10.77376762013181200, 4.000000000000003553 ) ) ;
#5435 = CARTESIAN_POINT ( 'NONE',  ( -56.89999999999999147, 9.549999999999984723, 3.100000000000001865 ) ) ;
#5436 = CARTESIAN_POINT ( 'NONE',  ( 23.80641219759089111, 6.549327898598286346, 6.814029407017137885 ) ) ;
#5437 = FACE_BOUND ( 'NONE', #473, .T. ) ;
#5438 = FACE_OUTER_BOUND ( 'NONE', #4303, .T. ) ;
#5439 = FACE_OUTER_BOUND ( 'NONE', #5288, .T. ) ;
#5440 = FACE_BOUND ( 'NONE', #5179, .T. ) ;
#5441 = CARTESIAN_POINT ( 'NONE',  ( 27.58532216342740639, -13.78316893226880957, 4.000000000000007105 ) ) ;
#5442 = CARTESIAN_POINT ( 'NONE',  ( 28.20695418858148429, -14.46553045049184227, 4.000000000000003553 ) ) ;
#5443 = VERTEX_POINT ( 'NONE', #11383 ) ;
#5444 = VERTEX_POINT ( 'NONE', #5082 ) ;
#5445 = DIRECTION ( 'NONE',  ( -1.000000000000000000, -0.000000000000000000, -0.000000000000000000 ) ) ;
#5446 = CARTESIAN_POINT ( 'NONE',  ( 24.49302181276942392, 4.900664813666497643, 3.599999999999999201 ) ) ;
#5447 = CYLINDRICAL_SURFACE ( 'NONE', #7757, 2.250000000000001776 ) ;
#5448 = EDGE_CURVE ( 'NONE', #6669, #2188, #9005, .T. ) ;
#5449 = CARTESIAN_POINT ( 'NONE',  ( -74.51999999999999602, 1.999999999999986233, -8.732124598286489459 ) ) ;
#5450 = FACE_OUTER_BOUND ( 'NONE', #8914, .T. ) ;
#5451 = DIRECTION ( 'NONE',  ( -0.000000000000000000, -0.000000000000000000, 1.000000000000000000 ) ) ;
#5452 = CARTESIAN_POINT ( 'NONE',  ( 16.99999999999999645, -17.99999999999999289, 5.000000000000000000 ) ) ;
#5453 = FACE_OUTER_BOUND ( 'NONE', #8096, .T. ) ;
#5454 = EDGE_CURVE ( 'NONE', #10977, #4559, #7178, .T. ) ;
#5455 = CARTESIAN_POINT ( 'NONE',  ( 25.66465490110361358, 4.825130640993461562, 5.999999999999998224 ) ) ;
#5456 = VERTEX_POINT ( 'NONE', #1549 ) ;
#5457 = ORIENTED_EDGE ( 'NONE', *, *, #8998, .T. ) ;
#5458 = CARTESIAN_POINT ( 'NONE',  ( 20.99999999999998934, 37.55000000000001137, 2.975000000000000977 ) ) ;
#5459 = DIRECTION ( 'NONE',  ( 0.3214017469878818201, -0.9469429323001137266, 0.000000000000000000 ) ) ;
#5460 = ORIENTED_EDGE ( 'NONE', *, *, #3292, .F. ) ;
#5461 = VERTEX_POINT ( 'NONE', #1611 ) ;
#5462 = AXIS2_PLACEMENT_3D ( 'NONE', #4016, #7717, #7534 ) ;
#5463 = CARTESIAN_POINT ( 'NONE',  ( -6.000000000000002665, 10.60000000000000142, 0.000000000000000000 ) ) ;
#5464 = CYLINDRICAL_SURFACE ( 'NONE', #6832, 0.9750000000000001998 ) ;
#5465 = ORIENTED_EDGE ( 'NONE', *, *, #7508, .F. ) ;
#5466 = DIRECTION ( 'NONE',  ( 0.000000000000000000, -0.000000000000000000, -1.000000000000000000 ) ) ;
#5467 = ADVANCED_FACE ( 'NONE', ( #5395 ), #9752, .F. ) ;
#5468 = ADVANCED_FACE ( 'NONE', ( #6221 ), #5335, .F. ) ;
#5469 = DIRECTION ( 'NONE',  ( -1.000000000000000000, 0.000000000000000000, 0.000000000000000000 ) ) ;
#5470 = LINE ( 'NONE', #8172, #8675 ) ;
#5471 = AXIS2_PLACEMENT_3D ( 'NONE', #1399, #5061, #7944 ) ;
#5472 = CARTESIAN_POINT ( 'NONE',  ( -60.79999999999999005, -1.366094737331735587E-14, 3.100000000000001865 ) ) ;
#5473 = VERTEX_POINT ( 'NONE', #582 ) ;
#5474 = AXIS2_PLACEMENT_3D ( 'NONE', #5727, #2948, #1329 ) ;
#5475 = CARTESIAN_POINT ( 'NONE',  ( 28.03070858826244560, 5.386615609801181925, 5.999999999999998224 ) ) ;
#5476 = ORIENTED_EDGE ( 'NONE', *, *, #260, .T. ) ;
#5477 = CARTESIAN_POINT ( 'NONE',  ( 24.47223149527604491, -12.92710788220436058, 3.500000000000006661 ) ) ;
#5478 = PRESENTATION_LAYER_ASSIGNMENT (  '', '', ( #9664 ) ) ;
#5479 = EDGE_CURVE ( 'NONE', #8892, #10146, #11644, .T. ) ;
#5480 = VECTOR ( 'NONE', #3643, 1000.000000000000000 ) ;
#5481 = DIRECTION ( 'NONE',  ( -0.1212901720717943915, 0.9926170934246471012, 0.000000000000000000 ) ) ;
#5482 = CARTESIAN_POINT ( 'NONE',  ( -74.51999999999999602, 11.19999999999998685, 3.100000000000001865 ) ) ;
#5483 = ORIENTED_EDGE ( 'NONE', *, *, #564, .T. ) ;
#5484 = VERTEX_POINT ( 'NONE', #9039 ) ;
#5485 = CARTESIAN_POINT ( 'NONE',  ( 26.76863580294505596, -9.505762882641311862, 3.999999999999996447 ) ) ;
#5486 = CARTESIAN_POINT ( 'NONE',  ( -52.99999999999998579, -8.673617379884035472E-15, 2.000000000000000000 ) ) ;
#5487 = EDGE_CURVE ( 'NONE', #10146, #3305, #5274, .T. ) ;
#5488 = AXIS2_PLACEMENT_3D ( 'NONE', #1878, #3572, #9133 ) ;
#5489 = ORIENTED_EDGE ( 'NONE', *, *, #7009, .F. ) ;
#5490 = CARTESIAN_POINT ( 'NONE',  ( 25.87111837412344428, -11.68710049682171181, 3.499999999999996003 ) ) ;
#5491 = CARTESIAN_POINT ( 'NONE',  ( 27.06069711538460254, -3.994306305069704965, 3.499999999999999556 ) ) ;
#5492 = EDGE_CURVE ( 'NONE', #5988, #10230, #6994, .T. ) ;
#5493 = DIRECTION ( 'NONE',  ( 0.000000000000000000, -0.000000000000000000, 1.000000000000000000 ) ) ;
#5494 = FILL_AREA_STYLE_COLOUR ( '', #6056 ) ;
#5495 = VECTOR ( 'NONE', #4717, 1000.000000000000114 ) ;
#5496 = FACE_BOUND ( 'NONE', #1588, .T. ) ;
#5497 = ORIENTED_EDGE ( 'NONE', *, *, #4875, .T. ) ;
#5498 = LINE ( 'NONE', #871, #3316 ) ;
#5499 = DIRECTION ( 'NONE',  ( 0.000000000000000000, 0.000000000000000000, 1.000000000000000000 ) ) ;
#5500 = DIRECTION ( 'NONE',  ( -0.000000000000000000, -0.000000000000000000, -1.000000000000000000 ) ) ;
#5501 = CARTESIAN_POINT ( 'NONE',  ( 12.00000000000000000, 9.549999999999998934, -4.999999999999999112 ) ) ;
#5502 = CARTESIAN_POINT ( 'NONE',  ( 27.72521652343418097, -13.27610519395903310, 3.500000000000006661 ) ) ;
#5503 = CIRCLE ( 'NONE', #8002, 2.624999999999998668 ) ;
#5504 = DIRECTION ( 'NONE',  ( 0.000000000000000000, 0.000000000000000000, -1.000000000000000000 ) ) ;
#5505 = FILL_AREA_STYLE_COLOUR ( '', #6879 ) ;
#5506 = CARTESIAN_POINT ( 'NONE',  ( 24.59505810192151642, -14.92497852277270098, 4.000000000000000000 ) ) ;
#5507 = CARTESIAN_POINT ( 'NONE',  ( 24.91095812013233157, -10.13651612217020670, 3.499999999999999556 ) ) ;
#5508 = ORIENTED_EDGE ( 'NONE', *, *, #682, .F. ) ;
#5509 = CARTESIAN_POINT ( 'NONE',  ( 27.50697818723059029, 4.900664813666521624, 5.999999999999998224 ) ) ;
#5510 = CARTESIAN_POINT ( 'NONE',  ( -23.74999999999998934, 9.549999999999988276, 2.000000000000000000 ) ) ;
#5511 = VERTEX_POINT ( 'NONE', #8988 ) ;
#5512 = DIRECTION ( 'NONE',  ( -1.000000000000000000, 0.000000000000000000, 0.000000000000000000 ) ) ;
#5513 = VECTOR ( 'NONE', #9701, 1000.000000000000000 ) ;
#5514 = CARTESIAN_POINT ( 'NONE',  ( 26.42517884403941864, 9.640337420217937492, 3.599999999999999201 ) ) ;
#5515 = VECTOR ( 'NONE', #3434, 1000.000000000000000 ) ;
#5516 = DIRECTION ( 'NONE',  ( 0.000000000000000000, 0.000000000000000000, 1.000000000000000000 ) ) ;
#5517 = ORIENTED_EDGE ( 'NONE', *, *, #8021, .F. ) ;
#5518 = DIRECTION ( 'NONE',  ( -0.000000000000000000, 0.000000000000000000, 1.000000000000000000 ) ) ;
#5519 = DIRECTION ( 'NONE',  ( -1.000000000000000000, 0.000000000000000000, 0.000000000000000000 ) ) ;
#5520 = ORIENTED_EDGE ( 'NONE', *, *, #11798, .T. ) ;
#5521 = CARTESIAN_POINT ( 'NONE',  ( -47.19999999999998863, -18.00000000000001066, 20.91137224000415529 ) ) ;
#5522 = ORIENTED_EDGE ( 'NONE', *, *, #5391, .T. ) ;
#5523 = VERTEX_POINT ( 'NONE', #3407 ) ;
#5524 = DIRECTION ( 'NONE',  ( -1.000000000000000000, 0.000000000000000000, 0.000000000000000000 ) ) ;
#5525 = ORIENTED_EDGE ( 'NONE', *, *, #3608, .T. ) ;
#5526 = LINE ( 'NONE', #10009, #2249 ) ;
#5527 = FACE_OUTER_BOUND ( 'NONE', #4680, .T. ) ;
#5528 = EDGE_CURVE ( 'NONE', #8131, #7020, #8930, .T. ) ;
#5529 = LINE ( 'NONE', #8341, #2644 ) ;
#5530 = CARTESIAN_POINT ( 'NONE',  ( 27.77874780876727101, -11.99457524759169047, 4.000000000000007105 ) ) ;
#5531 = VECTOR ( 'NONE', #2776, 1000.000000000000000 ) ;
#5532 = AXIS2_PLACEMENT_3D ( 'NONE', #6188, #3751, #9461 ) ;
#5533 = CARTESIAN_POINT ( 'NONE',  ( 9.199999999999995737, -12.00000000000000000, 4.999999999999999112 ) ) ;
#5534 = DIRECTION ( 'NONE',  ( -1.445602896647339410E-16, 1.000000000000000000, 0.000000000000000000 ) ) ;
#5535 = VERTEX_POINT ( 'NONE', #8098 ) ;
#5536 = CARTESIAN_POINT ( 'NONE',  ( 11.99999999999999467, -9.000000000000001776, 10.09999999999999964 ) ) ;
#5537 = VERTEX_POINT ( 'NONE', #2501 ) ;
#5538 = ADVANCED_FACE ( 'NONE', ( #4379 ), #2560, .T. ) ;
#5539 = CARTESIAN_POINT ( 'NONE',  ( 25.50887421823198054, -12.59592915618767606, 3.499999999999999556 ) ) ;
#5540 = AXIS2_PLACEMENT_3D ( 'NONE', #3832, #2668, #4603 ) ;
#5541 = AXIS2_PLACEMENT_3D ( 'NONE', #3406, #9038, #767 ) ;
#5542 = DIRECTION ( 'NONE',  ( -0.000000000000000000, -1.000000000000000000, -0.000000000000000000 ) ) ;
#5543 = CARTESIAN_POINT ( 'NONE',  ( 25.35308843033563164, -14.15358962465455406, 3.499999999999996003 ) ) ;
#5544 = ORIENTED_EDGE ( 'NONE', *, *, #6497, .F. ) ;
#5545 = CARTESIAN_POINT ( 'NONE',  ( 25.84207012592564467, -9.664515515022191749, 3.499999999999999556 ) ) ;
#5546 = ORIENTED_EDGE ( 'NONE', *, *, #8778, .T. ) ;
#5547 = B_SPLINE_SURFACE_WITH_KNOTS ( 'NONE', 3, 1, ( 
 ( #4796, #11380 ),
 ( #6696, #3149 ),
 ( #4901, #2247 ),
 ( #5918, #9439 ),
 ( #9561, #1360 ),
 ( #8566, #5018 ),
 ( #8676, #4129 ),
 ( #3209, #6870 ),
 ( #1604, #10660 ),
 ( #11705, #7840 ),
 ( #3468, #5268 ) ),
 .UNSPECIFIED., .F., .F., .F.,
 ( 4, 1, 1, 1, 1, 1, 1, 1, 4 ),
 ( 2, 2 ),
 ( 0.000000000000000000, 0.1103603399843300775, 0.2211857967812662640, 0.3343638213725839137, 0.4529765798274150712, 0.5772343082002672210, 0.7088043240432445602, 0.8493551270704492451, 1.000000000000000000 ),
 ( 0.000000000000000000, 1.000000000000000000 ),
 .UNSPECIFIED. ) ;
#5548 = VECTOR ( 'NONE', #5380, 1000.000000000000000 ) ;
#5549 = CARTESIAN_POINT ( 'NONE',  ( 14.99999999999999645, -16.00000000000000000, 10.09999999999999964 ) ) ;
#5550 = ORIENTED_EDGE ( 'NONE', *, *, #4927, .F. ) ;
#5551 = EDGE_CURVE ( 'NONE', #9159, #6888, #5300, .T. ) ;
#5552 = EDGE_CURVE ( 'NONE', #11795, #7456, #2613, .T. ) ;
#5553 = EDGE_CURVE ( 'NONE', #11795, #1763, #6338, .T. ) ;
#5554 = ORIENTED_EDGE ( 'NONE', *, *, #3717, .T. ) ;
#5555 = VERTEX_POINT ( 'NONE', #9931 ) ;
#5556 = CARTESIAN_POINT ( 'NONE',  ( 23.47264795471115661, -12.78219253351890572, 3.499999999999989342 ) ) ;
#5557 = VECTOR ( 'NONE', #6278, 1000.000000000000000 ) ;
#5558 = DIRECTION ( 'NONE',  ( -0.000000000000000000, -0.000000000000000000, -1.000000000000000000 ) ) ;
#5559 = SURFACE_STYLE_USAGE ( .BOTH. , #4537 ) ;
#5560 = CARTESIAN_POINT ( 'NONE',  ( -25.99999999999999289, -10.45000000000001172, 1.000000000000000888 ) ) ;
#5561 = ORIENTED_EDGE ( 'NONE', *, *, #11342, .F. ) ;
#5562 = CARTESIAN_POINT ( 'NONE',  ( 14.99999999999999467, -9.000000000000001776, 2.000000000000000000 ) ) ;
#5563 = VECTOR ( 'NONE', #4539, 1000.000000000000000 ) ;
#5564 = EDGE_CURVE ( 'NONE', #4114, #6062, #1729, .T. ) ;
#5565 = EDGE_CURVE ( 'NONE', #4271, #3154, #4600, .T. ) ;
#5566 = CARTESIAN_POINT ( 'NONE',  ( 28.56286405820672414, -13.86316541404170444, 4.000000000000001776 ) ) ;
#5567 = DIRECTION ( 'NONE',  ( -1.000000000000000000, 0.000000000000000000, 0.000000000000000000 ) ) ;
#5568 = CARTESIAN_POINT ( 'NONE',  ( -6.000000000000000000, -9.039999999999999147, 2.000000000000000000 ) ) ;
#5569 = EDGE_LOOP ( 'NONE', ( #7712, #11615, #3314, #3472 ) ) ;
#5570 = EDGE_LOOP ( 'NONE', ( #10665, #9229, #11249, #2458 ) ) ;
#5571 = DIRECTION ( 'NONE',  ( 0.000000000000000000, 0.000000000000000000, 1.000000000000000000 ) ) ;
#5572 = DIRECTION ( 'NONE',  ( 0.000000000000000000, 1.000000000000000000, 0.000000000000000000 ) ) ;
#5573 = EDGE_LOOP ( 'NONE', ( #2265, #1703, #8635, #7074 ) ) ;
#5574 = VECTOR ( 'NONE', #2493, 1000.000000000000000 ) ;
#5575 = B_SPLINE_CURVE_WITH_KNOTS ( 'NONE', 3,
 ( #10866, #844, #7309, #10982, #10067, #7199, #3727, #4632, #5530, #10012, #4693 ),
 .UNSPECIFIED., .F., .F.,
 ( 4, 1, 1, 1, 1, 1, 1, 1, 4 ),
 ( 0.000000000000000000, 0.1610658343667284997, 0.3107786020643439340, 0.4498890489726596331, 0.5782757976059885729, 0.6966271750068687707, 0.8059936940939381733, 0.9065647718062156413, 1.000000000000000000 ),
 .UNSPECIFIED. ) ;
#5576 = EDGE_CURVE ( 'NONE', #11049, #11483, #8035, .T. ) ;
#5577 = LINE ( 'NONE', #3648, #6849 ) ;
#5578 = DIRECTION ( 'NONE',  ( -0.000000000000000000, -0.000000000000000000, 1.000000000000000000 ) ) ;
#5579 = EDGE_LOOP ( 'NONE', ( #722, #5313, #6202, #7748, #5631 ) ) ;
#5580 = DIRECTION ( 'NONE',  ( 0.000000000000000000, 0.000000000000000000, 1.000000000000000000 ) ) ;
#5581 = LINE ( 'NONE', #220, #4940 ) ;
#5582 = CARTESIAN_POINT ( 'NONE',  ( 25.76952148221931793, -14.18416132740932945, 4.000000000000007105 ) ) ;
#5583 = VECTOR ( 'NONE', #9262, 999.9999999999998863 ) ;
#5584 = EDGE_CURVE ( 'NONE', #4524, #3143, #2486, .T. ) ;
#5585 = ORIENTED_EDGE ( 'NONE', *, *, #73, .F. ) ;
#5586 = ORIENTED_EDGE ( 'NONE', *, *, #4716, .F. ) ;
#5587 = CARTESIAN_POINT ( 'NONE',  ( 24.74999999999998934, 7.050000000000004263, 3.599999999999999201 ) ) ;
#5588 = PLANE ( 'NONE',  #8236 ) ;
#5589 = CARTESIAN_POINT ( 'NONE',  ( -49.99999999999998579, 9.549999999999988276, 1.000000000000000888 ) ) ;
#5590 = VERTEX_POINT ( 'NONE', #4605 ) ;
#5591 = CARTESIAN_POINT ( 'NONE',  ( 5.999999999999997335, 10.60000000000000142, 2.000000000000000000 ) ) ;
#5592 = PLANE ( 'NONE',  #9925 ) ;
#5593 = CARTESIAN_POINT ( 'NONE',  ( -69.99999999999998579, -1.387778780781445676E-14, 1.000000000000000888 ) ) ;
#5594 = VECTOR ( 'NONE', #4864, 1000.000000000000000 ) ;
#5595 = FACE_OUTER_BOUND ( 'NONE', #9877, .T. ) ;
#5596 = EDGE_LOOP ( 'NONE', ( #7553, #3300, #10359, #8323 ) ) ;
#5597 = CARTESIAN_POINT ( 'NONE',  ( 26.67281426648461817, -15.05696779646828887, 3.999999999999994671 ) ) ;
#5598 = LINE ( 'NONE', #8415, #3667 ) ;
#5599 = ADVANCED_FACE ( 'NONE', ( #9145 ), #1114, .F. ) ;
#5600 = CARTESIAN_POINT ( 'NONE',  ( 26.07780449946834977, -15.08361111960129541, 3.499999999999996003 ) ) ;
#5601 = AXIS2_PLACEMENT_3D ( 'NONE', #1583, #8011, #11693 ) ;
#5602 = CARTESIAN_POINT ( 'NONE',  ( 20.99999999999998934, 14.04999999999998295, 4.000000000000000000 ) ) ;
#5603 = DIRECTION ( 'NONE',  ( -0.000000000000000000, -0.000000000000000000, -1.000000000000000000 ) ) ;
#5604 = DIRECTION ( 'NONE',  ( 0.000000000000000000, 0.000000000000000000, -1.000000000000000000 ) ) ;
#5605 = EDGE_CURVE ( 'NONE', #6008, #3320, #8450, .T. ) ;
#5606 = CARTESIAN_POINT ( 'NONE',  ( 25.59342578366608123, -9.996346260200221323, 3.499999999999996003 ) ) ;
#5607 = ORIENTED_EDGE ( 'NONE', *, *, #1226, .F. ) ;
#5608 = VECTOR ( 'NONE', #10986, 1000.000000000000114 ) ;
#5609 = LINE ( 'NONE', #10027, #5672 ) ;
#5610 = DIRECTION ( 'NONE',  ( -1.000000000000000000, -0.000000000000000000, -0.000000000000000000 ) ) ;
#5611 = EDGE_CURVE ( 'NONE', #224, #5887, #6388, .T. ) ;
#5612 = ORIENTED_EDGE ( 'NONE', *, *, #8848, .F. ) ;
#5613 = ORIENTED_EDGE ( 'NONE', *, *, #5412, .T. ) ;
#5614 = ORIENTED_EDGE ( 'NONE', *, *, #3877, .T. ) ;
#5615 = CARTESIAN_POINT ( 'NONE',  ( 24.00119207101465690, -10.67457535363989329, 3.999999999999993339 ) ) ;
#5616 = VECTOR ( 'NONE', #10436, 1000.000000000000000 ) ;
#5617 = ORIENTED_EDGE ( 'NONE', *, *, #3323, .T. ) ;
#5618 = DIRECTION ( 'NONE',  ( 0.000000000000000000, 0.000000000000000000, 1.000000000000000000 ) ) ;
#5619 = EDGE_CURVE ( 'NONE', #9129, #8639, #6450, .T. ) ;
#5620 = EDGE_CURVE ( 'NONE', #8081, #9966, #5629, .T. ) ;
#5622 = UNCERTAINTY_MEASURE_WITH_UNIT (LENGTH_MEASURE( 1.000000000000000082E-05 ), #2833, 'distance_accuracy_value', 'NONE');
#5621 = DIRECTION ( 'NONE',  ( 0.000000000000000000, 1.000000000000000000, 0.000000000000000000 ) ) ;
#5623 = ORIENTED_EDGE ( 'NONE', *, *, #18, .F. ) ;
#5624 = LINE ( 'NONE', #9316, #8681 ) ;
#5625 = AXIS2_PLACEMENT_3D ( 'NONE', #6476, #1750, #957 ) ;
#5626 = CARTESIAN_POINT ( 'NONE',  ( 24.33174418035721942, -9.119167585266350073, 4.000000000000010658 ) ) ;
#5627 = DIRECTION ( 'NONE',  ( -0.000000000000000000, -0.000000000000000000, -1.000000000000000000 ) ) ;
#5628 = DIRECTION ( 'NONE',  ( -0.000000000000000000, -0.000000000000000000, -1.000000000000000000 ) ) ;
#5629 = LINE ( 'NONE', #152, #367 ) ;
#5630 = ORIENTED_EDGE ( 'NONE', *, *, #3376, .T. ) ;
#5631 = ORIENTED_EDGE ( 'NONE', *, *, #9060, .T. ) ;
#5632 = CARTESIAN_POINT ( 'NONE',  ( -52.99999999999999289, 11.99999999999998934, 2.000000000000000000 ) ) ;
#5633 = VERTEX_POINT ( 'NONE', #4547 ) ;
#5634 = EDGE_CURVE ( 'NONE', #10872, #6304, #2724, .T. ) ;
#5635 = LINE ( 'NONE', #8154, #9351 ) ;
#5636 = CARTESIAN_POINT ( 'NONE',  ( 24.27327842353486886, -9.319252380826087645, 3.500000000000010214 ) ) ;
#5637 = ORIENTED_EDGE ( 'NONE', *, *, #3507, .F. ) ;
#5638 = LINE ( 'NONE', #7535, #2555 ) ;
#5639 = MANIFOLD_SOLID_BREP ( 'Body-Move/Copy3', #1988 ) ;
#5640 = DIRECTION ( 'NONE',  ( -1.000000000000000000, 0.000000000000000000, 0.000000000000000000 ) ) ;
#5641 = LINE ( 'NONE', #8394, #9584 ) ;
#5642 = ORIENTED_EDGE ( 'NONE', *, *, #242, .T. ) ;
#5643 = VERTEX_POINT ( 'NONE', #8318 ) ;
#5644 = DIRECTION ( 'NONE',  ( -0.000000000000000000, -0.000000000000000000, 1.000000000000000000 ) ) ;
#5645 = CYLINDRICAL_SURFACE ( 'NONE', #7458, 3.000000000000000888 ) ;
#5646 = ORIENTED_EDGE ( 'NONE', *, *, #5890, .T. ) ;
#5647 = ORIENTED_EDGE ( 'NONE', *, *, #6196, .T. ) ;
#5648 = CARTESIAN_POINT ( 'NONE',  ( 27.16980469903909068, 9.399932332239817612, 3.599999999999999201 ) ) ;
#5649 = CARTESIAN_POINT ( 'NONE',  ( -74.51999999999999602, 8.450000000000013500, 6.649999999999992362 ) ) ;
#5650 = CARTESIAN_POINT ( 'NONE',  ( -25.99999999999999289, 9.549999999999988276, -6.211269837220810608 ) ) ;
#5651 = CARTESIAN_POINT ( 'NONE',  ( 9.199999999999999289, -17.99999999999999289, 10.09999999999999964 ) ) ;
#5652 = EDGE_CURVE ( 'NONE', #8080, #5276, #2779, .T. ) ;
#5653 = DIRECTION ( 'NONE',  ( 0.9842688068584239947, -0.1766774344546987729, 0.000000000000000000 ) ) ;
#5654 = VERTEX_POINT ( 'NONE', #9211 ) ;
#5655 = LINE ( 'NONE', #1200, #204 ) ;
#5656 = ORIENTED_EDGE ( 'NONE', *, *, #7161, .F. ) ;
#5657 = VERTEX_POINT ( 'NONE', #1049 ) ;
#5658 = CARTESIAN_POINT ( 'NONE',  ( 24.54657823142235884, -12.86471417993600497, 3.500000000000003109 ) ) ;
#5659 = DIRECTION ( 'NONE',  ( 0.000000000000000000, 0.000000000000000000, 1.000000000000000000 ) ) ;
#5660 = CARTESIAN_POINT ( 'NONE',  ( 26.97623841301451364, 5.022820047219567208, 3.599999999999999201 ) ) ;
#5661 = FACE_OUTER_BOUND ( 'NONE', #11823, .T. ) ;
#5662 = DIRECTION ( 'NONE',  ( 1.000000000000000000, 0.000000000000000000, 0.000000000000000000 ) ) ;
#5663 = LINE ( 'NONE', #192, #8926 ) ;
#5664 = AXIS2_PLACEMENT_3D ( 'NONE', #10411, #1295, #10469 ) ;
#5665 = DIRECTION ( 'NONE',  ( -0.000000000000000000, -0.000000000000000000, 1.000000000000000000 ) ) ;
#5666 = ORIENTED_EDGE ( 'NONE', *, *, #7265, .T. ) ;
#5667 = CARTESIAN_POINT ( 'NONE',  ( -20.09999999999999787, 1.549999999999989164, -20.20000000000000284 ) ) ;
#5668 = DIRECTION ( 'NONE',  ( 0.8101380867480008074, -0.5862390983210594708, 0.000000000000000000 ) ) ;
#5669 = ORIENTED_EDGE ( 'NONE', *, *, #2468, .T. ) ;
#5670 = MECHANICAL_DESIGN_GEOMETRIC_PRESENTATION_REPRESENTATION (  '', ( #9664 ), #485 ) ;
#5671 = EDGE_LOOP ( 'NONE', ( #341, #11805, #3964, #7061 ) ) ;
#5672 = VECTOR ( 'NONE', #3622, 1000.000000000000000 ) ;
#5673 = ORIENTED_EDGE ( 'NONE', *, *, #1487, .T. ) ;
#5674 = DIRECTION ( 'NONE',  ( -1.000000000000000000, 0.000000000000000000, 0.000000000000000000 ) ) ;
#5675 = CARTESIAN_POINT ( 'NONE',  ( 23.52426227845851159, -6.286490372935561233, 4.000000000000003553 ) ) ;
#5676 = DIRECTION ( 'NONE',  ( 1.000000000000000000, 0.000000000000000000, 0.000000000000000000 ) ) ;
#5677 = VERTEX_POINT ( 'NONE', #86 ) ;
#5678 = CARTESIAN_POINT ( 'NONE',  ( 26.35722601711972146, 9.650579660901161816, 3.599999999999999201 ) ) ;
#5679 = VECTOR ( 'NONE', #11802, 1000.000000000000000 ) ;
#5680 = DIRECTION ( 'NONE',  ( 0.000000000000000000, 0.000000000000000000, 1.000000000000000000 ) ) ;
#5681 = VECTOR ( 'NONE', #5792, 1000.000000000000000 ) ;
#5682 = DIRECTION ( 'NONE',  ( 1.000000000000000000, -0.000000000000000000, -0.000000000000000000 ) ) ;
#5683 = EDGE_CURVE ( 'NONE', #5657, #11685, #7526, .T. ) ;
#5684 = DIRECTION ( 'NONE',  ( 1.000000000000000000, 0.000000000000000000, 0.000000000000000000 ) ) ;
#5685 = CARTESIAN_POINT ( 'NONE',  ( 28.56286405820672414, -13.86316541404170444, 4.000000000000000000 ) ) ;
#5686 = ORIENTED_EDGE ( 'NONE', *, *, #6246, .T. ) ;
#5687 = AXIS2_PLACEMENT_3D ( 'NONE', #5265, #4194, #1539 ) ;
#5688 = CARTESIAN_POINT ( 'NONE',  ( 25.02376158698549702, 5.022820047219557438, 3.599999999999999201 ) ) ;
#5689 = ORIENTED_EDGE ( 'NONE', *, *, #4520, .F. ) ;
#5690 = DIRECTION ( 'NONE',  ( -1.000000000000000000, 0.000000000000000000, 0.000000000000000000 ) ) ;
#5691 = LINE ( 'NONE', #2849, #3025 ) ;
#5692 = EDGE_LOOP ( 'NONE', ( #7845, #8749, #1687, #1394, #670 ) ) ;
#5693 = ORIENTED_EDGE ( 'NONE', *, *, #332, .F. ) ;
#5694 = CARTESIAN_POINT ( 'NONE',  ( 25.87072065702534474, -9.531609359230628797, 3.499999999999999556 ) ) ;
#5695 = FACE_BOUND ( 'NONE', #4512, .T. ) ;
#5696 = AXIS2_PLACEMENT_3D ( 'NONE', #4086, #10138, #3734 ) ;
#5697 = PLANE ( 'NONE',  #1760 ) ;
#5698 = ORIENTED_EDGE ( 'NONE', *, *, #468, .F. ) ;
#5699 = ORIENTED_EDGE ( 'NONE', *, *, #2799, .T. ) ;
#5700 = EDGE_CURVE ( 'NONE', #8066, #8612, #1888, .T. ) ;
#5701 = ADVANCED_FACE ( 'NONE', ( #9612 ), #5010, .F. ) ;
#5702 = FACE_OUTER_BOUND ( 'NONE', #6363, .T. ) ;
#5703 = CARTESIAN_POINT ( 'NONE',  ( 28.61486796622784823, 6.819586200076075855, 6.814029407017137885 ) ) ;
#5704 = ORIENTED_EDGE ( 'NONE', *, *, #492, .T. ) ;
#5705 = CARTESIAN_POINT ( 'NONE',  ( 23.38581700132580821, -13.13524655550913067, 4.000000000000003553 ) ) ;
#5706 = DIRECTION ( 'NONE',  ( 0.000000000000000000, 0.000000000000000000, 1.000000000000000000 ) ) ;
#5707 = DIRECTION ( 'NONE',  ( 0.000000000000000000, -0.000000000000000000, -1.000000000000000000 ) ) ;
#5708 = VECTOR ( 'NONE', #3950, 1000.000000000000000 ) ;
#5709 = LINE ( 'NONE', #1072, #3614 ) ;
#5710 = EDGE_CURVE ( 'NONE', #4906, #3297, #3028, .T. ) ;
#5711 = CIRCLE ( 'NONE', #9511, 0.9499999999999998446 ) ;
#5712 = DIRECTION ( 'NONE',  ( 0.000000000000000000, 0.000000000000000000, 1.000000000000000000 ) ) ;
#5713 = ORIENTED_EDGE ( 'NONE', *, *, #2112, .F. ) ;
#5714 = CARTESIAN_POINT ( 'NONE',  ( 23.98277243589742724, -6.045588356351756509, 4.000000000000003553 ) ) ;
#5715 = CARTESIAN_POINT ( 'NONE',  ( 27.94855715851499056, 5.925000000000022027, 3.599999999999999201 ) ) ;
#5716 = EDGE_LOOP ( 'NONE', ( #5699, #8946 ) ) ;
#5717 = EDGE_LOOP ( 'NONE', ( #70, #2921, #3770, #8747 ) ) ;
#5718 = CARTESIAN_POINT ( 'NONE',  ( 25.94090544871794179, -12.58404989481329395, 4.000000000000015099 ) ) ;
#5719 = ADVANCED_FACE ( 'NONE', ( #11436 ), #5746, .T. ) ;
#5720 = CIRCLE ( 'NONE', #2437, 1.099999999999996758 ) ;
#5721 = CARTESIAN_POINT ( 'NONE',  ( 24.52564102564101844, -3.994306305069704965, 3.499999999999999556 ) ) ;
#5722 = DIRECTION ( 'NONE',  ( 0.000000000000000000, 0.000000000000000000, -1.000000000000000000 ) ) ;
#5723 = AXIS2_PLACEMENT_3D ( 'NONE', #2058, #7582, #5004 ) ;
#5724 = CARTESIAN_POINT ( 'NONE',  ( 25.66465490110361358, 4.825130640993461562, 6.811805131996955254 ) ) ;
#5725 = DIRECTION ( 'NONE',  ( 0.000000000000000000, 0.000000000000000000, 1.000000000000000000 ) ) ;
#5726 = ORIENTED_EDGE ( 'NONE', *, *, #4471, .T. ) ;
#5727 = CARTESIAN_POINT ( 'NONE',  ( 25.99999999999999289, 7.050000000000004263, 3.599999999999999201 ) ) ;
#5728 = CARTESIAN_POINT ( 'NONE',  ( 23.52426227845851159, -6.286490372935561233, 4.000000000000003553 ) ) ;
#5729 = AXIS2_PLACEMENT_3D ( 'NONE', #10072, #2697, #6305 ) ;
#5730 = VECTOR ( 'NONE', #363, 1000.000000000000000 ) ;
#5731 = VERTEX_POINT ( 'NONE', #10345 ) ;
#5732 = ORIENTED_EDGE ( 'NONE', *, *, #7729, .T. ) ;
#5733 = CARTESIAN_POINT ( 'NONE',  ( 27.64609113099423965, -13.05988780808885963, 4.000000000000003553 ) ) ;
#5734 = CIRCLE ( 'NONE', #10321, 1.100000000000000311 ) ;
#5735 = CARTESIAN_POINT ( 'NONE',  ( 25.33680085757545442, 9.200038813018819539, 3.599999999999999201 ) ) ;
#5736 = VERTEX_POINT ( 'NONE', #3271 ) ;
#5737 = CARTESIAN_POINT ( 'NONE',  ( 20.99999999999998934, 25.55000000000001492, 2.000000000000001776 ) ) ;
#5738 =( NAMED_UNIT ( * ) SI_UNIT ( $, .STERADIAN. ) SOLID_ANGLE_UNIT ( ) );
#5739 = DIRECTION ( 'NONE',  ( 1.000000000000000000, 0.000000000000000000, -7.000851325735558404E-13 ) ) ;
#5740 = DIRECTION ( 'NONE',  ( -1.000000000000000000, 0.000000000000000000, 0.000000000000000000 ) ) ;
#5741 = CIRCLE ( 'NONE', #9940, 1.250000000000001110 ) ;
#5742 = EDGE_CURVE ( 'NONE', #5761, #5643, #9491, .T. ) ;
#5743 = AXIS2_PLACEMENT_3D ( 'NONE', #4186, #5130, #10714 ) ;
#5744 = CARTESIAN_POINT ( 'NONE',  ( 23.77172014496622410, -6.082741269083426161, 3.499999999999989342 ) ) ;
#5745 = CARTESIAN_POINT ( 'NONE',  ( 24.09094588526057024, -6.050871112134482033, 3.500000000000003109 ) ) ;
#5746 = PLANE ( 'NONE',  #951 ) ;
#5747 = ORIENTED_EDGE ( 'NONE', *, *, #11494, .T. ) ;
#5748 = CARTESIAN_POINT ( 'NONE',  ( 24.75621356887336333, -10.09628625340074315, 4.000000000000000000 ) ) ;
#5749 = EDGE_LOOP ( 'NONE', ( #8183, #8162, #6819, #6567 ) ) ;
#5750 = CARTESIAN_POINT ( 'NONE',  ( 25.77244771595767503, -10.94004310684255721, 3.999999999999994227 ) ) ;
#5751 = CARTESIAN_POINT ( 'NONE',  ( 24.68468919609897227, -10.06764803448977652, 3.500000000000006661 ) ) ;
#5752 = CARTESIAN_POINT ( 'NONE',  ( 24.29440898831073525, -9.216331010030746285, 3.499999999999996003 ) ) ;
#5753 = AXIS2_PLACEMENT_3D ( 'NONE', #8866, #7060, #10729 ) ;
#5754 = LINE ( 'NONE', #11444, #477 ) ;
#5755 = EDGE_CURVE ( 'NONE', #1135, #3435, #3842, .T. ) ;
#5756 = LINE ( 'NONE', #5809, #2347 ) ;
#5757 = VERTEX_POINT ( 'NONE', #7765 ) ;
#5758 = ORIENTED_EDGE ( 'NONE', *, *, #4239, .F. ) ;
#5759 = SURFACE_STYLE_FILL_AREA ( #3960 ) ;
#5760 = VECTOR ( 'NONE', #7224, 999.9999999999998863 ) ;
#5761 = VERTEX_POINT ( 'NONE', #5068 ) ;
#5762 = CARTESIAN_POINT ( 'NONE',  ( 23.37408787362267759, -13.26390821609116344, 3.999999999999996447 ) ) ;
#5763 = FACE_OUTER_BOUND ( 'NONE', #10497, .T. ) ;
#5764 = CARTESIAN_POINT ( 'NONE',  ( -60.79999999999999005, -18.00000000000000711, 3.100000000000001865 ) ) ;
#5765 = CARTESIAN_POINT ( 'NONE',  ( 24.98933202215171079, -12.66893938426554911, 4.000000000000000000 ) ) ;
#5766 = ADVANCED_FACE ( 'NONE', ( #9434 ), #8723, .F. ) ;
#5767 = EDGE_CURVE ( 'NONE', #911, #11129, #3201, .T. ) ;
#5768 = EDGE_CURVE ( 'NONE', #7020, #2277, #6795, .T. ) ;
#5769 = VECTOR ( 'NONE', #1895, 1000.000000000000000 ) ;
#5770 = FACE_OUTER_BOUND ( 'NONE', #9326, .T. ) ;
#5771 = ORIENTED_EDGE ( 'NONE', *, *, #11789, .T. ) ;
#5772 = CYLINDRICAL_SURFACE ( 'NONE', #2643, 1.100000000000003642 ) ;
#5773 = CARTESIAN_POINT ( 'NONE',  ( 27.94811698717947834, -12.09727104865944725, 4.000000000000003553 ) ) ;
#5774 = ORIENTED_EDGE ( 'NONE', *, *, #3190, .T. ) ;
#5775 = CARTESIAN_POINT ( 'NONE',  ( 24.49030233237607135, -6.801260897778971248, 4.000000000000000000 ) ) ;
#5776 = EDGE_CURVE ( 'NONE', #1052, #6496, #2099, .T. ) ;
#5777 = FACE_OUTER_BOUND ( 'NONE', #4710, .T. ) ;
#5778 = CARTESIAN_POINT ( 'NONE',  ( 25.99999999999999289, 7.050000000000004263, 5.999999999999998224 ) ) ;
#5779 = VECTOR ( 'NONE', #3943, 1000.000000000000114 ) ;
#5780 = DIRECTION ( 'NONE',  ( 0.5862390983210712392, -0.8101380867479923698, 0.000000000000000000 ) ) ;
#5781 = CARTESIAN_POINT ( 'NONE',  ( 29.44999999999999218, -15.00000000000000000, 2.000000000000001776 ) ) ;
#5782 = CARTESIAN_POINT ( 'NONE',  ( 14.99999999999999645, 41.99999999999999289, 10.09999999999999964 ) ) ;
#5783 = EDGE_CURVE ( 'NONE', #3987, #6016, #10919, .T. ) ;
#5784 = FACE_OUTER_BOUND ( 'NONE', #11242, .T. ) ;
#5785 = EDGE_LOOP ( 'NONE', ( #5309, #6483, #5517, #10500 ) ) ;
#5786 = DIRECTION ( 'NONE',  ( 0.6593757618120819064, 0.7518135438622642885, 0.000000000000000000 ) ) ;
#5787 = PLANE ( 'NONE',  #3874 ) ;
#5788 = VECTOR ( 'NONE', #309, 1000.000000000000000 ) ;
#5789 = EDGE_LOOP ( 'NONE', ( #6780, #4343, #5310, #6738 ) ) ;
#5790 = ORIENTED_EDGE ( 'NONE', *, *, #8961, .T. ) ;
#5791 = FACE_OUTER_BOUND ( 'NONE', #9590, .T. ) ;
#5792 = DIRECTION ( 'NONE',  ( -1.000000000000000000, -0.000000000000000000, -0.000000000000000000 ) ) ;
#5793 = CARTESIAN_POINT ( 'NONE',  ( 39.19999999999998863, 41.99999999999999289, 4.000000000000000000 ) ) ;
#5794 = VERTEX_POINT ( 'NONE', #1349 ) ;
#5795 = LINE ( 'NONE', #5898, #11397 ) ;
#5796 = DIRECTION ( 'NONE',  ( -1.000000000000000000, -0.000000000000000000, -0.000000000000000000 ) ) ;
#5797 = CARTESIAN_POINT ( 'NONE',  ( 24.43503661274171890, -10.92580183226457891, 3.999999999999988010 ) ) ;
#5798 = PLANE ( 'NONE',  #6528 ) ;
#5799 = CARTESIAN_POINT ( 'NONE',  ( 27.29383531367728821, -12.76731905195839545, 3.500000000000003109 ) ) ;
#5800 = AXIS2_PLACEMENT_3D ( 'NONE', #8181, #11856, #3615 ) ;
#5801 = LINE ( 'NONE', #5854, #2480 ) ;
#5802 = DIRECTION ( 'NONE',  ( -1.000000000000000000, 0.000000000000000000, 0.000000000000000000 ) ) ;
#5803 = ORIENTED_EDGE ( 'NONE', *, *, #11025, .F. ) ;
#5804 = DIRECTION ( 'NONE',  ( -0.000000000000000000, -0.000000000000000000, -1.000000000000000000 ) ) ;
#5805 = VERTEX_POINT ( 'NONE', #5911 ) ;
#5806 = CARTESIAN_POINT ( 'NONE',  ( -24.99999999999999289, 41.99999999999997868, 2.000000000000000000 ) ) ;
#5807 = VECTOR ( 'NONE', #2679, 1000.000000000000000 ) ;
#5808 = CARTESIAN_POINT ( 'NONE',  ( 25.28670203864601973, -11.04148300063178567, 4.000000000000003553 ) ) ;
#5809 = CARTESIAN_POINT ( 'NONE',  ( -74.51999999999999602, 1.999999999999986233, 1.734723475976807094E-15 ) ) ;
#5810 = MANIFOLD_SOLID_BREP ( 'Chamfer4', #7345 ) ;
#5811 = ORIENTED_EDGE ( 'NONE', *, *, #257, .T. ) ;
#5812 = DIRECTION ( 'NONE',  ( 1.000000000000000000, 0.000000000000000000, 0.000000000000000000 ) ) ;
#5813 = ORIENTED_EDGE ( 'NONE', *, *, #9786, .F. ) ;
#5814 = AXIS2_PLACEMENT_3D ( 'NONE', #8730, #6159, #5981 ) ;
#5815 = CARTESIAN_POINT ( 'NONE',  ( 27.58581286394571563, -11.91310387638182178, 3.500000000000006661 ) ) ;
#5816 = EDGE_CURVE ( 'NONE', #2569, #10427, #5175, .T. ) ;
#5817 = ORIENTED_EDGE ( 'NONE', *, *, #9854, .F. ) ;
#5818 = CARTESIAN_POINT ( 'NONE',  ( 23.43449514906775022, -12.89435360492921312, 4.000000000000003553 ) ) ;
#5819 = DIRECTION ( 'NONE',  ( 0.000000000000000000, 0.000000000000000000, 1.000000000000000000 ) ) ;
#5820 = CYLINDRICAL_SURFACE ( 'NONE', #10484, 2.999999999999999112 ) ;
#5821 = CARTESIAN_POINT ( 'NONE',  ( 23.54411256769809313, 6.123046969980906695, 5.999999999999998224 ) ) ;
#5822 = DIRECTION ( 'NONE',  ( 0.000000000000000000, 0.000000000000000000, 1.000000000000000000 ) ) ;
#5823 = ADVANCED_FACE ( 'NONE', ( #3462 ), #66, .T. ) ;
#5824 = CARTESIAN_POINT ( 'NONE',  ( -80.89999999999999147, -10.45000000000001528, 1.734723475976807094E-15 ) ) ;
#5825 = ORIENTED_EDGE ( 'NONE', *, *, #6523, .F. ) ;
#5826 = CARTESIAN_POINT ( 'NONE',  ( 24.51974399227195178, -6.482904219970788695, 4.000000000000003553 ) ) ;
#5827 = CARTESIAN_POINT ( 'NONE',  ( 27.73695060619608199, -14.79026545182439811, 3.499999999999996003 ) ) ;
#5828 = ORIENTED_EDGE ( 'NONE', *, *, #2540, .F. ) ;
#5829 = VERTEX_POINT ( 'NONE', #5196 ) ;
#5830 = DIRECTION ( 'NONE',  ( -0.5399590850262977471, -0.8416912655466750603, 0.000000000000000000 ) ) ;
#5831 = DIRECTION ( 'NONE',  ( -0.000000000000000000, -0.000000000000000000, 1.000000000000000000 ) ) ;
#5832 = EDGE_CURVE ( 'NONE', #7966, #2947, #6090, .T. ) ;
#5833 = CARTESIAN_POINT ( 'NONE',  ( -18.99999999999999645, 1.549999999999988942, -5.363961030678932040 ) ) ;
#5834 = DIRECTION ( 'NONE',  ( -0.04677265186364726324, 0.9989055606200427651, 0.000000000000000000 ) ) ;
#5835 = CARTESIAN_POINT ( 'NONE',  ( -84.99999999999998579, -1.366094737331735587E-14, 1.734723475976807094E-15 ) ) ;
#5836 = ORIENTED_EDGE ( 'NONE', *, *, #10983, .F. ) ;
#5837 = CARTESIAN_POINT ( 'NONE',  ( 24.73252986935683850, 8.909037242210992247, 5.999999999999998224 ) ) ;
#5838 = DIRECTION ( 'NONE',  ( 0.000000000000000000, 0.000000000000000000, -1.000000000000000000 ) ) ;
#5839 = VERTEX_POINT ( 'NONE', #1841 ) ;
#5840 = EDGE_CURVE ( 'NONE', #9797, #104, #7353, .T. ) ;
#5841 = ORIENTED_EDGE ( 'NONE', *, *, #11824, .T. ) ;
#5842 = DIRECTION ( 'NONE',  ( 0.000000000000000000, 0.000000000000000000, -1.000000000000000000 ) ) ;
#5843 = LINE ( 'NONE', #1987, #10848 ) ;
#5844 = VECTOR ( 'NONE', #8981, 1000.000000000000000 ) ;
#5845 = LINE ( 'NONE', #1938, #10150 ) ;
#5846 = EDGE_LOOP ( 'NONE', ( #9505, #7601, #9649, #6179 ) ) ;
#5847 = DIRECTION ( 'NONE',  ( -1.000000000000000000, 0.000000000000000000, 0.000000000000000000 ) ) ;
#5848 = ADVANCED_FACE ( 'NONE', ( #5702 ), #5588, .F. ) ;
#5849 = CARTESIAN_POINT ( 'NONE',  ( 28.62820512820512064, -13.37030790763380850, 3.500000000000003109 ) ) ;
#5850 = PLANE ( 'NONE',  #3473 ) ;
#5851 = DIRECTION ( 'NONE',  ( 0.000000000000000000, 1.000000000000000000, 0.000000000000000000 ) ) ;
#5852 = CIRCLE ( 'NONE', #11410, 1.100000000000003642 ) ;
#5853 = EDGE_CURVE ( 'NONE', #7043, #10953, #10142, .T. ) ;
#5854 = CARTESIAN_POINT ( 'NONE',  ( 9.199999999999995737, 10.60000000000000142, 3.500000000000000000 ) ) ;
#5855 = CARTESIAN_POINT ( 'NONE',  ( 27.53545059854775090, -14.87814591068786640, 3.999999999999996447 ) ) ;
#5856 = CARTESIAN_POINT ( 'NONE',  ( 24.55488944552223529, -9.987735321559869206, 4.000000000000000000 ) ) ;
#5857 = EDGE_LOOP ( 'NONE', ( #8311, #11142, #11071, #1080 ) ) ;
#5858 = CARTESIAN_POINT ( 'NONE',  ( 14.99999999999999822, -17.99999999999999289, 5.000000000000000000 ) ) ;
#5859 = AXIS2_PLACEMENT_3D ( 'NONE', #8182, #6201, #4414 ) ;
#5860 = B_SPLINE_CURVE_WITH_KNOTS ( 'NONE', 3,
 ( #9601, #4176, #10575, #4295, #9853, #7942, #7881, #11549, #6083, #3381, #11692, #4233, #7034, #557, #2541, #7106, #6018, #8076, #10711 ),
 .UNSPECIFIED., .F., .F.,
 ( 4, 1, 1, 1, 1, 1, 1, 1, 1, 1, 1, 1, 1, 1, 1, 1, 4 ),
 ( 0.000000000000000000, 0.06593481762567698912, 0.1300372587941651392, 0.1923620702496511015, 0.2538195214289181711, 0.3141994357375421654, 0.3746698781567776582, 0.4351541180379873142, 0.4964786684939708761, 0.5578092661396401031, 0.6190309229821129300, 0.6796911875192904740, 0.7409612864102644858, 0.8033752905051768645, 0.8668176884999615472, 0.9323179771745065958, 1.000000000000000000 ),
 .UNSPECIFIED. ) ;
#5861 = VECTOR ( 'NONE', #3630, 1000.000000000000000 ) ;
#5862 = DIRECTION ( 'NONE',  ( -0.000000000000000000, -0.000000000000000000, 1.000000000000000000 ) ) ;
#5863 = CARTESIAN_POINT ( 'NONE',  ( 25.85859516301805172, -9.599238241775243097, 3.499999999999999556 ) ) ;
#5864 = FACE_BOUND ( 'NONE', #1526, .T. ) ;
#5865 = DIRECTION ( 'NONE',  ( 1.000000000000000000, 0.000000000000000000, -0.000000000000000000 ) ) ;
#5866 = DIRECTION ( 'NONE',  ( -0.000000000000000000, -0.000000000000000000, 1.000000000000000000 ) ) ;
#5867 = VECTOR ( 'NONE', #3270, 1000.000000000000000 ) ;
#5868 = ORIENTED_EDGE ( 'NONE', *, *, #8352, .T. ) ;
#5869 = EDGE_LOOP ( 'NONE', ( #3505, #3822, #7915, #1451 ) ) ;
#5870 = LINE ( 'NONE', #11156, #295 ) ;
#5871 = CARTESIAN_POINT ( 'NONE',  ( -12.97499999999999964, 9.549999999999998934, 0.000000000000000000 ) ) ;
#5872 = FACE_OUTER_BOUND ( 'NONE', #739, .T. ) ;
#5873 = AXIS2_PLACEMENT_3D ( 'NONE', #1165, #2954, #6619 ) ;
#5874 = CARTESIAN_POINT ( 'NONE',  ( 27.48444396449352567, -12.87675319112149985, 3.500000000000010214 ) ) ;
#5875 = CARTESIAN_POINT ( 'NONE',  ( 25.79250726225414780, -9.160611146884573230, 4.000000000000003553 ) ) ;
#5876 = EDGE_LOOP ( 'NONE', ( #9844, #11657, #7963, #8537 ) ) ;
#5877 = DIRECTION ( 'NONE',  ( 0.1951293884378572374, 0.9807775087999661690, 0.000000000000000000 ) ) ;
#5878 = VERTEX_POINT ( 'NONE', #11032 ) ;
#5879 = ORIENTED_EDGE ( 'NONE', *, *, #10526, .T. ) ;
#5880 = CARTESIAN_POINT ( 'NONE',  ( 24.36964554377141567, -6.978146654706662844, 4.000000000000003553 ) ) ;
#5881 = CARTESIAN_POINT ( 'NONE',  ( 24.29021462544016785, -13.22111602166133260, 3.500000000000003109 ) ) ;
#5882 = VERTEX_POINT ( 'NONE', #9161 ) ;
#5883 = CARTESIAN_POINT ( 'NONE',  ( -9.039999999999999147, -9.039999999999999147, 2.000000000000000000 ) ) ;
#5884 = ORIENTED_EDGE ( 'NONE', *, *, #6205, .T. ) ;
#5885 = CARTESIAN_POINT ( 'NONE',  ( -9.039999999999999147, -9.039999999999999147, 0.000000000000000000 ) ) ;
#5886 = EDGE_LOOP ( 'NONE', ( #1618, #9475, #10507, #3380 ) ) ;
#5887 = VERTEX_POINT ( 'NONE', #3904 ) ;
#5888 = CARTESIAN_POINT ( 'NONE',  ( 12.00000000000000000, -10.45000000000000107, 10.09999999999999964 ) ) ;
#5889 = DIRECTION ( 'NONE',  ( 1.000000000000000000, 0.000000000000000000, 0.000000000000000000 ) ) ;
#5890 = EDGE_CURVE ( 'NONE', #6514, #5408, #9750, .T. ) ;
#5891 = CIRCLE ( 'NONE', #10091, 2.624999999999998668 ) ;
#5892 = EDGE_LOOP ( 'NONE', ( #5296, #5612, #2464, #6222 ) ) ;
#5893 = ORIENTED_EDGE ( 'NONE', *, *, #3317, .F. ) ;
#5894 = CARTESIAN_POINT ( 'NONE',  ( 24.38052681894439289, -9.026031529637730699, 3.499999999999999556 ) ) ;
#5895 = VECTOR ( 'NONE', #5466, 1000.000000000000000 ) ;
#5896 = ORIENTED_EDGE ( 'NONE', *, *, #3694, .F. ) ;
#5897 = VECTOR ( 'NONE', #1785, 1000.000000000000000 ) ;
#5898 = CARTESIAN_POINT ( 'NONE',  ( -54.99999999999999289, 11.99999999999998579, 1.734723475976807094E-15 ) ) ;
#5899 = DIRECTION ( 'NONE',  ( -1.000000000000000000, 0.000000000000000000, 0.000000000000000000 ) ) ;
#5900 = ADVANCED_FACE ( 'NONE', ( #1904 ), #7478, .F. ) ;
#5901 = ADVANCED_FACE ( 'NONE', ( #6532, #45 ), #10180, .T. ) ;
#5902 = LINE ( 'NONE', #5001, #7230 ) ;
#5903 = LINE ( 'NONE', #4838, #5779 ) ;
#5904 = CARTESIAN_POINT ( 'NONE',  ( 14.99999999999999645, 41.99999999999999289, 8.000000000000000000 ) ) ;
#5905 = EDGE_LOOP ( 'NONE', ( #9188, #8134 ) ) ;
#5906 = EDGE_CURVE ( 'NONE', #2647, #456, #10118, .T. ) ;
#5907 = CARTESIAN_POINT ( 'NONE',  ( 28.07355504234566368, 5.440343363831024348, 3.599999999999999201 ) ) ;
#5908 = VECTOR ( 'NONE', #2618, 1000.000000000000000 ) ;
#5909 = PLANE ( 'NONE',  #6872 ) ;
#5910 = CARTESIAN_POINT ( 'NONE',  ( 23.98277243589742724, -6.045588356351756509, 3.500000000000003109 ) ) ;
#5911 = CARTESIAN_POINT ( 'NONE',  ( 5.199999999999996625, 10.60000000000000142, 3.500000000000000000 ) ) ;
#5912 = DIRECTION ( 'NONE',  ( 0.9634530185057990082, 0.2678773621119644455, 0.000000000000000000 ) ) ;
#5913 = ORIENTED_EDGE ( 'NONE', *, *, #7888, .F. ) ;
#5914 = PLANE ( 'NONE',  #7141 ) ;
#5915 = FACE_OUTER_BOUND ( 'NONE', #7006, .T. ) ;
#5916 = FACE_OUTER_BOUND ( 'NONE', #481, .T. ) ;
#5917 = CARTESIAN_POINT ( 'NONE',  ( -25.99999999999999289, -10.45000000000001172, 1.000000000000000888 ) ) ;
#5918 = CARTESIAN_POINT ( 'NONE',  ( 25.85314809716659212, -9.309834069769106435, 3.499999999999996003 ) ) ;
#5919 = FACE_BOUND ( 'NONE', #3975, .T. ) ;
#5920 = ADVANCED_FACE ( 'NONE', ( #11899 ), #5645, .T. ) ;
#5921 = EDGE_CURVE ( 'NONE', #10400, #1383, #7856, .T. ) ;
#5922 = AXIS2_PLACEMENT_3D ( 'NONE', #9077, #7949, #695 ) ;
#5923 = VECTOR ( 'NONE', #7142, 1000.000000000000000 ) ;
#5924 = DIRECTION ( 'NONE',  ( 1.000000000000000000, 0.000000000000000000, 0.000000000000000000 ) ) ;
#5925 = CARTESIAN_POINT ( 'NONE',  ( 26.87040177332042035, -11.74128761603701143, 3.500000000000003109 ) ) ;
#5926 = ORIENTED_EDGE ( 'NONE', *, *, #3376, .F. ) ;
#5927 = ORIENTED_EDGE ( 'NONE', *, *, #1007, .T. ) ;
#5928 = CARTESIAN_POINT ( 'NONE',  ( 31.69999999999999218, -15.00000000000000000, 2.000000000000001776 ) ) ;
#5929 = VECTOR ( 'NONE', #4067, 1000.000000000000000 ) ;
#5930 = DIRECTION ( 'NONE',  ( -1.000000000000000000, 0.000000000000000000, 0.000000000000000000 ) ) ;
#5931 = CARTESIAN_POINT ( 'NONE',  ( 25.86477675539672205, -12.58496371680196013, 4.000000000000003553 ) ) ;
#5932 = CARTESIAN_POINT ( 'NONE',  ( 26.70872551507827453, -12.62103292729522863, 3.500000000000003109 ) ) ;
#5933 = LINE ( 'NONE', #3048, #3291 ) ;
#5934 = ORIENTED_EDGE ( 'NONE', *, *, #8376, .T. ) ;
#5935 = FACE_OUTER_BOUND ( 'NONE', #1721, .T. ) ;
#5936 = CIRCLE ( 'NONE', #1541, 1.250000000000001110 ) ;
#5937 = ORIENTED_EDGE ( 'NONE', *, *, #6177, .T. ) ;
#5938 = VERTEX_POINT ( 'NONE', #2923 ) ;
#5939 = CARTESIAN_POINT ( 'NONE',  ( 24.52367008289799699, -6.626697207678234669, 4.000000000000000000 ) ) ;
#5940 = CARTESIAN_POINT ( 'NONE',  ( 24.63252324677238647, -12.80625711423487623, 3.500000000000003109 ) ) ;
#5941 = ORIENTED_EDGE ( 'NONE', *, *, #5565, .F. ) ;
#5942 = DIRECTION ( 'NONE',  ( -0.3912681764687553354, -0.9202767051723165226, 0.000000000000000000 ) ) ;
#5943 = ORIENTED_EDGE ( 'NONE', *, *, #9728, .T. ) ;
#5944 = LINE ( 'NONE', #3121, #6085 ) ;
#5945 = CIRCLE ( 'NONE', #1162, 1.099999999999996758 ) ;
#5946 = VERTEX_POINT ( 'NONE', #6591 ) ;
#5947 = DIRECTION ( 'NONE',  ( -0.000000000000000000, 0.000000000000000000, -1.000000000000000000 ) ) ;
#5948 = ORIENTED_EDGE ( 'NONE', *, *, #6219, .F. ) ;
#5949 = DIRECTION ( 'NONE',  ( 1.000000000000000000, 0.000000000000000000, 0.000000000000000000 ) ) ;
#5950 = ADVANCED_FACE ( 'NONE', ( #10059 ), #10242, .F. ) ;
#5951 = FACE_OUTER_BOUND ( 'NONE', #3761, .T. ) ;
#5952 = ORIENTED_EDGE ( 'NONE', *, *, #10368, .T. ) ;
#5953 = VECTOR ( 'NONE', #1591, 1000.000000000000000 ) ;
#5954 = EDGE_LOOP ( 'NONE', ( #10288, #6367 ) ) ;
#5955 = CARTESIAN_POINT ( 'NONE',  ( 26.94104158363138524, -12.65751884608556388, 4.000000000000003553 ) ) ;
#5956 = ADVANCED_FACE ( 'NONE', ( #343 ), #10301, .F. ) ;
#5957 = MANIFOLD_SOLID_BREP ( 'Body-Move/Copy5', #11797 ) ;
#5958 = DIRECTION ( 'NONE',  ( 0.000000000000000000, 0.000000000000000000, 1.000000000000000000 ) ) ;
#5959 = ORIENTED_EDGE ( 'NONE', *, *, #628, .F. ) ;
#5960 = AXIS2_PLACEMENT_3D ( 'NONE', #11289, #4148, #6945 ) ;
#5961 = CARTESIAN_POINT ( 'NONE',  ( -24.99999999999999289, 41.99999999999997868, 0.000000000000000000 ) ) ;
#5962 = EDGE_CURVE ( 'NONE', #8830, #7735, #2085, .T. ) ;
#5963 = CARTESIAN_POINT ( 'NONE',  ( -16.99999999999999645, 26.58077640640441786, 1.000000000000000888 ) ) ;
#5964 = DIRECTION ( 'NONE',  ( -0.8796889190142310744, 0.4755495828655236790, 0.000000000000000000 ) ) ;
#5965 = ORIENTED_EDGE ( 'NONE', *, *, #9615, .T. ) ;
#5966 = CARTESIAN_POINT ( 'NONE',  ( 25.96563981162524826, 4.425224890118234278, 6.811805131996955254 ) ) ;
#5967 = FACE_OUTER_BOUND ( 'NONE', #1893, .T. ) ;
#5968 = ORIENTED_EDGE ( 'NONE', *, *, #2879, .T. ) ;
#5969 = CARTESIAN_POINT ( 'NONE',  ( 23.92644495765434343, 5.440343363830996815, 6.784455972358864884 ) ) ;
#5970 = CIRCLE ( 'NONE', #221, 1.100000000000000311 ) ;
#5971 = CARTESIAN_POINT ( 'NONE',  ( -20.09999999999999787, 25.54999999999999361, 1.000000000000002665 ) ) ;
#5972 = CARTESIAN_POINT ( 'NONE',  ( 28.62820512820512064, -18.00000000000000000, 3.499999999999999556 ) ) ;
#5973 = DIRECTION ( 'NONE',  ( 0.000000000000000000, 0.000000000000000000, 1.000000000000000000 ) ) ;
#5974 = EDGE_CURVE ( 'NONE', #3168, #1006, #4612, .T. ) ;
#5975 = ADVANCED_FACE ( 'NONE', ( #9443 ), #4081, .T. ) ;
#5976 = VERTEX_POINT ( 'NONE', #3153 ) ;
#5977 = DIRECTION ( 'NONE',  ( -0.7071067811865509034, 0.000000000000000000, -0.7071067811865442421 ) ) ;
#5978 = DIRECTION ( 'NONE',  ( 0.000000000000000000, 0.000000000000000000, 1.000000000000000000 ) ) ;
#5979 = DIRECTION ( 'NONE',  ( 1.000000000000000000, 0.000000000000000000, 0.000000000000000000 ) ) ;
#5980 = DIRECTION ( 'NONE',  ( -0.000000000000000000, -0.000000000000000000, 1.000000000000000000 ) ) ;
#5981 = DIRECTION ( 'NONE',  ( 0.000000000000000000, 0.000000000000000000, 1.000000000000000000 ) ) ;
#5982 = CARTESIAN_POINT ( 'NONE',  ( 9.199999999999999289, -11.59999999999999964, 2.000000000000000000 ) ) ;
#5983 = CARTESIAN_POINT ( 'NONE',  ( 23.44867934338420667, 7.667566115590556564, 3.599999999999999201 ) ) ;
#5984 = FILL_AREA_STYLE_COLOUR ( '', #3850 ) ;
#5985 = DIRECTION ( 'NONE',  ( -0.7071067811865441310, 0.000000000000000000, -0.7071067811865507924 ) ) ;
#5986 = ORIENTED_EDGE ( 'NONE', *, *, #2276, .T. ) ;
#5987 = ADVANCED_FACE ( 'NONE', ( #10474 ), #4561, .F. ) ;
#5988 = VERTEX_POINT ( 'NONE', #11268 ) ;
#5989 = LINE ( 'NONE', #9630, #8542 ) ;
#5990 = AXIS2_PLACEMENT_3D ( 'NONE', #7852, #3223, #5993 ) ;
#5991 = CARTESIAN_POINT ( 'NONE',  ( 26.76561101301146195, -9.688132159951566180, 3.499999999999996003 ) ) ;
#5992 = DIRECTION ( 'NONE',  ( 0.000000000000000000, 0.000000000000000000, 1.000000000000000000 ) ) ;
#5993 = DIRECTION ( 'NONE',  ( 0.6451415499424340005, 0.7640630736646509824, 0.000000000000000000 ) ) ;
#5994 = CARTESIAN_POINT ( 'NONE',  ( 26.11352624512714016, -12.58572600054837132, 4.000000000000003553 ) ) ;
#5995 = EDGE_CURVE ( 'NONE', #5757, #3305, #4959, .T. ) ;
#5996 = LINE ( 'NONE', #1310, #9409 ) ;
#5997 = VERTEX_POINT ( 'NONE', #3148 ) ;
#5999 = CARTESIAN_POINT ( 'NONE',  ( 28.59055245908588816, -12.98595251081107627, 4.000000000000003553 ) ) ;
#5998 = AXIS2_PLACEMENT_3D ( 'NONE', #11007, #2773, #985 ) ;
#6000 = EDGE_LOOP ( 'NONE', ( #6604, #8518 ) ) ;
#6001 = ORIENTED_EDGE ( 'NONE', *, *, #8891, .T. ) ;
#6002 = CARTESIAN_POINT ( 'NONE',  ( 39.19999999999998863, 25.55000000000001492, 2.975000000000000977 ) ) ;
#6003 = ORIENTED_EDGE ( 'NONE', *, *, #11739, .T. ) ;
#6004 = CARTESIAN_POINT ( 'NONE',  ( -66.01999999999999602, 11.19999999999998685, 11.63756405539659688 ) ) ;
#6005 = ORIENTED_EDGE ( 'NONE', *, *, #4634, .T. ) ;
#6006 = CARTESIAN_POINT ( 'NONE',  ( 24.27169036153837212, -13.47554082579415180, 3.500000000000006661 ) ) ;
#6007 = ADVANCED_FACE ( 'NONE', ( #9333 ), #9071, .T. ) ;
#6008 = VERTEX_POINT ( 'NONE', #10351 ) ;
#6009 = LINE ( 'NONE', #3498, #5035 ) ;
#6010 = CARTESIAN_POINT ( 'NONE',  ( 25.96563981162524826, 4.425224890118234278, 5.999999999999998224 ) ) ;
#6011 = EDGE_LOOP ( 'NONE', ( #3038, #7902, #92, #3902 ) ) ;
#6012 = ORIENTED_EDGE ( 'NONE', *, *, #2210, .F. ) ;
#6013 = FACE_OUTER_BOUND ( 'NONE', #892, .T. ) ;
#6014 = DIRECTION ( 'NONE',  ( -0.000000000000000000, -0.000000000000000000, -1.000000000000000000 ) ) ;
#6015 = VERTEX_POINT ( 'NONE', #2135 ) ;
#6016 = VERTEX_POINT ( 'NONE', #335 ) ;
#6017 = ORIENTED_EDGE ( 'NONE', *, *, #3733, .T. ) ;
#6018 = CARTESIAN_POINT ( 'NONE',  ( 24.56675309387556538, -7.749761844532113031, 4.000000000000000000 ) ) ;
#6019 = LINE ( 'NONE', #10639, #9291 ) ;
#6020 = DIRECTION ( 'NONE',  ( -0.9782753810969014863, 0.2073096204707156331, 0.000000000000000000 ) ) ;
#6021 = DIRECTION ( 'NONE',  ( -0.7989865331005155946, -0.6013489169558873249, 0.000000000000000000 ) ) ;
#6022 = CARTESIAN_POINT ( 'NONE',  ( 28.11754688168399596, -14.54821537846517998, 3.499999999999992895 ) ) ;
#6023 = AXIS2_PLACEMENT_3D ( 'NONE', #762, #8090, #3525 ) ;
#6024 = DIRECTION ( 'NONE',  ( 0.000000000000000000, -0.000000000000000000, -1.000000000000000000 ) ) ;
#6025 = DIRECTION ( 'NONE',  ( 0.000000000000000000, 1.000000000000000000, 0.000000000000000000 ) ) ;
#6026 = PLANE ( 'NONE',  #4160 ) ;
#6027 = CARTESIAN_POINT ( 'NONE',  ( 23.44142414705410360, -6.698237938740722264, 4.000000000000000000 ) ) ;
#6028 = EDGE_CURVE ( 'NONE', #6348, #7428, #3087, .T. ) ;
#6029 = CARTESIAN_POINT ( 'NONE',  ( 24.61278044871794179, -13.94021976660816620, 4.000000000000003553 ) ) ;
#6030 = ORIENTED_EDGE ( 'NONE', *, *, #8760, .T. ) ;
#6031 = CARTESIAN_POINT ( 'NONE',  ( -18.99999999999999645, 1.549999999999988942, 1.000000000000002665 ) ) ;
#6032 = CARTESIAN_POINT ( 'NONE',  ( 25.86889413691137563, -9.385607812835473851, 3.499999999999999556 ) ) ;
#6033 = DIRECTION ( 'NONE',  ( 0.000000000000000000, 0.000000000000000000, 1.000000000000000000 ) ) ;
#6034 = ORIENTED_EDGE ( 'NONE', *, *, #5403, .T. ) ;
#6035 = CARTESIAN_POINT ( 'NONE',  ( 24.18951172707419772, 8.950725444033983180, 5.999999999999998224 ) ) ;
#6036 = CARTESIAN_POINT ( 'NONE',  ( 27.76011267211667288, 8.997467170828379324, 5.999999999999998224 ) ) ;
#6037 = VECTOR ( 'NONE', #2041, 1000.000000000000000 ) ;
#6038 = DIRECTION ( 'NONE',  ( -0.000000000000000000, -0.000000000000000000, -1.000000000000000000 ) ) ;
#6039 = EDGE_CURVE ( 'NONE', #601, #7735, #7121, .T. ) ;
#6040 = FACE_OUTER_BOUND ( 'NONE', #10622, .T. ) ;
#6041 = CARTESIAN_POINT ( 'NONE',  ( 23.86886519792581396, -14.55119597758815431, 3.499999999999996003 ) ) ;
#6042 = ORIENTED_EDGE ( 'NONE', *, *, #4545, .T. ) ;
#6043 = CARTESIAN_POINT ( 'NONE',  ( 27.89306214660643590, -12.06388893623314473, 4.000000000000003553 ) ) ;
#6044 = ORIENTED_EDGE ( 'NONE', *, *, #81, .F. ) ;
#6045 = EDGE_LOOP ( 'NONE', ( #8057, #6003 ) ) ;
#6046 = CIRCLE ( 'NONE', #2405, 2.250000000000001776 ) ;
#6047 = CARTESIAN_POINT ( 'NONE',  ( 28.03070858826244560, 5.386615609801181925, 5.999999999999998224 ) ) ;
#6048 = CARTESIAN_POINT ( 'NONE',  ( -5.960000000000010623, 26.74999999999999645, 0.000000000000000000 ) ) ;
#6049 = CARTESIAN_POINT ( 'NONE',  ( 26.58904733103313589, -10.26085727031833628, 4.000000000000004441 ) ) ;
#6050 = CARTESIAN_POINT ( 'NONE',  ( 25.35897435897435059, -18.00000000000000000, 3.499999999999999556 ) ) ;
#6051 = CARTESIAN_POINT ( 'NONE',  ( 25.87179487179486514, -9.462054702505604098, 4.000000000000000000 ) ) ;
#6052 = FACE_OUTER_BOUND ( 'NONE', #2143, .T. ) ;
#6053 = EDGE_CURVE ( 'NONE', #4271, #11875, #9617, .T. ) ;
#6054 = CARTESIAN_POINT ( 'NONE',  ( 25.69253169122452718, -9.013662183186653465, 3.999999999999993339 ) ) ;
#6055 = ADVANCED_FACE ( 'NONE', ( #1358 ), #5140, .F. ) ;
#6056 = COLOUR_RGB ( '',0.7921568627450980005, 0.8196078431372548767, 0.9333333333333333481 ) ;
#6057 = CARTESIAN_POINT ( 'NONE',  ( 28.10794692596216038, -12.21200033411492925, 4.000000000000007105 ) ) ;
#6058 = ORIENTED_EDGE ( 'NONE', *, *, #6587, .F. ) ;
#6059 = VERTEX_POINT ( 'NONE', #8026 ) ;
#6060 = PLANE ( 'NONE',  #4374 ) ;
#6061 = ORIENTED_EDGE ( 'NONE', *, *, #4519, .T. ) ;
#6062 = VERTEX_POINT ( 'NONE', #6927 ) ;
#6063 = DIRECTION ( 'NONE',  ( 0.8416912655466671778, 0.5399590850263097375, 0.000000000000000000 ) ) ;
#6064 = ORIENTED_EDGE ( 'NONE', *, *, #9855, .T. ) ;
#6065 = ORIENTED_EDGE ( 'NONE', *, *, #8251, .F. ) ;
#6066 = CIRCLE ( 'NONE', #8560, 2.250000000000001776 ) ;
#6067 = LINE ( 'NONE', #11736, #9051 ) ;
#6068 = EDGE_CURVE ( 'NONE', #8591, #5523, #6138, .T. ) ;
#6069 = CARTESIAN_POINT ( 'NONE',  ( -6.000000000000001776, 9.039999999999999147, 2.000000000000000000 ) ) ;
#6070 = ORIENTED_EDGE ( 'NONE', *, *, #7523, .T. ) ;
#6071 = ORIENTED_EDGE ( 'NONE', *, *, #5367, .T. ) ;
#6072 = CARTESIAN_POINT ( 'NONE',  ( 42.47489026655541267, -12.96692768190591494, 3.499999999999999556 ) ) ;
#6073 = ADVANCED_FACE ( 'NONE', ( #8673 ), #6984, .F. ) ;
#6074 = ORIENTED_EDGE ( 'NONE', *, *, #10047, .T. ) ;
#6075 = ORIENTED_EDGE ( 'NONE', *, *, #2440, .F. ) ;
#6076 = DIRECTION ( 'NONE',  ( 0.6451415499424447697, -0.7640630736646418786, 0.000000000000000000 ) ) ;
#6077 = AXIS2_PLACEMENT_3D ( 'NONE', #10286, #329, #5012 ) ;
#6078 = CARTESIAN_POINT ( 'NONE',  ( -64.84999999999999432, 11.39999999999998259, 1.734723475976807094E-15 ) ) ;
#6079 = ORIENTED_EDGE ( 'NONE', *, *, #5634, .T. ) ;
#6080 = DIRECTION ( 'NONE',  ( 0.000000000000000000, 0.000000000000000000, 1.000000000000000000 ) ) ;
#6081 = AXIS2_PLACEMENT_3D ( 'NONE', #1497, #9888, #6118 ) ;
#6082 = ORIENTED_EDGE ( 'NONE', *, *, #6620, .T. ) ;
#6083 = CARTESIAN_POINT ( 'NONE',  ( 23.64599720045550058, -8.413774173196451045, 4.000000000000003553 ) ) ;
#6084 = PLANE ( 'NONE',  #10640 ) ;
#6085 = VECTOR ( 'NONE', #9416, 1000.000000000000000 ) ;
#6086 = CARTESIAN_POINT ( 'NONE',  ( 23.27282197134106312, 8.300000000000006040, 1.600000000000000755 ) ) ;
#6087 = ORIENTED_EDGE ( 'NONE', *, *, #10542, .F. ) ;
#6088 = PLANE ( 'NONE',  #4970 ) ;
#6089 = CARTESIAN_POINT ( 'NONE',  ( 24.52564102564101844, -6.590460151223551222, 3.500000000000003109 ) ) ;
#6090 = LINE ( 'NONE', #9741, #6695 ) ;
#6091 = CARTESIAN_POINT ( 'NONE',  ( 23.74405816980866391, 8.392144350952246867, 5.999999999999998224 ) ) ;
#6092 = AXIS2_PLACEMENT_3D ( 'NONE', #1790, #944, #7473 ) ;
#6093 = ORIENTED_EDGE ( 'NONE', *, *, #9890, .F. ) ;
#6094 = CARTESIAN_POINT ( 'NONE',  ( 28.72717802865892267, 8.300000000000006040, 1.600000000000000755 ) ) ;
#6095 = CYLINDRICAL_SURFACE ( 'NONE', #5687, 2.250000000000001776 ) ;
#6096 = DIRECTION ( 'NONE',  ( -1.000000000000000000, -1.227398685832646557E-16, 0.000000000000000000 ) ) ;
#6097 = CARTESIAN_POINT ( 'NONE',  ( 31.69999999999999218, -15.00000000000000000, 0.000000000000000000 ) ) ;
#6098 = VECTOR ( 'NONE', #7988, 1000.000000000000000 ) ;
#6099 = VECTOR ( 'NONE', #11257, 1000.000000000000000 ) ;
#6100 = CARTESIAN_POINT ( 'NONE',  ( 23.78029098570420885, -14.47336161574260416, 3.500000000000003109 ) ) ;
#6101 = LINE ( 'NONE', #1480, #1100 ) ;
#6102 = CARTESIAN_POINT ( 'NONE',  ( -24.99999999999999289, 11.99999999999998934, 1.999999999999998224 ) ) ;
#6103 = EDGE_LOOP ( 'NONE', ( #10837, #11395, #8319, #583 ) ) ;
#6104 = ORIENTED_EDGE ( 'NONE', *, *, #1474, .T. ) ;
#6105 = CARTESIAN_POINT ( 'NONE',  ( 6.512994231491118668, -5.999999999999992006, 1.550000000000000044 ) ) ;
#6106 = DIRECTION ( 'NONE',  ( 0.000000000000000000, 0.000000000000000000, 1.000000000000000000 ) ) ;
#6107 = DIRECTION ( 'NONE',  ( -1.000000000000000000, -0.000000000000000000, -0.000000000000000000 ) ) ;
#6108 = LINE ( 'NONE', #3347, #2215 ) ;
#6109 = EDGE_CURVE ( 'NONE', #3542, #1908, #9808, .T. ) ;
#6110 = LINE ( 'NONE', #6050, #5908 ) ;
#6111 = AXIS2_PLACEMENT_3D ( 'NONE', #3947, #7461, #5684 ) ;
#6112 = CARTESIAN_POINT ( 'NONE',  ( 25.53166808351593176, -15.07264796721447020, 3.500000000000003109 ) ) ;
#6113 = CARTESIAN_POINT ( 'NONE',  ( 9.199999999999995737, -16.00000000000000355, 4.999999999999999112 ) ) ;
#6114 = EDGE_CURVE ( 'NONE', #10029, #2820, #2309, .T. ) ;
#6115 = CARTESIAN_POINT ( 'NONE',  ( 24.52367008289799699, -6.626697207678234669, 4.000000000000000000 ) ) ;
#6116 = ORIENTED_EDGE ( 'NONE', *, *, #6726, .F. ) ;
#6117 = ORIENTED_EDGE ( 'NONE', *, *, #4716, .T. ) ;
#6118 = DIRECTION ( 'NONE',  ( -1.000000000000000000, 0.000000000000000000, 0.000000000000000000 ) ) ;
#6119 = VERTEX_POINT ( 'NONE', #3398 ) ;
#6120 = CIRCLE ( 'NONE', #8041, 0.9749999999999993117 ) ;
#6121 = ORIENTED_EDGE ( 'NONE', *, *, #1652, .F. ) ;
#6122 = VECTOR ( 'NONE', #1627, 1000.000000000000000 ) ;
#6123 = CARTESIAN_POINT ( 'NONE',  ( 24.27006230936067155, -13.42047066885280060, 4.000000000000007105 ) ) ;
#6124 = ORIENTED_EDGE ( 'NONE', *, *, #1258, .T. ) ;
#6125 = EDGE_CURVE ( 'NONE', #10073, #858, #10927, .T. ) ;
#6126 = EDGE_CURVE ( 'NONE', #9576, #11544, #4195, .T. ) ;
#6127 = EDGE_CURVE ( 'NONE', #3846, #786, #703, .T. ) ;
#6128 = DIRECTION ( 'NONE',  ( -0.9807775087999662800, 0.1951293884378572929, 0.000000000000000000 ) ) ;
#6129 = DIRECTION ( 'NONE',  ( -0.000000000000000000, -0.000000000000000000, 1.000000000000000000 ) ) ;
#6130 = DIRECTION ( 'NONE',  ( 1.000000000000000000, 0.000000000000000000, 0.000000000000000000 ) ) ;
#6131 = ORIENTED_EDGE ( 'NONE', *, *, #4079, .T. ) ;
#6132 = CARTESIAN_POINT ( 'NONE',  ( 25.35897435897435059, -5.340460151223551222, 4.000000000000000000 ) ) ;
#6133 = DIRECTION ( 'NONE',  ( -0.000000000000000000, -0.000000000000000000, -1.000000000000000000 ) ) ;
#6134 = ORIENTED_EDGE ( 'NONE', *, *, #10819, .T. ) ;
#6135 = EDGE_LOOP ( 'NONE', ( #9586, #7046, #3331, #8835 ) ) ;
#6136 = CARTESIAN_POINT ( 'NONE',  ( 27.58532216342740639, -13.78316893226880957, 3.500000000000006661 ) ) ;
#6137 = VERTEX_POINT ( 'NONE', #3277 ) ;
#6138 = CIRCLE ( 'NONE', #11910, 1.100000000000003642 ) ;
#6139 = CARTESIAN_POINT ( 'NONE',  ( 9.199999999999995737, -11.59999999999999964, 3.500000000000000000 ) ) ;
#6140 = ADVANCED_FACE ( 'NONE', ( #8798 ), #4251, .F. ) ;
#6141 = LINE ( 'NONE', #1762, #10846 ) ;
#6142 = ORIENTED_EDGE ( 'NONE', *, *, #2440, .T. ) ;
#6143 = CARTESIAN_POINT ( 'NONE',  ( -9.199999999999995737, 11.60000000000000320, 3.500000000000000000 ) ) ;
#6144 = CARTESIAN_POINT ( 'NONE',  ( -24.89999999999999147, 9.549999999999988276, 1.000000000000000888 ) ) ;
#6145 = VECTOR ( 'NONE', #6342, 1000.000000000000000 ) ;
#6146 = EDGE_LOOP ( 'NONE', ( #11857, #9887, #9795, #10613 ) ) ;
#6147 = LINE ( 'NONE', #9796, #5953 ) ;
#6148 = ORIENTED_EDGE ( 'NONE', *, *, #7885, .T. ) ;
#6149 = LINE ( 'NONE', #10829, #340 ) ;
#6150 = CARTESIAN_POINT ( 'NONE',  ( 39.19999999999998863, -10.44999999999999751, 1.025000000000002354 ) ) ;
#6151 = CARTESIAN_POINT ( 'NONE',  ( 24.52564102564101844, -18.00000000000000000, 3.499999999999999556 ) ) ;
#6152 = DIRECTION ( 'NONE',  ( 0.000000000000000000, 1.000000000000000000, 0.000000000000000000 ) ) ;
#6153 = DIRECTION ( 'NONE',  ( 0.000000000000000000, 0.000000000000000000, 1.000000000000000000 ) ) ;
#6154 = ORIENTED_EDGE ( 'NONE', *, *, #7452, .T. ) ;
#6155 = DIRECTION ( 'NONE',  ( -1.000000000000000000, 0.000000000000000000, 0.000000000000000000 ) ) ;
#6156 = CARTESIAN_POINT ( 'NONE',  ( 25.85314809716659212, -9.309834069769106435, 3.499999999999996003 ) ) ;
#6157 = CARTESIAN_POINT ( 'NONE',  ( 31.69999999999999218, -15.00000000000000000, 2.000000000000001776 ) ) ;
#6158 = CYLINDRICAL_SURFACE ( 'NONE', #3349, 2.250000000000001776 ) ;
#6159 = DIRECTION ( 'NONE',  ( -1.000000000000000000, 0.000000000000000000, 0.000000000000000000 ) ) ;
#6160 = VECTOR ( 'NONE', #4499, 1000.000000000000000 ) ;
#6161 = CARTESIAN_POINT ( 'NONE',  ( 23.40748915805416885, -13.77870821130162682, 3.499999999999999556 ) ) ;
#6162 = CARTESIAN_POINT ( 'NONE',  ( 27.72730271446992845, -13.47760009860552266, 4.000000000000014211 ) ) ;
#6163 = ADVANCED_FACE ( 'NONE', ( #9559 ), #9678, .F. ) ;
#6164 = DIRECTION ( 'NONE',  ( -1.000000000000000000, 0.000000000000000000, 0.000000000000000000 ) ) ;
#6165 = ORIENTED_EDGE ( 'NONE', *, *, #7987, .F. ) ;
#6166 = FACE_OUTER_BOUND ( 'NONE', #2538, .T. ) ;
#6167 = EDGE_CURVE ( 'NONE', #3320, #5946, #5936, .T. ) ;
#6168 = FACE_BOUND ( 'NONE', #3548, .T. ) ;
#6169 = CARTESIAN_POINT ( 'NONE',  ( 26.41367134548459816, -10.50573111153912897, 3.499999999999996003 ) ) ;
#6170 = CARTESIAN_POINT ( 'NONE',  ( 6.512994231491118668, -15.00000000000000355, 2.500000000000000444 ) ) ;
#6171 = AXIS2_PLACEMENT_3D ( 'NONE', #1076, #9173, #3970 ) ;
#6172 = CARTESIAN_POINT ( 'NONE',  ( 25.25916761631001961, 4.531708440375457059, 5.999999999999998224 ) ) ;
#6173 = FACE_OUTER_BOUND ( 'NONE', #2983, .T. ) ;
#6174 = DIRECTION ( 'NONE',  ( -1.000000000000000000, 0.000000000000000000, 0.000000000000000000 ) ) ;
#6175 = ORIENTED_EDGE ( 'NONE', *, *, #6992, .F. ) ;
#6176 = ORIENTED_EDGE ( 'NONE', *, *, #3634, .F. ) ;
#6177 = EDGE_CURVE ( 'NONE', #2521, #5141, #7665, .T. ) ;
#6178 = FACE_OUTER_BOUND ( 'NONE', #10568, .T. ) ;
#6179 = ORIENTED_EDGE ( 'NONE', *, *, #3197, .T. ) ;
#6180 = AXIS2_PLACEMENT_3D ( 'NONE', #8108, #10855, #8997 ) ;
#6181 = CARTESIAN_POINT ( 'NONE',  ( 25.43409455128204399, -1.878921689685088880, 4.000000000000000000 ) ) ;
#6182 = ORIENTED_EDGE ( 'NONE', *, *, #11180, .T. ) ;
#6183 = ORIENTED_EDGE ( 'NONE', *, *, #6866, .F. ) ;
#6184 = VERTEX_POINT ( 'NONE', #1540 ) ;
#6185 = FACE_OUTER_BOUND ( 'NONE', #845, .T. ) ;
#6186 = CARTESIAN_POINT ( 'NONE',  ( 27.94855715851499056, 5.925000000000022027, 6.784455972358868436 ) ) ;
#6187 = CARTESIAN_POINT ( 'NONE',  ( 23.39151584682969087, -9.073479574768635203, 3.999999999999993339 ) ) ;
#6188 = CARTESIAN_POINT ( 'NONE',  ( -9.199999999999999289, -11.59999999999999964, 3.500000000000000000 ) ) ;
#6189 = VERTEX_POINT ( 'NONE', #11567 ) ;
#6190 = VECTOR ( 'NONE', #10547, 1000.000000000000000 ) ;
#6191 = CARTESIAN_POINT ( 'NONE',  ( 25.99999999999999289, 7.050000000000004263, 3.599999999999999201 ) ) ;
#6192 = PLANE ( 'NONE',  #11758 ) ;
#6193 = VERTEX_POINT ( 'NONE', #5202 ) ;
#6194 = CARTESIAN_POINT ( 'NONE',  ( -38.26999999999998892, 7.049999999999989164, 0.000000000000000000 ) ) ;
#6195 = VERTEX_POINT ( 'NONE', #640 ) ;
#6196 = EDGE_CURVE ( 'NONE', #10659, #9129, #4308, .T. ) ;
#6197 = CARTESIAN_POINT ( 'NONE',  ( 28.20695418858148429, -14.46553045049184227, 3.500000000000003109 ) ) ;
#6198 = ORIENTED_EDGE ( 'NONE', *, *, #5054, .T. ) ;
#6199 = AXIS2_PLACEMENT_3D ( 'NONE', #10110, #8214, #5580 ) ;
#6200 = CARTESIAN_POINT ( 'NONE',  ( 25.17083239041450327, -14.12707046254419474, 4.000000000000003553 ) ) ;
#6201 = DIRECTION ( 'NONE',  ( -0.000000000000000000, -0.000000000000000000, 1.000000000000000000 ) ) ;
#6202 = ORIENTED_EDGE ( 'NONE', *, *, #1278, .T. ) ;
#6203 = CARTESIAN_POINT ( 'NONE',  ( -28.79999999999999361, -1.007296098383866039E-14, 20.91137224000415529 ) ) ;
#6204 = LINE ( 'NONE', #3325, #2303 ) ;
#6205 = EDGE_CURVE ( 'NONE', #10617, #10705, #6319, .T. ) ;
#6206 = EDGE_CURVE ( 'NONE', #3422, #686, #4482, .T. ) ;
#6207 = ORIENTED_EDGE ( 'NONE', *, *, #982, .T. ) ;
#6208 = DIRECTION ( 'NONE',  ( 1.000000000000000000, 0.000000000000000000, 0.000000000000000000 ) ) ;
#6209 = DIRECTION ( 'NONE',  ( -0.6593757618120926756, 0.7518135438622548516, 0.000000000000000000 ) ) ;
#6210 = ORIENTED_EDGE ( 'NONE', *, *, #9460, .F. ) ;
#6211 = CARTESIAN_POINT ( 'NONE',  ( 24.53318623672983634, -13.88971113978479188, 4.000000000000010658 ) ) ;
#6212 = EDGE_LOOP ( 'NONE', ( #133, #7752, #7982, #3355 ) ) ;
#6213 = CARTESIAN_POINT ( 'NONE',  ( -9.199999999999999289, -10.59999999999999787, 2.000000000000000000 ) ) ;
#6214 = EDGE_CURVE ( 'NONE', #3143, #4524, #2285, .T. ) ;
#6215 = FACE_BOUND ( 'NONE', #3561, .T. ) ;
#6216 = ORIENTED_EDGE ( 'NONE', *, *, #2890, .F. ) ;
#6217 = CARTESIAN_POINT ( 'NONE',  ( 41.19999999999999574, 26.99999999999998224, 5.999999999999998224 ) ) ;
#6218 = LINE ( 'NONE', #10897, #641 ) ;
#6219 = EDGE_CURVE ( 'NONE', #7863, #6119, #2494, .T. ) ;
#6220 = CARTESIAN_POINT ( 'NONE',  ( 27.72959812894091414, -13.42114572642101145, 3.500000000000003109 ) ) ;
#6221 = FACE_OUTER_BOUND ( 'NONE', #11864, .T. ) ;
#6222 = ORIENTED_EDGE ( 'NONE', *, *, #7228, .F. ) ;
#6223 = DIRECTION ( 'NONE',  ( 0.000000000000000000, 0.000000000000000000, 1.000000000000000000 ) ) ;
#6224 = CARTESIAN_POINT ( 'NONE',  ( 24.26923076923076295, -9.424995407633808497, 3.500000000000003109 ) ) ;
#6225 = CARTESIAN_POINT ( 'NONE',  ( -15.00000000000001066, 24.49999999999999645, 0.000000000000000000 ) ) ;
#6226 = DIRECTION ( 'NONE',  ( -0.000000000000000000, -0.000000000000000000, 1.000000000000000000 ) ) ;
#6227 = AXIS2_PLACEMENT_3D ( 'NONE', #440, #4115, #11424 ) ;
#6228 = CARTESIAN_POINT ( 'NONE',  ( -28.79999999999999361, -1.007296098383866039E-14, 20.91137224000415529 ) ) ;
#6229 = CARTESIAN_POINT ( 'NONE',  ( -27.09999999999999076, -10.45000000000001172, 0.000000000000000000 ) ) ;
#6230 = DIRECTION ( 'NONE',  ( -0.000000000000000000, -0.000000000000000000, -1.000000000000000000 ) ) ;
#6231 = DIRECTION ( 'NONE',  ( 0.000000000000000000, 0.000000000000000000, 1.000000000000000000 ) ) ;
#6232 = VECTOR ( 'NONE', #587, 1000.000000000000000 ) ;
#6233 = ORIENTED_EDGE ( 'NONE', *, *, #9680, .F. ) ;
#6234 = FACE_OUTER_BOUND ( 'NONE', #9373, .T. ) ;
#6235 = EDGE_LOOP ( 'NONE', ( #2167, #11729, #357, #2835 ) ) ;
#6236 = AXIS2_PLACEMENT_3D ( 'NONE', #3371, #2470, #9591 ) ;
#6237 = PLANE ( 'NONE',  #7081 ) ;
#6238 = VERTEX_POINT ( 'NONE', #6381 ) ;
#6239 = ORIENTED_EDGE ( 'NONE', *, *, #8411, .T. ) ;
#6240 = ORIENTED_EDGE ( 'NONE', *, *, #9399, .F. ) ;
#6241 = CARTESIAN_POINT ( 'NONE',  ( 26.64518355067240307, -14.15778508264492963, 4.000000000000003553 ) ) ;
#6242 = DIRECTION ( 'NONE',  ( 0.000000000000000000, -0.000000000000000000, -1.000000000000000000 ) ) ;
#6243 = VECTOR ( 'NONE', #3476, 1000.000000000000000 ) ;
#6244 = CARTESIAN_POINT ( 'NONE',  ( 28.45588743230190687, 6.123046969980942222, 5.999999999999998224 ) ) ;
#6245 = ORIENTED_EDGE ( 'NONE', *, *, #8679, .T. ) ;
#6246 = EDGE_CURVE ( 'NONE', #10872, #2418, #9978, .T. ) ;
#6247 = ORIENTED_EDGE ( 'NONE', *, *, #4257, .T. ) ;
#6248 = EDGE_CURVE ( 'NONE', #6723, #11121, #1664, .T. ) ;
#6249 = CARTESIAN_POINT ( 'NONE',  ( -15.00000000000000711, 7.050000000000000711, 8.200000000000002842 ) ) ;
#6250 = AXIS2_PLACEMENT_3D ( 'NONE', #7049, #9676, #10529 ) ;
#6251 = VERTEX_POINT ( 'NONE', #6269 ) ;
#6252 = CARTESIAN_POINT ( 'NONE',  ( -38.26999999999998892, 7.049999999999989164, 1.000000000000013101 ) ) ;
#6253 = EDGE_LOOP ( 'NONE', ( #10937, #9014 ) ) ;
#6254 = ADVANCED_FACE ( 'NONE', ( #8197, #8144, #7173, #10783, #5437, #10836 ), #2554, .T. ) ;
#6255 = ORIENTED_EDGE ( 'NONE', *, *, #7104, .F. ) ;
#6256 = DIRECTION ( 'NONE',  ( 0.000000000000000000, 0.000000000000000000, -1.000000000000000000 ) ) ;
#6257 = CARTESIAN_POINT ( 'NONE',  ( 23.44009993635634004, -9.867780186532751685, 3.999999999999988010 ) ) ;
#6258 = DIRECTION ( 'NONE',  ( 0.000000000000000000, -0.000000000000000000, -1.000000000000000000 ) ) ;
#6259 = ORIENTED_EDGE ( 'NONE', *, *, #1929, .F. ) ;
#6260 = CARTESIAN_POINT ( 'NONE',  ( 27.79533191373339918, -14.76258535496946678, 4.000000000000001776 ) ) ;
#6261 = ORIENTED_EDGE ( 'NONE', *, *, #10674, .F. ) ;
#6262 = CARTESIAN_POINT ( 'NONE',  ( 11.02500000000000036, 9.549999999999998934, 0.000000000000000000 ) ) ;
#6263 = CARTESIAN_POINT ( 'NONE',  ( -52.99999999999998579, -8.673617379884035472E-15, 2.000000000000000000 ) ) ;
#6264 = DIRECTION ( 'NONE',  ( -8.182657905550977046E-17, 1.000000000000000000, -0.000000000000000000 ) ) ;
#6265 = VECTOR ( 'NONE', #2783, 1000.000000000000000 ) ;
#6266 = FACE_OUTER_BOUND ( 'NONE', #8395, .T. ) ;
#6267 = EDGE_CURVE ( 'NONE', #6969, #10750, #9033, .T. ) ;
#6268 = EDGE_CURVE ( 'NONE', #6664, #10775, #10034, .T. ) ;
#6269 = CARTESIAN_POINT ( 'NONE',  ( 28.43078105946538869, 6.059076975267870147, 3.599999999999999201 ) ) ;
#6270 = AXIS2_PLACEMENT_3D ( 'NONE', #4043, #7867, #425 ) ;
#6271 = ORIENTED_EDGE ( 'NONE', *, *, #9252, .F. ) ;
#6272 = PLANE ( 'NONE',  #5998 ) ;
#6273 = VECTOR ( 'NONE', #1743, 1000.000000000000000 ) ;
#6274 = VERTEX_POINT ( 'NONE', #11874 ) ;
#6275 = CIRCLE ( 'NONE', #2637, 1.100000000000003642 ) ;
#6276 = EDGE_CURVE ( 'NONE', #4084, #3542, #3753, .T. ) ;
#6277 = CARTESIAN_POINT ( 'NONE',  ( 25.99999999999999289, 7.050000000000004263, 5.999999999999998224 ) ) ;
#6278 = DIRECTION ( 'NONE',  ( 1.000000000000000000, 0.000000000000000000, 0.000000000000000000 ) ) ;
#6279 = ORIENTED_EDGE ( 'NONE', *, *, #4937, .F. ) ;
#6280 = ORIENTED_EDGE ( 'NONE', *, *, #6992, .T. ) ;
#6281 = CARTESIAN_POINT ( 'NONE',  ( 25.31691712220624524, -15.05543349420321064, 4.000000000000003553 ) ) ;
#6282 = FACE_OUTER_BOUND ( 'NONE', #5059, .T. ) ;
#6283 = EDGE_CURVE ( 'NONE', #8281, #5044, #3635, .T. ) ;
#6284 = DIRECTION ( 'NONE',  ( 0.000000000000000000, -0.000000000000000000, -1.000000000000000000 ) ) ;
#6285 = ADVANCED_FACE ( 'NONE', ( #5496, #2663, #1820, #2715, #6215, #1879 ), #9134, .F. ) ;
#6286 = DIRECTION ( 'NONE',  ( 0.000000000000000000, 0.000000000000000000, 1.000000000000000000 ) ) ;
#6287 = DIRECTION ( 'NONE',  ( -1.000000000000000000, 0.000000000000000000, 0.000000000000000000 ) ) ;
#6288 = AXIS2_PLACEMENT_3D ( 'NONE', #4858, #8521, #172 ) ;
#6289 = VECTOR ( 'NONE', #2025, 1000.000000000000000 ) ;
#6290 = DIRECTION ( 'NONE',  ( -1.000000000000000000, 0.000000000000000000, 0.000000000000000000 ) ) ;
#6291 = CARTESIAN_POINT ( 'NONE',  ( 26.27574534825463815, -11.68916459254359985, 3.500000000000003109 ) ) ;
#6292 = ORIENTED_EDGE ( 'NONE', *, *, #8506, .T. ) ;
#6293 = CARTESIAN_POINT ( 'NONE',  ( 14.99999999999999645, 41.99999999999999289, 0.000000000000000000 ) ) ;
#6294 = DIRECTION ( 'NONE',  ( 0.000000000000000000, 0.000000000000000000, 1.000000000000000000 ) ) ;
#6295 = CARTESIAN_POINT ( 'NONE',  ( 12.99999999999999822, 44.00000000000000000, 8.000000000000000000 ) ) ;
#6296 = DIRECTION ( 'NONE',  ( 0.000000000000000000, 0.000000000000000000, 1.000000000000000000 ) ) ;
#6297 = AXIS2_PLACEMENT_3D ( 'NONE', #10066, #1850, #9170 ) ;
#6298 = ORIENTED_EDGE ( 'NONE', *, *, #3351, .F. ) ;
#6299 = LINE ( 'NONE', #8170, #5895 ) ;
#6300 = DIRECTION ( 'NONE',  ( -0.3912681764687679919, 0.9202767051723113045, 0.000000000000000000 ) ) ;
#6301 = LINE ( 'NONE', #5414, #1593 ) ;
#6302 = CARTESIAN_POINT ( 'NONE',  ( 24.66700276124617019, -7.724893093178190284, 3.499999999999992895 ) ) ;
#6303 = CARTESIAN_POINT ( 'NONE',  ( -80.89999999999999147, 9.549999999999984723, 3.100000000000001865 ) ) ;
#6304 = VERTEX_POINT ( 'NONE', #4429 ) ;
#6305 = DIRECTION ( 'NONE',  ( 1.000000000000000000, 0.000000000000000000, 0.000000000000000000 ) ) ;
#6306 = VECTOR ( 'NONE', #6743, 1000.000000000000000 ) ;
#6307 = VERTEX_POINT ( 'NONE', #3696 ) ;
#6308 = AXIS2_PLACEMENT_3D ( 'NONE', #8696, #4153, #10379 ) ;
#6309 = DIRECTION ( 'NONE',  ( 0.2497379085651796615, 0.9683134704348018706, 0.000000000000000000 ) ) ;
#6310 = ORIENTED_EDGE ( 'NONE', *, *, #9487, .T. ) ;
#6311 = DIRECTION ( 'NONE',  ( -0.7518135438622547406, -0.6593757618120925645, 0.000000000000000000 ) ) ;
#6312 = AXIS2_PLACEMENT_3D ( 'NONE', #11259, #3948, #11502 ) ;
#6313 = EDGE_LOOP ( 'NONE', ( #9579, #1968, #6797, #6627 ) ) ;
#6314 = ORIENTED_EDGE ( 'NONE', *, *, #187, .F. ) ;
#6315 = CARTESIAN_POINT ( 'NONE',  ( 27.26747013064311531, 8.909037242211006458, 3.599999999999999201 ) ) ;
#6316 = DIRECTION ( 'NONE',  ( 1.000000000000000000, 0.000000000000000000, 0.000000000000000000 ) ) ;
#6317 = CARTESIAN_POINT ( 'NONE',  ( 23.37339194494140315, -9.431076141920497591, 3.999999999999988010 ) ) ;
#6318 = EDGE_LOOP ( 'NONE', ( #10694, #7571, #5364, #2377 ) ) ;
#6319 = CIRCLE ( 'NONE', #4044, 2.250000000000001776 ) ;
#6320 = EDGE_CURVE ( 'NONE', #6615, #2222, #11763, .T. ) ;
#6321 = EDGE_LOOP ( 'NONE', ( #2761, #9908, #371, #1478 ) ) ;
#6322 = ORIENTED_EDGE ( 'NONE', *, *, #1195, .F. ) ;
#6323 = CARTESIAN_POINT ( 'NONE',  ( 24.28297347739396983, -10.85799491670000272, 3.999999999999993339 ) ) ;
#6324 = DIRECTION ( 'NONE',  ( 0.000000000000000000, 0.000000000000000000, 1.000000000000000000 ) ) ;
#6325 = DIRECTION ( 'NONE',  ( -1.000000000000000000, 0.000000000000000000, 0.000000000000000000 ) ) ;
#6326 = DIRECTION ( 'NONE',  ( -0.000000000000000000, -0.000000000000000000, 1.000000000000000000 ) ) ;
#6327 = EDGE_CURVE ( 'NONE', #9766, #4279, #8829, .T. ) ;
#6328 = DIRECTION ( 'NONE',  ( 1.000000000000000000, 0.000000000000000000, -0.000000000000000000 ) ) ;
#6329 = VERTEX_POINT ( 'NONE', #984 ) ;
#6330 = VECTOR ( 'NONE', #6384, 1000.000000000000000 ) ;
#6331 = DIRECTION ( 'NONE',  ( 0.000000000000000000, 0.000000000000000000, 1.000000000000000000 ) ) ;
#6332 = CYLINDRICAL_SURFACE ( 'NONE', #2115, 2.250000000000001776 ) ;
#6333 = CARTESIAN_POINT ( 'NONE',  ( -28.79999999999999361, -1.007296098383866039E-14, 0.000000000000000000 ) ) ;
#6334 = CARTESIAN_POINT ( 'NONE',  ( 28.52462593800348500, -13.97524118871898757, 3.499999999999989342 ) ) ;
#6335 = EDGE_CURVE ( 'NONE', #6514, #2317, #76, .T. ) ;
#6336 = VECTOR ( 'NONE', #3863, 1000.000000000000000 ) ;
#6337 = CARTESIAN_POINT ( 'NONE',  ( 27.70956352234567532, -13.56030988741396826, 3.500000000000003109 ) ) ;
#6338 = LINE ( 'NONE', #9987, #6502 ) ;
#6339 = VERTEX_POINT ( 'NONE', #761 ) ;
#6340 = FACE_BOUND ( 'NONE', #8114, .T. ) ;
#6341 = LINE ( 'NONE', #8324, #3416 ) ;
#6342 = DIRECTION ( 'NONE',  ( 0.000000000000000000, 0.000000000000000000, 1.000000000000000000 ) ) ;
#6343 = DIRECTION ( 'NONE',  ( 0.000000000000000000, 0.000000000000000000, 1.000000000000000000 ) ) ;
#6344 = DIRECTION ( 'NONE',  ( -0.000000000000000000, -0.000000000000000000, -1.000000000000000000 ) ) ;
#6345 = AXIS2_PLACEMENT_3D ( 'NONE', #2408, #6902, #9717 ) ;
#6346 = CARTESIAN_POINT ( 'NONE',  ( -16.99999999999999645, -11.48077640640443597, 2.000000000000000000 ) ) ;
#6347 = ORIENTED_EDGE ( 'NONE', *, *, #3806, .F. ) ;
#6348 = VERTEX_POINT ( 'NONE', #8089 ) ;
#6349 = CARTESIAN_POINT ( 'NONE',  ( -17.89999999999999503, 1.549999999999988942, -20.20000000000000284 ) ) ;
#6350 = EDGE_CURVE ( 'NONE', #11075, #1599, #3016, .T. ) ;
#6351 = CARTESIAN_POINT ( 'NONE',  ( 27.81048827292575965, 8.950725444034009826, 3.599999999999999201 ) ) ;
#6352 = ORIENTED_EDGE ( 'NONE', *, *, #4306, .T. ) ;
#6353 = DIRECTION ( 'NONE',  ( -0.000000000000000000, -0.000000000000000000, -1.000000000000000000 ) ) ;
#6354 = CARTESIAN_POINT ( 'NONE',  ( -47.19999999999998863, -18.00000000000001066, 0.000000000000000000 ) ) ;
#6355 = CARTESIAN_POINT ( 'NONE',  ( -14.99999999999999645, 2.425067568061139323, 10.09999999999999964 ) ) ;
#6356 = PLANE ( 'NONE',  #3110 ) ;
#6357 = EDGE_CURVE ( 'NONE', #1908, #2170, #2834, .T. ) ;
#6358 = CARTESIAN_POINT ( 'NONE',  ( 25.35897435897435059, -2.887535471736370596, 3.499999999999999556 ) ) ;
#6359 = DIRECTION ( 'NONE',  ( -0.000000000000000000, -0.000000000000000000, 1.000000000000000000 ) ) ;
#6360 = VERTEX_POINT ( 'NONE', #202 ) ;
#6361 = LINE ( 'NONE', #7314, #4396 ) ;
#6362 = AXIS2_PLACEMENT_3D ( 'NONE', #303, #3980, #7622 ) ;
#6363 = EDGE_LOOP ( 'NONE', ( #11600, #3611, #6017, #9187 ) ) ;
#6364 = CARTESIAN_POINT ( 'NONE',  ( 24.85254176768878054, -12.70818042015855909, 4.000000000000015099 ) ) ;
#6365 = EDGE_CURVE ( 'NONE', #862, #8263, #4881, .T. ) ;
#6366 = ADVANCED_FACE ( 'NONE', ( #1167 ), #1275, .F. ) ;
#6367 = ORIENTED_EDGE ( 'NONE', *, *, #8548, .T. ) ;
#6368 = CARTESIAN_POINT ( 'NONE',  ( -16.99999999999999645, -18.00000000000001421, 1.000000000000000888 ) ) ;
#6369 = CIRCLE ( 'NONE', #2718, 0.9749999999999993117 ) ;
#6370 = ORIENTED_EDGE ( 'NONE', *, *, #8065, .F. ) ;
#6371 = EDGE_LOOP ( 'NONE', ( #1319, #8331, #9582, #9516 ) ) ;
#6372 = DIRECTION ( 'NONE',  ( -1.000000000000000000, 0.000000000000000000, 0.000000000000000000 ) ) ;
#6373 = EDGE_CURVE ( 'NONE', #213, #1251, #4939, .T. ) ;
#6374 = PLANE ( 'NONE',  #10111 ) ;
#6375 = VECTOR ( 'NONE', #5390, 1000.000000000000000 ) ;
#6376 = ORIENTED_EDGE ( 'NONE', *, *, #11911, .F. ) ;
#6377 = CARTESIAN_POINT ( 'NONE',  ( 23.40776217180951235, -13.01238380090809699, 3.499999999999992895 ) ) ;
#6378 = LINE ( 'NONE', #866, #6640 ) ;
#6379 = ORIENTED_EDGE ( 'NONE', *, *, #1309, .F. ) ;
#6380 = DIRECTION ( 'NONE',  ( -0.000000000000000000, -0.000000000000000000, 1.000000000000000000 ) ) ;
#6381 = CARTESIAN_POINT ( 'NONE',  ( 28.62820512820511709, -3.957247010197907144, 4.000000000000000000 ) ) ;
#6382 = VERTEX_POINT ( 'NONE', #8602 ) ;
#6383 = CARTESIAN_POINT ( 'NONE',  ( 18.99999999999999645, 41.99999999999999289, 0.000000000000000000 ) ) ;
#6384 = DIRECTION ( 'NONE',  ( -0.000000000000000000, 0.000000000000000000, 1.000000000000000000 ) ) ;
#6385 = CYLINDRICAL_SURFACE ( 'NONE', #3212, 0.9750000000000001998 ) ;
#6386 = EDGE_CURVE ( 'NONE', #2363, #785, #5945, .T. ) ;
#6387 = LINE ( 'NONE', #6575, #3234 ) ;
#6388 = LINE ( 'NONE', #10961, #4035 ) ;
#6389 = CARTESIAN_POINT ( 'NONE',  ( 23.37255193828550404, -13.44111070838618538, 4.000000000000003553 ) ) ;
#6390 = CARTESIAN_POINT ( 'NONE',  ( 24.75621356887336333, -10.09628625340074315, 3.999999999999996447 ) ) ;
#6391 = LINE ( 'NONE', #10909, #11471 ) ;
#6392 = VERTEX_POINT ( 'NONE', #8545 ) ;
#6393 = EDGE_CURVE ( 'NONE', #4333, #976, #8442, .T. ) ;
#6394 = DIRECTION ( 'NONE',  ( 0.000000000000000000, -1.000000000000000000, 0.000000000000000000 ) ) ;
#6395 = CARTESIAN_POINT ( 'NONE',  ( 24.24087916444691970, 8.452852054182152131, 6.747558652054626016 ) ) ;
#6396 = CARTESIAN_POINT ( 'NONE',  ( 25.35308843033563164, -14.15358962465455406, 4.000000000000000000 ) ) ;
#6397 = ORIENTED_EDGE ( 'NONE', *, *, #10542, .T. ) ;
#6398 = ORIENTED_EDGE ( 'NONE', *, *, #2283, .F. ) ;
#6399 = DIRECTION ( 'NONE',  ( 0.000000000000000000, 0.000000000000000000, 1.000000000000000000 ) ) ;
#6400 = DIRECTION ( 'NONE',  ( 1.000000000000000000, 0.000000000000000000, 0.000000000000000000 ) ) ;
#6401 = DIRECTION ( 'NONE',  ( 0.000000000000000000, 0.000000000000000000, 1.000000000000000000 ) ) ;
#6402 = ORIENTED_EDGE ( 'NONE', *, *, #10493, .T. ) ;
#6403 = B_SPLINE_CURVE_WITH_KNOTS ( 'NONE', 3,
 ( #879, #4490, #9214, #4670, #6281, #3767, #6452, #10104, #5506, #8321, #935, #8210, #8152, #4440, #11828, #11885, #3583, #8100, #7237, #10906, #10963, #2673, #7398, #2726, #9147, #6389, #3531 ),
 .UNSPECIFIED., .F., .F.,
 ( 4, 1, 1, 1, 1, 1, 1, 1, 1, 1, 1, 1, 1, 1, 1, 1, 1, 1, 1, 1, 1, 1, 1, 1, 4 ),
 ( 0.000000000000000000, 0.06848678953180264983, 0.1330686034768698844, 0.1938174267513896043, 0.2510678822434361801, 0.3043826819346475143, 0.3543872059353594950, 0.4012708475644490291, 0.4446741614967869571, 0.4856635241877677034, 0.5246451914242059589, 0.5621357040795469384, 0.5979269936485214210, 0.6324518987491632993, 0.6657284078076926015, 0.6977541153568967980, 0.7293531551978328364, 0.7605902647540452310, 0.7923674640178234307, 0.8243230823934852847, 0.8571647915322994082, 0.8909333925356225370, 0.9259648588186043527, 0.9620635857508668121, 1.000000000000000000 ),
 .UNSPECIFIED. ) ;
#6404 = AXIS2_PLACEMENT_3D ( 'NONE', #6734, #377, #2054 ) ;
#6405 =( NAMED_UNIT ( * ) SI_UNIT ( $, .STERADIAN. ) SOLID_ANGLE_UNIT ( ) );
#6406 = VERTEX_POINT ( 'NONE', #10219 ) ;
#6407 = CARTESIAN_POINT ( 'NONE',  ( -9.039999999999999147, -9.039999999999999147, 2.000000000000000000 ) ) ;
#6408 = DIRECTION ( 'NONE',  ( 0.7004361083228453078, 0.7137151099406172650, 0.000000000000000000 ) ) ;
#6409 = CARTESIAN_POINT ( 'NONE',  ( -6.000000000000000000, -10.59999999999999787, 0.000000000000000000 ) ) ;
#6410 = DIRECTION ( 'NONE',  ( -1.000000000000000000, 0.000000000000000000, 0.000000000000000000 ) ) ;
#6411 = ADVANCED_FACE ( 'NONE', ( #2119 ), #7575, .F. ) ;
#6412 = ADVANCED_FACE ( 'NONE', ( #3993 ), #11248, .T. ) ;
#6413 = EDGE_CURVE ( 'NONE', #10073, #2173, #6508, .T. ) ;
#6414 = ORIENTED_EDGE ( 'NONE', *, *, #5192, .T. ) ;
#6415 = VECTOR ( 'NONE', #1528, 1000.000000000000000 ) ;
#6416 = CARTESIAN_POINT ( 'NONE',  ( 23.77201865095422662, -7.097953595255734882, 4.000000000000003553 ) ) ;
#6417 = ORIENTED_EDGE ( 'NONE', *, *, #9471, .F. ) ;
#6418 = VECTOR ( 'NONE', #10502, 999.9999999999998863 ) ;
#6419 = CARTESIAN_POINT ( 'NONE',  ( 31.69999999999999218, -5.999999999999988454, 4.000000000000000000 ) ) ;
#6420 = ORIENTED_EDGE ( 'NONE', *, *, #2864, .F. ) ;
#6421 = CARTESIAN_POINT ( 'NONE',  ( 26.45958786628197146, -15.07217670077143978, 3.499999999999999556 ) ) ;
#6422 = FACE_BOUND ( 'NONE', #5716, .T. ) ;
#6423 = EDGE_CURVE ( 'NONE', #8758, #3595, #3467, .T. ) ;
#6424 = ORIENTED_EDGE ( 'NONE', *, *, #6283, .T. ) ;
#6425 = CARTESIAN_POINT ( 'NONE',  ( 25.99999999999999289, 7.050000000000004263, 5.999999999999998224 ) ) ;
#6426 = ORIENTED_EDGE ( 'NONE', *, *, #797, .F. ) ;
#6427 = EDGE_CURVE ( 'NONE', #6238, #3786, #7637, .T. ) ;
#6428 = EDGE_CURVE ( 'NONE', #9644, #8659, #10394, .T. ) ;
#6429 = CARTESIAN_POINT ( 'NONE',  ( 25.53054203674924594, -10.03550810369756263, 4.000000000000003553 ) ) ;
#6430 = ORIENTED_EDGE ( 'NONE', *, *, #8047, .T. ) ;
#6431 = CARTESIAN_POINT ( 'NONE',  ( 5.999999999999999112, -10.59999999999999787, 0.000000000000000000 ) ) ;
#6432 = ORIENTED_EDGE ( 'NONE', *, *, #11660, .F. ) ;
#6433 = CIRCLE ( 'NONE', #9482, 2.250000000000001776 ) ;
#6434 = ORIENTED_EDGE ( 'NONE', *, *, #11911, .T. ) ;
#6435 = ORIENTED_EDGE ( 'NONE', *, *, #6498, .T. ) ;
#6436 = CARTESIAN_POINT ( 'NONE',  ( 24.76019030994835646, -11.01862143469620214, 3.999999999999996447 ) ) ;
#6437 = DIRECTION ( 'NONE',  ( 0.000000000000000000, 0.000000000000000000, -1.000000000000000000 ) ) ;
#6438 = LINE ( 'NONE', #11067, #2976 ) ;
#6439 = EDGE_CURVE ( 'NONE', #11345, #5312, #5845, .T. ) ;
#6440 = DIRECTION ( 'NONE',  ( 0.000000000000000000, -0.000000000000000000, -1.000000000000000000 ) ) ;
#6441 = AXIS2_PLACEMENT_3D ( 'NONE', #7669, #9569, #7434 ) ;
#6442 = CARTESIAN_POINT ( 'NONE',  ( -6.000000000000002665, 10.60000000000000142, 0.000000000000000000 ) ) ;
#6443 = LINE ( 'NONE', #4660, #10802 ) ;
#6444 = DIRECTION ( 'NONE',  ( 1.000000000000000000, 0.000000000000000000, 0.000000000000000000 ) ) ;
#6445 = FACE_OUTER_BOUND ( 'NONE', #3130, .T. ) ;
#6446 = CARTESIAN_POINT ( 'NONE',  ( 28.20695418858148429, -14.46553045049184227, 3.500000000000003109 ) ) ;
#6447 = ORIENTED_EDGE ( 'NONE', *, *, #175, .F. ) ;
#6448 = VECTOR ( 'NONE', #10964, 1000.000000000000000 ) ;
#6449 = CARTESIAN_POINT ( 'NONE',  ( 27.81048827292575965, 8.950725444034009826, 6.747558652054622463 ) ) ;
#6450 = LINE ( 'NONE', #6577, #10724 ) ;
#6451 = ORIENTED_EDGE ( 'NONE', *, *, #9536, .F. ) ;
#6452 = CARTESIAN_POINT ( 'NONE',  ( 24.92889199336873318, -15.00285622407671582, 3.999999999999996447 ) ) ;
#6453 = CARTESIAN_POINT ( 'NONE',  ( -60.79999999999999005, -18.00000000000000711, 22.01137224000416381 ) ) ;
#6454 = ORIENTED_EDGE ( 'NONE', *, *, #4053, .T. ) ;
#6455 = CARTESIAN_POINT ( 'NONE',  ( 48.29999999999999005, 10.54999999999999005, -1.734723475976807094E-15 ) ) ;
#6456 = LINE ( 'NONE', #5449, #9731 ) ;
#6457 = CARTESIAN_POINT ( 'NONE',  ( -20.09999999999999787, 37.54999999999998295, -20.20000000000000284 ) ) ;
#6458 = ORIENTED_EDGE ( 'NONE', *, *, #6439, .T. ) ;
#6459 = DIRECTION ( 'NONE',  ( -0.000000000000000000, -1.000000000000000000, 0.000000000000000000 ) ) ;
#6460 = CIRCLE ( 'NONE', #8391, 2.624999999999998668 ) ;
#6461 = CARTESIAN_POINT ( 'NONE',  ( -28.24999999999999289, -10.45000000000001172, 1.000000000000000888 ) ) ;
#6462 = CIRCLE ( 'NONE', #2441, 0.9750000000000001998 ) ;
#6463 = CARTESIAN_POINT ( 'NONE',  ( 24.72731782444544635, -14.00286373009813090, 4.000000000000003553 ) ) ;
#6464 = ORIENTED_EDGE ( 'NONE', *, *, #5755, .T. ) ;
#6465 = ORIENTED_EDGE ( 'NONE', *, *, #11042, .T. ) ;
#6466 = LINE ( 'NONE', #6349, #3986 ) ;
#6467 = CARTESIAN_POINT ( 'NONE',  ( 23.37653401374404893, -9.543537113745102829, 3.499999999999992895 ) ) ;
#6468 = VERTEX_POINT ( 'NONE', #4719 ) ;
#6469 = CARTESIAN_POINT ( 'NONE',  ( 32.74999999999999289, -5.999999999999988454, 2.000000000000001776 ) ) ;
#6470 = ADVANCED_FACE ( 'NONE', ( #7517 ), #144, .F. ) ;
#6471 = ORIENTED_EDGE ( 'NONE', *, *, #3633, .T. ) ;
#6472 = ORIENTED_EDGE ( 'NONE', *, *, #9922, .F. ) ;
#6473 = CARTESIAN_POINT ( 'NONE',  ( 24.71794871794871185, -7.712255023018423472, 3.499999999999999556 ) ) ;
#6474 = CYLINDRICAL_SURFACE ( 'NONE', #1252, 0.9749999999999993117 ) ;
#6475 = FACE_OUTER_BOUND ( 'NONE', #1537, .T. ) ;
#6476 = CARTESIAN_POINT ( 'NONE',  ( 39.19999999999998863, -17.99999999999999645, 0.000000000000000000 ) ) ;
#6477 = VECTOR ( 'NONE', #7407, 1000.000000000000000 ) ;
#6478 = AXIS2_PLACEMENT_3D ( 'NONE', #666, #6128, #11787 ) ;
#6479 = CARTESIAN_POINT ( 'NONE',  ( 24.03787757883680243, -8.004586484164727622, 3.499999999999996003 ) ) ;
#6480 = CYLINDRICAL_SURFACE ( 'NONE', #4649, 2.624999999999998668 ) ;
#6481 = VERTEX_POINT ( 'NONE', #2898 ) ;
#6482 = DIRECTION ( 'NONE',  ( -0.000000000000000000, -0.000000000000000000, 1.000000000000000000 ) ) ;
#6483 = ORIENTED_EDGE ( 'NONE', *, *, #7720, .T. ) ;
#6484 = CARTESIAN_POINT ( 'NONE',  ( 26.72858823781824711, -9.247278786444555365, 3.499999999999996003 ) ) ;
#6485 = AXIS2_PLACEMENT_3D ( 'NONE', #2022, #231, #1191 ) ;
#6486 = CARTESIAN_POINT ( 'NONE',  ( -28.79999999999999361, -18.00000000000000355, 1.999999999999998224 ) ) ;
#6487 = AXIS2_PLACEMENT_3D ( 'NONE', #10250, #3665, #5469 ) ;
#6488 = EDGE_CURVE ( 'NONE', #6406, #6786, #7868, .T. ) ;
#6489 = EDGE_CURVE ( 'NONE', #9213, #3846, #1102, .T. ) ;
#6490 = LINE ( 'NONE', #966, #2536 ) ;
#6491 = PLANE ( 'NONE',  #1681 ) ;
#6492 = ORIENTED_EDGE ( 'NONE', *, *, #4108, .T. ) ;
#6493 = VECTOR ( 'NONE', #301, 1000.000000000000000 ) ;
#6494 = DIRECTION ( 'NONE',  ( 0.000000000000000000, 0.000000000000000000, 1.000000000000000000 ) ) ;
#6495 = CARTESIAN_POINT ( 'NONE',  ( 23.94614501817149232, -6.047365088695912050, 4.000000000000000000 ) ) ;
#6496 = VERTEX_POINT ( 'NONE', #10050 ) ;
#6497 = EDGE_CURVE ( 'NONE', #5141, #2521, #4430, .T. ) ;
#6498 = EDGE_CURVE ( 'NONE', #10406, #1251, #4675, .T. ) ;
#6499 = ORIENTED_EDGE ( 'NONE', *, *, #8706, .T. ) ;
#6500 = VERTEX_POINT ( 'NONE', #4615 ) ;
#6501 = CARTESIAN_POINT ( 'NONE',  ( 25.76018708948390312, -15.08264456202988768, 3.499999999999996003 ) ) ;
#6502 = VECTOR ( 'NONE', #646, 1000.000000000000000 ) ;
#6503 = DIRECTION ( 'NONE',  ( 1.000000000000000000, 0.000000000000000000, 0.000000000000000000 ) ) ;
#6504 = AXIS2_PLACEMENT_3D ( 'NONE', #10683, #9052, #7078 ) ;
#6505 = EDGE_LOOP ( 'NONE', ( #10375, #4261, #4462, #4215 ) ) ;
#6506 = CARTESIAN_POINT ( 'NONE',  ( 23.43589743589742724, -6.590460151223551222, 3.499999999999996003 ) ) ;
#6507 = CARTESIAN_POINT ( 'NONE',  ( 27.94855715851499056, 5.925000000000022027, 5.999999999999998224 ) ) ;
#6508 = LINE ( 'NONE', #9478, #5190 ) ;
#6509 = CARTESIAN_POINT ( 'NONE',  ( 28.59055245908588816, -12.98595251081107627, 4.000000000000003553 ) ) ;
#6510 = VECTOR ( 'NONE', #3657, 1000.000000000000000 ) ;
#6511 = CARTESIAN_POINT ( 'NONE',  ( 12.99999999999999645, 52.29611577246487286, 0.000000000000000000 ) ) ;
#6512 = EDGE_LOOP ( 'NONE', ( #9484, #8669, #6903, #9019 ) ) ;
#6513 = DIRECTION ( 'NONE',  ( 2.891205793294678326E-16, -1.000000000000000000, 0.000000000000000000 ) ) ;
#6514 = VERTEX_POINT ( 'NONE', #10108 ) ;
#6515 = DIRECTION ( 'NONE',  ( 1.000000000000000000, 0.000000000000000000, 0.000000000000000000 ) ) ;
#6516 = DIRECTION ( 'NONE',  ( 1.000000000000000000, 0.000000000000000000, 0.000000000000000000 ) ) ;
#6517 = ORIENTED_EDGE ( 'NONE', *, *, #1522, .T. ) ;
#6518 = FACE_OUTER_BOUND ( 'NONE', #9946, .T. ) ;
#6519 = VERTEX_POINT ( 'NONE', #8325 ) ;
#6520 = CIRCLE ( 'NONE', #1740, 0.9499999999999995115 ) ;
#6521 = CYLINDRICAL_SURFACE ( 'NONE', #11077, 1.250000000000001110 ) ;
#6522 = CARTESIAN_POINT ( 'NONE',  ( -9.199999999999995737, 11.60000000000000320, 2.000000000000000000 ) ) ;
#6523 = EDGE_CURVE ( 'NONE', #3345, #7138, #1833, .T. ) ;
#6524 = ORIENTED_EDGE ( 'NONE', *, *, #10871, .F. ) ;
#6525 = CARTESIAN_POINT ( 'NONE',  ( 34.19999999999999574, 3.469446951953614189E-15, 3.499999999999999556 ) ) ;
#6526 = CARTESIAN_POINT ( 'NONE',  ( -6.000000000000002665, 9.039999999999999147, 2.000000000000000000 ) ) ;
#6527 = PLANE ( 'NONE',  #5402 ) ;
#6528 = AXIS2_PLACEMENT_3D ( 'NONE', #10278, #4783, #7521 ) ;
#6529 = ORIENTED_EDGE ( 'NONE', *, *, #10300, .F. ) ;
#6530 = ORIENTED_EDGE ( 'NONE', *, *, #7150, .F. ) ;
#6531 = CARTESIAN_POINT ( 'NONE',  ( -84.99999999999998579, -1.366094737331735587E-14, 1.000000000000000888 ) ) ;
#6532 = FACE_OUTER_BOUND ( 'NONE', #8942, .T. ) ;
#6533 = EDGE_LOOP ( 'NONE', ( #5637, #11016, #5646, #9955 ) ) ;
#6534 = EDGE_LOOP ( 'NONE', ( #6117, #3617, #6414, #10020, #10388, #3252, #1197, #5349 ) ) ;
#6535 = DIRECTION ( 'NONE',  ( -0.000000000000000000, -0.000000000000000000, 1.000000000000000000 ) ) ;
#6536 = ORIENTED_EDGE ( 'NONE', *, *, #8848, .T. ) ;
#6537 = CYLINDRICAL_SURFACE ( 'NONE', #5333, 0.9749999999999993117 ) ;
#6538 = CARTESIAN_POINT ( 'NONE',  ( 25.55255615559625326, -14.17386352895866786, 4.000000000000003553 ) ) ;
#6539 = FACE_BOUND ( 'NONE', #3843, .T. ) ;
#6540 = DIRECTION ( 'NONE',  ( -0.000000000000000000, -0.000000000000000000, -1.000000000000000000 ) ) ;
#6541 = AXIS2_PLACEMENT_3D ( 'NONE', #531, #2390, #4210 ) ;
#6542 = CARTESIAN_POINT ( 'NONE',  ( 24.23988732788328448, 8.997467170828356231, 3.599999999999999201 ) ) ;
#6543 = ORIENTED_EDGE ( 'NONE', *, *, #9252, .T. ) ;
#6544 = FACE_OUTER_BOUND ( 'NONE', #9910, .T. ) ;
#6545 = CARTESIAN_POINT ( 'NONE',  ( 12.00000000000000000, 9.549999999999998934, 0.000000000000000000 ) ) ;
#6546 = VERTEX_POINT ( 'NONE', #5510 ) ;
#6547 = ORIENTED_EDGE ( 'NONE', *, *, #8252, .T. ) ;
#6548 = CARTESIAN_POINT ( 'NONE',  ( 24.31867811327471784, -13.14100432375531469, 3.500000000000006661 ) ) ;
#6549 = AXIS2_PLACEMENT_3D ( 'NONE', #10816, #6133, #9781 ) ;
#6550 = DIRECTION ( 'NONE',  ( -0.2497379085651796893, -0.9683134704348019817, 0.000000000000000000 ) ) ;
#6551 = DIRECTION ( 'NONE',  ( -0.4589464755937542884, 0.8884639174103085013, 0.000000000000000000 ) ) ;
#6552 = DIRECTION ( 'NONE',  ( 0.000000000000000000, 0.000000000000000000, 1.000000000000000000 ) ) ;
#6553 = CARTESIAN_POINT ( 'NONE',  ( 25.74733210185941701, -9.843934071523754881, 4.000000000000007105 ) ) ;
#6554 = ORIENTED_EDGE ( 'NONE', *, *, #257, .F. ) ;
#6555 = AXIS2_PLACEMENT_3D ( 'NONE', #8589, #11406, #3060 ) ;
#6556 = LINE ( 'NONE', #10208, #6037 ) ;
#6557 = LINE ( 'NONE', #130, #3483 ) ;
#6558 = EDGE_CURVE ( 'NONE', #3799, #5976, #7342, .T. ) ;
#6559 = EDGE_LOOP ( 'NONE', ( #6536, #8403 ) ) ;
#6560 = ORIENTED_EDGE ( 'NONE', *, *, #5620, .T. ) ;
#6561 = ORIENTED_EDGE ( 'NONE', *, *, #8044, .F. ) ;
#6562 = CARTESIAN_POINT ( 'NONE',  ( 23.56574144210800981, -10.16608153996586950, 3.999999999999996447 ) ) ;
#6563 = VECTOR ( 'NONE', #4071, 1000.000000000000000 ) ;
#6564 = CARTESIAN_POINT ( 'NONE',  ( 25.99799679487178850, -14.18661399737739792, 4.000000000000000000 ) ) ;
#6565 = CARTESIAN_POINT ( 'NONE',  ( 23.44146945668733295, -6.482707895448669433, 3.999999999999996447 ) ) ;
#6566 = CARTESIAN_POINT ( 'NONE',  ( -76.02999999999998693, 11.39999999999998259, 0.4500000000000025091 ) ) ;
#6567 = ORIENTED_EDGE ( 'NONE', *, *, #11862, .F. ) ;
#6568 = LINE ( 'NONE', #11188, #1235 ) ;
#6569 = CARTESIAN_POINT ( 'NONE',  ( 40.62525574638279835, -11.27434681860244936, 3.499999999999999556 ) ) ;
#6570 = EDGE_CURVE ( 'NONE', #8855, #11128, #197, .T. ) ;
#6571 = AXIS2_PLACEMENT_3D ( 'NONE', #4496, #1836, #8995 ) ;
#6572 = CARTESIAN_POINT ( 'NONE',  ( 24.27058890062521712, -9.389514876525542064, 4.000000000000007105 ) ) ;
#6573 = CARTESIAN_POINT ( 'NONE',  ( 28.62629250573736428, -13.49916156599612371, 4.000000000000005329 ) ) ;
#6574 = ORIENTED_EDGE ( 'NONE', *, *, #5115, .T. ) ;
#6575 = CARTESIAN_POINT ( 'NONE',  ( 9.199999999999995737, 18.00000000000000000, 2.000000000000000000 ) ) ;
#6576 = CARTESIAN_POINT ( 'NONE',  ( 24.01939397208336047, -6.047376804748267887, 3.500000000000006661 ) ) ;
#6577 = CARTESIAN_POINT ( 'NONE',  ( 27.81048827292575965, 8.950725444034009826, 5.999999999999998224 ) ) ;
#6578 = EDGE_CURVE ( 'NONE', #7954, #10336, #11831, .T. ) ;
#6579 = VERTEX_POINT ( 'NONE', #8104 ) ;
#6580 = ORIENTED_EDGE ( 'NONE', *, *, #9640, .F. ) ;
#6581 = VECTOR ( 'NONE', #6459, 1000.000000000000000 ) ;
#6582 = DIRECTION ( 'NONE',  ( 0.000000000000000000, 0.000000000000000000, -1.000000000000000000 ) ) ;
#6583 = CARTESIAN_POINT ( 'NONE',  ( 26.05577673652076953, -10.80510531679636266, 3.999999999999997335 ) ) ;
#6584 = DIRECTION ( 'NONE',  ( 1.000000000000000000, 0.000000000000000000, 0.000000000000000000 ) ) ;
#6585 = CARTESIAN_POINT ( 'NONE',  ( 39.19999999999998863, -10.44999999999999751, 2.000000000000001776 ) ) ;
#6586 = LINE ( 'NONE', #9390, #9618 ) ;
#6587 = EDGE_CURVE ( 'NONE', #2277, #5427, #8212, .T. ) ;
#6588 = CARTESIAN_POINT ( 'NONE',  ( -9.199999999999999289, 7.050000000000000711, 7.250000000000002665 ) ) ;
#6589 = CARTESIAN_POINT ( 'NONE',  ( 28.00220134641771708, -12.13609393714317086, 3.500000000000003109 ) ) ;
#6590 = VERTEX_POINT ( 'NONE', #7185 ) ;
#6591 = CARTESIAN_POINT ( 'NONE',  ( 27.24999999999999289, 7.050000000000004263, 3.599999999999999201 ) ) ;
#6592 = DIRECTION ( 'NONE',  ( -1.000000000000000000, 1.541976423090496126E-16, 0.000000000000000000 ) ) ;
#6593 = FACE_OUTER_BOUND ( 'NONE', #2953, .T. ) ;
#6594 = VERTEX_POINT ( 'NONE', #9939 ) ;
#6595 = PLANE ( 'NONE',  #6288 ) ;
#6596 = CARTESIAN_POINT ( 'NONE',  ( -84.99999999999998579, 11.99999999999998579, 3.100000000000001865 ) ) ;
#6597 = AXIS2_PLACEMENT_3D ( 'NONE', #4735, #3588, #1123 ) ;
#6598 = CARTESIAN_POINT ( 'NONE',  ( 39.19999999999998863, -1.878921689685088880, 3.499999999999999556 ) ) ;
#6599 = DIRECTION ( 'NONE',  ( -1.000000000000000000, -1.227398685832646557E-16, 0.000000000000000000 ) ) ;
#6600 = EDGE_LOOP ( 'NONE', ( #5267, #9403, #11035, #2736 ) ) ;
#6601 = CARTESIAN_POINT ( 'NONE',  ( 26.23314679416282758, -15.08275706235667180, 3.499999999999999556 ) ) ;
#6602 = FACE_OUTER_BOUND ( 'NONE', #3265, .T. ) ;
#6603 = ORIENTED_EDGE ( 'NONE', *, *, #4335, .F. ) ;
#6604 = ORIENTED_EDGE ( 'NONE', *, *, #8558, .T. ) ;
#6605 = CARTESIAN_POINT ( 'NONE',  ( 26.76863580294505596, -9.505762882641311862, 3.499999999999996003 ) ) ;
#6606 = AXIS2_PLACEMENT_3D ( 'NONE', #2962, #8547, #7754 ) ;
#6607 = DIRECTION ( 'NONE',  ( -1.000000000000000000, 0.000000000000000000, 0.000000000000000000 ) ) ;
#6608 = CARTESIAN_POINT ( 'NONE',  ( 40.42862584671844672, -12.05219077280909801, 4.000000000000000000 ) ) ;
#6609 = DIRECTION ( 'NONE',  ( 0.000000000000000000, -0.000000000000000000, -1.000000000000000000 ) ) ;
#6610 = VECTOR ( 'NONE', #8431, 1000.000000000000000 ) ;
#6611 = ORIENTED_EDGE ( 'NONE', *, *, #6772, .T. ) ;
#6612 = CARTESIAN_POINT ( 'NONE',  ( -15.00000000000001066, 19.99999999999999645, 0.5000000000000004441 ) ) ;
#6613 = EDGE_CURVE ( 'NONE', #1338, #213, #3587, .T. ) ;
#6614 = CARTESIAN_POINT ( 'NONE',  ( -7.199999999999973532, 11.60000000000000320, 5.500000000000004441 ) ) ;
#6615 = VERTEX_POINT ( 'NONE', #2850 ) ;
#6616 = VERTEX_POINT ( 'NONE', #10852 ) ;
#6617 = AXIS2_PLACEMENT_3D ( 'NONE', #9169, #7419, #11581 ) ;
#6618 = CARTESIAN_POINT ( 'NONE',  ( 25.31691712220624524, -15.05543349420321064, 3.500000000000003109 ) ) ;
#6619 = DIRECTION ( 'NONE',  ( -1.000000000000000000, 0.000000000000000000, 0.000000000000000000 ) ) ;
#6620 = EDGE_CURVE ( 'NONE', #1006, #7877, #3534, .T. ) ;
#6621 = ORIENTED_EDGE ( 'NONE', *, *, #5605, .F. ) ;
#6622 = DIRECTION ( 'NONE',  ( 0.000000000000000000, 0.000000000000000000, 1.000000000000000000 ) ) ;
#6623 = ORIENTED_EDGE ( 'NONE', *, *, #3741, .T. ) ;
#6624 = VECTOR ( 'NONE', #8808, 1000.000000000000114 ) ;
#6625 = DIRECTION ( 'NONE',  ( 1.000000000000000000, -0.000000000000000000, -0.000000000000000000 ) ) ;
#6626 = FACE_OUTER_BOUND ( 'NONE', #9609, .T. ) ;
#6627 = ORIENTED_EDGE ( 'NONE', *, *, #9472, .F. ) ;
#6628 = CARTESIAN_POINT ( 'NONE',  ( 28.35985885580361199, -14.28470990820388486, 4.000000000000000000 ) ) ;
#6629 = ADVANCED_FACE ( 'NONE', ( #5450 ), #7241, .F. ) ;
#6630 = ADVANCED_FACE ( 'NONE', ( #4493 ), #7403, .F. ) ;
#6631 = EDGE_LOOP ( 'NONE', ( #2013, #721 ) ) ;
#6632 = EDGE_CURVE ( 'NONE', #4092, #1351, #11084, .T. ) ;
#6633 = CARTESIAN_POINT ( 'NONE',  ( 24.99445559673451811, -10.14672291529439008, 4.000000000000003553 ) ) ;
#6634 = ORIENTED_EDGE ( 'NONE', *, *, #8092, .T. ) ;
#6635 = CARTESIAN_POINT ( 'NONE',  ( 26.18514094166284067, -10.71710360289248420, 4.000000000000004441 ) ) ;
#6636 = DIRECTION ( 'NONE',  ( -1.000000000000000000, 0.000000000000000000, 0.000000000000000000 ) ) ;
#6637 = CARTESIAN_POINT ( 'NONE',  ( 43.19999999999999574, -18.00000000000000355, 1.999999999999999112 ) ) ;
#6638 = CARTESIAN_POINT ( 'NONE',  ( -66.01999999999999602, -1.261999759404210553E-14, 3.100000000000001865 ) ) ;
#6639 = FACE_OUTER_BOUND ( 'NONE', #8899, .T. ) ;
#6640 = VECTOR ( 'NONE', #7170, 1000.000000000000114 ) ;
#6641 = CARTESIAN_POINT ( 'NONE',  ( 28.62600081771840621, -13.30408531650486026, 3.499999999999999556 ) ) ;
#6642 = ORIENTED_EDGE ( 'NONE', *, *, #8044, .T. ) ;
#6643 = ORIENTED_EDGE ( 'NONE', *, *, #6365, .F. ) ;
#6644 = EDGE_CURVE ( 'NONE', #2750, #9381, #999, .T. ) ;
#6645 = ORIENTED_EDGE ( 'NONE', *, *, #7859, .F. ) ;
#6646 = CARTESIAN_POINT ( 'NONE',  ( 23.63197125389671882, -12.47754346127694092, 3.499999999999999556 ) ) ;
#6647 = CARTESIAN_POINT ( 'NONE',  ( 26.76923076923075939, -9.530163676864580324, 3.499999999999996003 ) ) ;
#6648 = CARTESIAN_POINT ( 'NONE',  ( 23.57230045116300587, -8.534544031765239680, 3.999999999999993339 ) ) ;
#6649 = AXIS2_PLACEMENT_3D ( 'NONE', #1150, #10021, #3674 ) ;
#6650 = DIRECTION ( 'NONE',  ( -1.000000000000000000, 0.000000000000000000, 0.000000000000000000 ) ) ;
#6651 = VECTOR ( 'NONE', #3136, 1000.000000000000114 ) ;
#6652 = EDGE_CURVE ( 'NONE', #5456, #11539, #5399, .T. ) ;
#6653 = CARTESIAN_POINT ( 'NONE',  ( -52.99999999999999289, 11.99999999999998934, 2.000000000000000000 ) ) ;
#6654 = ORIENTED_EDGE ( 'NONE', *, *, #10493, .F. ) ;
#6655 = CARTESIAN_POINT ( 'NONE',  ( 27.76011267211667288, 8.997467170828379324, 6.767750931287848104 ) ) ;
#6656 = ORIENTED_EDGE ( 'NONE', *, *, #5337, .F. ) ;
#6657 = VERTEX_POINT ( 'NONE', #882 ) ;
#6658 = FACE_OUTER_BOUND ( 'NONE', #2044, .T. ) ;
#6659 = VECTOR ( 'NONE', #7823, 1000.000000000000000 ) ;
#6660 = CARTESIAN_POINT ( 'NONE',  ( 23.37179487179486159, -13.39634957430047457, 3.500000000000003109 ) ) ;
#6661 = CARTESIAN_POINT ( 'NONE',  ( 49.19999999999998863, -18.00000000000000355, -8.673617379884035472E-16 ) ) ;
#6662 = CONICAL_SURFACE ( 'NONE', #7045, 2.999999999999999112, 0.7853981633974421728 ) ;
#6663 = DIRECTION ( 'NONE',  ( 1.927470528863119049E-16, -1.000000000000000000, 0.000000000000000000 ) ) ;
#6664 = VERTEX_POINT ( 'NONE', #4550 ) ;
#6665 = CARTESIAN_POINT ( 'NONE',  ( -17.00000000000002132, 7.050000000000000711, 5.200000000000002842 ) ) ;
#6666 = CARTESIAN_POINT ( 'NONE',  ( 23.44146945668733295, -6.482707895448669433, 3.999999999999996447 ) ) ;
#6667 = AXIS2_PLACEMENT_3D ( 'NONE', #3304, #11469, #11594 ) ;
#6668 = AXIS2_PLACEMENT_3D ( 'NONE', #9895, #1689, #2635 ) ;
#6669 = VERTEX_POINT ( 'NONE', #11889 ) ;
#6670 = ORIENTED_EDGE ( 'NONE', *, *, #3618, .F. ) ;
#6671 = DIRECTION ( 'NONE',  ( 0.000000000000000000, 0.000000000000000000, -1.000000000000000000 ) ) ;
#6672 = ORIENTED_EDGE ( 'NONE', *, *, #4938, .F. ) ;
#6673 = CARTESIAN_POINT ( 'NONE',  ( -9.039999999999999147, 9.039999999999999147, 2.000000000000000000 ) ) ;
#6674 = AXIS2_PLACEMENT_3D ( 'NONE', #407, #650, #5281 ) ;
#6676 = UNCERTAINTY_MEASURE_WITH_UNIT (LENGTH_MEASURE( 1.000000000000000082E-05 ), #10041, 'distance_accuracy_value', 'NONE');
#6675 = DIRECTION ( 'NONE',  ( -0.7071067811865454633, -0.7071067811865495711, 0.000000000000000000 ) ) ;
#6677 = ORIENTED_EDGE ( 'NONE', *, *, #6558, .T. ) ;
#6678 = CARTESIAN_POINT ( 'NONE',  ( 25.27925976956783671, -11.71553789794577050, 4.000000000000000000 ) ) ;
#6679 = DIRECTION ( 'NONE',  ( 0.000000000000000000, 0.000000000000000000, 1.000000000000000000 ) ) ;
#6680 = CARTESIAN_POINT ( 'NONE',  ( 25.57482115596052807, 9.640337420217932163, 6.812377427192834567 ) ) ;
#6681 = DIRECTION ( 'NONE',  ( -0.000000000000000000, -0.000000000000000000, -1.000000000000000000 ) ) ;
#6682 = EDGE_CURVE ( 'NONE', #10402, #10750, #5204, .T. ) ;
#6683 = CARTESIAN_POINT ( 'NONE',  ( 27.48444396449352567, -12.87675319112149985, 3.500000000000010214 ) ) ;
#6684 = AXIS2_PLACEMENT_3D ( 'NONE', #6809, #4905, #11274 ) ;
#6685 = CARTESIAN_POINT ( 'NONE',  ( 27.64609113099423965, -13.05988780808885963, 3.500000000000003109 ) ) ;
#6686 = VECTOR ( 'NONE', #1434, 1000.000000000000000 ) ;
#6687 = DIRECTION ( 'NONE',  ( -1.000000000000000000, 0.000000000000000000, 0.000000000000000000 ) ) ;
#6688 = EDGE_CURVE ( 'NONE', #5272, #6776, #9682, .T. ) ;
#6689 = CARTESIAN_POINT ( 'NONE',  ( 27.05820608105829450, -15.00525146892465855, 3.999999999999989786 ) ) ;
#6690 = VERTEX_POINT ( 'NONE', #5271 ) ;
#6691 = DIRECTION ( 'NONE',  ( 0.000000000000000000, 0.000000000000000000, -1.000000000000000000 ) ) ;
#6692 = ORIENTED_EDGE ( 'NONE', *, *, #10538, .T. ) ;
#6693 = CARTESIAN_POINT ( 'NONE',  ( 28.49999999999999289, -18.00000000000000000, 4.000000000000000000 ) ) ;
#6694 = DIRECTION ( 'NONE',  ( 0.000000000000000000, -0.000000000000000000, -1.000000000000000000 ) ) ;
#6695 = VECTOR ( 'NONE', #11094, 1000.000000000000000 ) ;
#6696 = CARTESIAN_POINT ( 'NONE',  ( 25.87082931662034113, -9.436608154350814459, 3.499999999999999556 ) ) ;
#6697 = LINE ( 'NONE', #278, #247 ) ;
#6698 = ADVANCED_FACE ( 'NONE', ( #5439 ), #6332, .F. ) ;
#6699 = EDGE_CURVE ( 'NONE', #4844, #8049, #1915, .T. ) ;
#6700 = ORIENTED_EDGE ( 'NONE', *, *, #9456, .F. ) ;
#6701 = CARTESIAN_POINT ( 'NONE',  ( 23.56921894053460775, 6.059076975267835508, 6.784455972358864884 ) ) ;
#6702 = CARTESIAN_POINT ( 'NONE',  ( 25.95092147435896734, -11.68661399737739792, 4.000000000000003553 ) ) ;
#6703 = ORIENTED_EDGE ( 'NONE', *, *, #682, .T. ) ;
#6704 = CARTESIAN_POINT ( 'NONE',  ( 47.19999999999998863, 10.54999999999999005, -1.734723475976807094E-15 ) ) ;
#6705 = CARTESIAN_POINT ( 'NONE',  ( 33.94999999999999574, -15.00000000000000000, 2.000000000000001776 ) ) ;
#6706 = CARTESIAN_POINT ( 'NONE',  ( 23.64599720045550058, -8.413774173196451045, 4.000000000000003553 ) ) ;
#6707 = CARTESIAN_POINT ( 'NONE',  ( -16.99999999999999645, 2.580776406404412526, 1.000000000000000888 ) ) ;
#6708 = AXIS2_PLACEMENT_3D ( 'NONE', #2667, #11136, #2775 ) ;
#6709 = DIRECTION ( 'NONE',  ( -1.000000000000000000, -0.000000000000000000, -0.000000000000000000 ) ) ;
#6710 = EDGE_CURVE ( 'NONE', #11187, #10285, #1824, .T. ) ;
#6711 = ORIENTED_EDGE ( 'NONE', *, *, #10842, .F. ) ;
#6712 = CARTESIAN_POINT ( 'NONE',  ( 25.35897435897435059, -18.00000000000000000, 3.499999999999999556 ) ) ;
#6713 = CARTESIAN_POINT ( 'NONE',  ( 28.53711176919502535, -12.80845114871524082, 3.500000000000006661 ) ) ;
#6714 = EDGE_LOOP ( 'NONE', ( #2374, #2391, #3744, #5388 ) ) ;
#6715 = ORIENTED_EDGE ( 'NONE', *, *, #116, .T. ) ;
#6716 = DIRECTION ( 'NONE',  ( 0.000000000000000000, -1.000000000000000000, 0.000000000000000000 ) ) ;
#6717 = CARTESIAN_POINT ( 'NONE',  ( -81.99999999999998579, -10.45000000000001528, -3.111269837220808299 ) ) ;
#6718 = CYLINDRICAL_SURFACE ( 'NONE', #1137, 2.250000000000001776 ) ;
#6719 = CIRCLE ( 'NONE', #4999, 1.049999999999998934 ) ;
#6720 = ADVANCED_FACE ( 'NONE', ( #9981 ), #7459, .F. ) ;
#6721 = CARTESIAN_POINT ( 'NONE',  ( -81.99999999999998579, 9.549999999999984723, 1.734723475976807094E-15 ) ) ;
#6722 = CARTESIAN_POINT ( 'NONE',  ( 25.35897435897435059, -18.00000000000000000, 3.499999999999999556 ) ) ;
#6723 = VERTEX_POINT ( 'NONE', #873 ) ;
#6724 = DIRECTION ( 'NONE',  ( -0.000000000000000000, -0.000000000000000000, -1.000000000000000000 ) ) ;
#6725 = CARTESIAN_POINT ( 'NONE',  ( 23.98277243589742724, -6.045588356351756509, 4.000000000000003553 ) ) ;
#6726 = EDGE_CURVE ( 'NONE', #9700, #3803, #6520, .T. ) ;
#6727 = AXIS2_PLACEMENT_3D ( 'NONE', #2221, #11358, #1515 ) ;
#6728 = EDGE_LOOP ( 'NONE', ( #3257, #7090, #9743, #7103 ) ) ;
#6729 = EDGE_LOOP ( 'NONE', ( #7894, #9755, #10632, #4684 ) ) ;
#6730 = DIRECTION ( 'NONE',  ( 0.000000000000000000, 0.000000000000000000, 1.000000000000000000 ) ) ;
#6731 = VECTOR ( 'NONE', #3501, 1000.000000000000114 ) ;
#6732 = DIRECTION ( 'NONE',  ( -0.000000000000000000, -0.000000000000000000, -1.000000000000000000 ) ) ;
#6733 = VERTEX_POINT ( 'NONE', #11073 ) ;
#6734 = CARTESIAN_POINT ( 'NONE',  ( 47.19999999999998863, -1.450000000000013722, 1.999999999999999112 ) ) ;
#6735 = ADVANCED_FACE ( 'NONE', ( #3577 ), #10955, .F. ) ;
#6736 =( NAMED_UNIT ( * ) PLANE_ANGLE_UNIT ( ) SI_UNIT ( $, .RADIAN. ) );
#6737 = PLANE ( 'NONE',  #11271 ) ;
#6738 = ORIENTED_EDGE ( 'NONE', *, *, #8548, .F. ) ;
#6739 = LINE ( 'NONE', #9485, #8258 ) ;
#6740 = CARTESIAN_POINT ( 'NONE',  ( -84.99999999999998579, 11.99999999999998579, 1.000000000000000888 ) ) ;
#6741 = AXIS2_PLACEMENT_3D ( 'NONE', #8815, #530, #4209 ) ;
#6742 = ORIENTED_EDGE ( 'NONE', *, *, #8333, .T. ) ;
#6743 = DIRECTION ( 'NONE',  ( 0.000000000000000000, 0.000000000000000000, 1.000000000000000000 ) ) ;
#6744 = DIRECTION ( 'NONE',  ( 0.9989055606200435422, -0.04677265186363323279, 0.000000000000000000 ) ) ;
#6745 = ORIENTED_EDGE ( 'NONE', *, *, #100, .F. ) ;
#6746 = CARTESIAN_POINT ( 'NONE',  ( 24.32537835577652885, -9.704229962722175529, 4.000000000000007105 ) ) ;
#6747 = ORIENTED_EDGE ( 'NONE', *, *, #10367, .T. ) ;
#6748 = CARTESIAN_POINT ( 'NONE',  ( 27.50697818723059029, 4.900664813666521624, 3.599999999999999201 ) ) ;
#6749 = CARTESIAN_POINT ( 'NONE',  ( -17.00000000000000000, 41.99999999999997868, 2.000000000000000000 ) ) ;
#6750 = AXIS2_PLACEMENT_3D ( 'NONE', #6228, #7070, #9883 ) ;
#6751 = CARTESIAN_POINT ( 'NONE',  ( 28.72717802865891912, 5.800000000000003375, 1.799999999999999600 ) ) ;
#6752 = CARTESIAN_POINT ( 'NONE',  ( -52.99999999999998579, -8.673617379884035472E-15, 0.000000000000000000 ) ) ;
#6753 = LINE ( 'NONE', #2139, #11138 ) ;
#6754 = ORIENTED_EDGE ( 'NONE', *, *, #997, .T. ) ;
#6755 = VECTOR ( 'NONE', #576, 1000.000000000000000 ) ;
#6756 = CARTESIAN_POINT ( 'NONE',  ( 27.37116117973609875, -11.84210071320305424, 3.500000000000003109 ) ) ;
#6757 = ORIENTED_EDGE ( 'NONE', *, *, #8135, .F. ) ;
#6758 = DIRECTION ( 'NONE',  ( 1.000000000000000000, 0.000000000000000000, 0.000000000000000000 ) ) ;
#6759 = FACE_OUTER_BOUND ( 'NONE', #5789, .T. ) ;
#6760 = ADVANCED_FACE ( 'NONE', ( #7229 ), #8373, .F. ) ;
#6761 = LINE ( 'NONE', #10421, #6858 ) ;
#6762 = LINE ( 'NONE', #11458, #10099 ) ;
#6763 = CARTESIAN_POINT ( 'NONE',  ( 11.02500000000000036, 9.549999999999998934, 10.09999999999999964 ) ) ;
#6764 = ORIENTED_EDGE ( 'NONE', *, *, #11416, .F. ) ;
#6765 = CARTESIAN_POINT ( 'NONE',  ( 28.62600081771840621, -13.30408531650486026, 3.499999999999999556 ) ) ;
#6766 = ORIENTED_EDGE ( 'NONE', *, *, #8423, .T. ) ;
#6767 = ORIENTED_EDGE ( 'NONE', *, *, #4504, .F. ) ;
#6768 = LINE ( 'NONE', #3000, #9719 ) ;
#6769 = CARTESIAN_POINT ( 'NONE',  ( -20.09999999999999787, 1.549999999999989164, 1.000000000000002665 ) ) ;
#6770 = FACE_BOUND ( 'NONE', #7471, .T. ) ;
#6771 = ORIENTED_EDGE ( 'NONE', *, *, #1216, .T. ) ;
#6772 = EDGE_CURVE ( 'NONE', #4314, #11375, #8454, .T. ) ;
#6773 = EDGE_CURVE ( 'NONE', #6958, #6184, #1344, .T. ) ;
#6774 = FACE_OUTER_BOUND ( 'NONE', #6505, .T. ) ;
#6775 = DIRECTION ( 'NONE',  ( 0.000000000000000000, 0.000000000000000000, 1.000000000000000000 ) ) ;
#6776 = VERTEX_POINT ( 'NONE', #149 ) ;
#6777 = ORIENTED_EDGE ( 'NONE', *, *, #9263, .T. ) ;
#6778 = CARTESIAN_POINT ( 'NONE',  ( 28.43078105946538869, 6.059076975267870147, 5.999999999999998224 ) ) ;
#6779 = DIRECTION ( 'NONE',  ( 0.000000000000000000, 0.000000000000000000, 1.000000000000000000 ) ) ;
#6780 = ORIENTED_EDGE ( 'NONE', *, *, #738, .F. ) ;
#6781 = ORIENTED_EDGE ( 'NONE', *, *, #5564, .F. ) ;
#6782 = CARTESIAN_POINT ( 'NONE',  ( 39.19999999999998863, -3.994306305069704965, 3.499999999999999556 ) ) ;
#6783 = EDGE_CURVE ( 'NONE', #10390, #8879, #9204, .T. ) ;
#6784 = CIRCLE ( 'NONE', #10038, 1.100000000000000311 ) ;
#6785 = EDGE_CURVE ( 'NONE', #6307, #6348, #7283, .T. ) ;
#6786 = VERTEX_POINT ( 'NONE', #10036 ) ;
#6787 = CARTESIAN_POINT ( 'NONE',  ( 24.89817687596178075, -11.76684985945456141, 4.000000000000000000 ) ) ;
#6788 = CARTESIAN_POINT ( 'NONE',  ( -83.09999999999999432, -10.45000000000001528, 3.100000000000001865 ) ) ;
#6789 = CARTESIAN_POINT ( 'NONE',  ( 24.13849828701315658, -10.77376762013181200, 3.500000000000003109 ) ) ;
#6790 = AXIS2_PLACEMENT_3D ( 'NONE', #2292, #2354, #5899 ) ;
#6791 = CARTESIAN_POINT ( 'NONE',  ( 12.00000000000000000, -10.45000000000000107, 0.000000000000000000 ) ) ;
#6792 = CARTESIAN_POINT ( 'NONE',  ( 26.57648246869064934, -12.60676767337687210, 3.500000000000006661 ) ) ;
#6793 = CARTESIAN_POINT ( 'NONE',  ( 14.99999999999998934, 18.00000000000000000, 2.000000000000000000 ) ) ;
#6794 = CARTESIAN_POINT ( 'NONE',  ( -9.199999999999999289, -11.59999999999999964, 3.500000000000000000 ) ) ;
#6795 = LINE ( 'NONE', #8557, #10332 ) ;
#6796 = LINE ( 'NONE', #5688, #11247 ) ;
#6797 = ORIENTED_EDGE ( 'NONE', *, *, #8409, .T. ) ;
#6798 = CARTESIAN_POINT ( 'NONE',  ( -5.199999999999996625, 11.60000000000000320, 3.500000000000008438 ) ) ;
#6799 = AXIS2_PLACEMENT_3D ( 'NONE', #6252, #804, #2590 ) ;
#6800 = CARTESIAN_POINT ( 'NONE',  ( 25.11157852564101844, -11.04558835635175740, 4.000000000000000888 ) ) ;
#6801 = CARTESIAN_POINT ( 'NONE',  ( 24.52299438015168676, -8.862424752376899306, 4.000000000000003553 ) ) ;
#6802 = VERTEX_POINT ( 'NONE', #7332 ) ;
#6803 = LINE ( 'NONE', #8513, #7939 ) ;
#6804 = DIRECTION ( 'NONE',  ( -0.000000000000000000, -0.000000000000000000, -1.000000000000000000 ) ) ;
#6805 = DIRECTION ( 'NONE',  ( 0.000000000000000000, 0.000000000000000000, -1.000000000000000000 ) ) ;
#6806 = DIRECTION ( 'NONE',  ( -0.000000000000000000, 0.000000000000000000, 1.000000000000000000 ) ) ;
#6807 = VECTOR ( 'NONE', #8025, 1000.000000000000000 ) ;
#6808 = EDGE_CURVE ( 'NONE', #1164, #1624, #11009, .T. ) ;
#6809 = CARTESIAN_POINT ( 'NONE',  ( -12.00000000000000000, 9.549999999999998934, -4.999999999999999112 ) ) ;
#6810 = EDGE_LOOP ( 'NONE', ( #4246, #10994, #1639, #10858 ) ) ;
#6811 = ORIENTED_EDGE ( 'NONE', *, *, #8562, .F. ) ;
#6812 = DIRECTION ( 'NONE',  ( 0.000000000000000000, 0.000000000000000000, 1.000000000000000000 ) ) ;
#6813 = CARTESIAN_POINT ( 'NONE',  ( 39.19999999999998863, -10.98148579224919175, 4.000000000000000000 ) ) ;
#6814 = EDGE_CURVE ( 'NONE', #2329, #6900, #11783, .T. ) ;
#6815 = CARTESIAN_POINT ( 'NONE',  ( 24.73301960828650792, -12.75169636295711229, 4.000000000000010658 ) ) ;
#6816 = CIRCLE ( 'NONE', #5696, 2.624999999999998668 ) ;
#6817 = CARTESIAN_POINT ( 'NONE',  ( 25.94090544871794179, -12.58404989481329395, 3.500000000000003109 ) ) ;
#6818 = DIRECTION ( 'NONE',  ( 0.000000000000000000, 0.000000000000000000, -1.000000000000000000 ) ) ;
#6819 = ORIENTED_EDGE ( 'NONE', *, *, #3361, .T. ) ;
#6820 = CARTESIAN_POINT ( 'NONE',  ( 28.36550034177369284, -12.48731993937575879, 4.000000000000007105 ) ) ;
#6821 = EDGE_LOOP ( 'NONE', ( #5263, #3177, #10905, #3682 ) ) ;
#6822 = ORIENTED_EDGE ( 'NONE', *, *, #1661, .T. ) ;
#6823 = EDGE_CURVE ( 'NONE', #2547, #3204, #4118, .T. ) ;
#6824 = CARTESIAN_POINT ( 'NONE',  ( 25.99999999999999289, 7.050000000000004263, 3.599999999999999201 ) ) ;
#6825 = DIRECTION ( 'NONE',  ( 0.000000000000000000, 0.000000000000000000, -1.000000000000000000 ) ) ;
#6826 = ORIENTED_EDGE ( 'NONE', *, *, #8760, .F. ) ;
#6827 = VECTOR ( 'NONE', #7835, 1000.000000000000000 ) ;
#6828 = CARTESIAN_POINT ( 'NONE',  ( 24.28840209830343255, -13.55584544801178204, 3.499999999999999556 ) ) ;
#6829 = EDGE_CURVE ( 'NONE', #1845, #1529, #7581, .T. ) ;
#6830 = ORIENTED_EDGE ( 'NONE', *, *, #2048, .F. ) ;
#6831 = B_SPLINE_CURVE_WITH_KNOTS ( 'NONE', 3,
 ( #571, #10409, #4304, #9496, #7713, #3275, #452, #1538, #1468, #1292, #511, #5138, #6922, #10654, #4125, #10528, #2243, #391, #7768 ),
 .UNSPECIFIED., .F., .F.,
 ( 4, 1, 1, 1, 1, 1, 1, 1, 1, 1, 1, 1, 1, 1, 1, 1, 4 ),
 ( 0.000000000000000000, 0.06340052940042860408, 0.1249764099331402700, 0.1844921876584958986, 0.2434736282965420107, 0.3022637321141445343, 0.3613835718304163058, 0.4214817654110645240, 0.4834545367577933184, 0.5459360688045384880, 0.6081426980855855202, 0.6698202920949504202, 0.7323322942692659376, 0.7960922343214104080, 0.8616426668792322996, 0.9294352318828833504, 1.000000000000000000 ),
 .UNSPECIFIED. ) ;
#6832 = AXIS2_PLACEMENT_3D ( 'NONE', #10862, #9007, #5524 ) ;
#6833 = PLANE ( 'NONE',  #621 ) ;
#6834 = AXIS2_PLACEMENT_3D ( 'NONE', #7704, #7643, #445 ) ;
#6835 = DIRECTION ( 'NONE',  ( 0.000000000000000000, 0.000000000000000000, -1.000000000000000000 ) ) ;
#6836 = ORIENTED_EDGE ( 'NONE', *, *, #9542, .T. ) ;
#6837 = ORIENTED_EDGE ( 'NONE', *, *, #8986, .F. ) ;
#6838 = DIRECTION ( 'NONE',  ( -0.000000000000000000, -0.000000000000000000, -1.000000000000000000 ) ) ;
#6839 = FACE_OUTER_BOUND ( 'NONE', #7236, .T. ) ;
#6840 = VECTOR ( 'NONE', #8584, 1000.000000000000000 ) ;
#6841 = ORIENTED_EDGE ( 'NONE', *, *, #11494, .F. ) ;
#6842 = EDGE_CURVE ( 'NONE', #4606, #2521, #266, .T. ) ;
#6843 = EDGE_CURVE ( 'NONE', #7935, #4163, #2121, .T. ) ;
#6844 = VECTOR ( 'NONE', #3663, 1000.000000000000114 ) ;
#6845 = ORIENTED_EDGE ( 'NONE', *, *, #4444, .T. ) ;
#6846 = LINE ( 'NONE', #10289, #302 ) ;
#6847 = AXIS2_PLACEMENT_3D ( 'NONE', #9140, #5627, #4725 ) ;
#6848 = ORIENTED_EDGE ( 'NONE', *, *, #1752, .F. ) ;
#6849 = VECTOR ( 'NONE', #8386, 1000.000000000000000 ) ;
#6850 = CARTESIAN_POINT ( 'NONE',  ( 20.99999999999998934, 37.55000000000001137, 2.000000000000001776 ) ) ;
#6851 = CARTESIAN_POINT ( 'NONE',  ( 20.99999999999998934, -18.00000000000000000, 4.000000000000000000 ) ) ;
#6852 = CARTESIAN_POINT ( 'NONE',  ( 23.87293078165082250, -10.56064652804561455, 3.499999999999999556 ) ) ;
#6853 = DIRECTION ( 'NONE',  ( -0.000000000000000000, -0.000000000000000000, 1.000000000000000000 ) ) ;
#6854 = B_SPLINE_CURVE_WITH_KNOTS ( 'NONE', 3,
 ( #9698, #1494, #5157, #8109, #1622, #11656, #8160, #10678, #2626, #7073, #5348 ),
 .UNSPECIFIED., .F., .F.,
 ( 4, 1, 1, 1, 1, 1, 1, 1, 4 ),
 ( 0.000000000000000000, 0.1270595051330062064, 0.2501582211420712576, 0.3728213857810748211, 0.5001667879735030020, 0.6273612302796138795, 0.7494693424423126693, 0.8717739731331578534, 1.000000000000000000 ),
 .UNSPECIFIED. ) ;
#6855 = EDGE_CURVE ( 'NONE', #5677, #6669, #4887, .T. ) ;
#6856 = CARTESIAN_POINT ( 'NONE',  ( 27.72889365248611426, -13.35308062070989443, 3.500000000000006661 ) ) ;
#6857 = VECTOR ( 'NONE', #8229, 1000.000000000000000 ) ;
#6858 = VECTOR ( 'NONE', #2201, 1000.000000000000000 ) ;
#6859 = CARTESIAN_POINT ( 'NONE',  ( 43.19999999999998863, 26.99999999999998224, 5.999999999999998224 ) ) ;
#6860 = LINE ( 'NONE', #11501, #5867 ) ;
#6861 = CARTESIAN_POINT ( 'NONE',  ( 26.23314679416282758, -15.08275706235667180, 4.000000000000000000 ) ) ;
#6862 = CARTESIAN_POINT ( 'NONE',  ( 23.38513203377213756, 6.819586200076036775, 5.999999999999998224 ) ) ;
#6863 = ORIENTED_EDGE ( 'NONE', *, *, #10329, .T. ) ;
#6864 = DIRECTION ( 'NONE',  ( 0.000000000000000000, 0.000000000000000000, -1.000000000000000000 ) ) ;
#6865 = FACE_BOUND ( 'NONE', #11836, .T. ) ;
#6866 = EDGE_CURVE ( 'NONE', #8867, #8049, #5903, .T. ) ;
#6867 = CARTESIAN_POINT ( 'NONE',  ( 46.09999999999999432, -13.45000000000001350, 1.999999999999999112 ) ) ;
#6868 = DIRECTION ( 'NONE',  ( 0.000000000000000000, -1.000000000000000000, 0.000000000000000000 ) ) ;
#6869 = ORIENTED_EDGE ( 'NONE', *, *, #8203, .T. ) ;
#6870 = CARTESIAN_POINT ( 'NONE',  ( 25.69253169122452718, -9.013662183186653465, 3.999999999999991562 ) ) ;
#6871 = CARTESIAN_POINT ( 'NONE',  ( -37.99999999999999289, -1.040834085586084257E-14, 0.000000000000000000 ) ) ;
#6872 = AXIS2_PLACEMENT_3D ( 'NONE', #4006, #2129, #2184 ) ;
#6873 = VECTOR ( 'NONE', #11398, 1000.000000000000000 ) ;
#6874 = EDGE_CURVE ( 'NONE', #4315, #6238, #9317, .T. ) ;
#6875 = CARTESIAN_POINT ( 'NONE',  ( 20.99999999999998934, 13.55000000000000959, 2.975000000000000977 ) ) ;
#6876 = EDGE_LOOP ( 'NONE', ( #6322, #3137, #11591, #7921 ) ) ;
#6877 = CARTESIAN_POINT ( 'NONE',  ( -49.99999999999998579, 9.549999999999988276, 1.000000000000000888 ) ) ;
#6878 = CARTESIAN_POINT ( 'NONE',  ( 14.99999999999999822, -16.00000000000000000, 5.000000000000000000 ) ) ;
#6879 = COLOUR_RGB ( '',0.7921568627450980005, 0.8196078431372548767, 0.9333333333333333481 ) ;
#6880 = DIRECTION ( 'NONE',  ( 1.000000000000000000, -0.000000000000000000, 0.000000000000000000 ) ) ;
#6881 = DIRECTION ( 'NONE',  ( 0.000000000000000000, 0.000000000000000000, 1.000000000000000000 ) ) ;
#6882 = CARTESIAN_POINT ( 'NONE',  ( 24.92889199336873318, -15.00285622407671582, 3.499999999999996003 ) ) ;
#6883 = DIRECTION ( 'NONE',  ( -0.000000000000000000, -0.000000000000000000, -1.000000000000000000 ) ) ;
#6884 = ORIENTED_EDGE ( 'NONE', *, *, #10925, .T. ) ;
#6885 = LINE ( 'NONE', #8634, #7880 ) ;
#6886 = AXIS2_PLACEMENT_3D ( 'NONE', #3575, #5387, #10093 ) ;
#6887 = ORIENTED_EDGE ( 'NONE', *, *, #8778, .F. ) ;
#6888 = VERTEX_POINT ( 'NONE', #11253 ) ;
#6889 = CARTESIAN_POINT ( 'NONE',  ( 24.52564102564101844, -6.590460151223551222, 3.500000000000003109 ) ) ;
#6890 = DIRECTION ( 'NONE',  ( 1.000000000000000000, 0.000000000000000000, 0.000000000000000000 ) ) ;
#6891 = ORIENTED_EDGE ( 'NONE', *, *, #3280, .T. ) ;
#6892 = CYLINDRICAL_SURFACE ( 'NONE', #6667, 1.050000000000002265 ) ;
#6893 = EDGE_LOOP ( 'NONE', ( #6148, #10709 ) ) ;
#6894 = EDGE_LOOP ( 'NONE', ( #1467, #5884 ) ) ;
#6895 = DIRECTION ( 'NONE',  ( 0.000000000000000000, -0.000000000000000000, -1.000000000000000000 ) ) ;
#6896 = CARTESIAN_POINT ( 'NONE',  ( 47.19999999999998863, 22.54999999999998650, 1.999999999999999112 ) ) ;
#6897 = DIRECTION ( 'NONE',  ( 0.000000000000000000, -0.7071067811865460184, 0.7071067811865490160 ) ) ;
#6898 = VECTOR ( 'NONE', #6038, 1000.000000000000000 ) ;
#6899 = VERTEX_POINT ( 'NONE', #9547 ) ;
#6900 = VERTEX_POINT ( 'NONE', #10455 ) ;
#6901 = LINE ( 'NONE', #1443, #2765 ) ;
#6902 = DIRECTION ( 'NONE',  ( 0.000000000000000000, 1.000000000000000000, 0.000000000000000000 ) ) ;
#6903 = ORIENTED_EDGE ( 'NONE', *, *, #11170, .T. ) ;
#6904 = AXIS2_PLACEMENT_3D ( 'NONE', #6791, #10222, #381 ) ;
#6905 = ORIENTED_EDGE ( 'NONE', *, *, #2449, .T. ) ;
#6906 = DIRECTION ( 'NONE',  ( 0.000000000000000000, 0.000000000000000000, 1.000000000000000000 ) ) ;
#6907 = EDGE_CURVE ( 'NONE', #4690, #9687, #8502, .T. ) ;
#6908 = EDGE_LOOP ( 'NONE', ( #10774, #376, #6379, #11646 ) ) ;
#6909 = VECTOR ( 'NONE', #8620, 1000.000000000000000 ) ;
#6910 = CARTESIAN_POINT ( 'NONE',  ( 26.76741761766096062, -9.455802592189012756, 3.999999999999993339 ) ) ;
#6911 = CYLINDRICAL_SURFACE ( 'NONE', #1238, 2.624999999999998668 ) ;
#6912 = CARTESIAN_POINT ( 'NONE',  ( -12.97499999999999964, 9.549999999999998934, 10.09999999999999964 ) ) ;
#6913 = CARTESIAN_POINT ( 'NONE',  ( 14.99999999999999645, -16.00000000000000000, -5.045565981523414401 ) ) ;
#6914 = PLANE ( 'NONE',  #5723 ) ;
#6915 = DIRECTION ( 'NONE',  ( 0.000000000000000000, 0.000000000000000000, 1.000000000000000000 ) ) ;
#6916 = VECTOR ( 'NONE', #293, 1000.000000000000000 ) ;
#6917 = DIRECTION ( 'NONE',  ( 0.000000000000000000, 0.000000000000000000, 1.000000000000000000 ) ) ;
#6918 = DIRECTION ( 'NONE',  ( 0.000000000000000000, 0.000000000000000000, 1.000000000000000000 ) ) ;
#6919 = CARTESIAN_POINT ( 'NONE',  ( 27.23030594919632819, -14.96913926839695819, 4.000000000000003553 ) ) ;
#6920 = CARTESIAN_POINT ( 'NONE',  ( 24.40287906343287361, -13.77014945500065402, 4.000000000000000000 ) ) ;
#6921 = EDGE_LOOP ( 'NONE', ( #9105, #10330, #7426, #4672 ) ) ;
#6922 = CARTESIAN_POINT ( 'NONE',  ( 25.91849677104602634, -10.88026427224234105, 3.500000000000003109 ) ) ;
#6923 = LINE ( 'NONE', #2553, #6807 ) ;
#6924 = EDGE_CURVE ( 'NONE', #1061, #10402, #2964, .T. ) ;
#6925 = EDGE_CURVE ( 'NONE', #6733, #2315, #10939, .T. ) ;
#6926 = ADVANCED_FACE ( 'NONE', ( #1345 ), #5850, .T. ) ;
#6927 = CARTESIAN_POINT ( 'NONE',  ( -24.99999999999999289, 11.99999999999998934, 1.999999999999998224 ) ) ;
#6928 = LINE ( 'NONE', #1472, #5282 ) ;
#6929 = CARTESIAN_POINT ( 'NONE',  ( 28.62820512820512064, -18.00000000000000000, 3.499999999999999556 ) ) ;
#6930 = CIRCLE ( 'NONE', #1586, 1.099999999999996758 ) ;
#6931 = CARTESIAN_POINT ( 'NONE',  ( 26.06180129879212615, -11.68748465242142842, 3.500000000000003109 ) ) ;
#6932 = ORIENTED_EDGE ( 'NONE', *, *, #5122, .T. ) ;
#6933 = ORIENTED_EDGE ( 'NONE', *, *, #8562, .T. ) ;
#6934 = CARTESIAN_POINT ( 'NONE',  ( 30.99999999999999289, 2.050000000000005151, 5.999999999999998224 ) ) ;
#6935 = CARTESIAN_POINT ( 'NONE',  ( 46.09999999999999432, 22.54999999999998650, -1.734723475976807094E-15 ) ) ;
#6936 = AXIS2_PLACEMENT_3D ( 'NONE', #8268, #2621, #11026 ) ;
#6937 = LINE ( 'NONE', #712, #11611 ) ;
#6938 = ADVANCED_FACE ( 'NONE', ( #10401 ), #9430, .F. ) ;
#6939 = LINE ( 'NONE', #5152, #3621 ) ;
#6940 = CARTESIAN_POINT ( 'NONE',  ( 24.75524198227544659, -14.96726104674972113, 3.500000000000003109 ) ) ;
#6941 = CARTESIAN_POINT ( 'NONE',  ( 26.83034349071441937, -12.63792724078922980, 4.000000000000007105 ) ) ;
#6942 = CARTESIAN_POINT ( 'NONE',  ( 25.74649674865778337, -9.087483847309989926, 3.999999999999996447 ) ) ;
#6943 = ADVANCED_FACE ( 'NONE', ( #2233 ), #5798, .F. ) ;
#6945 = DIRECTION ( 'NONE',  ( 1.000000000000000000, 0.000000000000000000, 0.000000000000000000 ) ) ;
#6944 = AXIS2_PLACEMENT_3D ( 'NONE', #1822, #10035, #11820 ) ;
#6946 = VERTEX_POINT ( 'NONE', #11193 ) ;
#6947 = ORIENTED_EDGE ( 'NONE', *, *, #1871, .F. ) ;
#6948 = CARTESIAN_POINT ( 'NONE',  ( -9.039999999999999147, 9.039999999999999147, 0.000000000000000000 ) ) ;
#6949 = ORIENTED_EDGE ( 'NONE', *, *, #7071, .F. ) ;
#6950 = CARTESIAN_POINT ( 'NONE',  ( 24.27285976266244916, -13.30546758291473708, 3.500000000000003109 ) ) ;
#6951 = EDGE_LOOP ( 'NONE', ( #11667, #2502 ) ) ;
#6952 = CARTESIAN_POINT ( 'NONE',  ( 31.69999999999999218, -5.999999999999988454, 2.000000000000001776 ) ) ;
#6953 = VERTEX_POINT ( 'NONE', #8660 ) ;
#6954 = ORIENTED_EDGE ( 'NONE', *, *, #5192, .F. ) ;
#6955 = DIRECTION ( 'NONE',  ( -1.000000000000000000, 0.000000000000000000, 0.000000000000000000 ) ) ;
#6956 = DIRECTION ( 'NONE',  ( 1.000000000000000000, 0.000000000000000000, 0.000000000000000000 ) ) ;
#6957 = ORIENTED_EDGE ( 'NONE', *, *, #8029, .F. ) ;
#6958 = VERTEX_POINT ( 'NONE', #7642 ) ;
#6959 = PLANE ( 'NONE',  #6236 ) ;
#6960 = CARTESIAN_POINT ( 'NONE',  ( 39.19999999999998863, -3.994306305069704965, 4.000000000000000000 ) ) ;
#6961 = ORIENTED_EDGE ( 'NONE', *, *, #6268, .T. ) ;
#6962 = ORIENTED_EDGE ( 'NONE', *, *, #316, .F. ) ;
#6963 = VERTEX_POINT ( 'NONE', #10340 ) ;
#6964 = CARTESIAN_POINT ( 'NONE',  ( 26.27887547677300972, -12.58892115038910298, 4.000000000000003553 ) ) ;
#6965 = B_SPLINE_CURVE_WITH_KNOTS ( 'NONE', 3,
 ( #8283, #52, #1645, #1071, #8405, #6200, #10249, #6538, #10187, #1911, #174 ),
 .UNSPECIFIED., .F., .F.,
 ( 4, 1, 1, 1, 1, 1, 1, 1, 4 ),
 ( 0.000000000000000000, 0.08887459959301068080, 0.1863628278403539063, 0.2940904553567279534, 0.4121094147631917393, 0.5417581983971516690, 0.6826887949347050233, 0.8350891744828351504, 1.000000000000000000 ),
 .UNSPECIFIED. ) ;
#6966 = DIRECTION ( 'NONE',  ( 1.000000000000000000, 0.000000000000000000, 0.000000000000000000 ) ) ;
#6967 = EDGE_CURVE ( 'NONE', #7480, #11015, #2181, .T. ) ;
#6968 = ORIENTED_EDGE ( 'NONE', *, *, #3885, .F. ) ;
#6969 = VERTEX_POINT ( 'NONE', #444 ) ;
#6970 = CARTESIAN_POINT ( 'NONE',  ( -60.79999999999999005, -1.366094737331735587E-14, 1.734723475976807094E-15 ) ) ;
#6971 = PLANE ( 'NONE',  #6790 ) ;
#6972 = DIRECTION ( 'NONE',  ( -1.000000000000000000, 0.000000000000000000, 0.000000000000000000 ) ) ;
#6973 = EDGE_LOOP ( 'NONE', ( #8009, #9271, #2535, #6005 ) ) ;
#6974 = EDGE_CURVE ( 'NONE', #658, #1326, #2126, .T. ) ;
#6975 = AXIS2_PLACEMENT_3D ( 'NONE', #1527, #5123, #8010 ) ;
#6976 = CARTESIAN_POINT ( 'NONE',  ( 28.03070858826244560, 5.386615609801181925, 3.599999999999999201 ) ) ;
#6977 = CARTESIAN_POINT ( 'NONE',  ( 24.51974399227195178, -6.482904219970788695, 3.500000000000003109 ) ) ;
#6978 = CARTESIAN_POINT ( 'NONE',  ( 42.47489026655541267, -12.96692768190591494, 3.499999999999999556 ) ) ;
#6979 = CARTESIAN_POINT ( 'NONE',  ( 23.43589743589742724, -6.590460151223551222, 3.499999999999996003 ) ) ;
#6980 = CARTESIAN_POINT ( 'NONE',  ( 24.58571392778258868, -13.92304398496294837, 4.000000000000003553 ) ) ;
#6981 = VERTEX_POINT ( 'NONE', #3076 ) ;
#6982 = LINE ( 'NONE', #5200, #1389 ) ;
#6983 = DIRECTION ( 'NONE',  ( 1.000000000000000000, 0.000000000000000000, 0.000000000000000000 ) ) ;
#6984 = CYLINDRICAL_SURFACE ( 'NONE', #5377, 2.250000000000001776 ) ;
#6985 = DIRECTION ( 'NONE',  ( 0.000000000000000000, 0.000000000000000000, 1.000000000000000000 ) ) ;
#6986 = VECTOR ( 'NONE', #5189, 1000.000000000000114 ) ;
#6987 = FACE_OUTER_BOUND ( 'NONE', #56, .T. ) ;
#6988 = VECTOR ( 'NONE', #11540, 1000.000000000000000 ) ;
#6989 = CARTESIAN_POINT ( 'NONE',  ( 24.92889199336873318, -15.00285622407671582, 3.499999999999996003 ) ) ;
#6990 = EDGE_CURVE ( 'NONE', #10390, #2575, #6739, .T. ) ;
#6991 = EDGE_CURVE ( 'NONE', #3878, #2087, #11525, .T. ) ;
#6992 = EDGE_CURVE ( 'NONE', #6016, #834, #3455, .T. ) ;
#6993 = VECTOR ( 'NONE', #9385, 1000.000000000000000 ) ;
#6994 = LINE ( 'NONE', #2670, #8438 ) ;
#6995 = ORIENTED_EDGE ( 'NONE', *, *, #3618, .T. ) ;
#6996 = ORIENTED_EDGE ( 'NONE', *, *, #2620, .T. ) ;
#6997 = AXIS2_PLACEMENT_3D ( 'NONE', #11452, #1418, #10544 ) ;
#6998 = CARTESIAN_POINT ( 'NONE',  ( 25.87111837412344428, -11.68710049682171181, 3.499999999999996003 ) ) ;
#6999 = DIRECTION ( 'NONE',  ( -0.000000000000000000, -0.000000000000000000, -1.000000000000000000 ) ) ;
#7000 = ADVANCED_FACE ( 'NONE', ( #691 ), #7825, .F. ) ;
#7001 = CARTESIAN_POINT ( 'NONE',  ( 23.51627179814065727, -14.11107845823598872, 3.499999999999999556 ) ) ;
#7002 = CARTESIAN_POINT ( 'NONE',  ( 9.199999999999995737, 11.60000000000000320, 3.500000000000000000 ) ) ;
#7003 = ORIENTED_EDGE ( 'NONE', *, *, #9998, .T. ) ;
#7004 = CIRCLE ( 'NONE', #11633, 1.099999999999996758 ) ;
#7005 = CARTESIAN_POINT ( 'NONE',  ( 24.01940732935630507, -7.133567941398835544, 4.000000000000003553 ) ) ;
#7006 = EDGE_LOOP ( 'NONE', ( #11307, #313, #5025, #3764 ) ) ;
#7007 = ORIENTED_EDGE ( 'NONE', *, *, #1341, .T. ) ;
#7008 = DIRECTION ( 'NONE',  ( 0.000000000000000000, -0.000000000000000000, 1.000000000000000000 ) ) ;
#7009 = EDGE_CURVE ( 'NONE', #6946, #7428, #561, .T. ) ;
#7010 = EDGE_LOOP ( 'NONE', ( #11842, #8306, #9362, #963 ) ) ;
#7011 = PLANE ( 'NONE',  #8802 ) ;
#7012 = EDGE_LOOP ( 'NONE', ( #6621, #5817, #9341, #8000, #6198 ) ) ;
#7013 = LINE ( 'NONE', #10686, #6098 ) ;
#7014 = ORIENTED_EDGE ( 'NONE', *, *, #10149, .F. ) ;
#7015 = CIRCLE ( 'NONE', #2421, 0.9750000000000001998 ) ;
#7016 = DIRECTION ( 'NONE',  ( -1.000000000000000000, 0.000000000000000000, 0.000000000000000000 ) ) ;
#7017 = DIRECTION ( 'NONE',  ( -1.000000000000000000, 0.000000000000000000, 0.000000000000000000 ) ) ;
#7018 = DIRECTION ( 'NONE',  ( 0.000000000000000000, 0.000000000000000000, 1.000000000000000000 ) ) ;
#7019 = ORIENTED_EDGE ( 'NONE', *, *, #3733, .F. ) ;
#7020 = VERTEX_POINT ( 'NONE', #5063 ) ;
#7021 = CARTESIAN_POINT ( 'NONE',  ( 28.49999999999999289, -8.704843164044065773, 3.499999999999999556 ) ) ;
#7022 = DIRECTION ( 'NONE',  ( -1.000000000000000000, 0.000000000000000000, 0.000000000000000000 ) ) ;
#7023 = ORIENTED_EDGE ( 'NONE', *, *, #11192, .T. ) ;
#7024 = EDGE_CURVE ( 'NONE', #785, #2363, #973, .T. ) ;
#7025 = ORIENTED_EDGE ( 'NONE', *, *, #5337, .T. ) ;
#7026 = FACE_OUTER_BOUND ( 'NONE', #8703, .T. ) ;
#7027 = VECTOR ( 'NONE', #10794, 1000.000000000000000 ) ;
#7028 = EDGE_CURVE ( 'NONE', #6496, #9306, #11492, .T. ) ;
#7029 = ORIENTED_EDGE ( 'NONE', *, *, #11294, .T. ) ;
#7030 = B_SPLINE_CURVE_WITH_KNOTS ( 'NONE', 3,
 ( #1993, #1043, #3020, #8446, #2124, #8372, #147, #6509, #8549, #11190, #10397 ),
 .UNSPECIFIED., .F., .F.,
 ( 4, 1, 1, 1, 1, 1, 1, 1, 4 ),
 ( 0.000000000000000000, 0.1323140339085648598, 0.2587000085531556692, 0.3809118214856536122, 0.5005348689728934541, 0.6209226176484486937, 0.7423757653984724980, 0.8682808341788553763, 1.000000000000000000 ),
 .UNSPECIFIED. ) ;
#7031 = CARTESIAN_POINT ( 'NONE',  ( -76.62999999999999545, 11.99999999999998579, 1.734723475976807094E-15 ) ) ;
#7032 = DIRECTION ( 'NONE',  ( -0.000000000000000000, -0.000000000000000000, 1.000000000000000000 ) ) ;
#7033 = ORIENTED_EDGE ( 'NONE', *, *, #10650, .T. ) ;
#7034 = CARTESIAN_POINT ( 'NONE',  ( 24.03787757883680243, -8.004586484164727622, 3.999999999999996447 ) ) ;
#7035 = DIRECTION ( 'NONE',  ( 0.000000000000000000, 1.000000000000000000, 0.000000000000000000 ) ) ;
#7036 = VECTOR ( 'NONE', #893, 1000.000000000000000 ) ;
#7037 = CARTESIAN_POINT ( 'NONE',  ( 23.39970072277616708, -9.709196161057121799, 3.999999999999994671 ) ) ;
#7038 = CIRCLE ( 'NONE', #3593, 1.100000000000000311 ) ;
#7039 = CARTESIAN_POINT ( 'NONE',  ( -81.99999999999998579, 9.549999999999984723, -3.111269837220808299 ) ) ;
#7040 = DIRECTION ( 'NONE',  ( -1.000000000000000000, -0.000000000000000000, -0.000000000000000000 ) ) ;
#7041 = FACE_OUTER_BOUND ( 'NONE', #2716, .T. ) ;
#7042 = CARTESIAN_POINT ( 'NONE',  ( 23.94613188938543402, -7.133579502937973160, 4.000000000000000000 ) ) ;
#7043 = VERTEX_POINT ( 'NONE', #3264 ) ;
#7044 = LINE ( 'NONE', #4302, #516 ) ;
#7045 = AXIS2_PLACEMENT_3D ( 'NONE', #4542, #10279, #7284 ) ;
#7046 = ORIENTED_EDGE ( 'NONE', *, *, #10381, .T. ) ;
#7047 = VECTOR ( 'NONE', #3242, 1000.000000000000000 ) ;
#7048 = DIRECTION ( 'NONE',  ( 0.000000000000000000, 0.000000000000000000, 1.000000000000000000 ) ) ;
#7049 = CARTESIAN_POINT ( 'NONE',  ( 25.99999999999999289, 7.050000000000004263, 3.599999999999999201 ) ) ;
#7050 = CARTESIAN_POINT ( 'NONE',  ( 27.75912083555304122, 8.452852054182177000, 5.999999999999998224 ) ) ;
#7051 = CARTESIAN_POINT ( 'NONE',  ( 9.199999999999995737, 18.00000000000000000, 2.000000000000000000 ) ) ;
#7052 = EDGE_CURVE ( 'NONE', #1742, #10181, #4247, .T. ) ;
#7053 = FACE_BOUND ( 'NONE', #10213, .T. ) ;
#7054 = AXIS2_PLACEMENT_3D ( 'NONE', #4407, #7204, #10870 ) ;
#7055 = B_SPLINE_SURFACE_WITH_KNOTS ( 'NONE', 3, 1, ( 
 ( #2335, #5228 ),
 ( #10557, #6123 ),
 ( #6006, #9643 ),
 ( #6828, #8698 ),
 ( #1567, #11665 ),
 ( #1436, #664 ),
 ( #422, #5167 ),
 ( #8823, #8885 ),
 ( #8756, #480 ),
 ( #539, #602 ),
 ( #4274, #4982 ) ),
 .UNSPECIFIED., .F., .F., .F.,
 ( 4, 1, 1, 1, 1, 1, 1, 1, 4 ),
 ( 2, 2 ),
 ( 0.000000000000000000, 0.1240354330026164770, 0.2428459548115297351, 0.3603416824496157855, 0.4790424316556554651, 0.5993341100427890256, 0.7254884757708269793, 0.8585494285274635207, 1.000000000000000000 ),
 ( 0.000000000000000000, 1.000000000000000000 ),
 .UNSPECIFIED. ) ;
#7056 = CIRCLE ( 'NONE', #1127, 2.999999999999999112 ) ;
#7057 = EDGE_CURVE ( 'NONE', #2418, #4774, #2508, .T. ) ;
#7058 = CARTESIAN_POINT ( 'NONE',  ( 23.56930570546384374, -14.20999252382805977, 3.499999999999999556 ) ) ;
#7059 = DIRECTION ( 'NONE',  ( 0.000000000000000000, 0.000000000000000000, 1.000000000000000000 ) ) ;
#7060 = DIRECTION ( 'NONE',  ( 0.000000000000000000, 0.000000000000000000, 1.000000000000000000 ) ) ;
#7061 = ORIENTED_EDGE ( 'NONE', *, *, #9092, .T. ) ;
#7062 = ORIENTED_EDGE ( 'NONE', *, *, #1156, .T. ) ;
#7063 = CARTESIAN_POINT ( 'NONE',  ( 24.57366440155121268, -11.84541285483365236, 3.999999999999996447 ) ) ;
#7064 = CARTESIAN_POINT ( 'NONE',  ( 24.28167429027715940, -9.570083244972039438, 3.500000000000013323 ) ) ;
#7065 = LINE ( 'NONE', #9820, #8535 ) ;
#7066 = CARTESIAN_POINT ( 'NONE',  ( 26.76923076923075939, -9.530163676864578548, 3.499999999999999556 ) ) ;
#7067 = CARTESIAN_POINT ( 'NONE',  ( 24.73252986935683850, 8.909037242210992247, 6.767750931287840999 ) ) ;
#7068 = AXIS2_PLACEMENT_3D ( 'NONE', #9551, #4120, #6687 ) ;
#7069 = ADVANCED_FACE ( 'NONE', ( #8847 ), #2543, .F. ) ;
#7070 = DIRECTION ( 'NONE',  ( 1.000000000000000000, 9.637352644315600173E-17, -0.000000000000000000 ) ) ;
#7071 = EDGE_CURVE ( 'NONE', #2337, #494, #11620, .T. ) ;
#7072 = CARTESIAN_POINT ( 'NONE',  ( -47.74999999999998579, -10.45000000000001172, 1.000000000000000888 ) ) ;
#7073 = CARTESIAN_POINT ( 'NONE',  ( 24.01940732935630507, -7.133567941398835544, 3.500000000000003109 ) ) ;
#7074 = ORIENTED_EDGE ( 'NONE', *, *, #6393, .T. ) ;
#7075 = VERTEX_POINT ( 'NONE', #8013 ) ;
#7076 = DIRECTION ( 'NONE',  ( 0.7071067811865530128, 0.000000000000000000, 0.7071067811865421326 ) ) ;
#7077 = ORIENTED_EDGE ( 'NONE', *, *, #9487, .F. ) ;
#7078 = DIRECTION ( 'NONE',  ( -1.000000000000000000, 0.000000000000000000, 0.000000000000000000 ) ) ;
#7079 = VECTOR ( 'NONE', #10227, 1000.000000000000000 ) ;
#7080 = ORIENTED_EDGE ( 'NONE', *, *, #11434, .F. ) ;
#7081 = AXIS2_PLACEMENT_3D ( 'NONE', #10860, #662, #3426 ) ;
#7082 = CARTESIAN_POINT ( 'NONE',  ( -18.99999999999999645, 37.54999999999998295, 1.734723475976807094E-15 ) ) ;
#7083 = VERTEX_POINT ( 'NONE', #747 ) ;
#7084 = ORIENTED_EDGE ( 'NONE', *, *, #9284, .F. ) ;
#7085 = CARTESIAN_POINT ( 'NONE',  ( 27.25048333301749537, -14.02156898013575592, 4.000000000000007105 ) ) ;
#7086 = CARTESIAN_POINT ( 'NONE',  ( 26.66319914242449940, 9.200038813018830197, 5.999999999999998224 ) ) ;
#7087 = CARTESIAN_POINT ( 'NONE',  ( -52.24999999999999289, 9.549999999999988276, 2.000000000000000000 ) ) ;
#7088 = PLANE ( 'NONE',  #5532 ) ;
#7089 = ADVANCED_FACE ( 'NONE', ( #9856 ), #8717, .F. ) ;
#7090 = ORIENTED_EDGE ( 'NONE', *, *, #8515, .T. ) ;
#7091 = AXIS2_PLACEMENT_3D ( 'NONE', #890, #7413, #2738 ) ;
#7092 = CARTESIAN_POINT ( 'NONE',  ( 28.62820512820512064, -4.891742202505601433, 3.499999999999999556 ) ) ;
#7093 = DIRECTION ( 'NONE',  ( 0.000000000000000000, 0.000000000000000000, 1.000000000000000000 ) ) ;
#7094 = EDGE_LOOP ( 'NONE', ( #8468, #2998, #2951, #6279, #11183, #8621, #6700, #8683, #3523, #3216 ) ) ;
#7095 = DIRECTION ( 'NONE',  ( -0.000000000000000000, -0.000000000000000000, 1.000000000000000000 ) ) ;
#7096 = VERTEX_POINT ( 'NONE', #9665 ) ;
#7097 = CARTESIAN_POINT ( 'NONE',  ( 27.72959812894091414, -13.42114572642101145, 3.500000000000003109 ) ) ;
#7098 = EDGE_CURVE ( 'NONE', #6958, #8072, #1457, .T. ) ;
#7099 = VERTEX_POINT ( 'NONE', #9604 ) ;
#7100 = VERTEX_POINT ( 'NONE', #5127 ) ;
#7101 = DIRECTION ( 'NONE',  ( 0.000000000000000000, 0.000000000000000000, 1.000000000000000000 ) ) ;
#7102 = CARTESIAN_POINT ( 'NONE',  ( 46.09999999999999432, 10.54999999999999005, -1.734723475976807094E-15 ) ) ;
#7103 = ORIENTED_EDGE ( 'NONE', *, *, #10302, .F. ) ;
#7104 = EDGE_CURVE ( 'NONE', #2582, #1560, #6204, .T. ) ;
#7105 = VERTEX_POINT ( 'NONE', #2485 ) ;
#7106 = CARTESIAN_POINT ( 'NONE',  ( 24.42214600629759857, -7.798767091153945508, 4.000000000000000000 ) ) ;
#7107 = DIRECTION ( 'NONE',  ( 0.3912681764687553354, 0.9202767051723166336, 0.000000000000000000 ) ) ;
#7108 = VECTOR ( 'NONE', #577, 1000.000000000000000 ) ;
#7109 = LINE ( 'NONE', #8907, #1355 ) ;
#7110 = ORIENTED_EDGE ( 'NONE', *, *, #1982, .T. ) ;
#7111 = CARTESIAN_POINT ( 'NONE',  ( 28.43078105946538869, 6.059076975267870147, 3.599999999999999201 ) ) ;
#7112 = DIRECTION ( 'NONE',  ( -1.000000000000000000, 5.782411586589359857E-17, 0.000000000000000000 ) ) ;
#7113 = FACE_OUTER_BOUND ( 'NONE', #6135, .T. ) ;
#7114 = CARTESIAN_POINT ( 'NONE',  ( 23.47257028439396365, -6.801045849457858061, 3.999999999999993339 ) ) ;
#7115 = ORIENTED_EDGE ( 'NONE', *, *, #9647, .F. ) ;
#7116 = DIRECTION ( 'NONE',  ( 0.9634530185058026719, -0.2678773621119510118, 0.000000000000000000 ) ) ;
#7117 = ORIENTED_EDGE ( 'NONE', *, *, #5252, .F. ) ;
#7118 = VECTOR ( 'NONE', #5191, 1000.000000000000000 ) ;
#7119 = EDGE_CURVE ( 'NONE', #6481, #9831, #7109, .T. ) ;
#7120 = DIRECTION ( 'NONE',  ( 1.000000000000000000, 0.000000000000000000, 0.000000000000000000 ) ) ;
#7121 = LINE ( 'NONE', #7957, #9765 ) ;
#7122 = LINE ( 'NONE', #2495, #2583 ) ;
#7123 = LINE ( 'NONE', #11636, #1966 ) ;
#7124 = CARTESIAN_POINT ( 'NONE',  ( 14.99999999999999822, -2.999999999999992450, 5.000000000000000000 ) ) ;
#7125 = AXIS2_PLACEMENT_3D ( 'NONE', #7872, #370, #5838 ) ;
#7126 = CARTESIAN_POINT ( 'NONE',  ( 24.07276606609465475, -14.69493608127205420, 3.999999999999967137 ) ) ;
#7127 = CARTESIAN_POINT ( 'NONE',  ( 27.25048333301749537, -14.02156898013575592, 3.500000000000006661 ) ) ;
#7128 = DIRECTION ( 'NONE',  ( 0.7071067811865465735, -0.7071067811865485719, 0.000000000000000000 ) ) ;
#7129 = ORIENTED_EDGE ( 'NONE', *, *, #1074, .F. ) ;
#7130 = DIRECTION ( 'NONE',  ( 0.9996077427267578974, -0.02800643998646968474, 0.000000000000000000 ) ) ;
#7131 = DIRECTION ( 'NONE',  ( 1.000000000000000000, 0.000000000000000000, 0.000000000000000000 ) ) ;
#7132 = AXIS2_PLACEMENT_3D ( 'NONE', #4914, #9634, #2326 ) ;
#7133 = DIRECTION ( 'NONE',  ( -0.000000000000000000, -0.000000000000000000, -1.000000000000000000 ) ) ;
#7134 = FACE_OUTER_BOUND ( 'NONE', #4164, .T. ) ;
#7135 = CARTESIAN_POINT ( 'NONE',  ( 25.32256490027684492, -10.12179984433066160, 4.000000000000000000 ) ) ;
#7136 = CARTESIAN_POINT ( 'NONE',  ( 24.52564102564101844, -6.590460151223551222, 4.000000000000003553 ) ) ;
#7137 = ORIENTED_EDGE ( 'NONE', *, *, #10046, .F. ) ;
#7138 = VERTEX_POINT ( 'NONE', #10773 ) ;
#7139 = FACE_BOUND ( 'NONE', #7876, .T. ) ;
#7140 = EDGE_LOOP ( 'NONE', ( #2332, #7598 ) ) ;
#7141 = AXIS2_PLACEMENT_3D ( 'NONE', #6798, #5977, #7837 ) ;
#7142 = DIRECTION ( 'NONE',  ( -1.000000000000000000, 0.000000000000000000, 0.000000000000000000 ) ) ;
#7143 = EDGE_LOOP ( 'NONE', ( #6703, #50, #10999, #1520 ) ) ;
#7144 = EDGE_CURVE ( 'NONE', #6657, #1842, #5317, .T. ) ;
#7145 = DIRECTION ( 'NONE',  ( 1.000000000000000000, 0.000000000000000000, 0.000000000000000000 ) ) ;
#7146 = VERTEX_POINT ( 'NONE', #9734 ) ;
#7147 = ORIENTED_EDGE ( 'NONE', *, *, #5974, .T. ) ;
#7148 = CARTESIAN_POINT ( 'NONE',  ( 27.58532216342740639, -13.78316893226880957, 4.000000000000007105 ) ) ;
#7149 = PLANE ( 'NONE',  #7716 ) ;
#7150 = EDGE_CURVE ( 'NONE', #1956, #1845, #6147, .T. ) ;
#7151 = PLANE ( 'NONE',  #11348 ) ;
#7152 = ORIENTED_EDGE ( 'NONE', *, *, #460, .T. ) ;
#7153 = DIRECTION ( 'NONE',  ( 0.000000000000000000, 0.000000000000000000, 1.000000000000000000 ) ) ;
#7154 = ORIENTED_EDGE ( 'NONE', *, *, #10643, .T. ) ;
#7155 = CARTESIAN_POINT ( 'NONE',  ( 28.56286405820672414, -13.86316541404170444, 3.499999999999999556 ) ) ;
#7156 = EDGE_CURVE ( 'NONE', #4098, #3893, #180, .T. ) ;
#7157 = VECTOR ( 'NONE', #2900, 1000.000000000000000 ) ;
#7158 = FACE_OUTER_BOUND ( 'NONE', #9851, .T. ) ;
#7159 = ORIENTED_EDGE ( 'NONE', *, *, #6335, .T. ) ;
#7160 = ORIENTED_EDGE ( 'NONE', *, *, #47, .T. ) ;
#7161 = EDGE_CURVE ( 'NONE', #8437, #5805, #1920, .T. ) ;
#7162 = DIRECTION ( 'NONE',  ( -0.000000000000000000, -0.000000000000000000, -1.000000000000000000 ) ) ;
#7163 = CARTESIAN_POINT ( 'NONE',  ( 23.44009993635634004, -9.867780186532751685, 3.499999999999996003 ) ) ;
#7164 = CARTESIAN_POINT ( 'NONE',  ( 20.99999999999998934, 13.55000000000000959, 1.025000000000002354 ) ) ;
#7165 = EDGE_CURVE ( 'NONE', #11000, #4152, #1708, .T. ) ;
#7166 = ORIENTED_EDGE ( 'NONE', *, *, #1216, .F. ) ;
#7167 = ADVANCED_FACE ( 'NONE', ( #4639 ), #2596, .F. ) ;
#7168 = PLANE ( 'NONE',  #3817 ) ;
#7169 = CARTESIAN_POINT ( 'NONE',  ( 23.98277243589742724, -6.045588356351756509, 3.500000000000003109 ) ) ;
#7170 = DIRECTION ( 'NONE',  ( -0.3391272569159872186, 0.9407405081193420671, 0.000000000000000000 ) ) ;
#7171 = DIRECTION ( 'NONE',  ( 0.000000000000000000, 1.000000000000000000, 0.000000000000000000 ) ) ;
#7172 = CARTESIAN_POINT ( 'NONE',  ( -16.99999999999999645, -18.00000000000001421, 1.000000000000000888 ) ) ;
#7173 = FACE_BOUND ( 'NONE', #1010, .T. ) ;
#7174 = DIRECTION ( 'NONE',  ( 0.8382970382930146069, -0.5452137888839203583, 0.000000000000000000 ) ) ;
#7175 = CARTESIAN_POINT ( 'NONE',  ( 25.35897435897435059, -4.891742202505601433, 4.000000000000000000 ) ) ;
#7176 = CARTESIAN_POINT ( 'NONE',  ( 23.96605924864125825, -14.62544266604636967, 3.500000000000003109 ) ) ;
#7177 = CARTESIAN_POINT ( 'NONE',  ( 27.73076923076922640, -13.39234316404406400, 4.000000000000003553 ) ) ;
#7178 = LINE ( 'NONE', #11576, #9177 ) ;
#7179 = VERTEX_POINT ( 'NONE', #7427 ) ;
#7180 = DIRECTION ( 'NONE',  ( -0.000000000000000000, -0.000000000000000000, -1.000000000000000000 ) ) ;
#7181 = CARTESIAN_POINT ( 'NONE',  ( 24.27016159504704618, -9.449727086359372308, 3.500000000000003109 ) ) ;
#7182 = CARTESIAN_POINT ( 'NONE',  ( 26.76923076923075939, -9.530163676864578548, 4.000000000000000888 ) ) ;
#7183 = CARTESIAN_POINT ( 'NONE',  ( -15.00000000000001066, 18.00000000000000000, 2.000000000000000000 ) ) ;
#7184 = VECTOR ( 'NONE', #10638, 1000.000000000000000 ) ;
#7185 = CARTESIAN_POINT ( 'NONE',  ( 23.80641219759089111, 6.549327898598286346, 5.999999999999998224 ) ) ;
#7186 = DIRECTION ( 'NONE',  ( 0.000000000000000000, 0.000000000000000000, 1.000000000000000000 ) ) ;
#7187 = CARTESIAN_POINT ( 'NONE',  ( -52.99999999999999289, 11.99999999999998934, 2.000000000000000000 ) ) ;
#7188 = CARTESIAN_POINT ( 'NONE',  ( 25.95092147435896734, -11.68661399737739792, 3.500000000000003109 ) ) ;
#7189 = VECTOR ( 'NONE', #4944, 1000.000000000000000 ) ;
#7190 = ORIENTED_EDGE ( 'NONE', *, *, #7884, .T. ) ;
#7191 = CARTESIAN_POINT ( 'NONE',  ( 25.35897435897435059, -3.994306305069704965, 3.499999999999999556 ) ) ;
#7192 = VECTOR ( 'NONE', #252, 1000.000000000000114 ) ;
#7193 = CARTESIAN_POINT ( 'NONE',  ( 25.43409455128204399, -1.878921689685088880, 3.499999999999999556 ) ) ;
#7194 = ORIENTED_EDGE ( 'NONE', *, *, #8289, .T. ) ;
#7195 = FACE_OUTER_BOUND ( 'NONE', #3553, .T. ) ;
#7196 = CYLINDRICAL_SURFACE ( 'NONE', #10688, 3.700000000000001954 ) ;
#7197 = CARTESIAN_POINT ( 'NONE',  ( 9.199999999999995737, -16.00000000000000355, 10.09999999999999964 ) ) ;
#7198 = CARTESIAN_POINT ( 'NONE',  ( 27.44374107548153319, -13.91073318617521437, 4.000000000000000000 ) ) ;
#7199 = CARTESIAN_POINT ( 'NONE',  ( 27.13266798143123282, -11.78424363567688360, 4.000000000000003553 ) ) ;
#7200 = AXIS2_PLACEMENT_3D ( 'NONE', #6877, #5149, #11579 ) ;
#7201 = CARTESIAN_POINT ( 'NONE',  ( -83.09999999999999432, -10.45000000000001528, 1.734723475976807094E-15 ) ) ;
#7202 = EDGE_CURVE ( 'NONE', #5422, #3893, #2997, .T. ) ;
#7203 = ORIENTED_EDGE ( 'NONE', *, *, #8551, .T. ) ;
#7204 = DIRECTION ( 'NONE',  ( -1.000000000000000000, 0.000000000000000000, 0.000000000000000000 ) ) ;
#7205 = ORIENTED_EDGE ( 'NONE', *, *, #4338, .T. ) ;
#7206 = CARTESIAN_POINT ( 'NONE',  ( 27.05820608105829450, -15.00525146892465855, 3.499999999999989342 ) ) ;
#7207 = EDGE_CURVE ( 'NONE', #9193, #5229, #5598, .T. ) ;
#7208 = AXIS2_PLACEMENT_3D ( 'NONE', #3570, #3519, #3748 ) ;
#7209 = VERTEX_POINT ( 'NONE', #9026 ) ;
#7210 = ORIENTED_EDGE ( 'NONE', *, *, #926, .F. ) ;
#7211 = CARTESIAN_POINT ( 'NONE',  ( 24.28840209830343255, -13.55584544801178204, 3.499999999999999556 ) ) ;
#7212 = DIRECTION ( 'NONE',  ( 0.000000000000000000, -0.000000000000000000, -1.000000000000000000 ) ) ;
#7213 = EDGE_CURVE ( 'NONE', #9644, #9368, #7490, .T. ) ;
#7214 = VECTOR ( 'NONE', #8709, 1000.000000000000000 ) ;
#7215 = CARTESIAN_POINT ( 'NONE',  ( 24.54980125262548540, 4.861953247045805782, 6.797529781440644570 ) ) ;
#7216 = VERTEX_POINT ( 'NONE', #11048 ) ;
#7217 = ORIENTED_EDGE ( 'NONE', *, *, #688, .T. ) ;
#7218 = CARTESIAN_POINT ( 'NONE',  ( 23.86802104831251725, -12.22068809195847017, 3.499999999999992895 ) ) ;
#7219 = CYLINDRICAL_SURFACE ( 'NONE', #8801, 2.624999999999998668 ) ;
#7220 = CARTESIAN_POINT ( 'NONE',  ( -74.51999999999999602, 2.799999999999998490, 1.000000000000000888 ) ) ;
#7221 = CIRCLE ( 'NONE', #2043, 4.999999999999990230 ) ;
#7222 = ORIENTED_EDGE ( 'NONE', *, *, #11402, .F. ) ;
#7223 = FACE_OUTER_BOUND ( 'NONE', #2219, .T. ) ;
#7224 = DIRECTION ( 'NONE',  ( -0.7071067811865530128, 8.659560562355000651E-17, 0.7071067811865421326 ) ) ;
#7225 = VECTOR ( 'NONE', #11495, 1000.000000000000000 ) ;
#7226 = ORIENTED_EDGE ( 'NONE', *, *, #3249, .T. ) ;
#7227 = CARTESIAN_POINT ( 'NONE',  ( -64.84999999999999432, 11.39999999999998259, 0.4500000000000025091 ) ) ;
#7228 = EDGE_CURVE ( 'NONE', #10271, #5537, #592, .T. ) ;
#7229 = FACE_OUTER_BOUND ( 'NONE', #4817, .T. ) ;
#7230 = VECTOR ( 'NONE', #8715, 1000.000000000000000 ) ;
#7231 = DIRECTION ( 'NONE',  ( 0.000000000000000000, 0.000000000000000000, 1.000000000000000000 ) ) ;
#7232 = CONICAL_SURFACE ( 'NONE', #3994, 2.999999999999999112, 0.7853981633974421728 ) ;
#7233 = CARTESIAN_POINT ( 'NONE',  ( 26.44628008407043396, -14.17400326296735358, 3.500000000000003109 ) ) ;
#7234 = DIRECTION ( 'NONE',  ( 0.000000000000000000, 0.000000000000000000, 1.000000000000000000 ) ) ;
#7235 = EDGE_CURVE ( 'NONE', #5352, #3373, #9241, .T. ) ;
#7236 = EDGE_LOOP ( 'NONE', ( #8886, #2336, #11229, #1302, #10884, #5161, #9396, #8765, #2019, #10361 ) ) ;
#7237 = CARTESIAN_POINT ( 'NONE',  ( 23.56930570546384374, -14.20999252382805977, 4.000000000000000000 ) ) ;
#7238 = CARTESIAN_POINT ( 'NONE',  ( 24.83160490822249500, -10.11939644058850440, 3.500000000000010214 ) ) ;
#7239 = CARTESIAN_POINT ( 'NONE',  ( -49.99999999999998579, 9.549999999999988276, 1.000000000000000888 ) ) ;
#7240 = DIRECTION ( 'NONE',  ( -1.000000000000000000, 0.000000000000000000, 0.000000000000000000 ) ) ;
#7241 = CYLINDRICAL_SURFACE ( 'NONE', #9962, 0.9499999999999995115 ) ;
#7242 = ORIENTED_EDGE ( 'NONE', *, *, #5040, .T. ) ;
#7243 = CARTESIAN_POINT ( 'NONE',  ( 26.80649970691522554, 4.551964127009855865, 5.999999999999998224 ) ) ;
#7244 = VECTOR ( 'NONE', #6063, 1000.000000000000114 ) ;
#7245 = CYLINDRICAL_SURFACE ( 'NONE', #3414, 1.050000000000002265 ) ;
#7246 = AXIS2_PLACEMENT_3D ( 'NONE', #9009, #2522, #8171 ) ;
#7247 = LINE ( 'NONE', #10914, #603 ) ;
#7248 = ORIENTED_EDGE ( 'NONE', *, *, #384, .F. ) ;
#7249 = DIRECTION ( 'NONE',  ( -0.000000000000000000, -0.000000000000000000, 1.000000000000000000 ) ) ;
#7250 = PLANE ( 'NONE',  #4342 ) ;
#7251 =( NAMED_UNIT ( * ) PLANE_ANGLE_UNIT ( ) SI_UNIT ( $, .RADIAN. ) );
#7252 = B_SPLINE_SURFACE_WITH_KNOTS ( 'NONE', 3, 1, ( 
 ( #9249, #11057 ),
 ( #1029, #4768 ),
 ( #2039, #8488 ),
 ( #11235, #2819 ),
 ( #7501, #4706 ),
 ( #3681, #11176 ),
 ( #4647, #10267 ),
 ( #2757, #6429 ),
 ( #5606, #250 ),
 ( #8358, #7438 ),
 ( #2883, #3926 ),
 ( #3005, #6553 ),
 ( #10206, #10082 ),
 ( #7561, #1866 ),
 ( #5545, #11300 ),
 ( #10672, #652 ),
 ( #3481, #8743 ),
 ( #5092, #2324 ),
 ( #5155, #6051 ) ),
 .UNSPECIFIED., .F., .F., .F.,
 ( 4, 1, 1, 1, 1, 1, 1, 1, 1, 1, 1, 1, 1, 1, 1, 1, 4 ),
 ( 2, 2 ),
 ( 0.000000000000000000, 0.07290044517819310732, 0.1420035572776728039, 0.2092423139433876589, 0.2745916364776395113, 0.3384167658000732382, 0.4016927893975335562, 0.4649339725645673660, 0.5282564202501485173, 0.5906850240741915448, 0.6509338176697220257, 0.7096511349919866207, 0.7671803338107789916, 0.8241642198597889379, 0.8817508553548629724, 0.9399466216156898701, 1.000000000000000000 ),
 ( 0.000000000000000000, 1.000000000000000000 ),
 .UNSPECIFIED. ) ;
#7253 = VECTOR ( 'NONE', #11456, 1000.000000000000000 ) ;
#7254 = ORIENTED_EDGE ( 'NONE', *, *, #10299, .T. ) ;
#7255 = DIRECTION ( 'NONE',  ( 0.000000000000000000, -0.000000000000000000, -1.000000000000000000 ) ) ;
#7256 = DIRECTION ( 'NONE',  ( 0.000000000000000000, -0.000000000000000000, -1.000000000000000000 ) ) ;
#7257 = DIRECTION ( 'NONE',  ( -1.000000000000000000, 0.000000000000000000, 0.000000000000000000 ) ) ;
#7258 = ORIENTED_EDGE ( 'NONE', *, *, #6613, .T. ) ;
#7259 = DIRECTION ( 'NONE',  ( 1.000000000000000000, 0.000000000000000000, 0.000000000000000000 ) ) ;
#7260 = ORIENTED_EDGE ( 'NONE', *, *, #4738, .T. ) ;
#7261 = VECTOR ( 'NONE', #4424, 1000.000000000000000 ) ;
#7262 = ORIENTED_EDGE ( 'NONE', *, *, #2890, .T. ) ;
#7263 = VECTOR ( 'NONE', #8789, 1000.000000000000000 ) ;
#7264 = DIRECTION ( 'NONE',  ( 0.000000000000000000, 0.000000000000000000, 1.000000000000000000 ) ) ;
#7265 = EDGE_CURVE ( 'NONE', #6519, #5003, #8291, .T. ) ;
#7266 = PLANE ( 'NONE',  #3508 ) ;
#7267 = FACE_OUTER_BOUND ( 'NONE', #4284, .T. ) ;
#7268 = VERTEX_POINT ( 'NONE', #57 ) ;
#7269 = ORIENTED_EDGE ( 'NONE', *, *, #4307, .F. ) ;
#7270 = CARTESIAN_POINT ( 'NONE',  ( 26.76923076923075939, -9.530163676864578548, 4.000000000000000000 ) ) ;
#7271 = EDGE_CURVE ( 'NONE', #4947, #358, #9296, .T. ) ;
#7272 = VERTEX_POINT ( 'NONE', #7369 ) ;
#7273 = ORIENTED_EDGE ( 'NONE', *, *, #1510, .F. ) ;
#7274 = CARTESIAN_POINT ( 'NONE',  ( 23.87293078165082250, -10.56064652804561455, 4.000000000000000000 ) ) ;
#7275 = FACE_OUTER_BOUND ( 'NONE', #7010, .T. ) ;
#7276 = EDGE_CURVE ( 'NONE', #3927, #3560, #4697, .T. ) ;
#7277 = CARTESIAN_POINT ( 'NONE',  ( 12.99999999999999645, 41.99999999999999289, 13.19999999999999929 ) ) ;
#7278 = DIRECTION ( 'NONE',  ( 0.000000000000000000, -0.000000000000000000, -1.000000000000000000 ) ) ;
#7279 = CARTESIAN_POINT ( 'NONE',  ( -37.99999999999999289, -1.040834085586084257E-14, 2.000000000000000000 ) ) ;
#7280 = VERTEX_POINT ( 'NONE', #121 ) ;
#7281 = VECTOR ( 'NONE', #9091, 1000.000000000000000 ) ;
#7282 = LINE ( 'NONE', #3698, #10014 ) ;
#7283 = LINE ( 'NONE', #2719, #6330 ) ;
#7284 = DIRECTION ( 'NONE',  ( 0.000000000000000000, 0.000000000000000000, -1.000000000000000000 ) ) ;
#7285 = CARTESIAN_POINT ( 'NONE',  ( 29.44999999999999218, -15.00000000000000000, 2.000000000000001776 ) ) ;
#7286 = ORIENTED_EDGE ( 'NONE', *, *, #10299, .F. ) ;
#7287 = VECTOR ( 'NONE', #11694, 1000.000000000000000 ) ;
#7288 = FACE_OUTER_BOUND ( 'NONE', #5749, .T. ) ;
#7289 = EDGE_CURVE ( 'NONE', #4056, #1464, #13, .T. ) ;
#7290 = EDGE_CURVE ( 'NONE', #3204, #11712, #8477, .T. ) ;
#7291 = CARTESIAN_POINT ( 'NONE',  ( -25.99999999999999289, 9.549999999999988276, 1.000000000000000888 ) ) ;
#7292 = LINE ( 'NONE', #11081, #6448 ) ;
#7293 = CARTESIAN_POINT ( 'NONE',  ( 25.99999999999999289, 9.300000000000004263, 3.599999999999999201 ) ) ;
#7294 = CARTESIAN_POINT ( 'NONE',  ( 20.99999999999998934, 12.05000000000000426, 5.999999999999998224 ) ) ;
#7295 = CARTESIAN_POINT ( 'NONE',  ( -49.99999999999998579, -10.45000000000001172, 1.000000000000000888 ) ) ;
#7296 = CARTESIAN_POINT ( 'NONE',  ( 23.96929141173756150, 5.386615609801152615, 3.599999999999999201 ) ) ;
#7297 = VECTOR ( 'NONE', #3111, 1000.000000000000000 ) ;
#7298 = LINE ( 'NONE', #101, #8843 ) ;
#7299 = ORIENTED_EDGE ( 'NONE', *, *, #1761, .T. ) ;
#7300 = CARTESIAN_POINT ( 'NONE',  ( 25.11157852564101844, -11.04558835635175740, 3.499999999999996003 ) ) ;
#7301 = ORIENTED_EDGE ( 'NONE', *, *, #7559, .F. ) ;
#7302 = FACE_OUTER_BOUND ( 'NONE', #1339, .T. ) ;
#7303 = ORIENTED_EDGE ( 'NONE', *, *, #10842, .T. ) ;
#7304 = EDGE_CURVE ( 'NONE', #6579, #10414, #5655, .T. ) ;
#7305 = VERTEX_POINT ( 'NONE', #7164 ) ;
#7306 = AXIS2_PLACEMENT_3D ( 'NONE', #8833, #4107, #1391 ) ;
#7307 = CARTESIAN_POINT ( 'NONE',  ( 26.72115384615383959, -9.220668484556886924, 3.499999999999996003 ) ) ;
#7308 = CYLINDRICAL_SURFACE ( 'NONE', #6297, 2.250000000000001776 ) ;
#7309 = CARTESIAN_POINT ( 'NONE',  ( 26.27574534825463815, -11.68916459254359985, 4.000000000000003553 ) ) ;
#7310 = EDGE_LOOP ( 'NONE', ( #3029, #4573 ) ) ;
#7311 = CARTESIAN_POINT ( 'NONE',  ( 24.56675309387556538, -7.749761844532113031, 3.499999999999999556 ) ) ;
#7312 = CARTESIAN_POINT ( 'NONE',  ( 28.61486796622784823, 6.819586200076075855, 3.599999999999999201 ) ) ;
#7313 = VERTEX_POINT ( 'NONE', #1079 ) ;
#7314 = CARTESIAN_POINT ( 'NONE',  ( -16.99999999999999645, -18.00000000000001421, 1.000000000000000888 ) ) ;
#7315 = AXIS2_PLACEMENT_3D ( 'NONE', #2880, #6551, #8234 ) ;
#7316 = ORIENTED_EDGE ( 'NONE', *, *, #3796, .T. ) ;
#7317 = CARTESIAN_POINT ( 'NONE',  ( 24.27044742651547438, -13.36321723404878803, 3.500000000000003109 ) ) ;
#7318 = ORIENTED_EDGE ( 'NONE', *, *, #3438, .F. ) ;
#7319 = DIRECTION ( 'NONE',  ( 0.3391272569159872741, -0.9407405081193420671, 0.000000000000000000 ) ) ;
#7320 = VECTOR ( 'NONE', #10560, 1000.000000000000000 ) ;
#7321 = DIRECTION ( 'NONE',  ( 0.000000000000000000, 0.000000000000000000, 1.000000000000000000 ) ) ;
#7322 = ORIENTED_EDGE ( 'NONE', *, *, #85, .F. ) ;
#7323 = ORIENTED_EDGE ( 'NONE', *, *, #10161, .T. ) ;
#7324 = DIRECTION ( 'NONE',  ( 0.000000000000000000, -0.000000000000000000, 1.000000000000000000 ) ) ;
#7325 = VECTOR ( 'NONE', #8982, 1000.000000000000000 ) ;
#7326 = VERTEX_POINT ( 'NONE', #2936 ) ;
#7327 = CARTESIAN_POINT ( 'NONE',  ( 25.49058668349189816, -11.69790894951090898, 3.499999999999996003 ) ) ;
#7328 = DIRECTION ( 'NONE',  ( -0.000000000000000000, -0.000000000000000000, -1.000000000000000000 ) ) ;
#7329 = CARTESIAN_POINT ( 'NONE',  ( 23.74405816980866391, 8.392144350952246867, 3.599999999999999201 ) ) ;
#7330 = DIRECTION ( 'NONE',  ( -1.000000000000000000, -0.000000000000000000, -0.000000000000000000 ) ) ;
#7331 = CARTESIAN_POINT ( 'NONE',  ( -24.89999999999999147, -10.45000000000001172, 1.000000000000000888 ) ) ;
#7332 = CARTESIAN_POINT ( 'NONE',  ( 14.99999999999999645, 12.09999999999999964, 10.09999999999999964 ) ) ;
#7333 = ADVANCED_FACE ( 'NONE', ( #6602 ), #10257, .F. ) ;
#7334 = CARTESIAN_POINT ( 'NONE',  ( 28.62756033717593596, -13.41374757457803391, 3.499999999999999556 ) ) ;
#7335 = ORIENTED_EDGE ( 'NONE', *, *, #6874, .F. ) ;
#7336 = ADVANCED_FACE ( 'NONE', ( #10315 ), #2463, .T. ) ;
#7337 = EDGE_LOOP ( 'NONE', ( #10769, #1826, #1291, #550, #6742, #7033, #491, #10764 ) ) ;
#7338 = LINE ( 'NONE', #1731, #5303 ) ;
#7339 = CARTESIAN_POINT ( 'NONE',  ( 24.55488944552223529, -9.987735321559869206, 3.499999999999999556 ) ) ;
#7340 = ORIENTED_EDGE ( 'NONE', *, *, #8700, .F. ) ;
#7341 = FACE_OUTER_BOUND ( 'NONE', #7012, .T. ) ;
#7342 = LINE ( 'NONE', #11773, #380 ) ;
#7343 = ORIENTED_EDGE ( 'NONE', *, *, #10300, .T. ) ;
#7344 = CARTESIAN_POINT ( 'NONE',  ( -59.10000000000000142, 9.549999999999984723, 3.100000000000001865 ) ) ;
#7345 = CLOSED_SHELL ( 'NONE', ( #11244, #6629, #5987, #5226, #5900, #11861, #5405, #4688, #2587, #2734, #7680, #3889, #10451, #5975, #7936, #5015, #4495, #1280, #8540, #600, #11207, #11056, #6285, #4686, #7882, #8774, #8604, #749, #3122, #2614, #1726, #8150, #4474, #1507, #8168, #4459, #10950, #6163, #7573, #8015, #4572, #4311, #10599, #129, #7660, #6943, #8532, #10677, #2321, #11808, #2946, #8188, #11448, #969, #5538, #867, #5719, #10217, #11512, #1330, #1692, #3701, #1064, #7069, #8825, #5920, #11638, #7829, #4822, #11097 ) ) ;
#7346 = LINE ( 'NONE', #11209, #9914 ) ;
#7347 = ADVANCED_FACE ( 'NONE', ( #1374 ), #4034, .F. ) ;
#7348 = EDGE_CURVE ( 'NONE', #1334, #5443, #6719, .T. ) ;
#7349 = EDGE_CURVE ( 'NONE', #9767, #7146, #2155, .T. ) ;
#7350 = CARTESIAN_POINT ( 'NONE',  ( 46.09999999999999432, 10.54999999999999005, -1.734723475976807094E-15 ) ) ;
#7351 = VERTEX_POINT ( 'NONE', #10611 ) ;
#7352 = CARTESIAN_POINT ( 'NONE',  ( -79.19999999999998863, -18.00000000000001421, 1.734723475976807094E-15 ) ) ;
#7353 = LINE ( 'NONE', #1009, #1532 ) ;
#7354 = FACE_OUTER_BOUND ( 'NONE', #953, .T. ) ;
#7355 = EDGE_LOOP ( 'NONE', ( #8880, #4729, #2028, #5825 ) ) ;
#7356 = VECTOR ( 'NONE', #1452, 1000.000000000000000 ) ;
#7357 = ORIENTED_EDGE ( 'NONE', *, *, #5890, .F. ) ;
#7358 = CARTESIAN_POINT ( 'NONE',  ( 41.19999999999999574, 37.55000000000001137, 2.000000000000001776 ) ) ;
#7359 = EDGE_CURVE ( 'NONE', #910, #7096, #5096, .T. ) ;
#7360 = CARTESIAN_POINT ( 'NONE',  ( -18.99999999999999645, 1.549999999999988942, 1.734723475976807094E-15 ) ) ;
#7361 = DIRECTION ( 'NONE',  ( 0.000000000000000000, 0.000000000000000000, 1.000000000000000000 ) ) ;
#7362 = FACE_BOUND ( 'NONE', #9164, .T. ) ;
#7363 = VECTOR ( 'NONE', #3886, 1000.000000000000114 ) ;
#7364 = DIRECTION ( 'NONE',  ( -0.000000000000000000, -0.000000000000000000, 1.000000000000000000 ) ) ;
#7365 = ADVANCED_FACE ( 'NONE', ( #472, #2207 ), #3051, .T. ) ;
#7366 = ORIENTED_EDGE ( 'NONE', *, *, #1505, .F. ) ;
#7367 = AXIS2_PLACEMENT_3D ( 'NONE', #6191, #5111, #1576 ) ;
#7368 = CARTESIAN_POINT ( 'NONE',  ( 24.52365470821892046, -6.554231728094966236, 4.000000000000000000 ) ) ;
#7369 = CARTESIAN_POINT ( 'NONE',  ( 24.83019530096086669, 9.399932332239803401, 5.999999999999998224 ) ) ;
#7370 = ORIENTED_EDGE ( 'NONE', *, *, #11722, .T. ) ;
#7371 = CARTESIAN_POINT ( 'NONE',  ( 24.26923076923075939, -13.39234316404406577, 4.000000000000018652 ) ) ;
#7372 = CARTESIAN_POINT ( 'NONE',  ( -14.99999999999999645, -18.00000000000000000, 0.000000000000000000 ) ) ;
#7373 = CIRCLE ( 'NONE', #9303, 1.049999999999998934 ) ;
#7374 = CARTESIAN_POINT ( 'NONE',  ( 47.19999999999998863, 10.54999999999999005, 1.999999999999999112 ) ) ;
#7375 = DIRECTION ( 'NONE',  ( -1.000000000000000000, 0.000000000000000000, 0.000000000000000000 ) ) ;
#7376 = ORIENTED_EDGE ( 'NONE', *, *, #2845, .F. ) ;
#7377 = CARTESIAN_POINT ( 'NONE',  ( 24.27006230936067155, -13.42047066885280060, 3.500000000000006661 ) ) ;
#7378 = FACE_OUTER_BOUND ( 'NONE', #6973, .T. ) ;
#7379 = EDGE_LOOP ( 'NONE', ( #2084, #3232, #514, #4640 ) ) ;
#7380 = VECTOR ( 'NONE', #3952, 1000.000000000000000 ) ;
#7381 = ORIENTED_EDGE ( 'NONE', *, *, #779, .T. ) ;
#7382 = ORIENTED_EDGE ( 'NONE', *, *, #273, .F. ) ;
#7383 = CARTESIAN_POINT ( 'NONE',  ( 23.37179487179486514, -9.373913676864576772, 3.999999999999996447 ) ) ;
#7384 = PRESENTATION_STYLE_ASSIGNMENT (( #8308 ) ) ;
#7385 = ORIENTED_EDGE ( 'NONE', *, *, #10944, .T. ) ;
#7386 = CARTESIAN_POINT ( 'NONE',  ( 10.19999999999999929, -5.999999999999992006, 3.449999999999999734 ) ) ;
#7387 = DIRECTION ( 'NONE',  ( -1.000000000000000000, 0.000000000000000000, 0.000000000000000000 ) ) ;
#7388 = VECTOR ( 'NONE', #10333, 1000.000000000000000 ) ;
#7389 = DIRECTION ( 'NONE',  ( -1.000000000000000000, 0.000000000000000000, 0.000000000000000000 ) ) ;
#7390 = ORIENTED_EDGE ( 'NONE', *, *, #4213, .T. ) ;
#7391 = CARTESIAN_POINT ( 'NONE',  ( 31.69999999999999218, -15.00000000000000000, 2.000000000000001776 ) ) ;
#7392 = ADVANCED_FACE ( 'NONE', ( #5935 ), #356, .F. ) ;
#7393 = CARTESIAN_POINT ( 'NONE',  ( 14.99999999999999112, 7.050000000000000711, 8.200000000000002842 ) ) ;
#7394 = CARTESIAN_POINT ( 'NONE',  ( -66.01999999999999602, 11.99999999999998757, 3.100000000000001865 ) ) ;
#7395 = VERTEX_POINT ( 'NONE', #3228 ) ;
#7396 = DIRECTION ( 'NONE',  ( -1.000000000000000000, 0.000000000000000000, 0.000000000000000000 ) ) ;
#7397 = SURFACE_STYLE_FILL_AREA ( #8208 ) ;
#7398 = CARTESIAN_POINT ( 'NONE',  ( 23.40748915805416885, -13.77870821130162682, 4.000000000000000000 ) ) ;
#7399 = CARTESIAN_POINT ( 'NONE',  ( 24.49593174356454028, -9.939044936421510101, 3.999999999999996447 ) ) ;
#7400 = ORIENTED_EDGE ( 'NONE', *, *, #9174, .F. ) ;
#7401 = LINE ( 'NONE', #9041, #4886 ) ;
#7402 = CARTESIAN_POINT ( 'NONE',  ( -83.09999999999999432, 9.549999999999984723, -3.111269837220808299 ) ) ;
#7403 = PLANE ( 'NONE',  #390 ) ;
#7404 = ORIENTED_EDGE ( 'NONE', *, *, #1581, .T. ) ;
#7405 = DIRECTION ( 'NONE',  ( -0.000000000000000000, -1.000000000000000000, -0.000000000000000000 ) ) ;
#7406 = CIRCLE ( 'NONE', #1858, 1.099999999999996758 ) ;
#7407 = DIRECTION ( 'NONE',  ( 0.000000000000000000, -0.000000000000000000, -1.000000000000000000 ) ) ;
#7408 = EDGE_CURVE ( 'NONE', #1624, #10827, #6885, .T. ) ;
#7409 = CARTESIAN_POINT ( 'NONE',  ( 28.53711176919502535, -12.80845114871524082, 3.500000000000006661 ) ) ;
#7410 = ORIENTED_EDGE ( 'NONE', *, *, #7567, .F. ) ;
#7411 = ORIENTED_EDGE ( 'NONE', *, *, #11114, .T. ) ;
#7412 = CARTESIAN_POINT ( 'NONE',  ( 48.29999999999999005, 22.54999999999998650, -1.734723475976807094E-15 ) ) ;
#7413 = DIRECTION ( 'NONE',  ( -0.000000000000000000, -0.000000000000000000, 1.000000000000000000 ) ) ;
#7414 = CARTESIAN_POINT ( 'NONE',  ( 27.81048827292575965, 8.950725444034009826, 6.747558652054622463 ) ) ;
#7415 = VERTEX_POINT ( 'NONE', #10425 ) ;
#7416 = DIRECTION ( 'NONE',  ( -0.000000000000000000, -0.000000000000000000, 1.000000000000000000 ) ) ;
#7417 = ORIENTED_EDGE ( 'NONE', *, *, #5238, .F. ) ;
#7418 = CARTESIAN_POINT ( 'NONE',  ( -20.09999999999999787, 25.54999999999999361, 1.734723475976807094E-15 ) ) ;
#7419 = DIRECTION ( 'NONE',  ( 1.000000000000000000, 8.182657905550977046E-17, 0.000000000000000000 ) ) ;
#7420 = ADVANCED_FACE ( 'NONE', ( #9515, #413 ), #4094, .F. ) ;
#7421 = FACE_OUTER_BOUND ( 'NONE', #6729, .T. ) ;
#7422 = DIRECTION ( 'NONE',  ( 0.000000000000000000, -0.000000000000000000, 1.000000000000000000 ) ) ;
#7423 = VECTOR ( 'NONE', #10863, 1000.000000000000000 ) ;
#7424 = AXIS2_PLACEMENT_3D ( 'NONE', #4457, #8118, #9837 ) ;
#7425 = FACE_OUTER_BOUND ( 'NONE', #4714, .T. ) ;
#7426 = ORIENTED_EDGE ( 'NONE', *, *, #5091, .F. ) ;
#7427 = CARTESIAN_POINT ( 'NONE',  ( -28.79999999999999361, -1.007296098383866039E-14, 0.000000000000000000 ) ) ;
#7428 = VERTEX_POINT ( 'NONE', #3296 ) ;
#7429 = ORIENTED_EDGE ( 'NONE', *, *, #9884, .T. ) ;
#7430 = CARTESIAN_POINT ( 'NONE',  ( 25.86477675539672205, -12.58496371680196013, 3.500000000000003109 ) ) ;
#7431 = AXIS2_PLACEMENT_3D ( 'NONE', #10130, #8288, #2870 ) ;
#7432 = AXIS2_PLACEMENT_3D ( 'NONE', #589, #5215, #4320 ) ;
#7433 = FACE_OUTER_BOUND ( 'NONE', #4501, .T. ) ;
#7434 = DIRECTION ( 'NONE',  ( 1.000000000000000000, 0.000000000000000000, 0.000000000000000000 ) ) ;
#7435 = EDGE_CURVE ( 'NONE', #3803, #9700, #8270, .T. ) ;
#7436 = CARTESIAN_POINT ( 'NONE',  ( 27.81048827292575965, 8.950725444034009826, 5.999999999999998224 ) ) ;
#7437 = DIRECTION ( 'NONE',  ( -1.000000000000000000, 0.000000000000000000, 0.000000000000000000 ) ) ;
#7438 = CARTESIAN_POINT ( 'NONE',  ( 25.64974244713856422, -9.948652762880572098, 4.000000000000003553 ) ) ;
#7439 = ORIENTED_EDGE ( 'NONE', *, *, #7859, .T. ) ;
#7440 = B_SPLINE_SURFACE_WITH_KNOTS ( 'NONE', 3, 1, ( 
 ( #3700, #10223 ),
 ( #7334, #8375 ),
 ( #9084, #6573 ),
 ( #8315, #10901 ),
 ( #1996, #874 ),
 ( #11012, #5566 ),
 ( #6334, #4664 ),
 ( #9321, #2777 ),
 ( #4784, #4543 ),
 ( #9207, #82 ),
 ( #8205, #3640 ),
 ( #6446, #989 ),
 ( #6022, #5255 ),
 ( #693, #3514 ),
 ( #4359, #11553 ),
 ( #2598, #6260 ),
 ( #9916, #7828 ),
 ( #4184, #9666 ),
 ( #1459, #562 ),
 ( #9736, #3241 ),
 ( #543, #9295 ),
 ( #120, #2935 ),
 ( #7489, #5597 ),
 ( #10373, #4696 ),
 ( #6601, #10256 ),
 ( #2029, #10191 ),
 ( #296, #1969 ) ),
 .UNSPECIFIED., .F., .F., .F.,
 ( 4, 1, 1, 1, 1, 1, 1, 1, 1, 1, 1, 1, 1, 1, 1, 1, 1, 1, 1, 1, 1, 1, 1, 1, 4 ),
 ( 2, 2 ),
 ( 0.000000000000000000, 0.03662864639230616060, 0.07202170524524843798, 0.1066077978238736540, 0.1402817809553495720, 0.1735898796805009914, 0.2063904904366576643, 0.2392744174985869110, 0.2720846989590902099, 0.3050360901861425278, 0.3385128265642535772, 0.3725941710793056472, 0.4076935718855413948, 0.4438580630750675327, 0.4814442591193112131, 0.5202391350467975295, 0.5610320860075223015, 0.6041364360509975384, 0.6501785507834917377, 0.6996677785668725669, 0.7524047451481803428, 0.8088213064168180422, 0.8689765472924569911, 0.9326861945134100607, 1.000000000000000000 ),
 ( 0.000000000000000000, 1.000000000000000000 ),
 .UNSPECIFIED. ) ;
#7441 = VECTOR ( 'NONE', #9301, 1000.000000000000000 ) ;
#7442 = DIRECTION ( 'NONE',  ( 0.7137151099406173760, 0.7004361083228451967, 0.000000000000000000 ) ) ;
#7443 = CIRCLE ( 'NONE', #6504, 2.624999999999998668 ) ;
#7444 = CARTESIAN_POINT ( 'NONE',  ( 23.47231032618280722, -6.380059544405773053, 3.999999999999996447 ) ) ;
#7445 = ORIENTED_EDGE ( 'NONE', *, *, #7967, .F. ) ;
#7446 = EDGE_CURVE ( 'NONE', #7216, #5829, #6854, .T. ) ;
#7447 = EDGE_LOOP ( 'NONE', ( #5013, #3557, #5465, #887, #10527 ) ) ;
#7448 = ORIENTED_EDGE ( 'NONE', *, *, #8142, .T. ) ;
#7449 = CARTESIAN_POINT ( 'NONE',  ( 25.76018708948390312, -15.08264456202988768, 3.999999999999970690 ) ) ;
#7450 = VECTOR ( 'NONE', #5209, 1000.000000000000000 ) ;
#7451 = CARTESIAN_POINT ( 'NONE',  ( -9.039999999999999147, 9.039999999999999147, 0.000000000000000000 ) ) ;
#7452 = EDGE_CURVE ( 'NONE', #2764, #2264, #9886, .T. ) ;
#7453 = EDGE_LOOP ( 'NONE', ( #387, #5927, #605, #8061 ) ) ;
#7454 = CARTESIAN_POINT ( 'NONE',  ( 3.079999999999985416, 24.49999999999999645, 0.000000000000000000 ) ) ;
#7455 = CARTESIAN_POINT ( 'NONE',  ( 47.19999999999998863, -1.450000000000013722, -1.734723475976807094E-15 ) ) ;
#7456 = VERTEX_POINT ( 'NONE', #2510 ) ;
#7457 = FILL_AREA_STYLE_COLOUR ( '', #282 ) ;
#7458 = AXIS2_PLACEMENT_3D ( 'NONE', #4744, #8398, #6400 ) ;
#7459 = CYLINDRICAL_SURFACE ( 'NONE', #2682, 2.624999999999998668 ) ;
#7460 = CARTESIAN_POINT ( 'NONE',  ( -51.09999999999999432, -10.45000000000001172, -6.211269837220810608 ) ) ;
#7461 = DIRECTION ( 'NONE',  ( -0.000000000000000000, -0.000000000000000000, -1.000000000000000000 ) ) ;
#7462 = CARTESIAN_POINT ( 'NONE',  ( 24.19360731046278090, -6.082522246282337619, 3.500000000000003109 ) ) ;
#7463 = CARTESIAN_POINT ( 'NONE',  ( 14.99999999999999822, -17.99999999999999289, 5.000000000000000000 ) ) ;
#7464 = ORIENTED_EDGE ( 'NONE', *, *, #6205, .F. ) ;
#7465 = CARTESIAN_POINT ( 'NONE',  ( 24.83160490822249500, -10.11939644058850440, 4.000000000000007105 ) ) ;
#7466 = ORIENTED_EDGE ( 'NONE', *, *, #6498, .F. ) ;
#7467 = AXIS2_PLACEMENT_3D ( 'NONE', #3827, #6732, #4779 ) ;
#7468 = CARTESIAN_POINT ( 'NONE',  ( 24.89211022100271009, 9.429748986257454391, 5.999999999999998224 ) ) ;
#7469 = CARTESIAN_POINT ( 'NONE',  ( 25.17072760567531731, -11.04420174635357021, 3.499999999999996003 ) ) ;
#7470 = DIRECTION ( 'NONE',  ( -1.000000000000000000, 0.000000000000000000, 0.000000000000000000 ) ) ;
#7471 = EDGE_LOOP ( 'NONE', ( #3539, #1753 ) ) ;
#7472 = CARTESIAN_POINT ( 'NONE',  ( 25.74733210185941701, -9.843934071523754881, 3.500000000000006661 ) ) ;
#7473 = DIRECTION ( 'NONE',  ( 1.000000000000000000, 0.000000000000000000, 0.000000000000000000 ) ) ;
#7474 = DIRECTION ( 'NONE',  ( 0.000000000000000000, -0.000000000000000000, 1.000000000000000000 ) ) ;
#7475 = VECTOR ( 'NONE', #4422, 1000.000000000000000 ) ;
#7476 = ORIENTED_EDGE ( 'NONE', *, *, #2389, .F. ) ;
#7477 = DIRECTION ( 'NONE',  ( 7.228014483236699822E-18, 1.000000000000000000, -0.000000000000000000 ) ) ;
#7478 = CYLINDRICAL_SURFACE ( 'NONE', #7091, 0.9750000000000001998 ) ;
#7479 = DIRECTION ( 'NONE',  ( -0.000000000000000000, 0.000000000000000000, 1.000000000000000000 ) ) ;
#7480 = VERTEX_POINT ( 'NONE', #6346 ) ;
#7481 = FACE_OUTER_BOUND ( 'NONE', #10653, .T. ) ;
#7482 = EDGE_CURVE ( 'NONE', #1763, #6802, #718, .T. ) ;
#7483 = ORIENTED_EDGE ( 'NONE', *, *, #4158, .T. ) ;
#7484 = CARTESIAN_POINT ( 'NONE',  ( 26.75763990207072851, -9.379211442971557844, 3.999999999999996447 ) ) ;
#7485 = DIRECTION ( 'NONE',  ( -0.5240581598612300551, -0.8516824790277545132, 0.000000000000000000 ) ) ;
#7486 = AXIS2_PLACEMENT_3D ( 'NONE', #5827, #1312, #2262 ) ;
#7487 = LINE ( 'NONE', #960, #10566 ) ;
#7488 = ORIENTED_EDGE ( 'NONE', *, *, #793, .T. ) ;
#7489 = CARTESIAN_POINT ( 'NONE',  ( 26.67281426648461817, -15.05696779646828887, 3.499999999999992895 ) ) ;
#7490 = LINE ( 'NONE', #6655, #9968 ) ;
#7491 = ORIENTED_EDGE ( 'NONE', *, *, #2081, .T. ) ;
#7492 = ORIENTED_EDGE ( 'NONE', *, *, #11738, .F. ) ;
#7493 = EDGE_CURVE ( 'NONE', #2575, #6690, #4325, .T. ) ;
#7494 = CARTESIAN_POINT ( 'NONE',  ( 24.85254176768878054, -12.70818042015855909, 3.500000000000003109 ) ) ;
#7495 = CIRCLE ( 'NONE', #990, 1.100000000000003642 ) ;
#7496 = CARTESIAN_POINT ( 'NONE',  ( -54.99999999999999289, 11.99999999999998579, 1.734723475976807094E-15 ) ) ;
#7497 = EDGE_CURVE ( 'NONE', #6193, #7075, #2568, .T. ) ;
#7498 = CARTESIAN_POINT ( 'NONE',  ( -64.24999999999998579, 11.99999999999998579, 1.050000000000009148 ) ) ;
#7499 = DIRECTION ( 'NONE',  ( 0.000000000000000000, 1.000000000000000000, 0.000000000000000000 ) ) ;
#7500 = DIRECTION ( 'NONE',  ( 0.000000000000000000, 1.000000000000000000, 0.000000000000000000 ) ) ;
#7501 = CARTESIAN_POINT ( 'NONE',  ( 25.32256490027684492, -10.12179984433066160, 3.499999999999999556 ) ) ;
#7502 = ORIENTED_EDGE ( 'NONE', *, *, #7977, .T. ) ;
#7503 = CIRCLE ( 'NONE', #6741, 1.250000000000001110 ) ;
#7504 = CARTESIAN_POINT ( 'NONE',  ( 20.99999999999998934, -18.00000000000000000, 4.000000000000000000 ) ) ;
#7505 = DIRECTION ( 'NONE',  ( -0.9202767051723113045, -0.3912681764687679919, 0.000000000000000000 ) ) ;
#7506 = EDGE_CURVE ( 'NONE', #11884, #10443, #9791, .T. ) ;
#7507 = EDGE_CURVE ( 'NONE', #532, #11148, #3079, .T. ) ;
#7508 = EDGE_CURVE ( 'NONE', #9537, #7806, #11008, .T. ) ;
#7509 = FACE_BOUND ( 'NONE', #5905, .T. ) ;
#7510 = ORIENTED_EDGE ( 'NONE', *, *, #672, .F. ) ;
#7511 = AXIS2_PLACEMENT_3D ( 'NONE', #11723, #2731, #5512 ) ;
#7512 = CARTESIAN_POINT ( 'NONE',  ( 27.72889365248611426, -13.35308062070989443, 4.000000000000007105 ) ) ;
#7513 = ORIENTED_EDGE ( 'NONE', *, *, #3344, .F. ) ;
#7514 = CARTESIAN_POINT ( 'NONE',  ( 23.67711186883813923, -6.133273112503653479, 3.999999999999993339 ) ) ;
#7515 = DIRECTION ( 'NONE',  ( 2.891205793294678326E-16, -1.000000000000000000, 0.000000000000000000 ) ) ;
#7516 = EDGE_CURVE ( 'NONE', #2087, #5049, #5219, .T. ) ;
#7517 = FACE_OUTER_BOUND ( 'NONE', #8304, .T. ) ;
#7518 = ORIENTED_EDGE ( 'NONE', *, *, #827, .T. ) ;
#7519 = LINE ( 'NONE', #1279, #7189 ) ;
#7520 = EDGE_CURVE ( 'NONE', #9437, #4358, #4733, .T. ) ;
#7521 = DIRECTION ( 'NONE',  ( 0.000000000000000000, -1.000000000000000000, 0.000000000000000000 ) ) ;
#7522 = ORIENTED_EDGE ( 'NONE', *, *, #3623, .T. ) ;
#7523 = EDGE_CURVE ( 'NONE', #8757, #3245, #8048, .T. ) ;
#7524 = EDGE_CURVE ( 'NONE', #1115, #11108, #11726, .T. ) ;
#7525 = DIRECTION ( 'NONE',  ( 0.9793242484501297751, -0.2022968521692527222, 0.000000000000000000 ) ) ;
#7526 = LINE ( 'NONE', #7463, #4415 ) ;
#7527 = ORIENTED_EDGE ( 'NONE', *, *, #9624, .T. ) ;
#7528 = CARTESIAN_POINT ( 'NONE',  ( 24.30003423467325874, -9.638507414967987685, 3.999999999999996447 ) ) ;
#7529 = ORIENTED_EDGE ( 'NONE', *, *, #6578, .F. ) ;
#7530 = CARTESIAN_POINT ( 'NONE',  ( -27.09999999999999076, 9.549999999999988276, 0.000000000000000000 ) ) ;
#7531 = CARTESIAN_POINT ( 'NONE',  ( 28.19358780240910178, 6.549327898598319209, 3.599999999999999201 ) ) ;
#7532 = EDGE_CURVE ( 'NONE', #5049, #834, #9047, .T. ) ;
#7533 = CARTESIAN_POINT ( 'NONE',  ( 47.19999999999998863, -13.45000000000001350, -1.734723475976807094E-15 ) ) ;
#7534 = DIRECTION ( 'NONE',  ( 0.000000000000000000, 1.000000000000000000, 0.000000000000000000 ) ) ;
#7535 = CARTESIAN_POINT ( 'NONE',  ( -24.89999999999999147, 9.549999999999988276, -6.211269837220810608 ) ) ;
#7536 = DIRECTION ( 'NONE',  ( 1.000000000000000000, 0.000000000000000000, 0.000000000000000000 ) ) ;
#7537 = EDGE_CURVE ( 'NONE', #8287, #7280, #7247, .T. ) ;
#7538 = DIRECTION ( 'NONE',  ( -1.000000000000000000, 0.000000000000000000, 0.000000000000000000 ) ) ;
#7539 = ORIENTED_EDGE ( 'NONE', *, *, #5022, .F. ) ;
#7540 = ORIENTED_EDGE ( 'NONE', *, *, #4307, .T. ) ;
#7541 = CARTESIAN_POINT ( 'NONE',  ( 25.05175432837209470, -11.04390395025650662, 3.499999999999996003 ) ) ;
#7542 = LINE ( 'NONE', #8400, #11487 ) ;
#7543 = EDGE_LOOP ( 'NONE', ( #10808, #5098, #1609, #5110 ) ) ;
#7544 = CARTESIAN_POINT ( 'NONE',  ( 25.08052884615383959, -10.14815245891586137, 4.000000000000003553 ) ) ;
#7545 = CARTESIAN_POINT ( 'NONE',  ( 26.76741761766096062, -9.455802592189012756, 3.499999999999992895 ) ) ;
#7546 = CARTESIAN_POINT ( 'NONE',  ( 23.72966483659832448, -8.298831649183386006, 3.499999999999996003 ) ) ;
#7547 = CARTESIAN_POINT ( 'NONE',  ( -16.99999999999999289, 4.728362646751220311, 10.09999999999999964 ) ) ;
#7548 = CARTESIAN_POINT ( 'NONE',  ( -49.99999999999998579, -10.45000000000001172, 2.000000000000000000 ) ) ;
#7549 = DIRECTION ( 'NONE',  ( 1.227398685832646557E-16, -1.000000000000000000, 0.000000000000000000 ) ) ;
#7550 = ORIENTED_EDGE ( 'NONE', *, *, #9906, .F. ) ;
#7551 = FACE_OUTER_BOUND ( 'NONE', #6821, .T. ) ;
#7552 = DIRECTION ( 'NONE',  ( -0.9127669952117231089, -0.4084806145365558194, 0.000000000000000000 ) ) ;
#7553 = ORIENTED_EDGE ( 'NONE', *, *, #6773, .T. ) ;
#7554 = ORIENTED_EDGE ( 'NONE', *, *, #9191, .T. ) ;
#7555 = DIRECTION ( 'NONE',  ( -1.000000000000000000, 0.000000000000000000, 0.000000000000000000 ) ) ;
#7556 = AXIS2_PLACEMENT_3D ( 'NONE', #8132, #2706, #6372 ) ;
#7557 = PLANE ( 'NONE',  #6555 ) ;
#7558 = CARTESIAN_POINT ( 'NONE',  ( 25.99999999999999289, 7.050000000000004263, 3.599999999999999201 ) ) ;
#7559 = EDGE_CURVE ( 'NONE', #9226, #10977, #4800, .T. ) ;
#7560 = VECTOR ( 'NONE', #6838, 1000.000000000000000 ) ;
#7561 = CARTESIAN_POINT ( 'NONE',  ( 25.81807385871436722, -9.727371703594043240, 3.500000000000006661 ) ) ;
#7562 = EDGE_LOOP ( 'NONE', ( #5183, #10171, #9435, #5952 ) ) ;
#7563 = DIRECTION ( 'NONE',  ( -1.000000000000000000, 0.000000000000000000, 0.000000000000000000 ) ) ;
#7564 = CARTESIAN_POINT ( 'NONE',  ( 39.19999999999998863, -18.00000000000000000, 4.000000000000000000 ) ) ;
#7565 = ADVANCED_FACE ( 'NONE', ( #10115 ), #5697, .T. ) ;
#7566 = ORIENTED_EDGE ( 'NONE', *, *, #11482, .T. ) ;
#7567 = EDGE_CURVE ( 'NONE', #10166, #9845, #7298, .T. ) ;
#7568 = CIRCLE ( 'NONE', #5471, 0.9750000000000001998 ) ;
#7569 = AXIS2_PLACEMENT_3D ( 'NONE', #9031, #10948, #816 ) ;
#7570 = CARTESIAN_POINT ( 'NONE',  ( 27.53330197020594738, -12.92003205778085118, 4.000000000000003553 ) ) ;
#7571 = ORIENTED_EDGE ( 'NONE', *, *, #3958, .F. ) ;
#7572 = DIRECTION ( 'NONE',  ( -0.000000000000000000, -0.000000000000000000, -1.000000000000000000 ) ) ;
#7573 = ADVANCED_FACE ( 'NONE', ( #11210 ), #6527, .F. ) ;
#7574 = EDGE_CURVE ( 'NONE', #10443, #996, #3653, .T. ) ;
#7575 = CYLINDRICAL_SURFACE ( 'NONE', #9018, 2.250000000000001776 ) ;
#7576 = EDGE_LOOP ( 'NONE', ( #10431, #4816, #10087, #9124 ) ) ;
#7577 = CARTESIAN_POINT ( 'NONE',  ( 24.06748207284923424, -12.07504785050105056, 3.999999999999993339 ) ) ;
#7578 = CIRCLE ( 'NONE', #5859, 2.999999999999999112 ) ;
#7579 = CARTESIAN_POINT ( 'NONE',  ( -27.09999999999999076, 9.549999999999988276, -6.211269837220810608 ) ) ;
#7580 = AXIS2_PLACEMENT_3D ( 'NONE', #3276, #11632, #7120 ) ;
#7581 = LINE ( 'NONE', #1224, #9574 ) ;
#7582 = DIRECTION ( 'NONE',  ( 1.000000000000000000, 8.182657905550977046E-17, 0.000000000000000000 ) ) ;
#7583 = ORIENTED_EDGE ( 'NONE', *, *, #1677, .F. ) ;
#7584 = CARTESIAN_POINT ( 'NONE',  ( 12.00000000000000000, 9.549999999999998934, 10.09999999999999964 ) ) ;
#7585 = CARTESIAN_POINT ( 'NONE',  ( 27.91135620130512152, -14.69651263742604286, 3.999999999999993339 ) ) ;
#7586 = EDGE_LOOP ( 'NONE', ( #8416, #6499, #4637, #7226 ) ) ;
#7587 = CIRCLE ( 'NONE', #1465, 2.624999999999998668 ) ;
#7588 = CARTESIAN_POINT ( 'NONE',  ( 28.72717802865891912, 5.800000000000003375, 1.600000000000000755 ) ) ;
#7589 = ORIENTED_EDGE ( 'NONE', *, *, #5783, .F. ) ;
#7590 = CARTESIAN_POINT ( 'NONE',  ( 25.91849677104602634, -10.88026427224234105, 3.500000000000003109 ) ) ;
#7591 = EDGE_CURVE ( 'NONE', #3444, #8066, #5641, .T. ) ;
#7592 = CARTESIAN_POINT ( 'NONE',  ( 24.89211022100271009, 9.429748986257454391, 6.812377427192834567 ) ) ;
#7593 = CARTESIAN_POINT ( 'NONE',  ( 24.26923076923075939, -9.424995407633810274, 3.500000000000006661 ) ) ;
#7594 = CARTESIAN_POINT ( 'NONE',  ( -49.99999999999998579, 9.549999999999988276, 1.000000000000000888 ) ) ;
#7595 = CARTESIAN_POINT ( 'NONE',  ( 25.87143306970186174, -9.485481135557305876, 3.499999999999999556 ) ) ;
#7596 = AXIS2_PLACEMENT_3D ( 'NONE', #8795, #5262, #4367 ) ;
#7597 = EDGE_CURVE ( 'NONE', #6616, #2040, #4446, .T. ) ;
#7598 = ORIENTED_EDGE ( 'NONE', *, *, #305, .T. ) ;
#7599 = CARTESIAN_POINT ( 'NONE',  ( 23.37179487179486514, -9.373913676864576772, 3.499999999999996003 ) ) ;
#7600 = VERTEX_POINT ( 'NONE', #2855 ) ;
#7601 = ORIENTED_EDGE ( 'NONE', *, *, #6373, .T. ) ;
#7602 = CARTESIAN_POINT ( 'NONE',  ( 24.43163439130023562, -11.89414208382434168, 3.499999999999996003 ) ) ;
#7603 = CARTESIAN_POINT ( 'NONE',  ( 33.94999999999999574, -5.999999999999988454, 2.000000000000001776 ) ) ;
#7604 = CARTESIAN_POINT ( 'NONE',  ( 24.15766005932343319, -7.926150676891020375, 3.999999999999996447 ) ) ;
#7605 = EDGE_CURVE ( 'NONE', #7806, #3444, #2144, .T. ) ;
#7606 = AXIS2_PLACEMENT_3D ( 'NONE', #8050, #10805, #787 ) ;
#7607 = DIRECTION ( 'NONE',  ( 1.000000000000000000, 0.000000000000000000, 0.000000000000000000 ) ) ;
#7608 = DIRECTION ( 'NONE',  ( 1.000000000000000000, 0.000000000000000000, 0.000000000000000000 ) ) ;
#7609 = VECTOR ( 'NONE', #9588, 1000.000000000000000 ) ;
#7610 = CARTESIAN_POINT ( 'NONE',  ( 26.43308783651143656, -12.59769813188386145, 3.500000000000003109 ) ) ;
#7611 = LINE ( 'NONE', #4974, #4833 ) ;
#7612 = ORIENTED_EDGE ( 'NONE', *, *, #11464, .T. ) ;
#7613 = DIRECTION ( 'NONE',  ( -1.000000000000000000, 0.000000000000000000, 0.000000000000000000 ) ) ;
#7614 = CARTESIAN_POINT ( 'NONE',  ( 28.62820512820512064, -13.37030790763380850, 3.500000000000003109 ) ) ;
#7615 = EDGE_LOOP ( 'NONE', ( #7260, #10095, #3088, #1816, #4575, #1711, #476, #11091, #8136, #6034, #8292 ) ) ;
#7616 = ORIENTED_EDGE ( 'NONE', *, *, #8492, .F. ) ;
#7617 = CARTESIAN_POINT ( 'NONE',  ( 24.36964554377141567, -6.978146654706662844, 3.500000000000003109 ) ) ;
#7618 = CARTESIAN_POINT ( 'NONE',  ( 24.85254176768878054, -12.70818042015855909, 3.500000000000003109 ) ) ;
#7619 = CARTESIAN_POINT ( 'NONE',  ( -9.199999999999997513, -11.59999999999999964, 2.000000000000000000 ) ) ;
#7620 = AXIS2_PLACEMENT_3D ( 'NONE', #7592, #1357, #2975 ) ;
#7621 = EDGE_CURVE ( 'NONE', #3932, #3164, #2011, .T. ) ;
#7622 = DIRECTION ( 'NONE',  ( 0.000000000000000000, -0.000000000000000000, 1.000000000000000000 ) ) ;
#7623 = PLANE ( 'NONE',  #2815 ) ;
#7624 = CARTESIAN_POINT ( 'NONE',  ( -20.09999999999999787, 37.54999999999998295, 1.734723475976807094E-15 ) ) ;
#7625 = CARTESIAN_POINT ( 'NONE',  ( 25.91719110171516860, -15.08357237481681601, 3.499999999999996003 ) ) ;
#7626 = ORIENTED_EDGE ( 'NONE', *, *, #2468, .F. ) ;
#7627 = PLANE ( 'NONE',  #8536 ) ;
#7628 = DIRECTION ( 'NONE',  ( -1.000000000000000000, 0.000000000000000000, 0.000000000000000000 ) ) ;
#7629 = AXIS2_PLACEMENT_3D ( 'NONE', #348, #4026, #7670 ) ;
#7630 = AXIS2_PLACEMENT_3D ( 'NONE', #4089, #6650, #11389 ) ;
#7631 = ORIENTED_EDGE ( 'NONE', *, *, #2223, .F. ) ;
#7632 = ORIENTED_EDGE ( 'NONE', *, *, #11113, .T. ) ;
#7633 = DIRECTION ( 'NONE',  ( -1.000000000000000000, 0.000000000000000000, 0.000000000000000000 ) ) ;
#7634 = LINE ( 'NONE', #6673, #5681 ) ;
#7635 = AXIS2_PLACEMENT_3D ( 'NONE', #4892, #8721, #1286 ) ;
#7636 =( NAMED_UNIT ( * ) PLANE_ANGLE_UNIT ( ) SI_UNIT ( $, .RADIAN. ) );
#7637 = LINE ( 'NONE', #11311, #3654 ) ;
#7638 = VERTEX_POINT ( 'NONE', #886 ) ;
#7639 = CARTESIAN_POINT ( 'NONE',  ( 23.63197125389671882, -12.47754346127694092, 4.000000000000000000 ) ) ;
#7640 = SURFACE_STYLE_USAGE ( .BOTH. , #378 ) ;
#7641 = CARTESIAN_POINT ( 'NONE',  ( 39.19999999999998863, -18.00000000000000000, 4.000000000000000000 ) ) ;
#7642 = CARTESIAN_POINT ( 'NONE',  ( -80.89999999999999147, 9.549999999999984723, 1.734723475976807094E-15 ) ) ;
#7643 = DIRECTION ( 'NONE',  ( 0.000000000000000000, -1.000000000000000000, 0.000000000000000000 ) ) ;
#7644 = CIRCLE ( 'NONE', #752, 2.999999999999999112 ) ;
#7645 = VECTOR ( 'NONE', #10244, 1000.000000000000000 ) ;
#7646 = ADVANCED_FACE ( 'NONE', ( #11028 ), #10121, .T. ) ;
#7647 = DIRECTION ( 'NONE',  ( 1.000000000000000000, 0.000000000000000000, 0.000000000000000000 ) ) ;
#7648 = CARTESIAN_POINT ( 'NONE',  ( 28.01923758060943115, -14.62549785898581334, 3.999999999999993339 ) ) ;
#7649 = VERTEX_POINT ( 'NONE', #10537 ) ;
#7650 = DIRECTION ( 'NONE',  ( -0.000000000000000000, -0.000000000000000000, -1.000000000000000000 ) ) ;
#7651 = ORIENTED_EDGE ( 'NONE', *, *, #10504, .T. ) ;
#7652 = DIRECTION ( 'NONE',  ( -0.000000000000000000, -0.000000000000000000, -1.000000000000000000 ) ) ;
#7653 = CARTESIAN_POINT ( 'NONE',  ( 24.27058890062521712, -9.389514876525542064, 4.000000000000007105 ) ) ;
#7654 = VECTOR ( 'NONE', #402, 1000.000000000000000 ) ;
#7655 = CARTESIAN_POINT ( 'NONE',  ( 23.98277243589742724, -6.045588356351756509, 3.500000000000003109 ) ) ;
#7656 = EDGE_CURVE ( 'NONE', #1314, #11795, #6753, .T. ) ;
#7657 = CARTESIAN_POINT ( 'NONE',  ( -60.79999999999999005, -18.00000000000000711, 1.734723475976807094E-15 ) ) ;
#7658 = DIRECTION ( 'NONE',  ( 0.000000000000000000, 0.000000000000000000, 1.000000000000000000 ) ) ;
#7659 = EDGE_LOOP ( 'NONE', ( #4989, #6517, #10268, #4841 ) ) ;
#7660 = ADVANCED_FACE ( 'NONE', ( #8570 ), #2196, .T. ) ;
#7661 = EDGE_CURVE ( 'NONE', #3174, #5247, #11332, .T. ) ;
#7662 =( LENGTH_UNIT ( ) NAMED_UNIT ( * ) SI_UNIT ( .MILLI., .METRE. ) );
#7663 = ADVANCED_FACE ( 'NONE', ( #4080 ), #8016, .F. ) ;
#7664 = ORIENTED_EDGE ( 'NONE', *, *, #10353, .T. ) ;
#7665 = CIRCLE ( 'NONE', #1155, 0.9499999999999998446 ) ;
#7666 = DIRECTION ( 'NONE',  ( -0.5240581598612423786, 0.8516824790277469637, 0.000000000000000000 ) ) ;
#7667 = ORIENTED_EDGE ( 'NONE', *, *, #9833, .T. ) ;
#7668 = DIRECTION ( 'NONE',  ( 1.000000000000000000, 0.000000000000000000, 0.000000000000000000 ) ) ;
#7669 = CARTESIAN_POINT ( 'NONE',  ( -18.99999999999999645, -10.45000000000001172, 1.734723475976807094E-15 ) ) ;
#7670 = DIRECTION ( 'NONE',  ( -1.000000000000000000, 0.000000000000000000, 0.000000000000000000 ) ) ;
#7671 = CYLINDRICAL_SURFACE ( 'NONE', #2080, 2.624999999999998668 ) ;
#7672 = CARTESIAN_POINT ( 'NONE',  ( 26.27887547677300972, -12.58892115038910298, 4.000000000000003553 ) ) ;
#7673 = AXIS2_PLACEMENT_3D ( 'NONE', #8253, #21, #2606 ) ;
#7674 = CARTESIAN_POINT ( 'NONE',  ( 25.85314809716659212, -9.309834069769106435, 3.999999999999996447 ) ) ;
#7675 = ORIENTED_EDGE ( 'NONE', *, *, #1649, .T. ) ;
#7676 = DIRECTION ( 'NONE',  ( -0.2236320174572738184, -0.9746736483397864248, 0.000000000000000000 ) ) ;
#7677 = ORIENTED_EDGE ( 'NONE', *, *, #1616, .T. ) ;
#7678 = ORIENTED_EDGE ( 'NONE', *, *, #6823, .T. ) ;
#7679 = CARTESIAN_POINT ( 'NONE',  ( 27.26747013064311531, 8.909037242211006458, 3.599999999999999201 ) ) ;
#7680 = ADVANCED_FACE ( 'NONE', ( #4420 ), #10772, .F. ) ;
#7681 = EDGE_CURVE ( 'NONE', #5461, #4687, #4256, .T. ) ;
#7682 = DIRECTION ( 'NONE',  ( -1.000000000000000000, 0.000000000000000000, 0.000000000000000000 ) ) ;
#7683 = VECTOR ( 'NONE', #6258, 1000.000000000000000 ) ;
#7684 = ORIENTED_EDGE ( 'NONE', *, *, #10432, .T. ) ;
#7685 = DIRECTION ( 'NONE',  ( 0.04677265186364727018, -0.9989055606200427651, 0.000000000000000000 ) ) ;
#7686 = LINE ( 'NONE', #11538, #10875 ) ;
#7687 = ORIENTED_EDGE ( 'NONE', *, *, #2172, .T. ) ;
#7688 = EDGE_LOOP ( 'NONE', ( #1397, #1696, #2453, #947 ) ) ;
#7689 = DIRECTION ( 'NONE',  ( -1.000000000000000000, 0.000000000000000000, 0.000000000000000000 ) ) ;
#7690 = CARTESIAN_POINT ( 'NONE',  ( 23.47257028439396365, -6.801045849457858061, 3.499999999999992895 ) ) ;
#7691 = VECTOR ( 'NONE', #162, 999.9999999999998863 ) ;
#7692 = EDGE_CURVE ( 'NONE', #9797, #1373, #4527, .T. ) ;
#7693 = ORIENTED_EDGE ( 'NONE', *, *, #1940, .F. ) ;
#7694 = ORIENTED_EDGE ( 'NONE', *, *, #6489, .F. ) ;
#7695 = ORIENTED_EDGE ( 'NONE', *, *, #1675, .F. ) ;
#7696 = CARTESIAN_POINT ( 'NONE',  ( 27.04165218381013958, -12.68072839962194998, 4.000000000000000000 ) ) ;
#7697 = AXIS2_PLACEMENT_3D ( 'NONE', #177, #10253, #9237 ) ;
#7698 = ORIENTED_EDGE ( 'NONE', *, *, #2623, .F. ) ;
#7699 = CARTESIAN_POINT ( 'NONE',  ( 23.78120674375077570, -12.30171867269279495, 4.000000000000003553 ) ) ;
#7700 = CARTESIAN_POINT ( 'NONE',  ( 28.03070858826244560, 5.386615609801181925, 6.724059395819995899 ) ) ;
#7701 = CARTESIAN_POINT ( 'NONE',  ( 24.28297347739396983, -10.85799491670000272, 3.499999999999992895 ) ) ;
#7702 = CARTESIAN_POINT ( 'NONE',  ( 14.99999999999999822, -2.999999999999992450, 5.000000000000000000 ) ) ;
#7703 = VERTEX_POINT ( 'NONE', #5430 ) ;
#7704 = CARTESIAN_POINT ( 'NONE',  ( -84.99999999999998579, 11.99999999999998579, 1.000000000000000888 ) ) ;
#7705 = CIRCLE ( 'NONE', #813, 1.100000000000000311 ) ;
#7706 = EDGE_CURVE ( 'NONE', #2800, #5761, #2760, .T. ) ;
#7707 = ORIENTED_EDGE ( 'NONE', *, *, #2314, .T. ) ;
#7708 = DIRECTION ( 'NONE',  ( 0.000000000000000000, 0.000000000000000000, 1.000000000000000000 ) ) ;
#7709 = CARTESIAN_POINT ( 'NONE',  ( 27.53038865998457752, 5.400633288382907793, 6.724059395819995899 ) ) ;
#7710 = ORIENTED_EDGE ( 'NONE', *, *, #10078, .T. ) ;
#7711 = CARTESIAN_POINT ( 'NONE',  ( -18.99999999999999645, 37.54999999999998295, 1.000000000000000888 ) ) ;
#7712 = ORIENTED_EDGE ( 'NONE', *, *, #9060, .F. ) ;
#7713 = CARTESIAN_POINT ( 'NONE',  ( 26.70690707783456119, -9.988250329226271873, 3.500000000000003109 ) ) ;
#7714 = CARTESIAN_POINT ( 'NONE',  ( 25.28670203864601973, -11.04148300063178567, 4.000000000000004441 ) ) ;
#7715 = DIRECTION ( 'NONE',  ( 0.000000000000000000, -1.000000000000000000, -2.891205793294679929E-17 ) ) ;
#7716 = AXIS2_PLACEMENT_3D ( 'NONE', #8762, #9710, #7017 ) ;
#7717 = DIRECTION ( 'NONE',  ( -1.000000000000000000, -9.637352644315597708E-17, 0.000000000000000000 ) ) ;
#7718 = EDGE_CURVE ( 'NONE', #9452, #5168, #10028, .T. ) ;
#7719 = DIRECTION ( 'NONE',  ( 1.000000000000000000, 0.000000000000000000, -0.000000000000000000 ) ) ;
#7720 = EDGE_CURVE ( 'NONE', #4981, #6733, #3008, .T. ) ;
#7721 = DIRECTION ( 'NONE',  ( 0.000000000000000000, 0.000000000000000000, 1.000000000000000000 ) ) ;
#7722 = AXIS2_PLACEMENT_3D ( 'NONE', #515, #5203, #4196 ) ;
#7723 = CARTESIAN_POINT ( 'NONE',  ( 26.22850276640344447, -14.18564944945711304, 3.500000000000003109 ) ) ;
#7724 = CARTESIAN_POINT ( 'NONE',  ( 16.99999999999999645, -17.99999999999999289, 0.000000000000000000 ) ) ;
#7725 = ORIENTED_EDGE ( 'NONE', *, *, #2517, .F. ) ;
#7726 = CARTESIAN_POINT ( 'NONE',  ( 23.37408787362267759, -13.26390821609116344, 3.499999999999996003 ) ) ;
#7727 = LINE ( 'NONE', #5764, #4180 ) ;
#7728 = CARTESIAN_POINT ( 'NONE',  ( 0.000000000000000000, 0.000000000000000000, 3.500000000000000000 ) ) ;
#7729 = EDGE_CURVE ( 'NONE', #9311, #4092, #8361, .T. ) ;
#7730 = EDGE_CURVE ( 'NONE', #8947, #5415, #2423, .T. ) ;
#7731 = CARTESIAN_POINT ( 'NONE',  ( 25.55228365384614264, -8.872110792249191746, 4.000000000000000000 ) ) ;
#7732 = ORIENTED_EDGE ( 'NONE', *, *, #9935, .F. ) ;
#7733 = CARTESIAN_POINT ( 'NONE',  ( 28.24677110549663084, -12.34472479096043251, 4.000000000000003553 ) ) ;
#7734 = ORIENTED_EDGE ( 'NONE', *, *, #8515, .F. ) ;
#7735 = VERTEX_POINT ( 'NONE', #4709 ) ;
#7736 = CARTESIAN_POINT ( 'NONE',  ( 24.09098534024904481, -7.130121392618137932, 4.000000000000000000 ) ) ;
#7737 = LINE ( 'NONE', #9519, #11892 ) ;
#7738 = EDGE_LOOP ( 'NONE', ( #3167, #1701, #9564, #4992 ) ) ;
#7739 = LINE ( 'NONE', #2271, #1502 ) ;
#7740 = ORIENTED_EDGE ( 'NONE', *, *, #10054, .T. ) ;
#7741 = CARTESIAN_POINT ( 'NONE',  ( 23.37179487179486514, -13.39634957430047280, 3.499999999999996003 ) ) ;
#7742 = DIRECTION ( 'NONE',  ( -0.000000000000000000, -0.000000000000000000, 1.000000000000000000 ) ) ;
#7743 = VERTEX_POINT ( 'NONE', #2111 ) ;
#7744 = EDGE_CURVE ( 'NONE', #8855, #3706, #1091, .T. ) ;
#7745 = ORIENTED_EDGE ( 'NONE', *, *, #8700, .T. ) ;
#7746 = CARTESIAN_POINT ( 'NONE',  ( 28.56661237903190553, 7.600568702161829115, 5.999999999999998224 ) ) ;
#7747 = CARTESIAN_POINT ( 'NONE',  ( 23.87454283344085582, -7.130155543331039958, 3.499999999999996003 ) ) ;
#7748 = ORIENTED_EDGE ( 'NONE', *, *, #316, .T. ) ;
#7749 = ORIENTED_EDGE ( 'NONE', *, *, #4021, .T. ) ;
#7750 = VECTOR ( 'NONE', #5188, 1000.000000000000000 ) ;
#7751 = CARTESIAN_POINT ( 'NONE',  ( 24.89211022100271009, 9.429748986257454391, 5.999999999999998224 ) ) ;
#7752 = ORIENTED_EDGE ( 'NONE', *, *, #5962, .T. ) ;
#7753 = ADVANCED_FACE ( 'NONE', ( #11239, #10270 ), #5787, .F. ) ;
#7754 = DIRECTION ( 'NONE',  ( 1.000000000000000000, 0.000000000000000000, 0.000000000000000000 ) ) ;
#7755 = DIRECTION ( 'NONE',  ( 1.000000000000000000, 0.000000000000000000, 0.000000000000000000 ) ) ;
#7756 = FACE_OUTER_BOUND ( 'NONE', #6533, .T. ) ;
#7757 = AXIS2_PLACEMENT_3D ( 'NONE', #7239, #3646, #2617 ) ;
#7758 = CARTESIAN_POINT ( 'NONE',  ( 27.66666666666665719, -10.98148579224919175, 3.499999999999999556 ) ) ;
#7759 = EDGE_LOOP ( 'NONE', ( #10151, #1094, #3949, #10190 ) ) ;
#7760 = CARTESIAN_POINT ( 'NONE',  ( 25.99966567642735527, -12.58462044226010867, 3.500000000000003109 ) ) ;
#7761 = VECTOR ( 'NONE', #7871, 1000.000000000000000 ) ;
#7762 = VERTEX_POINT ( 'NONE', #2886 ) ;
#7763 = FACE_OUTER_BOUND ( 'NONE', #2899, .T. ) ;
#7764 = LINE ( 'NONE', #5067, #1261 ) ;
#7765 = CARTESIAN_POINT ( 'NONE',  ( 23.49999999999999289, -4.891742202505601433, 3.499999999999999556 ) ) ;
#7766 = DIRECTION ( 'NONE',  ( 0.000000000000000000, -1.000000000000000000, 0.000000000000000000 ) ) ;
#7767 = ORIENTED_EDGE ( 'NONE', *, *, #3921, .F. ) ;
#7768 = CARTESIAN_POINT ( 'NONE',  ( 25.11157852564101844, -11.04558835635175740, 3.499999999999996003 ) ) ;
#7769 = EDGE_CURVE ( 'NONE', #3049, #1314, #6557, .T. ) ;
#7770 = CARTESIAN_POINT ( 'NONE',  ( 12.00000000000000000, -10.45000000000000107, -4.999999999999999112 ) ) ;
#7771 = CARTESIAN_POINT ( 'NONE',  ( 24.27016159504704618, -9.449727086359372308, 3.500000000000003109 ) ) ;
#7772 = AXIS2_PLACEMENT_3D ( 'NONE', #11770, #34, #3705 ) ;
#7773 = CARTESIAN_POINT ( 'NONE',  ( 25.99999999999999289, 7.050000000000004263, 3.599999999999999201 ) ) ;
#7774 = ORIENTED_EDGE ( 'NONE', *, *, #5181, .F. ) ;
#7775 = CARTESIAN_POINT ( 'NONE',  ( 5.199999999999996625, 11.60000000000000320, 3.500000000000000000 ) ) ;
#7776 = CARTESIAN_POINT ( 'NONE',  ( -79.19999999999998863, -1.040834085586084257E-14, 1.734723475976807094E-15 ) ) ;
#7777 = DIRECTION ( 'NONE',  ( -1.000000000000000000, 0.000000000000000000, 0.000000000000000000 ) ) ;
#7778 = CARTESIAN_POINT ( 'NONE',  ( 25.99799679487178850, -14.18661399737739615, 4.000000000000003553 ) ) ;
#7779 = VECTOR ( 'NONE', #5618, 1000.000000000000000 ) ;
#7780 = CARTESIAN_POINT ( 'NONE',  ( 27.77874780876727101, -11.99457524759169047, 4.000000000000007105 ) ) ;
#7781 = EDGE_LOOP ( 'NONE', ( #6314, #6672, #2275, #7029 ) ) ;
#7782 = EDGE_CURVE ( 'NONE', #10195, #5056, #9366, .T. ) ;
#7783 = ORIENTED_EDGE ( 'NONE', *, *, #3592, .T. ) ;
#7784 = CARTESIAN_POINT ( 'NONE',  ( 25.71611859169119185, -11.68804541384623263, 3.999999999999996447 ) ) ;
#7785 = CARTESIAN_POINT ( 'NONE',  ( -28.24999999999999289, -10.45000000000001172, 2.000000000000000000 ) ) ;
#7786 = CARTESIAN_POINT ( 'NONE',  ( 23.72966483659832448, -8.298831649183386006, 3.999999999999996447 ) ) ;
#7787 = LINE ( 'NONE', #5821, #7253 ) ;
#7788 = AXIS2_PLACEMENT_3D ( 'NONE', #5278, #2446, #8101 ) ;
#7789 = CARTESIAN_POINT ( 'NONE',  ( 25.99966567642735527, -12.58462044226010867, 3.500000000000003109 ) ) ;
#7790 = CARTESIAN_POINT ( 'NONE',  ( -54.99999999999999289, 11.99999999999998579, 1.000000000000000888 ) ) ;
#7791 = ORIENTED_EDGE ( 'NONE', *, *, #1802, .T. ) ;
#7792 = CARTESIAN_POINT ( 'NONE',  ( 24.73252986935683850, 8.909037242210992247, 3.599999999999999201 ) ) ;
#7793 = ORIENTED_EDGE ( 'NONE', *, *, #7348, .F. ) ;
#7794 = ORIENTED_EDGE ( 'NONE', *, *, #1918, .F. ) ;
#7795 = PLANE ( 'NONE',  #9336 ) ;
#7796 = ORIENTED_EDGE ( 'NONE', *, *, #9353, .F. ) ;
#7797 = DIRECTION ( 'NONE',  ( -1.000000000000000000, -0.000000000000000000, -0.000000000000000000 ) ) ;
#7798 = ORIENTED_EDGE ( 'NONE', *, *, #6710, .T. ) ;
#7799 = ADVANCED_FACE ( 'NONE', ( #8302 ), #11123, .F. ) ;
#7800 = LINE ( 'NONE', #7864, #3024 ) ;
#7801 = EDGE_LOOP ( 'NONE', ( #9242, #9514 ) ) ;
#7802 = CARTESIAN_POINT ( 'NONE',  ( -25.99999999999999289, -10.45000000000001172, -6.211269837220810608 ) ) ;
#7803 = DIRECTION ( 'NONE',  ( -1.000000000000000000, 7.228014483236699822E-18, 0.000000000000000000 ) ) ;
#7804 = VECTOR ( 'NONE', #4870, 1000.000000000000000 ) ;
#7805 = CARTESIAN_POINT ( 'NONE',  ( 28.25594183019129702, 8.392144350952278842, 5.999999999999998224 ) ) ;
#7806 = VERTEX_POINT ( 'NONE', #10209 ) ;
#7807 = VERTEX_POINT ( 'NONE', #972 ) ;
#7808 = CARTESIAN_POINT ( 'NONE',  ( 24.49302181276942392, 4.900664813666497643, 5.999999999999998224 ) ) ;
#7809 = CARTESIAN_POINT ( 'NONE',  ( -9.199999999999999289, -10.59999999999999787, 3.500000000000000000 ) ) ;
#7810 = VECTOR ( 'NONE', #2355, 1000.000000000000000 ) ;
#7811 = LINE ( 'NONE', #9654, #1241 ) ;
#7812 = ORIENTED_EDGE ( 'NONE', *, *, #6632, .T. ) ;
#7813 = EDGE_CURVE ( 'NONE', #6062, #311, #4651, .T. ) ;
#7814 = ADVANCED_FACE ( 'NONE', ( #7378 ), #1983, .F. ) ;
#7815 = ADVANCED_FACE ( 'NONE', ( #253 ), #9308, .F. ) ;
#7816 = ORIENTED_EDGE ( 'NONE', *, *, #4504, .T. ) ;
#7817 = DIRECTION ( 'NONE',  ( -0.000000000000000000, -0.000000000000000000, -1.000000000000000000 ) ) ;
#7818 = ORIENTED_EDGE ( 'NONE', *, *, #2048, .T. ) ;
#7819 = VECTOR ( 'NONE', #6300, 1000.000000000000000 ) ;
#7820 = LINE ( 'NONE', #687, #7356 ) ;
#7821 = ADVANCED_FACE ( 'NONE', ( #3740 ), #3929, .T. ) ;
#7822 = LINE ( 'NONE', #9662, #5081 ) ;
#7823 = DIRECTION ( 'NONE',  ( 0.000000000000000000, 0.000000000000000000, 1.000000000000000000 ) ) ;
#7824 = ADVANCED_FACE ( 'NONE', ( #10442 ), #2344, .T. ) ;
#7825 = PLANE ( 'NONE',  #3073 ) ;
#7826 = VERTEX_POINT ( 'NONE', #4166 ) ;
#7827 = CARTESIAN_POINT ( 'NONE',  ( -18.99999999999999645, -10.45000000000001172, -20.20000000000000284 ) ) ;
#7828 = CARTESIAN_POINT ( 'NONE',  ( 27.67007260083689957, -14.82286397092118335, 3.999999999999998224 ) ) ;
#7829 = ADVANCED_FACE ( 'NONE', ( #3180 ), #5112, .F. ) ;
#7830 = DIRECTION ( 'NONE',  ( 0.1026289084637298232, -0.9947197128576186209, 0.000000000000000000 ) ) ;
#7831 = CARTESIAN_POINT ( 'NONE',  ( 28.24370854365764671, 7.218142710569483533, 5.999999999999998224 ) ) ;
#7832 = DIRECTION ( 'NONE',  ( 0.000000000000000000, 1.000000000000000000, 0.000000000000000000 ) ) ;
#7833 = CARTESIAN_POINT ( 'NONE',  ( 27.79533191373339918, -14.76258535496946678, 4.000000000000000000 ) ) ;
#7834 = ORIENTED_EDGE ( 'NONE', *, *, #7524, .T. ) ;
#7835 = DIRECTION ( 'NONE',  ( 0.000000000000000000, -0.000000000000000000, -1.000000000000000000 ) ) ;
#7836 = ORIENTED_EDGE ( 'NONE', *, *, #30, .T. ) ;
#7837 = DIRECTION ( 'NONE',  ( 0.000000000000000000, 1.000000000000000000, 0.000000000000000000 ) ) ;
#7838 = DIRECTION ( 'NONE',  ( -1.000000000000000000, 0.000000000000000000, 0.000000000000000000 ) ) ;
#7839 = CARTESIAN_POINT ( 'NONE',  ( -49.99999999999998579, 9.549999999999988276, 0.000000000000000000 ) ) ;
#7840 = CARTESIAN_POINT ( 'NONE',  ( 25.57765273266973693, -8.895808872044877802, 4.000000000000001776 ) ) ;
#7841 = CARTESIAN_POINT ( 'NONE',  ( 3.700000000000001954, 0.000000000000000000, 2.000000000000000000 ) ) ;
#7842 = AXIS2_PLACEMENT_3D ( 'NONE', #10433, #2213, #8485 ) ;
#7843 = VECTOR ( 'NONE', #4980, 1000.000000000000000 ) ;
#7844 = CARTESIAN_POINT ( 'NONE',  ( 25.31691712220624524, -15.05543349420321064, 3.999999999999977351 ) ) ;
#7845 = ORIENTED_EDGE ( 'NONE', *, *, #6855, .T. ) ;
#7846 = ORIENTED_EDGE ( 'NONE', *, *, #10692, .T. ) ;
#7847 = EDGE_LOOP ( 'NONE', ( #5546, #595, #5550, #2378 ) ) ;
#7848 = CARTESIAN_POINT ( 'NONE',  ( 24.89817687596178075, -11.76684985945456141, 3.499999999999999556 ) ) ;
#7849 = DIRECTION ( 'NONE',  ( -0.000000000000000000, -1.000000000000000000, -8.673617379884035472E-16 ) ) ;
#7850 = DIRECTION ( 'NONE',  ( 0.000000000000000000, 0.000000000000000000, -1.000000000000000000 ) ) ;
#7851 = DIRECTION ( 'NONE',  ( -1.000000000000000000, 0.000000000000000000, 0.000000000000000000 ) ) ;
#7852 = CARTESIAN_POINT ( 'NONE',  ( 28.56661237903190553, 7.600568702161829115, 6.808068238351443036 ) ) ;
#7853 = CARTESIAN_POINT ( 'NONE',  ( 27.29383531367728821, -12.76731905195839545, 4.000000000000003553 ) ) ;
#7854 = CARTESIAN_POINT ( 'NONE',  ( 25.87179487179486159, -9.462054702505605874, 4.000000000000003553 ) ) ;
#7855 = CARTESIAN_POINT ( 'NONE',  ( 28.36550034177369284, -12.48731993937575879, 3.500000000000006661 ) ) ;
#7856 = CIRCLE ( 'NONE', #11718, 0.9500000000000002887 ) ;
#7857 = ORIENTED_EDGE ( 'NONE', *, *, #9754, .T. ) ;
#7858 = ORIENTED_EDGE ( 'NONE', *, *, #6644, .F. ) ;
#7859 = EDGE_CURVE ( 'NONE', #5829, #10263, #5147, .T. ) ;
#7860 = LINE ( 'NONE', #11530, #11066 ) ;
#7861 = VERTEX_POINT ( 'NONE', #612 ) ;
#7862 = CARTESIAN_POINT ( 'NONE',  ( 24.31867811327471784, -13.14100432375531469, 3.500000000000006661 ) ) ;
#7863 = VERTEX_POINT ( 'NONE', #3372 ) ;
#7864 = CARTESIAN_POINT ( 'NONE',  ( -48.89999999999998437, 9.549999999999988276, -6.211269837220810608 ) ) ;
#7865 = VERTEX_POINT ( 'NONE', #2280 ) ;
#7866 = DIRECTION ( 'NONE',  ( -1.000000000000000000, 0.000000000000000000, 0.000000000000000000 ) ) ;
#7867 = DIRECTION ( 'NONE',  ( -0.000000000000000000, -0.000000000000000000, 1.000000000000000000 ) ) ;
#7868 = CIRCLE ( 'NONE', #4236, 1.050000000000002265 ) ;
#7869 = EDGE_LOOP ( 'NONE', ( #195, #10022, #3395, #7732 ) ) ;
#7870 = ORIENTED_EDGE ( 'NONE', *, *, #3419, .F. ) ;
#7871 = DIRECTION ( 'NONE',  ( 0.000000000000000000, 0.000000000000000000, 1.000000000000000000 ) ) ;
#7872 = CARTESIAN_POINT ( 'NONE',  ( -16.99999999999999645, -18.00000000000001421, -18.19999999999999929 ) ) ;
#7873 = EDGE_CURVE ( 'NONE', #11607, #5247, #3312, .T. ) ;
#7874 = VERTEX_POINT ( 'NONE', #10628 ) ;
#7875 = AXIS2_PLACEMENT_3D ( 'NONE', #962, #4815, #10131 ) ;
#7876 = EDGE_LOOP ( 'NONE', ( #3813, #7677 ) ) ;
#7877 = VERTEX_POINT ( 'NONE', #9652 ) ;
#7878 = LINE ( 'NONE', #11485, #2982 ) ;
#7879 = EDGE_LOOP ( 'NONE', ( #3230, #6560, #4652, #11752 ) ) ;
#7880 = VECTOR ( 'NONE', #10551, 1000.000000000000000 ) ;
#7881 = CARTESIAN_POINT ( 'NONE',  ( 23.50991955618347617, -8.660798284288718563, 3.999999999999993339 ) ) ;
#7882 = ADVANCED_FACE ( 'NONE', ( #6839 ), #7928, .F. ) ;
#7883 = PLANE ( 'NONE',  #11223 ) ;
#7884 = EDGE_CURVE ( 'NONE', #9064, #4825, #20, .T. ) ;
#7885 = EDGE_CURVE ( 'NONE', #11460, #8228, #10378, .T. ) ;
#7886 = CARTESIAN_POINT ( 'NONE',  ( 23.75567833011029606, -10.43684224632948698, 3.499999999999992895 ) ) ;
#7887 = DIRECTION ( 'NONE',  ( -1.000000000000000000, -3.469446951953615372E-15, 0.000000000000000000 ) ) ;
#7888 = EDGE_CURVE ( 'NONE', #11483, #9492, #5970, .T. ) ;
#7889 = CYLINDRICAL_SURFACE ( 'NONE', #10134, 1.099999999999996758 ) ;
#7890 = LINE ( 'NONE', #9668, #2838 ) ;
#7891 = LINE ( 'NONE', #9669, #2781 ) ;
#7892 = ORIENTED_EDGE ( 'NONE', *, *, #7506, .T. ) ;
#7893 = CARTESIAN_POINT ( 'NONE',  ( 26.03436018837477306, 4.425224890118236054, 6.811805131996955254 ) ) ;
#7894 = ORIENTED_EDGE ( 'NONE', *, *, #4724, .T. ) ;
#7895 = CARTESIAN_POINT ( 'NONE',  ( 30.64999999999999147, -5.999999999999988454, -2.969848480983499961 ) ) ;
#7896 = FACE_BOUND ( 'NONE', #2552, .T. ) ;
#7897 = DIRECTION ( 'NONE',  ( 0.000000000000000000, 0.000000000000000000, 1.000000000000000000 ) ) ;
#7898 = EDGE_CURVE ( 'NONE', #2999, #9645, #430, .T. ) ;
#7899 = AXIS2_PLACEMENT_3D ( 'NONE', #10023, #10079, #1600 ) ;
#7900 = CARTESIAN_POINT ( 'NONE',  ( 26.07680685473088289, -14.18628421815810370, 3.500000000000003109 ) ) ;
#7901 = CARTESIAN_POINT ( 'NONE',  ( -15.34539687582416789, 11.30152494879498803, 10.09999999999999964 ) ) ;
#7902 = ORIENTED_EDGE ( 'NONE', *, *, #8316, .T. ) ;
#7903 = ORIENTED_EDGE ( 'NONE', *, *, #5115, .F. ) ;
#7904 = FACE_BOUND ( 'NONE', #6253, .T. ) ;
#7905 = LINE ( 'NONE', #4202, #1084 ) ;
#7906 = VECTOR ( 'NONE', #7186, 1000.000000000000000 ) ;
#7907 = LINE ( 'NONE', #6225, #10252 ) ;
#7908 = PLANE ( 'NONE',  #930 ) ;
#7909 = PLANE ( 'NONE',  #5990 ) ;
#7910 = CARTESIAN_POINT ( 'NONE',  ( 25.95092147435896734, -11.68661399737739792, 4.000000000000003553 ) ) ;
#7911 = CARTESIAN_POINT ( 'NONE',  ( 20.99999999999998934, 0.05000000000002571832, 4.000000000000000000 ) ) ;
#7913 = CARTESIAN_POINT ( 'NONE',  ( 28.72717802865892267, 8.300000000000006040, 1.799999999999999600 ) ) ;
#7912 = CIRCLE ( 'NONE', #3707, 1.050000000000002265 ) ;
#7914 = ORIENTED_EDGE ( 'NONE', *, *, #5487, .T. ) ;
#7915 = ORIENTED_EDGE ( 'NONE', *, *, #2175, .T. ) ;
#7916 = PLANE ( 'NONE',  #2813 ) ;
#7917 = EDGE_LOOP ( 'NONE', ( #10553, #8697, #8766, #9175 ) ) ;
#7918 = CARTESIAN_POINT ( 'NONE',  ( -27.09999999999999076, -10.45000000000001172, -6.211269837220810608 ) ) ;
#7919 = ORIENTED_EDGE ( 'NONE', *, *, #8550, .F. ) ;
#7920 = DIRECTION ( 'NONE',  ( 0.000000000000000000, 0.000000000000000000, 1.000000000000000000 ) ) ;
#7921 = ORIENTED_EDGE ( 'NONE', *, *, #8411, .F. ) ;
#7922 = CARTESIAN_POINT ( 'NONE',  ( 27.73076923076922640, -13.39234316404406400, 4.000000000000000000 ) ) ;
#7923 = CARTESIAN_POINT ( 'NONE',  ( -57.99999999999999289, -10.45000000000001528, 1.734723475976807094E-15 ) ) ;
#7924 = CARTESIAN_POINT ( 'NONE',  ( 23.37567807909021056, -9.221978230220921446, 4.000000000000000000 ) ) ;
#7925 = ORIENTED_EDGE ( 'NONE', *, *, #11352, .T. ) ;
#7926 = EDGE_LOOP ( 'NONE', ( #64, #3659, #2404, #4900 ) ) ;
#7927 = CARTESIAN_POINT ( 'NONE',  ( 48.29999999999999005, 22.54999999999998650, -1.734723475976807094E-15 ) ) ;
#7928 = PLANE ( 'NONE',  #6345 ) ;
#7929 = VERTEX_POINT ( 'NONE', #5177 ) ;
#7930 = DIRECTION ( 'NONE',  ( -1.445602896647339163E-16, 1.000000000000000000, -0.000000000000000000 ) ) ;
#7931 = EDGE_LOOP ( 'NONE', ( #11593, #9479, #9517, #7767 ) ) ;
#7932 = CARTESIAN_POINT ( 'NONE',  ( 26.07680685473088289, -14.18628421815810370, 3.500000000000003109 ) ) ;
#7933 = ORIENTED_EDGE ( 'NONE', *, *, #8858, .T. ) ;
#7934 = CARTESIAN_POINT ( 'NONE',  ( 24.26923076923076295, -9.424995407633808497, 3.500000000000003109 ) ) ;
#7935 = VERTEX_POINT ( 'NONE', #490 ) ;
#7936 = ADVANCED_FACE ( 'NONE', ( #5951 ), #9592, .T. ) ;
#7937 = CARTESIAN_POINT ( 'NONE',  ( 25.99999999999999289, 7.050000000000004263, 3.599999999999999201 ) ) ;
#7938 = VERTEX_POINT ( 'NONE', #5052 ) ;
#7939 = VECTOR ( 'NONE', #8618, 1000.000000000000000 ) ;
#7940 = DIRECTION ( 'NONE',  ( 0.000000000000000000, -1.000000000000000000, 0.000000000000000000 ) ) ;
#7941 = ORIENTED_EDGE ( 'NONE', *, *, #8863, .F. ) ;
#7942 = CARTESIAN_POINT ( 'NONE',  ( 23.46004233177433207, -8.793230719478204449, 4.000000000000000000 ) ) ;
#7943 = ADVANCED_FACE ( 'NONE', ( #8705 ), #11480, .F. ) ;
#7944 = DIRECTION ( 'NONE',  ( -1.000000000000000000, 0.000000000000000000, 0.000000000000000000 ) ) ;
#7945 = DIRECTION ( 'NONE',  ( 1.000000000000000000, 0.000000000000000000, 0.000000000000000000 ) ) ;
#7946 = ORIENTED_EDGE ( 'NONE', *, *, #11416, .T. ) ;
#7947 = CIRCLE ( 'NONE', #6227, 1.100000000000000311 ) ;
#7948 = CARTESIAN_POINT ( 'NONE',  ( 25.25916761631001961, 4.531708440375457059, 6.811805131996955254 ) ) ;
#7949 = DIRECTION ( 'NONE',  ( 0.000000000000000000, 0.000000000000000000, 1.000000000000000000 ) ) ;
#7950 = CARTESIAN_POINT ( 'NONE',  ( 34.19999999999999574, 3.469446951953614189E-15, 1.600000000000000755 ) ) ;
#7951 = EDGE_CURVE ( 'NONE', #4998, #11607, #10697, .T. ) ;
#7952 = ORIENTED_EDGE ( 'NONE', *, *, #4997, .F. ) ;
#7953 = DIRECTION ( 'NONE',  ( 0.000000000000000000, 0.000000000000000000, 1.000000000000000000 ) ) ;
#7954 = VERTEX_POINT ( 'NONE', #5472 ) ;
#7955 = DIRECTION ( 'NONE',  ( -1.000000000000000000, 0.000000000000000000, 0.000000000000000000 ) ) ;
#7956 = FACE_BOUND ( 'NONE', #11627, .T. ) ;
#7957 = CARTESIAN_POINT ( 'NONE',  ( 24.05144284148500944, 5.924999999999996270, 3.599999999999999201 ) ) ;
#7958 = CARTESIAN_POINT ( 'NONE',  ( -47.19999999999998863, -18.00000000000001066, 1.999999999999998224 ) ) ;
#7959 = CIRCLE ( 'NONE', #10839, 0.9750000000000001998 ) ;
#7960 = FACE_BOUND ( 'NONE', #6045, .T. ) ;
#7961 = VECTOR ( 'NONE', #9248, 1000.000000000000000 ) ;
#7962 = CARTESIAN_POINT ( 'NONE',  ( 23.43466761870038795, -13.89565009584741162, 3.999999999999977351 ) ) ;
#7963 = ORIENTED_EDGE ( 'NONE', *, *, #8948, .T. ) ;
#7964 = CARTESIAN_POINT ( 'NONE',  ( 9.199999999999997513, 7.050000000000000711, 8.200000000000002842 ) ) ;
#7965 = CARTESIAN_POINT ( 'NONE',  ( -15.68771750794562081, 10.92544629795647282, 10.10000000000000142 ) ) ;
#7966 = VERTEX_POINT ( 'NONE', #1695 ) ;
#7967 = EDGE_CURVE ( 'NONE', #8228, #11460, #2323, .T. ) ;
#7968 = ORIENTED_EDGE ( 'NONE', *, *, #4335, .T. ) ;
#7969 = AXIS2_PLACEMENT_3D ( 'NONE', #824, #5571, #771 ) ;
#7970 = CARTESIAN_POINT ( 'NONE',  ( 24.89817687596178075, -11.76684985945456141, 4.000000000000000000 ) ) ;
#7971 = CARTESIAN_POINT ( 'NONE',  ( 24.35740496230327423, -9.767445934765166982, 4.000000000000000000 ) ) ;
#7972 = PLANE ( 'NONE',  #4136 ) ;
#7973 = CARTESIAN_POINT ( 'NONE',  ( 26.76561101301146195, -9.688132159951566180, 3.999999999999997335 ) ) ;
#7974 = CARTESIAN_POINT ( 'NONE',  ( 27.73076923076922640, -13.39234316404406400, 4.000000000000000000 ) ) ;
#7975 = CARTESIAN_POINT ( 'NONE',  ( 24.31379886897115128, -14.81906728179008148, 3.499999999999992895 ) ) ;
#7976 = DIRECTION ( 'NONE',  ( 0.000000000000000000, 0.000000000000000000, -1.000000000000000000 ) ) ;
#7977 = EDGE_CURVE ( 'NONE', #8281, #6664, #5216, .T. ) ;
#7978 = CARTESIAN_POINT ( 'NONE',  ( 25.81807385871436722, -9.727371703594043240, 4.000000000000007105 ) ) ;
#7979 = VECTOR ( 'NONE', #7832, 1000.000000000000000 ) ;
#7980 = CARTESIAN_POINT ( 'NONE',  ( 27.13266798143123282, -11.78424363567688360, 3.500000000000003109 ) ) ;
#7981 = ORIENTED_EDGE ( 'NONE', *, *, #7271, .F. ) ;
#7982 = ORIENTED_EDGE ( 'NONE', *, *, #11421, .T. ) ;
#7983 = LINE ( 'NONE', #6948, #5513 ) ;
#7984 = ORIENTED_EDGE ( 'NONE', *, *, #4888, .T. ) ;
#7985 = DIRECTION ( 'NONE',  ( -0.1766774344547123454, 0.9842688068584216632, 0.000000000000000000 ) ) ;
#7986 = VERTEX_POINT ( 'NONE', #6244 ) ;
#7987 = EDGE_CURVE ( 'NONE', #1168, #7415, #10759, .T. ) ;
#7988 = DIRECTION ( 'NONE',  ( 0.000000000000000000, 1.000000000000000000, 0.000000000000000000 ) ) ;
#7989 = ORIENTED_EDGE ( 'NONE', *, *, #2733, .T. ) ;
#7990 = ORIENTED_EDGE ( 'NONE', *, *, #5079, .T. ) ;
#7991 = VECTOR ( 'NONE', #4140, 1000.000000000000000 ) ;
#7992 = CARTESIAN_POINT ( 'NONE',  ( -66.01999999999999602, 1.999999999999986233, 1.734723475976807094E-15 ) ) ;
#7993 = CARTESIAN_POINT ( 'NONE',  ( 27.10788977899723662, 9.429748986257470378, 5.999999999999998224 ) ) ;
#7994 = CARTESIAN_POINT ( 'NONE',  ( 23.37310137713735259, -9.322794986139154361, 3.499999999999999556 ) ) ;
#7995 = VERTEX_POINT ( 'NONE', #4511 ) ;
#7996 = CARTESIAN_POINT ( 'NONE',  ( 23.82391318357954191, -8.191584112597499967, 3.499999999999996003 ) ) ;
#7997 = LINE ( 'NONE', #10928, #9037 ) ;
#7998 = VERTEX_POINT ( 'NONE', #3607 ) ;
#7999 = CARTESIAN_POINT ( 'NONE',  ( 28.72717802865891912, 5.800000000000003375, 1.799999999999999600 ) ) ;
#8000 = ORIENTED_EDGE ( 'NONE', *, *, #5075, .T. ) ;
#8001 = CARTESIAN_POINT ( 'NONE',  ( 28.52462593800348500, -13.97524118871898757, 3.499999999999989342 ) ) ;
#8002 = AXIS2_PLACEMENT_3D ( 'NONE', #11761, #9672, #1658 ) ;
#8003 = ORIENTED_EDGE ( 'NONE', *, *, #9284, .T. ) ;
#8004 = FACE_OUTER_BOUND ( 'NONE', #8559, .T. ) ;
#8005 = CARTESIAN_POINT ( 'NONE',  ( 46.09999999999999432, -1.450000000000013500, -1.734723475976807094E-15 ) ) ;
#8006 = CARTESIAN_POINT ( 'NONE',  ( 12.99999999999999645, 44.00000000000000000, 0.000000000000000000 ) ) ;
#8007 = ORIENTED_EDGE ( 'NONE', *, *, #797, .T. ) ;
#8008 = VECTOR ( 'NONE', #4270, 1000.000000000000000 ) ;
#8009 = ORIENTED_EDGE ( 'NONE', *, *, #8467, .F. ) ;
#8010 = DIRECTION ( 'NONE',  ( 0.000000000000000000, -0.000000000000000000, -1.000000000000000000 ) ) ;
#8011 = DIRECTION ( 'NONE',  ( 0.000000000000000000, 0.000000000000000000, 1.000000000000000000 ) ) ;
#8012 = VECTOR ( 'NONE', #8235, 1000.000000000000000 ) ;
#8013 = CARTESIAN_POINT ( 'NONE',  ( 39.19999999999998863, -17.99999999999999645, 0.000000000000000000 ) ) ;
#8014 = ORIENTED_EDGE ( 'NONE', *, *, #3012, .F. ) ;
#8015 = ADVANCED_FACE ( 'NONE', ( #3437 ), #7151, .F. ) ;
#8016 = CYLINDRICAL_SURFACE ( 'NONE', #5601, 1.050000000000002265 ) ;
#8017 = ORIENTED_EDGE ( 'NONE', *, *, #10826, .T. ) ;
#8018 = CARTESIAN_POINT ( 'NONE',  ( 39.19999999999998863, -5.340460151223551222, 3.499999999999999556 ) ) ;
#8019 = CARTESIAN_POINT ( 'NONE',  ( 25.99999999999999289, 7.050000000000004263, 1.600000000000000755 ) ) ;
#8020 = DIRECTION ( 'NONE',  ( 0.000000000000000000, -1.000000000000000000, 0.000000000000000000 ) ) ;
#8021 = EDGE_CURVE ( 'NONE', #2315, #6733, #807, .T. ) ;
#8022 = VECTOR ( 'NONE', #11010, 1000.000000000000114 ) ;
#8023 = ORIENTED_EDGE ( 'NONE', *, *, #1510, .T. ) ;
#8024 = AXIS2_PLACEMENT_3D ( 'NONE', #8888, #8058, #4509 ) ;
#8025 = DIRECTION ( 'NONE',  ( 0.000000000000000000, 0.000000000000000000, 1.000000000000000000 ) ) ;
#8026 = CARTESIAN_POINT ( 'NONE',  ( 24.89211022100271009, 9.429748986257454391, 3.599999999999999201 ) ) ;
#8027 = DIRECTION ( 'NONE',  ( 0.000000000000000000, 0.000000000000000000, 1.000000000000000000 ) ) ;
#8028 = FACE_BOUND ( 'NONE', #5037, .T. ) ;
#8029 = EDGE_CURVE ( 'NONE', #4687, #5461, #3504, .T. ) ;
#8030 = CIRCLE ( 'NONE', #5729, 3.700000000000001954 ) ;
#8031 = B_SPLINE_SURFACE_WITH_KNOTS ( 'NONE', 3, 1, ( 
 ( #2253, #10418 ),
 ( #8572, #2200 ),
 ( #7726, #5762 ),
 ( #11386, #5705 ),
 ( #2088, #4023 ),
 ( #228, #5818 ),
 ( #9346, #9568 ),
 ( #11336, #11217 ),
 ( #4807, #1136 ),
 ( #6646, #10362 ),
 ( #1367, #169 ),
 ( #9506, #8469 ),
 ( #9397, #4967 ),
 ( #8627, #3910 ),
 ( #3853, #1189 ),
 ( #405, #4085 ),
 ( #286, #3965 ),
 ( #7602, #11278 ),
 ( #3042, #7063 ),
 ( #2504, #10601 ),
 ( #7848, #7970 ),
 ( #4381, #2379 ),
 ( #4201, #8684 ),
 ( #2445, #4263 ),
 ( #4139, #7784 ),
 ( #6998, #8869 ),
 ( #11716, #5086 ) ),
 .UNSPECIFIED., .F., .F., .F.,
 ( 4, 1, 1, 1, 1, 1, 1, 1, 1, 1, 1, 1, 1, 1, 1, 1, 1, 1, 1, 1, 1, 1, 1, 1, 4 ),
 ( 2, 2 ),
 ( 0.000000000000000000, 0.03821658268426040422, 0.07486572344798017586, 0.1101559045115487467, 0.1447283782661479001, 0.1780829500235388829, 0.2111733423684232225, 0.2436889813736916044, 0.2758730245419420690, 0.3083761647425949382, 0.3412633237069646053, 0.3751496685363222006, 0.4096539078528214639, 0.4451553130168943717, 0.4820706831605551801, 0.5205722112579809213, 0.5605493458582424537, 0.6031023994109108166, 0.6486826326874112203, 0.6979406275461329523, 0.7508050410762788784, 0.8073132105681862791, 0.8676581862989455329, 0.9318625687184260986, 1.000000000000000000 ),
 ( 0.000000000000000000, 1.000000000000000000 ),
 .UNSPECIFIED. ) ;
#8032 = AXIS2_PLACEMENT_3D ( 'NONE', #11721, #9881, #3480 ) ;
#8033 = CARTESIAN_POINT ( 'NONE',  ( 27.51982222677971635, -13.84883583983583932, 3.500000000000003109 ) ) ;
#8034 = EDGE_CURVE ( 'NONE', #11128, #8855, #1943, .T. ) ;
#8035 = LINE ( 'NONE', #11714, #3052 ) ;
#8036 = ORIENTED_EDGE ( 'NONE', *, *, #4579, .T. ) ;
#8037 = CARTESIAN_POINT ( 'NONE',  ( 26.74083238369000171, 4.531708440375467717, 5.999999999999998224 ) ) ;
#8038 = CARTESIAN_POINT ( 'NONE',  ( 24.39675515056038435, -9.827836895062562306, 4.000000000000003553 ) ) ;
#8039 = B_SPLINE_CURVE_WITH_KNOTS ( 'NONE', 3,
 ( #2256, #5931, #1245, #1306, #8523, #3160, #5765, #2150, #6815, #9572, #1369, #289, #9400, #10365, #3221, #1193, #11281, #4972, #4205 ),
 .UNSPECIFIED., .F., .F.,
 ( 4, 1, 1, 1, 1, 1, 1, 1, 1, 1, 1, 1, 1, 1, 1, 1, 4 ),
 ( 0.000000000000000000, 0.1107529993405871743, 0.2123770877825401082, 0.3055537685572882189, 0.3899007399344694980, 0.4667693486981460693, 0.5354846284785268473, 0.5968213492275972198, 0.6513608763089898668, 0.7013391554855927801, 0.7478559223166779679, 0.7921917188561057310, 0.8342559937812544790, 0.8753128158421641380, 0.9160205555409864919, 0.9576451221380055667, 1.000000000000000000 ),
 .UNSPECIFIED. ) ;
#8040 = DIRECTION ( 'NONE',  ( -0.000000000000000000, -0.000000000000000000, 1.000000000000000000 ) ) ;
#8041 = AXIS2_PLACEMENT_3D ( 'NONE', #3269, #447, #6917 ) ;
#8042 = CARTESIAN_POINT ( 'NONE',  ( 23.63103500529499357, -14.30319670791077691, 3.499999999999996003 ) ) ;
#8043 = LINE ( 'NONE', #11724, #1869 ) ;
#8044 = EDGE_CURVE ( 'NONE', #7100, #5473, #2471, .T. ) ;
#8045 = CARTESIAN_POINT ( 'NONE',  ( 25.87072065702534474, -9.531609359230628797, 4.000000000000000000 ) ) ;
#8046 = EDGE_CURVE ( 'NONE', #4981, #2684, #3092, .T. ) ;
#8047 = EDGE_CURVE ( 'NONE', #11688, #4801, #11792, .T. ) ;
#8048 = LINE ( 'NONE', #1559, #8087 ) ;
#8049 = VERTEX_POINT ( 'NONE', #5237 ) ;
#8050 = CARTESIAN_POINT ( 'NONE',  ( 31.69999999999999218, -15.00000000000000000, -2.969848480983499961 ) ) ;
#8051 = ORIENTED_EDGE ( 'NONE', *, *, #3145, .F. ) ;
#8052 = CARTESIAN_POINT ( 'NONE',  ( -16.99999999999999289, 7.050000000000000711, 9.150000000000002132 ) ) ;
#8053 =( GEOMETRIC_REPRESENTATION_CONTEXT ( 3 ) GLOBAL_UNCERTAINTY_ASSIGNED_CONTEXT ( ( #6676 ) ) GLOBAL_UNIT_ASSIGNED_CONTEXT ( ( #10041, #11014, #3891 ) ) REPRESENTATION_CONTEXT ( 'NONE', 'WORKASPACE' ) );
#8054 = ORIENTED_EDGE ( 'NONE', *, *, #9680, .T. ) ;
#8055 = AXIS2_PLACEMENT_3D ( 'NONE', #2358, #5320, #10646 ) ;
#8056 = DIRECTION ( 'NONE',  ( 0.2073096204707156054, 0.9782753810969014863, 0.000000000000000000 ) ) ;
#8057 = ORIENTED_EDGE ( 'NONE', *, *, #11738, .T. ) ;
#8058 = DIRECTION ( 'NONE',  ( -0.000000000000000000, -0.000000000000000000, 1.000000000000000000 ) ) ;
#8059 = DIRECTION ( 'NONE',  ( 0.000000000000000000, 0.000000000000000000, 1.000000000000000000 ) ) ;
#8060 = ADVANCED_FACE ( 'NONE', ( #9013 ), #6192, .F. ) ;
#8061 = ORIENTED_EDGE ( 'NONE', *, *, #9714, .F. ) ;
#8062 = VECTOR ( 'NONE', #10358, 1000.000000000000000 ) ;
#8063 = DIRECTION ( 'NONE',  ( 0.000000000000000000, 0.000000000000000000, 1.000000000000000000 ) ) ;
#8064 = CARTESIAN_POINT ( 'NONE',  ( 24.05144284148500944, 5.924999999999996270, 6.784455972358864884 ) ) ;
#8065 = EDGE_CURVE ( 'NONE', #7806, #1867, #7997, .T. ) ;
#8066 = VERTEX_POINT ( 'NONE', #8894 ) ;
#8067 = DIRECTION ( 'NONE',  ( 1.000000000000000000, 0.000000000000000000, 0.000000000000000000 ) ) ;
#8068 = ADVANCED_FACE ( 'NONE', ( #9899 ), #673, .F. ) ;
#8069 = ORIENTED_EDGE ( 'NONE', *, *, #1553, .F. ) ;
#8070 = CARTESIAN_POINT ( 'NONE',  ( 27.16980469903909068, 9.399932332239817612, 3.599999999999999201 ) ) ;
#8071 = AXIS2_PLACEMENT_3D ( 'NONE', #4485, #11878, #9265 ) ;
#8072 = VERTEX_POINT ( 'NONE', #6303 ) ;
#8073 = LINE ( 'NONE', #8129, #1060 ) ;
#8074 = ORIENTED_EDGE ( 'NONE', *, *, #6644, .T. ) ;
#8075 = ORIENTED_EDGE ( 'NONE', *, *, #9542, .F. ) ;
#8076 = CARTESIAN_POINT ( 'NONE',  ( 24.66700276124617019, -7.724893093178190284, 3.999999999999993339 ) ) ;
#8077 = VECTOR ( 'NONE', #4662, 1000.000000000000000 ) ;
#8078 = EDGE_CURVE ( 'NONE', #7020, #6189, #8953, .T. ) ;
#8079 = DIRECTION ( 'NONE',  ( -1.000000000000000000, 0.000000000000000000, 0.000000000000000000 ) ) ;
#8080 = VERTEX_POINT ( 'NONE', #3550 ) ;
#8081 = VERTEX_POINT ( 'NONE', #7201 ) ;
#8082 = LINE ( 'NONE', #751, #4411 ) ;
#8083 = CARTESIAN_POINT ( 'NONE',  ( 48.29999999999999005, 10.54999999999999005, 1.999999999999999112 ) ) ;
#8084 =( NAMED_UNIT ( * ) SI_UNIT ( $, .STERADIAN. ) SOLID_ANGLE_UNIT ( ) );
#8085 = CARTESIAN_POINT ( 'NONE',  ( 24.27006230936067155, -13.42047066885280060, 4.000000000000007105 ) ) ;
#8086 = EDGE_LOOP ( 'NONE', ( #616, #4562, #10013, #10971 ) ) ;
#8087 = VECTOR ( 'NONE', #3594, 1000.000000000000000 ) ;
#8088 = LINE ( 'NONE', #7172, #10068 ) ;
#8089 = CARTESIAN_POINT ( 'NONE',  ( -17.00000000000000000, 41.99999999999997868, 2.000000000000000000 ) ) ;
#8090 = DIRECTION ( 'NONE',  ( -1.000000000000000000, 0.000000000000000000, 0.000000000000000000 ) ) ;
#8091 = FACE_OUTER_BOUND ( 'NONE', #7562, .T. ) ;
#8092 = EDGE_CURVE ( 'NONE', #8651, #10636, #10868, .T. ) ;
#8093 = DIRECTION ( 'NONE',  ( -0.1951293884378708099, 0.9807775087999636154, 0.000000000000000000 ) ) ;
#8094 = VECTOR ( 'NONE', #2638, 1000.000000000000000 ) ;
#8095 = CARTESIAN_POINT ( 'NONE',  ( 23.37402939801983592, -13.52846469128273199, 3.999999999999974243 ) ) ;
#8096 = EDGE_LOOP ( 'NONE', ( #4154, #6891, #7483, #4070 ) ) ;
#8097 = CARTESIAN_POINT ( 'NONE',  ( 27.51982222677971635, -13.84883583983583932, 4.000000000000003553 ) ) ;
#8098 = CARTESIAN_POINT ( 'NONE',  ( -15.00000000000001066, 18.00000000000000000, 0.000000000000000000 ) ) ;
#8099 = ORIENTED_EDGE ( 'NONE', *, *, #779, .F. ) ;
#8100 = CARTESIAN_POINT ( 'NONE',  ( 23.63103500529499357, -14.30319670791077691, 3.999999999999996447 ) ) ;
#8101 = DIRECTION ( 'NONE',  ( 1.000000000000000000, 0.000000000000000000, 0.000000000000000000 ) ) ;
#8102 = ADVANCED_FACE ( 'NONE', ( #1803 ), #1967, .F. ) ;
#8103 = CARTESIAN_POINT ( 'NONE',  ( 25.08052884615383959, -10.14815245891586137, 3.500000000000003109 ) ) ;
#8104 = CARTESIAN_POINT ( 'NONE',  ( -9.200000000000001066, 18.00000000000000355, 10.09999999999999964 ) ) ;
#8105 = AXIS2_PLACEMENT_3D ( 'NONE', #4042, #246, #7685 ) ;
#8106 = CARTESIAN_POINT ( 'NONE',  ( 27.66666666666665719, -18.00000000000000000, 3.499999999999999556 ) ) ;
#8107 = EDGE_CURVE ( 'NONE', #122, #3235, #117, .T. ) ;
#8108 = CARTESIAN_POINT ( 'NONE',  ( 25.99999999999999289, 7.050000000000004263, 3.599999999999999201 ) ) ;
#8109 = CARTESIAN_POINT ( 'NONE',  ( 24.49030233237607135, -6.801260897778971248, 3.499999999999999556 ) ) ;
#8110 = ORIENTED_EDGE ( 'NONE', *, *, #10535, .T. ) ;
#8111 = CYLINDRICAL_SURFACE ( 'NONE', #1285, 0.9749999999999993117 ) ;
#8112 = EDGE_LOOP ( 'NONE', ( #7914, #4935, #9114, #11909 ) ) ;
#8113 = VECTOR ( 'NONE', #9236, 1000.000000000000000 ) ;
#8114 = EDGE_LOOP ( 'NONE', ( #1050, #9779 ) ) ;
#8115 = FACE_OUTER_BOUND ( 'NONE', #10600, .T. ) ;
#8116 = ORIENTED_EDGE ( 'NONE', *, *, #3093, .T. ) ;
#8117 = ADVANCED_FACE ( 'NONE', ( #5770 ), #6480, .F. ) ;
#8118 = DIRECTION ( 'NONE',  ( 0.000000000000000000, -1.000000000000000000, 0.000000000000000000 ) ) ;
#8119 = FACE_BOUND ( 'NONE', #10743, .T. ) ;
#8120 = AXIS2_PLACEMENT_3D ( 'NONE', #1017, #11041, #792 ) ;
#8121 = DIRECTION ( 'NONE',  ( 1.000000000000000000, -0.000000000000000000, 0.000000000000000000 ) ) ;
#8122 = DIRECTION ( 'NONE',  ( -1.000000000000000000, 0.000000000000000000, 0.000000000000000000 ) ) ;
#8123 = ORIENTED_EDGE ( 'NONE', *, *, #5412, .F. ) ;
#8124 = DIRECTION ( 'NONE',  ( -1.000000000000000000, 0.000000000000000000, 0.000000000000000000 ) ) ;
#8125 = VERTEX_POINT ( 'NONE', #4861 ) ;
#8126 = CARTESIAN_POINT ( 'NONE',  ( 27.53545059854775090, -14.87814591068786640, 3.499999999999996003 ) ) ;
#8127 = VECTOR ( 'NONE', #8861, 1000.000000000000000 ) ;
#8128 = EDGE_CURVE ( 'NONE', #5523, #8591, #7495, .T. ) ;
#8129 = CARTESIAN_POINT ( 'NONE',  ( 25.96563981162524826, 4.425224890118234278, 3.599999999999999201 ) ) ;
#8130 = VERTEX_POINT ( 'NONE', #8345 ) ;
#8131 = VERTEX_POINT ( 'NONE', #55 ) ;
#8132 = CARTESIAN_POINT ( 'NONE',  ( 25.99999999999999289, 7.050000000000004263, 5.999999999999998224 ) ) ;
#8133 = CARTESIAN_POINT ( 'NONE',  ( 23.49559702850270781, -10.02005981133680024, 3.999999999999991562 ) ) ;
#8134 = ORIENTED_EDGE ( 'NONE', *, *, #1297, .F. ) ;
#8135 = EDGE_CURVE ( 'NONE', #6963, #10746, #1019, .T. ) ;
#8136 = ORIENTED_EDGE ( 'NONE', *, *, #859, .T. ) ;
#8137 = CARTESIAN_POINT ( 'NONE',  ( 23.38581700132580821, -13.13524655550913067, 3.500000000000003109 ) ) ;
#8138 = DIRECTION ( 'NONE',  ( -0.000000000000000000, -0.000000000000000000, 1.000000000000000000 ) ) ;
#8139 = LINE ( 'NONE', #3628, #3001 ) ;
#8140 = CARTESIAN_POINT ( 'NONE',  ( 30.64999999999999147, -15.00000000000000000, 0.000000000000000000 ) ) ;
#8141 = VECTOR ( 'NONE', #2730, 1000.000000000000114 ) ;
#8142 = EDGE_CURVE ( 'NONE', #10744, #4147, #2868, .T. ) ;
#8143 = DIRECTION ( 'NONE',  ( -0.2497379085651931507, 0.9683134704347983179, 0.000000000000000000 ) ) ;
#8144 = FACE_OUTER_BOUND ( 'NONE', #4745, .T. ) ;
#8145 = DIRECTION ( 'NONE',  ( 1.000000000000000000, 0.000000000000000000, 0.000000000000000000 ) ) ;
#8146 = DIRECTION ( 'NONE',  ( -1.000000000000000000, 0.000000000000000000, 0.000000000000000000 ) ) ;
#8147 = VECTOR ( 'NONE', #6985, 1000.000000000000000 ) ;
#8148 = ORIENTED_EDGE ( 'NONE', *, *, #10369, .F. ) ;
#8149 = CARTESIAN_POINT ( 'NONE',  ( 27.44374107548153319, -13.91073318617521437, 4.000000000000000000 ) ) ;
#8150 = ADVANCED_FACE ( 'NONE', ( #3914 ), #11162, .F. ) ;
#8151 = DIRECTION ( 'NONE',  ( 0.000000000000000000, -1.000000000000000000, 0.000000000000000000 ) ) ;
#8152 = CARTESIAN_POINT ( 'NONE',  ( 24.07276606609465475, -14.69493608127205420, 3.999999999999993339 ) ) ;
#8153 = CARTESIAN_POINT ( 'NONE',  ( 23.70969798143390506, 8.332630758929520098, 3.599999999999999201 ) ) ;
#8154 = CARTESIAN_POINT ( 'NONE',  ( 20.99999999999998934, 41.99999999999999289, 4.000000000000000000 ) ) ;
#8155 = AXIS2_PLACEMENT_3D ( 'NONE', #3984, #3007, #4770 ) ;
#8156 = CARTESIAN_POINT ( 'NONE',  ( 27.45019874737452881, 4.861953247045823545, 6.797529781440644570 ) ) ;
#8157 = ORIENTED_EDGE ( 'NONE', *, *, #738, .T. ) ;
#8158 = LINE ( 'NONE', #10052, #11771 ) ;
#8159 = CARTESIAN_POINT ( 'NONE',  ( 41.19999999999999574, 1.550000000000006262, 2.000000000000001776 ) ) ;
#8160 = CARTESIAN_POINT ( 'NONE',  ( 24.28774043589985965, -7.048779735183975603, 3.499999999999999556 ) ) ;
#8161 = VECTOR ( 'NONE', #7035, 1000.000000000000000 ) ;
#8162 = ORIENTED_EDGE ( 'NONE', *, *, #5974, .F. ) ;
#8163 = ADVANCED_FACE ( 'NONE', ( #5595 ), #2747, .F. ) ;
#8164 = CARTESIAN_POINT ( 'NONE',  ( -79.19999999999998863, -18.00000000000001421, 3.100000000000001865 ) ) ;
#8165 = CIRCLE ( 'NONE', #10644, 0.9749999999999993117 ) ;
#8166 = EDGE_LOOP ( 'NONE', ( #5642, #8976 ) ) ;
#8167 = DIRECTION ( 'NONE',  ( 0.000000000000000000, 0.000000000000000000, -1.000000000000000000 ) ) ;
#8168 = ADVANCED_FACE ( 'NONE', ( #9292 ), #3798, .F. ) ;
#8169 = EDGE_LOOP ( 'NONE', ( #426, #4221, #3909, #7476 ) ) ;
#8170 = CARTESIAN_POINT ( 'NONE',  ( 24.18951172707419772, 8.950725444033983180, 6.747558652054626016 ) ) ;
#8171 = DIRECTION ( 'NONE',  ( 0.6013489169558756675, 0.7989865331005243654, 0.000000000000000000 ) ) ;
#8172 = CARTESIAN_POINT ( 'NONE',  ( 28.56661237903190553, 7.600568702161829115, 5.999999999999998224 ) ) ;
#8173 = VECTOR ( 'NONE', #10782, 999.9999999999998863 ) ;
#8174 = DIRECTION ( 'NONE',  ( 0.000000000000000000, -1.000000000000000000, 0.000000000000000000 ) ) ;
#8175 = ORIENTED_EDGE ( 'NONE', *, *, #9353, .T. ) ;
#8176 = CARTESIAN_POINT ( 'NONE',  ( 9.039999999999995595, 9.039999999999999147, 0.000000000000000000 ) ) ;
#8177 = EDGE_CURVE ( 'NONE', #2591, #4687, #7487, .T. ) ;
#8178 = CARTESIAN_POINT ( 'NONE',  ( 26.22850276640344447, -14.18564944945711304, 3.500000000000003109 ) ) ;
#8179 =( GEOMETRIC_REPRESENTATION_CONTEXT ( 3 ) GLOBAL_UNCERTAINTY_ASSIGNED_CONTEXT ( ( #5622 ) ) GLOBAL_UNIT_ASSIGNED_CONTEXT ( ( #2833, #7636, #2176 ) ) REPRESENTATION_CONTEXT ( 'NONE', 'WORKASPACE' ) );
#8180 = ORIENTED_EDGE ( 'NONE', *, *, #6248, .F. ) ;
#8181 = CARTESIAN_POINT ( 'NONE',  ( -25.99999999999999289, 9.549999999999988276, 1.000000000000000888 ) ) ;
#8182 = CARTESIAN_POINT ( 'NONE',  ( 25.99999999999999289, 7.050000000000004263, 1.799999999999999600 ) ) ;
#8183 = ORIENTED_EDGE ( 'NONE', *, *, #6620, .F. ) ;
#8184 = VERTEX_POINT ( 'NONE', #4636 ) ;
#8185 = DIRECTION ( 'NONE',  ( 0.000000000000000000, 0.000000000000000000, 1.000000000000000000 ) ) ;
#8186 = AXIS2_PLACEMENT_3D ( 'NONE', #4592, #1985, #11363 ) ;
#8187 = ORIENTED_EDGE ( 'NONE', *, *, #10251, .F. ) ;
#8188 = ADVANCED_FACE ( 'NONE', ( #7425 ), #4694, .F. ) ;
#8189 = DIRECTION ( 'NONE',  ( 1.000000000000000000, 0.000000000000000000, 0.000000000000000000 ) ) ;
#8190 = ORIENTED_EDGE ( 'NONE', *, *, #9843, .F. ) ;
#8191 = CARTESIAN_POINT ( 'NONE',  ( 23.37339194494140315, -9.431076141920497591, 3.999999999999996447 ) ) ;
#8192 = DIRECTION ( 'NONE',  ( 0.000000000000000000, 0.000000000000000000, 1.000000000000000000 ) ) ;
#8193 = CARTESIAN_POINT ( 'NONE',  ( 25.99999999999999289, 7.050000000000004263, 1.799999999999999600 ) ) ;
#8194 = CIRCLE ( 'NONE', #1849, 1.100000000000003642 ) ;
#8195 = SURFACE_STYLE_FILL_AREA ( #10092 ) ;
#8196 = AXIS2_PLACEMENT_3D ( 'NONE', #7082, #10749, #11534 ) ;
#8197 = FACE_BOUND ( 'NONE', #11529, .T. ) ;
#8198 = AXIS2_PLACEMENT_3D ( 'NONE', #3871, #3678, #7321 ) ;
#8199 = VERTEX_POINT ( 'NONE', #8475 ) ;
#8200 = EDGE_CURVE ( 'NONE', #10621, #910, #11224, .T. ) ;
#8201 = CARTESIAN_POINT ( 'NONE',  ( 25.99999999999999289, 7.050000000000004263, 3.599999999999999201 ) ) ;
#8202 = DIRECTION ( 'NONE',  ( 1.000000000000000000, 0.000000000000000000, 0.000000000000000000 ) ) ;
#8203 = EDGE_CURVE ( 'NONE', #4358, #8947, #5286, .T. ) ;
#8204 = VECTOR ( 'NONE', #6020, 1000.000000000000114 ) ;
#8205 = CARTESIAN_POINT ( 'NONE',  ( 28.28893532140991596, -14.37881412144808557, 3.499999999999992895 ) ) ;
#8206 = VECTOR ( 'NONE', #7255, 1000.000000000000000 ) ;
#8207 = CARTESIAN_POINT ( 'NONE',  ( 27.72959812894091414, -13.42114572642101145, 4.000000000000003553 ) ) ;
#8208 = FILL_AREA_STYLE ('',( #5505 ) ) ;
#8209 = EDGE_LOOP ( 'NONE', ( #6837, #4327, #2570, #7707 ) ) ;
#8210 = CARTESIAN_POINT ( 'NONE',  ( 24.18922023675434829, -14.75819930554807335, 4.000000000000007105 ) ) ;
#8211 = LINE ( 'NONE', #10907, #6265 ) ;
#8212 = LINE ( 'NONE', #9992, #9384 ) ;
#8213 = CARTESIAN_POINT ( 'NONE',  ( 26.76801249664699611, -9.583329873808478894, 3.999999999999996447 ) ) ;
#8214 = DIRECTION ( 'NONE',  ( -1.000000000000000000, 0.000000000000000000, 0.000000000000000000 ) ) ;
#8215 = AXIS2_PLACEMENT_3D ( 'NONE', #4099, #3362, #4220 ) ;
#8216 = LINE ( 'NONE', #9222, #11272 ) ;
#8217 = AXIS2_PLACEMENT_3D ( 'NONE', #11040, #2806, #7485 ) ;
#8218 = CARTESIAN_POINT ( 'NONE',  ( 24.85821177155054329, -14.05182327067937642, 3.499999999999996003 ) ) ;
#8219 = ORIENTED_EDGE ( 'NONE', *, *, #6028, .F. ) ;
#8220 = CARTESIAN_POINT ( 'NONE',  ( -84.99999999999998579, -1.366094737331735587E-14, 1.734723475976807094E-15 ) ) ;
#8221 = ORIENTED_EDGE ( 'NONE', *, *, #1143, .T. ) ;
#8222 = ORIENTED_EDGE ( 'NONE', *, *, #10751, .F. ) ;
#8223 = VECTOR ( 'NONE', #3412, 1000.000000000000000 ) ;
#8224 = CARTESIAN_POINT ( 'NONE',  ( 23.44867934338420667, 7.667566115590556564, 5.999999999999998224 ) ) ;
#8225 = DIRECTION ( 'NONE',  ( 0.000000000000000000, 0.000000000000000000, 1.000000000000000000 ) ) ;
#8226 = CARTESIAN_POINT ( 'NONE',  ( 20.99999999999998934, 37.55000000000001137, 1.025000000000002354 ) ) ;
#8227 = CARTESIAN_POINT ( 'NONE',  ( -9.199999999999999289, 7.050000000000000711, 8.200000000000002842 ) ) ;
#8228 = VERTEX_POINT ( 'NONE', #2808 ) ;
#8229 = DIRECTION ( 'NONE',  ( 0.000000000000000000, -0.000000000000000000, -1.000000000000000000 ) ) ;
#8230 = CIRCLE ( 'NONE', #7068, 2.250000000000001776 ) ;
#8231 = ORIENTED_EDGE ( 'NONE', *, *, #3702, .T. ) ;
#8232 = CARTESIAN_POINT ( 'NONE',  ( 25.94090544871794179, -12.58404989481329395, 3.500000000000003109 ) ) ;
#8233 = ORIENTED_EDGE ( 'NONE', *, *, #10516, .F. ) ;
#8234 = DIRECTION ( 'NONE',  ( -0.8884639174103085013, -0.4589464755937542884, 0.000000000000000000 ) ) ;
#8235 = DIRECTION ( 'NONE',  ( -0.000000000000000000, -0.000000000000000000, -1.000000000000000000 ) ) ;
#8236 = AXIS2_PLACEMENT_3D ( 'NONE', #9283, #5459, #9098 ) ;
#8237 = EDGE_LOOP ( 'NONE', ( #2410, #2967, #10684, #3710 ) ) ;
#8238 = EDGE_CURVE ( 'NONE', #311, #9576, #10610, .T. ) ;
#8239 = ORIENTED_EDGE ( 'NONE', *, *, #1640, .F. ) ;
#8240 = DIRECTION ( 'NONE',  ( -1.000000000000000000, 0.000000000000000000, 0.000000000000000000 ) ) ;
#8241 = EDGE_CURVE ( 'NONE', #5422, #11689, #1764, .T. ) ;
#8242 = EDGE_CURVE ( 'NONE', #11121, #8674, #5033, .T. ) ;
#8243 = PLANE ( 'NONE',  #9904 ) ;
#8244 = AXIS2_PLACEMENT_3D ( 'NONE', #9866, #9927, #1720 ) ;
#8245 = VERTEX_POINT ( 'NONE', #11286 ) ;
#8246 = CARTESIAN_POINT ( 'NONE',  ( 25.27925976956783671, -11.71553789794577050, 3.499999999999999556 ) ) ;
#8247 = FILL_AREA_STYLE ('',( #4481 ) ) ;
#8248 = CARTESIAN_POINT ( 'NONE',  ( -52.99999999999998579, -18.00000000000001066, 20.91137224000415529 ) ) ;
#8249 = LINE ( 'NONE', #7329, #9677 ) ;
#8250 = EDGE_CURVE ( 'NONE', #941, #6802, #593, .T. ) ;
#8251 = EDGE_CURVE ( 'NONE', #3456, #7313, #10777, .T. ) ;
#8252 = EDGE_CURVE ( 'NONE', #2800, #8338, #5933, .T. ) ;
#8253 = CARTESIAN_POINT ( 'NONE',  ( 0.000000000000000000, 0.000000000000000000, 0.000000000000000000 ) ) ;
#8254 = EDGE_LOOP ( 'NONE', ( #11323, #7651, #10998, #6711 ) ) ;
#8255 = CARTESIAN_POINT ( 'NONE',  ( 9.199999999999995737, -12.00000000000000000, 4.999999999999999112 ) ) ;
#8256 = DIRECTION ( 'NONE',  ( 1.000000000000000000, 0.000000000000000000, 0.000000000000000000 ) ) ;
#8257 = CARTESIAN_POINT ( 'NONE',  ( 9.199999999999995737, -11.59999999999999964, 3.500000000000000000 ) ) ;
#8258 = VECTOR ( 'NONE', #4946, 1000.000000000000000 ) ;
#8259 = CARTESIAN_POINT ( 'NONE',  ( -23.74999999999998934, -10.45000000000001172, 1.000000000000000888 ) ) ;
#8260 = CARTESIAN_POINT ( 'NONE',  ( 39.19999999999998863, -4.891742202505601433, 3.499999999999999556 ) ) ;
#8261 = ORIENTED_EDGE ( 'NONE', *, *, #8593, .F. ) ;
#8262 = DIRECTION ( 'NONE',  ( 1.445602896647339410E-16, -1.000000000000000000, 0.000000000000000000 ) ) ;
#8263 = VERTEX_POINT ( 'NONE', #8579 ) ;
#8264 = EDGE_CURVE ( 'NONE', #862, #5352, #10371, .T. ) ;
#8265 = CARTESIAN_POINT ( 'NONE',  ( 39.19999999999998863, -18.00000000000000000, 4.000000000000000000 ) ) ;
#8266 = CARTESIAN_POINT ( 'NONE',  ( -9.199999999999999289, 7.050000000000000711, 8.200000000000002842 ) ) ;
#8267 = ORIENTED_EDGE ( 'NONE', *, *, #10320, .T. ) ;
#8268 = CARTESIAN_POINT ( 'NONE',  ( 25.99999999999999289, 7.050000000000004263, 3.599999999999999201 ) ) ;
#8269 = DIRECTION ( 'NONE',  ( -0.000000000000000000, -0.000000000000000000, 1.000000000000000000 ) ) ;
#8270 = CIRCLE ( 'NONE', #6541, 0.9499999999999995115 ) ;
#8271 = B_SPLINE_CURVE_WITH_KNOTS ( 'NONE', 3,
 ( #10412, #2979, #11381, #4797, #8567, #8390, #1057, #337, #10294, #8458, #4961, #7472, #2194, #3898, #2137, #5863, #5694, #7595, #8619 ),
 .UNSPECIFIED., .F., .F.,
 ( 4, 1, 1, 1, 1, 1, 1, 1, 1, 1, 1, 1, 1, 1, 1, 1, 4 ),
 ( 0.000000000000000000, 0.07290044517819310732, 0.1420035572776728039, 0.2092423139433876589, 0.2745916364776395113, 0.3384167658000732382, 0.4016927893975335562, 0.4649339725645673660, 0.5282564202501485173, 0.5906850240741915448, 0.6509338176697220257, 0.7096511349919866207, 0.7671803338107789916, 0.8241642198597889379, 0.8817508553548629724, 0.9399466216156898701, 1.000000000000000000 ),
 .UNSPECIFIED. ) ;
#8272 = DIRECTION ( 'NONE',  ( 0.000000000000000000, 0.000000000000000000, 1.000000000000000000 ) ) ;
#8273 = VERTEX_POINT ( 'NONE', #2152 ) ;
#8274 = EDGE_LOOP ( 'NONE', ( #6654, #1814, #11561, #7834 ) ) ;
#8275 = PLANE ( 'NONE',  #4185 ) ;
#8276 = CARTESIAN_POINT ( 'NONE',  ( 23.65253605882226751, -10.30500652059306432, 3.499999999999999556 ) ) ;
#8277 = CARTESIAN_POINT ( 'NONE',  ( 5.999999999999997335, 9.039999999999999147, 0.000000000000000000 ) ) ;
#8278 = ORIENTED_EDGE ( 'NONE', *, *, #10148, .T. ) ;
#8279 = CARTESIAN_POINT ( 'NONE',  ( 25.55228365384614264, -8.872110792249191746, 3.499999999999999556 ) ) ;
#8280 = AXIS2_PLACEMENT_3D ( 'NONE', #8227, #9062, #1 ) ;
#8281 = VERTEX_POINT ( 'NONE', #3225 ) ;
#8282 = DIRECTION ( 'NONE',  ( 0.000000000000000000, 0.000000000000000000, 1.000000000000000000 ) ) ;
#8283 = CARTESIAN_POINT ( 'NONE',  ( 24.61278044871794179, -13.94021976660816620, 4.000000000000003553 ) ) ;
#8284 = FACE_OUTER_BOUND ( 'NONE', #9205, .T. ) ;
#8285 = LINE ( 'NONE', #3666, #819 ) ;
#8286 = CARTESIAN_POINT ( 'NONE',  ( 23.94613188938543402, -7.133579502937973160, 4.000000000000000000 ) ) ;
#8287 = VERTEX_POINT ( 'NONE', #5824 ) ;
#8288 = DIRECTION ( 'NONE',  ( -1.000000000000000000, 0.000000000000000000, 0.000000000000000000 ) ) ;
#8289 = EDGE_CURVE ( 'NONE', #11325, #3174, #9575, .T. ) ;
#8291 = LINE ( 'NONE', #1022, #4057 ) ;
#8290 = VECTOR ( 'NONE', #3002, 1000.000000000000000 ) ;
#8292 = ORIENTED_EDGE ( 'NONE', *, *, #2435, .T. ) ;
#8293 = CARTESIAN_POINT ( 'NONE',  ( 24.63252324677238647, -12.80625711423487623, 4.000000000000015099 ) ) ;
#8294 = CARTESIAN_POINT ( 'NONE',  ( 25.11157852564101844, -11.04558835635175740, 3.999999999999996447 ) ) ;
#8295 = EDGE_CURVE ( 'NONE', #10029, #1052, #5996, .T. ) ;
#8296 = CARTESIAN_POINT ( 'NONE',  ( -48.89999999999998437, 9.549999999999988276, 0.000000000000000000 ) ) ;
#8297 = CIRCLE ( 'NONE', #1395, 1.100000000000003642 ) ;
#8298 = CARTESIAN_POINT ( 'NONE',  ( -49.99999999999998579, -10.45000000000001172, 1.000000000000000888 ) ) ;
#8299 = EDGE_LOOP ( 'NONE', ( #11577, #10384 ) ) ;
#8300 = ORIENTED_EDGE ( 'NONE', *, *, #8920, .F. ) ;
#8301 = CARTESIAN_POINT ( 'NONE',  ( 24.40287906343287361, -13.77014945500065402, 3.499999999999999556 ) ) ;
#8302 = FACE_OUTER_BOUND ( 'NONE', #1821, .T. ) ;
#8303 = VERTEX_POINT ( 'NONE', #6763 ) ;
#8304 = EDGE_LOOP ( 'NONE', ( #9951, #810, #6471, #1005 ) ) ;
#8305 = VECTOR ( 'NONE', #4721, 1000.000000000000114 ) ;
#8306 = ORIENTED_EDGE ( 'NONE', *, *, #6907, .F. ) ;
#8307 = CARTESIAN_POINT ( 'NONE',  ( 25.99799679487178850, -15.08404989481329572, 3.499999999999999556 ) ) ;
#8308 = SURFACE_STYLE_USAGE ( .BOTH. , #9974 ) ;
#8309 = LINE ( 'NONE', #6507, #4531 ) ;
#8310 = CARTESIAN_POINT ( 'NONE',  ( 14.99999999999999822, -2.999999999999992450, 0.000000000000000000 ) ) ;
#8311 = ORIENTED_EDGE ( 'NONE', *, *, #2651, .F. ) ;
#8312 = DIRECTION ( 'NONE',  ( -0.6451415499424447697, 0.7640630736646418786, 0.000000000000000000 ) ) ;
#8313 = CARTESIAN_POINT ( 'NONE',  ( 24.68264107603861746, -8.756641608273122657, 4.000000000000000000 ) ) ;
#8314 = CARTESIAN_POINT ( 'NONE',  ( -15.00000000000001066, 24.49999999999999645, 0.000000000000000000 ) ) ;
#8315 = CARTESIAN_POINT ( 'NONE',  ( 28.61255792861496516, -13.62495953093910828, 3.499999999999992895 ) ) ;
#8316 = EDGE_CURVE ( 'NONE', #2575, #4167, #7611, .T. ) ;
#8317 = DIRECTION ( 'NONE',  ( -0.000000000000000000, -0.000000000000000000, -1.000000000000000000 ) ) ;
#8318 = CARTESIAN_POINT ( 'NONE',  ( 28.29030201856606297, 8.332630758929550296, 3.599999999999999201 ) ) ;
#8319 = ORIENTED_EDGE ( 'NONE', *, *, #10135, .F. ) ;
#8320 = ORIENTED_EDGE ( 'NONE', *, *, #1744, .T. ) ;
#8321 = CARTESIAN_POINT ( 'NONE',  ( 24.44874007111405589, -14.87387744734469130, 4.000000000000003553 ) ) ;
#8322 = DIRECTION ( 'NONE',  ( -1.000000000000000000, -0.000000000000000000, -0.000000000000000000 ) ) ;
#8323 = ORIENTED_EDGE ( 'NONE', *, *, #7098, .F. ) ;
#8324 = CARTESIAN_POINT ( 'NONE',  ( 9.199999999999995737, -12.00000000000000000, 10.09999999999999964 ) ) ;
#8325 = CARTESIAN_POINT ( 'NONE',  ( 27.53038865998457752, 5.400633288382907793, 5.999999999999998224 ) ) ;
#8326 = CARTESIAN_POINT ( 'NONE',  ( 26.70690707783456119, -9.988250329226271873, 4.000000000000003553 ) ) ;
#8327 = CARTESIAN_POINT ( 'NONE',  ( 18.99999999999999645, 44.00000000000000000, 8.000000000000000000 ) ) ;
#8328 = DIRECTION ( 'NONE',  ( 0.000000000000000000, 0.000000000000000000, 1.000000000000000000 ) ) ;
#8329 = DIRECTION ( 'NONE',  ( 0.000000000000000000, 0.000000000000000000, -1.000000000000000000 ) ) ;
#8330 = VERTEX_POINT ( 'NONE', #10485 ) ;
#8331 = ORIENTED_EDGE ( 'NONE', *, *, #2540, .T. ) ;
#8332 = PLANE ( 'NONE',  #141 ) ;
#8333 = EDGE_CURVE ( 'NONE', #8879, #2334, #4146, .T. ) ;
#8334 = CARTESIAN_POINT ( 'NONE',  ( 23.56574144210800981, -10.16608153996586950, 3.499999999999996003 ) ) ;
#8335 = LINE ( 'NONE', #9163, #2270 ) ;
#8336 = ORIENTED_EDGE ( 'NONE', *, *, #6497, .T. ) ;
#8337 = CIRCLE ( 'NONE', #6023, 2.999999999999999112 ) ;
#8338 = VERTEX_POINT ( 'NONE', #3295 ) ;
#8339 = CARTESIAN_POINT ( 'NONE',  ( -49.99999999999998579, -10.45000000000001172, 1.000000000000000888 ) ) ;
#8340 = PLANE ( 'NONE',  #3954 ) ;
#8341 = CARTESIAN_POINT ( 'NONE',  ( 28.99999999999998934, 7.050000000000004263, 12.08528137423856741 ) ) ;
#8342 = CARTESIAN_POINT ( 'NONE',  ( 26.76923076923075939, -9.530163676864578548, 4.000000000000000000 ) ) ;
#8343 = ADVANCED_FACE ( 'NONE', ( #8689, #8746 ), #2204, .T. ) ;
#8344 = AXIS2_PLACEMENT_3D ( 'NONE', #4173, #1179, #10635 ) ;
#8345 = CARTESIAN_POINT ( 'NONE',  ( 24.61278044871794179, -13.94021976660816620, 4.000000000000003553 ) ) ;
#8346 = ORIENTED_EDGE ( 'NONE', *, *, #5767, .F. ) ;
#8347 = CIRCLE ( 'NONE', #95, 1.099999999999996758 ) ;
#8348 = DIRECTION ( 'NONE',  ( -0.9926170934246488775, 0.1212901720717803195, 0.000000000000000000 ) ) ;
#8349 = CARTESIAN_POINT ( 'NONE',  ( 27.66666666666665719, -9.415980984556885147, 3.499999999999999556 ) ) ;
#8350 = ORIENTED_EDGE ( 'NONE', *, *, #11329, .T. ) ;
#8351 = CARTESIAN_POINT ( 'NONE',  ( 25.14440310541229806, -12.63742412083425215, 3.500000000000013323 ) ) ;
#8352 = EDGE_CURVE ( 'NONE', #2188, #5049, #7503, .T. ) ;
#8353 = LINE ( 'NONE', #6813, #8949 ) ;
#8354 = VECTOR ( 'NONE', #7416, 1000.000000000000000 ) ;
#8355 = CARTESIAN_POINT ( 'NONE',  ( 23.74405816980866391, 8.392144350952246867, 6.747558652054626016 ) ) ;
#8356 = LINE ( 'NONE', #1154, #3194 ) ;
#8357 = DIRECTION ( 'NONE',  ( 1.000000000000000000, -0.000000000000000000, 0.000000000000000000 ) ) ;
#8358 = CARTESIAN_POINT ( 'NONE',  ( 25.64974244713856422, -9.948652762880572098, 3.500000000000003109 ) ) ;
#8359 = ORIENTED_EDGE ( 'NONE', *, *, #1788, .F. ) ;
#8360 = PLANE ( 'NONE',  #8155 ) ;
#8361 = LINE ( 'NONE', #6614, #803 ) ;
#8362 = VECTOR ( 'NONE', #775, 1000.000000000000000 ) ;
#8363 = LINE ( 'NONE', #1984, #8983 ) ;
#8364 = ORIENTED_EDGE ( 'NONE', *, *, #2307, .F. ) ;
#8365 = ORIENTED_EDGE ( 'NONE', *, *, #2651, .T. ) ;
#8366 = CARTESIAN_POINT ( 'NONE',  ( 23.57051582665266665, -12.57355281748769116, 3.499999999999989342 ) ) ;
#8367 = FACE_BOUND ( 'NONE', #1178, .T. ) ;
#8368 = ORIENTED_EDGE ( 'NONE', *, *, #1553, .T. ) ;
#8369 = CARTESIAN_POINT ( 'NONE',  ( 23.44146945668733295, -6.482707895448669433, 3.499999999999996003 ) ) ;
#8370 = AXIS2_PLACEMENT_3D ( 'NONE', #1304, #1975, #3219 ) ;
#8371 = DIRECTION ( 'NONE',  ( 0.4755495828655237345, 0.8796889190142310744, 0.000000000000000000 ) ) ;
#8372 = CARTESIAN_POINT ( 'NONE',  ( 28.46144768585918783, -12.64271460240369827, 3.999999999999996447 ) ) ;
#8373 = PLANE ( 'NONE',  #6708 ) ;
#8374 = EDGE_CURVE ( 'NONE', #5997, #663, #10867, .T. ) ;
#8375 = CARTESIAN_POINT ( 'NONE',  ( 28.62756033717593596, -13.41374757457803391, 4.000000000000001776 ) ) ;
#8376 = EDGE_CURVE ( 'NONE', #1131, #5997, #9546, .T. ) ;
#8377 = CARTESIAN_POINT ( 'NONE',  ( 27.72521652343418097, -13.27610519395903310, 4.000000000000007105 ) ) ;
#8378 = EDGE_CURVE ( 'NONE', #10406, #1338, #11775, .T. ) ;
#8379 = ORIENTED_EDGE ( 'NONE', *, *, #468, .T. ) ;
#8380 = AXIS2_PLACEMENT_3D ( 'NONE', #5205, #6805, #3152 ) ;
#8381 = CARTESIAN_POINT ( 'NONE',  ( 28.62629250573736428, -13.49916156599612371, 4.000000000000003553 ) ) ;
#8382 = ORIENTED_EDGE ( 'NONE', *, *, #8389, .F. ) ;
#8383 = CARTESIAN_POINT ( 'NONE',  ( 24.55488944552223529, -9.987735321559869206, 3.999999999999996447 ) ) ;
#8384 = AXIS2_PLACEMENT_3D ( 'NONE', #1028, #126, #10080 ) ;
#8385 = EDGE_LOOP ( 'NONE', ( #1685, #5169, #11019, #2075, #10555, #6064, #7518, #8239, #6417, #5758, #9554, #6454, #4529, #7357, #9445 ) ) ;
#8386 = DIRECTION ( 'NONE',  ( -1.000000000000000000, 0.000000000000000000, 0.000000000000000000 ) ) ;
#8387 = CARTESIAN_POINT ( 'NONE',  ( 24.68264107603861746, -8.756641608273122657, 3.499999999999999556 ) ) ;
#8388 = VERTEX_POINT ( 'NONE', #7911 ) ;
#8389 = EDGE_CURVE ( 'NONE', #11015, #5988, #9993, .T. ) ;
#8390 = CARTESIAN_POINT ( 'NONE',  ( 25.39578847213858737, -10.09918134803125689, 3.500000000000003109 ) ) ;
#8391 = AXIS2_PLACEMENT_3D ( 'NONE', #6824, #2102, #7555 ) ;
#8392 = LINE ( 'NONE', #6526, #3604 ) ;
#8393 = VECTOR ( 'NONE', #10471, 1000.000000000000000 ) ;
#8394 = CARTESIAN_POINT ( 'NONE',  ( 28.62820512820512064, -13.37030790763380850, 3.500000000000003109 ) ) ;
#8395 = EDGE_LOOP ( 'NONE', ( #8842, #4780, #8708, #537 ) ) ;
#8396 = ORIENTED_EDGE ( 'NONE', *, *, #460, .F. ) ;
#8397 = CARTESIAN_POINT ( 'NONE',  ( 23.49999999999999289, -4.891742202505601433, 4.000000000000000000 ) ) ;
#8398 = DIRECTION ( 'NONE',  ( 0.000000000000000000, 0.000000000000000000, 1.000000000000000000 ) ) ;
#8399 = VERTEX_POINT ( 'NONE', #2509 ) ;
#8400 = CARTESIAN_POINT ( 'NONE',  ( -3.700000000000001954, 0.000000000000000000, 2.000000000000000000 ) ) ;
#8401 = ORIENTED_EDGE ( 'NONE', *, *, #7520, .F. ) ;
#8402 = CARTESIAN_POINT ( 'NONE',  ( 16.99999999999999645, -2.999999999999992450, 5.000000000000000000 ) ) ;
#8403 = ORIENTED_EDGE ( 'NONE', *, *, #626, .T. ) ;
#8404 = CARTESIAN_POINT ( 'NONE',  ( 25.99999999999999289, 7.050000000000004263, 5.999999999999998224 ) ) ;
#8405 = CARTESIAN_POINT ( 'NONE',  ( 25.00565257818336562, -14.09358951000615967, 4.000000000000000000 ) ) ;
#8406 = CARTESIAN_POINT ( 'NONE',  ( -15.34539687582416612, 2.798475051205015163, 10.09999999999999964 ) ) ;
#8407 = CIRCLE ( 'NONE', #3825, 3.000000000000000888 ) ;
#8408 = AXIS2_PLACEMENT_3D ( 'NONE', #4567, #10126, #4692 ) ;
#8409 = EDGE_CURVE ( 'NONE', #5443, #6406, #3485, .T. ) ;
#8410 = ADVANCED_FACE ( 'NONE', ( #11655 ), #9885, .F. ) ;
#8411 = EDGE_CURVE ( 'NONE', #733, #5006, #2566, .T. ) ;
#8412 = CARTESIAN_POINT ( 'NONE',  ( 25.99999999999999289, 7.050000000000004263, 3.599999999999999201 ) ) ;
#8413 = ORIENTED_EDGE ( 'NONE', *, *, #3496, .T. ) ;
#8414 = DIRECTION ( 'NONE',  ( 0.000000000000000000, -0.000000000000000000, -1.000000000000000000 ) ) ;
#8415 = CARTESIAN_POINT ( 'NONE',  ( 26.72115384615383604, -9.220668484556885147, 3.499999999999999556 ) ) ;
#8416 = ORIENTED_EDGE ( 'NONE', *, *, #4229, .F. ) ;
#8417 = EDGE_LOOP ( 'NONE', ( #5698, #9102, #9097, #10612 ) ) ;
#8418 = CARTESIAN_POINT ( 'NONE',  ( 26.75763990207072851, -9.379211442971557844, 3.499999999999992895 ) ) ;
#8419 = AXIS2_PLACEMENT_3D ( 'NONE', #1797, #9054, #7145 ) ;
#8420 = AXIS2_PLACEMENT_3D ( 'NONE', #4911, #5992, #9632 ) ;
#8421 = EDGE_CURVE ( 'NONE', #9543, #9576, #8938, .T. ) ;
#8422 = FACE_BOUND ( 'NONE', #5193, .T. ) ;
#8423 = EDGE_CURVE ( 'NONE', #2460, #6963, #3352, .T. ) ;
#8424 = CARTESIAN_POINT ( 'NONE',  ( 23.54411256769809313, 6.123046969980906695, 5.999999999999998224 ) ) ;
#8425 = EDGE_CURVE ( 'NONE', #2173, #9959, #4840, .T. ) ;
#8426 = CARTESIAN_POINT ( 'NONE',  ( -52.24999999999999289, -10.45000000000001172, 2.000000000000000000 ) ) ;
#8427 = EDGE_CURVE ( 'NONE', #11803, #9767, #4387, .T. ) ;
#8428 = ADVANCED_FACE ( 'NONE', ( #6173 ), #780, .F. ) ;
#8429 = EDGE_LOOP ( 'NONE', ( #1201, #7129, #9395, #2140 ) ) ;
#8430 = VECTOR ( 'NONE', #7647, 1000.000000000000000 ) ;
#8431 = DIRECTION ( 'NONE',  ( -0.000000000000000000, -0.000000000000000000, -1.000000000000000000 ) ) ;
#8432 = VECTOR ( 'NONE', #10005, 1000.000000000000114 ) ;
#8433 = DIRECTION ( 'NONE',  ( 0.3912681764687679919, -0.9202767051723113045, 0.000000000000000000 ) ) ;
#8434 = ORIENTED_EDGE ( 'NONE', *, *, #4668, .T. ) ;
#8435 = ORIENTED_EDGE ( 'NONE', *, *, #10893, .F. ) ;
#8436 = ORIENTED_EDGE ( 'NONE', *, *, #4580, .T. ) ;
#8437 = VERTEX_POINT ( 'NONE', #11586 ) ;
#8438 = VECTOR ( 'NONE', #822, 1000.000000000000000 ) ;
#8439 = CARTESIAN_POINT ( 'NONE',  ( 28.72717802865892267, 8.300000000000006040, 1.600000000000000755 ) ) ;
#8440 = CARTESIAN_POINT ( 'NONE',  ( 23.59394420968611428, -6.203676244424951136, 4.000000000000000000 ) ) ;
#8441 = FACE_OUTER_BOUND ( 'NONE', #11290, .T. ) ;
#8442 = LINE ( 'NONE', #318, #10756 ) ;
#8443 = VERTEX_POINT ( 'NONE', #7002 ) ;
#8444 = CARTESIAN_POINT ( 'NONE',  ( 23.43449514906775022, -12.89435360492921312, 4.000000000000003553 ) ) ;
#8445 = B_SPLINE_CURVE_WITH_KNOTS ( 'NONE', 3,
 ( #9315, #1105, #1170, #2179, #4781, #8444, #3997, #4058, #4836, #7639, #1277, #7699, #205, #8497, #7577, #9426, #3131, #263, #11313, #11250, #6787, #3019, #6678, #4943, #10337, #1340, #8656 ),
 .UNSPECIFIED., .F., .F.,
 ( 4, 1, 1, 1, 1, 1, 1, 1, 1, 1, 1, 1, 1, 1, 1, 1, 1, 1, 1, 1, 1, 1, 1, 1, 4 ),
 ( 0.000000000000000000, 0.03821658268426040422, 0.07486572344798017586, 0.1101559045115487467, 0.1447283782661479001, 0.1780829500235388829, 0.2111733423684232225, 0.2436889813736916044, 0.2758730245419420690, 0.3083761647425949382, 0.3412633237069646053, 0.3751496685363222006, 0.4096539078528214639, 0.4451553130168943717, 0.4820706831605551801, 0.5205722112579809213, 0.5605493458582424537, 0.6031023994109108166, 0.6486826326874112203, 0.6979406275461329523, 0.7508050410762788784, 0.8073132105681862791, 0.8676581862989455329, 0.9318625687184260986, 1.000000000000000000 ),
 .UNSPECIFIED. ) ;
#8446 = CARTESIAN_POINT ( 'NONE',  ( 28.24677110549663084, -12.34472479096043251, 4.000000000000003553 ) ) ;
#8447 = VECTOR ( 'NONE', #922, 1000.000000000000000 ) ;
#8448 = DIRECTION ( 'NONE',  ( 0.000000000000000000, 0.000000000000000000, 1.000000000000000000 ) ) ;
#8449 = CARTESIAN_POINT ( 'NONE',  ( 23.44146945668733295, -6.482707895448669433, 3.499999999999996003 ) ) ;
#8450 = LINE ( 'NONE', #11197, #1328 ) ;
#8451 = ORIENTED_EDGE ( 'NONE', *, *, #3484, .T. ) ;
#8452 = FACE_OUTER_BOUND ( 'NONE', #590, .T. ) ;
#8453 = VERTEX_POINT ( 'NONE', #2191 ) ;
#8454 = CIRCLE ( 'NONE', #3859, 1.100000000000000311 ) ;
#8455 = CARTESIAN_POINT ( 'NONE',  ( 25.99999999999999289, 7.050000000000004263, 1.799999999999999600 ) ) ;
#8456 = CARTESIAN_POINT ( 'NONE',  ( 24.68264107603861746, -8.756641608273122657, 4.000000000000000000 ) ) ;
#8457 = CARTESIAN_POINT ( 'NONE',  ( 39.19999999999998863, 1.550000000000006262, 2.975000000000000977 ) ) ;
#8458 = CARTESIAN_POINT ( 'NONE',  ( 25.64974244713856422, -9.948652762880572098, 3.500000000000003109 ) ) ;
#8459 = DIRECTION ( 'NONE',  ( 0.9996077427267575644, 0.02800643998648373600, 0.000000000000000000 ) ) ;
#8460 = CARTESIAN_POINT ( 'NONE',  ( 28.59055245908588816, -12.98595251081107627, 3.500000000000003109 ) ) ;
#8461 = AXIS2_PLACEMENT_3D ( 'NONE', #1283, #3887, #8448 ) ;
#8462 = VERTEX_POINT ( 'NONE', #6748 ) ;
#8463 = ORIENTED_EDGE ( 'NONE', *, *, #5962, .F. ) ;
#8464 = CARTESIAN_POINT ( 'NONE',  ( -25.99999999999999289, 9.549999999999988276, 1.000000000000000888 ) ) ;
#8465 = CARTESIAN_POINT ( 'NONE',  ( 49.19999999999999574, 26.99999999999998224, -8.673617379884035472E-16 ) ) ;
#8466 = VERTEX_POINT ( 'NONE', #5014 ) ;
#8467 = EDGE_CURVE ( 'NONE', #11409, #2725, #4956, .T. ) ;
#8468 = ORIENTED_EDGE ( 'NONE', *, *, #8238, .F. ) ;
#8469 = CARTESIAN_POINT ( 'NONE',  ( 23.78120674375077570, -12.30171867269279495, 4.000000000000003553 ) ) ;
#8470 = CARTESIAN_POINT ( 'NONE',  ( -18.99999999999999645, 13.54999999999998828, 2.000000000000000000 ) ) ;
#8471 = CARTESIAN_POINT ( 'NONE',  ( 24.66700276124617019, -7.724893093178190284, 3.499999999999992895 ) ) ;
#8472 = CARTESIAN_POINT ( 'NONE',  ( 33.94999999999999574, -15.00000000000000000, 4.000000000000000000 ) ) ;
#8473 = AXIS2_PLACEMENT_3D ( 'NONE', #3453, #9913, #7212 ) ;
#8474 = EDGE_CURVE ( 'NONE', #2342, #6723, #3085, .T. ) ;
#8475 = CARTESIAN_POINT ( 'NONE',  ( 18.99999999999999645, 41.99999999999999289, 0.000000000000000000 ) ) ;
#8476 = ORIENTED_EDGE ( 'NONE', *, *, #256, .F. ) ;
#8477 = LINE ( 'NONE', #10193, #5594 ) ;
#8478 = EDGE_LOOP ( 'NONE', ( #546, #8822, #3309, #9001 ) ) ;
#8479 = ORIENTED_EDGE ( 'NONE', *, *, #3868, .T. ) ;
#8480 = CARTESIAN_POINT ( 'NONE',  ( 24.73301960828650792, -12.75169636295711229, 4.000000000000022204 ) ) ;
#8481 = VECTOR ( 'NONE', #10565, 1000.000000000000000 ) ;
#8482 = CARTESIAN_POINT ( 'NONE',  ( 24.52564102564101844, -6.590460151223551222, 3.500000000000003109 ) ) ;
#8483 = EDGE_CURVE ( 'NONE', #10402, #2282, #8856, .T. ) ;
#8484 = EDGE_CURVE ( 'NONE', #5083, #6193, #638, .T. ) ;
#8485 = DIRECTION ( 'NONE',  ( 1.000000000000000000, 0.000000000000000000, 0.000000000000000000 ) ) ;
#8486 = CARTESIAN_POINT ( 'NONE',  ( -18.99999999999999645, 1.549999999999988942, -20.20000000000000284 ) ) ;
#8487 = CARTESIAN_POINT ( 'NONE',  ( 24.85821177155054329, -14.05182327067937642, 3.499999999999996003 ) ) ;
#8488 = CARTESIAN_POINT ( 'NONE',  ( 25.16431472652992696, -10.14695788331472492, 4.000000000000007105 ) ) ;
#8489 = VECTOR ( 'NONE', #5071, 1000.000000000000000 ) ;
#8490 = CARTESIAN_POINT ( 'NONE',  ( -79.19999999999998863, -1.040834085586084257E-14, 22.01137224000416381 ) ) ;
#8491 = CARTESIAN_POINT ( 'NONE',  ( -24.99999999999999289, 11.99999999999998934, 0.000000000000000000 ) ) ;
#8492 = EDGE_CURVE ( 'NONE', #3987, #6016, #8726, .T. ) ;
#8493 = AXIS2_PLACEMENT_3D ( 'NONE', #9646, #11669, #7803 ) ;
#8494 = CARTESIAN_POINT ( 'NONE',  ( -12.00000000000000000, -10.45000000000000107, 10.09999999999999964 ) ) ;
#8495 = DIRECTION ( 'NONE',  ( 0.000000000000000000, 0.000000000000000000, 1.000000000000000000 ) ) ;
#8496 = ORIENTED_EDGE ( 'NONE', *, *, #11798, .F. ) ;
#8497 = CARTESIAN_POINT ( 'NONE',  ( 23.96387250524002610, -12.14554128305749536, 4.000000000000000000 ) ) ;
#8498 = EDGE_CURVE ( 'NONE', #9864, #6514, #6831, .T. ) ;
#8499 = EDGE_CURVE ( 'NONE', #5511, #7877, #7705, .T. ) ;
#8500 = CARTESIAN_POINT ( 'NONE',  ( 26.76923076923075939, -9.530163676864578548, 3.499999999999999556 ) ) ;
#8501 = AXIS2_PLACEMENT_3D ( 'NONE', #6871, #4130, #9809 ) ;
#8502 = LINE ( 'NONE', #7758, #397 ) ;
#8503 = CARTESIAN_POINT ( 'NONE',  ( 25.94090544871794179, -12.58404989481329395, 3.500000000000003109 ) ) ;
#8504 = EDGE_CURVE ( 'NONE', #1351, #4563, #10589, .T. ) ;
#8505 = ORIENTED_EDGE ( 'NONE', *, *, #260, .F. ) ;
#8506 = EDGE_CURVE ( 'NONE', #3174, #923, #3144, .T. ) ;
#8507 = LINE ( 'NONE', #385, #1524 ) ;
#8508 = CARTESIAN_POINT ( 'NONE',  ( 28.29030201856606297, 8.332630758929550296, 6.806862576270111376 ) ) ;
#8509 = ORIENTED_EDGE ( 'NONE', *, *, #9285, .F. ) ;
#8510 = LINE ( 'NONE', #9436, #1092 ) ;
#8511 = ORIENTED_EDGE ( 'NONE', *, *, #6109, .F. ) ;
#8512 = CARTESIAN_POINT ( 'NONE',  ( 24.39675515056038435, -9.827836895062562306, 3.500000000000006661 ) ) ;
#8513 = CARTESIAN_POINT ( 'NONE',  ( 25.35897435897435059, -18.00000000000000000, 4.000000000000000000 ) ) ;
#8514 = FACE_OUTER_BOUND ( 'NONE', #11849, .T. ) ;
#8515 = EDGE_CURVE ( 'NONE', #10181, #2809, #4193, .T. ) ;
#8516 = ORIENTED_EDGE ( 'NONE', *, *, #6991, .T. ) ;
#8517 = EDGE_LOOP ( 'NONE', ( #4046, #11419, #8014, #4330 ) ) ;
#8518 = ORIENTED_EDGE ( 'NONE', *, *, #2891, .T. ) ;
#8519 = EDGE_LOOP ( 'NONE', ( #10720, #6434, #1613, #155 ) ) ;
#8520 = DIRECTION ( 'NONE',  ( 1.000000000000000000, 0.000000000000000000, 0.000000000000000000 ) ) ;
#8521 = DIRECTION ( 'NONE',  ( 1.000000000000000000, 9.637352644315597708E-17, -0.000000000000000000 ) ) ;
#8522 = DIRECTION ( 'NONE',  ( -0.000000000000000000, -0.000000000000000000, 1.000000000000000000 ) ) ;
#8523 = CARTESIAN_POINT ( 'NONE',  ( 25.31780315583744567, -12.61428960847457859, 3.999999999999993339 ) ) ;
#8524 = CARTESIAN_POINT ( 'NONE',  ( -6.000000000000002665, 10.60000000000000142, 2.000000000000000000 ) ) ;
#8525 = ORIENTED_EDGE ( 'NONE', *, *, #5576, .F. ) ;
#8526 = DIRECTION ( 'NONE',  ( 0.000000000000000000, 0.000000000000000000, 1.000000000000000000 ) ) ;
#8527 = CARTESIAN_POINT ( 'NONE',  ( -84.99999999999998579, 11.99999999999998579, 1.734723475976807094E-15 ) ) ;
#8528 = ORIENTED_EDGE ( 'NONE', *, *, #4831, .T. ) ;
#8529 = DIRECTION ( 'NONE',  ( 0.9842688068584216632, 0.1766774344547123732, 0.000000000000000000 ) ) ;
#8530 = AXIS2_PLACEMENT_3D ( 'NONE', #7775, #4851, #9619 ) ;
#8531 = CARTESIAN_POINT ( 'NONE',  ( 24.26923076923075939, -13.39234316404406577, 3.500000000000006661 ) ) ;
#8532 = ADVANCED_FACE ( 'NONE', ( #2304 ), #5914, .F. ) ;
#8533 = PLANE ( 'NONE',  #6362 ) ;
#8534 = FACE_BOUND ( 'NONE', #750, .T. ) ;
#8535 = VECTOR ( 'NONE', #10603, 1000.000000000000000 ) ;
#8536 = AXIS2_PLACEMENT_3D ( 'NONE', #1159, #11178, #7689 ) ;
#8537 = ORIENTED_EDGE ( 'NONE', *, *, #3190, .F. ) ;
#8538 = FACE_OUTER_BOUND ( 'NONE', #1564, .T. ) ;
#8539 = CARTESIAN_POINT ( 'NONE',  ( 23.43589743589742724, -6.590460151223551222, 3.999999999999996447 ) ) ;
#8540 = ADVANCED_FACE ( 'NONE', ( #9555 ), #1356, .T. ) ;
#8541 = EDGE_LOOP ( 'NONE', ( #2000, #10552, #11361, #9638 ) ) ;
#8542 = VECTOR ( 'NONE', #8932, 1000.000000000000000 ) ;
#8543 = ORIENTED_EDGE ( 'NONE', *, *, #8731, .F. ) ;
#8544 = LINE ( 'NONE', #11243, #5114 ) ;
#8545 = CARTESIAN_POINT ( 'NONE',  ( -15.00000000000001066, 19.99999999999999645, 0.000000000000000000 ) ) ;
#8546 = ORIENTED_EDGE ( 'NONE', *, *, #11474, .T. ) ;
#8547 = DIRECTION ( 'NONE',  ( 0.000000000000000000, -0.7071067811865495711, 0.7071067811865454633 ) ) ;
#8548 = EDGE_CURVE ( 'NONE', #3595, #8758, #229, .T. ) ;
#8549 = CARTESIAN_POINT ( 'NONE',  ( 28.62168949522843775, -13.17456320598610553, 4.000000000000003553 ) ) ;
#8550 = EDGE_CURVE ( 'NONE', #9645, #255, #6982, .T. ) ;
#8551 = EDGE_CURVE ( 'NONE', #916, #10056, #9810, .T. ) ;
#8552 = MECHANICAL_DESIGN_GEOMETRIC_PRESENTATION_REPRESENTATION (  '', ( #500 ), #8179 ) ;
#8553 = CARTESIAN_POINT ( 'NONE',  ( 14.99999999999999645, 41.99999999999999289, 13.19999999999999929 ) ) ;
#8554 = DIRECTION ( 'NONE',  ( 0.000000000000000000, 1.000000000000000000, 0.000000000000000000 ) ) ;
#8555 = CARTESIAN_POINT ( 'NONE',  ( 26.94104158363138524, -12.65751884608556388, 3.500000000000003109 ) ) ;
#8556 = CARTESIAN_POINT ( 'NONE',  ( -34.56999999999999318, 7.049999999999990052, 0.000000000000000000 ) ) ;
#8557 = CARTESIAN_POINT ( 'NONE',  ( -14.99999999999999645, -18.00000000000000000, 2.000000000000000000 ) ) ;
#8558 = EDGE_CURVE ( 'NONE', #9406, #1456, #4272, .T. ) ;
#8559 = EDGE_LOOP ( 'NONE', ( #11096, #2578, #10459, #1012 ) ) ;
#8560 = AXIS2_PLACEMENT_3D ( 'NONE', #1715, #5558, #6325 ) ;
#8561 = CARTESIAN_POINT ( 'NONE',  ( -79.19999999999998863, -18.00000000000001421, 3.100000000000001865 ) ) ;
#8562 = EDGE_CURVE ( 'NONE', #8909, #8867, #9184, .T. ) ;
#8563 = VERTEX_POINT ( 'NONE', #4581 ) ;
#8564 = CARTESIAN_POINT ( 'NONE',  ( -47.74999999999998579, 9.549999999999988276, 1.000000000000000888 ) ) ;
#8565 = CARTESIAN_POINT ( 'NONE',  ( 24.33174418035721942, -9.119167585266350073, 4.000000000000010658 ) ) ;
#8566 = CARTESIAN_POINT ( 'NONE',  ( 25.79250726225414780, -9.160611146884573230, 3.500000000000003109 ) ) ;
#8567 = CARTESIAN_POINT ( 'NONE',  ( 25.32256490027684492, -10.12179984433066160, 3.499999999999999556 ) ) ;
#8568 = EDGE_CURVE ( 'NONE', #8338, #2173, #6490, .T. ) ;
#8569 = AXIS2_PLACEMENT_3D ( 'NONE', #7711, #7650, #11374 ) ;
#8570 = FACE_OUTER_BOUND ( 'NONE', #1880, .T. ) ;
#8571 = VERTEX_POINT ( 'NONE', #5264 ) ;
#8572 = CARTESIAN_POINT ( 'NONE',  ( 23.37256980022482722, -13.35159052852276318, 3.499999999999996003 ) ) ;
#8573 = DIRECTION ( 'NONE',  ( 0.000000000000000000, -0.000000000000000000, -1.000000000000000000 ) ) ;
#8574 = CARTESIAN_POINT ( 'NONE',  ( 26.76923076923075939, -9.530163676864580324, 4.000000000000000000 ) ) ;
#8575 = FACE_OUTER_BOUND ( 'NONE', #1145, .T. ) ;
#8576 = VECTOR ( 'NONE', #165, 1000.000000000000000 ) ;
#8577 = DIRECTION ( 'NONE',  ( 0.000000000000000000, 0.000000000000000000, -1.000000000000000000 ) ) ;
#8578 = FACE_OUTER_BOUND ( 'NONE', #6600, .T. ) ;
#8579 = CARTESIAN_POINT ( 'NONE',  ( -84.99999999999998579, 11.99999999999998579, 3.100000000000001865 ) ) ;
#8580 = VERTEX_POINT ( 'NONE', #4644 ) ;
#8581 = CARTESIAN_POINT ( 'NONE',  ( 28.00220134641771708, -12.13609393714317086, 3.500000000000003109 ) ) ;
#8582 = ORIENTED_EDGE ( 'NONE', *, *, #9599, .T. ) ;
#8583 = ORIENTED_EDGE ( 'NONE', *, *, #6907, .T. ) ;
#8584 = DIRECTION ( 'NONE',  ( 0.000000000000000000, 0.000000000000000000, 1.000000000000000000 ) ) ;
#8585 = CARTESIAN_POINT ( 'NONE',  ( 24.54657823142235884, -12.86471417993600497, 3.500000000000003109 ) ) ;
#8586 = VECTOR ( 'NONE', #5284, 1000.000000000000000 ) ;
#8587 = CIRCLE ( 'NONE', #1870, 2.250000000000001776 ) ;
#8588 = ORIENTED_EDGE ( 'NONE', *, *, #7057, .F. ) ;
#8589 = CARTESIAN_POINT ( 'NONE',  ( 28.19358780240910178, 6.549327898598319209, 6.814029407017137885 ) ) ;
#8590 = PLANE ( 'NONE',  #5328 ) ;
#8591 = VERTEX_POINT ( 'NONE', #8296 ) ;
#8592 = CARTESIAN_POINT ( 'NONE',  ( -60.79999999999999005, -18.00000000000000711, 22.01137224000416381 ) ) ;
#8593 = EDGE_CURVE ( 'NONE', #996, #5174, #6930, .T. ) ;
#8594 = CARTESIAN_POINT ( 'NONE',  ( 22.99999999999999289, 7.050000000000000711, 8.200000000000002842 ) ) ;
#8595 = CIRCLE ( 'NONE', #7629, 2.624999999999998668 ) ;
#8596 = VECTOR ( 'NONE', #2931, 1000.000000000000000 ) ;
#8597 = ORIENTED_EDGE ( 'NONE', *, *, #4157, .T. ) ;
#8598 = ORIENTED_EDGE ( 'NONE', *, *, #10389, .F. ) ;
#8599 = DIRECTION ( 'NONE',  ( -1.000000000000000000, 0.000000000000000000, 0.000000000000000000 ) ) ;
#8600 = EDGE_CURVE ( 'NONE', #7995, #8962, #1378, .T. ) ;
#8601 = VECTOR ( 'NONE', #4842, 1000.000000000000000 ) ;
#8602 = CARTESIAN_POINT ( 'NONE',  ( 25.25916761631001961, 4.531708440375457059, 3.599999999999999201 ) ) ;
#8603 = ORIENTED_EDGE ( 'NONE', *, *, #924, .F. ) ;
#8604 = ADVANCED_FACE ( 'NONE', ( #10992 ), #7266, .T. ) ;
#8605 = PRESENTATION_STYLE_ASSIGNMENT (( #7640 ) ) ;
#8606 = CARTESIAN_POINT ( 'NONE',  ( 24.76019030994835646, -11.01862143469620214, 3.999999999999988010 ) ) ;
#8607 = CARTESIAN_POINT ( 'NONE',  ( 6.512994231491118668, -15.00000000000000355, 1.550000000000000488 ) ) ;
#8608 = CARTESIAN_POINT ( 'NONE',  ( 26.11352624512714016, -12.58572600054837132, 3.500000000000003109 ) ) ;
#8609 = CARTESIAN_POINT ( 'NONE',  ( -38.26999999999998892, 7.049999999999989164, 2.000000000000000000 ) ) ;
#8610 = CARTESIAN_POINT ( 'NONE',  ( 27.38942547505419256, -14.92760095654060137, 3.999999999999989786 ) ) ;
#8611 = ADVANCED_FACE ( 'NONE', ( #4703 ), #1027, .F. ) ;
#8612 = VERTEX_POINT ( 'NONE', #701 ) ;
#8613 = CARTESIAN_POINT ( 'NONE',  ( -84.99999999999998579, -18.00000000000001421, 1.734723475976807094E-15 ) ) ;
#8614 = VERTEX_POINT ( 'NONE', #125 ) ;
#8615 = CARTESIAN_POINT ( 'NONE',  ( 39.19999999999998863, 14.04999999999998295, 4.000000000000000000 ) ) ;
#8616 = CARTESIAN_POINT ( 'NONE',  ( 25.61854685729870695, -10.98722565945691976, 4.000000000000004441 ) ) ;
#8617 = ORIENTED_EDGE ( 'NONE', *, *, #9557, .T. ) ;
#8618 = DIRECTION ( 'NONE',  ( 0.000000000000000000, 1.000000000000000000, 0.000000000000000000 ) ) ;
#8619 = CARTESIAN_POINT ( 'NONE',  ( 25.87179487179486159, -9.462054702505605874, 3.500000000000003109 ) ) ;
#8620 = DIRECTION ( 'NONE',  ( 0.000000000000000000, 0.000000000000000000, 1.000000000000000000 ) ) ;
#8621 = ORIENTED_EDGE ( 'NONE', *, *, #2804, .F. ) ;
#8622 = AXIS2_PLACEMENT_3D ( 'NONE', #6566, #6675, #10156 ) ;
#8623 = DIRECTION ( 'NONE',  ( -0.000000000000000000, 0.000000000000000000, 1.000000000000000000 ) ) ;
#8624 = ORIENTED_EDGE ( 'NONE', *, *, #5448, .T. ) ;
#8625 = EDGE_CURVE ( 'NONE', #5988, #11015, #3809, .T. ) ;
#8626 = EDGE_LOOP ( 'NONE', ( #7870, #4450, #1810, #2529 ) ) ;
#8627 = CARTESIAN_POINT ( 'NONE',  ( 23.96387250524002610, -12.14554128305749536, 3.499999999999999556 ) ) ;
#8628 = CARTESIAN_POINT ( 'NONE',  ( -23.74999999999998934, 9.549999999999988276, 1.000000000000000888 ) ) ;
#8629 = CARTESIAN_POINT ( 'NONE',  ( -16.99999999999999645, 2.580776406404412526, 2.000000000000000000 ) ) ;
#8630 = CARTESIAN_POINT ( 'NONE',  ( 27.13296653242790057, -12.70727611777027022, 3.500000000000006661 ) ) ;
#8631 = VECTOR ( 'NONE', #4758, 1000.000000000000000 ) ;
#8632 = CARTESIAN_POINT ( 'NONE',  ( 25.62669101663371762, -8.941617124465178534, 4.000000000000007105 ) ) ;
#8633 = ORIENTED_EDGE ( 'NONE', *, *, #2816, .T. ) ;
#8634 = CARTESIAN_POINT ( 'NONE',  ( 9.039999999999995595, 9.039999999999999147, 2.000000000000000000 ) ) ;
#8635 = ORIENTED_EDGE ( 'NONE', *, *, #9269, .T. ) ;
#8636 = ORIENTED_EDGE ( 'NONE', *, *, #588, .T. ) ;
#8637 = CARTESIAN_POINT ( 'NONE',  ( -76.02999999999998693, 11.39999999999998259, 1.734723475976807094E-15 ) ) ;
#8638 = CARTESIAN_POINT ( 'NONE',  ( 23.37999655358635209, 6.888114420714384956, 5.999999999999998224 ) ) ;
#8639 = VERTEX_POINT ( 'NONE', #7436 ) ;
#8640 = CYLINDRICAL_SURFACE ( 'NONE', #2062, 2.250000000000001776 ) ;
#8641 = ORIENTED_EDGE ( 'NONE', *, *, #5840, .T. ) ;
#8642 = FACE_OUTER_BOUND ( 'NONE', #11163, .T. ) ;
#8643 = LINE ( 'NONE', #5835, #7609 ) ;
#8644 = EDGE_LOOP ( 'NONE', ( #1231, #9637, #5841, #6623 ) ) ;
#8645 = ORIENTED_EDGE ( 'NONE', *, *, #5710, .F. ) ;
#8646 = DIRECTION ( 'NONE',  ( 0.04677265186364727018, -0.9989055606200427651, 0.000000000000000000 ) ) ;
#8647 = CARTESIAN_POINT ( 'NONE',  ( 23.43589743589742724, -6.590460151223551222, 3.499999999999996003 ) ) ;
#8648 = AXIS2_PLACEMENT_3D ( 'NONE', #10387, #2169, #9190 ) ;
#8649 = ORIENTED_EDGE ( 'NONE', *, *, #8836, .F. ) ;
#8650 = ADVANCED_FACE ( 'NONE', ( #11117 ), #2753, .F. ) ;
#8651 = VERTEX_POINT ( 'NONE', #4766 ) ;
#8652 = LINE ( 'NONE', #11420, #7214 ) ;
#8653 = VECTOR ( 'NONE', #6883, 1000.000000000000000 ) ;
#8654 = LINE ( 'NONE', #3186, #5094 ) ;
#8655 = ORIENTED_EDGE ( 'NONE', *, *, #9399, .T. ) ;
#8656 = CARTESIAN_POINT ( 'NONE',  ( 25.95092147435896734, -11.68661399737739792, 4.000000000000003553 ) ) ;
#8657 = FACE_OUTER_BOUND ( 'NONE', #8209, .T. ) ;
#8658 = CARTESIAN_POINT ( 'NONE',  ( 12.97499999999999964, -10.45000000000000107, -4.999999999999999112 ) ) ;
#8659 = VERTEX_POINT ( 'NONE', #1808 ) ;
#8660 = CARTESIAN_POINT ( 'NONE',  ( 25.72556089743588359, -8.116902458915859597, 4.000000000000000000 ) ) ;
#8661 = CARTESIAN_POINT ( 'NONE',  ( 20.99999999999998934, -10.44999999999999751, 2.975000000000000977 ) ) ;
#8662 = AXIS2_PLACEMENT_3D ( 'NONE', #9614, #8797, #11505 ) ;
#8663 = LINE ( 'NONE', #2238, #6306 ) ;
#8664 = CARTESIAN_POINT ( 'NONE',  ( 24.43812324451846152, -6.286834784711690993, 4.000000000000000000 ) ) ;
#8665 = FILL_AREA_STYLE_COLOUR ( '', #563 ) ;
#8666 = ADVANCED_FACE ( 'NONE', ( #5661, #10201 ), #1976, .T. ) ;
#8667 = ORIENTED_EDGE ( 'NONE', *, *, #7493, .T. ) ;
#8668 = CARTESIAN_POINT ( 'NONE',  ( 23.27282197134106312, 5.800000000000003375, 1.600000000000000755 ) ) ;
#8669 = ORIENTED_EDGE ( 'NONE', *, *, #1505, .T. ) ;
#8670 = CARTESIAN_POINT ( 'NONE',  ( 26.33534509889640063, 4.825130640993466891, 6.811805131996955254 ) ) ;
#8671 = CYLINDRICAL_SURFACE ( 'NONE', #2414, 1.100000000000003642 ) ;
#8672 = DIRECTION ( 'NONE',  ( -1.000000000000000000, 0.000000000000000000, 0.000000000000000000 ) ) ;
#8673 = FACE_OUTER_BOUND ( 'NONE', #5785, .T. ) ;
#8674 = VERTEX_POINT ( 'NONE', #9304 ) ;
#8675 = VECTOR ( 'NONE', #1690, 1000.000000000000227 ) ;
#8676 = CARTESIAN_POINT ( 'NONE',  ( 25.74649674865778337, -9.087483847309989926, 3.499999999999996003 ) ) ;
#8677 = PLANE ( 'NONE',  #8501 ) ;
#8678 = B_SPLINE_CURVE_WITH_KNOTS ( 'NONE', 3,
 ( #1177, #1289, #272, #4012, #7528, #6746, #9328, #4845, #10407, #2189, #5856, #11199, #1116, #5748, #2240, #4790, #6633, #9494, #11438 ),
 .UNSPECIFIED., .F., .F.,
 ( 4, 1, 1, 1, 1, 1, 1, 1, 1, 1, 1, 1, 1, 1, 1, 1, 4 ),
 ( 0.000000000000000000, 0.06116154996539602262, 0.1203363801759607110, 0.1783898341784806996, 0.2358655101693931666, 0.2941823526725292348, 0.3532419669828831821, 0.4136922142579401718, 0.4761376879043046628, 0.5394336096482424958, 0.6023842390965561400, 0.6644303114771665797, 0.7277262332211056339, 0.7924691057685014917, 0.8591605019104376906, 0.9281559975465452084, 1.000000000000000000 ),
 .UNSPECIFIED. ) ;
#8679 = EDGE_CURVE ( 'NONE', #1338, #8245, #1086, .T. ) ;
#8680 = VERTEX_POINT ( 'NONE', #2701 ) ;
#8681 = VECTOR ( 'NONE', #10221, 1000.000000000000114 ) ;
#8682 = CARTESIAN_POINT ( 'NONE',  ( 25.95092147435896734, -11.68661399737739792, 3.500000000000003109 ) ) ;
#8683 = ORIENTED_EDGE ( 'NONE', *, *, #6439, .F. ) ;
#8684 = CARTESIAN_POINT ( 'NONE',  ( 25.27925976956783671, -11.71553789794577050, 4.000000000000000000 ) ) ;
#8685 = CARTESIAN_POINT ( 'NONE',  ( 9.199999999999995737, 18.00000000000000000, 10.09999999999999964 ) ) ;
#8686 = CARTESIAN_POINT ( 'NONE',  ( -42.96999999999999176, 7.049999999999990052, 2.000000000000000000 ) ) ;
#8687 = FACE_OUTER_BOUND ( 'NONE', #11837, .T. ) ;
#8688 = CARTESIAN_POINT ( 'NONE',  ( 25.66465490110361358, 4.825130640993461562, 5.999999999999998224 ) ) ;
#8689 = FACE_OUTER_BOUND ( 'NONE', #6893, .T. ) ;
#8690 = EDGE_CURVE ( 'NONE', #1437, #10415, #7, .T. ) ;
#8691 = ORIENTED_EDGE ( 'NONE', *, *, #4658, .T. ) ;
#8692 = CARTESIAN_POINT ( 'NONE',  ( 28.46144768585918783, -12.64271460240369827, 3.999999999999996447 ) ) ;
#8693 = ORIENTED_EDGE ( 'NONE', *, *, #7681, .F. ) ;
#8694 = ORIENTED_EDGE ( 'NONE', *, *, #1205, .T. ) ;
#8695 = DIRECTION ( 'NONE',  ( 0.7071067811865495711, -0.7071067811865454633, -0.000000000000000000 ) ) ;
#8696 = CARTESIAN_POINT ( 'NONE',  ( 28.19999999999999929, -15.00000000000001421, -8.673617379884035472E-16 ) ) ;
#8697 = ORIENTED_EDGE ( 'NONE', *, *, #7621, .T. ) ;
#8698 = CARTESIAN_POINT ( 'NONE',  ( 24.28840209830343255, -13.55584544801178204, 4.000000000000000000 ) ) ;
#8699 = ORIENTED_EDGE ( 'NONE', *, *, #2018, .T. ) ;
#8700 = EDGE_CURVE ( 'NONE', #5275, #2460, #9462, .T. ) ;
#8701 = CARTESIAN_POINT ( 'NONE',  ( 24.52564102564101844, -3.994306305069704965, 4.000000000000000000 ) ) ;
#8702 = DIRECTION ( 'NONE',  ( -0.000000000000000000, 0.000000000000000000, 1.000000000000000000 ) ) ;
#8703 = EDGE_LOOP ( 'NONE', ( #8148, #6402, #7612, #9771 ) ) ;
#8704 = CARTESIAN_POINT ( 'NONE',  ( -9.199999999999995737, 10.60000000000000142, 3.500000000000000000 ) ) ;
#8705 = FACE_OUTER_BOUND ( 'NONE', #1932, .T. ) ;
#8706 = EDGE_CURVE ( 'NONE', #6184, #6958, #3301, .T. ) ;
#8707 = ORIENTED_EDGE ( 'NONE', *, *, #11276, .T. ) ;
#8708 = ORIENTED_EDGE ( 'NONE', *, *, #6523, .T. ) ;
#8709 = DIRECTION ( 'NONE',  ( 0.000000000000000000, -0.000000000000000000, -1.000000000000000000 ) ) ;
#8710 = VECTOR ( 'NONE', #5314, 1000.000000000000000 ) ;
#8711 = DIRECTION ( 'NONE',  ( -0.1951293884378708099, 0.9807775087999636154, 0.000000000000000000 ) ) ;
#8712 = ORIENTED_EDGE ( 'NONE', *, *, #8498, .T. ) ;
#8713 = CARTESIAN_POINT ( 'NONE',  ( 26.75763990207072851, -9.379211442971557844, 3.999999999999993339 ) ) ;
#8714 = FACE_OUTER_BOUND ( 'NONE', #2252, .T. ) ;
#8715 = DIRECTION ( 'NONE',  ( -0.000000000000000000, -0.000000000000000000, 1.000000000000000000 ) ) ;
#8716 = AXIS2_PLACEMENT_3D ( 'NONE', #5250, #8784, #3324 ) ;
#8717 = CYLINDRICAL_SURFACE ( 'NONE', #11135, 1.100000000000003642 ) ;
#8718 = CARTESIAN_POINT ( 'NONE',  ( 26.43308783651143656, -12.59769813188386145, 3.500000000000003109 ) ) ;
#8719 = CIRCLE ( 'NONE', #3558, 0.9750000000000001998 ) ;
#8720 = PLANE ( 'NONE',  #10512 ) ;
#8721 = DIRECTION ( 'NONE',  ( -0.000000000000000000, 0.000000000000000000, 1.000000000000000000 ) ) ;
#8722 = CARTESIAN_POINT ( 'NONE',  ( -18.99999999999999645, 1.549999999999988942, 1.000000000000000888 ) ) ;
#8723 = PLANE ( 'NONE',  #181 ) ;
#8724 = CARTESIAN_POINT ( 'NONE',  ( -52.99999999999998579, -18.00000000000001066, 1.999999999999998224 ) ) ;
#8725 = VERTEX_POINT ( 'NONE', #8424 ) ;
#8726 = LINE ( 'NONE', #6094, #2333 ) ;
#8727 = AXIS2_PLACEMENT_3D ( 'NONE', #9020, #1587, #685 ) ;
#8728 = DIRECTION ( 'NONE',  ( -1.541976423090495880E-16, -1.000000000000000000, 0.000000000000000000 ) ) ;
#8729 = DIRECTION ( 'NONE',  ( 0.000000000000000000, 0.000000000000000000, 1.000000000000000000 ) ) ;
#8730 = CARTESIAN_POINT ( 'NONE',  ( 20.99999999999998934, 1.550000000000006262, 2.000000000000001776 ) ) ;
#8731 = EDGE_CURVE ( 'NONE', #10667, #2947, #10192, .T. ) ;
#8732 = CARTESIAN_POINT ( 'NONE',  ( 24.44874007111405589, -14.87387744734469130, 3.500000000000003109 ) ) ;
#8733 = AXIS2_PLACEMENT_3D ( 'NONE', #7950, #507, #4188 ) ;
#8734 = DIRECTION ( 'NONE',  ( -0.000000000000000000, -0.000000000000000000, 1.000000000000000000 ) ) ;
#8735 = ORIENTED_EDGE ( 'NONE', *, *, #2958, .F. ) ;
#8736 = ORIENTED_EDGE ( 'NONE', *, *, #9375, .F. ) ;
#8737 = FACE_BOUND ( 'NONE', #6951, .T. ) ;
#8738 = CARTESIAN_POINT ( 'NONE',  ( -48.89999999999998437, -10.45000000000001172, -6.211269837220810608 ) ) ;
#8739 = FACE_BOUND ( 'NONE', #3785, .T. ) ;
#8740 = CARTESIAN_POINT ( 'NONE',  ( 26.76801249664699611, -9.583329873808478894, 3.499999999999996003 ) ) ;
#8741 = EDGE_CURVE ( 'NONE', #2329, #3488, #10380, .T. ) ;
#8742 = CARTESIAN_POINT ( 'NONE',  ( 24.05144284148500944, 5.924999999999996270, 5.999999999999998224 ) ) ;
#8743 = CARTESIAN_POINT ( 'NONE',  ( 25.87072065702534474, -9.531609359230628797, 4.000000000000000000 ) ) ;
#8744 = CIRCLE ( 'NONE', #8186, 1.100000000000000311 ) ;
#8745 = DIRECTION ( 'NONE',  ( -1.000000000000000000, 0.000000000000000000, 0.000000000000000000 ) ) ;
#8746 = FACE_BOUND ( 'NONE', #3567, .T. ) ;
#8747 = ORIENTED_EDGE ( 'NONE', *, *, #6357, .F. ) ;
#8748 = DIRECTION ( 'NONE',  ( -1.000000000000000000, 0.000000000000000000, 0.000000000000000000 ) ) ;
#8749 = ORIENTED_EDGE ( 'NONE', *, *, #60, .T. ) ;
#8750 = VERTEX_POINT ( 'NONE', #7498 ) ;
#8751 = DIRECTION ( 'NONE',  ( 0.000000000000000000, 1.000000000000000000, 0.000000000000000000 ) ) ;
#8752 = ORIENTED_EDGE ( 'NONE', *, *, #10311, .F. ) ;
#8753 = CARTESIAN_POINT ( 'NONE',  ( 5.199999999999996625, 11.60000000000000320, 2.000000000000000000 ) ) ;
#8754 = ORIENTED_EDGE ( 'NONE', *, *, #9359, .F. ) ;
#8755 = AXIS2_PLACEMENT_3D ( 'NONE', #5143, #11572, #8093 ) ;
#8756 = CARTESIAN_POINT ( 'NONE',  ( 24.53318623672983634, -13.88971113978479188, 3.500000000000010214 ) ) ;
#8757 = VERTEX_POINT ( 'NONE', #4823 ) ;
#8758 = VERTEX_POINT ( 'NONE', #11353 ) ;
#8759 = EDGE_CURVE ( 'NONE', #5173, #8080, #189, .T. ) ;
#8760 = EDGE_CURVE ( 'NONE', #2406, #1115, #1208, .T. ) ;
#8761 = ADVANCED_FACE ( 'NONE', ( #6774 ), #7557, .F. ) ;
#8762 = CARTESIAN_POINT ( 'NONE',  ( 25.99999999999999289, 7.050000000000004263, 1.799999999999999600 ) ) ;
#8763 = AXIS2_PLACEMENT_3D ( 'NONE', #6722, #4223, #6835 ) ;
#8764 = LINE ( 'NONE', #4104, #3989 ) ;
#8765 = ORIENTED_EDGE ( 'NONE', *, *, #11331, .F. ) ;
#8766 = ORIENTED_EDGE ( 'NONE', *, *, #11595, .T. ) ;
#8767 = LINE ( 'NONE', #7808, #10841 ) ;
#8768 = DIRECTION ( 'NONE',  ( 0.000000000000000000, 0.000000000000000000, 1.000000000000000000 ) ) ;
#8769 = AXIS2_PLACEMENT_3D ( 'NONE', #11347, #10490, #9408 ) ;
#8770 = ORIENTED_EDGE ( 'NONE', *, *, #10973, .F. ) ;
#8771 = ADVANCED_FACE ( 'NONE', ( #364 ), #3176, .F. ) ;
#8772 = VECTOR ( 'NONE', #1847, 1000.000000000000000 ) ;
#8773 = EDGE_LOOP ( 'NONE', ( #8895, #8221, #1417, #9146 ) ) ;
#8774 = ADVANCED_FACE ( 'NONE', ( #2217 ), #3119, .T. ) ;
#8775 = CARTESIAN_POINT ( 'NONE',  ( 24.61402470330097003, -8.793071464135566728, 3.500000000000003109 ) ) ;
#8776 = EDGE_LOOP ( 'NONE', ( #7941, #2511, #10376, #6447 ) ) ;
#8777 = ADVANCED_FACE ( 'NONE', ( #10498 ), #2037, .F. ) ;
#8778 = EDGE_CURVE ( 'NONE', #5229, #3560, #9527, .T. ) ;
#8779 = CARTESIAN_POINT ( 'NONE',  ( 20.99999999999998934, 13.55000000000000959, 2.000000000000001776 ) ) ;
#8780 = AXIS2_PLACEMENT_3D ( 'NONE', #9355, #1078, #8348 ) ;
#8781 = ORIENTED_EDGE ( 'NONE', *, *, #10943, .T. ) ;
#8782 = VECTOR ( 'NONE', #176, 1000.000000000000000 ) ;
#8783 = LINE ( 'NONE', #3321, #11605 ) ;
#8784 = DIRECTION ( 'NONE',  ( 0.9202767051723166336, -0.3912681764687553354, 0.000000000000000000 ) ) ;
#8785 = CARTESIAN_POINT ( 'NONE',  ( 23.65253605882226751, -10.30500652059306432, 3.999999999999991562 ) ) ;
#8786 = ADVANCED_FACE ( 'NONE', ( #8642 ), #424, .F. ) ;
#8787 = DIRECTION ( 'NONE',  ( 0.000000000000000000, 0.000000000000000000, 1.000000000000000000 ) ) ;
#8788 = ORIENTED_EDGE ( 'NONE', *, *, #2365, .T. ) ;
#8789 = DIRECTION ( 'NONE',  ( 0.000000000000000000, -0.000000000000000000, -1.000000000000000000 ) ) ;
#8790 = AXIS2_PLACEMENT_3D ( 'NONE', #10483, #4860, #2092 ) ;
#8791 = DIRECTION ( 'NONE',  ( 0.000000000000000000, 1.000000000000000000, 0.000000000000000000 ) ) ;
#8792 = CARTESIAN_POINT ( 'NONE',  ( 24.49055872867822714, -6.379845696135678423, 3.999999999999996447 ) ) ;
#8793 = CARTESIAN_POINT ( 'NONE',  ( 23.43775739702924454, -6.626731722140275060, 3.499999999999999556 ) ) ;
#8794 = ORIENTED_EDGE ( 'NONE', *, *, #333, .F. ) ;
#8795 = CARTESIAN_POINT ( 'NONE',  ( 0.000000000000000000, 0.000000000000000000, 10.09999999999999964 ) ) ;
#8796 = ORIENTED_EDGE ( 'NONE', *, *, #6427, .F. ) ;
#8797 = DIRECTION ( 'NONE',  ( 0.000000000000000000, -1.000000000000000000, 0.000000000000000000 ) ) ;
#8798 = FACE_OUTER_BOUND ( 'NONE', #4199, .T. ) ;
#8799 = EDGE_LOOP ( 'NONE', ( #674, #4273, #7439, #3781 ) ) ;
#8800 = CARTESIAN_POINT ( 'NONE',  ( 41.19999999999999574, 37.55000000000001137, 1.025000000000002354 ) ) ;
#8801 = AXIS2_PLACEMENT_3D ( 'NONE', #2658, #6324, #1771 ) ;
#8802 = AXIS2_PLACEMENT_3D ( 'NONE', #599, #7985, #2630 ) ;
#8803 = DIRECTION ( 'NONE',  ( 0.9469429323001137266, 0.3214017469878818201, 0.000000000000000000 ) ) ;
#8804 = CARTESIAN_POINT ( 'NONE',  ( 24.31379886897115128, -14.81906728179008148, 3.999999999999967137 ) ) ;
#8805 = DIRECTION ( 'NONE',  ( 0.000000000000000000, 0.000000000000000000, 1.000000000000000000 ) ) ;
#8806 = ORIENTED_EDGE ( 'NONE', *, *, #1268, .T. ) ;
#8807 = ORIENTED_EDGE ( 'NONE', *, *, #793, .F. ) ;
#8808 = DIRECTION ( 'NONE',  ( -0.04677265186363323973, -0.9989055606200435422, 0.000000000000000000 ) ) ;
#8809 = CARTESIAN_POINT ( 'NONE',  ( 24.26923076923076295, -9.424995407633808497, 4.000000000000000000 ) ) ;
#8810 = AXIS2_PLACEMENT_3D ( 'NONE', #2442, #10847, #11769 ) ;
#8811 = CARTESIAN_POINT ( 'NONE',  ( 5.999999999999997335, 10.60000000000000142, 0.000000000000000000 ) ) ;
#8812 = CARTESIAN_POINT ( 'NONE',  ( 26.65569768216054669, -10.12810008897223391, 3.500000000000003109 ) ) ;
#8813 = PLANE ( 'NONE',  #7432 ) ;
#8814 = CARTESIAN_POINT ( 'NONE',  ( 24.59505810192151642, -14.92497852277270098, 3.499999999999999556 ) ) ;
#8815 = CARTESIAN_POINT ( 'NONE',  ( 25.99999999999999289, 7.050000000000004263, 1.799999999999999600 ) ) ;
#8816 = CARTESIAN_POINT ( 'NONE',  ( 26.87040177332042035, -11.74128761603701143, 3.500000000000003109 ) ) ;
#8817 = ORIENTED_EDGE ( 'NONE', *, *, #6808, .T. ) ;
#8818 = EDGE_LOOP ( 'NONE', ( #4464, #6529, #3308, #4747 ) ) ;
#8819 = ADVANCED_FACE ( 'NONE', ( #11233 ), #6833, .F. ) ;
#8820 = DIRECTION ( 'NONE',  ( 0.000000000000000000, 1.000000000000000000, 0.000000000000000000 ) ) ;
#8821 = ORIENTED_EDGE ( 'NONE', *, *, #5182, .T. ) ;
#8822 = ORIENTED_EDGE ( 'NONE', *, *, #7591, .F. ) ;
#8823 = CARTESIAN_POINT ( 'NONE',  ( 24.46240830770814867, -13.83249763918791864, 3.500000000000003109 ) ) ;
#8824 = ORIENTED_EDGE ( 'NONE', *, *, #5652, .F. ) ;
#8825 = ADVANCED_FACE ( 'NONE', ( #9415 ), #8533, .T. ) ;
#8826 = LINE ( 'NONE', #1508, #1700 ) ;
#8827 = CARTESIAN_POINT ( 'NONE',  ( 20.99999999999998934, 25.55000000000001492, 2.000000000000001776 ) ) ;
#8828 = CARTESIAN_POINT ( 'NONE',  ( 23.37179487179486514, -9.373913676864576772, 3.499999999999996003 ) ) ;
#8829 = CIRCLE ( 'NONE', #9565, 1.100000000000000311 ) ;
#8830 = VERTEX_POINT ( 'NONE', #11297 ) ;
#8831 = ORIENTED_EDGE ( 'NONE', *, *, #11883, .T. ) ;
#8832 = CYLINDRICAL_SURFACE ( 'NONE', #4138, 2.624999999999998668 ) ;
#8833 = CARTESIAN_POINT ( 'NONE',  ( 0.000000000000000000, 0.000000000000000000, 2.000000000000000000 ) ) ;
#8834 = VERTEX_POINT ( 'NONE', #11598 ) ;
#8835 = ORIENTED_EDGE ( 'NONE', *, *, #9997, .T. ) ;
#8836 = EDGE_CURVE ( 'NONE', #1164, #5444, #1509, .T. ) ;
#8837 = LINE ( 'NONE', #849, #1679 ) ;
#8838 = AXIS2_PLACEMENT_3D ( 'NONE', #4237, #631, #8787 ) ;
#8839 = VERTEX_POINT ( 'NONE', #10754 ) ;
#8840 = CARTESIAN_POINT ( 'NONE',  ( 25.99799679487178850, -14.18661399737739792, 3.500000000000006661 ) ) ;
#8841 = DIRECTION ( 'NONE',  ( 0.000000000000000000, -8.673617379884035472E-16, 1.000000000000000000 ) ) ;
#8842 = ORIENTED_EDGE ( 'NONE', *, *, #4995, .F. ) ;
#8843 = VECTOR ( 'NONE', #8272, 1000.000000000000000 ) ;
#8844 = LINE ( 'NONE', #8965, #7750 ) ;
#8845 = DIRECTION ( 'NONE',  ( 1.000000000000000000, -0.000000000000000000, -0.000000000000000000 ) ) ;
#8846 = CARTESIAN_POINT ( 'NONE',  ( 23.39970072277616708, -9.709196161057121799, 3.500000000000003109 ) ) ;
#8847 = FACE_OUTER_BOUND ( 'NONE', #5011, .T. ) ;
#8848 = EDGE_CURVE ( 'NONE', #4095, #10077, #8297, .T. ) ;
#8849 = VERTEX_POINT ( 'NONE', #10690 ) ;
#8850 = DIRECTION ( 'NONE',  ( 0.000000000000000000, 1.000000000000000000, -0.000000000000000000 ) ) ;
#8851 = DIRECTION ( 'NONE',  ( -1.000000000000000000, 0.000000000000000000, 0.000000000000000000 ) ) ;
#8852 =( LENGTH_UNIT ( ) NAMED_UNIT ( * ) SI_UNIT ( .MILLI., .METRE. ) );
#8853 = ORIENTED_EDGE ( 'NONE', *, *, #47, .F. ) ;
#8854 = LINE ( 'NONE', #7893, #6827 ) ;
#8855 = VERTEX_POINT ( 'NONE', #1633 ) ;
#8856 = LINE ( 'NONE', #5858, #5224 ) ;
#8857 = CARTESIAN_POINT ( 'NONE',  ( 25.57765273266973693, -8.895808872044877802, 3.500000000000003109 ) ) ;
#8858 = EDGE_CURVE ( 'NONE', #2641, #9334, #6067, .T. ) ;
#8859 = DIRECTION ( 'NONE',  ( -1.000000000000000000, 0.000000000000000000, 0.000000000000000000 ) ) ;
#8860 = DIRECTION ( 'NONE',  ( -0.000000000000000000, -0.000000000000000000, 1.000000000000000000 ) ) ;
#8861 = DIRECTION ( 'NONE',  ( -1.000000000000000000, 0.000000000000000000, 0.000000000000000000 ) ) ;
#8862 = VECTOR ( 'NONE', #9046, 1000.000000000000000 ) ;
#8863 = EDGE_CURVE ( 'NONE', #10304, #9492, #8889, .T. ) ;
#8864 = CARTESIAN_POINT ( 'NONE',  ( 23.44867934338420667, 7.667566115590556564, 5.999999999999998224 ) ) ;
#8865 = CARTESIAN_POINT ( 'NONE',  ( 26.82476896427944624, -14.13406248658068520, 4.000000000000007105 ) ) ;
#8866 = CARTESIAN_POINT ( 'NONE',  ( -49.99999999999998579, 9.549999999999988276, 1.000000000000000888 ) ) ;
#8867 = VERTEX_POINT ( 'NONE', #7086 ) ;
#8868 = EDGE_LOOP ( 'NONE', ( #11414, #6082, #4010, #1947 ) ) ;
#8869 = CARTESIAN_POINT ( 'NONE',  ( 25.87111837412344428, -11.68710049682171181, 3.999999999999996447 ) ) ;
#8870 = CARTESIAN_POINT ( 'NONE',  ( 24.32537835577652885, -9.704229962722175529, 4.000000000000003553 ) ) ;
#8871 = VECTOR ( 'NONE', #4340, 1000.000000000000000 ) ;
#8872 = CARTESIAN_POINT ( 'NONE',  ( 26.74281309998059442, -9.841444605523706812, 4.000000000000004441 ) ) ;
#8873 = DIRECTION ( 'NONE',  ( 1.000000000000000000, 3.854941057726238097E-16, -0.000000000000000000 ) ) ;
#8874 = LINE ( 'NONE', #5283, #4468 ) ;
#8875 = LINE ( 'NONE', #653, #338 ) ;
#8876 = CARTESIAN_POINT ( 'NONE',  ( 32.74999999999999289, -15.00000000000000000, -2.969848480983499961 ) ) ;
#8878 = CARTESIAN_POINT ( 'NONE',  ( 47.19999999999998863, 10.54999999999999005, -1.734723475976807094E-15 ) ) ;
#8877 = CIRCLE ( 'NONE', #11173, 1.100000000000003642 ) ;
#8879 = VERTEX_POINT ( 'NONE', #667 ) ;
#8880 = ORIENTED_EDGE ( 'NONE', *, *, #1649, .F. ) ;
#8881 = FACE_OUTER_BOUND ( 'NONE', #9250, .T. ) ;
#8882 = ORIENTED_EDGE ( 'NONE', *, *, #831, .F. ) ;
#8883 = DIRECTION ( 'NONE',  ( 1.000000000000000000, 0.000000000000000000, -0.000000000000000000 ) ) ;
#8884 = ORIENTED_EDGE ( 'NONE', *, *, #10353, .F. ) ;
#8885 = CARTESIAN_POINT ( 'NONE',  ( 24.46240830770814867, -13.83249763918791864, 4.000000000000003553 ) ) ;
#8886 = ORIENTED_EDGE ( 'NONE', *, *, #6587, .T. ) ;
#8887 = ORIENTED_EDGE ( 'NONE', *, *, #5346, .T. ) ;
#8888 = CARTESIAN_POINT ( 'NONE',  ( -49.99999999999998579, 9.549999999999988276, -6.211269837220810608 ) ) ;
#8889 = LINE ( 'NONE', #2401, #10391 ) ;
#8890 = CARTESIAN_POINT ( 'NONE',  ( 14.99999999999999289, -2.999999999999992450, 0.000000000000000000 ) ) ;
#8891 = EDGE_CURVE ( 'NONE', #6664, #35, #6009, .T. ) ;
#8892 = VERTEX_POINT ( 'NONE', #8701 ) ;
#8893 = CARTESIAN_POINT ( 'NONE',  ( 23.64599720045550058, -8.413774173196451045, 3.500000000000003109 ) ) ;
#8894 = CARTESIAN_POINT ( 'NONE',  ( 28.62820512820512064, -13.37030790763380850, 4.000000000000000000 ) ) ;
#8895 = ORIENTED_EDGE ( 'NONE', *, *, #10826, .F. ) ;
#8896 = ORIENTED_EDGE ( 'NONE', *, *, #4517, .F. ) ;
#8897 = EDGE_CURVE ( 'NONE', #3560, #9687, #3366, .T. ) ;
#8898 = LINE ( 'NONE', #8070, #11256 ) ;
#8899 = EDGE_LOOP ( 'NONE', ( #2525, #10348, #1745, #11046, #1741, #3650, #4410 ) ) ;
#8900 = CARTESIAN_POINT ( 'NONE',  ( 9.199999999999999289, -17.99999999999999289, 2.000000000000000000 ) ) ;
#8901 = DIRECTION ( 'NONE',  ( 0.000000000000000000, 0.000000000000000000, 1.000000000000000000 ) ) ;
#8902 = LINE ( 'NONE', #5482, #9110 ) ;
#8903 = EDGE_CURVE ( 'NONE', #10815, #2406, #2523, .T. ) ;
#8904 = ORIENTED_EDGE ( 'NONE', *, *, #8376, .F. ) ;
#8905 = CARTESIAN_POINT ( 'NONE',  ( -59.10000000000000142, -10.45000000000001528, -3.111269837220808299 ) ) ;
#8906 = CARTESIAN_POINT ( 'NONE',  ( -12.00000000000000000, 9.549999999999998934, 0.000000000000000000 ) ) ;
#8907 = CARTESIAN_POINT ( 'NONE',  ( -60.79999999999999005, -18.00000000000000711, 1.734723475976807094E-15 ) ) ;
#8908 = ORIENTED_EDGE ( 'NONE', *, *, #5611, .F. ) ;
#8909 = VERTEX_POINT ( 'NONE', #7993 ) ;
#8910 = VECTOR ( 'NONE', #6256, 1000.000000000000000 ) ;
#8911 = LINE ( 'NONE', #9860, #942 ) ;
#8912 = FACE_OUTER_BOUND ( 'NONE', #7931, .T. ) ;
#8913 = DIRECTION ( 'NONE',  ( -0.000000000000000000, -0.000000000000000000, -1.000000000000000000 ) ) ;
#8914 = EDGE_LOOP ( 'NONE', ( #6116, #8528, #1219, #11478 ) ) ;
#8915 = DIRECTION ( 'NONE',  ( -0.000000000000000000, -0.000000000000000000, -1.000000000000000000 ) ) ;
#8916 = EDGE_LOOP ( 'NONE', ( #9902, #2927 ) ) ;
#8917 = DIRECTION ( 'NONE',  ( -0.9926170934246469901, -0.1212901720717943777, 0.000000000000000000 ) ) ;
#8918 = CARTESIAN_POINT ( 'NONE',  ( 24.71794871794871185, -7.712255023018423472, 3.499999999999999556 ) ) ;
#8919 = ADVANCED_FACE ( 'NONE', ( #5298 ), #4222, .F. ) ;
#8920 = EDGE_CURVE ( 'NONE', #8849, #2952, #11165, .T. ) ;
#8921 = CARTESIAN_POINT ( 'NONE',  ( -6.000000000000002665, 10.60000000000000142, 0.000000000000000000 ) ) ;
#8922 = ORIENTED_EDGE ( 'NONE', *, *, #11751, .T. ) ;
#8923 = DIRECTION ( 'NONE',  ( 1.000000000000000000, 0.000000000000000000, 0.000000000000000000 ) ) ;
#8924 = AXIS2_PLACEMENT_3D ( 'NONE', #6048, #7850, #11580 ) ;
#8925 = LINE ( 'NONE', #2717, #9429 ) ;
#8926 = VECTOR ( 'NONE', #6535, 1000.000000000000000 ) ;
#8927 = CARTESIAN_POINT ( 'NONE',  ( 47.19999999999998863, -13.45000000000001350, -1.734723475976807094E-15 ) ) ;
#8928 = ORIENTED_EDGE ( 'NONE', *, *, #7271, .T. ) ;
#8929 = CARTESIAN_POINT ( 'NONE',  ( 27.12728291359444910, -14.06591858515577975, 3.499999999999999556 ) ) ;
#8930 = LINE ( 'NONE', #4260, #9549 ) ;
#8931 = VECTOR ( 'NONE', #2928, 1000.000000000000000 ) ;
#8932 = DIRECTION ( 'NONE',  ( 0.000000000000000000, -0.000000000000000000, -1.000000000000000000 ) ) ;
#8933 = DIRECTION ( 'NONE',  ( -1.000000000000000000, 0.000000000000000000, 0.000000000000000000 ) ) ;
#8934 = CARTESIAN_POINT ( 'NONE',  ( 26.30474477849694637, -10.61588740189183788, 3.499999999999996003 ) ) ;
#8935 = ADVANCED_FACE ( 'NONE', ( #10814 ), #11537, .F. ) ;
#8936 = DIRECTION ( 'NONE',  ( -3.854941057726238097E-16, 1.000000000000000000, 0.000000000000000000 ) ) ;
#8937 = CARTESIAN_POINT ( 'NONE',  ( 24.18922023675434829, -14.75819930554807335, 3.500000000000006661 ) ) ;
#8938 = LINE ( 'NONE', #7187, #11766 ) ;
#8939 = AXIS2_PLACEMENT_3D ( 'NONE', #572, #4249, #6983 ) ;
#8940 = DIRECTION ( 'NONE',  ( -1.000000000000000000, 0.000000000000000000, 0.000000000000000000 ) ) ;
#8941 = ORIENTED_EDGE ( 'NONE', *, *, #4533, .T. ) ;
#8942 = EDGE_LOOP ( 'NONE', ( #9932, #2520 ) ) ;
#8943 = CARTESIAN_POINT ( 'NONE',  ( -34.56999999999999318, 7.049999999999989164, 1.000000000000013101 ) ) ;
#8944 = ORIENTED_EDGE ( 'NONE', *, *, #8506, .F. ) ;
#8945 = ORIENTED_EDGE ( 'NONE', *, *, #5492, .T. ) ;
#8946 = ORIENTED_EDGE ( 'NONE', *, *, #3237, .T. ) ;
#8947 = VERTEX_POINT ( 'NONE', #5171 ) ;
#8948 = EDGE_CURVE ( 'NONE', #8571, #5211, #6369, .T. ) ;
#8949 = VECTOR ( 'NONE', #10480, 1000.000000000000000 ) ;
#8950 = CARTESIAN_POINT ( 'NONE',  ( 23.90553406555052973, 7.872017304824388439, 3.599999999999999201 ) ) ;
#8951 = CARTESIAN_POINT ( 'NONE',  ( 26.80649970691522554, 4.551964127009855865, 6.797529781440644570 ) ) ;
#8952 = CARTESIAN_POINT ( 'NONE',  ( 23.41951716871267664, -8.930310380465369846, 3.499999999999999556 ) ) ;
#8953 = LINE ( 'NONE', #732, #1370 ) ;
#8954 = ORIENTED_EDGE ( 'NONE', *, *, #11894, .T. ) ;
#8955 = ORIENTED_EDGE ( 'NONE', *, *, #7028, .T. ) ;
#8956 = CARTESIAN_POINT ( 'NONE',  ( 27.63841264388332064, -13.71302493319884164, 3.500000000000006661 ) ) ;
#8957 = VECTOR ( 'NONE', #11710, 1000.000000000000000 ) ;
#8958 = ORIENTED_EDGE ( 'NONE', *, *, #9855, .F. ) ;
#8959 = CARTESIAN_POINT ( 'NONE',  ( 23.98277243589742724, -6.045588356351756509, 3.999999999999996447 ) ) ;
#8960 = CARTESIAN_POINT ( 'NONE',  ( 41.19999999999998863, -18.00000000000000355, -8.673617379884035472E-16 ) ) ;
#8961 = EDGE_CURVE ( 'NONE', #8970, #4098, #9776, .T. ) ;
#8962 = VERTEX_POINT ( 'NONE', #5106 ) ;
#8963 = VECTOR ( 'NONE', #105, 1000.000000000000000 ) ;
#8964 = ORIENTED_EDGE ( 'NONE', *, *, #4876, .T. ) ;
#8965 = CARTESIAN_POINT ( 'NONE',  ( 9.199999999999995737, -10.59999999999999787, 3.500000000000000000 ) ) ;
#8966 = VECTOR ( 'NONE', #4088, 1000.000000000000114 ) ;
#8967 = CARTESIAN_POINT ( 'NONE',  ( 47.19999999999998863, 22.54999999999998650, -1.734723475976807094E-15 ) ) ;
#8968 = ORIENTED_EDGE ( 'NONE', *, *, #5091, .T. ) ;
#8969 = ADVANCED_FACE ( 'NONE', ( #607 ), #7149, .T. ) ;
#8970 = VERTEX_POINT ( 'NONE', #4277 ) ;
#8971 = FACE_OUTER_BOUND ( 'NONE', #10917, .T. ) ;
#8972 = CARTESIAN_POINT ( 'NONE',  ( -18.99999999999999645, 13.54999999999998828, 1.734723475976807094E-15 ) ) ;
#8973 = CARTESIAN_POINT ( 'NONE',  ( 5.999999999999997335, 10.60000000000000142, 0.000000000000000000 ) ) ;
#8974 = DIRECTION ( 'NONE',  ( 1.000000000000000000, 0.000000000000000000, 0.000000000000000000 ) ) ;
#8975 = VECTOR ( 'NONE', #10123, 1000.000000000000000 ) ;
#8976 = ORIENTED_EDGE ( 'NONE', *, *, #7348, .T. ) ;
#8977 = AXIS2_PLACEMENT_3D ( 'NONE', #7802, #2338, #2576 ) ;
#8978 = EDGE_CURVE ( 'NONE', #6899, #7099, #9819, .T. ) ;
#8979 = DIRECTION ( 'NONE',  ( -1.000000000000000000, 0.000000000000000000, 0.000000000000000000 ) ) ;
#8980 = CARTESIAN_POINT ( 'NONE',  ( 25.11157852564101844, -11.04558835635175740, 3.499999999999996003 ) ) ;
#8981 = DIRECTION ( 'NONE',  ( 9.637352644315597708E-17, -1.000000000000000000, 0.000000000000000000 ) ) ;
#8982 = DIRECTION ( 'NONE',  ( -0.000000000000000000, -0.000000000000000000, -1.000000000000000000 ) ) ;
#8983 = VECTOR ( 'NONE', #1163, 1000.000000000000000 ) ;
#8984 = AXIS2_PLACEMENT_3D ( 'NONE', #210, #8317, #270 ) ;
#8985 = CARTESIAN_POINT ( 'NONE',  ( 25.11595672024664694, -15.03324581362942425, 3.999999999999980904 ) ) ;
#8986 = EDGE_CURVE ( 'NONE', #9293, #10667, #3433, .T. ) ;
#8987 = CARTESIAN_POINT ( 'NONE',  ( 26.35722601711972146, 9.650579660901161816, 5.999999999999998224 ) ) ;
#8988 = CARTESIAN_POINT ( 'NONE',  ( -17.89999999999999503, 37.54999999999998295, 1.000000000000002665 ) ) ;
#8989 = ORIENTED_EDGE ( 'NONE', *, *, #7024, .T. ) ;
#8990 = CYLINDRICAL_SURFACE ( 'NONE', #7969, 2.624999999999998668 ) ;
#8991 = CARTESIAN_POINT ( 'NONE',  ( 24.27199301052571201, -9.498387080999680876, 3.499999999999996003 ) ) ;
#8992 = CARTESIAN_POINT ( 'NONE',  ( -25.99999999999999289, 9.549999999999988276, 0.000000000000000000 ) ) ;
#8993 = AXIS2_PLACEMENT_3D ( 'NONE', #1207, #2035, #3116 ) ;
#8994 = AXIS2_PLACEMENT_3D ( 'NONE', #5589, #9230, #3849 ) ;
#8995 = DIRECTION ( 'NONE',  ( -1.000000000000000000, 0.000000000000000000, 0.000000000000000000 ) ) ;
#8996 = FACE_OUTER_BOUND ( 'NONE', #2008, .T. ) ;
#8997 = DIRECTION ( 'NONE',  ( -1.000000000000000000, 0.000000000000000000, 0.000000000000000000 ) ) ;
#8998 = EDGE_CURVE ( 'NONE', #8245, #5272, #4402, .T. ) ;
#8999 = CARTESIAN_POINT ( 'NONE',  ( 26.06180129879212615, -11.68748465242142842, 3.500000000000003109 ) ) ;
#9000 = EDGE_LOOP ( 'NONE', ( #9525, #1130, #5433, #7117 ) ) ;
#9001 = ORIENTED_EDGE ( 'NONE', *, *, #10273, .T. ) ;
#9002 = DIRECTION ( 'NONE',  ( 1.000000000000000000, 0.000000000000000000, 0.000000000000000000 ) ) ;
#9003 = EDGE_CURVE ( 'NONE', #4584, #2764, #5235, .T. ) ;
#9004 = CARTESIAN_POINT ( 'NONE',  ( 25.02376158698549702, 5.022820047219557438, 6.797529781440644570 ) ) ;
#9005 = CIRCLE ( 'NONE', #4968, 1.250000000000001110 ) ;
#9006 = ORIENTED_EDGE ( 'NONE', *, *, #9203, .F. ) ;
#9007 = DIRECTION ( 'NONE',  ( 0.000000000000000000, 0.000000000000000000, 1.000000000000000000 ) ) ;
#9008 = ORIENTED_EDGE ( 'NONE', *, *, #7782, .T. ) ;
#9009 = CARTESIAN_POINT ( 'NONE',  ( 26.33534509889640063, 4.825130640993466891, 6.811805131996955254 ) ) ;
#9010 = DIRECTION ( 'NONE',  ( -0.000000000000000000, -0.000000000000000000, -1.000000000000000000 ) ) ;
#9011 = EDGE_CURVE ( 'NONE', #8867, #4413, #6301, .T. ) ;
#9012 = AXIS2_PLACEMENT_3D ( 'NONE', #1795, #5519, #9343 ) ;
#9013 = FACE_OUTER_BOUND ( 'NONE', #11158, .T. ) ;
#9014 = ORIENTED_EDGE ( 'NONE', *, *, #10676, .F. ) ;
#9015 = DIRECTION ( 'NONE',  ( -0.000000000000000000, -0.000000000000000000, -1.000000000000000000 ) ) ;
#9016 = VERTEX_POINT ( 'NONE', #10924 ) ;
#9017 = CARTESIAN_POINT ( 'NONE',  ( 27.79533191373339918, -14.76258535496946678, 3.499999999999999556 ) ) ;
#9018 = AXIS2_PLACEMENT_3D ( 'NONE', #2960, #375, #7389 ) ;
#9019 = ORIENTED_EDGE ( 'NONE', *, *, #11251, .T. ) ;
#9020 = CARTESIAN_POINT ( 'NONE',  ( 28.49999999999999289, -18.00000000000000000, 3.499999999999999556 ) ) ;
#9021 = ORIENTED_EDGE ( 'NONE', *, *, #10944, .F. ) ;
#9022 = ORIENTED_EDGE ( 'NONE', *, *, #11565, .F. ) ;
#9023 = LINE ( 'NONE', #808, #5077 ) ;
#9024 = CARTESIAN_POINT ( 'NONE',  ( 23.37653401374404893, -9.543537113745102829, 3.999999999999984457 ) ) ;
#9025 = VECTOR ( 'NONE', #5682, 1000.000000000000000 ) ;
#9026 = CARTESIAN_POINT ( 'NONE',  ( 3.700000000000001954, 11.60000000000000320, 2.000000000000000000 ) ) ;
#9027 = ORIENTED_EDGE ( 'NONE', *, *, #3679, .T. ) ;
#9028 = CARTESIAN_POINT ( 'NONE',  ( 25.99999999999999289, 9.300000000000004263, 6.806887048618888159 ) ) ;
#9029 = CARTESIAN_POINT ( 'NONE',  ( 24.36973024362137252, -6.203670602296711856, 3.499999999999999556 ) ) ;
#9030 = FACE_OUTER_BOUND ( 'NONE', #3054, .T. ) ;
#9031 = CARTESIAN_POINT ( 'NONE',  ( 30.99999999999999289, 12.05000000000000426, 6.000000000000008882 ) ) ;
#9032 = VECTOR ( 'NONE', #7107, 1000.000000000000000 ) ;
#9033 = LINE ( 'NONE', #8310, #3253 ) ;
#9034 = ORIENTED_EDGE ( 'NONE', *, *, #8425, .T. ) ;
#9035 = CARTESIAN_POINT ( 'NONE',  ( -54.99999999999999289, -18.00000000000000711, 1.734723475976807094E-15 ) ) ;
#9036 = DIRECTION ( 'NONE',  ( 0.000000000000000000, -0.000000000000000000, 1.000000000000000000 ) ) ;
#9037 = VECTOR ( 'NONE', #5418, 1000.000000000000000 ) ;
#9038 = DIRECTION ( 'NONE',  ( -0.000000000000000000, -0.000000000000000000, 1.000000000000000000 ) ) ;
#9039 = CARTESIAN_POINT ( 'NONE',  ( -17.89999999999999503, 1.549999999999988942, 1.734723475976807094E-15 ) ) ;
#9040 = CARTESIAN_POINT ( 'NONE',  ( 23.37179487179486514, -9.373913676864576772, 3.999999999999996447 ) ) ;
#9041 = CARTESIAN_POINT ( 'NONE',  ( -24.89999999999999147, -10.45000000000001172, -6.211269837220810608 ) ) ;
#9042 = CARTESIAN_POINT ( 'NONE',  ( 28.09446593444944185, 7.872017304824415973, 6.806862576270111376 ) ) ;
#9043 = VECTOR ( 'NONE', #9121, 1000.000000000000000 ) ;
#9044 = ADVANCED_FACE ( 'NONE', ( #2691 ), #6356, .F. ) ;
#9045 = FACE_OUTER_BOUND ( 'NONE', #10513, .T. ) ;
#9046 = DIRECTION ( 'NONE',  ( 1.156482317317871971E-16, 1.000000000000000000, -0.000000000000000000 ) ) ;
#9047 = LINE ( 'NONE', #833, #6160 ) ;
#9048 = ORIENTED_EDGE ( 'NONE', *, *, #4239, .T. ) ;
#9049 = CARTESIAN_POINT ( 'NONE',  ( -81.99999999999998579, 9.549999999999984723, 3.100000000000001865 ) ) ;
#9050 = ORIENTED_EDGE ( 'NONE', *, *, #7718, .T. ) ;
#9051 = VECTOR ( 'NONE', #5231, 1000.000000000000000 ) ;
#9052 = DIRECTION ( 'NONE',  ( 0.000000000000000000, 0.000000000000000000, -1.000000000000000000 ) ) ;
#9053 = CARTESIAN_POINT ( 'NONE',  ( -84.99999999999998579, -1.366094737331735587E-14, 3.100000000000001865 ) ) ;
#9054 = DIRECTION ( 'NONE',  ( -0.000000000000000000, -0.000000000000000000, -1.000000000000000000 ) ) ;
#9055 = ORIENTED_EDGE ( 'NONE', *, *, #1917, .F. ) ;
#9056 = DIRECTION ( 'NONE',  ( -0.9127669952117231089, -0.4084806145365558194, 0.000000000000000000 ) ) ;
#9057 = PLANE ( 'NONE',  #7424 ) ;
#9058 = CARTESIAN_POINT ( 'NONE',  ( -84.99999999999998579, -18.00000000000001421, 22.01137224000416381 ) ) ;
#9059 = EDGE_CURVE ( 'NONE', #8834, #4977, #8285, .T. ) ;
#9060 = EDGE_CURVE ( 'NONE', #11006, #1867, #5575, .T. ) ;
#9061 = ORIENTED_EDGE ( 'NONE', *, *, #5368, .T. ) ;
#9062 = DIRECTION ( 'NONE',  ( -1.000000000000000000, -1.445602896647339410E-16, 0.000000000000000000 ) ) ;
#9063 = ORIENTED_EDGE ( 'NONE', *, *, #1569, .F. ) ;
#9064 = VERTEX_POINT ( 'NONE', #5358 ) ;
#9065 = CARTESIAN_POINT ( 'NONE',  ( 27.68072711015760845, -13.63887194676185111, 3.499999999999999556 ) ) ;
#9066 = VERTEX_POINT ( 'NONE', #8342 ) ;
#9067 = CARTESIAN_POINT ( 'NONE',  ( 24.83019530096086314, 9.399932332239803401, 6.767750931287840999 ) ) ;
#9068 = EDGE_LOOP ( 'NONE', ( #6932, #7818, #3425, #6836 ) ) ;
#9069 = EDGE_CURVE ( 'NONE', #6546, #10285, #4661, .T. ) ;
#9070 = EDGE_LOOP ( 'NONE', ( #8463, #1038, #11384, #2068 ) ) ;
#9071 = B_SPLINE_SURFACE_WITH_KNOTS ( 'NONE', 3, 1, ( 
 ( #2192, #394 ),
 ( #8387, #8456 ),
 ( #4074, #10292 ),
 ( #11146, #6801 ),
 ( #9388, #276 ),
 ( #217, #2074 ),
 ( #4849, #8565 ),
 ( #5752, #10468 ),
 ( #5636, #4899 ),
 ( #3955, #7653 ),
 ( #7593, #3033 ) ),
 .UNSPECIFIED., .F., .F., .F.,
 ( 4, 1, 1, 1, 1, 1, 1, 1, 4 ),
 ( 2, 2 ),
 ( 0.000000000000000000, 0.1381355455281877975, 0.2684506686800450792, 0.3942530064338322648, 0.5180986679418649876, 0.6385184547224836971, 0.7569658908781730089, 0.8772747938537108769, 1.000000000000000000 ),
 ( 0.000000000000000000, 1.000000000000000000 ),
 .UNSPECIFIED. ) ;
#9072 = FACE_OUTER_BOUND ( 'NONE', #5886, .T. ) ;
#9073 = ORIENTED_EDGE ( 'NONE', *, *, #11318, .T. ) ;
#9074 = EDGE_LOOP ( 'NONE', ( #1359, #8036, #5811 ) ) ;
#9075 = ORIENTED_EDGE ( 'NONE', *, *, #4021, .F. ) ;
#9076 = CARTESIAN_POINT ( 'NONE',  ( 23.75567833011029606, -10.43684224632948698, 3.999999999999993339 ) ) ;
#9077 = CARTESIAN_POINT ( 'NONE',  ( 12.00000000000000000, -10.45000000000000107, -4.999999999999999112 ) ) ;
#9078 = LINE ( 'NONE', #3752, #1828 ) ;
#9079 = CARTESIAN_POINT ( 'NONE',  ( 23.70969798143390506, 8.332630758929520098, 6.806862576270114928 ) ) ;
#9080 = ORIENTED_EDGE ( 'NONE', *, *, #8998, .F. ) ;
#9081 = CARTESIAN_POINT ( 'NONE',  ( 23.74405816980866391, 8.392144350952246867, 6.747558652054626016 ) ) ;
#9082 = CARTESIAN_POINT ( 'NONE',  ( -28.24999999999999289, 9.549999999999988276, 1.000000000000000888 ) ) ;
#9083 = CARTESIAN_POINT ( 'NONE',  ( 28.09446593444944185, 7.872017304824415973, 5.999999999999998224 ) ) ;
#9084 = CARTESIAN_POINT ( 'NONE',  ( 28.62629250573736428, -13.49916156599612371, 3.500000000000003109 ) ) ;
#9085 = VERTEX_POINT ( 'NONE', #8226 ) ;
#9086 = CARTESIAN_POINT ( 'NONE',  ( 14.99999999999999645, 41.99999999999999289, 10.09999999999999964 ) ) ;
#9087 = CARTESIAN_POINT ( 'NONE',  ( 28.11754688168399596, -14.54821537846517998, 3.999999999999993339 ) ) ;
#9088 = DIRECTION ( 'NONE',  ( -1.000000000000000000, -1.445602896647339410E-16, 0.000000000000000000 ) ) ;
#9089 = CARTESIAN_POINT ( 'NONE',  ( 39.19999999999998863, 0.05000000000002571832, 4.000000000000000000 ) ) ;
#9090 = VECTOR ( 'NONE', #4165, 1000.000000000000000 ) ;
#9091 = DIRECTION ( 'NONE',  ( 0.000000000000000000, -1.000000000000000000, 0.000000000000000000 ) ) ;
#9092 = EDGE_CURVE ( 'NONE', #10827, #10116, #1801, .T. ) ;
#9093 = DIRECTION ( 'NONE',  ( 1.000000000000000000, 0.000000000000000000, 0.000000000000000000 ) ) ;
#9094 = CARTESIAN_POINT ( 'NONE',  ( 27.76011267211667288, 8.997467170828379324, 3.599999999999999201 ) ) ;
#9095 = CARTESIAN_POINT ( 'NONE',  ( -6.000000000000002665, 10.60000000000000142, 0.000000000000000000 ) ) ;
#9096 = VECTOR ( 'NONE', #2484, 1000.000000000000000 ) ;
#9097 = ORIENTED_EDGE ( 'NONE', *, *, #2918, .T. ) ;
#9098 = DIRECTION ( 'NONE',  ( 0.9469429323001137266, 0.3214017469878818201, 0.000000000000000000 ) ) ;
#9099 = EDGE_LOOP ( 'NONE', ( #5926, #520, #10297, #6065 ) ) ;
#9100 = AXIS2_PLACEMENT_3D ( 'NONE', #1829, #2615, #2782 ) ;
#9101 = EDGE_CURVE ( 'NONE', #5056, #858, #5470, .T. ) ;
#9102 = ORIENTED_EDGE ( 'NONE', *, *, #7207, .F. ) ;
#9103 = DIRECTION ( 'NONE',  ( -1.000000000000000000, 0.000000000000000000, -0.000000000000000000 ) ) ;
#9104 = PRODUCT_CONTEXT ( 'NONE', #1914, 'mechanical' ) ;
#9105 = ORIENTED_EDGE ( 'NONE', *, *, #273, .T. ) ;
#9106 = CARTESIAN_POINT ( 'NONE',  ( 28.43078105946538869, 6.059076975267870147, 6.784455972358868436 ) ) ;
#9107 = DIRECTION ( 'NONE',  ( 1.000000000000000000, 0.000000000000000000, 0.000000000000000000 ) ) ;
#9108 = DIRECTION ( 'NONE',  ( 0.000000000000000000, -0.000000000000000000, -1.000000000000000000 ) ) ;
#9109 = EDGE_CURVE ( 'NONE', #255, #5373, #11788, .T. ) ;
#9110 = VECTOR ( 'NONE', #9850, 1000.000000000000000 ) ;
#9111 = CIRCLE ( 'NONE', #7580, 0.9750000000000001998 ) ;
#9112 = CARTESIAN_POINT ( 'NONE',  ( 23.49999999999999289, -3.994306305069704965, 3.499999999999999556 ) ) ;
#9113 = DIRECTION ( 'NONE',  ( 0.000000000000000000, 0.000000000000000000, 1.000000000000000000 ) ) ;
#9114 = ORIENTED_EDGE ( 'NONE', *, *, #859, .F. ) ;
#9115 = ORIENTED_EDGE ( 'NONE', *, *, #2036, .T. ) ;
#9116 = CARTESIAN_POINT ( 'NONE',  ( 24.98933202215171079, -12.66893938426554911, 3.499999999999999556 ) ) ;
#9117 = ADVANCED_FACE ( 'NONE', ( #2745 ), #11846, .F. ) ;
#9118 = ADVANCED_FACE ( 'NONE', ( #4458, #8119 ), #2636, .T. ) ;
#9119 = ADVANCED_FACE ( 'NONE', ( #115, #7362, #3793, #1913 ), #9171, .T. ) ;
#9120 = AXIS2_PLACEMENT_3D ( 'NONE', #3880, #5842, #7633 ) ;
#9121 = DIRECTION ( 'NONE',  ( 0.000000000000000000, -1.000000000000000000, 0.000000000000000000 ) ) ;
#9122 = LINE ( 'NONE', #10993, #4934 ) ;
#9123 = ORIENTED_EDGE ( 'NONE', *, *, #9854, .T. ) ;
#9124 = ORIENTED_EDGE ( 'NONE', *, *, #7692, .T. ) ;
#9125 = DIRECTION ( 'NONE',  ( -0.000000000000000000, -0.000000000000000000, 1.000000000000000000 ) ) ;
#9126 = DIRECTION ( 'NONE',  ( 1.000000000000000000, -5.782411586589358625E-17, 0.000000000000000000 ) ) ;
#9127 = AXIS2_PLACEMENT_3D ( 'NONE', #1353, #4895, #3030 ) ;
#9128 = ADVANCED_FACE ( 'NONE', ( #54 ), #10127, .T. ) ;
#9129 = VERTEX_POINT ( 'NONE', #9401 ) ;
#9130 = CARTESIAN_POINT ( 'NONE',  ( 24.72869081394977542, -11.80189826027968181, 3.499999999999996003 ) ) ;
#9131 = CARTESIAN_POINT ( 'NONE',  ( -16.99999999999999645, 14.58077640640441430, 1.000000000000000888 ) ) ;
#9132 = VECTOR ( 'NONE', #2331, 1000.000000000000000 ) ;
#9133 = DIRECTION ( 'NONE',  ( 0.000000000000000000, -0.000000000000000000, 1.000000000000000000 ) ) ;
#9134 = PLANE ( 'NONE',  #7673 ) ;
#9135 = CIRCLE ( 'NONE', #4764, 0.9499999999999995115 ) ;
#9136 = ORIENTED_EDGE ( 'NONE', *, *, #6413, .F. ) ;
#9137 = CARTESIAN_POINT ( 'NONE',  ( 14.99999999999999112, 7.050000000000000711, 7.250000000000002665 ) ) ;
#9138 = DIRECTION ( 'NONE',  ( -1.000000000000000000, -1.927470528863119049E-16, 0.000000000000000000 ) ) ;
#9139 = CARTESIAN_POINT ( 'NONE',  ( -16.99999999999999645, 24.51922359359556935, 1.000000000000000888 ) ) ;
#9140 = CARTESIAN_POINT ( 'NONE',  ( 31.69999999999999218, -5.999999999999988454, 2.000000000000001776 ) ) ;
#9141 = EDGE_CURVE ( 'NONE', #2131, #1792, #9510, .T. ) ;
#9142 = CARTESIAN_POINT ( 'NONE',  ( 27.69452582497929782, -13.16458013519023851, 4.000000000000000000 ) ) ;
#9143 = ORIENTED_EDGE ( 'NONE', *, *, #5419, .T. ) ;
#9144 = FACE_OUTER_BOUND ( 'NONE', #1392, .T. ) ;
#9145 = FACE_OUTER_BOUND ( 'NONE', #11578, .T. ) ;
#9146 = ORIENTED_EDGE ( 'NONE', *, *, #9260, .F. ) ;
#9147 = CARTESIAN_POINT ( 'NONE',  ( 23.37402939801983592, -13.52846469128273199, 4.000000000000000000 ) ) ;
#9148 = FACE_OUTER_BOUND ( 'NONE', #8773, .T. ) ;
#9149 = EDGE_LOOP ( 'NONE', ( #6247, #7323, #9960, #3944 ) ) ;
#9150 = DIRECTION ( 'NONE',  ( 0.000000000000000000, 0.000000000000000000, 1.000000000000000000 ) ) ;
#9151 = ORIENTED_EDGE ( 'NONE', *, *, #3145, .T. ) ;
#9152 = CARTESIAN_POINT ( 'NONE',  ( -16.99999999999999645, 14.58077640640441430, 2.000000000000000000 ) ) ;
#9153 = CIRCLE ( 'NONE', #3613, 2.624999999999998668 ) ;
#9154 = LINE ( 'NONE', #4132, #8393 ) ;
#9155 = VECTOR ( 'NONE', #5628, 1000.000000000000000 ) ;
#9156 = CARTESIAN_POINT ( 'NONE',  ( 28.46144768585918783, -12.64271460240369827, 3.499999999999996003 ) ) ;
#9157 = ADVANCED_FACE ( 'NONE', ( #234 ), #3046, .F. ) ;
#9158 = ORIENTED_EDGE ( 'NONE', *, *, #3540, .F. ) ;
#9159 = VERTEX_POINT ( 'NONE', #408 ) ;
#9160 = LINE ( 'NONE', #7352, #2236 ) ;
#9161 = CARTESIAN_POINT ( 'NONE',  ( 24.18951172707419772, 8.950725444033983180, 3.599999999999999201 ) ) ;
#9162 = ORIENTED_EDGE ( 'NONE', *, *, #5419, .F. ) ;
#9163 = CARTESIAN_POINT ( 'NONE',  ( 23.27282197134106312, 5.800000000000003375, 1.600000000000000755 ) ) ;
#9164 = EDGE_LOOP ( 'NONE', ( #4275, #7007 ) ) ;
#9165 = DIRECTION ( 'NONE',  ( 1.000000000000000000, 0.000000000000000000, 0.000000000000000000 ) ) ;
#9166 = VECTOR ( 'NONE', #4363, 1000.000000000000000 ) ;
#9167 = EDGE_LOOP ( 'NONE', ( #6747, #6424, #7492, #3217 ) ) ;
#9168 = LINE ( 'NONE', #7197, #8975 ) ;
#9169 = CARTESIAN_POINT ( 'NONE',  ( 5.999999999999997335, 10.60000000000000142, 0.000000000000000000 ) ) ;
#9170 = DIRECTION ( 'NONE',  ( 1.000000000000000000, 0.000000000000000000, 0.000000000000000000 ) ) ;
#9171 = PLANE ( 'NONE',  #5625 ) ;
#9172 = CARTESIAN_POINT ( 'NONE',  ( 24.71794871794871185, -7.712255023018423472, 3.499999999999999556 ) ) ;
#9173 = DIRECTION ( 'NONE',  ( 5.981805089575198169E-16, -1.000000000000000000, 0.000000000000000000 ) ) ;
#9174 = EDGE_CURVE ( 'NONE', #5006, #10541, #2925, .T. ) ;
#9175 = ORIENTED_EDGE ( 'NONE', *, *, #8200, .T. ) ;
#9176 = CARTESIAN_POINT ( 'NONE',  ( 27.73076923076922640, -13.39234316404406400, 3.499999999999996003 ) ) ;
#9177 = VECTOR ( 'NONE', #4488, 1000.000000000000000 ) ;
#9178 = ORIENTED_EDGE ( 'NONE', *, *, #4724, .F. ) ;
#9179 = CIRCLE ( 'NONE', #3236, 3.000000000000000888 ) ;
#9180 = CARTESIAN_POINT ( 'NONE',  ( 24.41029976116031719, -12.99452643125013473, 4.000000000000007994 ) ) ;
#9181 = LINE ( 'NONE', #8482, #173 ) ;
#9182 = EDGE_CURVE ( 'NONE', #6304, #2264, #1073, .T. ) ;
#9183 = ORIENTED_EDGE ( 'NONE', *, *, #4159, .F. ) ;
#9184 = LINE ( 'NONE', #2817, #9597 ) ;
#9185 = FACE_OUTER_BOUND ( 'NONE', #934, .T. ) ;
#9186 = AXIS2_PLACEMENT_3D ( 'NONE', #8260, #11882, #6516 ) ;
#9187 = ORIENTED_EDGE ( 'NONE', *, *, #2542, .T. ) ;
#9188 = ORIENTED_EDGE ( 'NONE', *, *, #10943, .F. ) ;
#9189 = CARTESIAN_POINT ( 'NONE',  ( -84.99999999999998579, -18.00000000000001421, 22.01137224000416381 ) ) ;
#9190 = DIRECTION ( 'NONE',  ( 0.000000000000000000, 0.000000000000000000, 1.000000000000000000 ) ) ;
#9191 = EDGE_CURVE ( 'NONE', #8245, #2261, #1246, .T. ) ;
#9192 = ADVANCED_FACE ( 'NONE', ( #5784 ), #7252, .T. ) ;
#9193 = VERTEX_POINT ( 'NONE', #2450 ) ;
#9194 = AXIS2_PLACEMENT_3D ( 'NONE', #455, #11704, #2367 ) ;
#9195 = ORIENTED_EDGE ( 'NONE', *, *, #9623, .T. ) ;
#9196 = CARTESIAN_POINT ( 'NONE',  ( 23.37653401374404893, -9.543537113745102829, 3.999999999999993339 ) ) ;
#9197 = LINE ( 'NONE', #754, #10076 ) ;
#9198 = PRESENTATION_STYLE_ASSIGNMENT (( #5559 ) ) ;
#9199 = DIRECTION ( 'NONE',  ( -0.000000000000000000, -0.000000000000000000, -1.000000000000000000 ) ) ;
#9200 = ORIENTED_EDGE ( 'NONE', *, *, #196, .T. ) ;
#9201 = VECTOR ( 'NONE', #11186, 1000.000000000000000 ) ;
#9202 = CYLINDRICAL_SURFACE ( 'NONE', #9626, 1.100000000000000311 ) ;
#9203 = EDGE_CURVE ( 'NONE', #6119, #8680, #527, .T. ) ;
#9204 = LINE ( 'NONE', #6511, #4811 ) ;
#9205 = EDGE_LOOP ( 'NONE', ( #556, #11079, #4156, #1957, #10886, #110, #4589, #7316, #7210 ) ) ;
#9206 = CARTESIAN_POINT ( 'NONE',  ( -25.99999999999999289, 9.549999999999988276, 1.000000000000000888 ) ) ;
#9207 = CARTESIAN_POINT ( 'NONE',  ( 28.35985885580361199, -14.28470990820388486, 3.499999999999999556 ) ) ;
#9208 = EDGE_LOOP ( 'NONE', ( #7529, #8365, #6310, #3939 ) ) ;
#9209 = VECTOR ( 'NONE', #8554, 1000.000000000000000 ) ;
#9210 = DIRECTION ( 'NONE',  ( 0.000000000000000000, -0.000000000000000000, 1.000000000000000000 ) ) ;
#9211 = CARTESIAN_POINT ( 'NONE',  ( 24.54980125262548540, 4.861953247045804893, 3.599999999999999201 ) ) ;
#9212 = ADVANCED_FACE ( 'NONE', ( #4322 ), #10798, .F. ) ;
#9213 = VERTEX_POINT ( 'NONE', #5217 ) ;
#9214 = CARTESIAN_POINT ( 'NONE',  ( 25.76018708948390312, -15.08264456202988768, 3.999999999999996447 ) ) ;
#9215 = DIRECTION ( 'NONE',  ( 0.000000000000000000, -0.000000000000000000, 1.000000000000000000 ) ) ;
#9216 = ORIENTED_EDGE ( 'NONE', *, *, #2945, .T. ) ;
#9217 = FACE_OUTER_BOUND ( 'NONE', #11866, .T. ) ;
#9218 = DIRECTION ( 'NONE',  ( -1.000000000000000000, -0.000000000000000000, -0.000000000000000000 ) ) ;
#9219 = CARTESIAN_POINT ( 'NONE',  ( 26.76561101301146195, -9.688132159951566180, 3.999999999999996447 ) ) ;
#9220 = CARTESIAN_POINT ( 'NONE',  ( 28.62000344641364080, 6.888114420714422259, 6.808068238351443036 ) ) ;
#9221 = ADVANCED_FACE ( 'NONE', ( #3982 ), #7909, .F. ) ;
#9222 = CARTESIAN_POINT ( 'NONE',  ( 24.46961134001542959, 5.400633288382885588, 5.999999999999998224 ) ) ;
#9223 = AXIS2_PLACEMENT_3D ( 'NONE', #2981, #2919, #1838 ) ;
#9224 = CARTESIAN_POINT ( 'NONE',  ( 25.91986255373332071, -14.18577523057806999, 3.499999999999999556 ) ) ;
#9225 = ORIENTED_EDGE ( 'NONE', *, *, #9141, .T. ) ;
#9226 = VERTEX_POINT ( 'NONE', #6172 ) ;
#9227 = LINE ( 'NONE', #7412, #3403 ) ;
#9228 = DIRECTION ( 'NONE',  ( -1.000000000000000000, 0.000000000000000000, 0.000000000000000000 ) ) ;
#9229 = ORIENTED_EDGE ( 'NONE', *, *, #6428, .T. ) ;
#9230 = DIRECTION ( 'NONE',  ( 0.000000000000000000, 0.000000000000000000, 1.000000000000000000 ) ) ;
#9231 = ORIENTED_EDGE ( 'NONE', *, *, #1675, .T. ) ;
#9232 = AXIS2_PLACEMENT_3D ( 'NONE', #1372, #6818, #10549 ) ;
#9233 = LINE ( 'NONE', #51, #11076 ) ;
#9234 = CARTESIAN_POINT ( 'NONE',  ( 24.24087916444691970, 8.452852054182152131, 5.999999999999998224 ) ) ;
#9235 = CARTESIAN_POINT ( 'NONE',  ( -52.99999999999998579, -18.00000000000001066, 0.000000000000000000 ) ) ;
#9236 = DIRECTION ( 'NONE',  ( -1.541976423090495880E-16, -1.000000000000000000, 0.000000000000000000 ) ) ;
#9237 = DIRECTION ( 'NONE',  ( 0.8416912655466671778, 0.5399590850263097375, 0.000000000000000000 ) ) ;
#9238 = EDGE_LOOP ( 'NONE', ( #838, #2290, #2341, #7248 ) ) ;
#9239 = CARTESIAN_POINT ( 'NONE',  ( 24.09094588526057024, -6.050871112134482033, 4.000000000000003553 ) ) ;
#9241 = LINE ( 'NONE', #8527, #794 ) ;
#9240 = AXIS2_PLACEMENT_3D ( 'NONE', #10140, #5603, #9806 ) ;
#9242 = ORIENTED_EDGE ( 'NONE', *, *, #310, .F. ) ;
#9243 = CARTESIAN_POINT ( 'NONE',  ( 25.86477675539672205, -12.58496371680196013, 4.000000000000015099 ) ) ;
#9244 = LINE ( 'NONE', #1025, #3182 ) ;
#9245 = DIRECTION ( 'NONE',  ( 0.000000000000000000, -0.000000000000000000, -1.000000000000000000 ) ) ;
#9246 = VECTOR ( 'NONE', #6242, 1000.000000000000000 ) ;
#9247 = DIRECTION ( 'NONE',  ( -1.000000000000000000, 0.000000000000000000, -0.000000000000000000 ) ) ;
#9248 = DIRECTION ( 'NONE',  ( 0.000000000000000000, 0.000000000000000000, -1.000000000000000000 ) ) ;
#9249 = CARTESIAN_POINT ( 'NONE',  ( 25.08052884615383959, -10.14815245891586137, 3.500000000000003109 ) ) ;
#9250 = EDGE_LOOP ( 'NONE', ( #3031, #875, #5913, #8525 ) ) ;
#9251 = LINE ( 'NONE', #6431, #10634 ) ;
#9252 = EDGE_CURVE ( 'NONE', #2629, #11544, #8874, .T. ) ;
#9253 = CARTESIAN_POINT ( 'NONE',  ( 23.67711186883813923, -6.133273112503653479, 3.999999999999993339 ) ) ;
#9254 = ORIENTED_EDGE ( 'NONE', *, *, #6773, .F. ) ;
#9255 = CIRCLE ( 'NONE', #6944, 1.100000000000000311 ) ;
#9256 = ORIENTED_EDGE ( 'NONE', *, *, #10739, .T. ) ;
#9257 = ORIENTED_EDGE ( 'NONE', *, *, #1710, .F. ) ;
#9258 = DIRECTION ( 'NONE',  ( 0.000000000000000000, 0.000000000000000000, 1.000000000000000000 ) ) ;
#9259 = CARTESIAN_POINT ( 'NONE',  ( 5.199999999999996625, 10.60000000000000142, 2.000000000000000000 ) ) ;
#9260 = EDGE_CURVE ( 'NONE', #8125, #9831, #306, .T. ) ;
#9261 = ORIENTED_EDGE ( 'NONE', *, *, #11192, .F. ) ;
#9262 = DIRECTION ( 'NONE',  ( -0.9842688068584216632, -0.1766774344547123732, 0.000000000000000000 ) ) ;
#9263 = EDGE_CURVE ( 'NONE', #10165, #4874, #9695, .T. ) ;
#9264 = CYLINDRICAL_SURFACE ( 'NONE', #93, 2.624999999999998668 ) ;
#9265 = DIRECTION ( 'NONE',  ( 1.000000000000000000, 0.000000000000000000, 0.000000000000000000 ) ) ;
#9266 = FACE_OUTER_BOUND ( 'NONE', #10001, .T. ) ;
#9267 = LINE ( 'NONE', #84, #9155 ) ;
#9268 = EDGE_LOOP ( 'NONE', ( #3439, #2703, #322, #6645 ) ) ;
#9269 = EDGE_CURVE ( 'NONE', #8184, #4333, #1247, .T. ) ;
#9270 = ADVANCED_FACE ( 'NONE', ( #1678 ), #4384, .F. ) ;
#9271 = ORIENTED_EDGE ( 'NONE', *, *, #1157, .T. ) ;
#9272 = EDGE_CURVE ( 'NONE', #3927, #4690, #2790, .T. ) ;
#9273 = CARTESIAN_POINT ( 'NONE',  ( 24.75621356887336333, -10.09628625340074315, 3.499999999999999556 ) ) ;
#9274 = ORIENTED_EDGE ( 'NONE', *, *, #8021, .T. ) ;
#9275 = CARTESIAN_POINT ( 'NONE',  ( 25.99999999999999289, 7.050000000000004263, 3.599999999999999201 ) ) ;
#9276 = ORIENTED_EDGE ( 'NONE', *, *, #2349, .F. ) ;
#9277 = FACE_OUTER_BOUND ( 'NONE', #8112, .T. ) ;
#9278 = CARTESIAN_POINT ( 'NONE',  ( 16.99999999999999645, -5.999999999999992006, 3.449999999999999734 ) ) ;
#9279 = CARTESIAN_POINT ( 'NONE',  ( 28.24677110549663084, -12.34472479096043251, 3.500000000000003109 ) ) ;
#9280 = ORIENTED_EDGE ( 'NONE', *, *, #2081, .F. ) ;
#9281 = ORIENTED_EDGE ( 'NONE', *, *, #398, .F. ) ;
#9282 = LINE ( 'NONE', #948, #2050 ) ;
#9283 = CARTESIAN_POINT ( 'NONE',  ( 25.02376158698549702, 5.022820047219557438, 6.797529781440644570 ) ) ;
#9284 = EDGE_CURVE ( 'NONE', #5164, #7043, #8158, .T. ) ;
#9285 = EDGE_CURVE ( 'NONE', #3435, #1135, #238, .T. ) ;
#9286 = EDGE_LOOP ( 'NONE', ( #1644, #7749, #1545, #3251 ) ) ;
#9287 = AXIS2_PLACEMENT_3D ( 'NONE', #1787, #5451, #9093 ) ;
#9288 = ORIENTED_EDGE ( 'NONE', *, *, #11296, .F. ) ;
#9289 = FACE_OUTER_BOUND ( 'NONE', #8417, .T. ) ;
#9290 = PLANE ( 'NONE',  #10496 ) ;
#9291 = VECTOR ( 'NONE', #8845, 1000.000000000000000 ) ;
#9292 = FACE_OUTER_BOUND ( 'NONE', #6714, .T. ) ;
#9293 = VERTEX_POINT ( 'NONE', #7243 ) ;
#9294 = AXIS2_PLACEMENT_3D ( 'NONE', #10985, #8063, #11741 ) ;
#9295 = CARTESIAN_POINT ( 'NONE',  ( 27.05820608105829450, -15.00525146892465855, 3.999999999999991562 ) ) ;
#9296 = LINE ( 'NONE', #3731, #6336 ) ;
#9297 = ORIENTED_EDGE ( 'NONE', *, *, #4444, .F. ) ;
#9298 = LINE ( 'NONE', #1973, #1477 ) ;
#9299 = CARTESIAN_POINT ( 'NONE',  ( 27.66666666666665719, -9.415980984556885147, 4.000000000000000000 ) ) ;
#9300 = EDGE_CURVE ( 'NONE', #10195, #4147, #10172, .T. ) ;
#9301 = DIRECTION ( 'NONE',  ( -1.000000000000000000, -0.000000000000000000, -0.000000000000000000 ) ) ;
#9302 = CARTESIAN_POINT ( 'NONE',  ( 24.71794871794871185, -8.737896048659450798, 4.000000000000003553 ) ) ;
#9303 = AXIS2_PLACEMENT_3D ( 'NONE', #1772, #10890, #2713 ) ;
#9304 = CARTESIAN_POINT ( 'NONE',  ( 30.99999999999999289, 2.050000000000005151, 5.999999999999998224 ) ) ;
#9305 = CARTESIAN_POINT ( 'NONE',  ( 25.96563981162524826, 4.425224890118234278, 5.999999999999998224 ) ) ;
#9306 = VERTEX_POINT ( 'NONE', #9152 ) ;
#9307 = PLANE ( 'NONE',  #11216 ) ;
#9308 = PLANE ( 'NONE',  #11535 ) ;
#9309 = ORIENTED_EDGE ( 'NONE', *, *, #5368, .F. ) ;
#9310 = VECTOR ( 'NONE', #11202, 999.9999999999998863 ) ;
#9311 = VERTEX_POINT ( 'NONE', #943 ) ;
#9312 = CARTESIAN_POINT ( 'NONE',  ( 25.35897435897435059, -2.887535471736370596, 3.499999999999999556 ) ) ;
#9313 = CARTESIAN_POINT ( 'NONE',  ( 31.69999999999999218, -15.00000000000000000, 2.000000000000001776 ) ) ;
#9314 = ORIENTED_EDGE ( 'NONE', *, *, #9069, .T. ) ;
#9315 = CARTESIAN_POINT ( 'NONE',  ( 23.37179487179486514, -13.39634957430047280, 3.999999999999996447 ) ) ;
#9316 = CARTESIAN_POINT ( 'NONE',  ( 20.99999999999999289, 12.05000000000000426, 6.000000000000008882 ) ) ;
#9317 = LINE ( 'NONE', #323, #9209 ) ;
#9318 = ORIENTED_EDGE ( 'NONE', *, *, #7024, .F. ) ;
#9319 = ADVANCED_FACE ( 'NONE', ( #3651, #11832 ), #1953, .T. ) ;
#9320 = ADVANCED_FACE ( 'NONE', ( #9045 ), #4616, .F. ) ;
#9321 = CARTESIAN_POINT ( 'NONE',  ( 28.47846413060095472, -14.08327171051219295, 3.499999999999992895 ) ) ;
#9322 = CIRCLE ( 'NONE', #317, 2.250000000000001776 ) ;
#9323 = DIRECTION ( 'NONE',  ( 1.000000000000000000, 0.000000000000000000, 0.000000000000000000 ) ) ;
#9324 = EDGE_CURVE ( 'NONE', #5408, #1276, #11893, .T. ) ;
#9325 = CARTESIAN_POINT ( 'NONE',  ( 28.47846413060095472, -14.08327171051219295, 3.999999999999993339 ) ) ;
#9326 = EDGE_LOOP ( 'NONE', ( #11415, #7488, #5372, #4389 ) ) ;
#9327 = VECTOR ( 'NONE', #3173, 1000.000000000000114 ) ;
#9328 = CARTESIAN_POINT ( 'NONE',  ( 24.35740496230327423, -9.767445934765166982, 4.000000000000003553 ) ) ;
#9329 = CIRCLE ( 'NONE', #1479, 0.9749999999999993117 ) ;
#9330 = ORIENTED_EDGE ( 'NONE', *, *, #7532, .F. ) ;
#9331 = CARTESIAN_POINT ( 'NONE',  ( -51.09999999999999432, -10.45000000000001172, 1.000000000000000888 ) ) ;
#9332 = CARTESIAN_POINT ( 'NONE',  ( 28.62000344641363725, 6.888114420714422259, 3.599999999999999201 ) ) ;
#9333 = FACE_OUTER_BOUND ( 'NONE', #5869, .T. ) ;
#9334 = VERTEX_POINT ( 'NONE', #4445 ) ;
#9335 = CARTESIAN_POINT ( 'NONE',  ( -20.09999999999999787, 13.54999999999998828, 1.000000000000002665 ) ) ;
#9336 = AXIS2_PLACEMENT_3D ( 'NONE', #5099, #8751, #7008 ) ;
#9337 = DIRECTION ( 'NONE',  ( -1.000000000000000000, 0.000000000000000000, 0.000000000000000000 ) ) ;
#9338 = ADVANCED_FACE ( 'NONE', ( #3589, #3535 ), #9995, .T. ) ;
#9339 = AXIS2_PLACEMENT_3D ( 'NONE', #9206, #988, #4663 ) ;
#9340 = CARTESIAN_POINT ( 'NONE',  ( 25.00565257818336562, -14.09358951000615967, 4.000000000000003553 ) ) ;
#9341 = ORIENTED_EDGE ( 'NONE', *, *, #8352, .F. ) ;
#9342 = EDGE_LOOP ( 'NONE', ( #7084, #6216, #9442, #5318 ) ) ;
#9343 = DIRECTION ( 'NONE',  ( 0.000000000000000000, 0.000000000000000000, 1.000000000000000000 ) ) ;
#9344 = DIRECTION ( 'NONE',  ( 0.000000000000000000, -0.000000000000000000, -1.000000000000000000 ) ) ;
#9345 = VERTEX_POINT ( 'NONE', #98 ) ;
#9346 = CARTESIAN_POINT ( 'NONE',  ( 23.47264795471115661, -12.78219253351890572, 3.499999999999989342 ) ) ;
#9347 = DIRECTION ( 'NONE',  ( 1.000000000000000000, 0.000000000000000000, 0.000000000000000000 ) ) ;
#9348 = CARTESIAN_POINT ( 'NONE',  ( 39.19999999999998863, 25.55000000000001492, 1.025000000000002354 ) ) ;
#9349 = DIRECTION ( 'NONE',  ( 0.000000000000000000, 0.000000000000000000, 1.000000000000000000 ) ) ;
#9350 = VECTOR ( 'NONE', #1697, 1000.000000000000000 ) ;
#9351 = VECTOR ( 'NONE', #3586, 1000.000000000000000 ) ;
#9352 = CARTESIAN_POINT ( 'NONE',  ( 6.512994231491118668, -15.00000000000000355, 2.500000000000000444 ) ) ;
#9353 = EDGE_CURVE ( 'NONE', #5424, #6238, #10912, .T. ) ;
#9354 = ORIENTED_EDGE ( 'NONE', *, *, #7782, .F. ) ;
#9355 = CARTESIAN_POINT ( 'NONE',  ( 27.75912083555304122, 8.452852054182177000, 6.747558652054622463 ) ) ;
#9356 = DIRECTION ( 'NONE',  ( 0.2497379085651931785, -0.9683134704347984290, 0.000000000000000000 ) ) ;
#9357 = ORIENTED_EDGE ( 'NONE', *, *, #1157, .F. ) ;
#9358 = DIRECTION ( 'NONE',  ( -0.9127669952117287711, 0.4084806145365431629, 0.000000000000000000 ) ) ;
#9359 = EDGE_CURVE ( 'NONE', #11685, #1061, #3711, .T. ) ;
#9360 = DIRECTION ( 'NONE',  ( 0.000000000000000000, 0.000000000000000000, -1.000000000000000000 ) ) ;
#9361 = CARTESIAN_POINT ( 'NONE',  ( 10.19999999999999929, -5.999999999999992006, 2.500000000000000000 ) ) ;
#9362 = ORIENTED_EDGE ( 'NONE', *, *, #9272, .F. ) ;
#9363 = AXIS2_PLACEMENT_3D ( 'NONE', #10199, #1974, #5659 ) ;
#9364 = LINE ( 'NONE', #10269, #2966 ) ;
#9365 = VECTOR ( 'NONE', #4393, 1000.000000000000000 ) ;
#9366 = LINE ( 'NONE', #3815, #2700 ) ;
#9367 = EDGE_CURVE ( 'NONE', #10509, #8614, #10853, .T. ) ;
#9368 = VERTEX_POINT ( 'NONE', #9094 ) ;
#9369 = EDGE_LOOP ( 'NONE', ( #4175, #6745, #11543, #6430 ) ) ;
#9370 = PRESENTATION_LAYER_ASSIGNMENT (  '', '', ( #10132 ) ) ;
#9371 = DIRECTION ( 'NONE',  ( 0.000000000000000000, 1.000000000000000000, 0.000000000000000000 ) ) ;
#9372 = CARTESIAN_POINT ( 'NONE',  ( 41.19999999999999574, 26.99999999999998224, 5.999999999999998224 ) ) ;
#9373 = EDGE_LOOP ( 'NONE', ( #11064, #9407, #10277, #5508 ) ) ;
#9374 = CARTESIAN_POINT ( 'NONE',  ( -24.99999999999999645, 11.99999999999998934, 0.000000000000000000 ) ) ;
#9375 = EDGE_CURVE ( 'NONE', #9381, #5159, #8877, .T. ) ;
#9376 = ORIENTED_EDGE ( 'NONE', *, *, #7888, .T. ) ;
#9377 = CARTESIAN_POINT ( 'NONE',  ( 28.72717802865891912, 5.800000000000003375, 1.600000000000000755 ) ) ;
#9378 = CARTESIAN_POINT ( 'NONE',  ( 24.46961134001542959, 5.400633288382885588, 6.724059395820003004 ) ) ;
#9379 = CARTESIAN_POINT ( 'NONE',  ( 23.98277243589742724, -6.045588356351756509, 3.500000000000003109 ) ) ;
#9380 = CARTESIAN_POINT ( 'NONE',  ( 26.07780449946834977, -15.08361111960129541, 3.999999999999996447 ) ) ;
#9381 = VERTEX_POINT ( 'NONE', #7344 ) ;
#9382 = FACE_OUTER_BOUND ( 'NONE', #7917, .T. ) ;
#9383 = ORIENTED_EDGE ( 'NONE', *, *, #2095, .T. ) ;
#9384 = VECTOR ( 'NONE', #2619, 1000.000000000000000 ) ;
#9385 = DIRECTION ( 'NONE',  ( 0.000000000000000000, -1.000000000000000000, -2.891205793294679929E-17 ) ) ;
#9386 = CARTESIAN_POINT ( 'NONE',  ( 25.45669557079125411, -11.02132082562170545, 4.000000000000004441 ) ) ;
#9387 = DIRECTION ( 'NONE',  ( 1.000000000000000000, 0.000000000000000000, 0.000000000000000000 ) ) ;
#9388 = CARTESIAN_POINT ( 'NONE',  ( 24.44492171118373847, -8.940043188326576740, 3.500000000000003109 ) ) ;
#9389 = DIRECTION ( 'NONE',  ( 1.000000000000000000, 0.000000000000000000, 0.000000000000000000 ) ) ;
#9390 = CARTESIAN_POINT ( 'NONE',  ( 18.99999999999999645, 44.00000000000000000, 0.000000000000000000 ) ) ;
#9391 = DIRECTION ( 'NONE',  ( 1.000000000000000000, 0.000000000000000000, -0.000000000000000000 ) ) ;
#9392 = ORIENTED_EDGE ( 'NONE', *, *, #9772, .T. ) ;
#9393 = ORIENTED_EDGE ( 'NONE', *, *, #3885, .T. ) ;
#9394 = SURFACE_STYLE_USAGE ( .BOTH. , #2141 ) ;
#9395 = ORIENTED_EDGE ( 'NONE', *, *, #4983, .T. ) ;
#9396 = ORIENTED_EDGE ( 'NONE', *, *, #6320, .F. ) ;
#9397 = CARTESIAN_POINT ( 'NONE',  ( 23.86802104831251725, -12.22068809195847017, 3.499999999999992895 ) ) ;
#9398 = CARTESIAN_POINT ( 'NONE',  ( 23.98277243589742724, -7.135331946095345934, 3.499999999999996003 ) ) ;
#9399 = EDGE_CURVE ( 'NONE', #4406, #2647, #884, .T. ) ;
#9400 = CARTESIAN_POINT ( 'NONE',  ( 24.41029976116031719, -12.99452643125013473, 3.999999999999996447 ) ) ;
#9401 = CARTESIAN_POINT ( 'NONE',  ( 27.75912083555304122, 8.452852054182177000, 5.999999999999998224 ) ) ;
#9402 = CARTESIAN_POINT ( 'NONE',  ( 23.59402873370821752, -6.978140757221240165, 4.000000000000000000 ) ) ;
#9403 = ORIENTED_EDGE ( 'NONE', *, *, #1929, .T. ) ;
#9404 = LINE ( 'NONE', #3916, #1110 ) ;
#9405 = DIRECTION ( 'NONE',  ( 0.000000000000000000, -0.000000000000000000, -1.000000000000000000 ) ) ;
#9406 = VERTEX_POINT ( 'NONE', #4553 ) ;
#9407 = ORIENTED_EDGE ( 'NONE', *, *, #9847, .T. ) ;
#9408 = DIRECTION ( 'NONE',  ( -1.000000000000000000, 0.000000000000000000, 0.000000000000000000 ) ) ;
#9409 = VECTOR ( 'NONE', #10423, 1000.000000000000000 ) ;
#9410 = DIRECTION ( 'NONE',  ( -0.5452137888839203583, -0.8382970382930146069, 0.000000000000000000 ) ) ;
#9411 = CARTESIAN_POINT ( 'NONE',  ( -84.99999999999998579, 11.99999999999998579, 1.050000000000009148 ) ) ;
#9412 = EDGE_CURVE ( 'NONE', #3235, #3819, #3120, .T. ) ;
#9413 = EDGE_CURVE ( 'NONE', #4167, #6339, #1002, .T. ) ;
#9414 = EDGE_CURVE ( 'NONE', #5056, #10744, #11087, .T. ) ;
#9415 = FACE_OUTER_BOUND ( 'NONE', #6011, .T. ) ;
#9416 = DIRECTION ( 'NONE',  ( 1.160350151155055003E-16, -1.000000000000000000, 0.000000000000000000 ) ) ;
#9417 = VERTEX_POINT ( 'NONE', #11330 ) ;
#9418 = AXIS2_PLACEMENT_3D ( 'NONE', #8486, #7742, #1153 ) ;
#9419 = DIRECTION ( 'NONE',  ( -0.000000000000000000, -0.000000000000000000, 1.000000000000000000 ) ) ;
#9420 = AXIS2_PLACEMENT_3D ( 'NONE', #9954, #4568, #6410 ) ;
#9421 = CARTESIAN_POINT ( 'NONE',  ( 27.48444396449352567, -12.87675319112149985, 4.000000000000010658 ) ) ;
#9422 = ADVANCED_FACE ( 'NONE', ( #9277 ), #3150, .F. ) ;
#9423 = PLANE ( 'NONE',  #8380 ) ;
#9424 = DIRECTION ( 'NONE',  ( 0.000000000000000000, -0.000000000000000000, -1.000000000000000000 ) ) ;
#9425 = ORIENTED_EDGE ( 'NONE', *, *, #2603, .F. ) ;
#9426 = CARTESIAN_POINT ( 'NONE',  ( 24.18003271648493424, -12.00994218814738623, 4.000000000000000000 ) ) ;
#9427 = DIRECTION ( 'NONE',  ( 0.000000000000000000, 0.000000000000000000, 1.000000000000000000 ) ) ;
#9428 = DIRECTION ( 'NONE',  ( 0.000000000000000000, -1.000000000000000000, 0.000000000000000000 ) ) ;
#9429 = VECTOR ( 'NONE', #23, 1000.000000000000000 ) ;
#9430 = CYLINDRICAL_SURFACE ( 'NONE', #8461, 0.9749999999999993117 ) ;
#9431 = DIRECTION ( 'NONE',  ( 1.000000000000000000, 1.445602896647339163E-16, -0.000000000000000000 ) ) ;
#9432 = ORIENTED_EDGE ( 'NONE', *, *, #5564, .T. ) ;
#9433 = CARTESIAN_POINT ( 'NONE',  ( -16.99999999999999289, 7.050000000000000711, 7.250000000000002665 ) ) ;
#9434 = FACE_OUTER_BOUND ( 'NONE', #10410, .T. ) ;
#9435 = ORIENTED_EDGE ( 'NONE', *, *, #2435, .F. ) ;
#9436 = CARTESIAN_POINT ( 'NONE',  ( 25.64277398288026433, 9.650579660901161816, 3.599999999999999201 ) ) ;
#9437 = VERTEX_POINT ( 'NONE', #11270 ) ;
#9438 = CARTESIAN_POINT ( 'NONE',  ( 25.05145349838745972, -10.14766956233391504, 3.500000000000006661 ) ) ;
#9439 = CARTESIAN_POINT ( 'NONE',  ( 25.85314809716659212, -9.309834069769106435, 3.999999999999994671 ) ) ;
#9440 = DIRECTION ( 'NONE',  ( 0.000000000000000000, -0.000000000000000000, -1.000000000000000000 ) ) ;
#9441 = DIRECTION ( 'NONE',  ( 1.160350151155055003E-16, -1.000000000000000000, 0.000000000000000000 ) ) ;
#9442 = ORIENTED_EDGE ( 'NONE', *, *, #9640, .T. ) ;
#9443 = FACE_OUTER_BOUND ( 'NONE', #9469, .T. ) ;
#9444 = CARTESIAN_POINT ( 'NONE',  ( 27.13266798143123282, -11.78424363567688360, 4.000000000000003553 ) ) ;
#9445 = ORIENTED_EDGE ( 'NONE', *, *, #8498, .F. ) ;
#9446 = DIRECTION ( 'NONE',  ( 0.000000000000000000, 0.000000000000000000, 1.000000000000000000 ) ) ;
#9447 = DIRECTION ( 'NONE',  ( 0.000000000000000000, 0.000000000000000000, -1.000000000000000000 ) ) ;
#9448 = CARTESIAN_POINT ( 'NONE',  ( 24.49302181276942392, 4.900664813666497643, 5.999999999999998224 ) ) ;
#9449 = DIRECTION ( 'NONE',  ( 0.000000000000000000, 0.000000000000000000, -1.000000000000000000 ) ) ;
#9450 = CARTESIAN_POINT ( 'NONE',  ( 27.21755899971341819, -12.73423229731014317, 3.500000000000003109 ) ) ;
#9451 = CARTESIAN_POINT ( 'NONE',  ( 25.86889413691137563, -9.385607812835473851, 4.000000000000000000 ) ) ;
#9452 = VERTEX_POINT ( 'NONE', #4902 ) ;
#9453 = CARTESIAN_POINT ( 'NONE',  ( 28.62168949522843775, -13.17456320598610553, 4.000000000000003553 ) ) ;
#9454 = ORIENTED_EDGE ( 'NONE', *, *, #3259, .T. ) ;
#9455 = VERTEX_POINT ( 'NONE', #11206 ) ;
#9456 = EDGE_CURVE ( 'NONE', #5312, #7179, #3036, .T. ) ;
#9457 = AXIS2_PLACEMENT_3D ( 'NONE', #10593, #2369, #11764 ) ;
#9458 = CARTESIAN_POINT ( 'NONE',  ( 24.98933202215171079, -12.66893938426554911, 3.499999999999999556 ) ) ;
#9459 = CARTESIAN_POINT ( 'NONE',  ( -6.000000000000000000, -9.039999999999999147, 2.000000000000000000 ) ) ;
#9460 = EDGE_CURVE ( 'NONE', #9455, #10056, #5638, .T. ) ;
#9461 = DIRECTION ( 'NONE',  ( 0.000000000000000000, -0.000000000000000000, 1.000000000000000000 ) ) ;
#9462 = LINE ( 'NONE', #2164, #8290 ) ;
#9463 = DIRECTION ( 'NONE',  ( 0.000000000000000000, -0.000000000000000000, 1.000000000000000000 ) ) ;
#9464 = DIRECTION ( 'NONE',  ( -1.000000000000000000, 0.000000000000000000, 0.000000000000000000 ) ) ;
#9465 = VECTOR ( 'NONE', #3063, 1000.000000000000000 ) ;
#9466 = ORIENTED_EDGE ( 'NONE', *, *, #8251, .T. ) ;
#9467 = DIRECTION ( 'NONE',  ( -0.1951293884378572652, -0.9807775087999662800, 0.000000000000000000 ) ) ;
#9468 = DIRECTION ( 'NONE',  ( -1.000000000000000000, -0.000000000000000000, -0.000000000000000000 ) ) ;
#9469 = EDGE_LOOP ( 'NONE', ( #1799, #10416, #9280, #9969, #3723, #4361, #474, #7774 ) ) ;
#9470 = EDGE_CURVE ( 'NONE', #4314, #3188, #158, .T. ) ;
#9471 = EDGE_CURVE ( 'NONE', #5794, #3624, #8271, .T. ) ;
#9472 = EDGE_CURVE ( 'NONE', #6786, #6406, #7912, .T. ) ;
#9473 = AXIS2_PLACEMENT_3D ( 'NONE', #11201, #3319, #2972 ) ;
#9474 = VECTOR ( 'NONE', #4718, 1000.000000000000000 ) ;
#9475 = ORIENTED_EDGE ( 'NONE', *, *, #10389, .T. ) ;
#9476 = PLANE ( 'NONE',  #1270 ) ;
#9477 = FACE_OUTER_BOUND ( 'NONE', #8429, .T. ) ;
#9478 = CARTESIAN_POINT ( 'NONE',  ( 28.55132065661576846, 7.667566115590591203, 6.806862576270111376 ) ) ;
#9479 = ORIENTED_EDGE ( 'NONE', *, *, #3419, .T. ) ;
#9480 = CARTESIAN_POINT ( 'NONE',  ( 12.99999999999999822, 41.99999999999999289, 8.000000000000000000 ) ) ;
#9481 = CARTESIAN_POINT ( 'NONE',  ( -9.200000000000001066, 18.00000000000000355, 2.000000000000000000 ) ) ;
#9482 = AXIS2_PLACEMENT_3D ( 'NONE', #8722, #8913, #448 ) ;
#9483 = CARTESIAN_POINT ( 'NONE',  ( 25.05175432837209470, -11.04390395025650662, 3.499999999999996003 ) ) ;
#9484 = ORIENTED_EDGE ( 'NONE', *, *, #11276, .F. ) ;
#9485 = CARTESIAN_POINT ( 'NONE',  ( 12.99999999999999645, 44.00000000000000000, 0.000000000000000000 ) ) ;
#9486 = ORIENTED_EDGE ( 'NONE', *, *, #6167, .F. ) ;
#9487 = EDGE_CURVE ( 'NONE', #456, #6481, #4017, .T. ) ;
#9488 = CARTESIAN_POINT ( 'NONE',  ( 27.36434197730712370, -12.80059386063055449, 3.500000000000003109 ) ) ;
#9489 = EDGE_LOOP ( 'NONE', ( #8649, #8817, #10574, #6233 ) ) ;
#9490 = CARTESIAN_POINT ( 'NONE',  ( 25.99999999999999289, 8.300000000000006040, 1.799999999999999600 ) ) ;
#9491 = LINE ( 'NONE', #8508, #764 ) ;
#9492 = VERTEX_POINT ( 'NONE', #9335 ) ;
#9493 = AXIS2_PLACEMENT_3D ( 'NONE', #6782, #2286, #3378 ) ;
#9494 = CARTESIAN_POINT ( 'NONE',  ( 25.05145349838745972, -10.14766956233391504, 4.000000000000007105 ) ) ;
#9495 = ORIENTED_EDGE ( 'NONE', *, *, #4079, .F. ) ;
#9496 = CARTESIAN_POINT ( 'NONE',  ( 26.74281309998059442, -9.841444605523706812, 3.500000000000003109 ) ) ;
#9497 = CARTESIAN_POINT ( 'NONE',  ( 24.26923076923076295, -9.424995407633808497, 3.500000000000003109 ) ) ;
#9498 = PLANE ( 'NONE',  #8530 ) ;
#9499 = DIRECTION ( 'NONE',  ( 1.000000000000000000, 0.000000000000000000, 0.000000000000000000 ) ) ;
#9500 = CARTESIAN_POINT ( 'NONE',  ( 0.000000000000000000, 0.000000000000000000, 10.09999999999999964 ) ) ;
#9501 = VECTOR ( 'NONE', #5500, 1000.000000000000000 ) ;
#9502 = CARTESIAN_POINT ( 'NONE',  ( 25.35897435897435059, -3.994306305069704965, 3.499999999999999556 ) ) ;
#9503 = CARTESIAN_POINT ( 'NONE',  ( 27.94811698717947834, -12.09727104865944725, 4.000000000000003553 ) ) ;
#9504 = ORIENTED_EDGE ( 'NONE', *, *, #230, .F. ) ;
#9505 = ORIENTED_EDGE ( 'NONE', *, *, #4739, .T. ) ;
#9506 = CARTESIAN_POINT ( 'NONE',  ( 23.78120674375077570, -12.30171867269279495, 3.500000000000003109 ) ) ;
#9507 = LINE ( 'NONE', #5660, #1668 ) ;
#9508 = VECTOR ( 'NONE', #11898, 1000.000000000000227 ) ;
#9509 = PLANE ( 'NONE',  #6674 ) ;
#9510 = LINE ( 'NONE', #5651, #10581 ) ;
#9511 = AXIS2_PLACEMENT_3D ( 'NONE', #3911, #5930, #10364 ) ;
#9512 = EDGE_CURVE ( 'NONE', #858, #9959, #10470, .T. ) ;
#9513 = CARTESIAN_POINT ( 'NONE',  ( -52.99999999999999289, 11.99999999999998934, 0.000000000000000000 ) ) ;
#9514 = ORIENTED_EDGE ( 'NONE', *, *, #8948, .F. ) ;
#9515 = FACE_BOUND ( 'NONE', #1176, .T. ) ;
#9516 = ORIENTED_EDGE ( 'NONE', *, *, #4008, .T. ) ;
#9517 = ORIENTED_EDGE ( 'NONE', *, *, #698, .T. ) ;
#9518 = LINE ( 'NONE', #8637, #9909 ) ;
#9519 = CARTESIAN_POINT ( 'NONE',  ( 48.29999999999999005, -1.450000000000013722, -1.734723475976807094E-15 ) ) ;
#9520 = EDGE_LOOP ( 'NONE', ( #11488, #7194, #6292 ) ) ;
#9522 = CARTESIAN_POINT ( 'NONE',  ( 39.19999999999998863, 13.55000000000000959, 2.000000000000001776 ) ) ;
#9521 = CARTESIAN_POINT ( 'NONE',  ( 26.33534509889640063, 4.825130640993466891, 3.599999999999999201 ) ) ;
#9523 = AXIS2_PLACEMENT_3D ( 'NONE', #4208, #9696, #11585 ) ;
#9524 = CIRCLE ( 'NONE', #4386, 2.624999999999998668 ) ;
#9525 = ORIENTED_EDGE ( 'NONE', *, *, #10017, .F. ) ;
#9526 = CARTESIAN_POINT ( 'NONE',  ( 23.98277243589742724, -7.135331946095345934, 3.999999999999996447 ) ) ;
#9527 = LINE ( 'NONE', #6608, #4463 ) ;
#9528 = LINE ( 'NONE', #4986, #5515 ) ;
#9529 = ORIENTED_EDGE ( 'NONE', *, *, #9472, .T. ) ;
#9530 = ORIENTED_EDGE ( 'NONE', *, *, #1982, .F. ) ;
#9531 = DIRECTION ( 'NONE',  ( 0.000000000000000000, -0.000000000000000000, 1.000000000000000000 ) ) ;
#9532 = DIRECTION ( 'NONE',  ( -0.000000000000000000, -0.000000000000000000, -1.000000000000000000 ) ) ;
#9533 = CIRCLE ( 'NONE', #540, 2.624999999999998668 ) ;
#9534 = AXIS2_PLACEMENT_3D ( 'NONE', #526, #9449, #7851 ) ;
#9535 = ORIENTED_EDGE ( 'NONE', *, *, #9882, .F. ) ;
#9536 = EDGE_CURVE ( 'NONE', #4100, #2647, #219, .T. ) ;
#9537 = VERTEX_POINT ( 'NONE', #2077 ) ;
#9538 = CARTESIAN_POINT ( 'NONE',  ( 24.33174418035721942, -9.119167585266350073, 3.500000000000010214 ) ) ;
#9539 = AXIS2_PLACEMENT_3D ( 'NONE', #8972, #9920, #11759 ) ;
#9540 = ORIENTED_EDGE ( 'NONE', *, *, #11170, .F. ) ;
#9541 = VECTOR ( 'NONE', #2515, 1000.000000000000000 ) ;
#9542 = EDGE_CURVE ( 'NONE', #4449, #4406, #5756, .T. ) ;
#9543 = VERTEX_POINT ( 'NONE', #4852 ) ;
#9544 = DIRECTION ( 'NONE',  ( -0.000000000000000000, 1.000000000000000000, -0.000000000000000000 ) ) ;
#9545 = LINE ( 'NONE', #559, #6986 ) ;
#9546 = B_SPLINE_CURVE_WITH_KNOTS ( 'NONE', 3,
 ( #9697, #11391, #3163, #832, #7135, #5347, #4324, #655, #4267, #1680, #5404, #10675, #1558, #7978, #11725, #1738, #8045, #9825, #1621 ),
 .UNSPECIFIED., .F., .F.,
 ( 4, 1, 1, 1, 1, 1, 1, 1, 1, 1, 1, 1, 1, 1, 1, 1, 4 ),
 ( 0.000000000000000000, 0.07290044517819310732, 0.1420035572776728039, 0.2092423139433876589, 0.2745916364776395113, 0.3384167658000732382, 0.4016927893975335562, 0.4649339725645673660, 0.5282564202501485173, 0.5906850240741915448, 0.6509338176697220257, 0.7096511349919866207, 0.7671803338107789916, 0.8241642198597889379, 0.8817508553548629724, 0.9399466216156898701, 1.000000000000000000 ),
 .UNSPECIFIED. ) ;
#9547 = CARTESIAN_POINT ( 'NONE',  ( -59.10000000000000142, -10.45000000000001528, 1.734723475976807094E-15 ) ) ;
#9548 = CARTESIAN_POINT ( 'NONE',  ( 26.27887547677300972, -12.58892115038910298, 3.500000000000003109 ) ) ;
#9549 = VECTOR ( 'NONE', #10791, 1000.000000000000000 ) ;
#9550 = VECTOR ( 'NONE', #8850, 1000.000000000000000 ) ;
#9551 = CARTESIAN_POINT ( 'NONE',  ( -25.99999999999999289, -10.45000000000001172, 1.000000000000000888 ) ) ;
#9552 = CARTESIAN_POINT ( 'NONE',  ( 9.199999999999997513, 7.050000000000000711, 8.200000000000002842 ) ) ;
#9553 = CARTESIAN_POINT ( 'NONE',  ( 9.199999999999997513, 7.050000000000000711, 9.150000000000002132 ) ) ;
#9554 = ORIENTED_EDGE ( 'NONE', *, *, #2175, .F. ) ;
#9555 = FACE_OUTER_BOUND ( 'NONE', #8237, .T. ) ;
#9556 = CARTESIAN_POINT ( 'NONE',  ( 25.61854685729870695, -10.98722565945691976, 3.500000000000003109 ) ) ;
#9557 = EDGE_CURVE ( 'NONE', #7807, #224, #6697, .T. ) ;
#9558 = EDGE_CURVE ( 'NONE', #4769, #8199, #6586, .T. ) ;
#9559 = FACE_OUTER_BOUND ( 'NONE', #241, .T. ) ;
#9560 = VECTOR ( 'NONE', #11508, 1000.000000000000000 ) ;
#9561 = CARTESIAN_POINT ( 'NONE',  ( 25.82766509817887979, -9.234973947708239095, 3.500000000000003109 ) ) ;
#9562 = FACE_BOUND ( 'NONE', #3883, .T. ) ;
#9563 = ADVANCED_FACE ( 'NONE', ( #8514 ), #10534, .F. ) ;
#9564 = ORIENTED_EDGE ( 'NONE', *, *, #8238, .T. ) ;
#9565 = AXIS2_PLACEMENT_3D ( 'NONE', #5560, #9199, #5327 ) ;
#9566 = LINE ( 'NONE', #10477, #11708 ) ;
#9567 = ORIENTED_EDGE ( 'NONE', *, *, #3292, .T. ) ;
#9568 = CARTESIAN_POINT ( 'NONE',  ( 23.47264795471115661, -12.78219253351890572, 3.999999999999989786 ) ) ;
#9569 = DIRECTION ( 'NONE',  ( 0.000000000000000000, 0.000000000000000000, 1.000000000000000000 ) ) ;
#9570 = CARTESIAN_POINT ( 'NONE',  ( 23.64599720045550058, -8.413774173196451045, 3.500000000000003109 ) ) ;
#9571 = ADVANCED_FACE ( 'NONE', ( #9747, #5919, #1361, #9562, #8028, #11707, #1473, #5019, #7053, #1413, #7960 ), #8677, .F. ) ;
#9572 = CARTESIAN_POINT ( 'NONE',  ( 24.63252324677238647, -12.80625711423487623, 4.000000000000003553 ) ) ;
#9573 = CARTESIAN_POINT ( 'NONE',  ( 25.94090544871794179, -12.58404989481329395, 4.000000000000003553 ) ) ;
#9574 = VECTOR ( 'NONE', #4062, 1000.000000000000114 ) ;
#9575 = LINE ( 'NONE', #1492, #9985 ) ;
#9576 = VERTEX_POINT ( 'NONE', #2312 ) ;
#9577 = CARTESIAN_POINT ( 'NONE',  ( 28.62168949522843775, -13.17456320598610553, 3.500000000000003109 ) ) ;
#9578 = ORIENTED_EDGE ( 'NONE', *, *, #7898, .F. ) ;
#9579 = ORIENTED_EDGE ( 'NONE', *, *, #10280, .F. ) ;
#9580 = CARTESIAN_POINT ( 'NONE',  ( 28.19358780240910178, 6.549327898598319209, 6.814029407017137885 ) ) ;
#9581 = FACE_BOUND ( 'NONE', #4416, .T. ) ;
#9582 = ORIENTED_EDGE ( 'NONE', *, *, #11296, .T. ) ;
#9583 = DIRECTION ( 'NONE',  ( 0.000000000000000000, 0.000000000000000000, -1.000000000000000000 ) ) ;
#9584 = VECTOR ( 'NONE', #5516, 1000.000000000000000 ) ;
#9585 = EDGE_CURVE ( 'NONE', #786, #9845, #7123, .T. ) ;
#9586 = ORIENTED_EDGE ( 'NONE', *, *, #1744, .F. ) ;
#9587 = CARTESIAN_POINT ( 'NONE',  ( 41.19999999999999574, 1.550000000000006484, 1.025000000000002354 ) ) ;
#9588 = DIRECTION ( 'NONE',  ( 1.000000000000000000, -7.228014483236698281E-18, 0.000000000000000000 ) ) ;
#9589 = ORIENTED_EDGE ( 'NONE', *, *, #11052, .F. ) ;
#9590 = EDGE_LOOP ( 'NONE', ( #10679, #3861 ) ) ;
#9591 = DIRECTION ( 'NONE',  ( 0.000000000000000000, -0.000000000000000000, 1.000000000000000000 ) ) ;
#9592 = PLANE ( 'NONE',  #7306 ) ;
#9593 = VECTOR ( 'NONE', #6709, 1000.000000000000000 ) ;
#9594 = VERTEX_POINT ( 'NONE', #10723 ) ;
#9595 = ORIENTED_EDGE ( 'NONE', *, *, #11739, .F. ) ;
#9596 = CARTESIAN_POINT ( 'NONE',  ( 23.44867934338420667, 7.667566115590556564, 6.806862576270114928 ) ) ;
#9597 = VECTOR ( 'NONE', #62, 1000.000000000000114 ) ;
#9598 = CARTESIAN_POINT ( 'NONE',  ( -20.09999999999999787, 13.54999999999998828, 1.734723475976807094E-15 ) ) ;
#9599 = EDGE_CURVE ( 'NONE', #1503, #7638, #2436, .T. ) ;
#9600 = ORIENTED_EDGE ( 'NONE', *, *, #9367, .T. ) ;
#9601 = CARTESIAN_POINT ( 'NONE',  ( 23.37179487179486514, -9.373913676864576772, 3.999999999999996447 ) ) ;
#9602 = FACE_BOUND ( 'NONE', #5954, .T. ) ;
#9603 = DIRECTION ( 'NONE',  ( 0.000000000000000000, 0.000000000000000000, 1.000000000000000000 ) ) ;
#9604 = CARTESIAN_POINT ( 'NONE',  ( -56.89999999999999147, -10.45000000000001528, 1.734723475976807094E-15 ) ) ;
#9605 = CARTESIAN_POINT ( 'NONE',  ( 27.73076923076922640, -13.39234316404406400, 3.500000000000003109 ) ) ;
#9606 = AXIS2_PLACEMENT_3D ( 'NONE', #3547, #9010, #4510 ) ;
#9607 = CARTESIAN_POINT ( 'NONE',  ( 27.64609113099423965, -13.05988780808885963, 4.000000000000003553 ) ) ;
#9608 = ADVANCED_FACE ( 'NONE', ( #6987 ), #11511, .F. ) ;
#9609 = EDGE_LOOP ( 'NONE', ( #6554, #3686, #7286, #5689 ) ) ;
#9610 = DIRECTION ( 'NONE',  ( 1.000000000000000000, 0.000000000000000000, 0.000000000000000000 ) ) ;
#9611 = DIRECTION ( 'NONE',  ( -0.000000000000000000, -1.000000000000000000, -0.000000000000000000 ) ) ;
#9612 = FACE_OUTER_BOUND ( 'NONE', #8517, .T. ) ;
#9613 = VERTEX_POINT ( 'NONE', #7776 ) ;
#9614 = CARTESIAN_POINT ( 'NONE',  ( -9.039999999999999147, 9.039999999999999147, 2.000000000000000000 ) ) ;
#9615 = EDGE_CURVE ( 'NONE', #3819, #3235, #4477, .T. ) ;
#9616 = LINE ( 'NONE', #5072, #8173 ) ;
#9617 = LINE ( 'NONE', #10531, #11316 ) ;
#9618 = VECTOR ( 'NONE', #1184, 1000.000000000000000 ) ;
#9619 = DIRECTION ( 'NONE',  ( 0.000000000000000000, -0.000000000000000000, -1.000000000000000000 ) ) ;
#9620 = DIRECTION ( 'NONE',  ( 1.000000000000000000, 0.000000000000000000, 0.000000000000000000 ) ) ;
#9621 = CARTESIAN_POINT ( 'NONE',  ( 25.02376158698549702, 5.022820047219557438, 5.999999999999998224 ) ) ;
#9622 = ADVANCED_FACE ( 'NONE', ( #1543 ), #11445, .F. ) ;
#9623 = EDGE_CURVE ( 'NONE', #5168, #4947, #3279, .T. ) ;
#9624 = EDGE_CURVE ( 'NONE', #11225, #7209, #3210, .T. ) ;
#9625 = ORIENTED_EDGE ( 'NONE', *, *, #30, .F. ) ;
#9626 = AXIS2_PLACEMENT_3D ( 'NONE', #79, #2608, #3757 ) ;
#9627 = CARTESIAN_POINT ( 'NONE',  ( 26.87040177332042035, -11.74128761603701143, 4.000000000000003553 ) ) ;
#9628 = VERTEX_POINT ( 'NONE', #2370 ) ;
#9629 = ORIENTED_EDGE ( 'NONE', *, *, #4888, .F. ) ;
#9630 = CARTESIAN_POINT ( 'NONE',  ( 28.25594183019129702, 8.392144350952280618, 6.747558652054622463 ) ) ;
#9631 = CARTESIAN_POINT ( 'NONE',  ( 26.70690707783456119, -9.988250329226271873, 3.500000000000003109 ) ) ;
#9632 = DIRECTION ( 'NONE',  ( 1.000000000000000000, 0.000000000000000000, 0.000000000000000000 ) ) ;
#9633 = DIRECTION ( 'NONE',  ( -0.000000000000000000, -0.000000000000000000, -1.000000000000000000 ) ) ;
#9634 = DIRECTION ( 'NONE',  ( -0.000000000000000000, -0.000000000000000000, -1.000000000000000000 ) ) ;
#9635 = VERTEX_POINT ( 'NONE', #3339 ) ;
#9636 = DIRECTION ( 'NONE',  ( 0.000000000000000000, 0.000000000000000000, -1.000000000000000000 ) ) ;
#9637 = ORIENTED_EDGE ( 'NONE', *, *, #1206, .T. ) ;
#9638 = ORIENTED_EDGE ( 'NONE', *, *, #9470, .F. ) ;
#9639 = CARTESIAN_POINT ( 'NONE',  ( 46.09999999999999432, 22.54999999999998650, 1.999999999999999112 ) ) ;
#9640 = EDGE_CURVE ( 'NONE', #7326, #10953, #705, .T. ) ;
#9641 = CARTESIAN_POINT ( 'NONE',  ( 25.94090544871794179, -12.58404989481329395, 3.500000000000003109 ) ) ;
#9642 = EDGE_LOOP ( 'NONE', ( #6376, #811, #6777, #7269 ) ) ;
#9643 = CARTESIAN_POINT ( 'NONE',  ( 24.27169036153837212, -13.47554082579415180, 4.000000000000007105 ) ) ;
#9644 = VERTEX_POINT ( 'NONE', #6036 ) ;
#9645 = VERTEX_POINT ( 'NONE', #11571 ) ;
#9646 = CARTESIAN_POINT ( 'NONE',  ( -84.99999999999998579, -1.366094737331735587E-14, 1.000000000000000888 ) ) ;
#9647 = EDGE_CURVE ( 'NONE', #7826, #9085, #9681, .T. ) ;
#9648 = CARTESIAN_POINT ( 'NONE',  ( -81.99999999999998579, 9.549999999999984723, 3.100000000000001865 ) ) ;
#9649 = ORIENTED_EDGE ( 'NONE', *, *, #1917, .T. ) ;
#9650 = ORIENTED_EDGE ( 'NONE', *, *, #3741, .F. ) ;
#9651 = LINE ( 'NONE', #9841, #6988 ) ;
#9652 = CARTESIAN_POINT ( 'NONE',  ( -20.09999999999999787, 37.54999999999998295, 1.000000000000002665 ) ) ;
#9653 = AXIS2_PLACEMENT_3D ( 'NONE', #7594, #5862, #2136 ) ;
#9654 = CARTESIAN_POINT ( 'NONE',  ( -54.99999999999999289, 11.99999999999998579, 3.100000000000001865 ) ) ;
#9655 = ORIENTED_EDGE ( 'NONE', *, *, #4634, .F. ) ;
#9656 = FACE_OUTER_BOUND ( 'NONE', #8169, .T. ) ;
#9657 = ORIENTED_EDGE ( 'NONE', *, *, #467, .T. ) ;
#9658 = VECTOR ( 'NONE', #9467, 999.9999999999998863 ) ;
#9659 = CYLINDRICAL_SURFACE ( 'NONE', #11020, 2.624999999999998668 ) ;
#9660 = ORIENTED_EDGE ( 'NONE', *, *, #1522, .F. ) ;
#9661 = DIRECTION ( 'NONE',  ( 0.000000000000000000, -0.000000000000000000, -1.000000000000000000 ) ) ;
#9662 = CARTESIAN_POINT ( 'NONE',  ( -76.62999999999999545, 11.99999999999998579, 1.000000000000000888 ) ) ;
#9663 = CARTESIAN_POINT ( 'NONE',  ( 23.65253605882226751, -10.30500652059306432, 3.499999999999999556 ) ) ;
#9664 = STYLED_ITEM ( 'NONE', ( #8605 ), #9918 ) ;
#9665 = CARTESIAN_POINT ( 'NONE',  ( 24.83019530096086314, 9.399932332239801624, 3.599999999999999201 ) ) ;
#9666 = CARTESIAN_POINT ( 'NONE',  ( 27.53545059854775090, -14.87814591068786640, 3.999999999999998224 ) ) ;
#9667 = CARTESIAN_POINT ( 'NONE',  ( 28.72717802865892267, 8.300000000000006040, 1.600000000000000755 ) ) ;
#9668 = CARTESIAN_POINT ( 'NONE',  ( -66.01999999999999602, 1.999999999999986233, -8.732124598286489459 ) ) ;
#9669 = CARTESIAN_POINT ( 'NONE',  ( 14.99999999999999822, -17.99999999999999289, 5.000000000000000000 ) ) ;
#9670 = CARTESIAN_POINT ( 'NONE',  ( 23.98277243589742724, -7.135331946095345934, 3.499999999999996003 ) ) ;
#9671 = ORIENTED_EDGE ( 'NONE', *, *, #1652, .T. ) ;
#9672 = DIRECTION ( 'NONE',  ( 0.000000000000000000, 0.000000000000000000, -1.000000000000000000 ) ) ;
#9673 = VERTEX_POINT ( 'NONE', #4253 ) ;
#9674 = CARTESIAN_POINT ( 'NONE',  ( -9.200000000000001066, 18.00000000000000355, 2.000000000000000000 ) ) ;
#9675 = CIRCLE ( 'NONE', #9473, 4.999999999999990230 ) ;
#9676 = DIRECTION ( 'NONE',  ( 0.000000000000000000, 0.000000000000000000, -1.000000000000000000 ) ) ;
#9677 = VECTOR ( 'NONE', #1773, 1000.000000000000227 ) ;
#9678 = PLANE ( 'NONE',  #11119 ) ;
#9679 = CARTESIAN_POINT ( 'NONE',  ( -9.039999999999999147, 9.039999999999999147, 0.000000000000000000 ) ) ;
#9680 = EDGE_CURVE ( 'NONE', #5444, #5108, #10661, .T. ) ;
#9681 = LINE ( 'NONE', #8800, #6755 ) ;
#9682 = LINE ( 'NONE', #1475, #7108 ) ;
#9683 = EDGE_CURVE ( 'NONE', #3676, #5141, #8925, .T. ) ;
#9684 = ORIENTED_EDGE ( 'NONE', *, *, #1677, .T. ) ;
#9685 = VECTOR ( 'NONE', #10889, 1000.000000000000000 ) ;
#9686 = CARTESIAN_POINT ( 'NONE',  ( 25.99999999999999289, 7.050000000000004263, 1.799999999999999600 ) ) ;
#9687 = VERTEX_POINT ( 'NONE', #3526 ) ;
#9688 = ORIENTED_EDGE ( 'NONE', *, *, #10516, .T. ) ;
#9689 = DIRECTION ( 'NONE',  ( -0.000000000000000000, -0.000000000000000000, -1.000000000000000000 ) ) ;
#9690 = CYLINDRICAL_SURFACE ( 'NONE', #7788, 1.100000000000000311 ) ;
#9691 = DIRECTION ( 'NONE',  ( -1.000000000000000000, 0.000000000000000000, 0.000000000000000000 ) ) ;
#9692 = CARTESIAN_POINT ( 'NONE',  ( 26.50841908965827898, -10.38668280141953382, 4.000000000000004441 ) ) ;
#9693 = FACE_OUTER_BOUND ( 'NONE', #9099, .T. ) ;
#9694 = EDGE_CURVE ( 'NONE', #5555, #4774, #9980, .T. ) ;
#9695 = LINE ( 'NONE', #11523, #6190 ) ;
#9696 = DIRECTION ( 'NONE',  ( 0.9683134704347984290, 0.2497379085651931785, 0.000000000000000000 ) ) ;
#9697 = CARTESIAN_POINT ( 'NONE',  ( 25.08052884615383959, -10.14815245891586137, 4.000000000000003553 ) ) ;
#9698 = CARTESIAN_POINT ( 'NONE',  ( 24.52564102564101844, -6.590460151223551222, 3.500000000000003109 ) ) ;
#9699 = VERTEX_POINT ( 'NONE', #818 ) ;
#9700 = VERTEX_POINT ( 'NONE', #9137 ) ;
#9701 = DIRECTION ( 'NONE',  ( -1.000000000000000000, -0.000000000000000000, -0.000000000000000000 ) ) ;
#9702 = ORIENTED_EDGE ( 'NONE', *, *, #2289, .T. ) ;
#9703 = CYLINDRICAL_SURFACE ( 'NONE', #10327, 1.100000000000003642 ) ;
#9704 = EDGE_LOOP ( 'NONE', ( #362, #4015, #11204, #3908 ) ) ;
#9705 = AXIS2_PLACEMENT_3D ( 'NONE', #2069, #11264, #6691 ) ;
#9706 = DIRECTION ( 'NONE',  ( 1.000000000000000000, 0.000000000000000000, 0.000000000000000000 ) ) ;
#9707 = EDGE_LOOP ( 'NONE', ( #382, #164, #3358, #7513 ) ) ;
#9708 = ORIENTED_EDGE ( 'NONE', *, *, #7951, .T. ) ;
#9709 = CARTESIAN_POINT ( 'NONE',  ( 27.12728291359444910, -14.06591858515577975, 4.000000000000000000 ) ) ;
#9710 = DIRECTION ( 'NONE',  ( 0.000000000000000000, 0.000000000000000000, -1.000000000000000000 ) ) ;
#9711 = AXIS2_PLACEMENT_3D ( 'NONE', #6425, #2944, #3736 ) ;
#9712 = CARTESIAN_POINT ( 'NONE',  ( 39.19999999999998863, -4.891742202505601433, 4.000000000000000000 ) ) ;
#9713 = ORIENTED_EDGE ( 'NONE', *, *, #11640, .T. ) ;
#9714 = EDGE_CURVE ( 'NONE', #6339, #8199, #763, .T. ) ;
#9715 = ORIENTED_EDGE ( 'NONE', *, *, #6924, .F. ) ;
#9716 = CARTESIAN_POINT ( 'NONE',  ( 23.50991955618347617, -8.660798284288718563, 3.499999999999992895 ) ) ;
#9717 = DIRECTION ( 'NONE',  ( 0.000000000000000000, -0.000000000000000000, 1.000000000000000000 ) ) ;
#9718 = ORIENTED_EDGE ( 'NONE', *, *, #1709, .T. ) ;
#9719 = VECTOR ( 'NONE', #6716, 1000.000000000000000 ) ;
#9720 = EDGE_LOOP ( 'NONE', ( #5457, #700, #75, #6245 ) ) ;
#9721 = DIRECTION ( 'NONE',  ( 0.1951293884378707821, -0.9807775087999635044, 0.000000000000000000 ) ) ;
#9722 = AXIS2_PLACEMENT_3D ( 'NONE', #11833, #7976, #3415 ) ;
#9723 = EDGE_CURVE ( 'NONE', #11375, #4314, #9255, .T. ) ;
#9724 = ORIENTED_EDGE ( 'NONE', *, *, #9943, .T. ) ;
#9725 = CYLINDRICAL_SURFACE ( 'NONE', #2224, 1.100000000000003642 ) ;
#9726 = CARTESIAN_POINT ( 'NONE',  ( 30.64999999999999147, -15.00000000000000000, -2.969848480983499961 ) ) ;
#9727 = EDGE_LOOP ( 'NONE', ( #4354, #8928, #8110, #5896 ) ) ;
#9728 = EDGE_CURVE ( 'NONE', #1464, #71, #5498, .T. ) ;
#9729 = VECTOR ( 'NONE', #5706, 1000.000000000000000 ) ;
#9730 = ORIENTED_EDGE ( 'NONE', *, *, #5154, .T. ) ;
#9731 = VECTOR ( 'NONE', #1054, 1000.000000000000000 ) ;
#9732 = DIRECTION ( 'NONE',  ( -0.000000000000000000, -0.000000000000000000, -1.000000000000000000 ) ) ;
#9733 = CARTESIAN_POINT ( 'NONE',  ( 25.99999999999999289, 7.050000000000004263, 3.599999999999999201 ) ) ;
#9734 = CARTESIAN_POINT ( 'NONE',  ( 9.199999999999995737, -12.00000000000000000, 10.09999999999999964 ) ) ;
#9735 = ORIENTED_EDGE ( 'NONE', *, *, #7228, .T. ) ;
#9736 = CARTESIAN_POINT ( 'NONE',  ( 27.23030594919632819, -14.96913926839695819, 3.500000000000003109 ) ) ;
#9737 = DIRECTION ( 'NONE',  ( -0.9634530185057988971, -0.2678773621119643900, 0.000000000000000000 ) ) ;
#9738 = VECTOR ( 'NONE', #1610, 1000.000000000000000 ) ;
#9739 = FACE_OUTER_BOUND ( 'NONE', #9238, .T. ) ;
#9740 = CARTESIAN_POINT ( 'NONE',  ( 24.28744433202244934, -6.133349063903775544, 4.000000000000000000 ) ) ;
#9741 = CARTESIAN_POINT ( 'NONE',  ( 26.74083238369000171, 4.531708440375467717, 6.811805131996955254 ) ) ;
#9742 = LINE ( 'NONE', #5197, #10673 ) ;
#9743 = ORIENTED_EDGE ( 'NONE', *, *, #2594, .F. ) ;
#9744 = DIRECTION ( 'NONE',  ( 1.000000000000000000, 0.000000000000000000, 0.000000000000000000 ) ) ;
#9745 = FACE_OUTER_BOUND ( 'NONE', #2908, .T. ) ;
#9746 = DIRECTION ( 'NONE',  ( 0.000000000000000000, 0.000000000000000000, 1.000000000000000000 ) ) ;
#9747 = FACE_BOUND ( 'NONE', #2208, .T. ) ;
#9748 = CIRCLE ( 'NONE', #8993, 1.100000000000003642 ) ;
#9749 = VECTOR ( 'NONE', #167, 1000.000000000000000 ) ;
#9750 = B_SPLINE_CURVE_WITH_KNOTS ( 'NONE', 3,
 ( #7300, #7541, #2859, #1065, #949, #4624, #10003, #1959, #4803, #4560, #10974, #8276, #8334, #1133, #4683, #2796, #6467, #106, #3783 ),
 .UNSPECIFIED., .F., .F.,
 ( 4, 1, 1, 1, 1, 1, 1, 1, 1, 1, 1, 1, 1, 1, 1, 1, 4 ),
 ( 0.000000000000000000, 0.06675771127909896352, 0.1317324785734523274, 0.1948167910261856262, 0.2570269751173338002, 0.3187274376799381637, 0.3803299566842557877, 0.4433052533380151816, 0.5074457357281491054, 0.5714909223970686680, 0.6333486697152077571, 0.6939309794721830738, 0.7539203747855203197, 0.8137951195537000970, 0.8745193245299817120, 0.9362197870925862420, 1.000000000000000000 ),
 .UNSPECIFIED. ) ;
#9751 = LINE ( 'NONE', #1780, #9738 ) ;
#9752 = PLANE ( 'NONE',  #3448 ) ;
#9753 = ORIENTED_EDGE ( 'NONE', *, *, #2985, .F. ) ;
#9754 = EDGE_CURVE ( 'NONE', #2820, #10029, #2932, .T. ) ;
#9755 = ORIENTED_EDGE ( 'NONE', *, *, #9460, .T. ) ;
#9756 = DIRECTION ( 'NONE',  ( 0.8101380867480008074, -0.5862390983210594708, 0.000000000000000000 ) ) ;
#9757 = DIRECTION ( 'NONE',  ( 0.000000000000000000, -8.673617379884035472E-16, 1.000000000000000000 ) ) ;
#9758 = AXIS2_PLACEMENT_3D ( 'NONE', #3475, #8805, #11140 ) ;
#9759 = CARTESIAN_POINT ( 'NONE',  ( -49.99999999999998579, 9.549999999999988276, -6.211269837220810608 ) ) ;
#9760 = CARTESIAN_POINT ( 'NONE',  ( 24.44874007111405589, -14.87387744734469130, 3.500000000000003109 ) ) ;
#9761 = CARTESIAN_POINT ( 'NONE',  ( -16.99999999999999645, -11.48077640640443597, 1.000000000000000888 ) ) ;
#9762 = DIRECTION ( 'NONE',  ( 0.000000000000000000, 1.000000000000000000, 0.000000000000000000 ) ) ;
#9763 = ORIENTED_EDGE ( 'NONE', *, *, #417, .T. ) ;
#9764 = CARTESIAN_POINT ( 'NONE',  ( 24.09098534024904481, -7.130121392618137932, 4.000000000000000000 ) ) ;
#9765 = VECTOR ( 'NONE', #3466, 1000.000000000000114 ) ;
#9766 = VERTEX_POINT ( 'NONE', #7331 ) ;
#9767 = VERTEX_POINT ( 'NONE', #8255 ) ;
#9768 = FACE_BOUND ( 'NONE', #7140, .T. ) ;
#9769 = ORIENTED_EDGE ( 'NONE', *, *, #11472, .F. ) ;
#9770 = PLANE ( 'NONE',  #11304 ) ;
#9771 = ORIENTED_EDGE ( 'NONE', *, *, #3901, .F. ) ;
#9772 = EDGE_CURVE ( 'NONE', #10833, #4584, #7282, .T. ) ;
#9773 = CARTESIAN_POINT ( 'NONE',  ( 28.61486796622784823, 6.819586200076075855, 5.999999999999998224 ) ) ;
#9774 = ORIENTED_EDGE ( 'NONE', *, *, #2864, .T. ) ;
#9775 = CARTESIAN_POINT ( 'NONE',  ( 27.72730271446992845, -13.47760009860552266, 4.000000000000014211 ) ) ;
#9776 = LINE ( 'NONE', #6186, #7320 ) ;
#9777 = FACE_BOUND ( 'NONE', #11575, .T. ) ;
#9778 = VECTOR ( 'NONE', #2729, 1000.000000000000000 ) ;
#9779 = ORIENTED_EDGE ( 'NONE', *, *, #8034, .T. ) ;
#9780 = CYLINDRICAL_SURFACE ( 'NONE', #7367, 2.624999999999998668 ) ;
#9781 = DIRECTION ( 'NONE',  ( -1.000000000000000000, 0.000000000000000000, 0.000000000000000000 ) ) ;
#9782 = ORIENTED_EDGE ( 'NONE', *, *, #4011, .T. ) ;
#9783 = ORIENTED_EDGE ( 'NONE', *, *, #926, .T. ) ;
#9784 = CARTESIAN_POINT ( 'NONE',  ( 26.82476896427944624, -14.13406248658068520, 3.500000000000006661 ) ) ;
#9785 = ADVANCED_FACE ( 'NONE', ( #8091 ), #6272, .F. ) ;
#9786 = EDGE_CURVE ( 'NONE', #4269, #8750, #4541, .T. ) ;
#9787 = ORIENTED_EDGE ( 'NONE', *, *, #5381, .T. ) ;
#9788 = DIRECTION ( 'NONE',  ( -0.000000000000000000, -0.000000000000000000, -1.000000000000000000 ) ) ;
#9789 = CARTESIAN_POINT ( 'NONE',  ( -60.79999999999999005, -18.00000000000000711, 3.100000000000001865 ) ) ;
#9790 = EDGE_LOOP ( 'NONE', ( #5693, #28, #4061, #11364 ) ) ;
#9791 = CIRCLE ( 'NONE', #1363, 1.099999999999996758 ) ;
#9792 = LINE ( 'NONE', #2291, #7184 ) ;
#9793 = DIRECTION ( 'NONE',  ( -0.000000000000000000, 0.000000000000000000, 1.000000000000000000 ) ) ;
#9794 = EDGE_CURVE ( 'NONE', #7099, #7995, #6443, .T. ) ;
#9795 = ORIENTED_EDGE ( 'NONE', *, *, #11085, .T. ) ;
#9796 = CARTESIAN_POINT ( 'NONE',  ( -66.01999999999999602, 2.799999999999998490, 1.000000000000000888 ) ) ;
#9797 = VERTEX_POINT ( 'NONE', #1722 ) ;
#9798 = ADVANCED_FACE ( 'NONE', ( #5438 ), #10096, .F. ) ;
#9799 = EDGE_CURVE ( 'NONE', #941, #2282, #3637, .T. ) ;
#9800 = DIRECTION ( 'NONE',  ( -0.000000000000000000, -0.000000000000000000, 1.000000000000000000 ) ) ;
#9801 = VECTOR ( 'NONE', #6359, 1000.000000000000000 ) ;
#9802 = CARTESIAN_POINT ( 'NONE',  ( 24.19360731046278090, -6.082522246282337619, 3.500000000000003109 ) ) ;
#9803 = CARTESIAN_POINT ( 'NONE',  ( 27.94811698717947834, -12.09727104865944725, 4.000000000000003553 ) ) ;
#9804 = CARTESIAN_POINT ( 'NONE',  ( 23.87454283344085582, -7.130155543331039958, 3.999999999999996447 ) ) ;
#9805 = ORIENTED_EDGE ( 'NONE', *, *, #4579, .F. ) ;
#9806 = DIRECTION ( 'NONE',  ( -1.000000000000000000, 0.000000000000000000, 0.000000000000000000 ) ) ;
#9807 = FACE_BOUND ( 'NONE', #7310, .T. ) ;
#9808 = LINE ( 'NONE', #8921, #9560 ) ;
#9809 = DIRECTION ( 'NONE',  ( 1.000000000000000000, 0.000000000000000000, -0.000000000000000000 ) ) ;
#9810 = CIRCLE ( 'NONE', #7899, 1.100000000000000311 ) ;
#9811 = ADVANCED_FACE ( 'NONE', ( #10954 ), #9202, .F. ) ;
#9812 = CARTESIAN_POINT ( 'NONE',  ( 23.63103500529499357, -14.30319670791077691, 3.499999999999996003 ) ) ;
#9813 = EDGE_LOOP ( 'NONE', ( #734, #8617, #9713, #8641 ) ) ;
#9814 = DIRECTION ( 'NONE',  ( 0.000000000000000000, 0.000000000000000000, 1.000000000000000000 ) ) ;
#9815 = DIRECTION ( 'NONE',  ( 0.000000000000000000, 1.000000000000000000, -0.000000000000000000 ) ) ;
#9816 = ORIENTED_EDGE ( 'NONE', *, *, #5584, .T. ) ;
#9817 = ORIENTED_EDGE ( 'NONE', *, *, #9647, .T. ) ;
#9818 = DIRECTION ( 'NONE',  ( 1.000000000000000000, 0.000000000000000000, 0.000000000000000000 ) ) ;
#9819 = CIRCLE ( 'NONE', #3699, 1.100000000000003642 ) ;
#9820 = CARTESIAN_POINT ( 'NONE',  ( -64.84999999999999432, 11.39999999999998614, 0.4500000000000025091 ) ) ;
#9821 = CARTESIAN_POINT ( 'NONE',  ( 26.41367134548459816, -10.50573111153912897, 3.999999999999997335 ) ) ;
#9822 = CARTESIAN_POINT ( 'NONE',  ( 39.19999999999998863, -5.340460151223551222, 3.499999999999999556 ) ) ;
#9823 = ORIENTED_EDGE ( 'NONE', *, *, #6967, .T. ) ;
#9824 = CARTESIAN_POINT ( 'NONE',  ( 23.38594170209642442, -13.65676704002534692, 3.499999999999999556 ) ) ;
#9825 = CARTESIAN_POINT ( 'NONE',  ( 25.87143306970186174, -9.485481135557305876, 4.000000000000000000 ) ) ;
#9827 = CARTESIAN_POINT ( 'NONE',  ( 12.99999999999999822, 44.00000000000000000, 8.000000000000000000 ) ) ;
#9826 = VECTOR ( 'NONE', #3844, 1000.000000000000000 ) ;
#9828 = ORIENTED_EDGE ( 'NONE', *, *, #7359, .T. ) ;
#9829 = ORIENTED_EDGE ( 'NONE', *, *, #8759, .T. ) ;
#9830 = FACE_OUTER_BOUND ( 'NONE', #1931, .T. ) ;
#9831 = VERTEX_POINT ( 'NONE', #9035 ) ;
#9832 = FACE_BOUND ( 'NONE', #1158, .T. ) ;
#9833 = EDGE_CURVE ( 'NONE', #6307, #432, #10786, .T. ) ;
#9834 = ORIENTED_EDGE ( 'NONE', *, *, #11402, .T. ) ;
#9835 = FACE_OUTER_BOUND ( 'NONE', #9167, .T. ) ;
#9836 = EDGE_LOOP ( 'NONE', ( #10408, #312, #7693, #328 ) ) ;
#9837 = DIRECTION ( 'NONE',  ( 0.000000000000000000, -0.000000000000000000, -1.000000000000000000 ) ) ;
#9838 = CARTESIAN_POINT ( 'NONE',  ( -49.99999999999998579, -10.45000000000001172, 0.000000000000000000 ) ) ;
#9839 = CARTESIAN_POINT ( 'NONE',  ( 25.99999999999999289, 7.050000000000004263, 3.599999999999999201 ) ) ;
#9840 = VERTEX_POINT ( 'NONE', #4433 ) ;
#9841 = CARTESIAN_POINT ( 'NONE',  ( -16.99999999999999645, 2.580776406404412526, -5.363961030678932040 ) ) ;
#9842 = CARTESIAN_POINT ( 'NONE',  ( 41.99281195749227180, -13.70589365087839084, 4.000000000000000000 ) ) ;
#9843 = EDGE_CURVE ( 'NONE', #3987, #2087, #6218, .T. ) ;
#9844 = ORIENTED_EDGE ( 'NONE', *, *, #12, .F. ) ;
#9845 = VERTEX_POINT ( 'NONE', #7175 ) ;
#9846 = CARTESIAN_POINT ( 'NONE',  ( 27.91135620130512152, -14.69651263742604286, 3.499999999999992895 ) ) ;
#9847 = EDGE_CURVE ( 'NONE', #2516, #6329, #1776, .T. ) ;
#9848 = VERTEX_POINT ( 'NONE', #10840 ) ;
#9849 = DIRECTION ( 'NONE',  ( 0.1026289084637298094, -0.9947197128576187319, 0.000000000000000000 ) ) ;
#9850 = DIRECTION ( 'NONE',  ( 1.000000000000000000, -0.000000000000000000, 0.000000000000000000 ) ) ;
#9851 = EDGE_LOOP ( 'NONE', ( #2811, #10987, #9979, #11743, #9256, #5239, #2572, #10083, #10129 ) ) ;
#9852 = EDGE_LOOP ( 'NONE', ( #7262, #7836 ) ) ;
#9853 = CARTESIAN_POINT ( 'NONE',  ( 23.41951716871267664, -8.930310380465369846, 4.000000000000000000 ) ) ;
#9854 = EDGE_CURVE ( 'NONE', #5049, #6008, #1603, .T. ) ;
#9855 = EDGE_CURVE ( 'NONE', #2869, #1990, #11072, .T. ) ;
#9856 = FACE_OUTER_BOUND ( 'NONE', #5596, .T. ) ;
#9857 = ORIENTED_EDGE ( 'NONE', *, *, #3438, .T. ) ;
#9858 = ORIENTED_EDGE ( 'NONE', *, *, #9882, .T. ) ;
#9859 = CIRCLE ( 'NONE', #1422, 0.9749999999999993117 ) ;
#9860 = CARTESIAN_POINT ( 'NONE',  ( 28.62820512820512064, -4.891742202505601433, 3.499999999999999556 ) ) ;
#9861 = DIRECTION ( 'NONE',  ( -8.182657905550977046E-17, 1.000000000000000000, -0.000000000000000000 ) ) ;
#9862 = LINE ( 'NONE', #11760, #5105 ) ;
#9863 = DIRECTION ( 'NONE',  ( -0.000000000000000000, -0.000000000000000000, 1.000000000000000000 ) ) ;
#9864 = VERTEX_POINT ( 'NONE', #8500 ) ;
#9865 = CARTESIAN_POINT ( 'NONE',  ( 25.87082931662034113, -9.436608154350814459, 3.499999999999999556 ) ) ;
#9866 = CARTESIAN_POINT ( 'NONE',  ( 31.69999999999999218, -15.00000000000000000, 4.000000000000000000 ) ) ;
#9867 = EDGE_CURVE ( 'NONE', #6348, #4114, #4782, .T. ) ;
#9868 = LINE ( 'NONE', #1665, #8147 ) ;
#9869 = AXIS2_PLACEMENT_3D ( 'NONE', #5341, #1733, #5397 ) ;
#9870 = CARTESIAN_POINT ( 'NONE',  ( -79.19999999999998863, -18.00000000000001421, 22.01137224000416381 ) ) ;
#9871 = EDGE_CURVE ( 'NONE', #5535, #2277, #1939, .T. ) ;
#9872 = CIRCLE ( 'NONE', #4513, 2.624999999999998668 ) ;
#9873 = CARTESIAN_POINT ( 'NONE',  ( 27.68072711015760845, -13.63887194676185111, 4.000000000000000000 ) ) ;
#9874 = AXIS2_PLACEMENT_3D ( 'NONE', #9907, #10707, #10024 ) ;
#9875 = CARTESIAN_POINT ( 'NONE',  ( -16.35880880201951371, 10.16152326960867214, 10.09999999999999964 ) ) ;
#9876 = ORIENTED_EDGE ( 'NONE', *, *, #11854, .F. ) ;
#9877 = EDGE_LOOP ( 'NONE', ( #970, #5520, #9393, #11810 ) ) ;
#9878 = CARTESIAN_POINT ( 'NONE',  ( -49.99999999999998579, -10.45000000000001172, 1.000000000000000888 ) ) ;
#9879 = CARTESIAN_POINT ( 'NONE',  ( 24.44318136151033016, -9.885100171127668034, 4.000000000000003553 ) ) ;
#9880 = PLANE ( 'NONE',  #9869 ) ;
#9881 = DIRECTION ( 'NONE',  ( 0.02800643998648373600, -0.9996077427267575644, 0.000000000000000000 ) ) ;
#9882 = EDGE_CURVE ( 'NONE', #5456, #2342, #5624, .T. ) ;
#9883 = DIRECTION ( 'NONE',  ( -9.637352644315600173E-17, 1.000000000000000000, 0.000000000000000000 ) ) ;
#9884 = EDGE_CURVE ( 'NONE', #10281, #916, #10158, .T. ) ;
#9885 = PLANE ( 'NONE',  #3101 ) ;
#9886 = LINE ( 'NONE', #1739, #11747 ) ;
#9887 = ORIENTED_EDGE ( 'NONE', *, *, #8046, .T. ) ;
#9888 = DIRECTION ( 'NONE',  ( 0.000000000000000000, 0.000000000000000000, -1.000000000000000000 ) ) ;
#9889 = ORIENTED_EDGE ( 'NONE', *, *, #7692, .F. ) ;
#9890 = EDGE_CURVE ( 'NONE', #10705, #10617, #5047, .T. ) ;
#9891 = FACE_OUTER_BOUND ( 'NONE', #5570, .T. ) ;
#9892 = ORIENTED_EDGE ( 'NONE', *, *, #11595, .F. ) ;
#9893 = ORIENTED_EDGE ( 'NONE', *, *, #7524, .F. ) ;
#9894 = VECTOR ( 'NONE', #3100, 1000.000000000000000 ) ;
#9895 = CARTESIAN_POINT ( 'NONE',  ( 23.92644495765434343, 5.440343363830996815, 6.784455972358864884 ) ) ;
#9896 = CARTESIAN_POINT ( 'NONE',  ( 49.19999999999999574, 26.99999999999998224, -8.673617379884035472E-16 ) ) ;
#9897 = ADVANCED_FACE ( 'NONE', ( #10338 ), #9264, .F. ) ;
#9898 = ORIENTED_EDGE ( 'NONE', *, *, #5154, .F. ) ;
#9899 = FACE_OUTER_BOUND ( 'NONE', #9070, .T. ) ;
#9900 = EDGE_LOOP ( 'NONE', ( #11793, #7152, #8300, #5460 ) ) ;
#9901 = LINE ( 'NONE', #8176, #9350 ) ;
#9902 = ORIENTED_EDGE ( 'NONE', *, *, #10232, .F. ) ;
#9903 = CARTESIAN_POINT ( 'NONE',  ( 26.64518355067240307, -14.15778508264492963, 3.500000000000003109 ) ) ;
#9904 = AXIS2_PLACEMENT_3D ( 'NONE', #10762, #2412, #6076 ) ;
#9905 = CIRCLE ( 'NONE', #11670, 1.100000000000003642 ) ;
#9906 = EDGE_CURVE ( 'NONE', #1867, #8066, #7030, .T. ) ;
#9907 = CARTESIAN_POINT ( 'NONE',  ( 25.99999999999999289, 7.050000000000004263, 5.999999999999998224 ) ) ;
#9908 = ORIENTED_EDGE ( 'NONE', *, *, #6699, .F. ) ;
#9909 = VECTOR ( 'NONE', #8695, 1000.000000000000000 ) ;
#9910 = EDGE_LOOP ( 'NONE', ( #4336, #5647, #2888, #10543 ) ) ;
#9911 = DIRECTION ( 'NONE',  ( 1.000000000000000000, 0.000000000000000000, 0.000000000000000000 ) ) ;
#9912 = EDGE_CURVE ( 'NONE', #6723, #2844, #3829, .T. ) ;
#9913 = DIRECTION ( 'NONE',  ( 0.000000000000000000, -1.000000000000000000, 0.000000000000000000 ) ) ;
#9914 = VECTOR ( 'NONE', #2980, 1000.000000000000114 ) ;
#9915 = DIRECTION ( 'NONE',  ( 0.000000000000000000, -0.000000000000000000, -1.000000000000000000 ) ) ;
#9916 = CARTESIAN_POINT ( 'NONE',  ( 27.67007260083689957, -14.82286397092118335, 3.499999999999996003 ) ) ;
#9917 = ORIENTED_EDGE ( 'NONE', *, *, #7744, .T. ) ;
#9918 = MANIFOLD_SOLID_BREP ( 'Body-Move/Copy1', #4873 ) ;
#9919 = FACE_OUTER_BOUND ( 'NONE', #4540, .T. ) ;
#9920 = DIRECTION ( 'NONE',  ( 0.000000000000000000, 0.000000000000000000, 1.000000000000000000 ) ) ;
#9921 = DIRECTION ( 'NONE',  ( -1.000000000000000000, 0.000000000000000000, 0.000000000000000000 ) ) ;
#9922 = EDGE_CURVE ( 'NONE', #6615, #5373, #1171, .T. ) ;
#9923 = DIRECTION ( 'NONE',  ( 1.000000000000000000, 0.000000000000000000, 0.000000000000000000 ) ) ;
#9924 = CIRCLE ( 'NONE', #7431, 0.9749999999999993117 ) ;
#9925 = AXIS2_PLACEMENT_3D ( 'NONE', #1912, #10981, #9107 ) ;
#9926 = FACE_OUTER_BOUND ( 'NONE', #10806, .T. ) ;
#9927 = DIRECTION ( 'NONE',  ( 0.000000000000000000, 0.000000000000000000, 1.000000000000000000 ) ) ;
#9928 = DIRECTION ( 'NONE',  ( 1.000000000000000000, 0.000000000000000000, 0.000000000000000000 ) ) ;
#9929 = CIRCLE ( 'NONE', #8790, 2.624999999999998668 ) ;
#9930 = DIRECTION ( 'NONE',  ( 0.000000000000000000, 0.000000000000000000, -1.000000000000000000 ) ) ;
#9931 = CARTESIAN_POINT ( 'NONE',  ( 23.74405816980866391, 8.392144350952246867, 5.999999999999998224 ) ) ;
#9932 = ORIENTED_EDGE ( 'NONE', *, *, #4375, .F. ) ;
#9933 = EDGE_CURVE ( 'NONE', #4665, #7351, #7519, .T. ) ;
#9934 = EDGE_CURVE ( 'NONE', #9594, #2227, #7822, .T. ) ;
#9935 = EDGE_CURVE ( 'NONE', #11689, #3959, #3132, .T. ) ;
#9936 = CARTESIAN_POINT ( 'NONE',  ( -84.99999999999998579, 11.99999999999998579, 1.734723475976807094E-15 ) ) ;
#9937 = CARTESIAN_POINT ( 'NONE',  ( 27.75912083555304122, 8.452852054182177000, 6.747558652054622463 ) ) ;
#9938 = LINE ( 'NONE', #8103, #2649 ) ;
#9939 = CARTESIAN_POINT ( 'NONE',  ( 27.45019874737452881, 4.861953247045823545, 3.599999999999999201 ) ) ;
#9940 = AXIS2_PLACEMENT_3D ( 'NONE', #4242, #4951, #9610 ) ;
#9941 = AXIS2_PLACEMENT_3D ( 'NONE', #10976, #6401, #2740 ) ;
#9942 = CARTESIAN_POINT ( 'NONE',  ( 23.37179487179486514, -9.373913676864576772, 3.499999999999996003 ) ) ;
#9943 = EDGE_CURVE ( 'NONE', #4056, #8303, #11425, .T. ) ;
#9944 = DIRECTION ( 'NONE',  ( 0.000000000000000000, 0.000000000000000000, 1.000000000000000000 ) ) ;
#9945 = CARTESIAN_POINT ( 'NONE',  ( 24.19330536604857684, -7.098171994267328699, 4.000000000000007105 ) ) ;
#9946 = EDGE_LOOP ( 'NONE', ( #2477, #7919, #9143, #7745, #6426, #1496, #1648, #624, #7322, #5233, #510, #2411 ) ) ;
#9947 = DIRECTION ( 'NONE',  ( -1.000000000000000000, 0.000000000000000000, 0.000000000000000000 ) ) ;
#9948 = LINE ( 'NONE', #3359, #5923 ) ;
#9949 = MECHANICAL_DESIGN_GEOMETRIC_PRESENTATION_REPRESENTATION (  '', ( #1723 ), #3638 ) ;
#9950 = ADVANCED_FACE ( 'NONE', ( #8714 ), #6911, .F. ) ;
#9951 = ORIENTED_EDGE ( 'NONE', *, *, #2057, .F. ) ;
#9952 = DIRECTION ( 'NONE',  ( -1.000000000000000000, 0.000000000000000000, 0.000000000000000000 ) ) ;
#9953 = FACE_OUTER_BOUND ( 'NONE', #847, .T. ) ;
#9954 = CARTESIAN_POINT ( 'NONE',  ( -25.99999999999999289, 9.549999999999988276, 1.000000000000000888 ) ) ;
#9955 = ORIENTED_EDGE ( 'NONE', *, *, #9324, .T. ) ;
#9956 = VECTOR ( 'NONE', #7715, 1000.000000000000000 ) ;
#9957 = CARTESIAN_POINT ( 'NONE',  ( 24.15766005932343319, -7.926150676891020375, 3.499999999999996003 ) ) ;
#9958 = CARTESIAN_POINT ( 'NONE',  ( -6.000000000000000000, -10.59999999999999787, 0.000000000000000000 ) ) ;
#9959 = VERTEX_POINT ( 'NONE', #3260 ) ;
#9960 = ORIENTED_EDGE ( 'NONE', *, *, #2065, .F. ) ;
#9961 = CARTESIAN_POINT ( 'NONE',  ( 28.42327493983320963, -14.18634847103365360, 3.499999999999996003 ) ) ;
#9962 = AXIS2_PLACEMENT_3D ( 'NONE', #37, #9218, #829 ) ;
#9963 = EDGE_LOOP ( 'NONE', ( #4394, #4588, #10246, #6957 ) ) ;
#9964 = CARTESIAN_POINT ( 'NONE',  ( 10.19999999999999929, -5.999999999999992006, 1.550000000000000044 ) ) ;
#9965 = ORIENTED_EDGE ( 'NONE', *, *, #4738, .F. ) ;
#9966 = VERTEX_POINT ( 'NONE', #6788 ) ;
#9967 = CARTESIAN_POINT ( 'NONE',  ( 24.58571392778258868, -13.92304398496294837, 3.500000000000003109 ) ) ;
#9968 = VECTOR ( 'NONE', #9915, 1000.000000000000000 ) ;
#9969 = ORIENTED_EDGE ( 'NONE', *, *, #458, .F. ) ;
#9970 = ORIENTED_EDGE ( 'NONE', *, *, #10739, .F. ) ;
#9971 = CARTESIAN_POINT ( 'NONE',  ( 23.78120674375077570, -12.30171867269279495, 3.500000000000003109 ) ) ;
#9972 = DIRECTION ( 'NONE',  ( -1.000000000000000000, -8.673617379884038430E-16, 0.000000000000000000 ) ) ;
#9973 = ADVANCED_FACE ( 'NONE', ( #8657 ), #7883, .F. ) ;
#9974 = SURFACE_SIDE_STYLE ('',( #979 ) ) ;
#9975 = CYLINDRICAL_SURFACE ( 'NONE', #4898, 0.9750000000000001998 ) ;
#9976 = VECTOR ( 'NONE', #1791, 1000.000000000000000 ) ;
#9977 = CARTESIAN_POINT ( 'NONE',  ( 9.199999999999995737, -16.00000000000000355, 4.999999999999999112 ) ) ;
#9978 = LINE ( 'NONE', #9079, #8447 ) ;
#9979 = ORIENTED_EDGE ( 'NONE', *, *, #8483, .F. ) ;
#9980 = LINE ( 'NONE', #9081, #5432 ) ;
#9981 = FACE_OUTER_BOUND ( 'NONE', #10346, .T. ) ;
#9982 = ADVANCED_FACE ( 'NONE', ( #5124, #9602 ), #6971, .T. ) ;
#9983 = CARTESIAN_POINT ( 'NONE',  ( 30.64999999999999147, -5.999999999999988454, 2.000000000000001776 ) ) ;
#9984 = LINE ( 'NONE', #7394, #743 ) ;
#9985 = VECTOR ( 'NONE', #5156, 1000.000000000000000 ) ;
#9986 = ADVANCED_FACE ( 'NONE', ( #2231 ), #441, .F. ) ;
#9987 = CARTESIAN_POINT ( 'NONE',  ( 13.00000000000000000, 12.09999999999999964, 43.16681497923994471 ) ) ;
#9988 = ORIENTED_EDGE ( 'NONE', *, *, #11421, .F. ) ;
#9989 = PLANE ( 'NONE',  #493 ) ;
#9990 = CARTESIAN_POINT ( 'NONE',  ( 24.68468919609897227, -10.06764803448977652, 4.000000000000003553 ) ) ;
#9991 = CARTESIAN_POINT ( 'NONE',  ( 24.52564102564101844, -18.00000000000000000, 3.499999999999999556 ) ) ;
#9992 = CARTESIAN_POINT ( 'NONE',  ( -14.99999999999999645, -18.00000000000000000, 0.000000000000000000 ) ) ;
#9993 = CIRCLE ( 'NONE', #5028, 2.250000000000001776 ) ;
#9994 = FACE_OUTER_BOUND ( 'NONE', #7586, .T. ) ;
#9995 = PLANE ( 'NONE',  #1777 ) ;
#9996 = LINE ( 'NONE', #6395, #6477 ) ;
#9997 = EDGE_CURVE ( 'NONE', #11266, #10833, #3191, .T. ) ;
#9998 = EDGE_CURVE ( 'NONE', #2342, #5291, #11550, .T. ) ;
#9999 = EDGE_CURVE ( 'NONE', #10695, #9848, #9545, .T. ) ;
#10000 = CARTESIAN_POINT ( 'NONE',  ( 39.19999999999998863, -17.99999999999999645, 0.000000000000000000 ) ) ;
#10001 = EDGE_LOOP ( 'NONE', ( #4756, #9684, #9724, #1442 ) ) ;
#10002 = DIRECTION ( 'NONE',  ( -1.000000000000000000, 7.228014483236699822E-18, 0.000000000000000000 ) ) ;
#10003 = CARTESIAN_POINT ( 'NONE',  ( 24.28297347739396983, -10.85799491670000272, 3.499999999999992895 ) ) ;
#10004 = AXIS2_PLACEMENT_3D ( 'NONE', #5593, #5822, #1965 ) ;
#10005 = DIRECTION ( 'NONE',  ( -0.1026289084637157095, -0.9947197128576200642, 0.000000000000000000 ) ) ;
#10006 = ORIENTED_EDGE ( 'NONE', *, *, #10571, .T. ) ;
#10007 = EDGE_CURVE ( 'NONE', #5938, #2261, #6019, .T. ) ;
#10008 = VERTEX_POINT ( 'NONE', #4059 ) ;
#10009 = CARTESIAN_POINT ( 'NONE',  ( 26.42517884403941864, 9.640337420217937492, 3.599999999999999201 ) ) ;
#10010 = ADVANCED_FACE ( 'NONE', ( #2420 ), #6084, .F. ) ;
#10011 = DIRECTION ( 'NONE',  ( -1.000000000000000000, 0.000000000000000000, 0.000000000000000000 ) ) ;
#10012 = CARTESIAN_POINT ( 'NONE',  ( 27.89306214660643590, -12.06388893623314473, 4.000000000000003553 ) ) ;
#10013 = ORIENTED_EDGE ( 'NONE', *, *, #4353, .T. ) ;
#10014 = VECTOR ( 'NONE', #8312, 1000.000000000000114 ) ;
#10015 = CYLINDRICAL_SURFACE ( 'NONE', #9294, 1.100000000000000311 ) ;
#10016 = CARTESIAN_POINT ( 'NONE',  ( 39.19999999999998863, -3.994306305069704965, 3.499999999999999556 ) ) ;
#10017 = EDGE_CURVE ( 'NONE', #2284, #10962, #292, .T. ) ;
#10018 = EDGE_LOOP ( 'NONE', ( #11228, #1971 ) ) ;
#10019 = DIRECTION ( 'NONE',  ( 0.000000000000000000, -1.000000000000000000, 0.000000000000000000 ) ) ;
#10020 = ORIENTED_EDGE ( 'NONE', *, *, #10432, .F. ) ;
#10021 = DIRECTION ( 'NONE',  ( 0.000000000000000000, 0.000000000000000000, 1.000000000000000000 ) ) ;
#10022 = ORIENTED_EDGE ( 'NONE', *, *, #7202, .T. ) ;
#10023 = CARTESIAN_POINT ( 'NONE',  ( -25.99999999999999289, 9.549999999999988276, 1.000000000000000888 ) ) ;
#10024 = DIRECTION ( 'NONE',  ( -1.000000000000000000, 0.000000000000000000, 0.000000000000000000 ) ) ;
#10025 = ORIENTED_EDGE ( 'NONE', *, *, #5776, .T. ) ;
#10026 = ORIENTED_EDGE ( 'NONE', *, *, #6814, .T. ) ;
#10027 = CARTESIAN_POINT ( 'NONE',  ( 27.45019874737452881, 4.861953247045823545, 3.599999999999999201 ) ) ;
#10028 = LINE ( 'NONE', #5486, #10174 ) ;
#10029 = VERTEX_POINT ( 'NONE', #5963 ) ;
#10030 = CARTESIAN_POINT ( 'NONE',  ( 24.06748207284923424, -12.07504785050105056, 3.499999999999992895 ) ) ;
#10031 = DIRECTION ( 'NONE',  ( -0.000000000000000000, -0.000000000000000000, 1.000000000000000000 ) ) ;
#10032 = PLANE ( 'NONE',  #4722 ) ;
#10033 = LINE ( 'NONE', #10154, #4904 ) ;
#10034 = LINE ( 'NONE', #11818, #5760 ) ;
#10035 = DIRECTION ( 'NONE',  ( 0.000000000000000000, 0.000000000000000000, 1.000000000000000000 ) ) ;
#10036 = CARTESIAN_POINT ( 'NONE',  ( 30.64999999999999147, -15.00000000000000000, 2.000000000000001776 ) ) ;
#10037 = LINE ( 'NONE', #1825, #9501 ) ;
#10038 = AXIS2_PLACEMENT_3D ( 'NONE', #11570, #11635, #3278 ) ;
#10039 = FACE_BOUND ( 'NONE', #517, .T. ) ;
#10040 = DIRECTION ( 'NONE',  ( 9.637352644315597708E-17, -1.000000000000000000, 0.000000000000000000 ) ) ;
#10041 =( LENGTH_UNIT ( ) NAMED_UNIT ( * ) SI_UNIT ( .MILLI., .METRE. ) );
#10042 = DIRECTION ( 'NONE',  ( 1.000000000000000000, 0.000000000000000000, 0.000000000000000000 ) ) ;
#10043 = CARTESIAN_POINT ( 'NONE',  ( -9.199999999999999289, 10.60000000000000142, 2.000000000000000000 ) ) ;
#10044 = AXIS2_PLACEMENT_3D ( 'NONE', #11649, #524, #10734 ) ;
#10045 = CARTESIAN_POINT ( 'NONE',  ( 30.64999999999999147, -5.999999999999988454, 0.000000000000000000 ) ) ;
#10046 = EDGE_CURVE ( 'NONE', #4163, #7935, #7568, .T. ) ;
#10047 = EDGE_CURVE ( 'NONE', #8962, #7995, #3354, .T. ) ;
#10048 = CARTESIAN_POINT ( 'NONE',  ( 5.999999999999997335, 10.60000000000000142, 0.000000000000000000 ) ) ;
#10049 = VECTOR ( 'NONE', #11678, 1000.000000000000000 ) ;
#10050 = CARTESIAN_POINT ( 'NONE',  ( -16.99999999999999645, 24.51922359359556935, 2.000000000000000000 ) ) ;
#10051 = ORIENTED_EDGE ( 'NONE', *, *, #8409, .F. ) ;
#10052 = CARTESIAN_POINT ( 'NONE',  ( 41.19999999999999574, -10.44999999999999751, 1.025000000000002354 ) ) ;
#10053 = CYLINDRICAL_SURFACE ( 'NONE', #2451, 1.100000000000000311 ) ;
#10054 = EDGE_CURVE ( 'NONE', #1214, #9345, #11490, .T. ) ;
#10055 = CARTESIAN_POINT ( 'NONE',  ( 34.19999999999999574, 3.469446951953614189E-15, 1.600000000000000755 ) ) ;
#10056 = VERTEX_POINT ( 'NONE', #6144 ) ;
#10057 = ORIENTED_EDGE ( 'NONE', *, *, #3529, .T. ) ;
#10058 = DIRECTION ( 'NONE',  ( 1.000000000000000000, 0.000000000000000000, 0.000000000000000000 ) ) ;
#10059 = FACE_OUTER_BOUND ( 'NONE', #1839, .T. ) ;
#10060 = CIRCLE ( 'NONE', #11033, 1.100000000000000311 ) ;
#10061 = CYLINDRICAL_SURFACE ( 'NONE', #9941, 1.100000000000003642 ) ;
#10062 = ORIENTED_EDGE ( 'NONE', *, *, #9470, .T. ) ;
#10063 = DIRECTION ( 'NONE',  ( -1.000000000000000000, 0.000000000000000000, 0.000000000000000000 ) ) ;
#10064 = CARTESIAN_POINT ( 'NONE',  ( 23.94614501817149232, -6.047365088695912050, 3.499999999999999556 ) ) ;
#10065 = EDGE_CURVE ( 'NONE', #4269, #4681, #7065, .T. ) ;
#10066 = CARTESIAN_POINT ( 'NONE',  ( -18.99999999999999645, 13.54999999999998828, -5.363961030678932040 ) ) ;
#10067 = CARTESIAN_POINT ( 'NONE',  ( 26.87040177332042035, -11.74128761603701143, 4.000000000000003553 ) ) ;
#10068 = VECTOR ( 'NONE', #2714, 1000.000000000000000 ) ;
#10069 = DIRECTION ( 'NONE',  ( 0.000000000000000000, 0.000000000000000000, 1.000000000000000000 ) ) ;
#10070 = CARTESIAN_POINT ( 'NONE',  ( 23.52391542723728790, -6.895305821183670858, 4.000000000000000000 ) ) ;
#10071 = ORIENTED_EDGE ( 'NONE', *, *, #5381, .F. ) ;
#10072 = CARTESIAN_POINT ( 'NONE',  ( -38.26999999999998892, 7.049999999999989164, 0.000000000000000000 ) ) ;
#10073 = VERTEX_POINT ( 'NONE', #2380 ) ;
#10074 = CARTESIAN_POINT ( 'NONE',  ( 26.23314679416282758, -15.08275706235667180, 3.499999999999999556 ) ) ;
#10075 = FACE_BOUND ( 'NONE', #6000, .T. ) ;
#10076 = VECTOR ( 'NONE', #918, 1000.000000000000000 ) ;
#10077 = VERTEX_POINT ( 'NONE', #4318 ) ;
#10078 = EDGE_CURVE ( 'NONE', #236, #7138, #7959, .T. ) ;
#10079 = DIRECTION ( 'NONE',  ( -0.000000000000000000, -0.000000000000000000, -1.000000000000000000 ) ) ;
#10080 = DIRECTION ( 'NONE',  ( -1.000000000000000000, 0.000000000000000000, 0.000000000000000000 ) ) ;
#10081 = ORIENTED_EDGE ( 'NONE', *, *, #10302, .T. ) ;
#10082 = CARTESIAN_POINT ( 'NONE',  ( 25.78510355907913976, -9.786396521545041693, 4.000000000000000000 ) ) ;
#10083 = ORIENTED_EDGE ( 'NONE', *, *, #3452, .F. ) ;
#10084 = LINE ( 'NONE', #10326, #10255 ) ;
#10085 = CONICAL_SURFACE ( 'NONE', #716, 3.700000000000001954, 0.7853981633974559395 ) ;
#10086 = VERTEX_POINT ( 'NONE', #11719 ) ;
#10087 = ORIENTED_EDGE ( 'NONE', *, *, #5840, .F. ) ;
#10088 = CARTESIAN_POINT ( 'NONE',  ( -54.99999999999999289, 11.99999999999998579, 1.000000000000000888 ) ) ;
#10089 = CARTESIAN_POINT ( 'NONE',  ( 3.079999999999985416, 19.99999999999999645, 0.5000000000000004441 ) ) ;
#10090 = ADVANCED_FACE ( 'NONE', ( #6168, #2319, #5088, #8739, #4441, #3532 ), #5214, .T. ) ;
#10091 = AXIS2_PLACEMENT_3D ( 'NONE', #836, #11838, #4623 ) ;
#10092 = FILL_AREA_STYLE ('',( #5494 ) ) ;
#10093 = DIRECTION ( 'NONE',  ( -1.000000000000000000, 0.000000000000000000, 0.000000000000000000 ) ) ;
#10094 = CIRCLE ( 'NONE', #3807, 0.9500000000000002887 ) ;
#10095 = ORIENTED_EDGE ( 'NONE', *, *, #4755, .T. ) ;
#10096 = CYLINDRICAL_SURFACE ( 'NONE', #4673, 2.624999999999998668 ) ;
#10097 = CARTESIAN_POINT ( 'NONE',  ( 25.99999999999999289, 7.050000000000004263, 5.999999999999998224 ) ) ;
#10098 = LINE ( 'NONE', #7285, #4577 ) ;
#10099 = VECTOR ( 'NONE', #2202, 1000.000000000000000 ) ;
#10100 = VECTOR ( 'NONE', #2005, 1000.000000000000000 ) ;
#10101 = CARTESIAN_POINT ( 'NONE',  ( 25.99999999999999289, 7.050000000000004263, 3.599999999999999201 ) ) ;
#10102 = SURFACE_SIDE_STYLE ('',( #7397 ) ) ;
#10103 = ORIENTED_EDGE ( 'NONE', *, *, #1616, .F. ) ;
#10104 = CARTESIAN_POINT ( 'NONE',  ( 24.75524198227544659, -14.96726104674972113, 4.000000000000003553 ) ) ;
#10105 = ORIENTED_EDGE ( 'NONE', *, *, #10241, .T. ) ;
#10106 = DIRECTION ( 'NONE',  ( -0.000000000000000000, -0.000000000000000000, 1.000000000000000000 ) ) ;
#10107 = DIRECTION ( 'NONE',  ( -0.9996077427267578974, 0.02800643998646968474, 0.000000000000000000 ) ) ;
#10108 = CARTESIAN_POINT ( 'NONE',  ( 25.11157852564101844, -11.04558835635175740, 3.499999999999996003 ) ) ;
#10109 = CARTESIAN_POINT ( 'NONE',  ( 26.58904733103313589, -10.26085727031833628, 4.000000000000003553 ) ) ;
#10110 = CARTESIAN_POINT ( 'NONE',  ( 20.99999999999998934, 1.550000000000006262, 2.000000000000001776 ) ) ;
#10111 = AXIS2_PLACEMENT_3D ( 'NONE', #1767, #5431, #861 ) ;
#10112 = CARTESIAN_POINT ( 'NONE',  ( -28.24999999999999289, 9.549999999999988276, 1.000000000000000888 ) ) ;
#10113 = B_SPLINE_CURVE_WITH_KNOTS ( 'NONE', 3,
 ( #10525, #8085, #11560, #1466, #5324, #3394, #6920, #2551, #6211, #6980, #6029 ),
 .UNSPECIFIED., .F., .F.,
 ( 4, 1, 1, 1, 1, 1, 1, 1, 4 ),
 ( 0.000000000000000000, 0.1240354330026164770, 0.2428459548115297351, 0.3603416824496157855, 0.4790424316556554651, 0.5993341100427890256, 0.7254884757708269793, 0.8585494285274635207, 1.000000000000000000 ),
 .UNSPECIFIED. ) ;
#10114 = AXIS2_PLACEMENT_3D ( 'NONE', #11013, #5504, #5567 ) ;
#10115 = FACE_OUTER_BOUND ( 'NONE', #4748, .T. ) ;
#10116 = VERTEX_POINT ( 'NONE', #4203 ) ;
#10117 = DIRECTION ( 'NONE',  ( 0.000000000000000000, 1.000000000000000000, 0.000000000000000000 ) ) ;
#10118 = LINE ( 'NONE', #8220, #6510 ) ;
#10119 = PLANE ( 'NONE',  #10725 ) ;
#10120 = ORIENTED_EDGE ( 'NONE', *, *, #5551, .F. ) ;
#10121 = B_SPLINE_SURFACE_WITH_KNOTS ( 'NONE', 3, 1, ( 
 ( #3779, #2793 ),
 ( #3900, #10296 ),
 ( #4557, #6463 ),
 ( #8218, #1900 ),
 ( #3845, #9340 ),
 ( #1128, #11090 ),
 ( #222, #6396 ),
 ( #945, #11895 ),
 ( #4619, #5582 ),
 ( #9224, #1004 ),
 ( #4679, #7778 ) ),
 .UNSPECIFIED., .F., .F., .F.,
 ( 4, 1, 1, 1, 1, 1, 1, 1, 4 ),
 ( 2, 2 ),
 ( 0.000000000000000000, 0.08887459959301068080, 0.1863628278403539063, 0.2940904553567279534, 0.4121094147631917393, 0.5417581983971516690, 0.6826887949347050233, 0.8350891744828351504, 1.000000000000000000 ),
 ( 0.000000000000000000, 1.000000000000000000 ),
 .UNSPECIFIED. ) ;
#10122 = CIRCLE ( 'NONE', #1713, 2.999999999999999112 ) ;
#10123 = DIRECTION ( 'NONE',  ( 1.000000000000000000, 5.981805089575197183E-16, 0.000000000000000000 ) ) ;
#10124 = LINE ( 'NONE', #5649, #1441 ) ;
#10125 = ADVANCED_FACE ( 'NONE', ( #10670 ), #2447, .T. ) ;
#10126 = DIRECTION ( 'NONE',  ( 1.000000000000000000, 9.637352644315597708E-17, -0.000000000000000000 ) ) ;
#10127 = PLANE ( 'NONE',  #10004 ) ;
#10128 = DIRECTION ( 'NONE',  ( 1.000000000000000000, 1.445602896647339410E-16, -0.000000000000000000 ) ) ;
#10129 = ORIENTED_EDGE ( 'NONE', *, *, #654, .T. ) ;
#10130 = CARTESIAN_POINT ( 'NONE',  ( 39.19999999999998863, 37.55000000000001137, 2.000000000000001776 ) ) ;
#10131 = DIRECTION ( 'NONE',  ( 1.000000000000000000, 0.000000000000000000, 0.000000000000000000 ) ) ;
#10132 = STYLED_ITEM ( 'NONE', ( #2843 ), #5639 ) ;
#10133 = ORIENTED_EDGE ( 'NONE', *, *, #2581, .T. ) ;
#10134 = AXIS2_PLACEMENT_3D ( 'NONE', #3268, #9800, #2424 ) ;
#10135 = EDGE_CURVE ( 'NONE', #5174, #996, #2971, .T. ) ;
#10136 = DIRECTION ( 'NONE',  ( -1.000000000000000000, 0.000000000000000000, 0.000000000000000000 ) ) ;
#10137 = CARTESIAN_POINT ( 'NONE',  ( -47.19999999999998863, -8.673617379884035472E-15, 20.91137224000415529 ) ) ;
#10138 = DIRECTION ( 'NONE',  ( 0.000000000000000000, 0.000000000000000000, -1.000000000000000000 ) ) ;
#10139 = ADVANCED_FACE ( 'NONE', ( #3289 ), #7972, .F. ) ;
#10140 = CARTESIAN_POINT ( 'NONE',  ( -57.99999999999999289, -10.45000000000001528, 3.100000000000001865 ) ) ;
#10141 = LINE ( 'NONE', #10266, #2241 ) ;
#10142 = CIRCLE ( 'NONE', #9012, 0.9749999999999993117 ) ;
#10143 = ORIENTED_EDGE ( 'NONE', *, *, #2945, .F. ) ;
#10144 = CARTESIAN_POINT ( 'NONE',  ( 24.46240830770814867, -13.83249763918791864, 3.500000000000003109 ) ) ;
#10145 = CARTESIAN_POINT ( 'NONE',  ( -23.74999999999998934, -10.45000000000001172, 1.000000000000000888 ) ) ;
#10146 = VERTEX_POINT ( 'NONE', #2563 ) ;
#10147 = EDGE_CURVE ( 'NONE', #2131, #2222, #6937, .T. ) ;
#10148 = EDGE_CURVE ( 'NONE', #3852, #4084, #1486, .T. ) ;
#10149 = EDGE_CURVE ( 'NONE', #1373, #11261, #7907, .T. ) ;
#10150 = VECTOR ( 'NONE', #1042, 1000.000000000000000 ) ;
#10151 = ORIENTED_EDGE ( 'NONE', *, *, #9011, .F. ) ;
#10152 = CARTESIAN_POINT ( 'NONE',  ( 23.51717901282304624, -12.67508118847249499, 3.500000000000003109 ) ) ;
#10153 = CARTESIAN_POINT ( 'NONE',  ( 28.72717802865892267, 8.300000000000006040, 1.799999999999999600 ) ) ;
#10154 = CARTESIAN_POINT ( 'NONE',  ( 23.75629145634233552, 7.218142710569450671, 6.808068238351443036 ) ) ;
#10155 = ADVANCED_FACE ( 'NONE', ( #1674 ), #9880, .T. ) ;
#10156 = DIRECTION ( 'NONE',  ( 0.000000000000000000, 0.000000000000000000, 1.000000000000000000 ) ) ;
#10157 = VECTOR ( 'NONE', #1172, 1000.000000000000000 ) ;
#10158 = LINE ( 'NONE', #7579, #3524 ) ;
#10159 = CARTESIAN_POINT ( 'NONE',  ( 24.52299438015168676, -8.862424752376899306, 4.000000000000003553 ) ) ;
#10160 = EDGE_CURVE ( 'NONE', #10541, #5006, #4521, .T. ) ;
#10161 = EDGE_CURVE ( 'NONE', #3286, #9766, #7401, .T. ) ;
#10162 = DIRECTION ( 'NONE',  ( -1.000000000000000000, 0.000000000000000000, 0.000000000000000000 ) ) ;
#10163 = VECTOR ( 'NONE', #11413, 1000.000000000000000 ) ;
#10164 = LINE ( 'NONE', #1048, #6099 ) ;
#10165 = VERTEX_POINT ( 'NONE', #11829 ) ;
#10166 = VERTEX_POINT ( 'NONE', #10850 ) ;
#10167 = DIRECTION ( 'NONE',  ( 0.000000000000000000, 0.000000000000000000, 1.000000000000000000 ) ) ;
#10168 = ORIENTED_EDGE ( 'NONE', *, *, #6196, .F. ) ;
#10169 = PLANE ( 'NONE',  #3213 ) ;
#10170 = DIRECTION ( 'NONE',  ( -0.000000000000000000, -0.000000000000000000, 1.000000000000000000 ) ) ;
#10171 = ORIENTED_EDGE ( 'NONE', *, *, #10536, .F. ) ;
#10172 = LINE ( 'NONE', #9220, #2914 ) ;
#10173 = DIRECTION ( 'NONE',  ( 0.000000000000000000, -1.000000000000000000, 0.000000000000000000 ) ) ;
#10174 = VECTOR ( 'NONE', #9126, 1000.000000000000000 ) ;
#10175 = CARTESIAN_POINT ( 'NONE',  ( 28.62820512820512064, -13.37030790763380850, 3.500000000000003109 ) ) ;
#10176 = ADVANCED_FACE ( 'NONE', ( #3585 ), #5447, .F. ) ;
#10177 = ORIENTED_EDGE ( 'NONE', *, *, #9182, .F. ) ;
#10178 = ORIENTED_EDGE ( 'NONE', *, *, #4009, .F. ) ;
#10179 = CARTESIAN_POINT ( 'NONE',  ( 9.199999999999999289, -11.59999999999999609, 3.499999999999999556 ) ) ;
#10180 = PLANE ( 'NONE',  #10733 ) ;
#10181 = VERTEX_POINT ( 'NONE', #10045 ) ;
#10182 = CARTESIAN_POINT ( 'NONE',  ( -12.00000000000000000, 9.549999999999998934, 0.000000000000000000 ) ) ;
#10183 = ORIENTED_EDGE ( 'NONE', *, *, #4053, .F. ) ;
#10184 = VECTOR ( 'NONE', #4754, 1000.000000000000000 ) ;
#10185 = VERTEX_POINT ( 'NONE', #4613 ) ;
#10186 = LINE ( 'NONE', #8224, #5344 ) ;
#10187 = CARTESIAN_POINT ( 'NONE',  ( 25.76952148221931793, -14.18416132740932945, 4.000000000000003553 ) ) ;
#10188 = CARTESIAN_POINT ( 'NONE',  ( -25.99999999999999289, 9.549999999999988276, 1.000000000000000888 ) ) ;
#10189 = DIRECTION ( 'NONE',  ( 0.000000000000000000, 0.000000000000000000, 1.000000000000000000 ) ) ;
#10190 = ORIENTED_EDGE ( 'NONE', *, *, #11321, .T. ) ;
#10191 = CARTESIAN_POINT ( 'NONE',  ( 26.07780449946834977, -15.08361111960129541, 3.999999999999998224 ) ) ;
#10193 = CARTESIAN_POINT ( 'NONE',  ( 28.72717802865891912, 5.800000000000003375, 1.600000000000000755 ) ) ;
#10192 = CIRCLE ( 'NONE', #1190, 2.624999999999998668 ) ;
#10194 = EDGE_CURVE ( 'NONE', #11884, #5174, #2785, .T. ) ;
#10195 = VERTEX_POINT ( 'NONE', #10573 ) ;
#10196 = ORIENTED_EDGE ( 'NONE', *, *, #1082, .T. ) ;
#10197 = CARTESIAN_POINT ( 'NONE',  ( 24.29021462544016785, -13.22111602166133260, 4.000000000000015099 ) ) ;
#10198 = DIRECTION ( 'NONE',  ( 1.000000000000000000, 0.000000000000000000, 0.000000000000000000 ) ) ;
#10199 = CARTESIAN_POINT ( 'NONE',  ( 39.19999999999998863, 37.55000000000001137, 2.000000000000001776 ) ) ;
#10200 = DIRECTION ( 'NONE',  ( -0.3391272569159741734, -0.9407405081193468410, 0.000000000000000000 ) ) ;
#10201 = FACE_BOUND ( 'NONE', #5353, .T. ) ;
#10202 = VECTOR ( 'NONE', #7133, 1000.000000000000000 ) ;
#10203 = CARTESIAN_POINT ( 'NONE',  ( 23.96929141173756150, 5.386615609801151727, 6.724059395820003004 ) ) ;
#10204 = DIRECTION ( 'NONE',  ( -0.000000000000000000, 0.000000000000000000, -1.000000000000000000 ) ) ;
#10205 = ADVANCED_FACE ( 'NONE', ( #3255 ), #9659, .F. ) ;
#10206 = CARTESIAN_POINT ( 'NONE',  ( 25.78510355907913976, -9.786396521545041693, 3.499999999999999556 ) ) ;
#10207 = ORIENTED_EDGE ( 'NONE', *, *, #6423, .F. ) ;
#10208 = CARTESIAN_POINT ( 'NONE',  ( -20.09999999999999787, 25.54999999999999361, -20.20000000000000284 ) ) ;
#10209 = CARTESIAN_POINT ( 'NONE',  ( 27.94811698717947834, -12.09727104865944725, 3.500000000000003109 ) ) ;
#10210 = ADVANCED_FACE ( 'NONE', ( #4792 ), #11422, .T. ) ;
#10211 = AXIS2_PLACEMENT_3D ( 'NONE', #2916, #1125, #3091 ) ;
#10212 = VERTEX_POINT ( 'NONE', #7468 ) ;
#10213 = EDGE_LOOP ( 'NONE', ( #11733, #3409 ) ) ;
#10214 = CARTESIAN_POINT ( 'NONE',  ( 25.53166808351593176, -15.07264796721447020, 3.999999999999977351 ) ) ;
#10215 = CARTESIAN_POINT ( 'NONE',  ( -25.99999999999999289, 9.549999999999988276, 1.000000000000000888 ) ) ;
#10216 = CARTESIAN_POINT ( 'NONE',  ( 23.52426227845851159, -6.286490372935561233, 3.500000000000003109 ) ) ;
#10217 = ADVANCED_FACE ( 'NONE', ( #1396 ), #214, .F. ) ;
#10218 = EDGE_CURVE ( 'NONE', #9455, #10281, #1643, .T. ) ;
#10219 = CARTESIAN_POINT ( 'NONE',  ( 32.74999999999999289, -15.00000000000000000, 2.000000000000001776 ) ) ;
#10220 = ORIENTED_EDGE ( 'NONE', *, *, #3387, .T. ) ;
#10221 = DIRECTION ( 'NONE',  ( 0.000000000000000000, 0.7071067811865420216, -0.7071067811865530128 ) ) ;
#10222 = DIRECTION ( 'NONE',  ( -0.000000000000000000, -0.000000000000000000, -1.000000000000000000 ) ) ;
#10223 = CARTESIAN_POINT ( 'NONE',  ( 28.62820512820512064, -13.37030790763381027, 4.000000000000001776 ) ) ;
#10224 = ORIENTED_EDGE ( 'NONE', *, *, #5479, .F. ) ;
#10225 = CLOSED_SHELL ( 'NONE', ( #4020, #5701, #1093, #3942, #3106, #3867, #1316, #9608, #2105, #3573, #4794, #4702, #1718, #8919, #6470, #4250 ) ) ;
#10226 = CARTESIAN_POINT ( 'NONE',  ( 24.01939397208336047, -6.047376804748267887, 4.000000000000003553 ) ) ;
#10227 = DIRECTION ( 'NONE',  ( 0.3912681764687679919, -0.9202767051723113045, 0.000000000000000000 ) ) ;
#10228 = ORIENTED_EDGE ( 'NONE', *, *, #10368, .F. ) ;
#10229 = CYLINDRICAL_SURFACE ( 'NONE', #9705, 0.9500000000000000666 ) ;
#10230 = VERTEX_POINT ( 'NONE', #5118 ) ;
#10231 = CARTESIAN_POINT ( 'NONE',  ( -28.24999999999999289, 9.549999999999988276, 2.000000000000000000 ) ) ;
#10232 = EDGE_CURVE ( 'NONE', #5428, #7305, #11408, .T. ) ;
#10233 = DIRECTION ( 'NONE',  ( 0.000000000000000000, 0.000000000000000000, 1.000000000000000000 ) ) ;
#10234 = DIRECTION ( 'NONE',  ( 0.000000000000000000, 0.000000000000000000, 1.000000000000000000 ) ) ;
#10235 = CARTESIAN_POINT ( 'NONE',  ( -17.89999999999999503, 25.54999999999999361, -20.20000000000000284 ) ) ;
#10236 = AXIS2_PLACEMENT_3D ( 'NONE', #912, #4475, #10938 ) ;
#10237 = CARTESIAN_POINT ( 'NONE',  ( -81.99999999999998579, -10.45000000000001528, 3.100000000000001865 ) ) ;
#10238 = CARTESIAN_POINT ( 'NONE',  ( 28.36550034177369284, -12.48731993937575879, 3.500000000000006661 ) ) ;
#10239 = ORIENTED_EDGE ( 'NONE', *, *, #10812, .F. ) ;
#10240 = ORIENTED_EDGE ( 'NONE', *, *, #9871, .T. ) ;
#10241 = EDGE_CURVE ( 'NONE', #5198, #4629, #4847, .T. ) ;
#10242 = PLANE ( 'NONE',  #2675 ) ;
#10243 = ORIENTED_EDGE ( 'NONE', *, *, #2138, .T. ) ;
#10244 = DIRECTION ( 'NONE',  ( -1.000000000000000000, -0.000000000000000000, -0.000000000000000000 ) ) ;
#10245 = ORIENTED_EDGE ( 'NONE', *, *, #4587, .T. ) ;
#10246 = ORIENTED_EDGE ( 'NONE', *, *, #10871, .T. ) ;
#10247 = VECTOR ( 'NONE', #6724, 1000.000000000000000 ) ;
#10248 = DIRECTION ( 'NONE',  ( 0.000000000000000000, 0.000000000000000000, 1.000000000000000000 ) ) ;
#10249 = CARTESIAN_POINT ( 'NONE',  ( 25.35308843033563164, -14.15358962465455406, 3.999999999999996447 ) ) ;
#10250 = CARTESIAN_POINT ( 'NONE',  ( 25.99999999999999289, 7.050000000000004263, 3.599999999999999201 ) ) ;
#10251 = EDGE_CURVE ( 'NONE', #8659, #5736, #7878, .T. ) ;
#10252 = VECTOR ( 'NONE', #6107, 1000.000000000000000 ) ;
#10253 = DIRECTION ( 'NONE',  ( 0.5399590850263098485, -0.8416912655466672888, 0.000000000000000000 ) ) ;
#10254 = ORIENTED_EDGE ( 'NONE', *, *, #6283, .F. ) ;
#10255 = VECTOR ( 'NONE', #10441, 1000.000000000000000 ) ;
#10256 = CARTESIAN_POINT ( 'NONE',  ( 26.23314679416282758, -15.08275706235667180, 4.000000000000001776 ) ) ;
#10257 = PLANE ( 'NONE',  #2692 ) ;
#10258 = ORIENTED_EDGE ( 'NONE', *, *, #6126, .T. ) ;
#10259 = ORIENTED_EDGE ( 'NONE', *, *, #11848, .T. ) ;
#10260 = CARTESIAN_POINT ( 'NONE',  ( 24.27285976266244916, -13.30546758291473708, 4.000000000000015099 ) ) ;
#10261 = DIRECTION ( 'NONE',  ( 0.000000000000000000, 0.000000000000000000, 1.000000000000000000 ) ) ;
#10262 = LINE ( 'NONE', #9411, #4217 ) ;
#10263 = VERTEX_POINT ( 'NONE', #11546 ) ;
#10264 = AXIS2_PLACEMENT_3D ( 'NONE', #346, #2146, #10248 ) ;
#10265 = DIRECTION ( 'NONE',  ( -0.000000000000000000, -0.000000000000000000, -1.000000000000000000 ) ) ;
#10266 = CARTESIAN_POINT ( 'NONE',  ( -28.79999999999999361, -18.00000000000000355, 0.000000000000000000 ) ) ;
#10267 = CARTESIAN_POINT ( 'NONE',  ( 25.46565421956981723, -10.07158512013724305, 4.000000000000000000 ) ) ;
#10268 = ORIENTED_EDGE ( 'NONE', *, *, #7165, .T. ) ;
#10269 = CARTESIAN_POINT ( 'NONE',  ( 25.99999999999999289, 9.300000000000004263, 3.599999999999999201 ) ) ;
#10270 = FACE_OUTER_BOUND ( 'NONE', #8644, .T. ) ;
#10271 = VERTEX_POINT ( 'NONE', #9331 ) ;
#10272 = AXIS2_PLACEMENT_3D ( 'NONE', #11869, #7328, #2602 ) ;
#10273 = EDGE_CURVE ( 'NONE', #8184, #8612, #2287, .T. ) ;
#10274 = CARTESIAN_POINT ( 'NONE',  ( 27.69452582497929782, -13.16458013519023851, 4.000000000000000000 ) ) ;
#10275 = AXIS2_PLACEMENT_3D ( 'NONE', #8193, #10031, #2768 ) ;
#10276 = DIRECTION ( 'NONE',  ( 1.000000000000000000, 0.000000000000000000, 0.000000000000000000 ) ) ;
#10277 = ORIENTED_EDGE ( 'NONE', *, *, #3261, .T. ) ;
#10278 = CARTESIAN_POINT ( 'NONE',  ( 5.199999999999996625, 11.60000000000000320, 3.500000000000008438 ) ) ;
#10279 = DIRECTION ( 'NONE',  ( 1.000000000000000000, 0.000000000000000000, 0.000000000000000000 ) ) ;
#10280 = EDGE_CURVE ( 'NONE', #1334, #6786, #2350, .T. ) ;
#10281 = VERTEX_POINT ( 'NONE', #7530 ) ;
#10282 = AXIS2_PLACEMENT_3D ( 'NONE', #11050, #2751, #7264 ) ;
#10283 = DIRECTION ( 'NONE',  ( 0.000000000000000000, 0.000000000000000000, -1.000000000000000000 ) ) ;
#10284 = CARTESIAN_POINT ( 'NONE',  ( 28.28893532140991596, -14.37881412144808557, 3.999999999999993339 ) ) ;
#10285 = VERTEX_POINT ( 'NONE', #10231 ) ;
#10286 = CARTESIAN_POINT ( 'NONE',  ( 24.23988732788328448, 8.997467170828356231, 6.767750931287840999 ) ) ;
#10287 = CIRCLE ( 'NONE', #10691, 2.250000000000001776 ) ;
#10288 = ORIENTED_EDGE ( 'NONE', *, *, #6423, .T. ) ;
#10289 = CARTESIAN_POINT ( 'NONE',  ( 14.99999999999999645, 18.00000000000000000, 10.09999999999999964 ) ) ;
#10290 = CARTESIAN_POINT ( 'NONE',  ( 25.28670203864601973, -11.04148300063178567, 3.500000000000003109 ) ) ;
#10291 = CARTESIAN_POINT ( 'NONE',  ( -15.00000000000000711, 7.050000000000000711, 3.200000000000011724 ) ) ;
#10292 = CARTESIAN_POINT ( 'NONE',  ( 24.61402470330097003, -8.793071464135566728, 4.000000000000003553 ) ) ;
#10293 = CARTESIAN_POINT ( 'NONE',  ( -15.00000000000001066, 24.49999999999999645, 0.5000000000000004441 ) ) ;
#10294 = CARTESIAN_POINT ( 'NONE',  ( 25.59342578366608123, -9.996346260200221323, 3.499999999999996003 ) ) ;
#10295 = AXIS2_PLACEMENT_3D ( 'NONE', #1343, #5964, #501 ) ;
#10296 = CARTESIAN_POINT ( 'NONE',  ( 24.64976474805957807, -13.96044760125989548, 4.000000000000003553 ) ) ;
#10297 = ORIENTED_EDGE ( 'NONE', *, *, #11819, .T. ) ;
#10298 = ORIENTED_EDGE ( 'NONE', *, *, #5022, .T. ) ;
#10299 = EDGE_CURVE ( 'NONE', #8131, #4293, #9675, .T. ) ;
#10300 = EDGE_CURVE ( 'NONE', #7075, #3422, #2911, .T. ) ;
#10301 = CYLINDRICAL_SURFACE ( 'NONE', #2108, 1.100000000000000311 ) ;
#10302 = EDGE_CURVE ( 'NONE', #1742, #3864, #8654, .T. ) ;
#10303 = VERTEX_POINT ( 'NONE', #1118 ) ;
#10304 = VERTEX_POINT ( 'NONE', #9598 ) ;
#10305 = LINE ( 'NONE', #10479, #8931 ) ;
#10306 = CARTESIAN_POINT ( 'NONE',  ( 25.99999999999999289, 7.050000000000004263, 3.599999999999999201 ) ) ;
#10307 = CARTESIAN_POINT ( 'NONE',  ( 26.66319914242449940, 9.200038813018830197, 3.599999999999999201 ) ) ;
#10308 = DIRECTION ( 'NONE',  ( -1.000000000000000000, 0.000000000000000000, -0.000000000000000000 ) ) ;
#10309 = CIRCLE ( 'NONE', #1307, 3.700000000000001954 ) ;
#10310 = AXIS2_PLACEMENT_3D ( 'NONE', #3389, #2548, #6208 ) ;
#10311 = EDGE_CURVE ( 'NONE', #1792, #494, #6846, .T. ) ;
#10312 = CARTESIAN_POINT ( 'NONE',  ( 23.87454283344085582, -7.130155543331039958, 3.999999999999996447 ) ) ;
#10313 = ORIENTED_EDGE ( 'NONE', *, *, #1852, .F. ) ;
#10314 = CYLINDRICAL_SURFACE ( 'NONE', #4772, 1.100000000000003642 ) ;
#10315 = FACE_OUTER_BOUND ( 'NONE', #647, .T. ) ;
#10316 = B_SPLINE_CURVE_WITH_KNOTS ( 'NONE', 3,
 ( #5413, #3497, #10813, #5170, #6241, #3546, #4276, #9709, #7085, #727, #7198, #606, #7148, #2465, #10865, #4339, #9775, #5357, #7922 ),
 .UNSPECIFIED., .F., .F.,
 ( 4, 1, 1, 1, 1, 1, 1, 1, 1, 1, 1, 1, 1, 1, 1, 1, 4 ),
 ( 0.000000000000000000, 0.1121189577322309477, 0.2158098539625155354, 0.3102142080600070462, 0.3960076258587223452, 0.4734278052872863407, 0.5427985700809887515, 0.6045704650941843283, 0.6593817431227547710, 0.7087906733763351674, 0.7553835472296083209, 0.7987166436891672827, 0.8404257596978478295, 0.8801989997644280583, 0.9197303684836823923, 0.9590470856505567410, 1.000000000000000000 ),
 .UNSPECIFIED. ) ;
#10317 = ORIENTED_EDGE ( 'NONE', *, *, #974, .F. ) ;
#10318 = EDGE_LOOP ( 'NONE', ( #4507, #3742, #2639, #3431 ) ) ;
#10319 = CARTESIAN_POINT ( 'NONE',  ( 24.01940732935630507, -7.133567941398835544, 3.500000000000003109 ) ) ;
#10320 = EDGE_CURVE ( 'NONE', #8466, #10212, #4113, .T. ) ;
#10321 = AXIS2_PLACEMENT_3D ( 'NONE', #821, #7059, #3528 ) ;
#10322 = CARTESIAN_POINT ( 'NONE',  ( -15.00000000000001066, 18.00000000000000000, 2.000000000000000000 ) ) ;
#10323 = CARTESIAN_POINT ( 'NONE',  ( 9.039999999999995595, 9.039999999999999147, 2.000000000000000000 ) ) ;
#10324 = DIRECTION ( 'NONE',  ( 0.000000000000000000, 0.000000000000000000, 1.000000000000000000 ) ) ;
#10325 = ORIENTED_EDGE ( 'NONE', *, *, #8242, .F. ) ;
#10326 = CARTESIAN_POINT ( 'NONE',  ( -15.00000000000001066, 19.99999999999999645, 0.000000000000000000 ) ) ;
#10327 = AXIS2_PLACEMENT_3D ( 'NONE', #6717, #420, #3170 ) ;
#10328 = CARTESIAN_POINT ( 'NONE',  ( 23.59394420968611428, -6.203676244424951136, 4.000000000000000000 ) ) ;
#10329 = EDGE_CURVE ( 'NONE', #834, #1333, #7578, .T. ) ;
#10330 = ORIENTED_EDGE ( 'NONE', *, *, #2234, .F. ) ;
#10331 = ORIENTED_EDGE ( 'NONE', *, *, #11640, .F. ) ;
#10332 = VECTOR ( 'NONE', #10462, 1000.000000000000000 ) ;
#10333 = DIRECTION ( 'NONE',  ( 0.000000000000000000, 0.000000000000000000, 1.000000000000000000 ) ) ;
#10334 = FACE_OUTER_BOUND ( 'NONE', #2456, .T. ) ;
#10335 = DIRECTION ( 'NONE',  ( 1.000000000000000000, 0.000000000000000000, 0.000000000000000000 ) ) ;
#10336 = VERTEX_POINT ( 'NONE', #9789 ) ;
#10337 = CARTESIAN_POINT ( 'NONE',  ( 25.71611859169119185, -11.68804541384623263, 3.999999999999996447 ) ) ;
#10338 = FACE_OUTER_BOUND ( 'NONE', #2840, .T. ) ;
#10339 = CARTESIAN_POINT ( 'NONE',  ( -51.09999999999999432, 9.549999999999988276, 1.000000000000000888 ) ) ;
#10340 = CARTESIAN_POINT ( 'NONE',  ( -6.000000000000002665, 10.60000000000000142, 2.000000000000000000 ) ) ;
#10341 = PLANE ( 'NONE',  #1863 ) ;
#10342 = EDGE_CURVE ( 'NONE', #5473, #2061, #8902, .T. ) ;
#10343 = ORIENTED_EDGE ( 'NONE', *, *, #10536, .T. ) ;
#10344 = LINE ( 'NONE', #3080, #4785 ) ;
#10345 = CARTESIAN_POINT ( 'NONE',  ( 25.02376158698549702, 5.022820047219557438, 3.599999999999999201 ) ) ;
#10346 = EDGE_LOOP ( 'NONE', ( #4124, #3423, #8691, #7631 ) ) ;
#10347 = CARTESIAN_POINT ( 'NONE',  ( -20.09999999999999787, -10.45000000000001172, 1.734723475976807094E-15 ) ) ;
#10348 = ORIENTED_EDGE ( 'NONE', *, *, #11706, .T. ) ;
#10349 = AXIS2_PLACEMENT_3D ( 'NONE', #5793, #5621, #11069 ) ;
#10350 = LINE ( 'NONE', #334, #11684 ) ;
#10351 = CARTESIAN_POINT ( 'NONE',  ( 24.74999999999998934, 7.050000000000004263, 1.799999999999999600 ) ) ;
#10352 = FACE_OUTER_BOUND ( 'NONE', #4150, .T. ) ;
#10353 = EDGE_CURVE ( 'NONE', #6008, #6669, #10655, .T. ) ;
#10354 = DIRECTION ( 'NONE',  ( 0.000000000000000000, 0.000000000000000000, 1.000000000000000000 ) ) ;
#10355 = VECTOR ( 'NONE', #1147, 1000.000000000000000 ) ;
#10356 = EDGE_CURVE ( 'NONE', #9845, #4315, #10821, .T. ) ;
#10357 = EDGE_LOOP ( 'NONE', ( #8368, #4933, #11715, #9857 ) ) ;
#10358 = DIRECTION ( 'NONE',  ( 0.000000000000000000, -0.000000000000000000, -1.000000000000000000 ) ) ;
#10359 = ORIENTED_EDGE ( 'NONE', *, *, #10676, .T. ) ;
#10360 = CARTESIAN_POINT ( 'NONE',  ( 26.27574534825463815, -11.68916459254359985, 3.500000000000003109 ) ) ;
#10361 = ORIENTED_EDGE ( 'NONE', *, *, #5768, .T. ) ;
#10362 = CARTESIAN_POINT ( 'NONE',  ( 23.63197125389671882, -12.47754346127694092, 4.000000000000000000 ) ) ;
#10363 = DIRECTION ( 'NONE',  ( 0.000000000000000000, 0.000000000000000000, 1.000000000000000000 ) ) ;
#10364 = DIRECTION ( 'NONE',  ( 0.000000000000000000, 0.000000000000000000, 1.000000000000000000 ) ) ;
#10365 = CARTESIAN_POINT ( 'NONE',  ( 24.35772095366894163, -13.06495465164432268, 4.000000000000007105 ) ) ;
#10366 = DIRECTION ( 'NONE',  ( -1.000000000000000000, 0.000000000000000000, 0.000000000000000000 ) ) ;
#10367 = EDGE_CURVE ( 'NONE', #6664, #8281, #10445, .T. ) ;
#10368 = EDGE_CURVE ( 'NONE', #6500, #9213, #6141, .T. ) ;
#10369 = EDGE_CURVE ( 'NONE', #2755, #5839, #1653, .T. ) ;
#10370 = CARTESIAN_POINT ( 'NONE',  ( 27.21755899971341819, -12.73423229731014317, 4.000000000000003553 ) ) ;
#10371 = LINE ( 'NONE', #7790, #8653 ) ;
#10372 = EDGE_LOOP ( 'NONE', ( #5893, #8451, #6845, #3178 ) ) ;
#10373 = CARTESIAN_POINT ( 'NONE',  ( 26.45958786628197146, -15.07217670077143978, 3.499999999999999556 ) ) ;
#10374 = DIRECTION ( 'NONE',  ( -1.000000000000000000, 0.000000000000000000, 0.000000000000000000 ) ) ;
#10375 = ORIENTED_EDGE ( 'NONE', *, *, #2595, .F. ) ;
#10376 = ORIENTED_EDGE ( 'NONE', *, *, #5576, .T. ) ;
#10377 = CARTESIAN_POINT ( 'NONE',  ( 23.80641219759089111, 6.549327898598286346, 6.814029407017137885 ) ) ;
#10378 = CIRCLE ( 'NONE', #4265, 2.250000000000001776 ) ;
#10379 = DIRECTION ( 'NONE',  ( -1.000000000000000000, 0.000000000000000000, 0.000000000000000000 ) ) ;
#10380 = LINE ( 'NONE', #2273, #10572 ) ;
#10381 = EDGE_CURVE ( 'NONE', #9848, #3636, #3616, .T. ) ;
#10382 = CARTESIAN_POINT ( 'NONE',  ( 26.80649970691522554, 4.551964127009857641, 3.599999999999999201 ) ) ;
#10383 = ADVANCED_FACE ( 'NONE', ( #2479 ), #1647, .F. ) ;
#10384 = ORIENTED_EDGE ( 'NONE', *, *, #1907, .T. ) ;
#10385 = AXIS2_PLACEMENT_3D ( 'NONE', #8159, #6290, #9944 ) ;
#10386 = DIRECTION ( 'NONE',  ( 1.000000000000000000, 0.000000000000000000, 0.000000000000000000 ) ) ;
#10387 = CARTESIAN_POINT ( 'NONE',  ( -47.19999999999998863, -8.673617379884035472E-15, 20.91137224000415529 ) ) ;
#10388 = ORIENTED_EDGE ( 'NONE', *, *, #1999, .T. ) ;
#10389 = EDGE_CURVE ( 'NONE', #7272, #7096, #4469, .T. ) ;
#10390 = VERTEX_POINT ( 'NONE', #8006 ) ;
#10391 = VECTOR ( 'NONE', #5046, 1000.000000000000000 ) ;
#10392 = DIRECTION ( 'NONE',  ( 0.000000000000000000, 0.000000000000000000, -1.000000000000000000 ) ) ;
#10393 = CARTESIAN_POINT ( 'NONE',  ( 25.33680085757545442, 9.200038813018819539, 6.812377427192834567 ) ) ;
#10394 = LINE ( 'NONE', #2177, #5583 ) ;
#10395 = ORIENTED_EDGE ( 'NONE', *, *, #2449, .F. ) ;
#10396 = DIRECTION ( 'NONE',  ( 0.000000000000000000, 0.000000000000000000, 1.000000000000000000 ) ) ;
#10397 = CARTESIAN_POINT ( 'NONE',  ( 28.62820512820512064, -13.37030790763380850, 4.000000000000000000 ) ) ;
#10398 = DIRECTION ( 'NONE',  ( 0.000000000000000000, -0.000000000000000000, -1.000000000000000000 ) ) ;
#10399 = AXIS2_PLACEMENT_3D ( 'NONE', #5142, #2496, #459 ) ;
#10400 = VERTEX_POINT ( 'NONE', #9964 ) ;
#10401 = FACE_OUTER_BOUND ( 'NONE', #2539, .T. ) ;
#10402 = VERTEX_POINT ( 'NONE', #5370 ) ;
#10403 = CARTESIAN_POINT ( 'NONE',  ( 27.69452582497929782, -13.16458013519023851, 3.499999999999999556 ) ) ;
#10404 = CARTESIAN_POINT ( 'NONE',  ( 27.58900060914264074, -12.97974657159088530, 4.000000000000003553 ) ) ;
#10405 = DIRECTION ( 'NONE',  ( 0.04677265186363323279, 0.9989055606200435422, 0.000000000000000000 ) ) ;
#10406 = VERTEX_POINT ( 'NONE', #8960 ) ;
#10407 = CARTESIAN_POINT ( 'NONE',  ( 24.44318136151033016, -9.885100171127668034, 4.000000000000007105 ) ) ;
#10408 = ORIENTED_EDGE ( 'NONE', *, *, #5251, .T. ) ;
#10409 = CARTESIAN_POINT ( 'NONE',  ( 26.76801249664699611, -9.583329873808478894, 3.499999999999996003 ) ) ;
#10410 = EDGE_LOOP ( 'NONE', ( #8807, #1933, #5666, #744 ) ) ;
#10411 = CARTESIAN_POINT ( 'NONE',  ( -18.99999999999999645, 1.549999999999988942, 2.000000000000000000 ) ) ;
#10412 = CARTESIAN_POINT ( 'NONE',  ( 25.08052884615383959, -10.14815245891586137, 3.500000000000003109 ) ) ;
#10413 = ORIENTED_EDGE ( 'NONE', *, *, #8759, .F. ) ;
#10414 = VERTEX_POINT ( 'NONE', #741 ) ;
#10415 = VERTEX_POINT ( 'NONE', #11687 ) ;
#10416 = ORIENTED_EDGE ( 'NONE', *, *, #4957, .F. ) ;
#10417 = EDGE_CURVE ( 'NONE', #8614, #4559, #8073, .T. ) ;
#10418 = CARTESIAN_POINT ( 'NONE',  ( 23.37179487179486514, -13.39634957430047280, 3.999999999999996447 ) ) ;
#10419 = CARTESIAN_POINT ( 'NONE',  ( 12.99999999999999645, 18.00000000000000000, 10.09999999999999964 ) ) ;
#10420 = CARTESIAN_POINT ( 'NONE',  ( 24.66700276124617019, -7.724893093178190284, 3.999999999999993339 ) ) ;
#10421 = CARTESIAN_POINT ( 'NONE',  ( 25.95092147435896734, -11.68661399737739792, 3.500000000000003109 ) ) ;
#10422 = CARTESIAN_POINT ( 'NONE',  ( 27.13296653242790057, -12.70727611777027022, 4.000000000000007105 ) ) ;
#10423 = DIRECTION ( 'NONE',  ( -0.000000000000000000, -0.000000000000000000, 1.000000000000000000 ) ) ;
#10424 = ORIENTED_EDGE ( 'NONE', *, *, #11789, .F. ) ;
#10425 = CARTESIAN_POINT ( 'NONE',  ( 28.19358780240910178, 6.549327898598319209, 3.599999999999999201 ) ) ;
#10426 = EDGE_LOOP ( 'NONE', ( #5116, #2409 ) ) ;
#10427 = VERTEX_POINT ( 'NONE', #852 ) ;
#10428 = CARTESIAN_POINT ( 'NONE',  ( 9.199999999999999289, -10.60000000000000142, 3.499999999999999556 ) ) ;
#10429 = CIRCLE ( 'NONE', #9457, 2.250000000000001776 ) ;
#10430 = CARTESIAN_POINT ( 'NONE',  ( 24.35772095366894163, -13.06495465164432268, 3.500000000000006661 ) ) ;
#10431 = ORIENTED_EDGE ( 'NONE', *, *, #10149, .T. ) ;
#10432 = EDGE_CURVE ( 'NONE', #1333, #7649, #10935, .T. ) ;
#10433 = CARTESIAN_POINT ( 'NONE',  ( -18.99999999999999645, 25.54999999999999361, 1.000000000000002665 ) ) ;
#10434 = ORIENTED_EDGE ( 'NONE', *, *, #7574, .F. ) ;
#10435 = CARTESIAN_POINT ( 'NONE',  ( 28.62820512820512064, -4.891742202505601433, 4.000000000000000000 ) ) ;
#10436 = DIRECTION ( 'NONE',  ( 1.000000000000000000, 0.000000000000000000, 0.000000000000000000 ) ) ;
#10437 = CARTESIAN_POINT ( 'NONE',  ( -18.99999999999999645, 13.54999999999998828, 1.734723475976807094E-15 ) ) ;
#10438 = B_SPLINE_CURVE_WITH_KNOTS ( 'NONE', 3,
 ( #4666, #1944, #8449, #11196, #3835, #11139, #1112, #5744, #29, #4787, #9379 ),
 .UNSPECIFIED., .F., .F.,
 ( 4, 1, 1, 1, 1, 1, 1, 1, 4 ),
 ( 0.000000000000000000, 0.1267387867356629949, 0.2498543875258566471, 0.3711825332970606350, 0.4989513846819695342, 0.6267202360668776562, 0.7501017216641020502, 0.8720976360168712915, 1.000000000000000000 ),
 .UNSPECIFIED. ) ;
#10439 = VECTOR ( 'NONE', #2579, 1000.000000000000000 ) ;
#10440 = ORIENTED_EDGE ( 'NONE', *, *, #1309, .T. ) ;
#10441 = DIRECTION ( 'NONE',  ( -0.000000000000000000, -1.000000000000000000, -0.000000000000000000 ) ) ;
#10442 = FACE_OUTER_BOUND ( 'NONE', #4169, .T. ) ;
#10443 = VERTEX_POINT ( 'NONE', #7102 ) ;
#10444 = ORIENTED_EDGE ( 'NONE', *, *, #1844, .T. ) ;
#10445 = CIRCLE ( 'NONE', #6799, 3.700000000000001954 ) ;
#10446 = ADVANCED_FACE ( 'NONE', ( #10876 ), #10768, .F. ) ;
#10447 = ADVANCED_FACE ( 'NONE', ( #7267 ), #1809, .F. ) ;
#10448 = ORIENTED_EDGE ( 'NONE', *, *, #10417, .F. ) ;
#10449 = ORIENTED_EDGE ( 'NONE', *, *, #4866, .T. ) ;
#10450 = CARTESIAN_POINT ( 'NONE',  ( 25.99999999999999289, 7.050000000000004263, 5.999999999999998224 ) ) ;
#10451 = ADVANCED_FACE ( 'NONE', ( #3379, #7158 ), #2881, .F. ) ;
#10452 = DIRECTION ( 'NONE',  ( 0.9407405081193468410, -0.3391272569159741734, 0.000000000000000000 ) ) ;
#10453 = VECTOR ( 'NONE', #10584, 1000.000000000000000 ) ;
#10454 = CARTESIAN_POINT ( 'NONE',  ( 40.62525574638279835, -11.27434681860244936, 4.000000000000000000 ) ) ;
#10455 = CARTESIAN_POINT ( 'NONE',  ( 24.26923076923076295, -9.424995407633808497, 4.000000000000003553 ) ) ;
#10456 = ORIENTED_EDGE ( 'NONE', *, *, #841, .F. ) ;
#10457 = FACE_OUTER_BOUND ( 'NONE', #4473, .T. ) ;
#10458 = EDGE_CURVE ( 'NONE', #240, #3164, #907, .T. ) ;
#10459 = ORIENTED_EDGE ( 'NONE', *, *, #3172, .T. ) ;
#10460 = DIRECTION ( 'NONE',  ( -1.000000000000000000, -1.927470528863119049E-16, 0.000000000000000000 ) ) ;
#10461 = DIRECTION ( 'NONE',  ( 0.000000000000000000, 0.000000000000000000, 1.000000000000000000 ) ) ;
#10462 = DIRECTION ( 'NONE',  ( -0.000000000000000000, -0.000000000000000000, -1.000000000000000000 ) ) ;
#10463 = VECTOR ( 'NONE', #553, 1000.000000000000000 ) ;
#10464 = CARTESIAN_POINT ( 'NONE',  ( 12.99999999999999822, 44.00000000000000000, 8.000000000000000000 ) ) ;
#10465 = EDGE_LOOP ( 'NONE', ( #2996, #5332, #2113, #7981 ) ) ;
#10466 = DIRECTION ( 'NONE',  ( 0.000000000000000000, -0.000000000000000000, -1.000000000000000000 ) ) ;
#10467 = CYLINDRICAL_SURFACE ( 'NONE', #914, 1.099999999999996758 ) ;
#10468 = CARTESIAN_POINT ( 'NONE',  ( 24.29440898831073525, -9.216331010030746285, 3.999999999999996447 ) ) ;
#10469 = DIRECTION ( 'NONE',  ( 1.000000000000000000, 0.000000000000000000, 0.000000000000000000 ) ) ;
#10470 = LINE ( 'NONE', #396, #2727 ) ;
#10471 = DIRECTION ( 'NONE',  ( 0.000000000000000000, 1.000000000000000000, 0.000000000000000000 ) ) ;
#10472 = VECTOR ( 'NONE', #7515, 1000.000000000000000 ) ;
#10473 = EDGE_CURVE ( 'NONE', #10953, #7043, #9329, .T. ) ;
#10474 = FACE_OUTER_BOUND ( 'NONE', #9286, .T. ) ;
#10475 = VECTOR ( 'NONE', #8167, 1000.000000000000000 ) ;
#10476 = VECTOR ( 'NONE', #6609, 1000.000000000000000 ) ;
#10477 = CARTESIAN_POINT ( 'NONE',  ( -2.149999999999956390, 10.60000000000000142, -3.850000000000010747 ) ) ;
#10478 = ORIENTED_EDGE ( 'NONE', *, *, #1860, .F. ) ;
#10479 = CARTESIAN_POINT ( 'NONE',  ( 18.99999999999999645, 44.00000000000000000, 0.000000000000000000 ) ) ;
#10480 = DIRECTION ( 'NONE',  ( 1.000000000000000000, 0.000000000000000000, 0.000000000000000000 ) ) ;
#10481 = CARTESIAN_POINT ( 'NONE',  ( 23.75629145634233552, 7.218142710569450671, 3.599999999999999201 ) ) ;
#10482 = VECTOR ( 'NONE', #8529, 1000.000000000000000 ) ;
#10483 = CARTESIAN_POINT ( 'NONE',  ( 25.99999999999999289, 7.050000000000004263, 5.999999999999998224 ) ) ;
#10484 = AXIS2_PLACEMENT_3D ( 'NONE', #2023, #5707, #1244 ) ;
#10485 = CARTESIAN_POINT ( 'NONE',  ( -16.99999999999999289, 7.050000000000000711, 5.200000000000002842 ) ) ;
#10486 = ORIENTED_EDGE ( 'NONE', *, *, #2687, .T. ) ;
#10487 = CARTESIAN_POINT ( 'NONE',  ( 9.199999999999995737, -12.00000000000000000, -5.045565981523414401 ) ) ;
#10488 = ORIENTED_EDGE ( 'NONE', *, *, #2546, .T. ) ;
#10489 = ORIENTED_EDGE ( 'NONE', *, *, #6053, .F. ) ;
#10490 = DIRECTION ( 'NONE',  ( -0.000000000000000000, 0.000000000000000000, -1.000000000000000000 ) ) ;
#10491 = LINE ( 'NONE', #6004, #6686 ) ;
#10492 = ORIENTED_EDGE ( 'NONE', *, *, #11403, .F. ) ;
#10493 = EDGE_CURVE ( 'NONE', #2755, #11108, #909, .T. ) ;
#10494 = DIRECTION ( 'NONE',  ( -1.000000000000000000, 0.000000000000000000, 0.000000000000000000 ) ) ;
#10495 = VECTOR ( 'NONE', #8282, 1000.000000000000000 ) ;
#10496 = AXIS2_PLACEMENT_3D ( 'NONE', #10188, #7361, #4810 ) ;
#10497 = EDGE_LOOP ( 'NONE', ( #719, #6075 ) ) ;
#10498 = FACE_OUTER_BOUND ( 'NONE', #6371, .T. ) ;
#10499 = DIRECTION ( 'NONE',  ( 1.000000000000000000, 0.000000000000000000, -0.000000000000000000 ) ) ;
#10500 = ORIENTED_EDGE ( 'NONE', *, *, #11085, .F. ) ;
#10501 = EDGE_LOOP ( 'NONE', ( #366, #4865 ) ) ;
#10502 = DIRECTION ( 'NONE',  ( 0.9926170934246488775, -0.1212901720717803195, 0.000000000000000000 ) ) ;
#10503 = CARTESIAN_POINT ( 'NONE',  ( 23.43775739702924454, -6.626731722140275060, 3.499999999999999556 ) ) ;
#10504 = EDGE_CURVE ( 'NONE', #1383, #10400, #10094, .T. ) ;
#10505 = VECTOR ( 'NONE', #9015, 1000.000000000000000 ) ;
#10506 = AXIS2_PLACEMENT_3D ( 'NONE', #7584, #9210, #9323 ) ;
#10507 = ORIENTED_EDGE ( 'NONE', *, *, #4101, .T. ) ;
#10508 = EDGE_CURVE ( 'NONE', #4147, #1168, #4753, .T. ) ;
#10509 = VERTEX_POINT ( 'NONE', #9305 ) ;
#10510 = DIRECTION ( 'NONE',  ( -0.8884639174103150516, 0.4589464755937414098, 0.000000000000000000 ) ) ;
#10511 = VECTOR ( 'NONE', #6550, 999.9999999999998863 ) ;
#10512 = AXIS2_PLACEMENT_3D ( 'NONE', #8018, #3516, #1460 ) ;
#10513 = EDGE_LOOP ( 'NONE', ( #4149, #853, #2573, #4941 ) ) ;
#10514 = CARTESIAN_POINT ( 'NONE',  ( -24.99999999999999289, 52.29611577246485865, -3.100000000000000533 ) ) ;
#10515 = DIRECTION ( 'NONE',  ( 0.000000000000000000, 1.000000000000000000, 0.000000000000000000 ) ) ;
#10516 = EDGE_CURVE ( 'NONE', #5805, #2444, #9122, .T. ) ;
#10517 = CARTESIAN_POINT ( 'NONE',  ( 25.11157852564101844, -11.04558835635175740, 3.499999999999996003 ) ) ;
#10518 = CARTESIAN_POINT ( 'NONE',  ( -16.99999999999999645, 38.58077640640441075, -5.363961030678932040 ) ) ;
#10519 = CARTESIAN_POINT ( 'NONE',  ( 27.58900060914264074, -12.97974657159088530, 3.500000000000003109 ) ) ;
#10520 = AXIS2_PLACEMENT_3D ( 'NONE', #2186, #2130, #5802 ) ;
#10521 = DIRECTION ( 'NONE',  ( -0.000000000000000000, -0.000000000000000000, 1.000000000000000000 ) ) ;
#10522 = LINE ( 'NONE', #5972, #7979 ) ;
#10523 = CARTESIAN_POINT ( 'NONE',  ( 26.67281426648461817, -15.05696779646828887, 3.999999999999993339 ) ) ;
#10524 = ORIENTED_EDGE ( 'NONE', *, *, #1852, .T. ) ;
#10525 = CARTESIAN_POINT ( 'NONE',  ( 24.26923076923075939, -13.39234316404406577, 4.000000000000007105 ) ) ;
#10526 = EDGE_CURVE ( 'NONE', #7998, #2696, #11055, .T. ) ;
#10527 = ORIENTED_EDGE ( 'NONE', *, *, #9269, .F. ) ;
#10528 = CARTESIAN_POINT ( 'NONE',  ( 25.45669557079125411, -11.02132082562170545, 3.500000000000003109 ) ) ;
#10529 = DIRECTION ( 'NONE',  ( -1.000000000000000000, 0.000000000000000000, 0.000000000000000000 ) ) ;
#10530 = PLANE ( 'NONE',  #7620 ) ;
#10531 = CARTESIAN_POINT ( 'NONE',  ( -47.74999999999998579, 9.549999999999988276, 1.000000000000000888 ) ) ;
#10532 = VECTOR ( 'NONE', #6868, 1000.000000000000000 ) ;
#10533 = CARTESIAN_POINT ( 'NONE',  ( 25.99799679487178850, -14.18661399737739792, 3.500000000000006661 ) ) ;
#10534 = PLANE ( 'NONE',  #1018 ) ;
#10535 = EDGE_CURVE ( 'NONE', #358, #8839, #10141, .T. ) ;
#10536 = EDGE_CURVE ( 'NONE', #9628, #3846, #3003, .T. ) ;
#10537 = CARTESIAN_POINT ( 'NONE',  ( 22.99999999999999289, 7.050000000000004263, 0.000000000000000000 ) ) ;
#10538 = EDGE_CURVE ( 'NONE', #7100, #1635, #4582, .T. ) ;
#10539 = VECTOR ( 'NONE', #3522, 1000.000000000000000 ) ;
#10540 = LINE ( 'NONE', #1481, #2278 ) ;
#10541 = VERTEX_POINT ( 'NONE', #8426 ) ;
#10542 = EDGE_CURVE ( 'NONE', #5882, #10621, #4556, .T. ) ;
#10543 = ORIENTED_EDGE ( 'NONE', *, *, #851, .T. ) ;
#10544 = DIRECTION ( 'NONE',  ( 1.000000000000000000, 0.000000000000000000, 0.000000000000000000 ) ) ;
#10545 = FACE_OUTER_BOUND ( 'NONE', #7869, .T. ) ;
#10546 = EDGE_CURVE ( 'NONE', #733, #7938, #10287, .T. ) ;
#10547 = DIRECTION ( 'NONE',  ( -0.000000000000000000, -0.000000000000000000, 1.000000000000000000 ) ) ;
#10548 = AXIS2_PLACEMENT_3D ( 'NONE', #2356, #6853, #7887 ) ;
#10549 = DIRECTION ( 'NONE',  ( -1.000000000000000000, 0.000000000000000000, 0.000000000000000000 ) ) ;
#10550 = EDGE_LOOP ( 'NONE', ( #3660, #6093, #7946, #9816 ) ) ;
#10551 = DIRECTION ( 'NONE',  ( -0.000000000000000000, 1.000000000000000000, -0.000000000000000000 ) ) ;
#10552 = ORIENTED_EDGE ( 'NONE', *, *, #781, .T. ) ;
#10553 = ORIENTED_EDGE ( 'NONE', *, *, #4809, .F. ) ;
#10554 = CARTESIAN_POINT ( 'NONE',  ( 23.98277243589742724, -7.135331946095345934, 4.000000000000003553 ) ) ;
#10555 = ORIENTED_EDGE ( 'NONE', *, *, #10609, .T. ) ;
#10556 = ORIENTED_EDGE ( 'NONE', *, *, #8625, .F. ) ;
#10557 = CARTESIAN_POINT ( 'NONE',  ( 24.27006230936067155, -13.42047066885280060, 3.500000000000006661 ) ) ;
#10558 = AXIS2_PLACEMENT_3D ( 'NONE', #2328, #9636, #8748 ) ;
#10559 = ORIENTED_EDGE ( 'NONE', *, *, #200, .T. ) ;
#10560 = DIRECTION ( 'NONE',  ( 0.000000000000000000, -0.000000000000000000, -1.000000000000000000 ) ) ;
#10561 = CARTESIAN_POINT ( 'NONE',  ( -6.000000000000002665, 10.60000000000000142, 0.000000000000000000 ) ) ;
#10562 = ORIENTED_EDGE ( 'NONE', *, *, #11321, .F. ) ;
#10563 = ORIENTED_EDGE ( 'NONE', *, *, #10320, .F. ) ;
#10564 = CYLINDRICAL_SURFACE ( 'NONE', #3157, 1.100000000000000311 ) ;
#10565 = DIRECTION ( 'NONE',  ( -1.000000000000000000, -0.000000000000000000, -0.000000000000000000 ) ) ;
#10566 = VECTOR ( 'NONE', #7364, 1000.000000000000000 ) ;
#10567 = ORIENTED_EDGE ( 'NONE', *, *, #7656, .T. ) ;
#10568 = EDGE_LOOP ( 'NONE', ( #3818, #8435, #3697, #3018 ) ) ;
#10569 = CARTESIAN_POINT ( 'NONE',  ( 24.52299438015168676, -8.862424752376899306, 3.500000000000003109 ) ) ;
#10570 = ORIENTED_EDGE ( 'NONE', *, *, #4580, .F. ) ;
#10571 = EDGE_CURVE ( 'NONE', #1430, #122, #2625, .T. ) ;
#10572 = VECTOR ( 'NONE', #4925, 1000.000000000000000 ) ;
#10573 = CARTESIAN_POINT ( 'NONE',  ( 28.62000344641364080, 6.888114420714423147, 5.999999999999998224 ) ) ;
#10574 = ORIENTED_EDGE ( 'NONE', *, *, #4829, .T. ) ;
#10575 = CARTESIAN_POINT ( 'NONE',  ( 23.37567807909021056, -9.221978230220921446, 4.000000000000000000 ) ) ;
#10576 = EDGE_CURVE ( 'NONE', #4525, #686, #8356, .T. ) ;
#10577 = DIRECTION ( 'NONE',  ( 0.000000000000000000, -0.000000000000000000, -1.000000000000000000 ) ) ;
#10578 = CARTESIAN_POINT ( 'NONE',  ( 23.75567833011029606, -10.43684224632948698, 3.999999999999984457 ) ) ;
#10579 = ORIENTED_EDGE ( 'NONE', *, *, #3858, .F. ) ;
#10580 = CARTESIAN_POINT ( 'NONE',  ( 31.69999999999999218, -5.999999999999988454, 0.000000000000000000 ) ) ;
#10581 = VECTOR ( 'NONE', #4030, 1000.000000000000000 ) ;
#10582 = PLANE ( 'NONE',  #8055 ) ;
#10583 = DIRECTION ( 'NONE',  ( 0.000000000000000000, 1.000000000000000000, -0.000000000000000000 ) ) ;
#10584 = DIRECTION ( 'NONE',  ( -1.000000000000000000, -0.000000000000000000, -0.000000000000000000 ) ) ;
#10585 = CARTESIAN_POINT ( 'NONE',  ( 23.77201865095422662, -7.097953595255734882, 3.500000000000003109 ) ) ;
#10586 = EDGE_CURVE ( 'NONE', #11661, #11305, #2296, .T. ) ;
#10587 = ORIENTED_EDGE ( 'NONE', *, *, #7289, .F. ) ;
#10588 = ORIENTED_EDGE ( 'NONE', *, *, #6570, .F. ) ;
#10589 = LINE ( 'NONE', #9674, #6563 ) ;
#10590 = LINE ( 'NONE', #6213, #2605 ) ;
#10591 = CARTESIAN_POINT ( 'NONE',  ( 39.19999999999998863, -5.340460151223551222, 4.000000000000000000 ) ) ;
#10592 = VECTOR ( 'NONE', #10594, 1000.000000000000000 ) ;
#10593 = CARTESIAN_POINT ( 'NONE',  ( -49.99999999999998579, 9.549999999999988276, 2.000000000000000000 ) ) ;
#10594 = DIRECTION ( 'NONE',  ( 0.000000000000000000, 1.000000000000000000, 0.000000000000000000 ) ) ;
#10595 = CARTESIAN_POINT ( 'NONE',  ( 25.11595672024664694, -15.03324581362942425, 3.500000000000006661 ) ) ;
#10596 = DIRECTION ( 'NONE',  ( 9.637352644315597708E-17, -1.000000000000000000, 0.000000000000000000 ) ) ;
#10597 = LINE ( 'NONE', #1301, #7654 ) ;
#10598 = ORIENTED_EDGE ( 'NONE', *, *, #11329, .F. ) ;
#10599 = ADVANCED_FACE ( 'NONE', ( #9185 ), #6491, .F. ) ;
#10600 = EDGE_LOOP ( 'NONE', ( #3084, #10313, #8958, #1972 ) ) ;
#10601 = CARTESIAN_POINT ( 'NONE',  ( 24.72869081394977542, -11.80189826027968181, 3.999999999999996447 ) ) ;
#10602 = FACE_OUTER_BOUND ( 'NONE', #4558, .T. ) ;
#10603 = DIRECTION ( 'NONE',  ( 0.000000000000000000, 0.000000000000000000, -1.000000000000000000 ) ) ;
#10604 = LINE ( 'NONE', #2320, #8362 ) ;
#10605 = DIRECTION ( 'NONE',  ( 0.000000000000000000, 0.000000000000000000, -1.000000000000000000 ) ) ;
#10606 = CARTESIAN_POINT ( 'NONE',  ( 23.96605924864125825, -14.62544266604636967, 3.500000000000003109 ) ) ;
#10607 = CARTESIAN_POINT ( 'NONE',  ( 27.04165218381013958, -12.68072839962194998, 3.499999999999999556 ) ) ;
#10608 = ADVANCED_FACE ( 'NONE', ( #304 ), #8590, .T. ) ;
#10609 = EDGE_CURVE ( 'NONE', #5590, #2869, #7686, .T. ) ;
#10610 = LINE ( 'NONE', #9513, #9593 ) ;
#10611 = CARTESIAN_POINT ( 'NONE',  ( -16.99999999999999645, 0.5192235935955649140, 1.000000000000000888 ) ) ;
#10612 = ORIENTED_EDGE ( 'NONE', *, *, #11052, .T. ) ;
#10613 = ORIENTED_EDGE ( 'NONE', *, *, #6925, .F. ) ;
#10614 = CARTESIAN_POINT ( 'NONE',  ( -79.19999999999998863, -18.00000000000001421, 22.01137224000416381 ) ) ;
#10615 = ORIENTED_EDGE ( 'NONE', *, *, #398, .T. ) ;
#10616 = CARTESIAN_POINT ( 'NONE',  ( 24.27044742651547438, -13.36321723404878803, 3.500000000000003109 ) ) ;
#10617 = VERTEX_POINT ( 'NONE', #5781 ) ;
#10618 = CIRCLE ( 'NONE', #6597, 0.9749999999999993117 ) ;
#10619 = CARTESIAN_POINT ( 'NONE',  ( 28.29030201856606297, 8.332630758929550296, 3.599999999999999201 ) ) ;
#10620 = EDGE_CURVE ( 'NONE', #1842, #2696, #8764, .T. ) ;
#10621 = VERTEX_POINT ( 'NONE', #1325 ) ;
#10622 = EDGE_LOOP ( 'NONE', ( #3386, #10784, #7370, #9774 ) ) ;
#10623 = DIRECTION ( 'NONE',  ( 1.000000000000000000, 0.000000000000000000, 0.000000000000000000 ) ) ;
#10624 = LINE ( 'NONE', #6010, #3797 ) ;
#10625 = ORIENTED_EDGE ( 'NONE', *, *, #4937, .T. ) ;
#10626 = ORIENTED_EDGE ( 'NONE', *, *, #5367, .F. ) ;
#10627 = CARTESIAN_POINT ( 'NONE',  ( 23.39151584682969087, -9.073479574768635203, 3.499999999999992895 ) ) ;
#10628 = CARTESIAN_POINT ( 'NONE',  ( 39.19999999999998863, 13.55000000000000959, 1.025000000000002354 ) ) ;
#10629 = EDGE_LOOP ( 'NONE', ( #5986, #7318, #8364, #8583 ) ) ;
#10630 = VERTEX_POINT ( 'NONE', #11407 ) ;
#10631 = CARTESIAN_POINT ( 'NONE',  ( 27.12728291359444910, -14.06591858515577975, 3.499999999999999556 ) ) ;
#10632 = ORIENTED_EDGE ( 'NONE', *, *, #8551, .F. ) ;
#10633 = CARTESIAN_POINT ( 'NONE',  ( 24.27058890062521712, -9.389514876525542064, 3.500000000000006661 ) ) ;
#10634 = VECTOR ( 'NONE', #9125, 1000.000000000000000 ) ;
#10635 = DIRECTION ( 'NONE',  ( 1.000000000000000000, 0.000000000000000000, 0.000000000000000000 ) ) ;
#10636 = VERTEX_POINT ( 'NONE', #11476 ) ;
#10637 = ORIENTED_EDGE ( 'NONE', *, *, #11711, .T. ) ;
#10638 = DIRECTION ( 'NONE',  ( -0.000000000000000000, -0.000000000000000000, 1.000000000000000000 ) ) ;
#10639 = CARTESIAN_POINT ( 'NONE',  ( 49.19999999999999574, 26.99999999999998224, 1.999999999999999112 ) ) ;
#10640 = AXIS2_PLACEMENT_3D ( 'NONE', #627, #10515, #4296 ) ;
#10641 = CARTESIAN_POINT ( 'NONE',  ( -9.199999999999995737, 10.60000000000000142, 3.500000000000000000 ) ) ;
#10642 = ORIENTED_EDGE ( 'NONE', *, *, #1992, .F. ) ;
#10643 = EDGE_CURVE ( 'NONE', #8080, #8651, #5048, .T. ) ;
#10644 = AXIS2_PLACEMENT_3D ( 'NONE', #5396, #10849, #995 ) ;
#10645 = ORIENTED_EDGE ( 'NONE', *, *, #2172, .F. ) ;
#10646 = DIRECTION ( 'NONE',  ( -1.000000000000000000, 0.000000000000000000, -0.000000000000000000 ) ) ;
#10647 = LINE ( 'NONE', #3390, #9166 ) ;
#10648 = LINE ( 'NONE', #6151, #11426 ) ;
#10649 = CARTESIAN_POINT ( 'NONE',  ( 23.43589743589742724, -6.590460151223551222, 3.999999999999996447 ) ) ;
#10650 = EDGE_CURVE ( 'NONE', #2334, #1763, #5944, .T. ) ;
#10651 = ORIENTED_EDGE ( 'NONE', *, *, #8625, .T. ) ;
#10652 = PLANE ( 'NONE',  #2622 ) ;
#10653 = EDGE_LOOP ( 'NONE', ( #10936, #8707, #6397, #9892 ) ) ;
#10654 = CARTESIAN_POINT ( 'NONE',  ( 25.77244771595767503, -10.94004310684255721, 3.499999999999992895 ) ) ;
#10655 = CIRCLE ( 'NONE', #689, 1.250000000000001110 ) ;
#10656 = PLANE ( 'NONE',  #8939 ) ;
#10657 = VECTOR ( 'NONE', #11873, 1000.000000000000000 ) ;
#10658 = CARTESIAN_POINT ( 'NONE',  ( -16.99999999999999645, -18.00000000000001421, 1.000000000000000888 ) ) ;
#10659 = VERTEX_POINT ( 'NONE', #7805 ) ;
#10660 = CARTESIAN_POINT ( 'NONE',  ( 25.62669101663371762, -8.941617124465178534, 4.000000000000005329 ) ) ;
#10661 = LINE ( 'NONE', #4310, #4103 ) ;
#10662 = ADVANCED_FACE ( 'NONE', ( #2340 ), #1210, .F. ) ;
#10663 = CARTESIAN_POINT ( 'NONE',  ( 24.44874007111405589, -14.87387744734469130, 3.999999999999977351 ) ) ;
#10664 = VECTOR ( 'NONE', #2254, 1000.000000000000000 ) ;
#10665 = ORIENTED_EDGE ( 'NONE', *, *, #7213, .F. ) ;
#10666 = EDGE_CURVE ( 'NONE', #10977, #10509, #10624, .T. ) ;
#10667 = VERTEX_POINT ( 'NONE', #10382 ) ;
#10668 = CARTESIAN_POINT ( 'NONE',  ( -9.200000000000001066, 18.00000000000000355, 10.09999999999999964 ) ) ;
#10669 = CYLINDRICAL_SURFACE ( 'NONE', #3579, 0.9749999999999993117 ) ;
#10670 = FACE_OUTER_BOUND ( 'NONE', #226, .T. ) ;
#10671 = CYLINDRICAL_SURFACE ( 'NONE', #3222, 0.9499999999999998446 ) ;
#10672 = CARTESIAN_POINT ( 'NONE',  ( 25.85859516301805172, -9.599238241775243097, 3.499999999999999556 ) ) ;
#10673 = VECTOR ( 'NONE', #8915, 1000.000000000000000 ) ;
#10674 = EDGE_CURVE ( 'NONE', #9613, #1635, #8643, .T. ) ;
#10675 = CARTESIAN_POINT ( 'NONE',  ( 25.74733210185941701, -9.843934071523754881, 4.000000000000007105 ) ) ;
#10676 = EDGE_CURVE ( 'NONE', #11859, #8072, #9905, .T. ) ;
#10677 = ADVANCED_FACE ( 'NONE', ( #484, #8534, #3981 ), #7623, .F. ) ;
#10678 = CARTESIAN_POINT ( 'NONE',  ( 24.19330536604857684, -7.098171994267328699, 3.500000000000006661 ) ) ;
#10679 = ORIENTED_EDGE ( 'NONE', *, *, #7597, .F. ) ;
#10680 = ORIENTED_EDGE ( 'NONE', *, *, #5075, .F. ) ;
#10681 = CARTESIAN_POINT ( 'NONE',  ( 41.19999999999999574, 25.55000000000001492, 2.000000000000001776 ) ) ;
#10682 = ORIENTED_EDGE ( 'NONE', *, *, #5853, .F. ) ;
#10683 = CARTESIAN_POINT ( 'NONE',  ( 25.99999999999999289, 7.050000000000004263, 5.999999999999998224 ) ) ;
#10684 = ORIENTED_EDGE ( 'NONE', *, *, #9092, .F. ) ;
#10685 = AXIS2_PLACEMENT_3D ( 'NONE', #10377, #5830, #3114 ) ;
#10686 = CARTESIAN_POINT ( 'NONE',  ( 30.99999999999999289, 12.05000000000000426, 5.999999999999998224 ) ) ;
#10687 = EDGE_LOOP ( 'NONE', ( #623, #6715, #111, #11124 ) ) ;
#10688 = AXIS2_PLACEMENT_3D ( 'NONE', #4506, #6353, #2742 ) ;
#10689 = CYLINDRICAL_SURFACE ( 'NONE', #8024, 1.100000000000003642 ) ;
#10690 = CARTESIAN_POINT ( 'NONE',  ( 48.29999999999999005, 22.54999999999998650, 1.999999999999999112 ) ) ;
#10691 = AXIS2_PLACEMENT_3D ( 'NONE', #8298, #5725, #8 ) ;
#10692 = EDGE_CURVE ( 'NONE', #71, #8303, #6462, .T. ) ;
#10693 = FACE_OUTER_BOUND ( 'NONE', #6631, .T. ) ;
#10694 = ORIENTED_EDGE ( 'NONE', *, *, #10356, .T. ) ;
#10695 = VERTEX_POINT ( 'NONE', #1264 ) ;
#10696 = CARTESIAN_POINT ( 'NONE',  ( -54.99999999999999289, 11.99999999999998579, 3.100000000000001865 ) ) ;
#10697 = LINE ( 'NONE', #9842, #5007 ) ;
#10698 = ADVANCED_FACE ( 'NONE', ( #5107 ), #365, .F. ) ;
#10699 = ORIENTED_EDGE ( 'NONE', *, *, #3529, .F. ) ;
#10700 = PLANE ( 'NONE',  #4331 ) ;
#10701 = ORIENTED_EDGE ( 'NONE', *, *, #2958, .T. ) ;
#10702 = CARTESIAN_POINT ( 'NONE',  ( 23.92644495765434343, 5.440343363830996815, 3.599999999999999201 ) ) ;
#10703 = AXIS2_PLACEMENT_3D ( 'NONE', #9500, #4962, #9391 ) ;
#10704 = AXIS2_PLACEMENT_3D ( 'NONE', #9275, #4549, #938 ) ;
#10705 = VERTEX_POINT ( 'NONE', #2274 ) ;
#10706 = LINE ( 'NONE', #6139, #11641 ) ;
#10707 = DIRECTION ( 'NONE',  ( 0.000000000000000000, 0.000000000000000000, -1.000000000000000000 ) ) ;
#10708 = CIRCLE ( 'NONE', #6847, 1.050000000000002265 ) ;
#10709 = ORIENTED_EDGE ( 'NONE', *, *, #7967, .T. ) ;
#10710 = CIRCLE ( 'NONE', #9534, 2.624999999999998668 ) ;
#10711 = CARTESIAN_POINT ( 'NONE',  ( 24.71794871794871185, -7.712255023018423472, 4.000000000000000000 ) ) ;
#10712 = CARTESIAN_POINT ( 'NONE',  ( 26.97623841301451364, 5.022820047219567208, 6.797529781440644570 ) ) ;
#10713 = DIRECTION ( 'NONE',  ( 1.000000000000000000, 0.000000000000000000, 0.000000000000000000 ) ) ;
#10714 = DIRECTION ( 'NONE',  ( 1.000000000000000000, 0.000000000000000000, 0.000000000000000000 ) ) ;
#10715 = AXIS2_PLACEMENT_3D ( 'NONE', #6263, #1657, #7112 ) ;
#10716 = CARTESIAN_POINT ( 'NONE',  ( 24.52365470821892046, -6.554231728094966236, 3.999999999999996447 ) ) ;
#10717 = CARTESIAN_POINT ( 'NONE',  ( 23.87454283344085582, -7.130155543331039958, 3.499999999999996003 ) ) ;
#10718 = VERTEX_POINT ( 'NONE', #11354 ) ;
#10719 = CARTESIAN_POINT ( 'NONE',  ( -16.99999999999999645, 14.58077640640441430, -5.363961030678932040 ) ) ;
#10720 = ORIENTED_EDGE ( 'NONE', *, *, #3237, .F. ) ;
#10721 = CARTESIAN_POINT ( 'NONE',  ( 22.99999999999999289, 7.050000000000000711, 9.150000000000002132 ) ) ;
#10722 = DIRECTION ( 'NONE',  ( -0.9926170934246488775, 0.1212901720717803195, 0.000000000000000000 ) ) ;
#10723 = CARTESIAN_POINT ( 'NONE',  ( -76.62999999999999545, 11.99999999999998579, 1.050000000000009148 ) ) ;
#10724 = VECTOR ( 'NONE', #11078, 1000.000000000000000 ) ;
#10725 = AXIS2_PLACEMENT_3D ( 'NONE', #8465, #6592, #1905 ) ;
#10726 = CARTESIAN_POINT ( 'NONE',  ( 24.07276606609465475, -14.69493608127205420, 3.499999999999992895 ) ) ;
#10727 = LINE ( 'NONE', #2375, #5129 ) ;
#10728 = CARTESIAN_POINT ( 'NONE',  ( 26.82476896427944624, -14.13406248658068520, 3.500000000000006661 ) ) ;
#10729 = DIRECTION ( 'NONE',  ( 1.000000000000000000, 0.000000000000000000, 0.000000000000000000 ) ) ;
#10730 = ORIENTED_EDGE ( 'NONE', *, *, #10546, .F. ) ;
#10731 = ORIENTED_EDGE ( 'NONE', *, *, #7516, .T. ) ;
#10732 = CARTESIAN_POINT ( 'NONE',  ( 5.999999999999999112, -9.039999999999999147, 2.000000000000000000 ) ) ;
#10733 = AXIS2_PLACEMENT_3D ( 'NONE', #8464, #3718, #9228 ) ;
#10734 = DIRECTION ( 'NONE',  ( 0.000000000000000000, 0.000000000000000000, 1.000000000000000000 ) ) ;
#10735 = CARTESIAN_POINT ( 'NONE',  ( 26.76801249664699611, -9.583329873808478894, 3.999999999999997335 ) ) ;
#10736 = EDGE_CURVE ( 'NONE', #10304, #11049, #7038, .T. ) ;
#10737 = DIRECTION ( 'NONE',  ( -0.9127669952117287711, 0.4084806145365432184, 0.000000000000000000 ) ) ;
#10738 = CARTESIAN_POINT ( 'NONE',  ( 23.43466761870038795, -13.89565009584741162, 3.500000000000003109 ) ) ;
#10739 = EDGE_CURVE ( 'NONE', #10750, #3078, #9528, .T. ) ;
#10740 = CARTESIAN_POINT ( 'NONE',  ( -9.199999999999995737, 10.60000000000000142, 2.000000000000000000 ) ) ;
#10741 = CARTESIAN_POINT ( 'NONE',  ( 26.58487589404966656, -11.70990819267467664, 3.500000000000003109 ) ) ;
#10742 = STYLED_ITEM ( 'NONE', ( #461 ), #5957 ) ;
#10743 = EDGE_LOOP ( 'NONE', ( #2242, #2872 ) ) ;
#10744 = VERTEX_POINT ( 'NONE', #608 ) ;
#10745 = DIRECTION ( 'NONE',  ( -1.000000000000000000, 0.000000000000000000, 0.000000000000000000 ) ) ;
#10746 = VERTEX_POINT ( 'NONE', #6069 ) ;
#10747 = LINE ( 'NONE', #5162, #9541 ) ;
#10748 = VERTEX_POINT ( 'NONE', #7087 ) ;
#10749 = DIRECTION ( 'NONE',  ( 0.000000000000000000, 0.000000000000000000, 1.000000000000000000 ) ) ;
#10750 = VERTEX_POINT ( 'NONE', #8890 ) ;
#10751 = EDGE_CURVE ( 'NONE', #3305, #9213, #1511, .T. ) ;
#10752 = ADVANCED_FACE ( 'NONE', ( #11599 ), #4341, .F. ) ;
#10753 = PLANE ( 'NONE',  #6668 ) ;
#10754 = CARTESIAN_POINT ( 'NONE',  ( -17.00000000000000000, -18.00000000000000355, 0.000000000000000000 ) ) ;
#10755 = CARTESIAN_POINT ( 'NONE',  ( -25.99999999999999289, -10.45000000000001172, 1.000000000000000888 ) ) ;
#10756 = VECTOR ( 'NONE', #8495, 1000.000000000000000 ) ;
#10757 = ORIENTED_EDGE ( 'NONE', *, *, #3775, .T. ) ;
#10758 = LINE ( 'NONE', #3179, #2396 ) ;
#10759 = LINE ( 'NONE', #7312, #6731 ) ;
#10760 = ORIENTED_EDGE ( 'NONE', *, *, #10232, .T. ) ;
#10761 = ORIENTED_EDGE ( 'NONE', *, *, #5768, .F. ) ;
#10762 = CARTESIAN_POINT ( 'NONE',  ( 23.75629145634233552, 7.218142710569450671, 6.808068238351443036 ) ) ;
#10763 = VECTOR ( 'NONE', #11166, 1000.000000000000000 ) ;
#10764 = ORIENTED_EDGE ( 'NONE', *, *, #7656, .F. ) ;
#10765 = ADVANCED_FACE ( 'NONE', ( #10693, #9777 ), #5172, .T. ) ;
#10766 = ADVANCED_FACE ( 'NONE', ( #2524 ), #3831, .T. ) ;
#10767 = DIRECTION ( 'NONE',  ( 0.000000000000000000, 0.7071067811865490160, 0.7071067811865460184 ) ) ;
#10768 = CYLINDRICAL_SURFACE ( 'NONE', #11855, 2.250000000000001776 ) ;
#10769 = ORIENTED_EDGE ( 'NONE', *, *, #2672, .F. ) ;
#10770 = VECTOR ( 'NONE', #2681, 1000.000000000000000 ) ;
#10771 = PLANE ( 'NONE',  #6975 ) ;
#10772 = PLANE ( 'NONE',  #8473 ) ;
#10773 = CARTESIAN_POINT ( 'NONE',  ( -11.02500000000000036, -10.45000000000000107, 10.09999999999999964 ) ) ;
#10774 = ORIENTED_EDGE ( 'NONE', *, *, #2733, .F. ) ;
#10775 = VERTEX_POINT ( 'NONE', #8686 ) ;
#10776 = LINE ( 'NONE', #7111, #2853 ) ;
#10777 = CIRCLE ( 'NONE', #7132, 1.100000000000003642 ) ;
#10778 = DIRECTION ( 'NONE',  ( -1.000000000000000000, 0.000000000000000000, 0.000000000000000000 ) ) ;
#10779 = PLANE ( 'NONE',  #10856 ) ;
#10780 = CARTESIAN_POINT ( 'NONE',  ( -28.24999999999999289, -10.45000000000001172, 1.000000000000000888 ) ) ;
#10781 = ORIENTED_EDGE ( 'NONE', *, *, #8421, .T. ) ;
#10782 = DIRECTION ( 'NONE',  ( 0.8416912655466750603, -0.5399590850262977471, 0.000000000000000000 ) ) ;
#10783 = FACE_BOUND ( 'NONE', #937, .T. ) ;
#10784 = ORIENTED_EDGE ( 'NONE', *, *, #10251, .T. ) ;
#10785 = CARTESIAN_POINT ( 'NONE',  ( -18.99999999999999645, 37.54999999999998295, 2.000000000000000000 ) ) ;
#10786 = LINE ( 'NONE', #2556, #10984 ) ;
#10787 = VECTOR ( 'NONE', #7319, 1000.000000000000114 ) ;
#10788 = CARTESIAN_POINT ( 'NONE',  ( 23.70155623165367231, -14.39028103454768548, 3.999999999999977351 ) ) ;
#10789 = ORIENTED_EDGE ( 'NONE', *, *, #2816, .F. ) ;
#10790 = CARTESIAN_POINT ( 'NONE',  ( 27.68072711015760845, -13.63887194676185111, 3.499999999999999556 ) ) ;
#10791 = DIRECTION ( 'NONE',  ( 0.000000000000000000, -1.000000000000000000, 0.000000000000000000 ) ) ;
#10792 = ORIENTED_EDGE ( 'NONE', *, *, #310, .T. ) ;
#10793 = FACE_BOUND ( 'NONE', #3931, .T. ) ;
#10794 = DIRECTION ( 'NONE',  ( 0.000000000000000000, -0.000000000000000000, -1.000000000000000000 ) ) ;
#10795 = AXIS2_PLACEMENT_3D ( 'NONE', #1851, #11907, #7257 ) ;
#10796 = CARTESIAN_POINT ( 'NONE',  ( 26.74281309998059442, -9.841444605523706812, 3.500000000000003109 ) ) ;
#10797 = DIRECTION ( 'NONE',  ( -1.000000000000000000, 0.000000000000000000, 0.000000000000000000 ) ) ;
#10798 = PLANE ( 'NONE',  #6750 ) ;
#10799 = PLANE ( 'NONE',  #11863 ) ;
#10800 = DIRECTION ( 'NONE',  ( 0.9793242484501297751, -0.2022968521692527222, 0.000000000000000000 ) ) ;
#10801 = ORIENTED_EDGE ( 'NONE', *, *, #10666, .T. ) ;
#10803 = DIRECTION ( 'NONE',  ( 0.000000000000000000, -1.000000000000000000, -0.000000000000000000 ) ) ;
#10802 = VECTOR ( 'NONE', #5331, 1000.000000000000000 ) ;
#10804 = VERTEX_POINT ( 'NONE', #4969 ) ;
#10805 = DIRECTION ( 'NONE',  ( 0.000000000000000000, 0.000000000000000000, 1.000000000000000000 ) ) ;
#10806 = EDGE_LOOP ( 'NONE', ( #9783, #7990, #7390, #5305 ) ) ;
#10807 = DIRECTION ( 'NONE',  ( 0.000000000000000000, -0.000000000000000000, -1.000000000000000000 ) ) ;
#10808 = ORIENTED_EDGE ( 'NONE', *, *, #3387, .F. ) ;
#10809 = B_SPLINE_SURFACE_WITH_KNOTS ( 'NONE', 3, 1, ( 
 ( #6506, #2896 ),
 ( #1273, #3750 ),
 ( #8369, #6565 ),
 ( #142, #3823 ),
 ( #10216, #5675 ),
 ( #1101, #8440 ),
 ( #3881, #7514 ),
 ( #11184, #4750 ),
 ( #955, #11905 ),
 ( #10064, #2803 ),
 ( #2863, #8959 ) ),
 .UNSPECIFIED., .F., .F., .F.,
 ( 4, 1, 1, 1, 1, 1, 1, 1, 4 ),
 ( 2, 2 ),
 ( 0.000000000000000000, 0.1267387867356629949, 0.2498543875258566471, 0.3711825332970606350, 0.4989513846819695342, 0.6267202360668776562, 0.7501017216641020502, 0.8720976360168712915, 1.000000000000000000 ),
 ( 0.000000000000000000, 1.000000000000000000 ),
 .UNSPECIFIED. ) ;
#10810 = ORIENTED_EDGE ( 'NONE', *, *, #3868, .F. ) ;
#10811 = EDGE_LOOP ( 'NONE', ( #3915, #5102, #6255, #878 ) ) ;
#10812 = EDGE_CURVE ( 'NONE', #4769, #10390, #11387, .T. ) ;
#10813 = CARTESIAN_POINT ( 'NONE',  ( 26.22850276640344447, -14.18564944945711304, 4.000000000000003553 ) ) ;
#10814 = FACE_OUTER_BOUND ( 'NONE', #5857, .T. ) ;
#10815 = VERTEX_POINT ( 'NONE', #9448 ) ;
#10816 = CARTESIAN_POINT ( 'NONE',  ( -25.99999999999999289, -10.45000000000001172, 1.000000000000000888 ) ) ;
#10817 = VERTEX_POINT ( 'NONE', #8628 ) ;
#10818 = CARTESIAN_POINT ( 'NONE',  ( 9.199999999999995737, -16.00000000000000355, -5.045565981523414401 ) ) ;
#10819 = EDGE_CURVE ( 'NONE', #4413, #10303, #2991, .T. ) ;
#10820 = CARTESIAN_POINT ( 'NONE',  ( 28.28893532140991596, -14.37881412144808557, 3.499999999999992895 ) ) ;
#10821 = LINE ( 'NONE', #1702, #2203 ) ;
#10822 = ORIENTED_EDGE ( 'NONE', *, *, #5634, .F. ) ;
#10823 = VERTEX_POINT ( 'NONE', #9348 ) ;
#10824 = CARTESIAN_POINT ( 'NONE',  ( 16.99999999999999645, -17.99999999999999289, 5.000000000000000000 ) ) ;
#10825 = DIRECTION ( 'NONE',  ( 0.000000000000000000, 0.000000000000000000, 1.000000000000000000 ) ) ;
#10826 = EDGE_CURVE ( 'NONE', #10336, #8125, #7727, .T. ) ;
#10827 = VERTEX_POINT ( 'NONE', #3159 ) ;
#10828 = CIRCLE ( 'NONE', #11804, 0.9749999999999993117 ) ;
#10829 = CARTESIAN_POINT ( 'NONE',  ( 24.71794871794871185, -18.00000000000000000, 3.499999999999999556 ) ) ;
#10830 = CARTESIAN_POINT ( 'NONE',  ( -28.79999999999999361, -1.007296098383866039E-14, 2.000000000000000000 ) ) ;
#10831 = CARTESIAN_POINT ( 'NONE',  ( 25.99999999999999289, 7.050000000000004263, 5.999999999999998224 ) ) ;
#10832 = CARTESIAN_POINT ( 'NONE',  ( -84.99999999999998579, -18.00000000000001421, 1.734723475976807094E-15 ) ) ;
#10833 = VERTEX_POINT ( 'NONE', #10481 ) ;
#10834 = CARTESIAN_POINT ( 'NONE',  ( 14.99999999999999645, -18.00000000000000000, 10.09999999999999964 ) ) ;
#10835 = EDGE_CURVE ( 'NONE', #5473, #1503, #3043, .T. ) ;
#10836 = FACE_BOUND ( 'NONE', #10426, .T. ) ;
#10837 = ORIENTED_EDGE ( 'NONE', *, *, #3093, .F. ) ;
#10838 = CARTESIAN_POINT ( 'NONE',  ( 3.079999999999985416, 19.99999999999999645, 0.5000000000000004441 ) ) ;
#10839 = AXIS2_PLACEMENT_3D ( 'NONE', #1554, #774, #3411 ) ;
#10840 = CARTESIAN_POINT ( 'NONE',  ( 23.75629145634233552, 7.218142710569450671, 5.999999999999998224 ) ) ;
#10841 = VECTOR ( 'NONE', #8646, 1000.000000000000000 ) ;
#10842 = EDGE_CURVE ( 'NONE', #11148, #532, #5711, .T. ) ;
#10843 = DIRECTION ( 'NONE',  ( 1.000000000000000000, 0.000000000000000000, 0.000000000000000000 ) ) ;
#10844 = CARTESIAN_POINT ( 'NONE',  ( 23.51627179814065727, -14.11107845823598872, 3.499999999999999556 ) ) ;
#10845 = CARTESIAN_POINT ( 'NONE',  ( 48.29999999999999005, -13.45000000000001350, 1.999999999999999112 ) ) ;
#10846 = VECTOR ( 'NONE', #3559, 1000.000000000000000 ) ;
#10847 = DIRECTION ( 'NONE',  ( -1.000000000000000000, 0.000000000000000000, 0.000000000000000000 ) ) ;
#10848 = VECTOR ( 'NONE', #7572, 1000.000000000000000 ) ;
#10849 = DIRECTION ( 'NONE',  ( -1.000000000000000000, 0.000000000000000000, 0.000000000000000000 ) ) ;
#10850 = CARTESIAN_POINT ( 'NONE',  ( 25.35897435897435059, -4.891742202505601433, 3.499999999999999556 ) ) ;
#10851 = FACE_OUTER_BOUND ( 'NONE', #4996, .T. ) ;
#10852 = CARTESIAN_POINT ( 'NONE',  ( -16.99999999999999645, 12.51922359359556403, 1.000000000000000888 ) ) ;
#10853 = LINE ( 'NONE', #1789, #5807 ) ;
#10854 = ADVANCED_FACE ( 'NONE', ( #2148 ), #5820, .F. ) ;
#10855 = DIRECTION ( 'NONE',  ( 0.000000000000000000, 0.000000000000000000, -1.000000000000000000 ) ) ;
#10856 = AXIS2_PLACEMENT_3D ( 'NONE', #2550, #6209, #1348 ) ;
#10857 = CARTESIAN_POINT ( 'NONE',  ( 24.28774043589985965, -7.048779735183975603, 4.000000000000000000 ) ) ;
#10858 = ORIENTED_EDGE ( 'NONE', *, *, #654, .F. ) ;
#10859 = LINE ( 'NONE', #2628, #6273 ) ;
#10860 = CARTESIAN_POINT ( 'NONE',  ( 0.000000000000000000, 41.99999999999999289, 0.000000000000000000 ) ) ;
#10861 = ORIENTED_EDGE ( 'NONE', *, *, #6267, .T. ) ;
#10862 = CARTESIAN_POINT ( 'NONE',  ( 12.00000000000000000, 9.549999999999998934, -4.999999999999999112 ) ) ;
#10863 = DIRECTION ( 'NONE',  ( -0.000000000000000000, -0.000000000000000000, -1.000000000000000000 ) ) ;
#10864 = VECTOR ( 'NONE', #17, 1000.000000000000000 ) ;
#10865 = CARTESIAN_POINT ( 'NONE',  ( 27.68072711015760845, -13.63887194676185111, 4.000000000000000000 ) ) ;
#10866 = CARTESIAN_POINT ( 'NONE',  ( 25.95092147435896734, -11.68661399737739792, 4.000000000000003553 ) ) ;
#10867 = B_SPLINE_CURVE_WITH_KNOTS ( 'NONE', 3,
 ( #7854, #11526, #9451, #7674, #11341, #5875, #6942, #6054, #8632, #411, #7731 ),
 .UNSPECIFIED., .F., .F.,
 ( 4, 1, 1, 1, 1, 1, 1, 1, 4 ),
 ( 0.000000000000000000, 0.1103603399843300775, 0.2211857967812662640, 0.3343638213725839137, 0.4529765798274150712, 0.5772343082002672210, 0.7088043240432445602, 0.8493551270704492451, 1.000000000000000000 ),
 .UNSPECIFIED. ) ;
#10868 = LINE ( 'NONE', #9958, #9801 ) ;
#10869 = ORIENTED_EDGE ( 'NONE', *, *, #5611, .T. ) ;
#10870 = DIRECTION ( 'NONE',  ( 0.000000000000000000, 0.000000000000000000, 1.000000000000000000 ) ) ;
#10871 = EDGE_CURVE ( 'NONE', #9016, #5461, #4808, .T. ) ;
#10872 = VERTEX_POINT ( 'NONE', #288 ) ;
#10873 = CARTESIAN_POINT ( 'NONE',  ( 26.87222928682669476, -15.03369084248655341, 3.500000000000003109 ) ) ;
#10874 = CIRCLE ( 'NONE', #2428, 0.9499999999999995115 ) ;
#10875 = VECTOR ( 'NONE', #3307, 1000.000000000000000 ) ;
#10876 = FACE_OUTER_BOUND ( 'NONE', #11658, .T. ) ;
#10877 = ORIENTED_EDGE ( 'NONE', *, *, #2482, .T. ) ;
#10878 = ADVANCED_FACE ( 'NONE', ( #8575 ), #4002, .F. ) ;
#10879 = CIRCLE ( 'NONE', #11858, 0.9749999999999993117 ) ;
#10880 = ORIENTED_EDGE ( 'NONE', *, *, #3261, .F. ) ;
#10881 = CARTESIAN_POINT ( 'NONE',  ( 24.53318623672983634, -13.88971113978479188, 3.500000000000010214 ) ) ;
#10882 = DIRECTION ( 'NONE',  ( 0.000000000000000000, -0.000000000000000000, -1.000000000000000000 ) ) ;
#10883 = VECTOR ( 'NONE', #4508, 1000.000000000000000 ) ;
#10884 = ORIENTED_EDGE ( 'NONE', *, *, #9141, .F. ) ;
#10885 = ADVANCED_FACE ( 'NONE', ( #5064 ), #11319, .F. ) ;
#10886 = ORIENTED_EDGE ( 'NONE', *, *, #9359, .T. ) ;
#10887 = CARTESIAN_POINT ( 'NONE',  ( 24.30136102071944038, -11.95026625060989289, 3.499999999999996003 ) ) ;
#10888 = CARTESIAN_POINT ( 'NONE',  ( 24.28744433202244934, -6.133349063903775544, 3.500000000000003109 ) ) ;
#10889 = DIRECTION ( 'NONE',  ( 0.000000000000000000, 0.000000000000000000, 1.000000000000000000 ) ) ;
#10890 = DIRECTION ( 'NONE',  ( -0.000000000000000000, -0.000000000000000000, 1.000000000000000000 ) ) ;
#10891 = AXIS2_PLACEMENT_3D ( 'NONE', #6419, #10930, #2640 ) ;
#10892 = VECTOR ( 'NONE', #7240, 1000.000000000000000 ) ;
#10893 = EDGE_CURVE ( 'NONE', #6776, #78, #4948, .T. ) ;
#10894 = EDGE_CURVE ( 'NONE', #7268, #1115, #3077, .T. ) ;
#10895 = EDGE_CURVE ( 'NONE', #911, #9417, #11254, .T. ) ;
#10896 = CARTESIAN_POINT ( 'NONE',  ( -34.56999999999999318, 7.049999999999990052, 2.000000000000000000 ) ) ;
#10897 = CARTESIAN_POINT ( 'NONE',  ( 28.72717802865892267, 8.300000000000006040, 1.600000000000000755 ) ) ;
#10898 = DIRECTION ( 'NONE',  ( 0.000000000000000000, 0.000000000000000000, 1.000000000000000000 ) ) ;
#10899 = LINE ( 'NONE', #6333, #8957 ) ;
#10900 = B_SPLINE_SURFACE_WITH_KNOTS ( 'NONE', 3, 1, ( 
 ( #10517, #1455 ),
 ( #9483, #4235 ),
 ( #2232, #4117 ),
 ( #1282, #8606 ),
 ( #2125, #4060 ),
 ( #11491, #5797 ),
 ( #7701, #3263 ),
 ( #6789, #2293 ),
 ( #11427, #5125 ),
 ( #6852, #5062 ),
 ( #7886, #10578 ),
 ( #9663, #8785 ),
 ( #11551, #1223 ),
 ( #3454, #8133 ),
 ( #7163, #6257 ),
 ( #8846, #7037 ),
 ( #630, #9024 ),
 ( #809, #6317 ),
 ( #4476, #11809 ) ),
 .UNSPECIFIED., .F., .F., .F.,
 ( 4, 1, 1, 1, 1, 1, 1, 1, 1, 1, 1, 1, 1, 1, 1, 1, 4 ),
 ( 2, 2 ),
 ( 0.000000000000000000, 0.06675771127909896352, 0.1317324785734523274, 0.1948167910261856262, 0.2570269751173338002, 0.3187274376799381637, 0.3803299566842557877, 0.4433052533380151816, 0.5074457357281491054, 0.5714909223970686680, 0.6333486697152077571, 0.6939309794721830738, 0.7539203747855203197, 0.8137951195537000970, 0.8745193245299817120, 0.9362197870925862420, 1.000000000000000000 ),
 ( 0.000000000000000000, 1.000000000000000000 ),
 .UNSPECIFIED. ) ;
#10901 = CARTESIAN_POINT ( 'NONE',  ( 28.61255792861496516, -13.62495953093910828, 3.999999999999994671 ) ) ;
#10902 = AXIS2_PLACEMENT_3D ( 'NONE', #7728, #8577, #10308 ) ;
#10903 = ORIENTED_EDGE ( 'NONE', *, *, #2123, .T. ) ;
#10904 = CARTESIAN_POINT ( 'NONE',  ( 26.44628008407043396, -14.17400326296735358, 4.000000000000003553 ) ) ;
#10905 = ORIENTED_EDGE ( 'NONE', *, *, #10047, .F. ) ;
#10906 = CARTESIAN_POINT ( 'NONE',  ( 23.51627179814065727, -14.11107845823598872, 4.000000000000000000 ) ) ;
#10907 = CARTESIAN_POINT ( 'NONE',  ( 24.52564102564101844, -18.00000000000000000, 3.499999999999999556 ) ) ;
#10908 = ADVANCED_FACE ( 'NONE', ( #383 ), #10341, .F. ) ;
#10909 = CARTESIAN_POINT ( 'NONE',  ( 23.80641219759089111, 6.549327898598286346, 3.599999999999999201 ) ) ;
#10910 = DIRECTION ( 'NONE',  ( -1.000000000000000000, -1.445602896647339410E-16, 0.000000000000000000 ) ) ;
#10911 = AXIS2_PLACEMENT_3D ( 'NONE', #1083, #2103, #2752 ) ;
#10912 = LINE ( 'NONE', #830, #7906 ) ;
#10913 = LINE ( 'NONE', #1620, #8586 ) ;
#10914 = CARTESIAN_POINT ( 'NONE',  ( -80.89999999999999147, -10.45000000000001528, -3.111269837220808299 ) ) ;
#10915 = ORIENTED_EDGE ( 'NONE', *, *, #4520, .T. ) ;
#10916 = CARTESIAN_POINT ( 'NONE',  ( -76.02999999999998693, 11.39999999999998259, 0.4500000000000025091 ) ) ;
#10917 = EDGE_LOOP ( 'NONE', ( #4470, #7667, #6352, #801 ) ) ;
#10918 = LINE ( 'NONE', #7918, #1525 ) ;
#10919 = CIRCLE ( 'NONE', #5371, 2.999999999999999112 ) ;
#10920 = ORIENTED_EDGE ( 'NONE', *, *, #446, .F. ) ;
#10921 = CARTESIAN_POINT ( 'NONE',  ( -47.74999999999998579, 9.549999999999988276, 2.000000000000000000 ) ) ;
#10922 = ORIENTED_EDGE ( 'NONE', *, *, #7898, .T. ) ;
#10923 = CARTESIAN_POINT ( 'NONE',  ( -18.99999999999999645, -10.45000000000001172, 1.734723475976807094E-15 ) ) ;
#10924 = CARTESIAN_POINT ( 'NONE',  ( -17.89999999999999503, -10.45000000000001172, 1.734723475976807094E-15 ) ) ;
#10925 = EDGE_CURVE ( 'NONE', #11688, #8757, #5078, .T. ) ;
#10926 = ORIENTED_EDGE ( 'NONE', *, *, #7289, .T. ) ;
#10927 = CIRCLE ( 'NONE', #11509, 2.624999999999998668 ) ;
#10928 = CARTESIAN_POINT ( 'NONE',  ( 27.94811698717947834, -12.09727104865944725, 3.500000000000003109 ) ) ;
#10929 = EDGE_LOOP ( 'NONE', ( #4604, #9834, #8831, #3303 ) ) ;
#10930 = DIRECTION ( 'NONE',  ( 0.000000000000000000, 0.000000000000000000, 1.000000000000000000 ) ) ;
#10931 = ORIENTED_EDGE ( 'NONE', *, *, #6427, .T. ) ;
#10932 = CARTESIAN_POINT ( 'NONE',  ( 25.31780315583744567, -12.61428960847457859, 4.000000000000004441 ) ) ;
#10933 = VECTOR ( 'NONE', #7940, 1000.000000000000000 ) ;
#10934 = DIRECTION ( 'NONE',  ( 1.000000000000000000, -0.000000000000000000, -0.000000000000000000 ) ) ;
#10935 = LINE ( 'NONE', #2702, #5679 ) ;
#10936 = ORIENTED_EDGE ( 'NONE', *, *, #10458, .F. ) ;
#10937 = ORIENTED_EDGE ( 'NONE', *, *, #3249, .F. ) ;
#10938 = DIRECTION ( 'NONE',  ( 1.000000000000000000, 0.000000000000000000, 0.000000000000000000 ) ) ;
#10939 = CIRCLE ( 'NONE', #1751, 2.250000000000001776 ) ;
#10940 = ORIENTED_EDGE ( 'NONE', *, *, #6125, .F. ) ;
#10941 = DIRECTION ( 'NONE',  ( -0.000000000000000000, 0.000000000000000000, 1.000000000000000000 ) ) ;
#10942 = LINE ( 'NONE', #6078, #4949 ) ;
#10943 = EDGE_CURVE ( 'NONE', #3706, #5053, #9135, .T. ) ;
#10944 = EDGE_CURVE ( 'NONE', #686, #8388, #268, .T. ) ;
#10945 = VERTEX_POINT ( 'NONE', #5904 ) ;
#10946 = CARTESIAN_POINT ( 'NONE',  ( 24.18003271648493424, -12.00994218814738623, 3.499999999999999556 ) ) ;
#10947 = DIRECTION ( 'NONE',  ( 0.000000000000000000, 0.000000000000000000, 1.000000000000000000 ) ) ;
#10948 = DIRECTION ( 'NONE',  ( -0.7071067811865525687, 0.000000000000000000, -0.7071067811865424657 ) ) ;
#10949 = AXIS2_PLACEMENT_3D ( 'NONE', #5375, #2652, #6316 ) ;
#10950 = ADVANCED_FACE ( 'NONE', ( #10457 ), #6914, .F. ) ;
#10951 = CARTESIAN_POINT ( 'NONE',  ( 25.87179487179486159, -9.462054702505605874, 3.500000000000003109 ) ) ;
#10952 = DIRECTION ( 'NONE',  ( -0.000000000000000000, -0.000000000000000000, -1.000000000000000000 ) ) ;
#10953 = VERTEX_POINT ( 'NONE', #8661 ) ;
#10954 = FACE_OUTER_BOUND ( 'NONE', #9963, .T. ) ;
#10955 = PLANE ( 'NONE',  #11515 ) ;
#10956 = CARTESIAN_POINT ( 'NONE',  ( -17.89999999999999503, 13.54999999999998828, 1.000000000000002665 ) ) ;
#10957 = VECTOR ( 'NONE', #3108, 1000.000000000000000 ) ;
#10958 = ADVANCED_FACE ( 'NONE', ( #5967 ), #4689, .T. ) ;
#10959 = ADVANCED_FACE ( 'NONE', ( #8578 ), #1371, .F. ) ;
#10960 = CARTESIAN_POINT ( 'NONE',  ( 27.72730271446992845, -13.47760009860552266, 3.500000000000013323 ) ) ;
#10961 = CARTESIAN_POINT ( 'NONE',  ( 3.079999999999985416, 19.99999999999999645, 0.5000000000000004441 ) ) ;
#10962 = VERTEX_POINT ( 'NONE', #11524 ) ;
#10963 = CARTESIAN_POINT ( 'NONE',  ( 23.47244425632543852, -14.00578707242953236, 3.999999999999996447 ) ) ;
#10964 = DIRECTION ( 'NONE',  ( -1.000000000000000000, -0.000000000000000000, -0.000000000000000000 ) ) ;
#10965 = CARTESIAN_POINT ( 'NONE',  ( -76.02999999999998693, 11.39999999999998614, 0.4500000000000025091 ) ) ;
#10966 = CARTESIAN_POINT ( 'NONE',  ( 16.99999999999999645, -15.00000000000000355, 2.500000000000000444 ) ) ;
#10967 = AXIS2_PLACEMENT_3D ( 'NONE', #6721, #10265, #1263 ) ;
#10968 = ORIENTED_EDGE ( 'NONE', *, *, #9585, .F. ) ;
#10969 = DIRECTION ( 'NONE',  ( 0.000000000000000000, 1.000000000000000000, 0.000000000000000000 ) ) ;
#10970 = CARTESIAN_POINT ( 'NONE',  ( 27.94811698717947834, -12.09727104865944725, 3.500000000000003109 ) ) ;
#10971 = ORIENTED_EDGE ( 'NONE', *, *, #5354, .T. ) ;
#10972 = ORIENTED_EDGE ( 'NONE', *, *, #4157, .F. ) ;
#10973 = EDGE_CURVE ( 'NONE', #7863, #8466, #11340, .T. ) ;
#10974 = CARTESIAN_POINT ( 'NONE',  ( 23.75567833011029606, -10.43684224632948698, 3.499999999999992895 ) ) ;
#10975 = VECTOR ( 'NONE', #10969, 1000.000000000000000 ) ;
#10976 = CARTESIAN_POINT ( 'NONE',  ( -57.99999999999999289, 9.549999999999984723, -3.111269837220808299 ) ) ;
#10977 = VERTEX_POINT ( 'NONE', #8688 ) ;
#10978 = CARTESIAN_POINT ( 'NONE',  ( -83.09999999999999432, 9.549999999999984723, 3.100000000000001865 ) ) ;
#10979 = CARTESIAN_POINT ( 'NONE',  ( 26.72858823781824711, -9.247278786444555365, 4.000000000000000000 ) ) ;
#10980 = DIRECTION ( 'NONE',  ( -1.000000000000000000, 0.000000000000000000, 0.000000000000000000 ) ) ;
#10981 = DIRECTION ( 'NONE',  ( -0.000000000000000000, 0.000000000000000000, 1.000000000000000000 ) ) ;
#10982 = CARTESIAN_POINT ( 'NONE',  ( 26.58487589404966656, -11.70990819267467664, 4.000000000000003553 ) ) ;
#10983 = EDGE_CURVE ( 'NONE', #9293, #911, #6762, .T. ) ;
#10984 = VECTOR ( 'NONE', #2665, 1000.000000000000000 ) ;
#10985 = CARTESIAN_POINT ( 'NONE',  ( -25.99999999999999289, 9.549999999999988276, -6.211269837220810608 ) ) ;
#10986 = DIRECTION ( 'NONE',  ( 0.7518135438622641775, -0.6593757618120817954, 0.000000000000000000 ) ) ;
#10987 = ORIENTED_EDGE ( 'NONE', *, *, #9799, .T. ) ;
#10988 = VERTEX_POINT ( 'NONE', #3224 ) ;
#10989 = CARTESIAN_POINT ( 'NONE',  ( 24.27044742651547438, -13.36321723404878803, 4.000000000000015099 ) ) ;
#10990 = ADVANCED_FACE ( 'NONE', ( #6052 ), #529, .F. ) ;
#10991 = PLANE ( 'NONE',  #10911 ) ;
#10992 = FACE_OUTER_BOUND ( 'NONE', #5717, .T. ) ;
#10993 = CARTESIAN_POINT ( 'NONE',  ( 5.199999999999996625, 10.60000000000000142, 3.500000000000000000 ) ) ;
#10994 = ORIENTED_EDGE ( 'NONE', *, *, #5553, .T. ) ;
#10995 = ORIENTED_EDGE ( 'NONE', *, *, #10369, .T. ) ;
#10996 = CARTESIAN_POINT ( 'NONE',  ( 16.99999999999999645, -5.999999999999992006, 1.550000000000000044 ) ) ;
#10997 = ADVANCED_FACE ( 'NONE', ( #8996 ), #7245, .F. ) ;
#10998 = ORIENTED_EDGE ( 'NONE', *, *, #1182, .T. ) ;
#10999 = ORIENTED_EDGE ( 'NONE', *, *, #10538, .F. ) ;
#11000 = VERTEX_POINT ( 'NONE', #3591 ) ;
#11001 = FACE_OUTER_BOUND ( 'NONE', #9704, .T. ) ;
#11002 = CARTESIAN_POINT ( 'NONE',  ( 25.72556089743588359, -8.116902458915859597, 3.499999999999999556 ) ) ;
#11003 = CARTESIAN_POINT ( 'NONE',  ( 22.99999999999999289, 7.050000000000004263, 1.799999999999999600 ) ) ;
#11004 = DIRECTION ( 'NONE',  ( 1.000000000000000000, 0.000000000000000000, 0.000000000000000000 ) ) ;
#11005 = CARTESIAN_POINT ( 'NONE',  ( -14.99999999999999645, -18.00000000000000000, 2.000000000000000000 ) ) ;
#11006 = VERTEX_POINT ( 'NONE', #7910 ) ;
#11007 = CARTESIAN_POINT ( 'NONE',  ( 24.52564102564101844, -18.00000000000000000, 3.499999999999999556 ) ) ;
#11008 = B_SPLINE_CURVE_WITH_KNOTS ( 'NONE', 3,
 ( #7188, #8999, #6291, #10741, #8816, #7980, #11777, #11587, #594, #3537, #5287 ),
 .UNSPECIFIED., .F., .F.,
 ( 4, 1, 1, 1, 1, 1, 1, 1, 4 ),
 ( 0.000000000000000000, 0.1610658343667284997, 0.3107786020643439340, 0.4498890489726596331, 0.5782757976059885729, 0.6966271750068687707, 0.8059936940939381733, 0.9065647718062156413, 1.000000000000000000 ),
 .UNSPECIFIED. ) ;
#11009 = LINE ( 'NONE', #986, #8077 ) ;
#11010 = DIRECTION ( 'NONE',  ( -0.1026289084637298232, 0.9947197128576186209, 0.000000000000000000 ) ) ;
#11011 = CIRCLE ( 'NONE', #5462, 0.9499999999999995115 ) ;
#11012 = CARTESIAN_POINT ( 'NONE',  ( 28.56286405820672414, -13.86316541404170444, 3.499999999999999556 ) ) ;
#11013 = CARTESIAN_POINT ( 'NONE',  ( 25.99999999999999289, 7.050000000000004263, 5.999999999999998224 ) ) ;
#11014 =( NAMED_UNIT ( * ) PLANE_ANGLE_UNIT ( ) SI_UNIT ( $, .RADIAN. ) );
#11015 = VERTEX_POINT ( 'NONE', #9761 ) ;
#11016 = ORIENTED_EDGE ( 'NONE', *, *, #6335, .F. ) ;
#11017 = FACE_OUTER_BOUND ( 'NONE', #4891, .T. ) ;
#11018 = CARTESIAN_POINT ( 'NONE',  ( 24.91095812013233157, -10.13651612217020670, 3.999999999999996447 ) ) ;
#11019 = ORIENTED_EDGE ( 'NONE', *, *, #9272, .T. ) ;
#11020 = AXIS2_PLACEMENT_3D ( 'NONE', #3894, #5958, #6966 ) ;
#11021 = CARTESIAN_POINT ( 'NONE',  ( 6.512994231491118668, -5.999999999999992006, 3.449999999999999734 ) ) ;
#11022 = AXIS2_PLACEMENT_3D ( 'NONE', #2110, #7563, #11303 ) ;
#11023 = DIRECTION ( 'NONE',  ( 0.000000000000000000, -1.000000000000000000, 0.000000000000000000 ) ) ;
#11024 = CYLINDRICAL_SURFACE ( 'NONE', #9287, 1.100000000000003642 ) ;
#11025 = EDGE_CURVE ( 'NONE', #11225, #7998, #8875, .T. ) ;
#11026 = DIRECTION ( 'NONE',  ( 1.000000000000000000, 0.000000000000000000, 0.000000000000000000 ) ) ;
#11027 = PLANE ( 'NONE',  #736 ) ;
#11028 = FACE_OUTER_BOUND ( 'NONE', #1097, .T. ) ;
#11029 = VECTOR ( 'NONE', #6080, 1000.000000000000000 ) ;
#11030 = EDGE_LOOP ( 'NONE', ( #4515, #10801, #9600, #3499 ) ) ;
#11031 = CARTESIAN_POINT ( 'NONE',  ( 28.72717802865892267, 5.800000000000003375, 1.600000000000000755 ) ) ;
#11032 = CARTESIAN_POINT ( 'NONE',  ( -76.02999999999998693, 11.39999999999998614, 1.734723475976807094E-15 ) ) ;
#11033 = AXIS2_PLACEMENT_3D ( 'NONE', #7291, #7180, #10042 ) ;
#11034 = DIRECTION ( 'NONE',  ( -0.000000000000000000, -0.000000000000000000, -1.000000000000000000 ) ) ;
#11035 = ORIENTED_EDGE ( 'NONE', *, *, #2748, .F. ) ;
#11036 = EDGE_LOOP ( 'NONE', ( #11462, #11439, #153, #6012 ) ) ;
#11037 = VERTEX_POINT ( 'NONE', #6229 ) ;
#11038 = DIRECTION ( 'NONE',  ( 0.4755495828655363355, -0.8796889190142241910, 0.000000000000000000 ) ) ;
#11039 = DIRECTION ( 'NONE',  ( 1.000000000000000000, 0.000000000000000000, 0.000000000000000000 ) ) ;
#11040 = CARTESIAN_POINT ( 'NONE',  ( 23.54411256769809313, 6.123046969980906695, 6.814029407017137885 ) ) ;
#11041 = DIRECTION ( 'NONE',  ( 0.000000000000000000, 0.000000000000000000, 1.000000000000000000 ) ) ;
#11042 = EDGE_CURVE ( 'NONE', #7649, #5633, #4191, .T. ) ;
#11043 = EDGE_CURVE ( 'NONE', #10166, #790, #10913, .T. ) ;
#11044 = AXIS2_PLACEMENT_3D ( 'NONE', #1535, #6918, #8851 ) ;
#11045 = CARTESIAN_POINT ( 'NONE',  ( 23.43589743589742724, -6.590460151223551222, 3.999999999999996447 ) ) ;
#11046 = ORIENTED_EDGE ( 'NONE', *, *, #7482, .F. ) ;
#11047 = CARTESIAN_POINT ( 'NONE',  ( 27.26747013064311531, 8.909037242211006458, 6.767750931287848104 ) ) ;
#11048 = CARTESIAN_POINT ( 'NONE',  ( 24.52564102564101844, -6.590460151223551222, 3.500000000000003109 ) ) ;
#11049 = VERTEX_POINT ( 'NONE', #4385 ) ;
#11050 = CARTESIAN_POINT ( 'NONE',  ( 39.19999999999998863, -10.44999999999999751, 2.000000000000001776 ) ) ;
#11051 = MECHANICAL_DESIGN_GEOMETRIC_PRESENTATION_REPRESENTATION (  '', ( #4740 ), #4168 ) ;
#11052 = EDGE_CURVE ( 'NONE', #9864, #9066, #8043, .T. ) ;
#11053 = CARTESIAN_POINT ( 'NONE',  ( 28.45588743230190687, 6.123046969980942222, 3.599999999999999201 ) ) ;
#11054 = CARTESIAN_POINT ( 'NONE',  ( 47.19999999999998863, -1.450000000000013722, -1.734723475976807094E-15 ) ) ;
#11055 = LINE ( 'NONE', #11118, #2046 ) ;
#11056 = ADVANCED_FACE ( 'NONE', ( #7134 ), #10799, .T. ) ;
#11057 = CARTESIAN_POINT ( 'NONE',  ( 25.08052884615383959, -10.14815245891586137, 4.000000000000003553 ) ) ;
#11058 = ORIENTED_EDGE ( 'NONE', *, *, #628, .T. ) ;
#11059 = CARTESIAN_POINT ( 'NONE',  ( -16.99999999999999645, 24.51922359359556935, -5.363961030678932040 ) ) ;
#11060 = CARTESIAN_POINT ( 'NONE',  ( 23.43777264554763917, -6.554197172767505464, 3.999999999999996447 ) ) ;
#11061 = AXIS2_PLACEMENT_3D ( 'NONE', #2132, #5804, #1230 ) ;
#11062 = ORIENTED_EDGE ( 'NONE', *, *, #10329, .F. ) ;
#11063 = ORIENTED_EDGE ( 'NONE', *, *, #3851, .F. ) ;
#11064 = ORIENTED_EDGE ( 'NONE', *, *, #3323, .F. ) ;
#11065 = CARTESIAN_POINT ( 'NONE',  ( 25.91719110171516860, -15.08357237481681601, 3.999999999999970690 ) ) ;
#11066 = VECTOR ( 'NONE', #2922, 1000.000000000000000 ) ;
#11067 = CARTESIAN_POINT ( 'NONE',  ( 39.19999999999998863, -3.994306305069704965, 3.499999999999999556 ) ) ;
#11068 = CARTESIAN_POINT ( 'NONE',  ( 47.19999999999998863, 22.54999999999998650, -1.734723475976807094E-15 ) ) ;
#11069 = DIRECTION ( 'NONE',  ( -1.000000000000000000, 0.000000000000000000, 0.000000000000000000 ) ) ;
#11070 = AXIS2_PLACEMENT_3D ( 'NONE', #11174, #2107, #6663 ) ;
#11071 = ORIENTED_EDGE ( 'NONE', *, *, #9536, .T. ) ;
#11072 = LINE ( 'NONE', #6569, #8305 ) ;
#11073 = CARTESIAN_POINT ( 'NONE',  ( -23.74999999999998934, -10.45000000000001172, 2.000000000000000000 ) ) ;
#11074 = DIRECTION ( 'NONE',  ( 0.000000000000000000, 0.000000000000000000, 1.000000000000000000 ) ) ;
#11075 = VERTEX_POINT ( 'NONE', #1003 ) ;
#11076 = VECTOR ( 'NONE', #9952, 1000.000000000000000 ) ;
#11077 = AXIS2_PLACEMENT_3D ( 'NONE', #94, #9150, #6584 ) ;
#11078 = DIRECTION ( 'NONE',  ( 0.1026289084637157095, 0.9947197128576201752, 0.000000000000000000 ) ) ;
#11079 = ORIENTED_EDGE ( 'NONE', *, *, #1709, .F. ) ;
#11080 = DIRECTION ( 'NONE',  ( -1.000000000000000000, 0.000000000000000000, 0.000000000000000000 ) ) ;
#11081 = CARTESIAN_POINT ( 'NONE',  ( -15.00000000000001066, 18.00000000000000000, 0.000000000000000000 ) ) ;
#11082 = ORIENTED_EDGE ( 'NONE', *, *, #7349, .T. ) ;
#11083 = DIRECTION ( 'NONE',  ( -1.156482317317871971E-16, 1.000000000000000000, -0.000000000000000000 ) ) ;
#11084 = LINE ( 'NONE', #6522, #11126 ) ;
#11085 = EDGE_CURVE ( 'NONE', #2684, #2315, #1058, .T. ) ;
#11086 = ORIENTED_EDGE ( 'NONE', *, *, #9285, .T. ) ;
#11087 = LINE ( 'NONE', #2009, #4288 ) ;
#11088 = VECTOR ( 'NONE', #5942, 1000.000000000000114 ) ;
#11089 = CARTESIAN_POINT ( 'NONE',  ( 26.03436018837477306, 4.425224890118236054, 3.599999999999999201 ) ) ;
#11090 = CARTESIAN_POINT ( 'NONE',  ( 25.17083239041450327, -14.12707046254419474, 4.000000000000007105 ) ) ;
#11091 = ORIENTED_EDGE ( 'NONE', *, *, #1352, .T. ) ;
#11092 = ORIENTED_EDGE ( 'NONE', *, *, #7119, .F. ) ;
#11093 = CARTESIAN_POINT ( 'NONE',  ( 9.199999999999995737, 10.60000000000000142, 3.500000000000000000 ) ) ;
#11094 = DIRECTION ( 'NONE',  ( 0.000000000000000000, -0.000000000000000000, -1.000000000000000000 ) ) ;
#11095 = CARTESIAN_POINT ( 'NONE',  ( 12.99999999999999645, 41.99999999999999289, 0.000000000000000000 ) ) ;
#11096 = ORIENTED_EDGE ( 'NONE', *, *, #6268, .F. ) ;
#11097 = ADVANCED_FACE ( 'NONE', ( #2791 ), #7232, .T. ) ;
#11098 = ORIENTED_EDGE ( 'NONE', *, *, #5479, .T. ) ;
#11099 = CARTESIAN_POINT ( 'NONE',  ( 26.72115384615383959, -9.220668484556886924, 4.000000000000000000 ) ) ;
#11100 = VECTOR ( 'NONE', #4332, 1000.000000000000000 ) ;
#11101 = PLANE ( 'NONE',  #6617 ) ;
#11102 = CYLINDRICAL_SURFACE ( 'NONE', #2063, 1.100000000000000311 ) ;
#11103 = CARTESIAN_POINT ( 'NONE',  ( 9.039999999999995595, 9.039999999999999147, 2.000000000000000000 ) ) ;
#11104 = ADVANCED_FACE ( 'NONE', ( #5453 ), #11027, .F. ) ;
#11105 = DIRECTION ( 'NONE',  ( 1.000000000000000000, -0.000000000000000000, -0.000000000000000000 ) ) ;
#11106 = ORIENTED_EDGE ( 'NONE', *, *, #8474, .F. ) ;
#11107 = CARTESIAN_POINT ( 'NONE',  ( 5.199999999999996625, 11.60000000000000320, 3.500000000000000000 ) ) ;
#11108 = VERTEX_POINT ( 'NONE', #7296 ) ;
#11109 = VERTEX_POINT ( 'NONE', #5514 ) ;
#11110 = CIRCLE ( 'NONE', #5144, 2.250000000000001776 ) ;
#11111 = CARTESIAN_POINT ( 'NONE',  ( 25.14440310541229806, -12.63742412083425215, 4.000000000000024869 ) ) ;
#11112 = LINE ( 'NONE', #10137, #3629 ) ;
#11113 = EDGE_CURVE ( 'NONE', #10746, #1908, #8392, .T. ) ;
#11114 = EDGE_CURVE ( 'NONE', #6193, #10988, #5581, .T. ) ;
#11115 = CARTESIAN_POINT ( 'NONE',  ( 23.92644495765434343, 5.440343363830996815, 5.999999999999998224 ) ) ;
#11116 = CARTESIAN_POINT ( 'NONE',  ( 39.19999999999998863, -10.98148579224919175, 3.499999999999999556 ) ) ;
#11117 = FACE_OUTER_BOUND ( 'NONE', #3919, .T. ) ;
#11118 = CARTESIAN_POINT ( 'NONE',  ( -3.849999999999992095, 10.60000000000000142, 2.149999999999991473 ) ) ;
#11119 = AXIS2_PLACEMENT_3D ( 'NONE', #4128, #6096, #4371 ) ;
#11120 = CARTESIAN_POINT ( 'NONE',  ( -84.99999999999998579, -18.00000000000001421, 3.100000000000001865 ) ) ;
#11121 = VERTEX_POINT ( 'NONE', #4555 ) ;
#11122 = CARTESIAN_POINT ( 'NONE',  ( 5.199999999999996625, 11.60000000000000320, 3.500000000000000000 ) ) ;
#11123 = PLANE ( 'NONE',  #8648 ) ;
#11124 = ORIENTED_EDGE ( 'NONE', *, *, #11147, .T. ) ;
#11125 = EDGE_CURVE ( 'NONE', #2755, #7268, #8216, .T. ) ;
#11126 = VECTOR ( 'NONE', #2677, 1000.000000000000000 ) ;
#11127 = ADVANCED_FACE ( 'NONE', ( #160, #5695 ), #3652, .T. ) ;
#11128 = VERTEX_POINT ( 'NONE', #6588 ) ;
#11129 = VERTEX_POINT ( 'NONE', #3777 ) ;
#11130 = CARTESIAN_POINT ( 'NONE',  ( 24.43163439130023562, -11.89414208382434168, 3.499999999999996003 ) ) ;
#11131 = VERTEX_POINT ( 'NONE', #11089 ) ;
#11132 = LINE ( 'NONE', #10393, #9474 ) ;
#11133 = DIRECTION ( 'NONE',  ( -0.000000000000000000, -0.000000000000000000, 1.000000000000000000 ) ) ;
#11134 = ORIENTED_EDGE ( 'NONE', *, *, #9998, .F. ) ;
#11135 = AXIS2_PLACEMENT_3D ( 'NONE', #7039, #11552, #10713 ) ;
#11136 = DIRECTION ( 'NONE',  ( 0.000000000000000000, 0.7071067811865527908, -0.7071067811865423547 ) ) ;
#11137 = DIRECTION ( 'NONE',  ( 0.000000000000000000, 1.000000000000000000, 0.000000000000000000 ) ) ;
#11138 = VECTOR ( 'NONE', #9441, 1000.000000000000000 ) ;
#11139 = CARTESIAN_POINT ( 'NONE',  ( 23.59394420968611428, -6.203676244424951136, 3.499999999999999556 ) ) ;
#11140 = DIRECTION ( 'NONE',  ( 1.000000000000000000, 0.000000000000000000, 0.000000000000000000 ) ) ;
#11141 = ORIENTED_EDGE ( 'NONE', *, *, #492, .F. ) ;
#11142 = ORIENTED_EDGE ( 'NONE', *, *, #2365, .F. ) ;
#11143 = CARTESIAN_POINT ( 'NONE',  ( 25.99799679487178850, -15.08404989481329572, 3.499999999999999556 ) ) ;
#11144 = CARTESIAN_POINT ( 'NONE',  ( 23.49999999999999289, -3.994306305069704965, 3.499999999999999556 ) ) ;
#11145 = CARTESIAN_POINT ( 'NONE',  ( -48.89999999999998437, -10.45000000000001172, 0.000000000000000000 ) ) ;
#11146 = CARTESIAN_POINT ( 'NONE',  ( 24.52299438015168676, -8.862424752376899306, 3.500000000000003109 ) ) ;
#11147 = EDGE_CURVE ( 'NONE', #7280, #9966, #6275, .T. ) ;
#11148 = VERTEX_POINT ( 'NONE', #9278 ) ;
#11149 = DIRECTION ( 'NONE',  ( 1.000000000000000000, 0.000000000000000000, 0.000000000000000000 ) ) ;
#11150 = AXIS2_PLACEMENT_3D ( 'NONE', #1636, #796, #4571 ) ;
#11151 = DIRECTION ( 'NONE',  ( 0.8101380867479922587, 0.5862390983210711282, 0.000000000000000000 ) ) ;
#11152 = ORIENTED_EDGE ( 'NONE', *, *, #551, .T. ) ;
#11153 = LINE ( 'NONE', #10916, #4931 ) ;
#11154 = DIRECTION ( 'NONE',  ( 0.000000000000000000, 1.000000000000000000, 0.000000000000000000 ) ) ;
#11155 = ORIENTED_EDGE ( 'NONE', *, *, #3702, .F. ) ;
#11156 = CARTESIAN_POINT ( 'NONE',  ( 23.43589743589742724, -6.590460151223551222, 3.499999999999996003 ) ) ;
#11157 = VECTOR ( 'NONE', #9762, 1000.000000000000000 ) ;
#11158 = EDGE_LOOP ( 'NONE', ( #11098, #8603, #3714, #9073 ) ) ;
#11159 = DIRECTION ( 'NONE',  ( -1.000000000000000000, 0.000000000000000000, 0.000000000000000000 ) ) ;
#11160 = LINE ( 'NONE', #6596, #8596 ) ;
#11161 = DIRECTION ( 'NONE',  ( 0.000000000000000000, 0.000000000000000000, 1.000000000000000000 ) ) ;
#11162 = PLANE ( 'NONE',  #6171 ) ;
#11163 = EDGE_LOOP ( 'NONE', ( #4259, #8157, #10207, #11411 ) ) ;
#11164 = DIRECTION ( 'NONE',  ( 1.000000000000000000, 0.000000000000000000, 0.000000000000000000 ) ) ;
#11166 = DIRECTION ( 'NONE',  ( 0.000000000000000000, 0.000000000000000000, 1.000000000000000000 ) ) ;
#11165 = CIRCLE ( 'NONE', #1960, 1.099999999999996758 ) ;
#11167 = ORIENTED_EDGE ( 'NONE', *, *, #1188, .F. ) ;
#11168 = ORIENTED_EDGE ( 'NONE', *, *, #5619, .F. ) ;
#11169 = LINE ( 'NONE', #2032, #3014 ) ;
#11170 = EDGE_CURVE ( 'NONE', #6468, #2345, #9996, .T. ) ;
#11171 = PLANE ( 'NONE',  #3441 ) ;
#11172 = DIRECTION ( 'NONE',  ( 0.000000000000000000, 0.000000000000000000, 1.000000000000000000 ) ) ;
#11173 = AXIS2_PLACEMENT_3D ( 'NONE', #4677, #6344, #6287 ) ;
#11174 = CARTESIAN_POINT ( 'NONE',  ( 14.99999999999998934, 18.00000000000000000, 2.000000000000000000 ) ) ;
#11175 = CARTESIAN_POINT ( 'NONE',  ( 47.19999999999998863, -13.45000000000001350, 1.999999999999999112 ) ) ;
#11176 = CARTESIAN_POINT ( 'NONE',  ( 25.39578847213858737, -10.09918134803125689, 4.000000000000003553 ) ) ;
#11177 = ORIENTED_EDGE ( 'NONE', *, *, #2974, .F. ) ;
#11178 = DIRECTION ( 'NONE',  ( -0.000000000000000000, -0.7071067811865530128, -0.7071067811865420216 ) ) ;
#11179 = CARTESIAN_POINT ( 'NONE',  ( 23.77172014496622410, -6.082741269083426161, 3.999999999999989786 ) ) ;
#11180 = EDGE_CURVE ( 'NONE', #2641, #3636, #5136, .T. ) ;
#11181 = ORIENTED_EDGE ( 'NONE', *, *, #2482, .F. ) ;
#11182 = FACE_OUTER_BOUND ( 'NONE', #9074, .T. ) ;
#11183 = ORIENTED_EDGE ( 'NONE', *, *, #10535, .F. ) ;
#11184 = CARTESIAN_POINT ( 'NONE',  ( 23.77172014496622410, -6.082741269083426161, 3.499999999999989342 ) ) ;
#11185 = CARTESIAN_POINT ( 'NONE',  ( -66.01999999999999602, 11.99999999999998757, 1.000000000000000888 ) ) ;
#11186 = DIRECTION ( 'NONE',  ( 1.156482317317871971E-16, -1.000000000000000000, 0.000000000000000000 ) ) ;
#11187 = VERTEX_POINT ( 'NONE', #10112 ) ;
#11188 = CARTESIAN_POINT ( 'NONE',  ( -16.99999999999999645, 0.5192235935955651360, -5.363961030678932040 ) ) ;
#11189 = ADVANCED_FACE ( 'NONE', ( #4798 ), #10053, .F. ) ;
#11190 = CARTESIAN_POINT ( 'NONE',  ( 28.62600081771840621, -13.30408531650486026, 4.000000000000000000 ) ) ;
#11191 = EDGE_CURVE ( 'NONE', #7861, #11409, #7346, .T. ) ;
#11192 = EDGE_CURVE ( 'NONE', #5887, #1373, #9154, .T. ) ;
#11193 = CARTESIAN_POINT ( 'NONE',  ( -16.99999999999999645, 38.58077640640441075, 1.000000000000000888 ) ) ;
#11194 = CARTESIAN_POINT ( 'NONE',  ( 3.700000000000001066, 10.60000000000000142, 2.000000000000000000 ) ) ;
#11195 = AXIS2_PLACEMENT_3D ( 'NONE', #6585, #157, #6343 ) ;
#11196 = CARTESIAN_POINT ( 'NONE',  ( 23.47231032618280722, -6.380059544405773053, 3.499999999999996003 ) ) ;
#11197 = CARTESIAN_POINT ( 'NONE',  ( 24.74999999999998934, 7.050000000000004263, -3.535533905932739085 ) ) ;
#11198 = ORIENTED_EDGE ( 'NONE', *, *, #100, .T. ) ;
#11199 = CARTESIAN_POINT ( 'NONE',  ( 24.61782687271258396, -10.03080475820110173, 4.000000000000007105 ) ) ;
#11200 = VERTEX_POINT ( 'NONE', #5982 ) ;
#11201 = CARTESIAN_POINT ( 'NONE',  ( -15.00000000000000711, 7.050000000000000711, 8.200000000000002842 ) ) ;
#11202 = DIRECTION ( 'NONE',  ( 0.5240581598612423786, -0.8516824790277469637, 0.000000000000000000 ) ) ;
#11203 = CARTESIAN_POINT ( 'NONE',  ( 24.61782687271258396, -10.03080475820110173, 3.500000000000006661 ) ) ;
#11204 = ORIENTED_EDGE ( 'NONE', *, *, #982, .F. ) ;
#11205 = DIRECTION ( 'NONE',  ( 0.000000000000000000, 0.000000000000000000, 1.000000000000000000 ) ) ;
#11206 = CARTESIAN_POINT ( 'NONE',  ( -24.89999999999999147, 9.549999999999988276, 0.000000000000000000 ) ) ;
#11207 = ADVANCED_FACE ( 'NONE', ( #6639, #2195, #5864 ), #2079, .T. ) ;
#11208 = CIRCLE ( 'NONE', #5664, 2.250000000000001776 ) ;
#11209 = CARTESIAN_POINT ( 'NONE',  ( 26.33534509889640063, 4.825130640993466891, 5.999999999999998224 ) ) ;
#11210 = FACE_OUTER_BOUND ( 'NONE', #3746, .T. ) ;
#11211 = EDGE_LOOP ( 'NONE', ( #11531, #10562, #6398, #4988, #2857, #5137, #4534, #4392, #2528, #2798, #1471, #6087, #4795, #6848, #8588, #4122, #1612, #1240, #355, #570, #730, #946, #2297, #9988, #4478, #2592, #1215, #9893, #6826, #9297, #2892, #2924, #1962, #178, #10448, #3872, #2455, #9655, #8543, #3511, #2209, #9753, #11167, #3839, #2987, #11463, #203, #463, #9063, #6165, #4456, #14, #5042, #87, #3064, #661, #9629, #146, #2145, #5713, #11177, #6420, #9876 ) ) ;
#11212 = ORIENTED_EDGE ( 'NONE', *, *, #1226, .T. ) ;
#11213 = DIRECTION ( 'NONE',  ( -0.02800643998646968474, -0.9996077427267578974, 0.000000000000000000 ) ) ;
#11214 = CARTESIAN_POINT ( 'NONE',  ( 28.99999999999998934, 7.050000000000004263, 1.799999999999999600 ) ) ;
#11215 = EDGE_LOOP ( 'NONE', ( #10731, #4211, #6175, #7616, #3492 ) ) ;
#11216 = AXIS2_PLACEMENT_3D ( 'NONE', #3873, #5786, #3124 ) ;
#11217 = CARTESIAN_POINT ( 'NONE',  ( 23.51717901282304624, -12.67508118847249499, 4.000000000000003553 ) ) ;
#11218 = CARTESIAN_POINT ( 'NONE',  ( -57.99999999999999289, 9.549999999999984723, 3.100000000000001865 ) ) ;
#11219 = CARTESIAN_POINT ( 'NONE',  ( 23.82391318357954191, -8.191584112597499967, 3.499999999999996003 ) ) ;
#11220 = CARTESIAN_POINT ( 'NONE',  ( -16.35880880201951371, 3.938476730391328839, 10.10000000000000142 ) ) ;
#11221 = DIRECTION ( 'NONE',  ( 0.000000000000000000, 0.000000000000000000, 1.000000000000000000 ) ) ;
#11222 = EDGE_CURVE ( 'NONE', #10077, #10271, #1606, .T. ) ;
#11223 = AXIS2_PLACEMENT_3D ( 'NONE', #10712, #10452, #5000 ) ;
#11224 = LINE ( 'NONE', #6542, #2705 ) ;
#11225 = VERTEX_POINT ( 'NONE', #11194 ) ;
#11226 = VECTOR ( 'NONE', #585, 1000.000000000000000 ) ;
#11227 = CARTESIAN_POINT ( 'NONE',  ( 25.99999999999999289, 9.300000000000004263, 6.806887048618888159 ) ) ;
#11228 = ORIENTED_EDGE ( 'NONE', *, *, #1981, .F. ) ;
#11229 = ORIENTED_EDGE ( 'NONE', *, *, #5683, .F. ) ;
#11230 = LINE ( 'NONE', #3976, #6840 ) ;
#11231 = DIRECTION ( 'NONE',  ( -0.000000000000000000, -0.000000000000000000, 1.000000000000000000 ) ) ;
#11232 = VECTOR ( 'NONE', #8728, 1000.000000000000000 ) ;
#11233 = FACE_OUTER_BOUND ( 'NONE', #1768, .T. ) ;
#11234 = DIRECTION ( 'NONE',  ( -1.000000000000000000, -9.637352644315597708E-17, 0.000000000000000000 ) ) ;
#11235 = CARTESIAN_POINT ( 'NONE',  ( 25.24516557956310692, -10.13579181213675362, 3.499999999999999556 ) ) ;
#11236 = EDGE_LOOP ( 'NONE', ( #9178, #3256 ) ) ;
#11237 = CARTESIAN_POINT ( 'NONE',  ( -84.99999999999998579, 11.99999999999998579, 1.734723475976807094E-15 ) ) ;
#11238 = EDGE_CURVE ( 'NONE', #104, #7807, #927, .T. ) ;
#11239 = FACE_BOUND ( 'NONE', #11812, .T. ) ;
#11240 = ORIENTED_EDGE ( 'NONE', *, *, #4159, .T. ) ;
#11241 = CIRCLE ( 'NONE', #706, 2.624999999999998668 ) ;
#11242 = EDGE_LOOP ( 'NONE', ( #8904, #11589, #11629, #7791 ) ) ;
#11243 = CARTESIAN_POINT ( 'NONE',  ( -52.99999999999998579, -18.00000000000001066, 1.999999999999998224 ) ) ;
#11244 = ADVANCED_FACE ( 'NONE', ( #6626 ), #6662, .T. ) ;
#11245 = ORIENTED_EDGE ( 'NONE', *, *, #33, .T. ) ;
#11246 = CARTESIAN_POINT ( 'NONE',  ( 11.99999999999999467, -12.00000000000000000, 10.09999999999999964 ) ) ;
#11247 = VECTOR ( 'NONE', #3083, 1000.000000000000114 ) ;
#11248 = PLANE ( 'NONE',  #10349 ) ;
#11249 = ORIENTED_EDGE ( 'NONE', *, *, #11582, .T. ) ;
#11250 = CARTESIAN_POINT ( 'NONE',  ( 24.72869081394977542, -11.80189826027968181, 3.999999999999996447 ) ) ;
#11251 = EDGE_CURVE ( 'NONE', #2345, #5882, #4602, .T. ) ;
#11252 = DIRECTION ( 'NONE',  ( 1.000000000000000000, 0.000000000000000000, 0.000000000000000000 ) ) ;
#11253 = CARTESIAN_POINT ( 'NONE',  ( -16.99999999999999289, 9.371637353248781110, 10.09999999999999964 ) ) ;
#11254 = LINE ( 'NONE', #2235, #6651 ) ;
#11255 = CARTESIAN_POINT ( 'NONE',  ( 27.58900060914264074, -12.97974657159088530, 3.500000000000003109 ) ) ;
#11256 = VECTOR ( 'NONE', #9721, 1000.000000000000227 ) ;
#11257 = DIRECTION ( 'NONE',  ( 0.000000000000000000, 1.000000000000000000, 0.000000000000000000 ) ) ;
#11258 = CARTESIAN_POINT ( 'NONE',  ( 24.19360731046278090, -6.082522246282337619, 4.000000000000000000 ) ) ;
#11259 = CARTESIAN_POINT ( 'NONE',  ( 47.19999999999998863, -1.450000000000013722, -1.734723475976807094E-15 ) ) ;
#11260 = ADVANCED_FACE ( 'NONE', ( #6445 ), #1884, .F. ) ;
#11261 = VERTEX_POINT ( 'NONE', #8314 ) ;
#11262 = EDGE_CURVE ( 'NONE', #10823, #8571, #9233, .T. ) ;
#11263 = LINE ( 'NONE', #3520, #5861 ) ;
#11264 = DIRECTION ( 'NONE',  ( 1.000000000000000000, -0.000000000000000000, -0.000000000000000000 ) ) ;
#11265 = VECTOR ( 'NONE', #10324, 1000.000000000000000 ) ;
#11266 = VERTEX_POINT ( 'NONE', #4630 ) ;
#11267 = CARTESIAN_POINT ( 'NONE',  ( 28.25594183019129702, 8.392144350952278842, 3.599999999999999201 ) ) ;
#11268 = CARTESIAN_POINT ( 'NONE',  ( -16.99999999999999645, -9.419223593595587474, 1.000000000000000888 ) ) ;
#11269 = FACE_OUTER_BOUND ( 'NONE', #11676, .T. ) ;
#11270 = CARTESIAN_POINT ( 'NONE',  ( 24.52564102564101844, -6.590460151223551222, 4.000000000000003553 ) ) ;
#11271 = AXIS2_PLACEMENT_3D ( 'NONE', #560, #9428, #10398 ) ;
#11272 = VECTOR ( 'NONE', #8459, 1000.000000000000114 ) ;
#11273 = ORIENTED_EDGE ( 'NONE', *, *, #10054, .F. ) ;
#11274 = DIRECTION ( 'NONE',  ( 1.000000000000000000, 0.000000000000000000, 0.000000000000000000 ) ) ;
#11275 = ORIENTED_EDGE ( 'NONE', *, *, #558, .T. ) ;
#11276 = EDGE_CURVE ( 'NONE', #240, #5882, #6299, .T. ) ;
#11277 = ORIENTED_EDGE ( 'NONE', *, *, #5565, .T. ) ;
#11278 = CARTESIAN_POINT ( 'NONE',  ( 24.43163439130023562, -11.89414208382434168, 3.999999999999996447 ) ) ;
#11279 = DIRECTION ( 'NONE',  ( 0.000000000000000000, 0.000000000000000000, -1.000000000000000000 ) ) ;
#11280 = CARTESIAN_POINT ( 'NONE',  ( 24.28625470765975791, -7.858638376539896164, 4.000000000000000000 ) ) ;
#11281 = CARTESIAN_POINT ( 'NONE',  ( 24.27285976266244916, -13.30546758291473708, 4.000000000000003553 ) ) ;
#11282 = VECTOR ( 'NONE', #11850, 1000.000000000000000 ) ;
#11283 = B_SPLINE_CURVE_WITH_KNOTS ( 'NONE', 3,
 ( #3129, #3254, #8775, #10569, #2416, #5894, #9538, #2348, #5117, #10633, #7934 ),
 .UNSPECIFIED., .F., .F.,
 ( 4, 1, 1, 1, 1, 1, 1, 1, 4 ),
 ( 0.000000000000000000, 0.1381355455281877975, 0.2684506686800450792, 0.3942530064338322648, 0.5180986679418649876, 0.6385184547224836971, 0.7569658908781730089, 0.8772747938537108769, 1.000000000000000000 ),
 .UNSPECIFIED. ) ;
#11284 = AXIS2_PLACEMENT_3D ( 'NONE', #4897, #7652, #8672 ) ;
#11285 = CARTESIAN_POINT ( 'NONE',  ( 26.43308783651143656, -12.59769813188386145, 4.000000000000003553 ) ) ;
#11286 = CARTESIAN_POINT ( 'NONE',  ( 49.19999999999999574, 26.99999999999998224, -8.673617379884035472E-16 ) ) ;
#11287 = ORIENTED_EDGE ( 'NONE', *, *, #5403, .F. ) ;
#11288 = FACE_OUTER_BOUND ( 'NONE', #2031, .T. ) ;
#11289 = CARTESIAN_POINT ( 'NONE',  ( -18.99999999999999645, -10.45000000000001172, -5.363961030678932040 ) ) ;
#11290 = EDGE_LOOP ( 'NONE', ( #9022, #4238, #8821, #10057 ) ) ;
#11291 = DIRECTION ( 'NONE',  ( -9.637352644315597708E-17, 1.000000000000000000, 0.000000000000000000 ) ) ;
#11292 = CARTESIAN_POINT ( 'NONE',  ( 24.47223149527604491, -12.92710788220436058, 3.500000000000006661 ) ) ;
#11293 = CIRCLE ( 'NONE', #11691, 2.624999999999998668 ) ;
#11294 = EDGE_CURVE ( 'NONE', #4977, #5173, #2743, .T. ) ;
#11295 = CARTESIAN_POINT ( 'NONE',  ( 39.19999999999998863, 3.469446951953614189E-15, -16.99999999999999289 ) ) ;
#11296 = EDGE_CURVE ( 'NONE', #690, #6251, #1748, .T. ) ;
#11297 = CARTESIAN_POINT ( 'NONE',  ( 23.56921894053460775, 6.059076975267836396, 5.999999999999998224 ) ) ;
#11298 = CARTESIAN_POINT ( 'NONE',  ( 16.99999999999999645, -17.99999999999999289, 5.000000000000000000 ) ) ;
#11299 = CARTESIAN_POINT ( 'NONE',  ( 43.19999999999999574, -18.00000000000000355, 52.04442251822082000 ) ) ;
#11300 = CARTESIAN_POINT ( 'NONE',  ( 25.84207012592564467, -9.664515515022191749, 4.000000000000000000 ) ) ;
#11301 = ORIENTED_EDGE ( 'NONE', *, *, #433, .F. ) ;
#11302 = AXIS2_PLACEMENT_3D ( 'NONE', #6449, #1997, #3762 ) ;
#11303 = DIRECTION ( 'NONE',  ( 0.000000000000000000, 0.000000000000000000, 1.000000000000000000 ) ) ;
#11304 = AXIS2_PLACEMENT_3D ( 'NONE', #1565, #5225, #8883 ) ;
#11305 = VERTEX_POINT ( 'NONE', #11786 ) ;
#11306 = EDGE_CURVE ( 'NONE', #4084, #1450, #11843, .T. ) ;
#11307 = ORIENTED_EDGE ( 'NONE', *, *, #9794, .F. ) ;
#11308 = MECHANICAL_DESIGN_GEOMETRIC_PRESENTATION_REPRESENTATION (  '', ( #10132 ), #8053 ) ;
#11309 = ADVANCED_FACE ( 'NONE', ( #5411 ), #6537, .F. ) ;
#11310 = FACE_OUTER_BOUND ( 'NONE', #4112, .T. ) ;
#11311 = CARTESIAN_POINT ( 'NONE',  ( 42.47489026655541267, -12.96692768190591494, 4.000000000000000000 ) ) ;
#11312 = ORIENTED_EDGE ( 'NONE', *, *, #7591, .T. ) ;
#11313 = CARTESIAN_POINT ( 'NONE',  ( 24.57366440155121268, -11.84541285483365236, 3.999999999999996447 ) ) ;
#11314 =( LENGTH_UNIT ( ) NAMED_UNIT ( * ) SI_UNIT ( .MILLI., .METRE. ) );
#11315 = LINE ( 'NONE', #6680, #7810 ) ;
#11316 = VECTOR ( 'NONE', #2433, 1000.000000000000000 ) ;
#11317 = DIRECTION ( 'NONE',  ( 1.445602896647339163E-16, -1.000000000000000000, 0.000000000000000000 ) ) ;
#11318 = EDGE_CURVE ( 'NONE', #3551, #8892, #4566, .T. ) ;
#11319 = PLANE ( 'NONE',  #6834 ) ;
#11320 = CARTESIAN_POINT ( 'NONE',  ( 9.039999999999995595, -9.039999999999999147, 0.000000000000000000 ) ) ;
#11321 = EDGE_CURVE ( 'NONE', #11109, #4413, #5526, .T. ) ;
#11322 = CARTESIAN_POINT ( 'NONE',  ( 25.99799679487178850, -15.08404989481329572, 4.000000000000000000 ) ) ;
#11323 = ORIENTED_EDGE ( 'NONE', *, *, #4091, .F. ) ;
#11324 = LINE ( 'NONE', #3892, #3978 ) ;
#11325 = VERTEX_POINT ( 'NONE', #3724 ) ;
#11326 = VECTOR ( 'NONE', #10170, 1000.000000000000000 ) ;
#11327 = CARTESIAN_POINT ( 'NONE',  ( 24.99445559673451811, -10.14672291529439008, 3.500000000000003109 ) ) ;
#11328 = LINE ( 'NONE', #6751, #3552 ) ;
#11329 = EDGE_CURVE ( 'NONE', #3963, #494, #9168, .T. ) ;
#11330 = CARTESIAN_POINT ( 'NONE',  ( 27.45019874737452881, 4.861953247045823545, 5.999999999999998224 ) ) ;
#11331 = EDGE_CURVE ( 'NONE', #6189, #6615, #112, .T. ) ;
#11332 = LINE ( 'NONE', #9502, #6909 ) ;
#11333 = EDGE_LOOP ( 'NONE', ( #9330, #9123, #7664, #2120, #1804, #11062 ) ) ;
#11334 = CYLINDRICAL_SURFACE ( 'NONE', #6684, 0.9750000000000001998 ) ;
#11335 = ORIENTED_EDGE ( 'NONE', *, *, #148, .F. ) ;
#11336 = CARTESIAN_POINT ( 'NONE',  ( 23.51717901282304624, -12.67508118847249499, 3.500000000000003109 ) ) ;
#11337 = LINE ( 'NONE', #6705, #5355 ) ;
#11338 = DIRECTION ( 'NONE',  ( 0.000000000000000000, 0.000000000000000000, 1.000000000000000000 ) ) ;
#11339 = VECTOR ( 'NONE', #657, 1000.000000000000000 ) ;
#11340 = LINE ( 'NONE', #3107, #528 ) ;
#11341 = CARTESIAN_POINT ( 'NONE',  ( 25.82766509817887979, -9.234973947708239095, 4.000000000000003553 ) ) ;
#11342 = EDGE_CURVE ( 'NONE', #7600, #5159, #2634, .T. ) ;
#11343 = ORIENTED_EDGE ( 'NONE', *, *, #418, .F. ) ;
#11344 = DIRECTION ( 'NONE',  ( -0.000000000000000000, -0.000000000000000000, 1.000000000000000000 ) ) ;
#11345 = VERTEX_POINT ( 'NONE', #6354 ) ;
#11346 = ORIENTED_EDGE ( 'NONE', *, *, #9414, .T. ) ;
#11347 = CARTESIAN_POINT ( 'NONE',  ( 47.19999999999998863, -1.450000000000013722, 1.999999999999999112 ) ) ;
#11348 = AXIS2_PLACEMENT_3D ( 'NONE', #899, #8174, #1577 ) ;
#11349 = CARTESIAN_POINT ( 'NONE',  ( 24.73301960828650792, -12.75169636295711229, 3.500000000000010214 ) ) ;
#11350 = FACE_BOUND ( 'NONE', #9852, .T. ) ;
#11351 = EDGE_LOOP ( 'NONE', ( #2645, #7678 ) ) ;
#11352 = EDGE_CURVE ( 'NONE', #6304, #2746, #10186, .T. ) ;
#11353 = CARTESIAN_POINT ( 'NONE',  ( -17.89999999999999503, 1.549999999999988942, 1.000000000000002665 ) ) ;
#11354 = CARTESIAN_POINT ( 'NONE',  ( 23.80641219759089111, 6.549327898598286346, 3.599999999999999201 ) ) ;
#11355 = VERTEX_POINT ( 'NONE', #6473 ) ;
#11356 = AXIS2_PLACEMENT_3D ( 'NONE', #8355, #5481, #8917 ) ;
#11357 = FACE_OUTER_BOUND ( 'NONE', #3240, .T. ) ;
#11358 = DIRECTION ( 'NONE',  ( 0.000000000000000000, 0.000000000000000000, 1.000000000000000000 ) ) ;
#11359 = ADVANCED_FACE ( 'NONE', ( #1910 ), #1014, .F. ) ;
#11360 = ORIENTED_EDGE ( 'NONE', *, *, #11782, .T. ) ;
#11361 = ORIENTED_EDGE ( 'NONE', *, *, #342, .F. ) ;
#11362 = VECTOR ( 'NONE', #2093, 1000.000000000000000 ) ;
#11363 = DIRECTION ( 'NONE',  ( 1.000000000000000000, 0.000000000000000000, 0.000000000000000000 ) ) ;
#11364 = ORIENTED_EDGE ( 'NONE', *, *, #5832, .F. ) ;
#11365 = DIRECTION ( 'NONE',  ( 1.000000000000000000, 0.000000000000000000, 0.000000000000000000 ) ) ;
#11366 = DIRECTION ( 'NONE',  ( 0.000000000000000000, 0.000000000000000000, 1.000000000000000000 ) ) ;
#11367 = LINE ( 'NONE', #10454, #8204 ) ;
#11368 = VECTOR ( 'NONE', #5796, 1000.000000000000000 ) ;
#11369 = CARTESIAN_POINT ( 'NONE',  ( -25.99999999999999289, -10.45000000000001172, 2.000000000000000000 ) ) ;
#11370 = DIRECTION ( 'NONE',  ( -1.000000000000000000, 0.000000000000000000, 0.000000000000000000 ) ) ;
#11371 = LINE ( 'NONE', #3139, #170 ) ;
#11372 = CARTESIAN_POINT ( 'NONE',  ( -18.99999999999999645, 25.54999999999999361, 2.000000000000000000 ) ) ;
#11373 = VERTEX_POINT ( 'NONE', #5648 ) ;
#11374 = DIRECTION ( 'NONE',  ( 1.000000000000000000, 0.000000000000000000, 0.000000000000000000 ) ) ;
#11375 = VERTEX_POINT ( 'NONE', #7418 ) ;
#11376 = DIRECTION ( 'NONE',  ( -0.000000000000000000, -0.000000000000000000, -1.000000000000000000 ) ) ;
#11377 = CARTESIAN_POINT ( 'NONE',  ( 25.17072760567531731, -11.04420174635357021, 3.999999999999997335 ) ) ;
#11378 = CARTESIAN_POINT ( 'NONE',  ( 23.49999999999999289, -4.891742202505601433, 3.499999999999999556 ) ) ;
#11379 = ORIENTED_EDGE ( 'NONE', *, *, #4171, .F. ) ;
#11380 = CARTESIAN_POINT ( 'NONE',  ( 25.87179487179486159, -9.462054702505605874, 4.000000000000001776 ) ) ;
#11381 = CARTESIAN_POINT ( 'NONE',  ( 25.16431472652992696, -10.14695788331472492, 3.500000000000006661 ) ) ;
#11382 = DIRECTION ( 'NONE',  ( 1.000000000000000000, 0.000000000000000000, 0.000000000000000000 ) ) ;
#11383 = CARTESIAN_POINT ( 'NONE',  ( 32.74999999999999289, -15.00000000000000000, 0.000000000000000000 ) ) ;
#11384 = ORIENTED_EDGE ( 'NONE', *, *, #2349, .T. ) ;
#11385 = ORIENTED_EDGE ( 'NONE', *, *, #7202, .F. ) ;
#11386 = CARTESIAN_POINT ( 'NONE',  ( 23.38581700132580821, -13.13524655550913067, 3.500000000000003109 ) ) ;
#11387 = LINE ( 'NONE', #1192, #1290 ) ;
#11388 = EDGE_CURVE ( 'NONE', #7209, #8437, #1963, .T. ) ;
#11389 = DIRECTION ( 'NONE',  ( 0.000000000000000000, 0.000000000000000000, 1.000000000000000000 ) ) ;
#11390 = ADVANCED_FACE ( 'NONE', ( #9289 ), #11690, .T. ) ;
#11391 = CARTESIAN_POINT ( 'NONE',  ( 25.10895096909832702, -10.14774723103677445, 4.000000000000003553 ) ) ;
#11392 = EDGE_LOOP ( 'NONE', ( #4894, #10789, #8754, #2133 ) ) ;
#11393 = CARTESIAN_POINT ( 'NONE',  ( 28.24677110549663084, -12.34472479096043251, 3.500000000000003109 ) ) ;
#11394 = ORIENTED_EDGE ( 'NONE', *, *, #6214, .T. ) ;
#11395 = ORIENTED_EDGE ( 'NONE', *, *, #7574, .T. ) ;
#11396 = LINE ( 'NONE', #7679, #10482 ) ;
#11397 = VECTOR ( 'NONE', #9544, 1000.000000000000000 ) ;
#11398 = DIRECTION ( 'NONE',  ( -1.000000000000000000, 0.000000000000000000, 0.000000000000000000 ) ) ;
#11399 = ORIENTED_EDGE ( 'NONE', *, *, #9935, .T. ) ;
#11400 = DIRECTION ( 'NONE',  ( -0.000000000000000000, -0.000000000000000000, 1.000000000000000000 ) ) ;
#11401 = ORIENTED_EDGE ( 'NONE', *, *, #8690, .T. ) ;
#11402 = EDGE_CURVE ( 'NONE', #9306, #5198, #3017, .T. ) ;
#11403 = EDGE_CURVE ( 'NONE', #8909, #5736, #3203, .T. ) ;
#11404 = EDGE_CURVE ( 'NONE', #7600, #2750, #11457, .T. ) ;
#11405 = LINE ( 'NONE', #9587, #5730 ) ;
#11406 = DIRECTION ( 'NONE',  ( 0.8516824790277469637, 0.5240581598612423786, 0.000000000000000000 ) ) ;
#11407 = CARTESIAN_POINT ( 'NONE',  ( -12.97499999999999964, -10.45000000000000107, 0.000000000000000000 ) ) ;
#11408 = CIRCLE ( 'NONE', #102, 0.9749999999999993117 ) ;
#11409 = VERTEX_POINT ( 'NONE', #3966 ) ;
#11410 = AXIS2_PLACEMENT_3D ( 'NONE', #2759, #6494, #9911 ) ;
#11411 = ORIENTED_EDGE ( 'NONE', *, *, #3262, .F. ) ;
#11412 = DIRECTION ( 'NONE',  ( 0.000000000000000000, 0.000000000000000000, 1.000000000000000000 ) ) ;
#11413 = DIRECTION ( 'NONE',  ( -1.000000000000000000, 0.000000000000000000, 0.000000000000000000 ) ) ;
#11414 = ORIENTED_EDGE ( 'NONE', *, *, #11840, .F. ) ;
#11415 = ORIENTED_EDGE ( 'NONE', *, *, #4877, .F. ) ;
#11416 = EDGE_CURVE ( 'NONE', #10705, #4524, #11337, .T. ) ;
#11417 = VECTOR ( 'NONE', #4352, 1000.000000000000000 ) ;
#11418 = AXIS2_PLACEMENT_3D ( 'NONE', #4907, #6812, #7668 ) ;
#11419 = ORIENTED_EDGE ( 'NONE', *, *, #2057, .T. ) ;
#11420 = CARTESIAN_POINT ( 'NONE',  ( 25.19350029308479222, 4.551964127009847871, 6.797529781440644570 ) ) ;
#11421 = EDGE_CURVE ( 'NONE', #7735, #1020, #9153, .T. ) ;
#11422 = PLANE ( 'NONE',  #4326 ) ;
#11423 = ORIENTED_EDGE ( 'NONE', *, *, #3811, .F. ) ;
#11424 = DIRECTION ( 'NONE',  ( 1.000000000000000000, 0.000000000000000000, 0.000000000000000000 ) ) ;
#11425 = LINE ( 'NONE', #1590, #6415 ) ;
#11426 = VECTOR ( 'NONE', #8020, 1000.000000000000000 ) ;
#11427 = CARTESIAN_POINT ( 'NONE',  ( 24.00119207101465690, -10.67457535363989329, 3.499999999999992895 ) ) ;
#11428 = EDGE_CURVE ( 'NONE', #5829, #4358, #3102, .T. ) ;
#11429 = DIRECTION ( 'NONE',  ( -1.000000000000000000, 0.000000000000000000, 0.000000000000000000 ) ) ;
#11430 = ORIENTED_EDGE ( 'NONE', *, *, #629, .T. ) ;
#11431 = CARTESIAN_POINT ( 'NONE',  ( 26.83034349071441937, -12.63792724078922980, 3.500000000000006661 ) ) ;
#11432 = LINE ( 'NONE', #5969, #4593 ) ;
#11433 = CARTESIAN_POINT ( 'NONE',  ( -47.19999999999998863, -8.673617379884035472E-15, 1.999999999999998224 ) ) ;
#11434 = EDGE_CURVE ( 'NONE', #5159, #9381, #159, .T. ) ;
#11435 = CARTESIAN_POINT ( 'NONE',  ( -6.000000000000002665, 9.039999999999999147, 0.000000000000000000 ) ) ;
#11436 = FACE_OUTER_BOUND ( 'NONE', #3123, .T. ) ;
#11437 = AXIS2_PLACEMENT_3D ( 'NONE', #10089, #9921, #10947 ) ;
#11438 = CARTESIAN_POINT ( 'NONE',  ( 25.08052884615383959, -10.14815245891586137, 4.000000000000003553 ) ) ;
#11439 = ORIENTED_EDGE ( 'NONE', *, *, #418, .T. ) ;
#11440 = DIRECTION ( 'NONE',  ( 1.000000000000000000, 0.000000000000000000, 0.000000000000000000 ) ) ;
#11441 = FACE_OUTER_BOUND ( 'NONE', #1901, .T. ) ;
#11442 = CARTESIAN_POINT ( 'NONE',  ( 24.55488944552223529, -9.987735321559869206, 3.499999999999999556 ) ) ;
#11443 = CARTESIAN_POINT ( 'NONE',  ( 25.99999999999999289, 7.050000000000004263, 5.999999999999998224 ) ) ;
#11444 = CARTESIAN_POINT ( 'NONE',  ( -9.200000000000001066, 18.00000000000000355, 10.09999999999999964 ) ) ;
#11445 = CYLINDRICAL_SURFACE ( 'NONE', #7722, 1.100000000000000311 ) ;
#11446 = VECTOR ( 'NONE', #772, 1000.000000000000000 ) ;
#11447 = VECTOR ( 'NONE', #1574, 1000.000000000000000 ) ;
#11448 = ADVANCED_FACE ( 'NONE', ( #5763 ), #6595, .T. ) ;
#11449 = CARTESIAN_POINT ( 'NONE',  ( 28.07355504234566368, 5.440343363831024348, 5.999999999999998224 ) ) ;
#11450 = ORIENTED_EDGE ( 'NONE', *, *, #7304, .T. ) ;
#11451 = ORIENTED_EDGE ( 'NONE', *, *, #85, .T. ) ;
#11452 = CARTESIAN_POINT ( 'NONE',  ( -69.99999999999998579, -1.387778780781445676E-14, 3.100000000000001865 ) ) ;
#11453 = FACE_OUTER_BOUND ( 'NONE', #1831, .T. ) ;
#11454 = CARTESIAN_POINT ( 'NONE',  ( 23.92708423791419747, -8.093699925321168109, 3.499999999999996003 ) ) ;
#11455 = AXIS2_PLACEMENT_3D ( 'NONE', #7964, #11642, #11516 ) ;
#11456 = DIRECTION ( 'NONE',  ( -0.5240581598612300551, -0.8516824790277545132, 0.000000000000000000 ) ) ;
#11457 = CIRCLE ( 'NONE', #6485, 1.100000000000003642 ) ;
#11458 = CARTESIAN_POINT ( 'NONE',  ( 26.97623841301451364, 5.022820047219567208, 5.999999999999998224 ) ) ;
#11459 = CARTESIAN_POINT ( 'NONE',  ( 31.69999999999999218, -5.999999999999988454, 2.000000000000001776 ) ) ;
#11460 = VERTEX_POINT ( 'NONE', #7603 ) ;
#11461 = DIRECTION ( 'NONE',  ( -0.9746736483397864248, 0.2236320174572738184, 0.000000000000000000 ) ) ;
#11462 = ORIENTED_EDGE ( 'NONE', *, *, #2138, .F. ) ;
#11463 = ORIENTED_EDGE ( 'NONE', *, *, #7156, .F. ) ;
#11464 = EDGE_CURVE ( 'NONE', #11108, #1482, #8595, .T. ) ;
#11465 = CARTESIAN_POINT ( 'NONE',  ( 24.51978963703879089, -6.698041713330444402, 3.499999999999999556 ) ) ;
#11466 = ORIENTED_EDGE ( 'NONE', *, *, #1195, .T. ) ;
#11467 = FACE_OUTER_BOUND ( 'NONE', #7379, .T. ) ;
#11468 = ORIENTED_EDGE ( 'NONE', *, *, #4391, .F. ) ;
#11469 = DIRECTION ( 'NONE',  ( 0.000000000000000000, 0.000000000000000000, 1.000000000000000000 ) ) ;
#11470 = VECTOR ( 'NONE', #4757, 1000.000000000000000 ) ;
#11471 = VECTOR ( 'NONE', #2676, 1000.000000000000000 ) ;
#11472 = EDGE_CURVE ( 'NONE', #2061, #4100, #9984, .T. ) ;
#11473 = ORIENTED_EDGE ( 'NONE', *, *, #1581, .F. ) ;
#11474 = EDGE_CURVE ( 'NONE', #10617, #3143, #10098, .T. ) ;
#11475 = CARTESIAN_POINT ( 'NONE',  ( 47.19999999999998863, 10.54999999999999005, -1.734723475976807094E-15 ) ) ;
#11476 = CARTESIAN_POINT ( 'NONE',  ( -6.000000000000000000, -10.59999999999999787, 2.000000000000000000 ) ) ;
#11477 = ORIENTED_EDGE ( 'NONE', *, *, #8484, .T. ) ;
#11478 = ORIENTED_EDGE ( 'NONE', *, *, #1607, .F. ) ;
#11479 = FACE_OUTER_BOUND ( 'NONE', #9149, .T. ) ;
#11480 = CYLINDRICAL_SURFACE ( 'NONE', #11753, 3.700000000000001954 ) ;
#11481 = ORIENTED_EDGE ( 'NONE', *, *, #538, .T. ) ;
#11482 = EDGE_CURVE ( 'NONE', #3239, #2999, #2722, .T. ) ;
#11483 = VERTEX_POINT ( 'NONE', #10956 ) ;
#11484 = CARTESIAN_POINT ( 'NONE',  ( 25.94090544871794179, -12.58404989481329395, 4.000000000000003553 ) ) ;
#11485 = CARTESIAN_POINT ( 'NONE',  ( 27.16980469903909068, 9.399932332239817612, 5.999999999999998224 ) ) ;
#11486 = CIRCLE ( 'NONE', #11890, 4.700000000000002842 ) ;
#11487 = VECTOR ( 'NONE', #4685, 1000.000000000000000 ) ;
#11488 = ORIENTED_EDGE ( 'NONE', *, *, #148, .T. ) ;
#11489 = DIRECTION ( 'NONE',  ( 1.000000000000000000, -0.000000000000000000, 0.000000000000000000 ) ) ;
#11490 = LINE ( 'NONE', #3382, #9096 ) ;
#11491 = CARTESIAN_POINT ( 'NONE',  ( 24.43503661274171890, -10.92580183226457891, 3.499999999999996003 ) ) ;
#11492 = LINE ( 'NONE', #502, #7118 ) ;
#11493 = ORIENTED_EDGE ( 'NONE', *, *, #7507, .F. ) ;
#11494 = EDGE_CURVE ( 'NONE', #2809, #3864, #10708, .T. ) ;
#11495 = DIRECTION ( 'NONE',  ( 0.000000000000000000, -0.000000000000000000, -1.000000000000000000 ) ) ;
#11496 = AXIS2_PLACEMENT_3D ( 'NONE', #3581, #9815, #7234 ) ;
#11497 = DIRECTION ( 'NONE',  ( -0.5773502691896268413, 0.5773502691896235106, 0.5773502691896268413 ) ) ;
#11498 = VERTEX_POINT ( 'NONE', #3760 ) ;
#11499 = LINE ( 'NONE', #1712, #1299 ) ;
#11500 = CARTESIAN_POINT ( 'NONE',  ( 25.35897435897435059, -2.887535471736370596, 4.000000000000000000 ) ) ;
#11501 = CARTESIAN_POINT ( 'NONE',  ( 41.20000000000000284, -18.00000000000000355, 5.999999999999998224 ) ) ;
#11502 = DIRECTION ( 'NONE',  ( 1.000000000000000000, 0.000000000000000000, 0.000000000000000000 ) ) ;
#11503 = CARTESIAN_POINT ( 'NONE',  ( -66.01999999999999602, -1.366094737331735587E-14, 1.734723475976807094E-15 ) ) ;
#11504 = ORIENTED_EDGE ( 'NONE', *, *, #3858, .T. ) ;
#11505 = DIRECTION ( 'NONE',  ( 0.000000000000000000, -0.000000000000000000, -1.000000000000000000 ) ) ;
#11506 = CARTESIAN_POINT ( 'NONE',  ( 9.039999999999995595, -9.039999999999999147, 2.000000000000000000 ) ) ;
#11507 = ADVANCED_FACE ( 'NONE', ( #2837, #11879, #5440, #10039, #1779 ), #929, .F. ) ;
#11508 = DIRECTION ( 'NONE',  ( 1.227398685832646557E-16, -1.000000000000000000, 0.000000000000000000 ) ) ;
#11509 = AXIS2_PLACEMENT_3D ( 'NONE', #11443, #11634, #513 ) ;
#11510 = FACE_OUTER_BOUND ( 'NONE', #372, .T. ) ;
#11511 = PLANE ( 'NONE',  #10399 ) ;
#11512 = ADVANCED_FACE ( 'NONE', ( #9266 ), #6385, .F. ) ;
#11513 = EDGE_CURVE ( 'NONE', #6195, #6888, #208, .T. ) ;
#11514 = CARTESIAN_POINT ( 'NONE',  ( 24.75524198227544659, -14.96726104674972113, 3.500000000000003109 ) ) ;
#11515 = AXIS2_PLACEMENT_3D ( 'NONE', #24, #2836, #9036 ) ;
#11516 = DIRECTION ( 'NONE',  ( 0.000000000000000000, 1.000000000000000000, 0.000000000000000000 ) ) ;
#11517 = ORIENTED_EDGE ( 'NONE', *, *, #7506, .F. ) ;
#11518 = ORIENTED_EDGE ( 'NONE', *, *, #6413, .T. ) ;
#11519 = LINE ( 'NONE', #1673, #108 ) ;
#11520 = CARTESIAN_POINT ( 'NONE',  ( 41.19999999999999574, 37.55000000000001137, 2.000000000000001776 ) ) ;
#11521 = DIRECTION ( 'NONE',  ( -0.000000000000000000, 0.000000000000000000, -1.000000000000000000 ) ) ;
#11522 = LINE ( 'NONE', #9822, #8223 ) ;
#11523 = CARTESIAN_POINT ( 'NONE',  ( 48.29999999999999005, -13.45000000000001350, -1.734723475976807094E-15 ) ) ;
#11524 = CARTESIAN_POINT ( 'NONE',  ( -11.02500000000000036, 9.549999999999998934, 0.000000000000000000 ) ) ;
#11525 = CIRCLE ( 'NONE', #10548, 2.999999999999999112 ) ;
#11526 = CARTESIAN_POINT ( 'NONE',  ( 25.87082931662034113, -9.436608154350814459, 4.000000000000000000 ) ) ;
#11527 = CARTESIAN_POINT ( 'NONE',  ( 31.69999999999999218, -15.00000000000000000, 0.000000000000000000 ) ) ;
#11528 = ORIENTED_EDGE ( 'NONE', *, *, #6632, .F. ) ;
#11529 = EDGE_LOOP ( 'NONE', ( #7242, #3464 ) ) ;
#11530 = CARTESIAN_POINT ( 'NONE',  ( 43.19999999999998863, 26.99999999999998224, 5.999999999999998224 ) ) ;
#11531 = ORIENTED_EDGE ( 'NONE', *, *, #10819, .F. ) ;
#11532 = CARTESIAN_POINT ( 'NONE',  ( -15.00000000000001066, 19.99999999999999645, 0.5000000000000004441 ) ) ;
#11533 = ORIENTED_EDGE ( 'NONE', *, *, #6214, .F. ) ;
#11534 = DIRECTION ( 'NONE',  ( 1.000000000000000000, 0.000000000000000000, 0.000000000000000000 ) ) ;
#11535 = AXIS2_PLACEMENT_3D ( 'NONE', #4771, #7505, #8433 ) ;
#11536 = ORIENTED_EDGE ( 'NONE', *, *, #11894, .F. ) ;
#11537 = PLANE ( 'NONE',  #8493 ) ;
#11538 = CARTESIAN_POINT ( 'NONE',  ( 28.49999999999999289, -18.00000000000000000, 3.499999999999999556 ) ) ;
#11539 = VERTEX_POINT ( 'NONE', #26 ) ;
#11540 = DIRECTION ( 'NONE',  ( -0.000000000000000000, -0.000000000000000000, 1.000000000000000000 ) ) ;
#11541 = CARTESIAN_POINT ( 'NONE',  ( 23.94613188938543402, -7.133579502937973160, 3.499999999999999556 ) ) ;
#11542 = VECTOR ( 'NONE', #354, 1000.000000000000000 ) ;
#11543 = ORIENTED_EDGE ( 'NONE', *, *, #2842, .T. ) ;
#11544 = VERTEX_POINT ( 'NONE', #1886 ) ;
#11545 = VECTOR ( 'NONE', #3205, 1000.000000000000000 ) ;
#11546 = CARTESIAN_POINT ( 'NONE',  ( 23.43589743589742724, -6.590460151223551222, 3.499999999999996003 ) ) ;
#11547 = ADVANCED_FACE ( 'NONE', ( #1046 ), #7440, .T. ) ;
#11548 = ORIENTED_EDGE ( 'NONE', *, *, #3105, .T. ) ;
#11549 = CARTESIAN_POINT ( 'NONE',  ( 23.57230045116300587, -8.534544031765239680, 3.999999999999993339 ) ) ;
#11550 = LINE ( 'NONE', #6851, #8161 ) ;
#11551 = CARTESIAN_POINT ( 'NONE',  ( 23.56574144210800981, -10.16608153996586950, 3.499999999999996003 ) ) ;
#11552 = DIRECTION ( 'NONE',  ( -0.000000000000000000, -0.000000000000000000, 1.000000000000000000 ) ) ;
#11553 = CARTESIAN_POINT ( 'NONE',  ( 27.91135620130512152, -14.69651263742604286, 3.999999999999994671 ) ) ;
#11554 = AXIS2_PLACEMENT_3D ( 'NONE', #6525, #2854, #5400 ) ;
#11555 = ORIENTED_EDGE ( 'NONE', *, *, #467, .F. ) ;
#11556 = CARTESIAN_POINT ( 'NONE',  ( 11.02500000000000036, -10.45000000000000107, -4.999999999999999112 ) ) ;
#11557 = CARTESIAN_POINT ( 'NONE',  ( -9.039999999999999147, -9.039999999999999147, 0.000000000000000000 ) ) ;
#11558 = DIRECTION ( 'NONE',  ( -0.000000000000000000, 1.000000000000000000, -0.000000000000000000 ) ) ;
#11559 = CARTESIAN_POINT ( 'NONE',  ( 23.47257028439396365, -6.801045849457858061, 3.499999999999992895 ) ) ;
#11560 = CARTESIAN_POINT ( 'NONE',  ( 24.27169036153837212, -13.47554082579415180, 4.000000000000007105 ) ) ;
#11561 = ORIENTED_EDGE ( 'NONE', *, *, #10894, .T. ) ;
#11562 = DIRECTION ( 'NONE',  ( -0.000000000000000000, -0.000000000000000000, -1.000000000000000000 ) ) ;
#11563 = CARTESIAN_POINT ( 'NONE',  ( -74.51999999999999602, -1.366094737331735587E-14, 1.734723475976807094E-15 ) ) ;
#11564 = EDGE_CURVE ( 'NONE', #7826, #4906, #9924, .T. ) ;
#11565 = EDGE_CURVE ( 'NONE', #5415, #9437, #4799, .T. ) ;
#11566 = ADVANCED_FACE ( 'NONE', ( #6544 ), #4814, .F. ) ;
#11567 = CARTESIAN_POINT ( 'NONE',  ( -9.199999999999995737, -17.99999999999999645, 10.09999999999999964 ) ) ;
#11568 = ORIENTED_EDGE ( 'NONE', *, *, #6267, .F. ) ;
#11569 = VECTOR ( 'NONE', #3957, 1000.000000000000000 ) ;
#11570 = CARTESIAN_POINT ( 'NONE',  ( -18.99999999999999645, 13.54999999999998828, 1.000000000000002665 ) ) ;
#11571 = CARTESIAN_POINT ( 'NONE',  ( -9.199999999999997513, -10.59999999999999787, 3.499999999999999556 ) ) ;
#11572 = DIRECTION ( 'NONE',  ( 0.9807775087999636154, 0.1951293884378708099, 0.000000000000000000 ) ) ;
#11573 = B_SPLINE_SURFACE_WITH_KNOTS ( 'NONE', 3, 1, ( 
 ( #5910, #2066 ),
 ( #6576, #10226 ),
 ( #5745, #1113 ),
 ( #7462, #11258 ),
 ( #3027, #9740 ),
 ( #3391, #4300 ),
 ( #5009, #8664 ),
 ( #567, #8792 ),
 ( #5260, #1596 ),
 ( #11699, #10716 ),
 ( #6089, #4364 ) ),
 .UNSPECIFIED., .F., .F., .F.,
 ( 4, 1, 1, 1, 1, 1, 1, 1, 4 ),
 ( 2, 2 ),
 ( 0.000000000000000000, 0.1282866987618476728, 0.2506491995582659227, 0.3733704039480731929, 0.5006250300408726650, 0.6280306874487204816, 0.7497234130807255426, 0.8728803749276717872, 1.000000000000000000 ),
 ( 0.000000000000000000, 1.000000000000000000 ),
 .UNSPECIFIED. ) ;
#11574 = CARTESIAN_POINT ( 'NONE',  ( 23.47244425632543852, -14.00578707242953236, 3.499999999999996003 ) ) ;
#11575 = EDGE_LOOP ( 'NONE', ( #3399, #4760 ) ) ;
#11576 = CARTESIAN_POINT ( 'NONE',  ( 25.66465490110361358, 4.825130640993461562, 6.811805131996955254 ) ) ;
#11577 = ORIENTED_EDGE ( 'NONE', *, *, #8978, .T. ) ;
#11578 = EDGE_LOOP ( 'NONE', ( #5227, #10228, #11287, #11673 ) ) ;
#11579 = DIRECTION ( 'NONE',  ( 1.000000000000000000, 0.000000000000000000, 0.000000000000000000 ) ) ;
#11580 = DIRECTION ( 'NONE',  ( -1.000000000000000000, 0.000000000000000000, -0.000000000000000000 ) ) ;
#11581 = DIRECTION ( 'NONE',  ( -8.182657905550977046E-17, 1.000000000000000000, 0.000000000000000000 ) ) ;
#11582 = EDGE_CURVE ( 'NONE', #8659, #596, #179, .T. ) ;
#11583 = FACE_OUTER_BOUND ( 'NONE', #1408, .T. ) ;
#11584 = CARTESIAN_POINT ( 'NONE',  ( 25.31691712220624524, -15.05543349420321064, 3.500000000000003109 ) ) ;
#11585 = DIRECTION ( 'NONE',  ( -0.2497379085651931507, 0.9683134704347983179, 0.000000000000000000 ) ) ;
#11586 = CARTESIAN_POINT ( 'NONE',  ( 5.199999999999996625, 11.60000000000000320, 3.500000000000000000 ) ) ;
#11587 = CARTESIAN_POINT ( 'NONE',  ( 27.58581286394571563, -11.91310387638182178, 3.500000000000006661 ) ) ;
#11588 = EDGE_LOOP ( 'NONE', ( #1380, #7540 ) ) ;
#11589 = ORIENTED_EDGE ( 'NONE', *, *, #4773, .F. ) ;
#11590 = CARTESIAN_POINT ( 'NONE',  ( -17.00000000000000000, 41.99999999999997868, 2.000000000000000000 ) ) ;
#11591 = ORIENTED_EDGE ( 'NONE', *, *, #10160, .T. ) ;
#11592 = CARTESIAN_POINT ( 'NONE',  ( -16.99999999999999645, 36.51922359359556225, -5.363961030678932040 ) ) ;
#11593 = ORIENTED_EDGE ( 'NONE', *, *, #6843, .T. ) ;
#11594 = DIRECTION ( 'NONE',  ( 1.000000000000000000, 0.000000000000000000, 0.000000000000000000 ) ) ;
#11595 = EDGE_CURVE ( 'NONE', #3164, #10621, #9404, .T. ) ;
#11596 = ORIENTED_EDGE ( 'NONE', *, *, #9412, .F. ) ;
#11597 = FACE_OUTER_BOUND ( 'NONE', #1516, .T. ) ;
#11598 = CARTESIAN_POINT ( 'NONE',  ( -9.039999999999999147, 9.039999999999999147, 2.000000000000000000 ) ) ;
#11599 = FACE_OUTER_BOUND ( 'NONE', #11036, .T. ) ;
#11600 = ORIENTED_EDGE ( 'NONE', *, *, #3484, .F. ) ;
#11601 = ORIENTED_EDGE ( 'NONE', *, *, #1811, .F. ) ;
#11602 = DIRECTION ( 'NONE',  ( -0.2236320174572738462, -0.9746736483397864248, 0.000000000000000000 ) ) ;
#11603 = CARTESIAN_POINT ( 'NONE',  ( 23.77201865095422662, -7.097953595255734882, 3.500000000000003109 ) ) ;
#11604 = ORIENTED_EDGE ( 'NONE', *, *, #1221, .F. ) ;
#11605 = VECTOR ( 'NONE', #9661, 1000.000000000000000 ) ;
#11606 = FACE_OUTER_BOUND ( 'NONE', #10811, .T. ) ;
#11607 = VERTEX_POINT ( 'NONE', #2154 ) ;
#11608 = CARTESIAN_POINT ( 'NONE',  ( 27.51982222677971635, -13.84883583983583932, 3.500000000000003109 ) ) ;
#11609 = EDGE_LOOP ( 'NONE', ( #6124, #9787 ) ) ;
#11610 = PLANE ( 'NONE',  #9493 ) ;
#11611 = VECTOR ( 'NONE', #3477, 1000.000000000000000 ) ;
#11612 = VECTOR ( 'NONE', #2885, 1000.000000000000000 ) ;
#11613 = DIRECTION ( 'NONE',  ( 1.000000000000000000, 0.000000000000000000, 0.000000000000000000 ) ) ;
#11614 = ADVANCED_FACE ( 'NONE', ( #1146 ), #10314, .F. ) ;
#11615 = ORIENTED_EDGE ( 'NONE', *, *, #4668, .F. ) ;
#11616 = ORIENTED_EDGE ( 'NONE', *, *, #9754, .F. ) ;
#11617 = DIRECTION ( 'NONE',  ( 0.000000000000000000, 0.000000000000000000, 1.000000000000000000 ) ) ;
#11618 = DIRECTION ( 'NONE',  ( -1.000000000000000000, 0.000000000000000000, 0.000000000000000000 ) ) ;
#11619 = ORIENTED_EDGE ( 'NONE', *, *, #10925, .F. ) ;
#11620 = LINE ( 'NONE', #6913, #1557 ) ;
#11621 = ORIENTED_EDGE ( 'NONE', *, *, #11660, .T. ) ;
#11622 = CIRCLE ( 'NONE', #11827, 1.100000000000000311 ) ;
#11623 = ADVANCED_FACE ( 'NONE', ( #7551 ), #5772, .F. ) ;
#11624 = CARTESIAN_POINT ( 'NONE',  ( 27.66666666666665719, -9.415980984556885147, 3.499999999999999556 ) ) ;
#11625 = LINE ( 'NONE', #1405, #10453 ) ;
#11626 = CARTESIAN_POINT ( 'NONE',  ( 23.94613188938543402, -7.133579502937973160, 3.499999999999999556 ) ) ;
#11627 = EDGE_LOOP ( 'NONE', ( #4552, #1705, #6869, #2758 ) ) ;
#11628 = CARTESIAN_POINT ( 'NONE',  ( 39.19999999999998863, -10.98148579224919175, 3.499999999999999556 ) ) ;
#11629 = ORIENTED_EDGE ( 'NONE', *, *, #9471, .T. ) ;
#11630 = CARTESIAN_POINT ( 'NONE',  ( -9.039999999999999147, 9.039999999999999147, 2.000000000000000000 ) ) ;
#11631 = ADVANCED_FACE ( 'NONE', ( #11288 ), #3050, .F. ) ;
#11632 = DIRECTION ( 'NONE',  ( -0.000000000000000000, 0.000000000000000000, 1.000000000000000000 ) ) ;
#11633 = AXIS2_PLACEMENT_3D ( 'NONE', #4370, #3206, #7838 ) ;
#11634 = DIRECTION ( 'NONE',  ( 0.000000000000000000, 0.000000000000000000, -1.000000000000000000 ) ) ;
#11635 = DIRECTION ( 'NONE',  ( -0.000000000000000000, -0.000000000000000000, -1.000000000000000000 ) ) ;
#11636 = CARTESIAN_POINT ( 'NONE',  ( 25.35897435897435059, -18.00000000000000000, 4.000000000000000000 ) ) ;
#11637 = CARTESIAN_POINT ( 'NONE',  ( 24.59505810192151642, -14.92497852277270098, 3.499999999999999556 ) ) ;
#11638 = ADVANCED_FACE ( 'NONE', ( #7509, #11182 ), #6374, .F. ) ;
#11639 = EDGE_CURVE ( 'NONE', #9966, #7280, #3429, .T. ) ;
#11640 = EDGE_CURVE ( 'NONE', #224, #9797, #8363, .T. ) ;
#11641 = VECTOR ( 'NONE', #9788, 1000.000000000000000 ) ;
#11642 = DIRECTION ( 'NONE',  ( 1.000000000000000000, 9.637352644315597708E-17, -0.000000000000000000 ) ) ;
#11643 = LINE ( 'NONE', #1547, #4206 ) ;
#11644 = LINE ( 'NONE', #4438, #4025 ) ;
#11645 = ORIENTED_EDGE ( 'NONE', *, *, #5031, .T. ) ;
#11646 = ORIENTED_EDGE ( 'NONE', *, *, #7150, .T. ) ;
#11647 = CYLINDRICAL_SURFACE ( 'NONE', #3165, 1.250000000000001110 ) ;
#11648 = PLANE ( 'NONE',  #2034 ) ;
#11649 = CARTESIAN_POINT ( 'NONE',  ( 20.99999999999999289, 3.469446951953614189E-15, -16.99999999999999289 ) ) ;
#11650 = FACE_OUTER_BOUND ( 'NONE', #823, .T. ) ;
#11651 = LINE ( 'NONE', #7067, #3037 ) ;
#11652 = CARTESIAN_POINT ( 'NONE',  ( 25.11595672024664694, -15.03324581362942425, 3.500000000000006661 ) ) ;
#11653 = AXIS2_PLACEMENT_3D ( 'NONE', #8927, #2721, #10843 ) ;
#11654 = DIRECTION ( 'NONE',  ( 1.000000000000000000, 0.000000000000000000, 0.000000000000000000 ) ) ;
#11655 = FACE_OUTER_BOUND ( 'NONE', #7847, .T. ) ;
#11656 = CARTESIAN_POINT ( 'NONE',  ( 24.36964554377141567, -6.978146654706662844, 3.500000000000003109 ) ) ;
#11657 = ORIENTED_EDGE ( 'NONE', *, *, #11262, .T. ) ;
#11658 = EDGE_LOOP ( 'NONE', ( #7464, #8546, #11394, #6764 ) ) ;
#11659 = LINE ( 'NONE', #8943, #325 ) ;
#11660 = EDGE_CURVE ( 'NONE', #4681, #3373, #10942, .T. ) ;
#11661 = VERTEX_POINT ( 'NONE', #4514 ) ;
#11662 = CARTESIAN_POINT ( 'NONE',  ( -17.00000000000000000, -18.00000000000000355, 1.999999999999998224 ) ) ;
#11663 = EDGE_LOOP ( 'NONE', ( #7445, #9730, #7190, #6121 ) ) ;
#11664 = CIRCLE ( 'NONE', #11455, 0.9499999999999995115 ) ;
#11665 = CARTESIAN_POINT ( 'NONE',  ( 24.31557175256079972, -13.63178720494136265, 4.000000000000000000 ) ) ;
#11666 = ORIENTED_EDGE ( 'NONE', *, *, #6373, .F. ) ;
#11667 = ORIENTED_EDGE ( 'NONE', *, *, #11147, .F. ) ;
#11668 = CARTESIAN_POINT ( 'NONE',  ( -74.51999999999999602, 1.999999999999986233, 1.734723475976807094E-15 ) ) ;
#11669 = DIRECTION ( 'NONE',  ( 7.228014483236699822E-18, 1.000000000000000000, -0.000000000000000000 ) ) ;
#11670 = AXIS2_PLACEMENT_3D ( 'NONE', #9648, #8702, #1386 ) ;
#11671 = CARTESIAN_POINT ( 'NONE',  ( 23.37567807909021056, -9.221978230220921446, 3.499999999999999556 ) ) ;
#11672 = ADVANCED_FACE ( 'NONE', ( #11794 ), #1855, .F. ) ;
#11673 = ORIENTED_EDGE ( 'NONE', *, *, #5995, .T. ) ;
#11674 = CARTESIAN_POINT ( 'NONE',  ( 25.99999999999999289, 7.050000000000004263, 3.599999999999999201 ) ) ;
#11675 = DIRECTION ( 'NONE',  ( 0.9634530185058026719, -0.2678773621119510118, 0.000000000000000000 ) ) ;
#11676 = EDGE_LOOP ( 'NONE', ( #1186, #3458, #3273, #7205 ) ) ;
#11677 = CARTESIAN_POINT ( 'NONE',  ( 27.16980469903909068, 9.399932332239817612, 6.767750931287848104 ) ) ;
#11678 = DIRECTION ( 'NONE',  ( 9.637352644315597708E-17, -1.000000000000000000, 0.000000000000000000 ) ) ;
#11679 = ADVANCED_BREP_SHAPE_REPRESENTATION ( 'CamHolder', ( #5810, #9918, #2059, #5639, #1812, #5957, #3192 ), #4178 ) ;
#11680 = ORIENTED_EDGE ( 'NONE', *, *, #6114, .T. ) ;
#11681 = CARTESIAN_POINT ( 'NONE',  ( 28.47846413060095472, -14.08327171051219295, 3.499999999999992895 ) ) ;
#11682 = AXIS2_PLACEMENT_3D ( 'NONE', #353, #5032, #8745 ) ;
#11683 = EDGE_CURVE ( 'NONE', #5108, #10116, #9901, .T. ) ;
#11684 = VECTOR ( 'NONE', #6694, 1000.000000000000000 ) ;
#11685 = VERTEX_POINT ( 'NONE', #1805 ) ;
#11686 = FACE_OUTER_BOUND ( 'NONE', #5221, .T. ) ;
#11687 = CARTESIAN_POINT ( 'NONE',  ( 25.19350029308479222, 4.551964127009847871, 5.999999999999998224 ) ) ;
#11688 = VERTEX_POINT ( 'NONE', #9176 ) ;
#11689 = VERTEX_POINT ( 'NONE', #5475 ) ;
#11690 = B_SPLINE_SURFACE_WITH_KNOTS ( 'NONE', 3, 1, ( 
 ( #7307, #11099 ),
 ( #1070, #10979 ),
 ( #4749, #2090 ),
 ( #1138, #7484 ),
 ( #7545, #287 ),
 ( #2930, #3855 ),
 ( #6647, #8574 ) ),
 .UNSPECIFIED., .F., .F., .F.,
 ( 4, 1, 1, 1, 4 ),
 ( 2, 2 ),
 ( 0.000000000000000000, 0.2636630635207407591, 0.5231302484245149431, 0.7670950153782087888, 1.000000000000000000 ),
 ( 0.000000000000000000, 1.000000000000000000 ),
 .UNSPECIFIED. ) ;
#11691 = AXIS2_PLACEMENT_3D ( 'NONE', #4726, #10283, #7396 ) ;
#11692 = CARTESIAN_POINT ( 'NONE',  ( 23.82391318357954191, -8.191584112597499967, 3.999999999999996447 ) ) ;
#11693 = DIRECTION ( 'NONE',  ( 1.000000000000000000, 0.000000000000000000, 0.000000000000000000 ) ) ;
#11694 = DIRECTION ( 'NONE',  ( -0.000000000000000000, -0.000000000000000000, 1.000000000000000000 ) ) ;
#11695 = EDGE_CURVE ( 'NONE', #6392, #5887, #901, .T. ) ;
#11696 = ORIENTED_EDGE ( 'NONE', *, *, #9558, .F. ) ;
#11697 = CIRCLE ( 'NONE', #7842, 1.100000000000000311 ) ;
#11698 = CYLINDRICAL_SURFACE ( 'NONE', #5922, 0.9750000000000001998 ) ;
#11699 = CARTESIAN_POINT ( 'NONE',  ( 24.52365470821892046, -6.554231728094966236, 3.499999999999999556 ) ) ;
#11700 = CARTESIAN_POINT ( 'NONE',  ( 23.44142414705410360, -6.698237938740722264, 3.499999999999999556 ) ) ;
#11701 = DIRECTION ( 'NONE',  ( 0.000000000000000000, -0.000000000000000000, -1.000000000000000000 ) ) ;
#11702 = ORIENTED_EDGE ( 'NONE', *, *, #7951, .F. ) ;
#11703 = CARTESIAN_POINT ( 'NONE',  ( 25.55228365384614264, -8.872110792249191746, 3.499999999999999556 ) ) ;
#11704 = DIRECTION ( 'NONE',  ( -1.000000000000000000, 0.000000000000000000, 0.000000000000000000 ) ) ;
#11705 = CARTESIAN_POINT ( 'NONE',  ( 25.57765273266973693, -8.895808872044877802, 3.500000000000003109 ) ) ;
#11706 = EDGE_CURVE ( 'NONE', #1388, #941, #8407, .T. ) ;
#11707 = FACE_BOUND ( 'NONE', #2801, .T. ) ;
#11708 = VECTOR ( 'NONE', #5985, 1000.000000000000114 ) ;
#11709 = VECTOR ( 'NONE', #10198, 1000.000000000000000 ) ;
#11710 = DIRECTION ( 'NONE',  ( 9.637352644315598941E-17, -1.000000000000000000, 0.000000000000000000 ) ) ;
#11711 = EDGE_CURVE ( 'NONE', #4825, #9064, #1876, .T. ) ;
#11712 = VERTEX_POINT ( 'NONE', #7999 ) ;
#11713 = CARTESIAN_POINT ( 'NONE',  ( 27.44374107548153319, -13.91073318617521437, 3.499999999999999556 ) ) ;
#11714 = CARTESIAN_POINT ( 'NONE',  ( -17.89999999999999503, 13.54999999999998828, -20.20000000000000284 ) ) ;
#11715 = ORIENTED_EDGE ( 'NONE', *, *, #10609, .F. ) ;
#11716 = CARTESIAN_POINT ( 'NONE',  ( 25.95092147435896734, -11.68661399737739792, 3.499999999999996003 ) ) ;
#11717 = CARTESIAN_POINT ( 'NONE',  ( 24.44318136151033016, -9.885100171127668034, 3.500000000000006661 ) ) ;
#11718 = AXIS2_PLACEMENT_3D ( 'NONE', #166, #225, #11154 ) ;
#11719 = CARTESIAN_POINT ( 'NONE',  ( -76.02999999999998693, 11.39999999999998614, 0.4500000000000025091 ) ) ;
#11720 = CARTESIAN_POINT ( 'NONE',  ( 26.50841908965827898, -10.38668280141953382, 3.500000000000003109 ) ) ;
#11721 = CARTESIAN_POINT ( 'NONE',  ( 24.46961134001542959, 5.400633288382885588, 6.724059395820003004 ) ) ;
#11722 = EDGE_CURVE ( 'NONE', #5736, #11373, #3503, .T. ) ;
#11723 = CARTESIAN_POINT ( 'NONE',  ( 25.99999999999999289, 7.050000000000004263, 12.08528137423856741 ) ) ;
#11724 = CARTESIAN_POINT ( 'NONE',  ( 26.76923076923075939, -9.530163676864578548, 3.499999999999999556 ) ) ;
#11725 = CARTESIAN_POINT ( 'NONE',  ( 25.84207012592564467, -9.664515515022191749, 4.000000000000000000 ) ) ;
#11726 = LINE ( 'NONE', #5407, #11339 ) ;
#11727 = ORIENTED_EDGE ( 'NONE', *, *, #3694, .T. ) ;
#11728 = FACE_OUTER_BOUND ( 'NONE', #6313, .T. ) ;
#11729 = ORIENTED_EDGE ( 'NONE', *, *, #9101, .T. ) ;
#11730 = LINE ( 'NONE', #3491, #1897 ) ;
#11731 = ORIENTED_EDGE ( 'NONE', *, *, #6206, .T. ) ;
#11732 = PLANE ( 'NONE',  #2078 ) ;
#11733 = ORIENTED_EDGE ( 'NONE', *, *, #6068, .T. ) ;
#11734 = ORIENTED_EDGE ( 'NONE', *, *, #5301, .F. ) ;
#11735 = CARTESIAN_POINT ( 'NONE',  ( -25.99999999999999289, 9.549999999999988276, 1.000000000000000888 ) ) ;
#11736 = CARTESIAN_POINT ( 'NONE',  ( 23.38513203377213756, 6.819586200076037663, 6.814029407017137885 ) ) ;
#11737 = VECTOR ( 'NONE', #6625, 1000.000000000000000 ) ;
#11738 = EDGE_CURVE ( 'NONE', #35, #5044, #10309, .T. ) ;
#11739 = EDGE_CURVE ( 'NONE', #5044, #35, #8030, .T. ) ;
#11740 = EDGE_LOOP ( 'NONE', ( #4802, #1288, #5586, #1260, #8624, #5868 ) ) ;
#11741 = DIRECTION ( 'NONE',  ( -1.000000000000000000, 0.000000000000000000, 0.000000000000000000 ) ) ;
#11742 = CARTESIAN_POINT ( 'NONE',  ( -38.26999999999998892, 7.049999999999989164, 1.000000000000013101 ) ) ;
#11743 = ORIENTED_EDGE ( 'NONE', *, *, #6682, .T. ) ;
#11744 = LINE ( 'NONE', #5362, #10505 ) ;
#11745 = ORIENTED_EDGE ( 'NONE', *, *, #9867, .T. ) ;
#11746 = CARTESIAN_POINT ( 'NONE',  ( 26.44628008407043396, -14.17400326296735358, 3.500000000000003109 ) ) ;
#11747 = VECTOR ( 'NONE', #2454, 1000.000000000000114 ) ;
#11748 = EDGE_CURVE ( 'NONE', #11803, #3963, #3672, .T. ) ;
#11749 = DIRECTION ( 'NONE',  ( 0.000000000000000000, 0.000000000000000000, 1.000000000000000000 ) ) ;
#11750 = ORIENTED_EDGE ( 'NONE', *, *, #7769, .T. ) ;
#11751 = EDGE_CURVE ( 'NONE', #1792, #5657, #11744, .T. ) ;
#11752 = ORIENTED_EDGE ( 'NONE', *, *, #7537, .F. ) ;
#11753 = AXIS2_PLACEMENT_3D ( 'NONE', #4282, #6014, #7022 ) ;
#11754 = CARTESIAN_POINT ( 'NONE',  ( 24.26923076923076295, -9.424995407633808497, 3.500000000000003109 ) ) ;
#11755 = DIRECTION ( 'NONE',  ( 0.000000000000000000, 0.000000000000000000, -1.000000000000000000 ) ) ;
#11756 = ORIENTED_EDGE ( 'NONE', *, *, #4171, .T. ) ;
#11757 = FACE_OUTER_BOUND ( 'NONE', #6512, .T. ) ;
#11758 = AXIS2_PLACEMENT_3D ( 'NONE', #10016, #2580, #8122 ) ;
#11759 = DIRECTION ( 'NONE',  ( 1.000000000000000000, 0.000000000000000000, 0.000000000000000000 ) ) ;
#11760 = CARTESIAN_POINT ( 'NONE',  ( 25.35897435897435059, -5.340460151223551222, 3.499999999999999556 ) ) ;
#11761 = CARTESIAN_POINT ( 'NONE',  ( 25.99999999999999289, 7.050000000000004263, 3.599999999999999201 ) ) ;
#11762 = CARTESIAN_POINT ( 'NONE',  ( 13.00000000000000000, 12.09999999999999964, 10.09999999999999964 ) ) ;
#11763 = LINE ( 'NONE', #11005, #2498 ) ;
#11764 = DIRECTION ( 'NONE',  ( 1.000000000000000000, 0.000000000000000000, 0.000000000000000000 ) ) ;
#11765 = DIRECTION ( 'NONE',  ( 0.5773502691896256200, 0.5773502691896241767, 0.5773502691896273964 ) ) ;
#11766 = VECTOR ( 'NONE', #6230, 1000.000000000000000 ) ;
#11767 = CARTESIAN_POINT ( 'NONE',  ( 23.37255193828550404, -13.44111070838618538, 3.500000000000003109 ) ) ;
#11768 = DIRECTION ( 'NONE',  ( -0.000000000000000000, -0.000000000000000000, -1.000000000000000000 ) ) ;
#11769 = DIRECTION ( 'NONE',  ( 0.000000000000000000, 0.000000000000000000, 1.000000000000000000 ) ) ;
#11770 = CARTESIAN_POINT ( 'NONE',  ( 25.99999999999999289, 7.050000000000004263, 3.599999999999999201 ) ) ;
#11771 = VECTOR ( 'NONE', #11774, 1000.000000000000000 ) ;
#11772 = DIRECTION ( 'NONE',  ( -1.000000000000000000, 0.000000000000000000, 0.000000000000000000 ) ) ;
#11773 = CARTESIAN_POINT ( 'NONE',  ( -9.199999999999999289, -10.59999999999999787, 2.000000000000000000 ) ) ;
#11774 = DIRECTION ( 'NONE',  ( -1.000000000000000000, 0.000000000000000000, 0.000000000000000000 ) ) ;
#11775 = LINE ( 'NONE', #5218, #8862 ) ;
#11777 = CARTESIAN_POINT ( 'NONE',  ( 27.37116117973609875, -11.84210071320305424, 3.500000000000003109 ) ) ;
#11776 = VECTOR ( 'NONE', #3576, 1000.000000000000000 ) ;
#11778 = ORIENTED_EDGE ( 'NONE', *, *, #6276, .T. ) ;
#11779 = PLANE ( 'NONE',  #6081 ) ;
#11780 = LINE ( 'NONE', #11662, #6122 ) ;
#11781 = ORIENTED_EDGE ( 'NONE', *, *, #1918, .T. ) ;
#11782 = EDGE_CURVE ( 'NONE', #10872, #5555, #9533, .T. ) ;
#11783 = B_SPLINE_CURVE_WITH_KNOTS ( 'NONE', 3,
 ( #1724, #8313, #80, #10159, #1941, #820, #5626, #1044, #2901, #6572, #3134 ),
 .UNSPECIFIED., .F., .F.,
 ( 4, 1, 1, 1, 1, 1, 1, 1, 4 ),
 ( 0.000000000000000000, 0.1381355455281877975, 0.2684506686800450792, 0.3942530064338322648, 0.5180986679418649876, 0.6385184547224836971, 0.7569658908781730089, 0.8772747938537108769, 1.000000000000000000 ),
 .UNSPECIFIED. ) ;
#11784 = DIRECTION ( 'NONE',  ( -0.000000000000000000, -0.000000000000000000, 1.000000000000000000 ) ) ;
#11785 = B_SPLINE_SURFACE_WITH_KNOTS ( 'NONE', 3, 1, ( 
 ( #6224, #8809 ),
 ( #7181, #586 ),
 ( #8991, #3288 ),
 ( #7064, #1552 ),
 ( #711, #5213 ),
 ( #2616, #8870 ),
 ( #4317, #7971 ),
 ( #4382, #8038 ),
 ( #11717, #9879 ),
 ( #1892, #7399 ),
 ( #7339, #8383 ),
 ( #1948, #154 ),
 ( #825, #9990 ),
 ( #9273, #6390 ),
 ( #7238, #7465 ),
 ( #5507, #11018 ),
 ( #1783, #880 ),
 ( #936, #4671 ),
 ( #3584, #2909 ) ),
 .UNSPECIFIED., .F., .F., .F.,
 ( 4, 1, 1, 1, 1, 1, 1, 1, 1, 1, 1, 1, 1, 1, 1, 1, 4 ),
 ( 2, 2 ),
 ( 0.000000000000000000, 0.06116154996539602262, 0.1203363801759607110, 0.1783898341784806996, 0.2358655101693931666, 0.2941823526725292348, 0.3532419669828831821, 0.4136922142579401718, 0.4761376879043046628, 0.5394336096482424958, 0.6023842390965561400, 0.6644303114771665797, 0.7277262332211056339, 0.7924691057685014917, 0.8591605019104376906, 0.9281559975465452084, 1.000000000000000000 ),
 ( 0.000000000000000000, 1.000000000000000000 ),
 .UNSPECIFIED. ) ;
#11786 = CARTESIAN_POINT ( 'NONE',  ( 25.99799679487178850, -14.18661399737739792, 3.500000000000006661 ) ) ;
#11787 = DIRECTION ( 'NONE',  ( -0.1951293884378572652, -0.9807775087999661690, 0.000000000000000000 ) ) ;
#11788 = LINE ( 'NONE', #897, #5425 ) ;
#11789 = EDGE_CURVE ( 'NONE', #6946, #759, #6361, .T. ) ;
#11790 = EDGE_CURVE ( 'NONE', #5643, #8338, #2461, .T. ) ;
#11791 = DIRECTION ( 'NONE',  ( 0.000000000000000000, 0.000000000000000000, -1.000000000000000000 ) ) ;
#11792 = LINE ( 'NONE', #1755, #8094 ) ;
#11793 = ORIENTED_EDGE ( 'NONE', *, *, #6386, .F. ) ;
#11794 = FACE_OUTER_BOUND ( 'NONE', #9342, .T. ) ;
#11795 = VERTEX_POINT ( 'NONE', #3238 ) ;
#11796 = CARTESIAN_POINT ( 'NONE',  ( 27.38942547505419256, -14.92760095654060137, 3.499999999999989342 ) ) ;
#11797 = CLOSED_SHELL ( 'NONE', ( #3610, #5021, #2021, #350, #3969, #10125 ) ) ;
#11798 = EDGE_CURVE ( 'NONE', #10185, #8273, #2398, .T. ) ;
#11799 = ADVANCED_FACE ( 'NONE', ( #5043 ), #8640, .F. ) ;
#11800 = ADVANCED_FACE ( 'NONE', ( #5103 ), #6892, .F. ) ;
#11801 = ORIENTED_EDGE ( 'NONE', *, *, #7144, .T. ) ;
#11802 = DIRECTION ( 'NONE',  ( 0.000000000000000000, -0.000000000000000000, -1.000000000000000000 ) ) ;
#11803 = VERTEX_POINT ( 'NONE', #1501 ) ;
#11804 = AXIS2_PLACEMENT_3D ( 'NONE', #6850, #746, #3258 ) ;
#11805 = ORIENTED_EDGE ( 'NONE', *, *, #4829, .F. ) ;
#11806 = ADVANCED_FACE ( 'NONE', ( #3428 ), #7055, .T. ) ;
#11807 = CYLINDRICAL_SURFACE ( 'NONE', #10236, 2.624999999999998668 ) ;
#11808 = ADVANCED_FACE ( 'NONE', ( #1381 ), #4155, .F. ) ;
#11809 = CARTESIAN_POINT ( 'NONE',  ( 23.37179487179486514, -9.373913676864576772, 3.999999999999988010 ) ) ;
#11810 = ORIENTED_EDGE ( 'NONE', *, *, #7987, .T. ) ;
#11811 = EDGE_CURVE ( 'NONE', #10945, #6339, #7739, .T. ) ;
#11812 = EDGE_LOOP ( 'NONE', ( #4731, #6183, #6811, #4712, #8187, #2114, #8436, #11168, #10168, #4854, #198, #10143, #1730, #3502, #9354, #11152, #8496, #584, #1255, #5828, #9257, #3490, #4775, #5623, #4993, #1775, #5836, #3171, #9357, #648, #8806, #1921, #7301, #9027, #3974, #4346, #3006, #8882, #950, #10995, #1498, #1570, #5497, #1500, #7695, #6182, #1495, #5097, #10243, #2003, #10822, #11360, #9425, #7366, #3384, #5293, #1683, #8636, #10563, #8770, #5289, #2302, #9660 ) ) ;
#11813 = VECTOR ( 'NONE', #5374, 1000.000000000000000 ) ;
#11814 = CARTESIAN_POINT ( 'NONE',  ( 23.70245846538453804, -12.38740079088739598, 3.499999999999989342 ) ) ;
#11815 = CARTESIAN_POINT ( 'NONE',  ( 24.52564102564101844, -18.00000000000000000, 4.000000000000000000 ) ) ;
#11816 = DIRECTION ( 'NONE',  ( -1.000000000000000000, 0.000000000000000000, 0.000000000000000000 ) ) ;
#11817 = CARTESIAN_POINT ( 'NONE',  ( 41.19999999999999574, 26.99999999999998224, -8.673617379884035472E-16 ) ) ;
#11818 = CARTESIAN_POINT ( 'NONE',  ( -41.96999999999999176, 7.049999999999990052, 1.000000000000013101 ) ) ;
#11819 = EDGE_CURVE ( 'NONE', #8591, #7313, #7800, .T. ) ;
#11820 = DIRECTION ( 'NONE',  ( 1.000000000000000000, 0.000000000000000000, 0.000000000000000000 ) ) ;
#11821 = VECTOR ( 'NONE', #9849, 999.9999999999998863 ) ;
#11822 = CARTESIAN_POINT ( 'NONE',  ( 25.99999999999999289, 7.050000000000004263, 3.599999999999999201 ) ) ;
#11823 = EDGE_LOOP ( 'NONE', ( #11616, #2330 ) ) ;
#11824 = EDGE_CURVE ( 'NONE', #8674, #2844, #7013, .T. ) ;
#11825 = DIRECTION ( 'NONE',  ( 0.000000000000000000, 0.000000000000000000, -1.000000000000000000 ) ) ;
#11826 = ORIENTED_EDGE ( 'NONE', *, *, #5619, .T. ) ;
#11827 = AXIS2_PLACEMENT_3D ( 'NONE', #7360, #2024, #11039 ) ;
#11828 = CARTESIAN_POINT ( 'NONE',  ( 23.86886519792581396, -14.55119597758815431, 3.999999999999996447 ) ) ;
#11829 = CARTESIAN_POINT ( 'NONE',  ( 48.29999999999999005, -13.45000000000001350, -1.734723475976807094E-15 ) ) ;
#11830 = CARTESIAN_POINT ( 'NONE',  ( -3.700000000000001954, 11.60000000000000320, 2.000000000000000000 ) ) ;
#11831 = LINE ( 'NONE', #777, #5769 ) ;
#11832 = FACE_BOUND ( 'NONE', #9520, .T. ) ;
#11833 = CARTESIAN_POINT ( 'NONE',  ( 25.99999999999999289, 7.050000000000004263, 0.000000000000000000 ) ) ;
#11834 = VECTOR ( 'NONE', #2305, 1000.000000000000000 ) ;
#11835 = DIRECTION ( 'NONE',  ( 1.000000000000000000, 0.000000000000000000, 0.000000000000000000 ) ) ;
#11836 = EDGE_LOOP ( 'NONE', ( #1428, #7694, #8222, #3527, #10224, #5369, #1919, #8796, #7335, #9, #10968 ) ) ;
#11837 = EDGE_LOOP ( 'NONE', ( #9898, #3450, #9671, #10637 ) ) ;
#11838 = DIRECTION ( 'NONE',  ( 0.000000000000000000, 0.000000000000000000, -1.000000000000000000 ) ) ;
#11839 = FACE_OUTER_BOUND ( 'NONE', #7453, .T. ) ;
#11840 = EDGE_CURVE ( 'NONE', #1006, #3168, #919, .T. ) ;
#11841 = LINE ( 'NONE', #3661, #10475 ) ;
#11842 = ORIENTED_EDGE ( 'NONE', *, *, #8897, .T. ) ;
#11843 = LINE ( 'NONE', #2689, #10883 ) ;
#11844 = CIRCLE ( 'NONE', #5873, 2.624999999999998668 ) ;
#11845 = DIRECTION ( 'NONE',  ( -1.000000000000000000, 0.000000000000000000, 0.000000000000000000 ) ) ;
#11846 = CYLINDRICAL_SURFACE ( 'NONE', #8120, 2.624999999999998668 ) ;
#11847 = DIRECTION ( 'NONE',  ( -0.000000000000000000, -0.000000000000000000, -1.000000000000000000 ) ) ;
#11848 = EDGE_CURVE ( 'NONE', #2725, #11131, #2518, .T. ) ;
#11849 = EDGE_LOOP ( 'NONE', ( #3094, #7796, #10478, #708 ) ) ;
#11850 = DIRECTION ( 'NONE',  ( 1.000000000000000000, 0.000000000000000000, 0.000000000000000000 ) ) ;
#11851 = ORIENTED_EDGE ( 'NONE', *, *, #2438, .T. ) ;
#11852 = CARTESIAN_POINT ( 'NONE',  ( 25.99999999999999289, 7.050000000000004263, 3.599999999999999201 ) ) ;
#11853 = VECTOR ( 'NONE', #8322, 1000.000000000000000 ) ;
#11854 = EDGE_CURVE ( 'NONE', #10303, #11373, #1095, .T. ) ;
#11855 = AXIS2_PLACEMENT_3D ( 'NONE', #4523, #3509, #2537 ) ;
#11856 = DIRECTION ( 'NONE',  ( 0.000000000000000000, 0.000000000000000000, 1.000000000000000000 ) ) ;
#11857 = ORIENTED_EDGE ( 'NONE', *, *, #7720, .F. ) ;
#11858 = AXIS2_PLACEMENT_3D ( 'NONE', #321, #4179, #9603 ) ;
#11859 = VERTEX_POINT ( 'NONE', #10978 ) ;
#11860 = DIRECTION ( 'NONE',  ( 0.000000000000000000, 0.7071067811865422437, 0.7071067811865526798 ) ) ;
#11861 = ADVANCED_FACE ( 'NONE', ( #1688 ), #5464, .F. ) ;
#11862 = EDGE_CURVE ( 'NONE', #7877, #5511, #3988, .T. ) ;
#11863 = AXIS2_PLACEMENT_3D ( 'NONE', #2680, #1899, #1126 ) ;
#11864 = EDGE_LOOP ( 'NONE', ( #1854, #6561, #6692, #9782, #2269, #6104, #10440 ) ) ;
#11865 = VERTEX_POINT ( 'NONE', #2633 ) ;
#11866 = EDGE_LOOP ( 'NONE', ( #10486, #5070, #4627, #7687, #10245 ) ) ;
#11867 = CARTESIAN_POINT ( 'NONE',  ( 23.44009993635634004, -9.867780186532751685, 3.999999999999996447 ) ) ;
#11868 = CARTESIAN_POINT ( 'NONE',  ( 26.42517884403941864, 9.640337420217937492, 6.812377427192834567 ) ) ;
#11869 = CARTESIAN_POINT ( 'NONE',  ( -81.99999999999998579, -10.45000000000001528, 1.734723475976807094E-15 ) ) ;
#11870 = FACE_OUTER_BOUND ( 'NONE', #65, .T. ) ;
#11871 = VECTOR ( 'NONE', #11137, 1000.000000000000000 ) ;
#11872 = VECTOR ( 'NONE', #4848, 1000.000000000000000 ) ;
#11873 = DIRECTION ( 'NONE',  ( -1.000000000000000000, -5.981805089575198169E-16, 0.000000000000000000 ) ) ;
#11874 = CARTESIAN_POINT ( 'NONE',  ( 5.999999999999999112, -10.59999999999999787, 0.000000000000000000 ) ) ;
#11875 = VERTEX_POINT ( 'NONE', #10921 ) ;
#11876 = CARTESIAN_POINT ( 'NONE',  ( -18.99999999999999645, 25.54999999999999361, 1.000000000000000888 ) ) ;
#11877 = ADVANCED_FACE ( 'NONE', ( #9835 ), #7196, .F. ) ;
#11878 = DIRECTION ( 'NONE',  ( -0.000000000000000000, -0.000000000000000000, -1.000000000000000000 ) ) ;
#11879 = FACE_BOUND ( 'NONE', #10018, .T. ) ;
#11880 = CIRCLE ( 'NONE', #8984, 1.100000000000000311 ) ;
#11881 = FACE_OUTER_BOUND ( 'NONE', #9707, .T. ) ;
#11882 = DIRECTION ( 'NONE',  ( 0.000000000000000000, -1.000000000000000000, -0.000000000000000000 ) ) ;
#11883 = EDGE_CURVE ( 'NONE', #5198, #6616, #11841, .T. ) ;
#11884 = VERTEX_POINT ( 'NONE', #5294 ) ;
#11885 = CARTESIAN_POINT ( 'NONE',  ( 23.78029098570420885, -14.47336161574260416, 4.000000000000003553 ) ) ;
#11886 = CARTESIAN_POINT ( 'NONE',  ( 10.20000000000000107, -15.00000000000000355, 2.500000000000000444 ) ) ;
#11887 = DIRECTION ( 'NONE',  ( 0.000000000000000000, 0.000000000000000000, 1.000000000000000000 ) ) ;
#11888 = CARTESIAN_POINT ( 'NONE',  ( 41.19999999999999574, 13.55000000000000959, 1.025000000000002354 ) ) ;
#11889 = CARTESIAN_POINT ( 'NONE',  ( 25.99999999999999289, 5.800000000000003375, 1.799999999999999600 ) ) ;
#11890 = AXIS2_PLACEMENT_3D ( 'NONE', #8609, #3199, #1227 ) ;
#11891 = CARTESIAN_POINT ( 'NONE',  ( 26.74281309998059442, -9.841444605523706812, 4.000000000000003553 ) ) ;
#11892 = VECTOR ( 'NONE', #5831, 1000.000000000000000 ) ;
#11893 = LINE ( 'NONE', #9942, #3896 ) ;
#11894 = EDGE_CURVE ( 'NONE', #5100, #5938, #49, .T. ) ;
#11895 = CARTESIAN_POINT ( 'NONE',  ( 25.55255615559625326, -14.17386352895866786, 4.000000000000007105 ) ) ;
#11896 = ORIENTED_EDGE ( 'NONE', *, *, #9191, .F. ) ;
#11897 = VERTEX_POINT ( 'NONE', #8279 ) ;
#11898 = DIRECTION ( 'NONE',  ( -0.8101380867479922587, -0.5862390983210710171, 0.000000000000000000 ) ) ;
#11899 = FACE_OUTER_BOUND ( 'NONE', #2503, .T. ) ;
#11900 = CARTESIAN_POINT ( 'NONE',  ( 14.99999999999999112, 7.050000000000000711, 9.150000000000002132 ) ) ;
#11901 = AXIS2_PLACEMENT_3D ( 'NONE', #9552, #3392, #6152 ) ;
#11902 = EDGE_LOOP ( 'NONE', ( #9075, #10588, #9917, #8781 ) ) ;
#11903 = ORIENTED_EDGE ( 'NONE', *, *, #3851, .T. ) ;
#11904 = CARTESIAN_POINT ( 'NONE',  ( 5.199999999999992184, 11.60000000000000320, 3.500000000000003997 ) ) ;
#11905 = CARTESIAN_POINT ( 'NONE',  ( 23.87458161352005348, -6.050836505017243461, 3.999999999999993339 ) ) ;
#11906 = FACE_OUTER_BOUND ( 'NONE', #10929, .T. ) ;
#11907 = DIRECTION ( 'NONE',  ( 0.000000000000000000, 0.000000000000000000, -1.000000000000000000 ) ) ;
#11908 = ADVANCED_FACE ( 'NONE', ( #8115 ), #11732, .F. ) ;
#11909 = ORIENTED_EDGE ( 'NONE', *, *, #924, .T. ) ;
#11911 = EDGE_CURVE ( 'NONE', #9840, #4287, #725, .T. ) ;
#11910 = AXIS2_PLACEMENT_3D ( 'NONE', #7839, #6033, #5073 ) ;
ENDSEC;
END-ISO-10303-21;
