ISO-10303-21;
HEADER;
FILE_DESCRIPTION (( 'STEP AP214' ),
    '1' );
FILE_NAME ('Caster.STEP',
    '2026-09-13T15:00:19',
    ( '' ),
    ( '' ),
    'SwSTEP 2.0',
    'SolidWorks 2026',
    '' );
FILE_SCHEMA (( 'AUTOMOTIVE_DESIGN' ));
ENDSEC;

DATA;
#1 = CIRCLE ( 'NONE', #1198, 3.600000000000005862 ) ;
#2 = ORIENTED_EDGE ( 'NONE', *, *, #3053, .T. ) ;
#3 = DIRECTION ( 'NONE',  ( 1.000000000000000000, 0.000000000000000000, 0.000000000000000000 ) ) ;
#4 = EDGE_CURVE ( 'NONE', #816, #1741, #1685, .T. ) ;
#5 = CARTESIAN_POINT ( 'NONE',  ( -86.49999999999995737, 10.00000000000000000, 2.000000000000001776 ) ) ;
#6 = CARTESIAN_POINT ( 'NONE',  ( -25.00000000000000355, 6.475000000000001421, 0.000000000000000000 ) ) ;
#7 = ADVANCED_FACE ( 'NONE', ( #3485 ), #2071, .T. ) ;
#8 = CARTESIAN_POINT ( 'NONE',  ( 15.00000000000000000, -14.99999999999999645, 0.000000000000000000 ) ) ;
#9 = FACE_OUTER_BOUND ( 'NONE', #2264, .T. ) ;
#10 = ORIENTED_EDGE ( 'NONE', *, *, #3806, .F. ) ;
#11 = LINE ( 'NONE', #2067, #3874 ) ;
#12 = ORIENTED_EDGE ( 'NONE', *, *, #2230, .F. ) ;
#13 = EDGE_CURVE ( 'NONE', #2986, #3825, #3066, .T. ) ;
#14 = CARTESIAN_POINT ( 'NONE',  ( -14.99999999999992006, 15.00000000000008527, 0.000000000000000000 ) ) ;
#15 = DIRECTION ( 'NONE',  ( 0.000000000000000000, 1.000000000000000000, 0.000000000000000000 ) ) ;
#16 = EDGE_LOOP ( 'NONE', ( #1316, #4364 ) ) ;
#17 = EDGE_CURVE ( 'NONE', #59, #298, #1300, .T. ) ;
#18 = CARTESIAN_POINT ( 'NONE',  ( -128.4999999999999432, -10.00000000000000178, 10.00000000000000178 ) ) ;
#19 = CARTESIAN_POINT ( 'NONE',  ( -71.49999999999995737, 15.00000000000000355, 2.000000000000001776 ) ) ;
#20 = ORIENTED_EDGE ( 'NONE', *, *, #1644, .F. ) ;
#21 = ORIENTED_EDGE ( 'NONE', *, *, #4121, .T. ) ;
#22 = VECTOR ( 'NONE', #3487, 1000.000000000000000 ) ;
#23 = CARTESIAN_POINT ( 'NONE',  ( -49.00000000000000711, 9.999999999999998224, -22.99999999999999645 ) ) ;
#24 = DIRECTION ( 'NONE',  ( 0.000000000000000000, -1.000000000000000000, 0.000000000000000000 ) ) ;
#25 = FACE_OUTER_BOUND ( 'NONE', #3651, .T. ) ;
#26 = ADVANCED_FACE ( 'NONE', ( #3805 ), #616, .F. ) ;
#27 = VECTOR ( 'NONE', #2952, 1000.000000000000000 ) ;
#28 = EDGE_CURVE ( 'NONE', #1155, #1682, #4241, .T. ) ;
#29 = CARTESIAN_POINT ( 'NONE',  ( 0.000000000000000000, 0.000000000000000000, 1.500000000000000888 ) ) ;
#30 = AXIS2_PLACEMENT_3D ( 'NONE', #63, #2290, #3020 ) ;
#31 = EDGE_LOOP ( 'NONE', ( #4597, #4059 ) ) ;
#32 = DIRECTION ( 'NONE',  ( 0.8660254037844390407, 0.000000000000000000, 0.4999999999999991118 ) ) ;
#33 = ORIENTED_EDGE ( 'NONE', *, *, #62, .F. ) ;
#34 = DIRECTION ( 'NONE',  ( 1.000000000000000000, 0.000000000000000000, 0.000000000000000000 ) ) ;
#35 = ORIENTED_EDGE ( 'NONE', *, *, #1614, .F. ) ;
#36 = ADVANCED_FACE ( 'NONE', ( #2768 ), #2000, .F. ) ;
#37 = AXIS2_PLACEMENT_3D ( 'NONE', #3058, #608, #1249 ) ;
#38 = DIRECTION ( 'NONE',  ( 0.000000000000000000, 0.000000000000000000, 1.000000000000000000 ) ) ;
#39 = CARTESIAN_POINT ( 'NONE',  ( -86.49999999999995737, 0.000000000000000000, 2.000000000000001776 ) ) ;
#40 = ORIENTED_EDGE ( 'NONE', *, *, #2568, .F. ) ;
#41 = DIRECTION ( 'NONE',  ( 1.000000000000000000, 0.000000000000000000, 0.000000000000000000 ) ) ;
#42 = EDGE_CURVE ( 'NONE', #3276, #1728, #4617, .T. ) ;
#43 = VECTOR ( 'NONE', #3423, 1000.000000000000000 ) ;
#44 = CARTESIAN_POINT ( 'NONE',  ( -45.50000000000001421, -6.599999999999999645, 5.000000000000000000 ) ) ;
#45 = VECTOR ( 'NONE', #625, 1000.000000000000000 ) ;
#46 = ORIENTED_EDGE ( 'NONE', *, *, #3178, .T. ) ;
#47 = ORIENTED_EDGE ( 'NONE', *, *, #1735, .T. ) ;
#48 = CARTESIAN_POINT ( 'NONE',  ( -101.4999999999999574, 15.00000000000000355, 2.000000000000001776 ) ) ;
#49 = DIRECTION ( 'NONE',  ( -1.734723475976807094E-16, -1.000000000000000000, 0.000000000000000000 ) ) ;
#50 = CARTESIAN_POINT ( 'NONE',  ( -35.00000000000000000, 3.525000000000002576, -5.000000000000000888 ) ) ;
#51 = LINE ( 'NONE', #2178, #1717 ) ;
#52 = DIRECTION ( 'NONE',  ( 0.000000000000000000, -1.000000000000000000, 0.000000000000000000 ) ) ;
#53 = PLANE ( 'NONE',  #2051 ) ;
#54 = ORIENTED_EDGE ( 'NONE', *, *, #4452, .T. ) ;
#55 = CARTESIAN_POINT ( 'NONE',  ( -123.4999999999999574, -8.000000000000001776, 5.000000000000000888 ) ) ;
#56 = EDGE_LOOP ( 'NONE', ( #167, #3646, #941, #368 ) ) ;
#57 = DIRECTION ( 'NONE',  ( 1.000000000000000000, 0.000000000000000000, 0.000000000000000000 ) ) ;
#58 = CARTESIAN_POINT ( 'NONE',  ( -148.4999999999999716, 0.000000000000000000, 7.000000000000006217 ) ) ;
#59 = VERTEX_POINT ( 'NONE', #4197 ) ;
#60 = DIRECTION ( 'NONE',  ( 0.000000000000000000, 0.000000000000000000, 1.000000000000000000 ) ) ;
#61 = ADVANCED_FACE ( 'NONE', ( #2700 ), #2023, .F. ) ;
#62 = EDGE_CURVE ( 'NONE', #2702, #1727, #1852, .T. ) ;
#63 = CARTESIAN_POINT ( 'NONE',  ( -86.49999999999995737, 0.000000000000000000, 0.000000000000000000 ) ) ;
#64 = VECTOR ( 'NONE', #1365, 1000.000000000000000 ) ;
#65 = VERTEX_POINT ( 'NONE', #2743 ) ;
#66 = VERTEX_POINT ( 'NONE', #990 ) ;
#67 = DIRECTION ( 'NONE',  ( 0.000000000000000000, 1.000000000000000000, 0.000000000000000000 ) ) ;
#68 = CIRCLE ( 'NONE', #1192, 1.600000000000004086 ) ;
#69 = CIRCLE ( 'NONE', #3437, 1.600000000000001865 ) ;
#70 = LINE ( 'NONE', #1825, #1158 ) ;
#71 = EDGE_CURVE ( 'NONE', #829, #2450, #2354, .T. ) ;
#72 = CYLINDRICAL_SURFACE ( 'NONE', #3025, 1.599999999999990319 ) ;
#73 = CARTESIAN_POINT ( 'NONE',  ( -120.6999999999999460, 7.999999999999998224, 6.616580753730954889 ) ) ;
#74 = COLOUR_RGB ( '',0.7921568627450980005, 0.8196078431372548767, 0.9333333333333333481 ) ;
#75 = DIRECTION ( 'NONE',  ( 0.000000000000000000, 0.000000000000000000, 1.000000000000000000 ) ) ;
#76 = DIRECTION ( 'NONE',  ( 0.000000000000000000, -1.000000000000000000, 0.000000000000000000 ) ) ;
#77 = ORIENTED_EDGE ( 'NONE', *, *, #2580, .T. ) ;
#78 = DIRECTION ( 'NONE',  ( -1.000000000000000000, 3.528251137579945416E-15, 0.000000000000000000 ) ) ;
#79 = ORIENTED_EDGE ( 'NONE', *, *, #4496, .F. ) ;
#80 = FACE_BOUND ( 'NONE', #4621, .T. ) ;
#81 = CARTESIAN_POINT ( 'NONE',  ( -109.9749999999999233, -0.08603974018693395787, 1.384149477647044435 ) ) ;
#82 = EDGE_LOOP ( 'NONE', ( #3081, #2552 ) ) ;
#83 = LINE ( 'NONE', #2215, #137 ) ;
#84 = LINE ( 'NONE', #751, #1744 ) ;
#85 = EDGE_CURVE ( 'NONE', #2659, #3126, #1779, .T. ) ;
#86 = DIRECTION ( 'NONE',  ( -1.301042606982605074E-16, 0.000000000000000000, -1.000000000000000000 ) ) ;
#87 = ADVANCED_FACE ( 'NONE', ( #1280 ), #942, .F. ) ;
#88 = ADVANCED_FACE ( 'NONE', ( #643 ), #1639, .F. ) ;
#89 = VERTEX_POINT ( 'NONE', #921 ) ;
#90 = ORIENTED_EDGE ( 'NONE', *, *, #2738, .T. ) ;
#91 = DIRECTION ( 'NONE',  ( 0.000000000000000000, 0.000000000000000000, 1.000000000000000000 ) ) ;
#92 = EDGE_CURVE ( 'NONE', #1881, #937, #250, .T. ) ;
#93 = EDGE_LOOP ( 'NONE', ( #225, #2098 ) ) ;
#94 = DIRECTION ( 'NONE',  ( 0.000000000000000000, -1.000000000000000000, 0.000000000000000000 ) ) ;
#95 = CYLINDRICAL_SURFACE ( 'NONE', #3618, 1.475000000000000533 ) ;
#96 = FACE_OUTER_BOUND ( 'NONE', #2260, .T. ) ;
#97 = AXIS2_PLACEMENT_3D ( 'NONE', #4556, #3201, #251 ) ;
#98 = DIRECTION ( 'NONE',  ( -0.000000000000000000, 1.000000000000000000, -0.000000000000000000 ) ) ;
#99 = CARTESIAN_POINT ( 'NONE',  ( -96.49999999999994316, 10.00000000000000178, -15.00000000000000000 ) ) ;
#100 = VERTEX_POINT ( 'NONE', #226 ) ;
#101 = CIRCLE ( 'NONE', #2410, 10.89999999999999325 ) ;
#102 = CARTESIAN_POINT ( 'NONE',  ( -35.00000000000000000, -4.999999999999998224, 8.000000000000000000 ) ) ;
#103 = VERTEX_POINT ( 'NONE', #4510 ) ;
#104 = CIRCLE ( 'NONE', #4587, 1.475000000000000533 ) ;
#105 = DIRECTION ( 'NONE',  ( -1.301042606982605074E-16, 0.000000000000000000, -1.000000000000000000 ) ) ;
#106 = PLANE ( 'NONE',  #2498 ) ;
#107 = ORIENTED_EDGE ( 'NONE', *, *, #3587, .T. ) ;
#108 = CARTESIAN_POINT ( 'NONE',  ( -65.99999999999995737, -4.999999999999998224, -27.24426545165052005 ) ) ;
#109 = LINE ( 'NONE', #3296, #4512 ) ;
#110 = FACE_OUTER_BOUND ( 'NONE', #2822, .T. ) ;
#111 = VERTEX_POINT ( 'NONE', #3249 ) ;
#112 = VERTEX_POINT ( 'NONE', #1748 ) ;
#113 = AXIS2_PLACEMENT_3D ( 'NONE', #1206, #2627, #4058 ) ;
#114 = CYLINDRICAL_SURFACE ( 'NONE', #1358, 4.000000000000000000 ) ;
#115 = AXIS2_PLACEMENT_3D ( 'NONE', #3377, #3052, #952 ) ;
#116 = ORIENTED_EDGE ( 'NONE', *, *, #4579, .T. ) ;
#117 = CARTESIAN_POINT ( 'NONE',  ( -101.4999999999999574, 15.00000000000000355, 2.000000000000001776 ) ) ;
#118 = DIRECTION ( 'NONE',  ( -0.000000000000000000, 0.000000000000000000, -1.000000000000000000 ) ) ;
#119 = CARTESIAN_POINT ( 'NONE',  ( -45.50000000000001421, -3.400000000000003908, 5.000000000000000000 ) ) ;
#120 = EDGE_CURVE ( 'NONE', #2921, #103, #1410, .T. ) ;
#121 = EDGE_CURVE ( 'NONE', #4554, #1633, #750, .T. ) ;
#122 = CARTESIAN_POINT ( 'NONE',  ( -35.00000000000000000, 5.000000000000000888, 0.000000000000000000 ) ) ;
#123 = CARTESIAN_POINT ( 'NONE',  ( -50.00000000000000000, 9.999999999999998224, 8.000000000000000000 ) ) ;
#124 = ORIENTED_EDGE ( 'NONE', *, *, #4524, .F. ) ;
#125 = DIRECTION ( 'NONE',  ( 0.8660254037844389297, 0.000000000000000000, 0.4999999999999994449 ) ) ;
#126 = ORIENTED_EDGE ( 'NONE', *, *, #4070, .T. ) ;
#127 = DIRECTION ( 'NONE',  ( 0.000000000000000000, -1.000000000000000000, 0.000000000000000000 ) ) ;
#128 = CARTESIAN_POINT ( 'NONE',  ( -148.4999999999999716, -0.000000000000000000, -36.76955262170046268 ) ) ;
#129 = ORIENTED_EDGE ( 'NONE', *, *, #3976, .T. ) ;
#130 = LINE ( 'NONE', #1565, #3353 ) ;
#131 = DIRECTION ( 'NONE',  ( 0.000000000000000000, 1.000000000000000000, 0.000000000000000000 ) ) ;
#132 = DIRECTION ( 'NONE',  ( -1.000000000000000000, 0.000000000000000000, 0.000000000000000000 ) ) ;
#133 = CARTESIAN_POINT ( 'NONE',  ( 1.359357947053561959E-15, -11.09999999999999964, 57.42640687119285303 ) ) ;
#134 = ORIENTED_EDGE ( 'NONE', *, *, #150, .T. ) ;
#135 = ORIENTED_EDGE ( 'NONE', *, *, #4434, .F. ) ;
#136 = CARTESIAN_POINT ( 'NONE',  ( -65.99999999999995737, 5.000000000000000888, -27.24426545165052005 ) ) ;
#137 = VECTOR ( 'NONE', #4365, 1000.000000000000000 ) ;
#138 = ORIENTED_EDGE ( 'NONE', *, *, #4348, .T. ) ;
#139 = PLANE ( 'NONE',  #192 ) ;
#140 = VECTOR ( 'NONE', #3810, 1000.000000000000000 ) ;
#141 = FILL_AREA_STYLE ('',( #164 ) ) ;
#142 = VECTOR ( 'NONE', #2161, 1000.000000000000000 ) ;
#143 = VECTOR ( 'NONE', #716, 1000.000000000000000 ) ;
#144 = EDGE_CURVE ( 'NONE', #1754, #3923, #2981, .T. ) ;
#145 = EDGE_CURVE ( 'NONE', #816, #4547, #683, .T. ) ;
#146 = FACE_BOUND ( 'NONE', #537, .T. ) ;
#147 = ORIENTED_EDGE ( 'NONE', *, *, #2931, .F. ) ;
#148 = CYLINDRICAL_SURFACE ( 'NONE', #366, 13.00000000000001066 ) ;
#149 = ORIENTED_EDGE ( 'NONE', *, *, #3323, .T. ) ;
#150 = EDGE_CURVE ( 'NONE', #2855, #1245, #2816, .T. ) ;
#151 = COLOUR_RGB ( '',0.7921568627450980005, 0.8196078431372548767, 0.9333333333333333481 ) ;
#152 = LINE ( 'NONE', #2604, #3988 ) ;
#153 = DIRECTION ( 'NONE',  ( 0.000000000000000000, 0.000000000000000000, -1.000000000000000000 ) ) ;
#154 = ORIENTED_EDGE ( 'NONE', *, *, #4214, .T. ) ;
#155 = FACE_OUTER_BOUND ( 'NONE', #3334, .T. ) ;
#156 = FACE_OUTER_BOUND ( 'NONE', #2384, .T. ) ;
#157 = LINE ( 'NONE', #4389, #3221 ) ;
#158 = CARTESIAN_POINT ( 'NONE',  ( 10.00000000000003730, 9.999999999999968026, 15.00000000000000000 ) ) ;
#159 = EDGE_LOOP ( 'NONE', ( #4369, #3933 ) ) ;
#160 = ORIENTED_EDGE ( 'NONE', *, *, #906, .T. ) ;
#161 = CARTESIAN_POINT ( 'NONE',  ( 0.000000000000000000, 0.000000000000000000, 0.000000000000000000 ) ) ;
#162 = ORIENTED_EDGE ( 'NONE', *, *, #144, .T. ) ;
#163 = DIRECTION ( 'NONE',  ( 0.000000000000000000, 0.000000000000000000, -1.000000000000000000 ) ) ;
#164 = FILL_AREA_STYLE_COLOUR ( '', #1652 ) ;
#165 = EDGE_CURVE ( 'NONE', #2238, #745, #949, .T. ) ;
#166 = APPLICATION_PROTOCOL_DEFINITION ( 'draft international standard', 'automotive_design', 1998, #962 ) ;
#167 = ORIENTED_EDGE ( 'NONE', *, *, #968, .F. ) ;
#168 = DIRECTION ( 'NONE',  ( 0.000000000000000000, -1.000000000000000000, 0.000000000000000000 ) ) ;
#169 = ORIENTED_EDGE ( 'NONE', *, *, #3278, .F. ) ;
#170 = CARTESIAN_POINT ( 'NONE',  ( -109.7486223387694082, 0.7868703980382232288, 2.368283182919522556 ) ) ;
#171 = VERTEX_POINT ( 'NONE', #3870 ) ;
#172 = CARTESIAN_POINT ( 'NONE',  ( -153.4999999999999716, 0.000000000000000000, -14.14213562373095279 ) ) ;
#173 = CIRCLE ( 'NONE', #2487, 1.600000000000000089 ) ;
#174 = CARTESIAN_POINT ( 'NONE',  ( -152.4999999999999716, -4.898587196589410857E-16, 5.000000000000000888 ) ) ;
#175 = ORIENTED_EDGE ( 'NONE', *, *, #3962, .F. ) ;
#176 = LINE ( 'NONE', #269, #1862 ) ;
#177 = DIRECTION ( 'NONE',  ( 1.000000000000000000, 0.000000000000000000, 0.000000000000000000 ) ) ;
#178 = EDGE_CURVE ( 'NONE', #2925, #3059, #432, .T. ) ;
#179 = AXIS2_PLACEMENT_3D ( 'NONE', #3202, #2170, #3181 ) ;
#180 = CARTESIAN_POINT ( 'NONE',  ( -86.49999999999995737, -10.00000000000000000, 2.000000000000001776 ) ) ;
#181 = ORIENTED_EDGE ( 'NONE', *, *, #3214, .T. ) ;
#182 = AXIS2_PLACEMENT_3D ( 'NONE', #4431, #2963, #2554 ) ;
#183 = AXIS2_PLACEMENT_3D ( 'NONE', #4487, #2352, #3107 ) ;
#184 = ORIENTED_EDGE ( 'NONE', *, *, #3806, .T. ) ;
#185 = FACE_BOUND ( 'NONE', #1498, .T. ) ;
#186 = EDGE_CURVE ( 'NONE', #103, #2921, #1784, .T. ) ;
#187 = AXIS2_PLACEMENT_3D ( 'NONE', #543, #2365, #3820 ) ;
#188 = EDGE_LOOP ( 'NONE', ( #21, #424, #2591, #510 ) ) ;
#189 = DIRECTION ( 'NONE',  ( 1.000000000000000000, 0.000000000000000000, 0.000000000000000000 ) ) ;
#190 =( NAMED_UNIT ( * ) PLANE_ANGLE_UNIT ( ) SI_UNIT ( $, .RADIAN. ) );
#191 = VECTOR ( 'NONE', #375, 1000.000000000000000 ) ;
#192 = AXIS2_PLACEMENT_3D ( 'NONE', #2567, #2272, #3998 ) ;
#193 = CARTESIAN_POINT ( 'NONE',  ( -86.49999999999995737, -10.00000000000000000, 2.000000000000001776 ) ) ;
#194 = PLANE ( 'NONE',  #1495 ) ;
#195 = ORIENTED_EDGE ( 'NONE', *, *, #186, .T. ) ;
#196 =( GEOMETRIC_REPRESENTATION_CONTEXT ( 3 ) GLOBAL_UNCERTAINTY_ASSIGNED_CONTEXT ( ( #831 ) ) GLOBAL_UNIT_ASSIGNED_CONTEXT ( ( #3582, #4327, #784 ) ) REPRESENTATION_CONTEXT ( 'NONE', 'WORKASPACE' ) );
#197 = CARTESIAN_POINT ( 'NONE',  ( -35.00000000000000000, 5.000000000000000888, 0.000000000000000000 ) ) ;
#198 = ORIENTED_EDGE ( 'NONE', *, *, #260, .T. ) ;
#199 = CARTESIAN_POINT ( 'NONE',  ( -86.49999999999995737, 0.000000000000000000, 2.000000000000001776 ) ) ;
#200 = ORIENTED_EDGE ( 'NONE', *, *, #228, .F. ) ;
#201 = EDGE_CURVE ( 'NONE', #89, #4153, #1640, .T. ) ;
#202 = LINE ( 'NONE', #3084, #2565 ) ;
#203 = ORIENTED_EDGE ( 'NONE', *, *, #2656, .T. ) ;
#204 = ADVANCED_FACE ( 'NONE', ( #1796 ), #705, .F. ) ;
#205 = CARTESIAN_POINT ( 'NONE',  ( -35.00000000000000000, -4.999999999999998224, 8.000000000000000000 ) ) ;
#206 = EDGE_CURVE ( 'NONE', #4430, #111, #1819, .T. ) ;
#207 = CARTESIAN_POINT ( 'NONE',  ( -10.50000000000000888, 0.000000000000000000, 0.000000000000000000 ) ) ;
#208 = ORIENTED_EDGE ( 'NONE', *, *, #2143, .T. ) ;
#209 = DIRECTION ( 'NONE',  ( 0.000000000000000000, 1.000000000000000000, 0.000000000000000000 ) ) ;
#210 = SURFACE_SIDE_STYLE ('',( #2727 ) ) ;
#211 = AXIS2_PLACEMENT_3D ( 'NONE', #3086, #3850, #570 ) ;
#212 = AXIS2_PLACEMENT_3D ( 'NONE', #720, #3503, #34 ) ;
#213 = LINE ( 'NONE', #1649, #1619 ) ;
#214 = CARTESIAN_POINT ( 'NONE',  ( -109.5001050584096731, 1.084165528091334929, 5.336812679767907852 ) ) ;
#215 = EDGE_LOOP ( 'NONE', ( #2516, #2556 ) ) ;
#216 = AXIS2_PLACEMENT_3D ( 'NONE', #3684, #468, #3960 ) ;
#217 = LINE ( 'NONE', #1608, #2545 ) ;
#218 = DIRECTION ( 'NONE',  ( 1.000000000000000000, -1.058475341273983546E-14, 0.000000000000000000 ) ) ;
#219 = VERTEX_POINT ( 'NONE', #3966 ) ;
#220 = FACE_OUTER_BOUND ( 'NONE', #369, .T. ) ;
#221 = VECTOR ( 'NONE', #3051, 1000.000000000000000 ) ;
#222 = ORIENTED_EDGE ( 'NONE', *, *, #4264, .T. ) ;
#223 = CIRCLE ( 'NONE', #3799, 3.600000000000005862 ) ;
#224 = LINE ( 'NONE', #4195, #2043 ) ;
#225 = ORIENTED_EDGE ( 'NONE', *, *, #1437, .F. ) ;
#226 = CARTESIAN_POINT ( 'NONE',  ( -86.49999999999995737, 5.000000000000000000, 0.000000000000000000 ) ) ;
#227 = LINE ( 'NONE', #480, #3242 ) ;
#228 = EDGE_CURVE ( 'NONE', #3380, #964, #2675, .T. ) ;
#229 = ADVANCED_FACE ( 'NONE', ( #2841, #2794 ), #727, .T. ) ;
#230 = EDGE_LOOP ( 'NONE', ( #3326, #1500 ) ) ;
#231 = CARTESIAN_POINT ( 'NONE',  ( -101.4999999999999574, -14.99999999999999645, 2.000000000000001776 ) ) ;
#232 = SURFACE_STYLE_USAGE ( .BOTH. , #2686 ) ;
#233 = EDGE_CURVE ( 'NONE', #3825, #2946, #3153, .T. ) ;
#234 = CARTESIAN_POINT ( 'NONE',  ( -55.99999999999995737, 6.600000000000000533, -27.24426545165052005 ) ) ;
#235 = EDGE_CURVE ( 'NONE', #1398, #1610, #1015, .T. ) ;
#236 = FACE_OUTER_BOUND ( 'NONE', #867, .T. ) ;
#237 = FACE_OUTER_BOUND ( 'NONE', #987, .T. ) ;
#238 = ORIENTED_EDGE ( 'NONE', *, *, #62, .T. ) ;
#239 = LINE ( 'NONE', #172, #3474 ) ;
#240 = DIRECTION ( 'NONE',  ( 0.000000000000000000, -1.000000000000000000, 0.000000000000000000 ) ) ;
#241 = EDGE_LOOP ( 'NONE', ( #4632, #3855, #413, #3641 ) ) ;
#242 = CIRCLE ( 'NONE', #3759, 1.599999999999990319 ) ;
#243 = DIRECTION ( 'NONE',  ( -1.000000000000000000, 3.528251137579945416E-15, 0.000000000000000000 ) ) ;
#244 = VERTEX_POINT ( 'NONE', #2140 ) ;
#245 = EDGE_CURVE ( 'NONE', #4619, #2674, #508, .T. ) ;
#246 = AXIS2_PLACEMENT_3D ( 'NONE', #2614, #3231, #1090 ) ;
#247 = LINE ( 'NONE', #613, #3029 ) ;
#248 = ORIENTED_EDGE ( 'NONE', *, *, #2179, .T. ) ;
#249 = VERTEX_POINT ( 'NONE', #18 ) ;
#250 = LINE ( 'NONE', #3784, #4475 ) ;
#251 = DIRECTION ( 'NONE',  ( 1.000000000000000000, 0.000000000000000000, 0.000000000000000000 ) ) ;
#252 = AXIS2_PLACEMENT_3D ( 'NONE', #3543, #3212, #2477 ) ;
#253 = AXIS2_PLACEMENT_3D ( 'NONE', #4419, #2740, #4530 ) ;
#254 = ORIENTED_EDGE ( 'NONE', *, *, #4579, .F. ) ;
#255 = DIRECTION ( 'NONE',  ( 0.000000000000000000, 0.000000000000000000, 1.000000000000000000 ) ) ;
#256 = ORIENTED_EDGE ( 'NONE', *, *, #3561, .F. ) ;
#257 = CARTESIAN_POINT ( 'NONE',  ( -69.49999999999995737, -10.00000000000000178, 12.40000000000000213 ) ) ;
#258 = AXIS2_PLACEMENT_3D ( 'NONE', #1462, #742, #290 ) ;
#259 = CARTESIAN_POINT ( 'NONE',  ( -108.4999999999999574, 4.999999999999998224, 18.50000000000000000 ) ) ;
#260 = EDGE_CURVE ( 'NONE', #66, #4106, #1260, .T. ) ;
#261 = DIRECTION ( 'NONE',  ( 0.000000000000000000, -1.000000000000000000, 0.000000000000000000 ) ) ;
#262 = CARTESIAN_POINT ( 'NONE',  ( -25.00000000000000355, -4.999999999999998224, 8.000000000000000000 ) ) ;
#263 = AXIS2_PLACEMENT_3D ( 'NONE', #1269, #3094, #168 ) ;
#264 = EDGE_CURVE ( 'NONE', #1618, #1993, #3939, .T. ) ;
#265 = AXIS2_PLACEMENT_3D ( 'NONE', #4476, #3076, #4498 ) ;
#266 = FACE_OUTER_BOUND ( 'NONE', #2333, .T. ) ;
#267 = LINE ( 'NONE', #3038, #1980 ) ;
#268 = VERTEX_POINT ( 'NONE', #2261 ) ;
#269 = CARTESIAN_POINT ( 'NONE',  ( -35.00000000000000000, -3.524999999999999911, -5.000000000000000888 ) ) ;
#270 = ORIENTED_EDGE ( 'NONE', *, *, #3046, .T. ) ;
#271 = AXIS2_PLACEMENT_3D ( 'NONE', #417, #3280, #1503 ) ;
#272 = DIRECTION ( 'NONE',  ( -0.000000000000000000, 0.000000000000000000, -1.000000000000000000 ) ) ;
#273 = EDGE_LOOP ( 'NONE', ( #586, #1484, #2668, #1059 ) ) ;
#274 = ORIENTED_EDGE ( 'NONE', *, *, #3887, .T. ) ;
#275 = ORIENTED_EDGE ( 'NONE', *, *, #4517, .T. ) ;
#276 = CARTESIAN_POINT ( 'NONE',  ( -69.49999999999995737, -10.00000000000000178, 0.000000000000000000 ) ) ;
#277 = ORIENTED_EDGE ( 'NONE', *, *, #1121, .T. ) ;
#278 = DIRECTION ( 'NONE',  ( 0.000000000000000000, -1.000000000000000000, 0.000000000000000000 ) ) ;
#279 = ORIENTED_EDGE ( 'NONE', *, *, #4495, .F. ) ;
#280 = DIRECTION ( 'NONE',  ( 0.000000000000000000, 0.000000000000000000, 1.000000000000000000 ) ) ;
#281 = SURFACE_SIDE_STYLE ('',( #948 ) ) ;
#282 = CARTESIAN_POINT ( 'NONE',  ( 1.359357947053561959E-15, -11.09999999999999964, 1.000000000000000888 ) ) ;
#283 = DIRECTION ( 'NONE',  ( 0.000000000000000000, 0.000000000000000000, 1.000000000000000000 ) ) ;
#284 = CARTESIAN_POINT ( 'NONE',  ( -153.4999999999999716, 0.000000000000000000, 0.000000000000000000 ) ) ;
#285 = EDGE_CURVE ( 'NONE', #2210, #2184, #1568, .T. ) ;
#286 = EDGE_CURVE ( 'NONE', #2678, #768, #2914, .T. ) ;
#287 = VECTOR ( 'NONE', #3272, 1000.000000000000000 ) ;
#288 = EDGE_CURVE ( 'NONE', #4224, #1645, #4012, .T. ) ;
#289 = DIRECTION ( 'NONE',  ( 1.000000000000000000, 0.000000000000000000, 0.000000000000000000 ) ) ;
#290 = DIRECTION ( 'NONE',  ( 1.000000000000000000, 0.000000000000000000, 0.000000000000000000 ) ) ;
#291 = ORIENTED_EDGE ( 'NONE', *, *, #679, .F. ) ;
#292 = LINE ( 'NONE', #4315, #1413 ) ;
#293 = ORIENTED_EDGE ( 'NONE', *, *, #3671, .T. ) ;
#294 = CIRCLE ( 'NONE', #3209, 1.599999999999998090 ) ;
#295 = EDGE_CURVE ( 'NONE', #1842, #1387, #4622, .T. ) ;
#296 = CARTESIAN_POINT ( 'NONE',  ( -136.5919107027985433, 0.000000000000000000, 0.000000000000000000 ) ) ;
#297 = AXIS2_PLACEMENT_3D ( 'NONE', #1828, #3637, #1120 ) ;
#298 = VERTEX_POINT ( 'NONE', #1911 ) ;
#299 = ORIENTED_EDGE ( 'NONE', *, *, #3586, .T. ) ;
#300 = DIRECTION ( 'NONE',  ( -1.000000000000000000, 3.252606517456505019E-15, 0.000000000000000000 ) ) ;
#301 = CARTESIAN_POINT ( 'NONE',  ( -136.5919107027985717, 1.525180591534708733E-15, 7.000000000000002665 ) ) ;
#302 = ORIENTED_EDGE ( 'NONE', *, *, #2739, .F. ) ;
#303 = CARTESIAN_POINT ( 'NONE',  ( -120.0000000000001421, 4.999999999999999112, 18.50000000000000355 ) ) ;
#304 = EDGE_LOOP ( 'NONE', ( #1956, #3225 ) ) ;
#305 = DIRECTION ( 'NONE',  ( 0.000000000000000000, 0.000000000000000000, 1.000000000000000000 ) ) ;
#306 = ADVANCED_FACE ( 'NONE', ( #3716 ), #1026, .T. ) ;
#307 = CYLINDRICAL_SURFACE ( 'NONE', #2872, 4.000000000000000888 ) ;
#308 = LINE ( 'NONE', #4237, #1675 ) ;
#309 = CARTESIAN_POINT ( 'NONE',  ( -35.00000000000000000, 5.000000000000000888, 8.000000000000000000 ) ) ;
#310 = EDGE_CURVE ( 'NONE', #2528, #2348, #1493, .T. ) ;
#311 = AXIS2_PLACEMENT_3D ( 'NONE', #2692, #4122, #933 ) ;
#312 = DIRECTION ( 'NONE',  ( -1.000000000000000000, 0.000000000000000000, 0.000000000000000000 ) ) ;
#313 = CARTESIAN_POINT ( 'NONE',  ( -144.4999999999999716, 0.000000000000000000, 5.000000000000000888 ) ) ;
#314 = VERTEX_POINT ( 'NONE', #1885 ) ;
#315 = DIRECTION ( 'NONE',  ( 0.000000000000000000, 0.000000000000000000, 1.000000000000000000 ) ) ;
#316 = EDGE_LOOP ( 'NONE', ( #1360, #4156 ) ) ;
#317 = EDGE_LOOP ( 'NONE', ( #499, #2313, #2999, #854, #318, #783, #1846 ) ) ;
#318 = ORIENTED_EDGE ( 'NONE', *, *, #3053, .F. ) ;
#319 = DIRECTION ( 'NONE',  ( 0.000000000000000000, 0.000000000000000000, -1.000000000000000000 ) ) ;
#320 = CARTESIAN_POINT ( 'NONE',  ( -86.49999999999995737, 1.600000000000000089, 2.000000000000001776 ) ) ;
#321 = EDGE_CURVE ( 'NONE', #2674, #4619, #2373, .T. ) ;
#322 = AXIS2_PLACEMENT_3D ( 'NONE', #4130, #3067, #922 ) ;
#323 = CARTESIAN_POINT ( 'NONE',  ( -45.50000000000001421, 4.999999999999998224, 5.000000000000000000 ) ) ;
#324 = EDGE_CURVE ( 'NONE', #2855, #807, #500, .T. ) ;
#325 = ORIENTED_EDGE ( 'NONE', *, *, #4013, .T. ) ;
#326 = VECTOR ( 'NONE', #3817, 1000.000000000000000 ) ;
#327 = ORIENTED_EDGE ( 'NONE', *, *, #519, .F. ) ;
#328 = FACE_OUTER_BOUND ( 'NONE', #1225, .T. ) ;
#329 = CIRCLE ( 'NONE', #3319, 1.599999999999998090 ) ;
#330 = FACE_OUTER_BOUND ( 'NONE', #663, .T. ) ;
#331 = CARTESIAN_POINT ( 'NONE',  ( -126.2999999999999687, 9.999999999999998224, 6.616580753730956665 ) ) ;
#332 = PLANE ( 'NONE',  #4105 ) ;
#333 = FACE_OUTER_BOUND ( 'NONE', #2771, .T. ) ;
#334 = FACE_BOUND ( 'NONE', #2066, .T. ) ;
#335 = ORIENTED_EDGE ( 'NONE', *, *, #3155, .T. ) ;
#336 = CARTESIAN_POINT ( 'NONE',  ( -148.4999999999999716, 0.000000000000000000, 0.000000000000000000 ) ) ;
#337 = VERTEX_POINT ( 'NONE', #1843 ) ;
#338 = CIRCLE ( 'NONE', #4372, 1.599999999999998090 ) ;
#339 = FACE_BOUND ( 'NONE', #3965, .T. ) ;
#340 = ORIENTED_EDGE ( 'NONE', *, *, #2917, .T. ) ;
#341 = DIRECTION ( 'NONE',  ( 0.000000000000000000, -1.000000000000000000, 0.000000000000000000 ) ) ;
#342 = CIRCLE ( 'NONE', #3780, 1.475000000000000533 ) ;
#343 = DIRECTION ( 'NONE',  ( 0.000000000000000000, -1.000000000000000000, 0.000000000000000000 ) ) ;
#344 = EDGE_CURVE ( 'NONE', #1088, #1379, #3365, .T. ) ;
#345 = PLANE ( 'NONE',  #3250 ) ;
#346 = EDGE_CURVE ( 'NONE', #3431, #2450, #83, .T. ) ;
#347 = EDGE_CURVE ( 'NONE', #3320, #1732, #1589, .T. ) ;
#348 = ORIENTED_EDGE ( 'NONE', *, *, #580, .T. ) ;
#349 = EDGE_LOOP ( 'NONE', ( #660, #4120 ) ) ;
#350 = CARTESIAN_POINT ( 'NONE',  ( -25.00000000000000355, -4.999999999999998224, 8.000000000000000000 ) ) ;
#351 =( LENGTH_UNIT ( ) NAMED_UNIT ( * ) SI_UNIT ( .MILLI., .METRE. ) );
#352 = CARTESIAN_POINT ( 'NONE',  ( 14.99999999999999645, 15.00000000000000355, 0.000000000000000000 ) ) ;
#353 = EDGE_CURVE ( 'NONE', #970, #1698, #3728, .T. ) ;
#354 = CARTESIAN_POINT ( 'NONE',  ( -128.4999999999999432, -5.000000000000001776, 0.000000000000000000 ) ) ;
#355 = LINE ( 'NONE', #1382, #143 ) ;
#356 = CARTESIAN_POINT ( 'NONE',  ( -123.4999999999999574, -8.000000000000001776, 5.000000000000000888 ) ) ;
#357 = DIRECTION ( 'NONE',  ( 1.000000000000000000, 0.000000000000000000, 0.000000000000000000 ) ) ;
#358 = ORIENTED_EDGE ( 'NONE', *, *, #3156, .F. ) ;
#359 = DIRECTION ( 'NONE',  ( -0.000000000000000000, 1.000000000000000000, -0.000000000000000000 ) ) ;
#360 = ORIENTED_EDGE ( 'NONE', *, *, #4092, .T. ) ;
#361 = AXIS2_PLACEMENT_3D ( 'NONE', #967, #1729, #4154 ) ;
#362 = LINE ( 'NONE', #1726, #4590 ) ;
#363 = ORIENTED_EDGE ( 'NONE', *, *, #85, .F. ) ;
#364 = DIRECTION ( 'NONE',  ( 0.000000000000000000, 1.000000000000000000, 0.000000000000000000 ) ) ;
#365 = CIRCLE ( 'NONE', #1106, 10.89999999999999325 ) ;
#366 = AXIS2_PLACEMENT_3D ( 'NONE', #1582, #1485, #2599 ) ;
#367 = DIRECTION ( 'NONE',  ( 0.000000000000000000, 1.000000000000000000, 0.000000000000000000 ) ) ;
#368 = ORIENTED_EDGE ( 'NONE', *, *, #2977, .T. ) ;
#369 = EDGE_LOOP ( 'NONE', ( #887, #2732, #2821, #2494 ) ) ;
#370 = SURFACE_STYLE_USAGE ( .BOTH. , #1138 ) ;
#371 = CYLINDRICAL_SURFACE ( 'NONE', #4413, 5.000000000000004441 ) ;
#372 = VECTOR ( 'NONE', #2008, 1000.000000000000114 ) ;
#373 = ADVANCED_FACE ( 'NONE', ( #155 ), #4342, .F. ) ;
#374 = ORIENTED_EDGE ( 'NONE', *, *, #2890, .F. ) ;
#375 = DIRECTION ( 'NONE',  ( -0.000000000000000000, 1.000000000000000000, -0.000000000000000000 ) ) ;
#376 = CARTESIAN_POINT ( 'NONE',  ( -123.4999999999999574, 9.999999999999998224, 5.000000000000000888 ) ) ;
#377 = DIRECTION ( 'NONE',  ( 0.000000000000000000, 0.000000000000000000, 1.000000000000000000 ) ) ;
#378 = EDGE_CURVE ( 'NONE', #2378, #4459, #2820, .T. ) ;
#379 = LINE ( 'NONE', #3570, #1488 ) ;
#380 = CARTESIAN_POINT ( 'NONE',  ( -35.00000000000000000, 3.525000000000002576, 8.000000000000000000 ) ) ;
#381 = VERTEX_POINT ( 'NONE', #3736 ) ;
#382 = LINE ( 'NONE', #3526, #142 ) ;
#383 = EDGE_LOOP ( 'NONE', ( #3809, #1953, #3134, #4133 ) ) ;
#384 = DIRECTION ( 'NONE',  ( 1.000000000000000000, 0.000000000000000000, 0.000000000000000000 ) ) ;
#385 = DIRECTION ( 'NONE',  ( 0.000000000000000000, -1.000000000000000000, 0.000000000000000000 ) ) ;
#386 = ORIENTED_EDGE ( 'NONE', *, *, #979, .T. ) ;
#387 = DIRECTION ( 'NONE',  ( 0.000000000000000000, -1.000000000000000000, 0.000000000000000000 ) ) ;
#388 = DIRECTION ( 'NONE',  ( 0.000000000000000000, -1.000000000000000000, 0.000000000000000000 ) ) ;
#389 = ORIENTED_EDGE ( 'NONE', *, *, #4550, .F. ) ;
#390 = EDGE_LOOP ( 'NONE', ( #2765, #3391, #1929, #4392 ) ) ;
#391 = VECTOR ( 'NONE', #1016, 1000.000000000000000 ) ;
#392 = DIRECTION ( 'NONE',  ( 1.000000000000000000, 0.000000000000000000, 0.000000000000000000 ) ) ;
#393 = CARTESIAN_POINT ( 'NONE',  ( -76.49999999999995737, -11.60000000000000497, 2.000000000000001776 ) ) ;
#394 = DIRECTION ( 'NONE',  ( 0.000000000000000000, 0.000000000000000000, -1.000000000000000000 ) ) ;
#395 = CIRCLE ( 'NONE', #2198, 1.475000000000000311 ) ;
#396 = PLANE ( 'NONE',  #1453 ) ;
#397 = VECTOR ( 'NONE', #2814, 1000.000000000000000 ) ;
#398 = EDGE_CURVE ( 'NONE', #1549, #3620, #1133, .T. ) ;
#399 = EDGE_LOOP ( 'NONE', ( #1663, #3774, #946, #2195 ) ) ;
#400 = EDGE_CURVE ( 'NONE', #1379, #268, #722, .T. ) ;
#401 = DIRECTION ( 'NONE',  ( 0.000000000000000000, -1.000000000000000000, 0.000000000000000000 ) ) ;
#402 = VERTEX_POINT ( 'NONE', #3341 ) ;
#403 = DIRECTION ( 'NONE',  ( 0.000000000000000000, -1.000000000000000000, 0.000000000000000000 ) ) ;
#404 = EDGE_LOOP ( 'NONE', ( #1363, #4345, #2285, #4421 ) ) ;
#405 = CIRCLE ( 'NONE', #3919, 1.474999999999998535 ) ;
#406 = PLANE ( 'NONE',  #4516 ) ;
#407 = DIRECTION ( 'NONE',  ( 0.000000000000000000, -1.000000000000000000, 0.000000000000000000 ) ) ;
#408 = VERTEX_POINT ( 'NONE', #2629 ) ;
#409 = DIRECTION ( 'NONE',  ( 1.000000000000000000, 0.000000000000000000, 0.000000000000000000 ) ) ;
#410 = CIRCLE ( 'NONE', #1079, 1.599999999999998090 ) ;
#411 = LINE ( 'NONE', #19, #3168 ) ;
#412 = VECTOR ( 'NONE', #280, 1000.000000000000000 ) ;
#413 = ORIENTED_EDGE ( 'NONE', *, *, #2295, .T. ) ;
#414 = ORIENTED_EDGE ( 'NONE', *, *, #1804, .T. ) ;
#415 = CARTESIAN_POINT ( 'NONE',  ( 0.000000000000000000, 0.000000000000000000, 1.500000000000000888 ) ) ;
#416 = UNCERTAINTY_MEASURE_WITH_UNIT (LENGTH_MEASURE( 1.000000000000000082E-05 ), #351, 'distance_accuracy_value', 'NONE');
#417 = CARTESIAN_POINT ( 'NONE',  ( -86.49999999999995737, 0.000000000000000000, 2.000000000000001776 ) ) ;
#418 = CARTESIAN_POINT ( 'NONE',  ( -103.4999999999999574, -1.734723475976807094E-15, 18.50000000000000000 ) ) ;
#419 = DIRECTION ( 'NONE',  ( 1.000000000000000000, 0.000000000000000000, 0.000000000000000000 ) ) ;
#420 = EDGE_CURVE ( 'NONE', #3158, #841, #130, .T. ) ;
#421 = DIRECTION ( 'NONE',  ( 0.000000000000000000, 1.000000000000000000, 0.000000000000000000 ) ) ;
#422 = ORIENTED_EDGE ( 'NONE', *, *, #2852, .T. ) ;
#423 = CARTESIAN_POINT ( 'NONE',  ( -126.2999999999999687, 7.999999999999998224, 6.616580753730956665 ) ) ;
#424 = ORIENTED_EDGE ( 'NONE', *, *, #286, .F. ) ;
#425 = EDGE_CURVE ( 'NONE', #3438, #3997, #2596, .T. ) ;
#426 = EDGE_CURVE ( 'NONE', #2358, #1743, #4541, .T. ) ;
#427 = CLOSED_SHELL ( 'NONE', ( #2919, #3769, #1724, #656, #87, #1613, #1778, #3071, #3701, #769, #762, #4167, #4200, #1701, #2111, #912, #4201, #3075, #2803, #3644, #1864, #485, #3528, #2144, #1979, #2241, #1466, #1236, #3837, #4491, #1469, #895, #2122 ) ) ;
#428 = CARTESIAN_POINT ( 'NONE',  ( -71.49999999999995737, 15.00000000000000355, 2.000000000000001776 ) ) ;
#429 = DIRECTION ( 'NONE',  ( -0.000000000000000000, 1.000000000000000000, -0.000000000000000000 ) ) ;
#430 = EDGE_LOOP ( 'NONE', ( #1831, #160 ) ) ;
#431 = CARTESIAN_POINT ( 'NONE',  ( -10.00000000000000178, 10.00000000000000178, 15.00000000000000000 ) ) ;
#432 = CIRCLE ( 'NONE', #3579, 4.000000000000000000 ) ;
#433 = EDGE_CURVE ( 'NONE', #1076, #614, #1699, .T. ) ;
#434 = CARTESIAN_POINT ( 'NONE',  ( -101.4999999999999574, -14.99999999999999645, 2.000000000000001776 ) ) ;
#435 = VECTOR ( 'NONE', #1099, 1000.000000000000000 ) ;
#436 = ORIENTED_EDGE ( 'NONE', *, *, #2901, .T. ) ;
#437 = EDGE_LOOP ( 'NONE', ( #4391, #2244, #1605, #1098 ) ) ;
#438 = DIRECTION ( 'NONE',  ( 0.000000000000000000, 0.000000000000000000, -1.000000000000000000 ) ) ;
#439 = EDGE_LOOP ( 'NONE', ( #3730, #1303, #2950, #1241 ) ) ;
#440 = CARTESIAN_POINT ( 'NONE',  ( -40.50000000000000711, -10.00000000000000178, 0.000000000000000000 ) ) ;
#441 = CARTESIAN_POINT ( 'NONE',  ( -86.49999999999995737, 0.000000000000000000, 2.000000000000001776 ) ) ;
#442 = CYLINDRICAL_SURFACE ( 'NONE', #960, 4.000000000000003553 ) ;
#443 = CIRCLE ( 'NONE', #2610, 1.599999999999998090 ) ;
#444 = CARTESIAN_POINT ( 'NONE',  ( -124.9999999999999574, 9.999999999999998224, 5.000000000000000888 ) ) ;
#445 = PLANE ( 'NONE',  #3477 ) ;
#446 = ORIENTED_EDGE ( 'NONE', *, *, #4, .F. ) ;
#447 = DIRECTION ( 'NONE',  ( 0.000000000000000000, 0.000000000000000000, 1.000000000000000000 ) ) ;
#448 = ORIENTED_EDGE ( 'NONE', *, *, #4096, .F. ) ;
#449 = CARTESIAN_POINT ( 'NONE',  ( -15.00000000000011902, -14.99999999999994138, 0.000000000000000000 ) ) ;
#450 = CARTESIAN_POINT ( 'NONE',  ( -109.5955032883464639, -0.9904719343302420542, 3.334386254324309018 ) ) ;
#451 = ORIENTED_EDGE ( 'NONE', *, *, #3802, .T. ) ;
#452 = CARTESIAN_POINT ( 'NONE',  ( -101.4999999999999574, 15.00000000000000355, 2.000000000000001776 ) ) ;
#453 = FACE_OUTER_BOUND ( 'NONE', #1873, .T. ) ;
#454 = CARTESIAN_POINT ( 'NONE',  ( -109.9749999999999943, -7.194078032035404611E-14, 1.384149477646510418 ) ) ;
#455 = ORIENTED_EDGE ( 'NONE', *, *, #1232, .F. ) ;
#456 = EDGE_CURVE ( 'NONE', #1245, #2042, #1656, .T. ) ;
#457 = VERTEX_POINT ( 'NONE', #2326 ) ;
#458 = DIRECTION ( 'NONE',  ( -0.000000000000000000, 0.000000000000000000, -1.000000000000000000 ) ) ;
#459 = ORIENTED_EDGE ( 'NONE', *, *, #1108, .F. ) ;
#460 = DIRECTION ( 'NONE',  ( 0.000000000000000000, 0.000000000000000000, 1.000000000000000000 ) ) ;
#461 = FACE_BOUND ( 'NONE', #349, .T. ) ;
#462 = FACE_BOUND ( 'NONE', #4535, .T. ) ;
#463 = AXIS2_PLACEMENT_3D ( 'NONE', #3112, #4226, #1750 ) ;
#464 = LINE ( 'NONE', #1506, #1377 ) ;
#465 = FACE_OUTER_BOUND ( 'NONE', #1524, .T. ) ;
#466 = VERTEX_POINT ( 'NONE', #1957 ) ;
#467 = CIRCLE ( 'NONE', #3693, 1.599999999999990319 ) ;
#468 = DIRECTION ( 'NONE',  ( -0.000000000000000000, 0.000000000000000000, -1.000000000000000000 ) ) ;
#469 = EDGE_LOOP ( 'NONE', ( #2167, #3186, #897, #208 ) ) ;
#470 = AXIS2_PLACEMENT_3D ( 'NONE', #1543, #2657, #4390 ) ;
#471 = CYLINDRICAL_SURFACE ( 'NONE', #4299, 1.474999999999998535 ) ;
#472 = ORIENTED_EDGE ( 'NONE', *, *, #2773, .F. ) ;
#473 = DIRECTION ( 'NONE',  ( 0.000000000000000000, 0.000000000000000000, 1.000000000000000000 ) ) ;
#474 = DIRECTION ( 'NONE',  ( -1.000000000000000000, 0.000000000000000000, 0.000000000000000000 ) ) ;
#475 = FACE_OUTER_BOUND ( 'NONE', #1082, .T. ) ;
#476 = LINE ( 'NONE', #133, #3697 ) ;
#477 = ORIENTED_EDGE ( 'NONE', *, *, #4320, .T. ) ;
#478 = VERTEX_POINT ( 'NONE', #4527 ) ;
#479 = AXIS2_PLACEMENT_3D ( 'NONE', #128, #1131, #1563 ) ;
#480 = CARTESIAN_POINT ( 'NONE',  ( -144.4999999999999716, 0.000000000000000000, 16.31370849898476294 ) ) ;
#481 = EDGE_CURVE ( 'NONE', #100, #1645, #1029, .T. ) ;
#482 = B_SPLINE_CURVE_WITH_KNOTS ( 'NONE', 3,
 ( #600, #2075, #1443, #2862, #4536, #4295, #2887, #3598, #4318, #1103, #2187, #3622, #1841, #3462, #3645, #3293, #450, #3312, #4414, #1538, #2605, #868, #2237, #2213, #81, #4432 ),
 .UNSPECIFIED., .F., .F.,
 ( 4, 2, 2, 2, 2, 2, 2, 2, 2, 2, 2, 2, 4 ),
 ( 0.008118354917750671834, 0.008371662012305552611, 0.008624969106860431653, 0.009131583295970191472, 0.01014481167418969897, 0.01115804005240920646, 0.01217126843062871396, 0.01318449680884822145, 0.01419772518706772894, 0.01521095356528723644, 0.01571756775439699105, 0.01597087484895186663, 0.01622418194350674220 ),
 .UNSPECIFIED. ) ;
#483 = ADVANCED_FACE ( 'NONE', ( #1977 ), #1317, .F. ) ;
#484 = AXIS2_PLACEMENT_3D ( 'NONE', #1123, #2549, #4029 ) ;
#485 = ADVANCED_FACE ( 'NONE', ( #1251 ), #4463, .F. ) ;
#486 = ORIENTED_EDGE ( 'NONE', *, *, #3804, .T. ) ;
#487 = EDGE_CURVE ( 'NONE', #3204, #268, #2695, .T. ) ;
#488 = LINE ( 'NONE', #3635, #4605 ) ;
#489 = DIRECTION ( 'NONE',  ( 0.000000000000000000, -1.000000000000000000, 0.000000000000000000 ) ) ;
#490 = CARTESIAN_POINT ( 'NONE',  ( -108.4999999999999574, -1.734723475976807094E-15, 18.50000000000000000 ) ) ;
#491 = CIRCLE ( 'NONE', #2655, 1.599999999999998090 ) ;
#492 = DIRECTION ( 'NONE',  ( 0.000000000000000000, -1.000000000000000000, 0.000000000000000000 ) ) ;
#493 = DIRECTION ( 'NONE',  ( 0.000000000000000000, 1.000000000000000000, 0.000000000000000000 ) ) ;
#494 = ORIENTED_EDGE ( 'NONE', *, *, #206, .T. ) ;
#495 = DIRECTION ( 'NONE',  ( 0.000000000000000000, -1.000000000000000000, 0.000000000000000000 ) ) ;
#496 = ORIENTED_EDGE ( 'NONE', *, *, #4291, .F. ) ;
#497 = DIRECTION ( 'NONE',  ( -0.000000000000000000, 0.000000000000000000, -1.000000000000000000 ) ) ;
#498 = LINE ( 'NONE', #2912, #2837 ) ;
#499 = ORIENTED_EDGE ( 'NONE', *, *, #4002, .T. ) ;
#500 = LINE ( 'NONE', #3690, #2227 ) ;
#501 = CYLINDRICAL_SURFACE ( 'NONE', #1599, 4.000000000000000000 ) ;
#502 = CARTESIAN_POINT ( 'NONE',  ( -15.00000000000000000, -15.00000000000006217, 57.42640687119285303 ) ) ;
#503 = DIRECTION ( 'NONE',  ( -0.000000000000000000, 0.000000000000000000, -1.000000000000000000 ) ) ;
#504 = ORIENTED_EDGE ( 'NONE', *, *, #564, .F. ) ;
#505 = VERTEX_POINT ( 'NONE', #4170 ) ;
#506 = CLOSED_SHELL ( 'NONE', ( #1499, #306, #88, #4180, #847, #3070, #1725, #2848, #3217, #1134 ) ) ;
#507 = CARTESIAN_POINT ( 'NONE',  ( -30.99999999999995381, 0.000000000000000000, 0.000000000000000000 ) ) ;
#508 = CIRCLE ( 'NONE', #3283, 1.500000000000001332 ) ;
#509 = ADVANCED_FACE ( 'NONE', ( #220 ), #4505, .F. ) ;
#510 = ORIENTED_EDGE ( 'NONE', *, *, #3261, .T. ) ;
#511 = CARTESIAN_POINT ( 'NONE',  ( -119.8999999999999488, -10.00000000000000178, 5.000000000000000888 ) ) ;
#512 = EDGE_CURVE ( 'NONE', #3410, #3668, #1265, .T. ) ;
#513 = SURFACE_STYLE_FILL_AREA ( #1305 ) ;
#514 = CIRCLE ( 'NONE', #3133, 10.00000000000000000 ) ;
#515 = VECTOR ( 'NONE', #2201, 1000.000000000000000 ) ;
#516 = DIRECTION ( 'NONE',  ( 1.000000000000000000, 0.000000000000000000, 0.000000000000000000 ) ) ;
#517 = DIRECTION ( 'NONE',  ( 0.000000000000000000, 0.000000000000000000, 1.000000000000000000 ) ) ;
#518 = ORIENTED_EDGE ( 'NONE', *, *, #1372, .F. ) ;
#519 = EDGE_CURVE ( 'NONE', #2913, #3481, #1276, .T. ) ;
#520 = CARTESIAN_POINT ( 'NONE',  ( -109.9436035943031129, 0.3112330797535036164, 1.503390404099147926 ) ) ;
#521 = ORIENTED_EDGE ( 'NONE', *, *, #4325, .T. ) ;
#522 = DIRECTION ( 'NONE',  ( 1.000000000000000000, 0.000000000000000000, 0.000000000000000000 ) ) ;
#523 = DIRECTION ( 'NONE',  ( 0.000000000000000000, -1.000000000000000000, 0.000000000000000000 ) ) ;
#524 = ORIENTED_EDGE ( 'NONE', *, *, #2924, .F. ) ;
#525 = DIRECTION ( 'NONE',  ( 0.000000000000000000, 0.000000000000000000, 1.000000000000000000 ) ) ;
#526 = LINE ( 'NONE', #1252, #2314 ) ;
#527 = DIRECTION ( 'NONE',  ( 0.000000000000000000, -1.000000000000000000, 0.000000000000000000 ) ) ;
#528 = ORIENTED_EDGE ( 'NONE', *, *, #1548, .T. ) ;
#529 = ORIENTED_EDGE ( 'NONE', *, *, #2763, .F. ) ;
#530 = CYLINDRICAL_SURFACE ( 'NONE', #3612, 1.599999999999998090 ) ;
#531 = COLOUR_RGB ( '',0.7921568627450980005, 0.8196078431372548767, 0.9333333333333333481 ) ;
#532 = ORIENTED_EDGE ( 'NONE', *, *, #2784, .T. ) ;
#533 = DIRECTION ( 'NONE',  ( 0.000000000000000000, 1.000000000000000000, 0.000000000000000000 ) ) ;
#534 = CARTESIAN_POINT ( 'NONE',  ( -148.4999999999999716, 0.000000000000000000, 5.000000000000000888 ) ) ;
#535 = PLANE ( 'NONE',  #1575 ) ;
#536 = EDGE_CURVE ( 'NONE', #3923, #1682, #916, .T. ) ;
#537 = EDGE_LOOP ( 'NONE', ( #3229, #293 ) ) ;
#538 = CIRCLE ( 'NONE', #322, 1.599999999999998090 ) ;
#539 = EDGE_CURVE ( 'NONE', #4554, #2986, #983, .T. ) ;
#540 = EDGE_CURVE ( 'NONE', #2104, #3566, #3822, .T. ) ;
#541 = DIRECTION ( 'NONE',  ( -0.8660254037844387076, 0.000000000000000000, 0.4999999999999997780 ) ) ;
#542 = VECTOR ( 'NONE', #4499, 1000.000000000000000 ) ;
#543 = CARTESIAN_POINT ( 'NONE',  ( -76.49999999999995737, -10.00000000000000178, 0.000000000000000000 ) ) ;
#544 = ORIENTED_EDGE ( 'NONE', *, *, #1924, .F. ) ;
#545 = DIRECTION ( 'NONE',  ( 0.000000000000000000, 0.000000000000000000, 1.000000000000000000 ) ) ;
#546 = ORIENTED_EDGE ( 'NONE', *, *, #572, .T. ) ;
#547 = CIRCLE ( 'NONE', #1751, 1.474999999999998090 ) ;
#548 = CARTESIAN_POINT ( 'NONE',  ( -65.99999999999995737, -6.599999999999996092, 12.40000000000000213 ) ) ;
#549 = VERTEX_POINT ( 'NONE', #610 ) ;
#550 = CIRCLE ( 'NONE', #2277, 1.600000000000004086 ) ;
#551 = VECTOR ( 'NONE', #38, 1000.000000000000000 ) ;
#552 = DIRECTION ( 'NONE',  ( 0.000000000000000000, -1.000000000000000000, 0.000000000000000000 ) ) ;
#553 = PLANE ( 'NONE',  #1965 ) ;
#554 = CIRCLE ( 'NONE', #2646, 11.90808929720138565 ) ;
#555 = AXIS2_PLACEMENT_3D ( 'NONE', #1632, #3795, #3407 ) ;
#556 = ORIENTED_EDGE ( 'NONE', *, *, #3781, .F. ) ;
#557 = CARTESIAN_POINT ( 'NONE',  ( -20.00000000000005684, 9.999999999999998224, 0.000000000000000000 ) ) ;
#558 = PLANE ( 'NONE',  #4258 ) ;
#559 = CIRCLE ( 'NONE', #3183, 1.475000000000000311 ) ;
#560 = VECTOR ( 'NONE', #2381, 1000.000000000000000 ) ;
#561 = DIRECTION ( 'NONE',  ( 0.000000000000000000, 0.000000000000000000, 1.000000000000000000 ) ) ;
#562 = CARTESIAN_POINT ( 'NONE',  ( -109.5120363246183501, 1.073547094548077174, 5.668014872835962059 ) ) ;
#563 = ORIENTED_EDGE ( 'NONE', *, *, #42, .F. ) ;
#564 = EDGE_CURVE ( 'NONE', #4346, #940, #3797, .T. ) ;
#565 = FACE_OUTER_BOUND ( 'NONE', #3266, .T. ) ;
#566 = ORIENTED_EDGE ( 'NONE', *, *, #989, .T. ) ;
#567 = DIRECTION ( 'NONE',  ( 0.5025189076296078250, 0.5025189076296022739, 0.7035264706814498004 ) ) ;
#568 = VERTEX_POINT ( 'NONE', #2041 ) ;
#569 = ORIENTED_EDGE ( 'NONE', *, *, #1826, .F. ) ;
#570 = DIRECTION ( 'NONE',  ( -1.000000000000000000, 3.528251137579945416E-15, 0.000000000000000000 ) ) ;
#571 = FACE_OUTER_BOUND ( 'NONE', #4045, .T. ) ;
#572 = EDGE_CURVE ( 'NONE', #3830, #1013, #2157, .T. ) ;
#573 = AXIS2_PLACEMENT_3D ( 'NONE', #205, #4110, #1345 ) ;
#574 = EDGE_LOOP ( 'NONE', ( #2116, #374 ) ) ;
#575 = CARTESIAN_POINT ( 'NONE',  ( -103.4999999999999574, 21.02974084481308736, 18.50000000000000000 ) ) ;
#576 = AXIS2_PLACEMENT_3D ( 'NONE', #4416, #4060, #4148 ) ;
#577 = AXIS2_PLACEMENT_3D ( 'NONE', #1794, #3247, #15 ) ;
#578 = VECTOR ( 'NONE', #567, 1000.000000000000000 ) ;
#579 = DIRECTION ( 'NONE',  ( 1.000000000000000000, 0.000000000000000000, 0.000000000000000000 ) ) ;
#580 = EDGE_CURVE ( 'NONE', #3614, #2702, #176, .T. ) ;
#581 = LINE ( 'NONE', #1693, #3316 ) ;
#582 = CARTESIAN_POINT ( 'NONE',  ( -55.99999999999995737, 6.600000000000000533, 0.000000000000000000 ) ) ;
#583 = EDGE_LOOP ( 'NONE', ( #279, #2566, #2145, #2415 ) ) ;
#584 = CARTESIAN_POINT ( 'NONE',  ( -103.4999999999999574, 9.999999999999998224, 0.000000000000000000 ) ) ;
#585 = PLANE ( 'NONE',  #555 ) ;
#586 = ORIENTED_EDGE ( 'NONE', *, *, #2095, .F. ) ;
#587 = CARTESIAN_POINT ( 'NONE',  ( -50.00000000000000000, 9.999999999999998224, 0.000000000000000000 ) ) ;
#588 = COLOUR_RGB ( '',0.7921568627450980005, 0.8196078431372548767, 0.9333333333333333481 ) ;
#589 = ORIENTED_EDGE ( 'NONE', *, *, #1946, .T. ) ;
#590 = STYLED_ITEM ( 'NONE', ( #2609 ), #1418 ) ;
#591 = CARTESIAN_POINT ( 'NONE',  ( -113.4999999999999574, -10.00000000000000000, 25.00000000000026645 ) ) ;
#592 = ORIENTED_EDGE ( 'NONE', *, *, #2155, .T. ) ;
#593 = ORIENTED_EDGE ( 'NONE', *, *, #580, .F. ) ;
#594 = CARTESIAN_POINT ( 'NONE',  ( 0.000000000000000000, 0.000000000000000000, 5.000000000000000888 ) ) ;
#595 = DIRECTION ( 'NONE',  ( 0.000000000000000000, 0.000000000000000000, 1.000000000000000000 ) ) ;
#596 = EDGE_CURVE ( 'NONE', #1517, #1766, #3585, .T. ) ;
#597 = ADVANCED_FACE ( 'NONE', ( #3892 ), #3865, .F. ) ;
#598 = EDGE_CURVE ( 'NONE', #3358, #3320, #382, .T. ) ;
#599 = EDGE_LOOP ( 'NONE', ( #2308, #1539, #2971, #1770 ) ) ;
#600 = CARTESIAN_POINT ( 'NONE',  ( -109.9750000000022396, -8.218477366681738509E-12, 8.615850522361695241 ) ) ;
#601 = ORIENTED_EDGE ( 'NONE', *, *, #4469, .F. ) ;
#602 = DIRECTION ( 'NONE',  ( 1.301042606982605074E-16, 0.000000000000000000, 1.000000000000000000 ) ) ;
#603 = DIRECTION ( 'NONE',  ( 0.000000000000000000, 1.000000000000000000, 0.000000000000000000 ) ) ;
#604 = DIRECTION ( 'NONE',  ( 0.000000000000000000, 1.000000000000000000, 0.000000000000000000 ) ) ;
#605 = LINE ( 'NONE', #1629, #3366 ) ;
#606 = ORIENTED_EDGE ( 'NONE', *, *, #3858, .F. ) ;
#607 = LINE ( 'NONE', #4101, #2766 ) ;
#608 = DIRECTION ( 'NONE',  ( 0.000000000000000000, 0.000000000000000000, 1.000000000000000000 ) ) ;
#609 = ORIENTED_EDGE ( 'NONE', *, *, #512, .T. ) ;
#610 = CARTESIAN_POINT ( 'NONE',  ( -45.50000000000001421, -3.400000000000003908, 0.000000000000000000 ) ) ;
#611 = ORIENTED_EDGE ( 'NONE', *, *, #2084, .F. ) ;
#612 = CIRCLE ( 'NONE', #982, 1.475000000000000533 ) ;
#613 = CARTESIAN_POINT ( 'NONE',  ( -45.50000000000001421, 6.599999999999996092, 5.000000000000000000 ) ) ;
#614 = VERTEX_POINT ( 'NONE', #1767 ) ;
#615 = ORIENTED_EDGE ( 'NONE', *, *, #2982, .T. ) ;
#616 = CYLINDRICAL_SURFACE ( 'NONE', #3792, 1.599999999999998090 ) ;
#617 = CARTESIAN_POINT ( 'NONE',  ( -103.4999999999999574, 9.999999999999998224, 10.00000000000000178 ) ) ;
#618 = AXIS2_PLACEMENT_3D ( 'NONE', #441, #118, #3257 ) ;
#619 = VECTOR ( 'NONE', #3305, 1000.000000000000000 ) ;
#620 = EDGE_CURVE ( 'NONE', #1326, #3574, #1464, .T. ) ;
#621 = AXIS2_PLACEMENT_3D ( 'NONE', #4024, #812, #2250 ) ;
#622 = VERTEX_POINT ( 'NONE', #1077 ) ;
#623 = CARTESIAN_POINT ( 'NONE',  ( -86.49999999999995737, -1.600000000000000089, 0.000000000000000000 ) ) ;
#624 = EDGE_LOOP ( 'NONE', ( #1564, #3710, #3109, #853 ) ) ;
#625 = DIRECTION ( 'NONE',  ( 0.000000000000000000, 0.000000000000000000, -1.000000000000000000 ) ) ;
#626 = CARTESIAN_POINT ( 'NONE',  ( -15.00000000000000355, 15.00000000000000355, 0.000000000000000000 ) ) ;
#627 = AXIS2_PLACEMENT_3D ( 'NONE', #428, #3338, #57 ) ;
#628 = EDGE_CURVE ( 'NONE', #2188, #2173, #3845, .T. ) ;
#629 = EDGE_CURVE ( 'NONE', #4324, #3832, #4627, .T. ) ;
#630 = CARTESIAN_POINT ( 'NONE',  ( -25.00000000000000355, -4.999999999999998224, 0.000000000000000000 ) ) ;
#631 = CARTESIAN_POINT ( 'NONE',  ( -108.4999999999999574, -1.734723475976807094E-15, 18.50000000000000000 ) ) ;
#632 = CARTESIAN_POINT ( 'NONE',  ( -109.9670982699901458, 0.1688777043090985974, 8.586469256094849456 ) ) ;
#633 = VECTOR ( 'NONE', #2011, 1000.000000000000000 ) ;
#634 = EDGE_CURVE ( 'NONE', #3390, #1056, #1188, .T. ) ;
#635 = CIRCLE ( 'NONE', #2211, 1.474999999999998535 ) ;
#636 = DIRECTION ( 'NONE',  ( 0.000000000000000000, -1.000000000000000000, 0.000000000000000000 ) ) ;
#637 = DIRECTION ( 'NONE',  ( 0.000000000000000000, -1.000000000000000000, 0.000000000000000000 ) ) ;
#638 = EDGE_LOOP ( 'NONE', ( #3735, #2792, #785, #3313 ) ) ;
#639 = DIRECTION ( 'NONE',  ( 0.000000000000000000, -1.000000000000000000, 0.000000000000000000 ) ) ;
#640 = ORIENTED_EDGE ( 'NONE', *, *, #3394, .T. ) ;
#641 = CARTESIAN_POINT ( 'NONE',  ( -109.9750000000022396, -8.218477366681738509E-12, 8.615850522361695241 ) ) ;
#642 = EDGE_LOOP ( 'NONE', ( #35, #3385, #3916, #4338 ) ) ;
#643 = FACE_OUTER_BOUND ( 'NONE', #624, .T. ) ;
#644 = DIRECTION ( 'NONE',  ( 1.000000000000000000, 0.000000000000000000, 0.000000000000000000 ) ) ;
#645 = ORIENTED_EDGE ( 'NONE', *, *, #4118, .F. ) ;
#646 = CARTESIAN_POINT ( 'NONE',  ( -51.00000000000000711, 9.999999999999998224, 0.000000000000000000 ) ) ;
#647 = VERTEX_POINT ( 'NONE', #1742 ) ;
#648 = DIRECTION ( 'NONE',  ( -0.000000000000000000, 0.000000000000000000, -1.000000000000000000 ) ) ;
#649 = PRESENTATION_STYLE_ASSIGNMENT (( #2429 ) ) ;
#650 = DIRECTION ( 'NONE',  ( -1.156482317317871478E-16, 1.000000000000000000, -0.000000000000000000 ) ) ;
#651 = CARTESIAN_POINT ( 'NONE',  ( 10.00000000000000178, -10.00000000000000178, 0.000000000000000000 ) ) ;
#652 = CARTESIAN_POINT ( 'NONE',  ( -109.9434190418339057, 0.3121513775273217495, 8.495898122615214376 ) ) ;
#653 = VECTOR ( 'NONE', #2808, 1000.000000000000000 ) ;
#654 = AXIS2_PLACEMENT_3D ( 'NONE', #4251, #3625, #3534 ) ;
#655 = CARTESIAN_POINT ( 'NONE',  ( -86.49999999999995737, 0.000000000000000000, 0.000000000000000000 ) ) ;
#656 = ADVANCED_FACE ( 'NONE', ( #3595 ), #1389, .F. ) ;
#657 = CARTESIAN_POINT ( 'NONE',  ( -128.4999999999999432, -5.000000000000001776, 10.00000000000000178 ) ) ;
#658 = VERTEX_POINT ( 'NONE', #4598 ) ;
#659 = CARTESIAN_POINT ( 'NONE',  ( -35.00000000000000000, 6.474999999999999645, -5.000000000000000888 ) ) ;
#660 = ORIENTED_EDGE ( 'NONE', *, *, #4284, .F. ) ;
#661 = CARTESIAN_POINT ( 'NONE',  ( -108.4999999999999574, 1.599999999999998535, 18.50000000000000000 ) ) ;
#662 = CIRCLE ( 'NONE', #4176, 1.475000000000000533 ) ;
#663 = EDGE_LOOP ( 'NONE', ( #2658, #3114, #1535, #3350 ) ) ;
#664 = EDGE_LOOP ( 'NONE', ( #4152, #1720, #1444, #873 ) ) ;
#665 = DIRECTION ( 'NONE',  ( 0.000000000000000000, 0.000000000000000000, 1.000000000000000000 ) ) ;
#666 = CYLINDRICAL_SURFACE ( 'NONE', #2269, 3.600000000000005862 ) ;
#667 = FACE_BOUND ( 'NONE', #3971, .T. ) ;
#668 = ORIENTED_EDGE ( 'NONE', *, *, #858, .F. ) ;
#669 = ORIENTED_EDGE ( 'NONE', *, *, #3361, .F. ) ;
#670 = CARTESIAN_POINT ( 'NONE',  ( -128.4999999999999432, -10.00000000000000178, 0.000000000000000000 ) ) ;
#671 = CARTESIAN_POINT ( 'NONE',  ( -109.9749999999999659, -1.734723475976807094E-15, 0.000000000000000000 ) ) ;
#672 = FACE_OUTER_BOUND ( 'NONE', #1856, .T. ) ;
#673 = CARTESIAN_POINT ( 'NONE',  ( -96.49999999999994316, 10.00000000000000178, -15.00000000000000000 ) ) ;
#674 = CARTESIAN_POINT ( 'NONE',  ( -148.4999999999999716, 0.000000000000000000, 1.500000000000000888 ) ) ;
#675 = LINE ( 'NONE', #1719, #3106 ) ;
#676 = ORIENTED_EDGE ( 'NONE', *, *, #634, .T. ) ;
#677 = CARTESIAN_POINT ( 'NONE',  ( -25.00000000000000355, 3.525000000000004352, -5.000000000000000888 ) ) ;
#678 = VERTEX_POINT ( 'NONE', #3171 ) ;
#679 = EDGE_CURVE ( 'NONE', #2450, #3340, #11, .T. ) ;
#680 = ADVANCED_FACE ( 'NONE', ( #2811 ), #4244, .F. ) ;
#681 = CARTESIAN_POINT ( 'NONE',  ( -49.00000000000000711, 0.000000000000000000, 5.000000000000000000 ) ) ;
#682 = EDGE_LOOP ( 'NONE', ( #1439, #3455 ) ) ;
#683 = LINE ( 'NONE', #4321, #4246 ) ;
#684 = DIRECTION ( 'NONE',  ( 0.000000000000000000, -1.000000000000000000, 0.000000000000000000 ) ) ;
#685 = PLANE ( 'NONE',  #179 ) ;
#686 = EDGE_LOOP ( 'NONE', ( #3129, #4423, #2330, #3172 ) ) ;
#687 = AXIS2_PLACEMENT_3D ( 'NONE', #1184, #2608, #4061 ) ;
#688 = ORIENTED_EDGE ( 'NONE', *, *, #4231, .F. ) ;
#689 = CARTESIAN_POINT ( 'NONE',  ( -123.4999999999999574, 9.999999999999998224, 5.000000000000000888 ) ) ;
#690 = AXIS2_PLACEMENT_3D ( 'NONE', #2448, #3578, #2843 ) ;
#691 = CARTESIAN_POINT ( 'NONE',  ( 14.99999999999999645, 15.00000000000000355, 15.00000000000001421 ) ) ;
#692 = VECTOR ( 'NONE', #3149, 1000.000000000000000 ) ;
#693 = CARTESIAN_POINT ( 'NONE',  ( -76.49999999999991473, 9.999999999999968026, -15.00000000000000000 ) ) ;
#694 = FACE_OUTER_BOUND ( 'NONE', #3151, .T. ) ;
#695 = DIRECTION ( 'NONE',  ( 0.000000000000000000, 0.000000000000000000, 1.000000000000000000 ) ) ;
#696 = AXIS2_PLACEMENT_3D ( 'NONE', #1097, #2134, #2786 ) ;
#697 = LINE ( 'NONE', #3932, #3179 ) ;
#698 = ORIENTED_EDGE ( 'NONE', *, *, #1388, .F. ) ;
#699 = CYLINDRICAL_SURFACE ( 'NONE', #3360, 1.600000000000004086 ) ;
#700 = ORIENTED_EDGE ( 'NONE', *, *, #2517, .T. ) ;
#701 = CIRCLE ( 'NONE', #2649, 1.600000000000002531 ) ;
#702 = EDGE_CURVE ( 'NONE', #3864, #2221, #2884, .T. ) ;
#703 = FACE_OUTER_BOUND ( 'NONE', #4149, .T. ) ;
#704 = EDGE_LOOP ( 'NONE', ( #2256, #2835, #149, #3105 ) ) ;
#705 = PLANE ( 'NONE',  #1489 ) ;
#706 = CIRCLE ( 'NONE', #928, 11.90808929720138565 ) ;
#707 = CARTESIAN_POINT ( 'NONE',  ( -10.00000000000000178, 10.00000000000000178, -2.999999999999999112 ) ) ;
#708 = EDGE_LOOP ( 'NONE', ( #845, #3761 ) ) ;
#709 = ADVANCED_FACE ( 'NONE', ( #4219 ), #699, .F. ) ;
#710 = ORIENTED_EDGE ( 'NONE', *, *, #4013, .F. ) ;
#711 = PLANE ( 'NONE',  #932 ) ;
#712 =( NAMED_UNIT ( * ) PLANE_ANGLE_UNIT ( ) SI_UNIT ( $, .RADIAN. ) );
#713 = EDGE_CURVE ( 'NONE', #4205, #2946, #292, .T. ) ;
#714 = DIRECTION ( 'NONE',  ( 0.000000000000000000, 0.000000000000000000, -1.000000000000000000 ) ) ;
#715 = FACE_OUTER_BOUND ( 'NONE', #1406, .T. ) ;
#716 = DIRECTION ( 'NONE',  ( 1.156482317317871478E-16, -1.000000000000000000, 0.000000000000000000 ) ) ;
#717 = FACE_OUTER_BOUND ( 'NONE', #3758, .T. ) ;
#718 = CARTESIAN_POINT ( 'NONE',  ( -119.8999999999999488, -8.000000000000001776, 5.000000000000000888 ) ) ;
#719 = ORIENTED_EDGE ( 'NONE', *, *, #3887, .F. ) ;
#720 = CARTESIAN_POINT ( 'NONE',  ( -148.4999999999999716, 0.000000000000000000, 16.31370849898476294 ) ) ;
#721 = VERTEX_POINT ( 'NONE', #1417 ) ;
#722 = CIRCLE ( 'NONE', #2001, 13.00000000000001066 ) ;
#723 = FACE_BOUND ( 'NONE', #1672, .T. ) ;
#724 = AXIS2_PLACEMENT_3D ( 'NONE', #2112, #3931, #3216 ) ;
#725 = CARTESIAN_POINT ( 'NONE',  ( -25.00000000000000355, -3.524999999999999911, 0.000000000000000000 ) ) ;
#726 = VERTEX_POINT ( 'NONE', #4569 ) ;
#727 = PLANE ( 'NONE',  #4323 ) ;
#728 = CIRCLE ( 'NONE', #1785, 1.475000000000000533 ) ;
#729 = CARTESIAN_POINT ( 'NONE',  ( 0.000000000000000000, 11.09999999999999964, 15.00000000000000000 ) ) ;
#730 = VECTOR ( 'NONE', #4615, 1000.000000000000000 ) ;
#731 = DIRECTION ( 'NONE',  ( 1.000000000000000000, 0.000000000000000000, 0.000000000000000000 ) ) ;
#732 = ORIENTED_EDGE ( 'NONE', *, *, #2852, .F. ) ;
#733 = EDGE_CURVE ( 'NONE', #59, #65, #294, .T. ) ;
#734 = EDGE_LOOP ( 'NONE', ( #3532, #1292 ) ) ;
#735 = EDGE_CURVE ( 'NONE', #478, #2585, #728, .T. ) ;
#736 = EDGE_CURVE ( 'NONE', #381, #781, #2234, .T. ) ;
#737 = FACE_OUTER_BOUND ( 'NONE', #4609, .T. ) ;
#738 = LINE ( 'NONE', #1782, #992 ) ;
#739 = DIRECTION ( 'NONE',  ( 0.000000000000000000, 0.000000000000000000, -1.000000000000000000 ) ) ;
#740 = SURFACE_STYLE_FILL_AREA ( #2252 ) ;
#741 = ORIENTED_EDGE ( 'NONE', *, *, #3943, .T. ) ;
#742 = DIRECTION ( 'NONE',  ( -1.301042606982605074E-16, 0.000000000000000000, -1.000000000000000000 ) ) ;
#743 = ORIENTED_EDGE ( 'NONE', *, *, #3725, .F. ) ;
#744 = LINE ( 'NONE', #4054, #3069 ) ;
#745 = VERTEX_POINT ( 'NONE', #3912 ) ;
#746 = CIRCLE ( 'NONE', #1958, 1.599999999999998090 ) ;
#747 = DIRECTION ( 'NONE',  ( -1.000000000000000000, 0.000000000000000000, 0.000000000000000000 ) ) ;
#748 = LINE ( 'NONE', #3831, #3434 ) ;
#749 = EDGE_LOOP ( 'NONE', ( #528, #2815 ) ) ;
#750 = LINE ( 'NONE', #1473, #1185 ) ;
#751 = CARTESIAN_POINT ( 'NONE',  ( -126.2999999999999687, 7.999999999999998224, 3.383419246269042002 ) ) ;
#752 = CARTESIAN_POINT ( 'NONE',  ( 0.000000000000000000, 0.000000000000000000, 32.39554108468271210 ) ) ;
#753 = EDGE_LOOP ( 'NONE', ( #1513, #2380, #496, #4109 ) ) ;
#754 = ORIENTED_EDGE ( 'NONE', *, *, #1835, .F. ) ;
#755 = SURFACE_STYLE_FILL_AREA ( #3604 ) ;
#756 = AXIS2_PLACEMENT_3D ( 'NONE', #2817, #3807, #1730 ) ;
#757 = AXIS2_PLACEMENT_3D ( 'NONE', #1670, #976, #4539 ) ;
#758 = LINE ( 'NONE', #2199, #3113 ) ;
#759 = EDGE_CURVE ( 'NONE', #3197, #2913, #2136, .T. ) ;
#760 = CARTESIAN_POINT ( 'NONE',  ( 10.00000000000003730, 9.999999999999968026, -2.999999999999999112 ) ) ;
#761 = CARTESIAN_POINT ( 'NONE',  ( -74.89999999999990621, 9.999999999999962697, 2.000000000000001776 ) ) ;
#762 = ADVANCED_FACE ( 'NONE', ( #817 ), #3662, .F. ) ;
#763 = AXIS2_PLACEMENT_3D ( 'NONE', #4254, #3942, #1042 ) ;
#764 = DIRECTION ( 'NONE',  ( -0.7071067811865436870, 0.7071067811865514585, 0.000000000000000000 ) ) ;
#765 = VECTOR ( 'NONE', #3782, 1000.000000000000000 ) ;
#766 =( GEOMETRIC_REPRESENTATION_CONTEXT ( 3 ) GLOBAL_UNCERTAINTY_ASSIGNED_CONTEXT ( ( #2247 ) ) GLOBAL_UNIT_ASSIGNED_CONTEXT ( ( #2664, #4136, #3727 ) ) REPRESENTATION_CONTEXT ( 'NONE', 'WORKASPACE' ) );
#767 = DIRECTION ( 'NONE',  ( 0.000000000000000000, 0.000000000000000000, -1.000000000000000000 ) ) ;
#768 = VERTEX_POINT ( 'NONE', #1905 ) ;
#769 = ADVANCED_FACE ( 'NONE', ( #1880 ), #4358, .F. ) ;
#770 = CARTESIAN_POINT ( 'NONE',  ( -69.49999999999995737, -10.00000000000000178, 12.40000000000000213 ) ) ;
#771 = EDGE_LOOP ( 'NONE', ( #518, #3271, #4471, #3779 ) ) ;
#772 = AXIS2_PLACEMENT_3D ( 'NONE', #1830, #764, #4334 ) ;
#773 = AXIS2_PLACEMENT_3D ( 'NONE', #4525, #3843, #240 ) ;
#774 = DIRECTION ( 'NONE',  ( 0.000000000000000000, 0.000000000000000000, 1.000000000000000000 ) ) ;
#775 = CARTESIAN_POINT ( 'NONE',  ( -4.000000000000000888, -4.898587196589413815E-16, 16.31370849898476294 ) ) ;
#776 = ORIENTED_EDGE ( 'NONE', *, *, #1238, .F. ) ;
#777 = DIRECTION ( 'NONE',  ( 0.000000000000000000, -1.000000000000000000, 0.000000000000000000 ) ) ;
#778 = AXIS2_PLACEMENT_3D ( 'NONE', #2207, #3306, #401 ) ;
#779 = CARTESIAN_POINT ( 'NONE',  ( -35.00000000000000000, 5.000000000000000888, -5.000000000000000888 ) ) ;
#780 = AXIS2_PLACEMENT_3D ( 'NONE', #4094, #3005, #209 ) ;
#781 = VERTEX_POINT ( 'NONE', #2209 ) ;
#782 = EDGE_CURVE ( 'NONE', #678, #2017, #2080, .T. ) ;
#783 = ORIENTED_EDGE ( 'NONE', *, *, #2432, .F. ) ;
#784 =( NAMED_UNIT ( * ) SI_UNIT ( $, .STERADIAN. ) SOLID_ANGLE_UNIT ( ) );
#785 = ORIENTED_EDGE ( 'NONE', *, *, #4234, .T. ) ;
#786 = LINE ( 'NONE', #1897, #3486 ) ;
#787 = EDGE_CURVE ( 'NONE', #3264, #244, #1938, .T. ) ;
#788 = PLANE ( 'NONE',  #621 ) ;
#789 = CARTESIAN_POINT ( 'NONE',  ( -108.4999999999999574, -1.600000000000001865, 4.357864376269049878 ) ) ;
#790 = DIRECTION ( 'NONE',  ( -1.000000000000000000, 0.000000000000000000, 1.301042606982605074E-16 ) ) ;
#791 = LINE ( 'NONE', #2621, #2351 ) ;
#792 = ORIENTED_EDGE ( 'NONE', *, *, #539, .T. ) ;
#793 = CARTESIAN_POINT ( 'NONE',  ( -10.00000000000010658, -9.999999999999896971, 15.00000000000000000 ) ) ;
#794 = ORIENTED_EDGE ( 'NONE', *, *, #3835, .F. ) ;
#795 = EDGE_CURVE ( 'NONE', #2042, #3431, #2551, .T. ) ;
#796 = FACE_BOUND ( 'NONE', #215, .T. ) ;
#797 = LINE ( 'NONE', #775, #3330 ) ;
#798 = ORIENTED_EDGE ( 'NONE', *, *, #1370, .F. ) ;
#799 = DIRECTION ( 'NONE',  ( 0.000000000000000000, 0.000000000000000000, 1.000000000000000000 ) ) ;
#800 = DIRECTION ( 'NONE',  ( 1.000000000000000000, 0.000000000000000000, 0.000000000000000000 ) ) ;
#801 = CARTESIAN_POINT ( 'NONE',  ( -5.000000000000000888, 0.000000000000000000, 1.500000000000000888 ) ) ;
#802 = AXIS2_PLACEMENT_3D ( 'NONE', #1156, #473, #3015 ) ;
#803 = FACE_OUTER_BOUND ( 'NONE', #4466, .T. ) ;
#804 = CIRCLE ( 'NONE', #1412, 5.000000000000000000 ) ;
#805 = AXIS2_PLACEMENT_3D ( 'NONE', #3220, #2092, #3147 ) ;
#806 = ORIENTED_EDGE ( 'NONE', *, *, #228, .T. ) ;
#807 = VERTEX_POINT ( 'NONE', #3357 ) ;
#808 = DIRECTION ( 'NONE',  ( 0.000000000000000000, 0.000000000000000000, 1.000000000000000000 ) ) ;
#809 = AXIS2_PLACEMENT_3D ( 'NONE', #1332, #3544, #1072 ) ;
#810 = ORIENTED_EDGE ( 'NONE', *, *, #2784, .F. ) ;
#811 = PLANE ( 'NONE',  #1838 ) ;
#812 = DIRECTION ( 'NONE',  ( -1.000000000000000000, 0.000000000000000000, 0.000000000000000000 ) ) ;
#813 = DIRECTION ( 'NONE',  ( 0.000000000000000000, -1.000000000000000000, 0.000000000000000000 ) ) ;
#814 = CIRCLE ( 'NONE', #1642, 1.599999999999998090 ) ;
#815 = DIRECTION ( 'NONE',  ( 1.000000000000000000, -1.058475341273983546E-14, 0.000000000000000000 ) ) ;
#816 = VERTEX_POINT ( 'NONE', #1559 ) ;
#817 = FACE_OUTER_BOUND ( 'NONE', #1572, .T. ) ;
#818 = ORIENTED_EDGE ( 'NONE', *, *, #1313, .T. ) ;
#819 = CARTESIAN_POINT ( 'NONE',  ( -160.4080892972013714, 1.525180591534707747E-15, 3.035766082959412415E-15 ) ) ;
#820 = ORIENTED_EDGE ( 'NONE', *, *, #736, .F. ) ;
#821 = EDGE_CURVE ( 'NONE', #4274, #4147, #365, .T. ) ;
#822 = DIRECTION ( 'NONE',  ( -1.000000000000000000, 0.000000000000000000, -0.000000000000000000 ) ) ;
#823 = DIRECTION ( 'NONE',  ( 1.301042606982605074E-16, 0.000000000000000000, 1.000000000000000000 ) ) ;
#824 = DIRECTION ( 'NONE',  ( 0.000000000000000000, 0.000000000000000000, 1.000000000000000000 ) ) ;
#825 = EDGE_CURVE ( 'NONE', #2220, #457, #1713, .T. ) ;
#826 = EDGE_CURVE ( 'NONE', #2678, #2855, #2623, .T. ) ;
#827 = DIRECTION ( 'NONE',  ( 1.000000000000000000, 0.000000000000000000, 0.000000000000000000 ) ) ;
#828 = ORIENTED_EDGE ( 'NONE', *, *, #938, .F. ) ;
#829 = VERTEX_POINT ( 'NONE', #2985 ) ;
#830 = DIRECTION ( 'NONE',  ( 0.000000000000000000, 0.000000000000000000, 1.000000000000000000 ) ) ;
#831 = UNCERTAINTY_MEASURE_WITH_UNIT (LENGTH_MEASURE( 1.000000000000000082E-05 ), #3582, 'distance_accuracy_value', 'NONE');
#832 = ORIENTED_EDGE ( 'NONE', *, *, #2345, .F. ) ;
#833 = LINE ( 'NONE', #1118, #3775 ) ;
#834 = EDGE_CURVE ( 'NONE', #726, #314, #514, .T. ) ;
#835 = CARTESIAN_POINT ( 'NONE',  ( -121.9999999999999574, 4.999999999999998224, 5.000000000000000888 ) ) ;
#836 = DIRECTION ( 'NONE',  ( 0.000000000000000000, 0.000000000000000000, 1.000000000000000000 ) ) ;
#837 = CIRCLE ( 'NONE', #246, 1.600000000000002531 ) ;
#838 = FACE_BOUND ( 'NONE', #3798, .T. ) ;
#839 = EDGE_LOOP ( 'NONE', ( #1746, #3083, #1987, #1545 ) ) ;
#840 = CARTESIAN_POINT ( 'NONE',  ( -71.49999999999995737, 15.00000000000000355, 2.000000000000001776 ) ) ;
#841 = VERTEX_POINT ( 'NONE', #770 ) ;
#842 = AXIS2_PLACEMENT_3D ( 'NONE', #2418, #2394, #4465 ) ;
#843 = CYLINDRICAL_SURFACE ( 'NONE', #1606, 1.599999999999998090 ) ;
#844 = DIRECTION ( 'NONE',  ( 0.000000000000000000, 0.000000000000000000, 1.000000000000000000 ) ) ;
#845 = ORIENTED_EDGE ( 'NONE', *, *, #2575, .T. ) ;
#846 = DIRECTION ( 'NONE',  ( 1.000000000000000000, 0.000000000000000000, 0.000000000000000000 ) ) ;
#847 = ADVANCED_FACE ( 'NONE', ( #2231 ), #148, .T. ) ;
#848 = DIRECTION ( 'NONE',  ( -1.000000000000000000, 0.000000000000000000, 0.000000000000000000 ) ) ;
#849 = FILL_AREA_STYLE ('',( #2871 ) ) ;
#850 = VECTOR ( 'NONE', #3310, 1000.000000000000000 ) ;
#851 = AXIS2_PLACEMENT_3D ( 'NONE', #3430, #890, #218 ) ;
#852 = LINE ( 'NONE', #4086, #3547 ) ;
#853 = ORIENTED_EDGE ( 'NONE', *, *, #3920, .F. ) ;
#854 = ORIENTED_EDGE ( 'NONE', *, *, #3586, .F. ) ;
#855 = CIRCLE ( 'NONE', #1005, 10.89999999999999325 ) ;
#856 = FACE_OUTER_BOUND ( 'NONE', #3654, .T. ) ;
#857 = VECTOR ( 'NONE', #3090, 1000.000000000000000 ) ;
#858 = EDGE_CURVE ( 'NONE', #2735, #3743, #68, .T. ) ;
#859 = ORIENTED_EDGE ( 'NONE', *, *, #2661, .F. ) ;
#860 = CARTESIAN_POINT ( 'NONE',  ( -35.00000000000000000, -3.524999999999999911, 8.000000000000000000 ) ) ;
#861 =( LENGTH_UNIT ( ) NAMED_UNIT ( * ) SI_UNIT ( .MILLI., .METRE. ) );
#862 = STYLED_ITEM ( 'NONE', ( #3948 ), #2861 ) ;
#863 = EDGE_CURVE ( 'NONE', #2184, #3904, #744, .T. ) ;
#864 = CARTESIAN_POINT ( 'NONE',  ( 0.000000000000000000, 0.000000000000000000, 0.000000000000000000 ) ) ;
#865 = VERTEX_POINT ( 'NONE', #1855 ) ;
#866 = DIRECTION ( 'NONE',  ( -1.156482317317871478E-16, 1.000000000000000000, 0.000000000000000000 ) ) ;
#867 = EDGE_LOOP ( 'NONE', ( #4275, #2281, #810, #3961 ) ) ;
#868 = CARTESIAN_POINT ( 'NONE',  ( -109.9289584614393505, -0.3698031432342285263, 1.560357256274001347 ) ) ;
#869 = ORIENTED_EDGE ( 'NONE', *, *, #3814, .T. ) ;
#870 = DIRECTION ( 'NONE',  ( 0.000000000000000000, 0.000000000000000000, 1.000000000000000000 ) ) ;
#871 = FACE_OUTER_BOUND ( 'NONE', #2628, .T. ) ;
#872 = CARTESIAN_POINT ( 'NONE',  ( -35.00000000000000000, -4.999999999999998224, -5.000000000000000888 ) ) ;
#873 = ORIENTED_EDGE ( 'NONE', *, *, #4575, .F. ) ;
#874 = ORIENTED_EDGE ( 'NONE', *, *, #1621, .T. ) ;
#875 = FACE_OUTER_BOUND ( 'NONE', #390, .T. ) ;
#876 = AXIS2_PLACEMENT_3D ( 'NONE', #4178, #2048, #2679 ) ;
#877 = EDGE_CURVE ( 'NONE', #1063, #647, #662, .T. ) ;
#878 = VERTEX_POINT ( 'NONE', #840 ) ;
#879 = CYLINDRICAL_SURFACE ( 'NONE', #4001, 1.600000000000001865 ) ;
#880 = CARTESIAN_POINT ( 'NONE',  ( -86.49999999999995737, -1.600000000000000089, 2.000000000000001776 ) ) ;
#881 = AXIS2_PLACEMENT_3D ( 'NONE', #892, #545, #2736 ) ;
#882 = EDGE_CURVE ( 'NONE', #1727, #2702, #1037, .T. ) ;
#883 = ADVANCED_FACE ( 'NONE', ( #2960 ), #2280, .F. ) ;
#884 = AXIS2_PLACEMENT_3D ( 'NONE', #309, #4565, #2110 ) ;
#885 = LINE ( 'NONE', #4518, #633 ) ;
#886 = DIRECTION ( 'NONE',  ( 0.000000000000000000, -1.000000000000000000, 0.000000000000000000 ) ) ;
#887 = ORIENTED_EDGE ( 'NONE', *, *, #2230, .T. ) ;
#888 =( GEOMETRIC_REPRESENTATION_CONTEXT ( 3 ) GLOBAL_UNCERTAINTY_ASSIGNED_CONTEXT ( ( #2150 ) ) GLOBAL_UNIT_ASSIGNED_CONTEXT ( ( #4450, #190, #4160 ) ) REPRESENTATION_CONTEXT ( 'NONE', 'WORKASPACE' ) );
#889 = DIRECTION ( 'NONE',  ( 0.000000000000000000, 0.000000000000000000, 1.000000000000000000 ) ) ;
#890 = DIRECTION ( 'NONE',  ( 0.000000000000000000, 0.000000000000000000, 1.000000000000000000 ) ) ;
#891 = ORIENTED_EDGE ( 'NONE', *, *, #400, .F. ) ;
#892 = CARTESIAN_POINT ( 'NONE',  ( 10.00000000000000178, -10.00000000000000178, -2.999999999999999112 ) ) ;
#893 = EDGE_CURVE ( 'NONE', #3400, #1398, #2183, .T. ) ;
#894 = ORIENTED_EDGE ( 'NONE', *, *, #2375, .F. ) ;
#895 = ADVANCED_FACE ( 'NONE', ( #2299 ), #535, .F. ) ;
#896 = CARTESIAN_POINT ( 'NONE',  ( -113.4999999999999574, 21.02974084481308736, 0.000000000000000000 ) ) ;
#897 = ORIENTED_EDGE ( 'NONE', *, *, #2428, .T. ) ;
#898 = CARTESIAN_POINT ( 'NONE',  ( -45.50000000000001421, 3.400000000000000355, 5.000000000000000000 ) ) ;
#899 = DIRECTION ( 'NONE',  ( 0.000000000000000000, 0.000000000000000000, -1.000000000000000000 ) ) ;
#900 = VECTOR ( 'NONE', #3733, 1000.000000000000000 ) ;
#901 = ORIENTED_EDGE ( 'NONE', *, *, #4348, .F. ) ;
#902 = CARTESIAN_POINT ( 'NONE',  ( -121.9999999999999574, 7.999999999999998224, 5.000000000000000888 ) ) ;
#903 = CARTESIAN_POINT ( 'NONE',  ( -25.00000000000000355, 5.000000000000002665, 0.000000000000000000 ) ) ;
#904 = ADVANCED_FACE ( 'NONE', ( #1246, #237 ), #194, .T. ) ;
#905 = PRODUCT_RELATED_PRODUCT_CATEGORY ( 'part', '', ( #4588 ) ) ;
#906 = EDGE_CURVE ( 'NONE', #3832, #4324, #2460, .T. ) ;
#907 = DIRECTION ( 'NONE',  ( 1.000000000000000000, 0.000000000000000000, 0.000000000000000000 ) ) ;
#908 = CARTESIAN_POINT ( 'NONE',  ( -109.5594136356972115, 1.026836592093826050, 3.668576805675227703 ) ) ;
#909 = ORIENTED_EDGE ( 'NONE', *, *, #882, .F. ) ;
#910 = CIRCLE ( 'NONE', #3388, 1.600000000000004086 ) ;
#911 = CARTESIAN_POINT ( 'NONE',  ( -96.49999999999994316, 11.60000000000000497, 0.000000000000000000 ) ) ;
#912 = ADVANCED_FACE ( 'NONE', ( #3098 ), #2667, .F. ) ;
#913 = AXIS2_PLACEMENT_3D ( 'NONE', #2805, #1024, #3191 ) ;
#914 = CYLINDRICAL_SURFACE ( 'NONE', #37, 1.475000000000000533 ) ;
#915 = ORIENTED_EDGE ( 'NONE', *, *, #2696, .T. ) ;
#916 = LINE ( 'NONE', #3778, #2307 ) ;
#917 = ORIENTED_EDGE ( 'NONE', *, *, #3886, .T. ) ;
#918 = AXIS2_PLACEMENT_3D ( 'NONE', #2898, #2546, #2928 ) ;
#919 = CARTESIAN_POINT ( 'NONE',  ( -78.09999999999992326, 9.999999999999971578, 0.000000000000000000 ) ) ;
#920 = ORIENTED_EDGE ( 'NONE', *, *, #353, .T. ) ;
#921 = CARTESIAN_POINT ( 'NONE',  ( -10.00000000000000178, 8.525000000000002132, 0.000000000000000000 ) ) ;
#922 = DIRECTION ( 'NONE',  ( 0.000000000000000000, 1.000000000000000000, 0.000000000000000000 ) ) ;
#923 = CIRCLE ( 'NONE', #187, 1.600000000000002531 ) ;
#924 = VERTEX_POINT ( 'NONE', #2013 ) ;
#925 = CARTESIAN_POINT ( 'NONE',  ( -103.4999999999999574, -10.00000000000000000, 18.50000000000000000 ) ) ;
#926 = VECTOR ( 'NONE', #2665, 1000.000000000000000 ) ;
#927 = PLANE ( 'NONE',  #3359 ) ;
#928 = AXIS2_PLACEMENT_3D ( 'NONE', #4276, #1066, #3925 ) ;
#929 = CARTESIAN_POINT ( 'NONE',  ( -126.2999999999999687, 9.999999999999998224, 3.383419246269042002 ) ) ;
#930 = CARTESIAN_POINT ( 'NONE',  ( -20.00000000000000000, -2.312964634635743056E-15, 8.000000000000000000 ) ) ;
#931 = ORIENTED_EDGE ( 'NONE', *, *, #759, .T. ) ;
#932 = AXIS2_PLACEMENT_3D ( 'NONE', #48, #1115, #3633 ) ;
#933 = DIRECTION ( 'NONE',  ( 0.000000000000000000, -1.000000000000000000, 0.000000000000000000 ) ) ;
#934 = DIRECTION ( 'NONE',  ( 0.000000000000000000, -1.000000000000000000, 0.000000000000000000 ) ) ;
#935 = ORIENTED_EDGE ( 'NONE', *, *, #3587, .F. ) ;
#936 = DIRECTION ( 'NONE',  ( 0.000000000000000000, 0.000000000000000000, 1.000000000000000000 ) ) ;
#937 = VERTEX_POINT ( 'NONE', #4098 ) ;
#938 = EDGE_CURVE ( 'NONE', #3620, #111, #1109, .T. ) ;
#939 = CYLINDRICAL_SURFACE ( 'NONE', #183, 1.475000000000004086 ) ;
#940 = VERTEX_POINT ( 'NONE', #3402 ) ;
#941 = ORIENTED_EDGE ( 'NONE', *, *, #1170, .T. ) ;
#942 = CYLINDRICAL_SURFACE ( 'NONE', #211, 1.475000000000000533 ) ;
#943 = DIRECTION ( 'NONE',  ( -0.000000000000000000, 1.000000000000000000, 0.000000000000000000 ) ) ;
#944 = ORIENTED_EDGE ( 'NONE', *, *, #2632, .T. ) ;
#945 = CARTESIAN_POINT ( 'NONE',  ( -55.99999999999995737, -4.999999999999998224, 12.40000000000000213 ) ) ;
#946 = ORIENTED_EDGE ( 'NONE', *, *, #4575, .T. ) ;
#947 = DIRECTION ( 'NONE',  ( 1.000000000000000000, 0.000000000000000000, 0.000000000000000000 ) ) ;
#948 = SURFACE_STYLE_FILL_AREA ( #4494 ) ;
#949 = CIRCLE ( 'NONE', #4020, 4.000000000000003553 ) ;
#950 = DIRECTION ( 'NONE',  ( 0.000000000000000000, 0.000000000000000000, 1.000000000000000000 ) ) ;
#951 = AXIS2_PLACEMENT_3D ( 'NONE', #1678, #2759, #3432 ) ;
#952 = DIRECTION ( 'NONE',  ( 0.000000000000000000, -1.000000000000000000, 0.000000000000000000 ) ) ;
#953 = CARTESIAN_POINT ( 'NONE',  ( -40.50000000000000000, 9.999999999999998224, 5.000000000000000000 ) ) ;
#954 = CARTESIAN_POINT ( 'NONE',  ( -109.8458426036860800, 0.6079046596617306841, 8.096528449908907632 ) ) ;
#955 = VERTEX_POINT ( 'NONE', #582 ) ;
#956 = AXIS2_PLACEMENT_3D ( 'NONE', #4213, #3907, #1004 ) ;
#957 = CARTESIAN_POINT ( 'NONE',  ( -103.4999999999999574, -10.00000000000000178, 0.000000000000000000 ) ) ;
#958 = CARTESIAN_POINT ( 'NONE',  ( -10.00000000000000178, 11.47500000000000320, 15.00000000000000000 ) ) ;
#959 = DIRECTION ( 'NONE',  ( -0.000000000000000000, -1.000000000000000000, -0.000000000000000000 ) ) ;
#960 = AXIS2_PLACEMENT_3D ( 'NONE', #4050, #4310, #2274 ) ;
#961 = VERTEX_POINT ( 'NONE', #4520 ) ;
#962 = APPLICATION_CONTEXT ( 'automotive_design' ) ;
#963 = CARTESIAN_POINT ( 'NONE',  ( -45.50000000000001421, -3.400000000000003908, 5.000000000000000000 ) ) ;
#964 = VERTEX_POINT ( 'NONE', #3120 ) ;
#965 = EDGE_LOOP ( 'NONE', ( #1235, #917, #1113, #2391 ) ) ;
#966 = EDGE_CURVE ( 'NONE', #4573, #1262, #2709, .T. ) ;
#967 = CARTESIAN_POINT ( 'NONE',  ( -108.4999999999999574, -1.734723475976807094E-15, 18.50000000000000000 ) ) ;
#968 = EDGE_CURVE ( 'NONE', #3650, #1065, #605, .T. ) ;
#969 = FACE_OUTER_BOUND ( 'NONE', #3793, .T. ) ;
#970 = VERTEX_POINT ( 'NONE', #1224 ) ;
#971 = DIRECTION ( 'NONE',  ( 0.000000000000000000, -1.000000000000000000, 0.000000000000000000 ) ) ;
#972 = EDGE_LOOP ( 'NONE', ( #710, #1324, #4532, #2858 ) ) ;
#973 = DIRECTION ( 'NONE',  ( 0.000000000000000000, -1.000000000000000000, 0.000000000000000000 ) ) ;
#974 = EDGE_CURVE ( 'NONE', #2358, #4462, #4080, .T. ) ;
#975 = DIRECTION ( 'NONE',  ( -1.734723475976807094E-16, 1.000000000000000000, 0.000000000000000000 ) ) ;
#976 = DIRECTION ( 'NONE',  ( 0.000000000000000000, -1.000000000000000000, 0.000000000000000000 ) ) ;
#977 = CARTESIAN_POINT ( 'NONE',  ( -148.4999999999999716, -0.000000000000000000, -14.14213562373095279 ) ) ;
#978 = FACE_OUTER_BOUND ( 'NONE', #2509, .T. ) ;
#979 = EDGE_CURVE ( 'NONE', #2387, #2737, #3054, .T. ) ;
#980 = DIRECTION ( 'NONE',  ( -0.000000000000000000, -0.000000000000000000, -1.000000000000000000 ) ) ;
#981 = EDGE_LOOP ( 'NONE', ( #4030, #2787, #1216, #2538 ) ) ;
#982 = AXIS2_PLACEMENT_3D ( 'NONE', #1452, #830, #2174 ) ;
#983 = LINE ( 'NONE', #2715, #578 ) ;
#984 = VERTEX_POINT ( 'NONE', #3472 ) ;
#985 = VECTOR ( 'NONE', #4468, 1000.000000000000000 ) ;
#986 = DIRECTION ( 'NONE',  ( 0.000000000000000000, 0.000000000000000000, 1.000000000000000000 ) ) ;
#987 = EDGE_LOOP ( 'NONE', ( #4126, #3253 ) ) ;
#988 = ORIENTED_EDGE ( 'NONE', *, *, #324, .F. ) ;
#989 = EDGE_CURVE ( 'NONE', #3849, #4038, #2930, .T. ) ;
#990 = CARTESIAN_POINT ( 'NONE',  ( -86.49999999999995737, -1.600000000000000089, 2.000000000000001776 ) ) ;
#991 = FACE_BOUND ( 'NONE', #4169, .T. ) ;
#992 = VECTOR ( 'NONE', #3884, 1000.000000000000000 ) ;
#993 = VECTOR ( 'NONE', #4108, 1000.000000000000000 ) ;
#994 = ORIENTED_EDGE ( 'NONE', *, *, #3500, .F. ) ;
#995 = DIRECTION ( 'NONE',  ( -0.000000000000000000, -0.000000000000000000, 1.000000000000000000 ) ) ;
#996 = ORIENTED_EDGE ( 'NONE', *, *, #4550, .T. ) ;
#997 = DIRECTION ( 'NONE',  ( 0.000000000000000000, -1.000000000000000000, 0.000000000000000000 ) ) ;
#998 = CARTESIAN_POINT ( 'NONE',  ( -128.4999999999999432, 4.999999999999998224, 10.00000000000000178 ) ) ;
#999 = EDGE_CURVE ( 'NONE', #4356, #3219, #4402, .T. ) ;
#1000 = CIRCLE ( 'NONE', #3254, 11.09999999999999964 ) ;
#1001 = ORIENTED_EDGE ( 'NONE', *, *, #2638, .F. ) ;
#1002 = DIRECTION ( 'NONE',  ( 0.000000000000000000, -1.000000000000000000, 0.000000000000000000 ) ) ;
#1003 = DIRECTION ( 'NONE',  ( -1.000000000000000000, 3.252606517456505019E-15, 0.000000000000000000 ) ) ;
#1004 = DIRECTION ( 'NONE',  ( 0.000000000000000000, -1.000000000000000000, 0.000000000000000000 ) ) ;
#1005 = AXIS2_PLACEMENT_3D ( 'NONE', #2433, #4260, #3 ) ;
#1006 = AXIS2_PLACEMENT_3D ( 'NONE', #4134, #2473, #3159 ) ;
#1007 = DIRECTION ( 'NONE',  ( 0.000000000000000000, -1.000000000000000000, 0.000000000000000000 ) ) ;
#1008 = CARTESIAN_POINT ( 'NONE',  ( 0.000000000000000000, 0.000000000000000000, 8.000000000000000000 ) ) ;
#1009 = EDGE_LOOP ( 'NONE', ( #2070, #3796, #4286, #1780 ) ) ;
#1010 = CARTESIAN_POINT ( 'NONE',  ( -45.50000000000001421, 4.999999999999998224, 5.000000000000000000 ) ) ;
#1011 = ORIENTED_EDGE ( 'NONE', *, *, #2436, .F. ) ;
#1012 = CARTESIAN_POINT ( 'NONE',  ( 0.000000000000000000, 0.000000000000000000, 16.31370849898476294 ) ) ;
#1013 = VERTEX_POINT ( 'NONE', #1354 ) ;
#1014 = ORIENTED_EDGE ( 'NONE', *, *, #3180, .T. ) ;
#1015 = LINE ( 'NONE', #3917, #2305 ) ;
#1016 = DIRECTION ( 'NONE',  ( -0.000000000000000000, 0.000000000000000000, -1.000000000000000000 ) ) ;
#1017 = DIRECTION ( 'NONE',  ( 0.000000000000000000, 0.000000000000000000, -1.000000000000000000 ) ) ;
#1018 = EDGE_LOOP ( 'NONE', ( #2309, #4537 ) ) ;
#1019 = ORIENTED_EDGE ( 'NONE', *, *, #1923, .T. ) ;
#1020 = DIRECTION ( 'NONE',  ( 0.000000000000000000, -1.000000000000000000, 0.000000000000000000 ) ) ;
#1021 =( LENGTH_UNIT ( ) NAMED_UNIT ( * ) SI_UNIT ( .MILLI., .METRE. ) );
#1022 = DIRECTION ( 'NONE',  ( 0.000000000000000000, 0.000000000000000000, 1.000000000000000000 ) ) ;
#1023 = EDGE_CURVE ( 'NONE', #2173, #1972, #2993, .T. ) ;
#1024 = DIRECTION ( 'NONE',  ( 0.000000000000000000, 0.000000000000000000, 1.000000000000000000 ) ) ;
#1025 = CARTESIAN_POINT ( 'NONE',  ( -161.4999999999999716, 1.592040838891558109E-15, 2.999999999999981792 ) ) ;
#1026 = CONICAL_SURFACE ( 'NONE', #1857, 11.90808929720141229, 0.3490658503988633421 ) ;
#1027 = EDGE_CURVE ( 'NONE', #1618, #2472, #3522, .T. ) ;
#1028 = MECHANICAL_DESIGN_GEOMETRIC_PRESENTATION_REPRESENTATION (  '', ( #590 ), #2602 ) ;
#1029 = CIRCLE ( 'NONE', #951, 5.000000000000000000 ) ;
#1030 = FACE_BOUND ( 'NONE', #4560, .T. ) ;
#1031 = DIRECTION ( 'NONE',  ( 1.000000000000000000, 0.000000000000000000, 0.000000000000000000 ) ) ;
#1032 = EDGE_LOOP ( 'NONE', ( #3702, #107, #3603, #1271, #2046, #1044 ) ) ;
#1033 = DIRECTION ( 'NONE',  ( -1.000000000000000000, 0.000000000000000000, 0.000000000000000000 ) ) ;
#1034 = EDGE_LOOP ( 'NONE', ( #2052, #2934 ) ) ;
#1035 = AXIS2_PLACEMENT_3D ( 'NONE', #4500, #2034, #3751 ) ;
#1036 = CARTESIAN_POINT ( 'NONE',  ( -98.10000000000006537, -9.999999999999880984, -15.00000000000000000 ) ) ;
#1037 = CIRCLE ( 'NONE', #4629, 1.474999999999998090 ) ;
#1038 = ORIENTED_EDGE ( 'NONE', *, *, #4070, .F. ) ;
#1039 = CARTESIAN_POINT ( 'NONE',  ( -10.00000000000000178, 10.00000000000000178, 0.000000000000000000 ) ) ;
#1040 = CARTESIAN_POINT ( 'NONE',  ( 15.00000000000000000, -15.00000000000000000, 5.000000000000000888 ) ) ;
#1041 = MECHANICAL_DESIGN_GEOMETRIC_PRESENTATION_REPRESENTATION (  '', ( #2242 ), #888 ) ;
#1042 = DIRECTION ( 'NONE',  ( 1.000000000000000000, 0.000000000000000000, 0.000000000000000000 ) ) ;
#1043 = ORIENTED_EDGE ( 'NONE', *, *, #4407, .T. ) ;
#1044 = ORIENTED_EDGE ( 'NONE', *, *, #2688, .F. ) ;
#1045 = CARTESIAN_POINT ( 'NONE',  ( -86.49999999999995737, 0.000000000000000000, 2.000000000000001776 ) ) ;
#1046 =( NAMED_UNIT ( * ) SI_UNIT ( $, .STERADIAN. ) SOLID_ANGLE_UNIT ( ) );
#1047 = EDGE_CURVE ( 'NONE', #2528, #2135, #355, .T. ) ;
#1048 = DIRECTION ( 'NONE',  ( 1.000000000000000000, 1.734723475976807094E-16, 0.000000000000000000 ) ) ;
#1049 = DIRECTION ( 'NONE',  ( -1.000000000000000000, 0.000000000000000000, 0.000000000000000000 ) ) ;
#1050 = DIRECTION ( 'NONE',  ( 1.156482317317871725E-16, -1.000000000000000000, 0.000000000000000000 ) ) ;
#1051 = EDGE_CURVE ( 'NONE', #4459, #2378, #1942, .T. ) ;
#1052 = DIRECTION ( 'NONE',  ( 0.000000000000000000, -1.000000000000000000, 0.000000000000000000 ) ) ;
#1053 = DIRECTION ( 'NONE',  ( 0.000000000000000000, 0.000000000000000000, 1.000000000000000000 ) ) ;
#1054 = ORIENTED_EDGE ( 'NONE', *, *, #3046, .F. ) ;
#1055 = CARTESIAN_POINT ( 'NONE',  ( 0.000000000000000000, 0.000000000000000000, 0.000000000000000000 ) ) ;
#1056 = VERTEX_POINT ( 'NONE', #284 ) ;
#1057 = ADVANCED_FACE ( 'NONE', ( #3591 ), #1783, .T. ) ;
#1058 = CARTESIAN_POINT ( 'NONE',  ( -137.5999999999999659, 0.000000000000000000, 0.000000000000000000 ) ) ;
#1059 = ORIENTED_EDGE ( 'NONE', *, *, #1211, .F. ) ;
#1060 = CARTESIAN_POINT ( 'NONE',  ( -133.4999999999999432, 15.00000000000000000, 8.673617379884035472E-16 ) ) ;
#1061 = CIRCLE ( 'NONE', #4057, 1.475000000000000533 ) ;
#1062 = DIRECTION ( 'NONE',  ( 0.000000000000000000, -1.000000000000000000, 0.000000000000000000 ) ) ;
#1063 = VERTEX_POINT ( 'NONE', #4281 ) ;
#1064 = VECTOR ( 'NONE', #1715, 1000.000000000000114 ) ;
#1065 = VERTEX_POINT ( 'NONE', #2435 ) ;
#1066 = DIRECTION ( 'NONE',  ( 0.000000000000000000, 0.000000000000000000, 1.000000000000000000 ) ) ;
#1067 = CIRCLE ( 'NONE', #3909, 5.000000000000004441 ) ;
#1068 = ORIENTED_EDGE ( 'NONE', *, *, #4042, .T. ) ;
#1069 = CARTESIAN_POINT ( 'NONE',  ( -76.49999999999995737, -8.400000000000000355, -15.00000000000000000 ) ) ;
#1070 = AXIS2_PLACEMENT_3D ( 'NONE', #3984, #2910, #4056 ) ;
#1071 = DIRECTION ( 'NONE',  ( 0.000000000000000000, 0.000000000000000000, 1.000000000000000000 ) ) ;
#1072 = DIRECTION ( 'NONE',  ( 1.000000000000000000, 0.000000000000000000, 0.000000000000000000 ) ) ;
#1073 = DIRECTION ( 'NONE',  ( 0.000000000000000000, 0.000000000000000000, -1.000000000000000000 ) ) ;
#1074 = CIRCLE ( 'NONE', #4292, 1.599999999999998090 ) ;
#1075 = DIRECTION ( 'NONE',  ( 0.000000000000000000, 0.000000000000000000, 1.000000000000000000 ) ) ;
#1076 = VERTEX_POINT ( 'NONE', #6 ) ;
#1077 = CARTESIAN_POINT ( 'NONE',  ( -124.9999999999999574, -8.000000000000001776, 5.000000000000000888 ) ) ;
#1078 = ORIENTED_EDGE ( 'NONE', *, *, #1129, .T. ) ;
#1079 = AXIS2_PLACEMENT_3D ( 'NONE', #3542, #3567, #3163 ) ;
#1080 = FACE_OUTER_BOUND ( 'NONE', #4021, .T. ) ;
#1081 = DIRECTION ( 'NONE',  ( 1.000000000000000000, 0.000000000000000000, 0.000000000000000000 ) ) ;
#1082 = EDGE_LOOP ( 'NONE', ( #3677, #3777, #1823, #4350 ) ) ;
#1083 = DIRECTION ( 'NONE',  ( 0.000000000000000000, -1.000000000000000000, 0.000000000000000000 ) ) ;
#1084 = LINE ( 'NONE', #4298, #2408 ) ;
#1085 = EDGE_CURVE ( 'NONE', #3566, #4396, #3664, .T. ) ;
#1086 = ADVANCED_FACE ( 'NONE', ( #1716, #1808 ), #3192, .T. ) ;
#1087 = FACE_OUTER_BOUND ( 'NONE', #317, .T. ) ;
#1088 = VERTEX_POINT ( 'NONE', #1025 ) ;
#1089 = ORIENTED_EDGE ( 'NONE', *, *, #974, .T. ) ;
#1090 = DIRECTION ( 'NONE',  ( 0.000000000000000000, -1.000000000000000000, 0.000000000000000000 ) ) ;
#1091 = PLANE ( 'NONE',  #1427 ) ;
#1092 = DIRECTION ( 'NONE',  ( 0.000000000000000000, 1.000000000000000000, 0.000000000000000000 ) ) ;
#1093 = DIRECTION ( 'NONE',  ( 0.000000000000000000, -1.000000000000000000, 0.000000000000000000 ) ) ;
#1094 = DIRECTION ( 'NONE',  ( 0.000000000000000000, -1.000000000000000000, 0.000000000000000000 ) ) ;
#1095 = ORIENTED_EDGE ( 'NONE', *, *, #3018, .T. ) ;
#1096 = AXIS2_PLACEMENT_3D ( 'NONE', #594, #4555, #4489 ) ;
#1097 = CARTESIAN_POINT ( 'NONE',  ( -108.4999999999999574, -1.734723475976807094E-15, 21.00000000000000000 ) ) ;
#1098 = ORIENTED_EDGE ( 'NONE', *, *, #3121, .T. ) ;
#1099 = DIRECTION ( 'NONE',  ( 0.000000000000000000, 0.000000000000000000, 1.000000000000000000 ) ) ;
#1100 = ORIENTED_EDGE ( 'NONE', *, *, #512, .F. ) ;
#1101 = VECTOR ( 'NONE', #2490, 1000.000000000000114 ) ;
#1102 = PLANE ( 'NONE',  #2564 ) ;
#1103 = CARTESIAN_POINT ( 'NONE',  ( -109.5948515848374285, -0.9911583905289956808, 6.660042744764570699 ) ) ;
#1104 = ORIENTED_EDGE ( 'NONE', *, *, #2859, .F. ) ;
#1105 = CARTESIAN_POINT ( 'NONE',  ( -108.4999999999999574, -1.734723475976807094E-15, 35.00000000000000000 ) ) ;
#1106 = AXIS2_PLACEMENT_3D ( 'NONE', #4337, #2529, #4008 ) ;
#1107 = ADVANCED_FACE ( 'NONE', ( #3885 ), #3213, .F. ) ;
#1108 = EDGE_CURVE ( 'NONE', #1056, #3390, #2827, .T. ) ;
#1109 = CIRCLE ( 'NONE', #2908, 1.474999999999998090 ) ;
#1110 = CARTESIAN_POINT ( 'NONE',  ( -55.99999999999995737, -4.999999999999998224, -27.24426545165052005 ) ) ;
#1111 = ADVANCED_FACE ( 'NONE', ( #694 ), #332, .F. ) ;
#1112 = EDGE_CURVE ( 'NONE', #1993, #1193, #4189, .T. ) ;
#1113 = ORIENTED_EDGE ( 'NONE', *, *, #1051, .F. ) ;
#1114 = ORIENTED_EDGE ( 'NONE', *, *, #4264, .F. ) ;
#1115 = DIRECTION ( 'NONE',  ( 1.000000000000000000, 1.156482317317871725E-16, 0.000000000000000000 ) ) ;
#1116 =( GEOMETRIC_REPRESENTATION_CONTEXT ( 3 ) GLOBAL_UNCERTAINTY_ASSIGNED_CONTEXT ( ( #1456 ) ) GLOBAL_UNIT_ASSIGNED_CONTEXT ( ( #4634, #3118, #1046 ) ) REPRESENTATION_CONTEXT ( 'NONE', 'WORKASPACE' ) );
#1117 = EDGE_CURVE ( 'NONE', #1728, #3276, #69, .T. ) ;
#1118 = CARTESIAN_POINT ( 'NONE',  ( -126.2999999999999687, 7.999999999999998224, 3.383419246269042002 ) ) ;
#1119 = DIRECTION ( 'NONE',  ( 1.301042606982605074E-16, 0.000000000000000000, 1.000000000000000000 ) ) ;
#1120 = DIRECTION ( 'NONE',  ( 0.000000000000000000, -1.000000000000000000, 0.000000000000000000 ) ) ;
#1121 = EDGE_CURVE ( 'NONE', #89, #1387, #4262, .T. ) ;
#1122 = LINE ( 'NONE', #1901, #4064 ) ;
#1123 = CARTESIAN_POINT ( 'NONE',  ( -65.99999999999995737, -4.999999999999998224, -27.24426545165052005 ) ) ;
#1124 = ORIENTED_EDGE ( 'NONE', *, *, #17, .F. ) ;
#1125 = DIRECTION ( 'NONE',  ( 0.000000000000000000, 0.000000000000000000, 1.000000000000000000 ) ) ;
#1126 = ORIENTED_EDGE ( 'NONE', *, *, #1521, .T. ) ;
#1127 = AXIS2_PLACEMENT_3D ( 'NONE', #3476, #3101, #4502 ) ;
#1128 = AXIS2_PLACEMENT_3D ( 'NONE', #4497, #950, #3352 ) ;
#1129 = EDGE_CURVE ( 'NONE', #2054, #1229, #2478, .T. ) ;
#1130 = CARTESIAN_POINT ( 'NONE',  ( -55.99999999999995737, 5.000000000000002665, -27.24426545165052005 ) ) ;
#1131 = DIRECTION ( 'NONE',  ( 0.000000000000000000, 0.000000000000000000, 1.000000000000000000 ) ) ;
#1132 = EDGE_LOOP ( 'NONE', ( #832, #1602, #944, #2710 ) ) ;
#1133 = LINE ( 'NONE', #2966, #3428 ) ;
#1134 = ADVANCED_FACE ( 'NONE', ( #1899 ), #1420, .T. ) ;
#1135 = DIRECTION ( 'NONE',  ( -0.000000000000000000, -0.000000000000000000, -1.000000000000000000 ) ) ;
#1136 = ORIENTED_EDGE ( 'NONE', *, *, #3237, .T. ) ;
#1137 = ORIENTED_EDGE ( 'NONE', *, *, #877, .F. ) ;
#1138 = SURFACE_SIDE_STYLE ('',( #755 ) ) ;
#1139 = VECTOR ( 'NONE', #2310, 1000.000000000000000 ) ;
#1140 = AXIS2_PLACEMENT_3D ( 'NONE', #2385, #4162, #604 ) ;
#1141 = ORIENTED_EDGE ( 'NONE', *, *, #3920, .T. ) ;
#1142 = FACE_BOUND ( 'NONE', #708, .T. ) ;
#1143 = DIRECTION ( 'NONE',  ( 0.000000000000000000, 0.000000000000000000, 1.000000000000000000 ) ) ;
#1144 = FACE_BOUND ( 'NONE', #93, .T. ) ;
#1145 = EDGE_CURVE ( 'NONE', #3410, #2606, #2522, .T. ) ;
#1146 = FACE_OUTER_BOUND ( 'NONE', #4545, .T. ) ;
#1147 = CIRCLE ( 'NONE', #2790, 1.599999999999998090 ) ;
#1148 = CARTESIAN_POINT ( 'NONE',  ( -86.49999999999995737, 0.000000000000000000, 2.000000000000001776 ) ) ;
#1149 = ORIENTED_EDGE ( 'NONE', *, *, #2739, .T. ) ;
#1150 = DIRECTION ( 'NONE',  ( 0.000000000000000000, 1.000000000000000000, 0.000000000000000000 ) ) ;
#1151 = EDGE_LOOP ( 'NONE', ( #3372, #2327, #3307, #2125, #1038 ) ) ;
#1152 = AXIS2_PLACEMENT_3D ( 'NONE', #1926, #2933, #421 ) ;
#1153 = CARTESIAN_POINT ( 'NONE',  ( -20.00000000000000000, -10.00000000000000178, 0.000000000000000000 ) ) ;
#1154 = CARTESIAN_POINT ( 'NONE',  ( -148.4999999999999716, 0.000000000000000000, 7.000000000000002665 ) ) ;
#1155 = VERTEX_POINT ( 'NONE', #761 ) ;
#1156 = CARTESIAN_POINT ( 'NONE',  ( 0.000000000000000000, 0.000000000000000000, 1.000000000000000888 ) ) ;
#1157 = DIRECTION ( 'NONE',  ( 0.000000000000000000, -1.000000000000000000, 0.000000000000000000 ) ) ;
#1158 = VECTOR ( 'NONE', #3655, 1000.000000000000000 ) ;
#1159 = DIRECTION ( 'NONE',  ( -0.7071067811865513475, 0.000000000000000000, 0.7071067811865436870 ) ) ;
#1160 = VECTOR ( 'NONE', #1351, 1000.000000000000000 ) ;
#1161 = EDGE_LOOP ( 'NONE', ( #77, #3970, #4113, #2293 ) ) ;
#1162 = VERTEX_POINT ( 'NONE', #3658 ) ;
#1163 = DIRECTION ( 'NONE',  ( 0.000000000000000000, -1.000000000000000000, 0.000000000000000000 ) ) ;
#1164 = UNCERTAINTY_MEASURE_WITH_UNIT (LENGTH_MEASURE( 1.000000000000000082E-05 ), #2548, 'distance_accuracy_value', 'NONE');
#1165 = EDGE_LOOP ( 'NONE', ( #2507, #3844, #4383, #2300 ) ) ;
#1166 = AXIS2_PLACEMENT_3D ( 'NONE', #2870, #2246, #67 ) ;
#1167 = CARTESIAN_POINT ( 'NONE',  ( -51.00000000000000711, -10.00000000000000178, 0.000000000000000000 ) ) ;
#1168 = CARTESIAN_POINT ( 'NONE',  ( -148.4999999999999716, 0.000000000000000000, 16.31370849898476294 ) ) ;
#1169 = DIRECTION ( 'NONE',  ( 0.000000000000000000, 0.000000000000000000, 1.000000000000000000 ) ) ;
#1170 = EDGE_CURVE ( 'NONE', #3938, #549, #1554, .T. ) ;
#1171 = CARTESIAN_POINT ( 'NONE',  ( -65.99999999999995737, -4.999999999999998224, 12.40000000000000213 ) ) ;
#1172 = ADVANCED_FACE ( 'NONE', ( #462, #3258 ), #3610, .T. ) ;
#1173 = EDGE_CURVE ( 'NONE', #1475, #1610, #2619, .T. ) ;
#1174 = CARTESIAN_POINT ( 'NONE',  ( -101.4999999999999574, -14.99999999999999645, 2.000000000000001776 ) ) ;
#1175 = ORIENTED_EDGE ( 'NONE', *, *, #2399, .T. ) ;
#1176 = DIRECTION ( 'NONE',  ( 0.000000000000000000, 0.000000000000000000, -1.000000000000000000 ) ) ;
#1177 = ORIENTED_EDGE ( 'NONE', *, *, #634, .F. ) ;
#1178 = VECTOR ( 'NONE', #1660, 1000.000000000000000 ) ;
#1179 = DIRECTION ( 'NONE',  ( 1.000000000000000000, 0.000000000000000000, -1.301042606982605074E-16 ) ) ;
#1180 = DIRECTION ( 'NONE',  ( 1.156482317317871478E-16, -1.000000000000000000, 0.000000000000000000 ) ) ;
#1181 = EDGE_LOOP ( 'NONE', ( #3629, #1868, #3492, #327 ) ) ;
#1182 = VECTOR ( 'NONE', #98, 1000.000000000000000 ) ;
#1183 = CARTESIAN_POINT ( 'NONE',  ( -148.4999999999999716, 0.000000000000000000, 3.999999999999968914 ) ) ;
#1184 = CARTESIAN_POINT ( 'NONE',  ( -123.4999999999999574, -10.00000000000000178, 5.000000000000000888 ) ) ;
#1185 = VECTOR ( 'NONE', #2514, 1000.000000000000000 ) ;
#1186 = CARTESIAN_POINT ( 'NONE',  ( -25.00000000000000355, 3.525000000000004352, 0.000000000000000000 ) ) ;
#1187 = AXIS2_PLACEMENT_3D ( 'NONE', #1231, #3232, #1454 ) ;
#1188 = CIRCLE ( 'NONE', #3062, 5.000000000000004441 ) ;
#1189 = ORIENTED_EDGE ( 'NONE', *, *, #1946, .F. ) ;
#1190 = EDGE_LOOP ( 'NONE', ( #389, #4574, #3464, #3473 ) ) ;
#1191 = CARTESIAN_POINT ( 'NONE',  ( -108.4999999999999574, -4.000000000000001776, 21.00000000000000000 ) ) ;
#1192 = AXIS2_PLACEMENT_3D ( 'NONE', #2935, #447, #2255 ) ;
#1193 = VERTEX_POINT ( 'NONE', #3705 ) ;
#1194 = AXIS2_PLACEMENT_3D ( 'NONE', #534, #4425, #2382 ) ;
#1195 = CARTESIAN_POINT ( 'NONE',  ( -55.99999999999995737, -3.400000000000000355, 12.40000000000000213 ) ) ;
#1196 = LINE ( 'NONE', #50, #1603 ) ;
#1197 = CARTESIAN_POINT ( 'NONE',  ( 15.00000000000000000, -15.00000000000000000, 8.673617379884035472E-16 ) ) ;
#1198 = AXIS2_PLACEMENT_3D ( 'NONE', #1708, #4559, #1081 ) ;
#1199 = CARTESIAN_POINT ( 'NONE',  ( -55.99999999999995737, -6.599999999999996092, 0.000000000000000000 ) ) ;
#1200 = CYLINDRICAL_SURFACE ( 'NONE', #778, 1.599999999999998090 ) ;
#1201 = ORIENTED_EDGE ( 'NONE', *, *, #4231, .T. ) ;
#1202 = DIRECTION ( 'NONE',  ( -1.000000000000000000, 0.000000000000000000, 0.000000000000000000 ) ) ;
#1203 = ORIENTED_EDGE ( 'NONE', *, *, #2235, .T. ) ;
#1204 = EDGE_CURVE ( 'NONE', #3531, #3924, #3138, .T. ) ;
#1205 = DIRECTION ( 'NONE',  ( 0.000000000000000000, 1.000000000000000000, 0.000000000000000000 ) ) ;
#1206 = CARTESIAN_POINT ( 'NONE',  ( -55.99999999999995737, -4.999999999999998224, 0.000000000000000000 ) ) ;
#1207 = ORIENTED_EDGE ( 'NONE', *, *, #398, .F. ) ;
#1208 = CARTESIAN_POINT ( 'NONE',  ( -148.4999999999999716, 0.000000000000000000, 0.000000000000000000 ) ) ;
#1209 = CARTESIAN_POINT ( 'NONE',  ( 0.000000000000000000, 0.000000000000000000, -14.14213562373095279 ) ) ;
#1210 = SURFACE_SIDE_STYLE ('',( #1567 ) ) ;
#1211 = EDGE_CURVE ( 'NONE', #171, #457, #1459, .T. ) ;
#1212 = DIRECTION ( 'NONE',  ( 0.000000000000000000, -1.000000000000000000, 0.000000000000000000 ) ) ;
#1213 = ORIENTED_EDGE ( 'NONE', *, *, #2859, .T. ) ;
#1214 = ORIENTED_EDGE ( 'NONE', *, *, #1548, .F. ) ;
#1215 = CARTESIAN_POINT ( 'NONE',  ( -120.6999999999999460, 7.999999999999998224, 6.616580753730954889 ) ) ;
#1216 = ORIENTED_EDGE ( 'NONE', *, *, #938, .T. ) ;
#1217 = CARTESIAN_POINT ( 'NONE',  ( 0.000000000000000000, 0.000000000000000000, 16.31370849898476294 ) ) ;
#1218 =( NAMED_UNIT ( * ) PLANE_ANGLE_UNIT ( ) SI_UNIT ( $, .RADIAN. ) );
#1219 = VECTOR ( 'NONE', #4272, 1000.000000000000000 ) ;
#1220 = CARTESIAN_POINT ( 'NONE',  ( -124.9999999999999574, 7.999999999999998224, 5.000000000000000888 ) ) ;
#1221 = FACE_OUTER_BOUND ( 'NONE', #1181, .T. ) ;
#1222 = ORIENTED_EDGE ( 'NONE', *, *, #2432, .T. ) ;
#1223 = VECTOR ( 'NONE', #1119, 1000.000000000000000 ) ;
#1224 = CARTESIAN_POINT ( 'NONE',  ( -55.99999999999995737, 3.400000000000004796, 12.40000000000000213 ) ) ;
#1225 = EDGE_LOOP ( 'NONE', ( #3580, #4223, #3616, #3004 ) ) ;
#1226 = AXIS2_PLACEMENT_3D ( 'NONE', #1844, #1369, #3628 ) ;
#1227 = DIRECTION ( 'NONE',  ( 1.000000000000000000, 0.000000000000000000, 0.000000000000000000 ) ) ;
#1228 = CARTESIAN_POINT ( 'NONE',  ( -124.9999999999999574, -5.000000000000001776, 5.000000000000000888 ) ) ;
#1229 = VERTEX_POINT ( 'NONE', #2953 ) ;
#1230 = CARTESIAN_POINT ( 'NONE',  ( -108.4999999999999574, -1.734723475976807094E-15, 18.50000000000000000 ) ) ;
#1231 = CARTESIAN_POINT ( 'NONE',  ( -103.4999999999999574, 21.02974084481308736, 18.50000000000000000 ) ) ;
#1232 = EDGE_CURVE ( 'NONE', #568, #2534, #51, .T. ) ;
#1233 = VECTOR ( 'NONE', #3363, 1000.000000000000000 ) ;
#1234 = DIRECTION ( 'NONE',  ( 1.000000000000000000, 0.000000000000000000, 0.000000000000000000 ) ) ;
#1235 = ORIENTED_EDGE ( 'NONE', *, *, #787, .T. ) ;
#1236 = ADVANCED_FACE ( 'NONE', ( #3282 ), #4332, .F. ) ;
#1237 = ORIENTED_EDGE ( 'NONE', *, *, #2175, .F. ) ;
#1238 = EDGE_CURVE ( 'NONE', #4047, #1463, #2311, .T. ) ;
#1239 = LINE ( 'NONE', #3047, #985 ) ;
#1240 = AXIS2_PLACEMENT_3D ( 'NONE', #2823, #2055, #1020 ) ;
#1241 = ORIENTED_EDGE ( 'NONE', *, *, #1437, .T. ) ;
#1242 = DIRECTION ( 'NONE',  ( -1.000000000000000000, 0.000000000000000000, 0.000000000000000000 ) ) ;
#1243 = CIRCLE ( 'NONE', #1166, 1.599999999999998090 ) ;
#1244 = LINE ( 'NONE', #3729, #926 ) ;
#1245 = VERTEX_POINT ( 'NONE', #73 ) ;
#1246 = FACE_BOUND ( 'NONE', #1891, .T. ) ;
#1247 = ORIENTED_EDGE ( 'NONE', *, *, #2364, .T. ) ;
#1248 =( NAMED_UNIT ( * ) PLANE_ANGLE_UNIT ( ) SI_UNIT ( $, .RADIAN. ) );
#1249 = DIRECTION ( 'NONE',  ( 1.000000000000000000, -1.058475341273983546E-14, 0.000000000000000000 ) ) ;
#1250 = ORIENTED_EDGE ( 'NONE', *, *, #2763, .T. ) ;
#1251 = FACE_OUTER_BOUND ( 'NONE', #1703, .T. ) ;
#1252 = CARTESIAN_POINT ( 'NONE',  ( -49.00000000000000711, 9.999999999999998224, -22.99999999999999645 ) ) ;
#1253 = CARTESIAN_POINT ( 'NONE',  ( -124.9999999999999574, 4.999999999999998224, 5.000000000000000888 ) ) ;
#1254 = EDGE_LOOP ( 'NONE', ( #2741, #1991, #1298, #451 ) ) ;
#1255 = DIRECTION ( 'NONE',  ( 0.000000000000000000, 1.000000000000000000, 0.000000000000000000 ) ) ;
#1256 = CLOSED_SHELL ( 'NONE', ( #1405, #3606, #2980, #1259, #680, #2915, #1057, #4457, #229 ) ) ;
#1257 = LINE ( 'NONE', #2332, #1289 ) ;
#1258 = EDGE_CURVE ( 'NONE', #1463, #2921, #4000, .T. ) ;
#1259 = ADVANCED_FACE ( 'NONE', ( #3680 ), #442, .T. ) ;
#1260 = CIRCLE ( 'NONE', #1329, 1.600000000000000089 ) ;
#1261 = ADVANCED_FACE ( 'NONE', ( #1144, #25 ), #2225, .T. ) ;
#1262 = VERTEX_POINT ( 'NONE', #3304 ) ;
#1263 = CARTESIAN_POINT ( 'NONE',  ( -109.9749999999999659, -1.734723475976807094E-15, -8.000000000000007105 ) ) ;
#1264 = LINE ( 'NONE', #1625, #221 ) ;
#1265 = CIRCLE ( 'NONE', #1643, 1.599999999999990319 ) ;
#1266 = ADVANCED_FACE ( 'NONE', ( #96 ), #1527, .F. ) ;
#1267 = MANIFOLD_SOLID_BREP ( 'Body-Move/Copy9[8]', #4470 ) ;
#1268 = VECTOR ( 'NONE', #739, 1000.000000000000000 ) ;
#1269 = CARTESIAN_POINT ( 'NONE',  ( -65.99999999999995737, 5.000000000000000888, 12.40000000000000213 ) ) ;
#1270 = CARTESIAN_POINT ( 'NONE',  ( -109.8458112032039935, 0.6079579699214936461, 1.903626165008546200 ) ) ;
#1271 = ORIENTED_EDGE ( 'NONE', *, *, #2025, .F. ) ;
#1272 = PRESENTATION_LAYER_ASSIGNMENT (  '', '', ( #2242 ) ) ;
#1273 = CARTESIAN_POINT ( 'NONE',  ( -113.4999999999999574, 4.999999999999995559, 14.79795897113271685 ) ) ;
#1274 = DIRECTION ( 'NONE',  ( 0.000000000000000000, -1.000000000000000000, 0.000000000000000000 ) ) ;
#1275 = EDGE_LOOP ( 'NONE', ( #12, #3869 ) ) ;
#1276 = LINE ( 'NONE', #2367, #2902 ) ;
#1277 = ORIENTED_EDGE ( 'NONE', *, *, #178, .F. ) ;
#1278 = FACE_OUTER_BOUND ( 'NONE', #1032, .T. ) ;
#1279 = ORIENTED_EDGE ( 'NONE', *, *, #1865, .T. ) ;
#1280 = FACE_OUTER_BOUND ( 'NONE', #4558, .T. ) ;
#1281 = LINE ( 'NONE', #2660, #3161 ) ;
#1282 = ORIENTED_EDGE ( 'NONE', *, *, #3267, .T. ) ;
#1283 = DIRECTION ( 'NONE',  ( 0.000000000000000000, 0.000000000000000000, -1.000000000000000000 ) ) ;
#1284 = CYLINDRICAL_SURFACE ( 'NONE', #1913, 1.474999999999998090 ) ;
#1285 = ADVANCED_FACE ( 'NONE', ( #2251 ), #558, .F. ) ;
#1286 = CARTESIAN_POINT ( 'NONE',  ( -123.4999999999999574, 7.999999999999998224, 8.233161507461908002 ) ) ;
#1287 = DIRECTION ( 'NONE',  ( 0.000000000000000000, 0.000000000000000000, 1.000000000000000000 ) ) ;
#1288 = ORIENTED_EDGE ( 'NONE', *, *, #3605, .T. ) ;
#1289 = VECTOR ( 'NONE', #3763, 1000.000000000000000 ) ;
#1290 = LINE ( 'NONE', #3451, #3152 ) ;
#1291 = DIRECTION ( 'NONE',  ( 0.000000000000000000, 0.000000000000000000, 1.000000000000000000 ) ) ;
#1292 = ORIENTED_EDGE ( 'NONE', *, *, #3748, .T. ) ;
#1293 = DIRECTION ( 'NONE',  ( 0.000000000000000000, 0.000000000000000000, 1.000000000000000000 ) ) ;
#1294 = ORIENTED_EDGE ( 'NONE', *, *, #4239, .F. ) ;
#1295 = CIRCLE ( 'NONE', #1367, 5.000000000000000888 ) ;
#1296 = LINE ( 'NONE', #2718, #765 ) ;
#1297 = ORIENTED_EDGE ( 'NONE', *, *, #2428, .F. ) ;
#1298 = ORIENTED_EDGE ( 'NONE', *, *, #1668, .F. ) ;
#1299 = VECTOR ( 'NONE', #1816, 1000.000000000000000 ) ;
#1300 = LINE ( 'NONE', #898, #3279 ) ;
#1301 = FACE_OUTER_BOUND ( 'NONE', #2881, .T. ) ;
#1302 = AXIS2_PLACEMENT_3D ( 'NONE', #3755, #2065, #637 ) ;
#1303 = ORIENTED_EDGE ( 'NONE', *, *, #1969, .F. ) ;
#1304 = CARTESIAN_POINT ( 'NONE',  ( -15.00000000000000355, 15.00000000000000355, 15.00000000000000000 ) ) ;
#1305 = FILL_AREA_STYLE ('',( #2642 ) ) ;
#1306 = AXIS2_PLACEMENT_3D ( 'NONE', #2689, #3789, #907 ) ;
#1307 = MANIFOLD_SOLID_BREP ( 'Body-Move/Copy9[2]', #2818 ) ;
#1308 = DIRECTION ( 'NONE',  ( 0.000000000000000000, 0.000000000000000000, 1.000000000000000000 ) ) ;
#1309 = CYLINDRICAL_SURFACE ( 'NONE', #2558, 5.000000000000000888 ) ;
#1310 = CARTESIAN_POINT ( 'NONE',  ( -109.7801200667220058, 0.7362834390613959279, 2.209068750218792232 ) ) ;
#1311 = ORIENTED_EDGE ( 'NONE', *, *, #1835, .T. ) ;
#1312 = EDGE_CURVE ( 'NONE', #66, #1588, #4095, .T. ) ;
#1313 = EDGE_CURVE ( 'NONE', #2006, #1774, #4557, .T. ) ;
#1314 = DIRECTION ( 'NONE',  ( 0.000000000000000000, -1.000000000000000000, 0.000000000000000000 ) ) ;
#1315 = CYLINDRICAL_SURFACE ( 'NONE', #4073, 5.000000000000000000 ) ;
#1316 = ORIENTED_EDGE ( 'NONE', *, *, #3382, .F. ) ;
#1317 = PLANE ( 'NONE',  #2456 ) ;
#1318 = ORIENTED_EDGE ( 'NONE', *, *, #3505, .T. ) ;
#1319 = DIRECTION ( 'NONE',  ( 1.000000000000000000, 0.000000000000000000, 0.000000000000000000 ) ) ;
#1320 = EDGE_LOOP ( 'NONE', ( #1487, #3457 ) ) ;
#1321 = DIRECTION ( 'NONE',  ( 0.000000000000000000, -1.000000000000000000, 0.000000000000000000 ) ) ;
#1322 = FACE_BOUND ( 'NONE', #304, .T. ) ;
#1323 = EDGE_CURVE ( 'NONE', #4356, #2562, #2316, .T. ) ;
#1324 = ORIENTED_EDGE ( 'NONE', *, *, #1238, .T. ) ;
#1325 = DIRECTION ( 'NONE',  ( 0.000000000000000000, 0.000000000000000000, 1.000000000000000000 ) ) ;
#1326 = VERTEX_POINT ( 'NONE', #1666 ) ;
#1327 = CYLINDRICAL_SURFACE ( 'NONE', #3412, 1.600000000000000089 ) ;
#1328 = DIRECTION ( 'NONE',  ( 0.000000000000000000, 0.000000000000000000, -1.000000000000000000 ) ) ;
#1329 = AXIS2_PLACEMENT_3D ( 'NONE', #1445, #2864, #1083 ) ;
#1330 = VECTOR ( 'NONE', #1789, 1000.000000000000000 ) ;
#1331 = CYLINDRICAL_SURFACE ( 'NONE', #3764, 13.99999999999999822 ) ;
#1332 = CARTESIAN_POINT ( 'NONE',  ( -148.4999999999999716, 0.000000000000000000, 0.000000000000000000 ) ) ;
#1333 = VECTOR ( 'NONE', #3839, 1000.000000000000000 ) ;
#1334 = DIRECTION ( 'NONE',  ( 0.000000000000000000, -1.000000000000000000, 0.000000000000000000 ) ) ;
#1335 = EDGE_CURVE ( 'NONE', #2844, #3508, #1264, .T. ) ;
#1336 = CARTESIAN_POINT ( 'NONE',  ( -160.4080892972013430, 0.000000000000000000, 7.000000000000002665 ) ) ;
#1337 = ORIENTED_EDGE ( 'NONE', *, *, #13, .F. ) ;
#1338 = DIRECTION ( 'NONE',  ( 0.000000000000000000, 0.000000000000000000, 1.000000000000000000 ) ) ;
#1339 = STYLED_ITEM ( 'NONE', ( #3903 ), #1368 ) ;
#1340 = EDGE_LOOP ( 'NONE', ( #4312, #2182, #1449, #1951 ) ) ;
#1341 = EDGE_CURVE ( 'NONE', #1709, #1088, #4473, .T. ) ;
#1342 = DIRECTION ( 'NONE',  ( 0.000000000000000000, 0.000000000000000000, 1.000000000000000000 ) ) ;
#1343 = ORIENTED_EDGE ( 'NONE', *, *, #3943, .F. ) ;
#1344 = EDGE_LOOP ( 'NONE', ( #1100, #1576, #254, #4243 ) ) ;
#1345 = DIRECTION ( 'NONE',  ( 0.000000000000000000, -1.000000000000000000, 0.000000000000000000 ) ) ;
#1346 = CARTESIAN_POINT ( 'NONE',  ( -10.00000000000000178, 10.00000000000000178, 0.000000000000000000 ) ) ;
#1347 = EDGE_CURVE ( 'NONE', #1076, #3864, #3292, .T. ) ;
#1348 = ORIENTED_EDGE ( 'NONE', *, *, #1890, .T. ) ;
#1349 = DIRECTION ( 'NONE',  ( 0.000000000000000000, 0.000000000000000000, 1.000000000000000000 ) ) ;
#1350 = ORIENTED_EDGE ( 'NONE', *, *, #346, .T. ) ;
#1351 = DIRECTION ( 'NONE',  ( 1.000000000000000000, 0.000000000000000000, 0.000000000000000000 ) ) ;
#1352 = PLANE ( 'NONE',  #1832 ) ;
#1353 = CARTESIAN_POINT ( 'NONE',  ( -148.4999999999999716, 0.000000000000000000, 5.000000000000000888 ) ) ;
#1354 = CARTESIAN_POINT ( 'NONE',  ( 11.47500000000003695, 9.999999999999962697, 0.000000000000000000 ) ) ;
#1355 = CARTESIAN_POINT ( 'NONE',  ( -108.4999999999999574, 3.999999999999998224, 46.31370849898476649 ) ) ;
#1356 = CARTESIAN_POINT ( 'NONE',  ( 1.224646799147353256E-15, -10.00000000000000000, 1.000000000000000888 ) ) ;
#1357 = ORIENTED_EDGE ( 'NONE', *, *, #4349, .T. ) ;
#1358 = AXIS2_PLACEMENT_3D ( 'NONE', #4304, #458, #2972 ) ;
#1359 = DIRECTION ( 'NONE',  ( 0.000000000000000000, 1.000000000000000000, 0.000000000000000000 ) ) ;
#1360 = ORIENTED_EDGE ( 'NONE', *, *, #3861, .F. ) ;
#1361 = CIRCLE ( 'NONE', #252, 13.99999999999999822 ) ;
#1362 = CARTESIAN_POINT ( 'NONE',  ( -86.49999999999995737, 1.600000000000000089, 2.000000000000001776 ) ) ;
#1363 = ORIENTED_EDGE ( 'NONE', *, *, #1347, .F. ) ;
#1364 = VERTEX_POINT ( 'NONE', #1989 ) ;
#1365 = DIRECTION ( 'NONE',  ( 0.8660254037844387076, 0.000000000000000000, -0.4999999999999998335 ) ) ;
#1366 = CARTESIAN_POINT ( 'NONE',  ( -148.4999999999999716, 0.000000000000000000, 3.999999999999968914 ) ) ;
#1367 = AXIS2_PLACEMENT_3D ( 'NONE', #3694, #3297, #827 ) ;
#1368 = MANIFOLD_SOLID_BREP ( 'Body-Move/Copy9[3]', #506 ) ;
#1369 = DIRECTION ( 'NONE',  ( 0.000000000000000000, 0.000000000000000000, -1.000000000000000000 ) ) ;
#1370 = EDGE_CURVE ( 'NONE', #2984, #1709, #2010, .T. ) ;
#1371 = VECTOR ( 'NONE', #3456, 1000.000000000000000 ) ;
#1372 = EDGE_CURVE ( 'NONE', #2348, #865, #2776, .T. ) ;
#1373 = VERTEX_POINT ( 'NONE', #626 ) ;
#1374 = ORIENTED_EDGE ( 'NONE', *, *, #3873, .F. ) ;
#1375 = FACE_OUTER_BOUND ( 'NONE', #704, .T. ) ;
#1376 = DIRECTION ( 'NONE',  ( 1.000000000000000000, 0.000000000000000000, 0.000000000000000000 ) ) ;
#1377 = VECTOR ( 'NONE', #790, 1000.000000000000000 ) ;
#1378 = VECTOR ( 'NONE', #3102, 1000.000000000000000 ) ;
#1379 = VERTEX_POINT ( 'NONE', #3834 ) ;
#1380 = FACE_OUTER_BOUND ( 'NONE', #2799, .T. ) ;
#1381 = DIRECTION ( 'NONE',  ( 0.000000000000000000, 0.000000000000000000, 1.000000000000000000 ) ) ;
#1382 = CARTESIAN_POINT ( 'NONE',  ( -101.4999999999999574, 15.00000000000000355, 2.000000000000001776 ) ) ;
#1383 = AXIS2_PLACEMENT_3D ( 'NONE', #1903, #3006, #815 ) ;
#1384 = AXIS2_PLACEMENT_3D ( 'NONE', #3187, #3206, #2750 ) ;
#1385 = CARTESIAN_POINT ( 'NONE',  ( 1.600000000000001865, 0.000000000000000000, 16.31370849898476294 ) ) ;
#1386 = CYLINDRICAL_SURFACE ( 'NONE', #1907, 5.000000000000000888 ) ;
#1387 = VERTEX_POINT ( 'NONE', #2056 ) ;
#1388 = EDGE_CURVE ( 'NONE', #3720, #298, #443, .T. ) ;
#1389 = CYLINDRICAL_SURFACE ( 'NONE', #3285, 1.474999999999998090 ) ;
#1390 = MANIFOLD_SOLID_BREP ( 'Body-Move/Copy9[9]', #4017 ) ;
#1391 = ORIENTED_EDGE ( 'NONE', *, *, #1388, .T. ) ;
#1392 = ORIENTED_EDGE ( 'NONE', *, *, #877, .T. ) ;
#1393 = DIRECTION ( 'NONE',  ( 0.000000000000000000, 1.000000000000000000, 0.000000000000000000 ) ) ;
#1394 = DIRECTION ( 'NONE',  ( 0.000000000000000000, 1.000000000000000000, 0.000000000000000000 ) ) ;
#1395 = MANIFOLD_SOLID_BREP ( 'Body-Move/Copy9[7]', #1256 ) ;
#1396 = AXIS2_PLACEMENT_3D ( 'NONE', #1477, #1802, #3652 ) ;
#1397 = CARTESIAN_POINT ( 'NONE',  ( -113.4999999999999574, -4.999999999999995559, 18.50000000000000000 ) ) ;
#1398 = VERTEX_POINT ( 'NONE', #998 ) ;
#1399 = EDGE_CURVE ( 'NONE', #2742, #4326, #3740, .T. ) ;
#1400 = VERTEX_POINT ( 'NONE', #3583 ) ;
#1401 = LINE ( 'NONE', #3493, #412 ) ;
#1402 =( NAMED_UNIT ( * ) SI_UNIT ( $, .STERADIAN. ) SOLID_ANGLE_UNIT ( ) );
#1403 = EDGE_CURVE ( 'NONE', #816, #3599, #526, .T. ) ;
#1404 = ADVANCED_FACE ( 'NONE', ( #3017 ), #2240, .T. ) ;
#1405 = ADVANCED_FACE ( 'NONE', ( #3926 ), #371, .T. ) ;
#1406 = EDGE_LOOP ( 'NONE', ( #4408, #2747, #4484, #1688 ) ) ;
#1407 = LINE ( 'NONE', #3190, #3332 ) ;
#1408 = DIRECTION ( 'NONE',  ( -0.000000000000000000, -0.000000000000000000, -1.000000000000000000 ) ) ;
#1409 = DIRECTION ( 'NONE',  ( -0.000000000000000000, -0.000000000000000000, 1.000000000000000000 ) ) ;
#1410 = CIRCLE ( 'NONE', #3510, 1.600000000000000089 ) ;
#1411 = ADVANCED_FACE ( 'NONE', ( #871 ), #1591, .F. ) ;
#1412 = AXIS2_PLACEMENT_3D ( 'NONE', #39, #255, #2425 ) ;
#1413 = VECTOR ( 'NONE', #2115, 1000.000000000000000 ) ;
#1414 = LINE ( 'NONE', #2833, #1569 ) ;
#1415 = DIRECTION ( 'NONE',  ( 0.000000000000000000, 0.000000000000000000, 1.000000000000000000 ) ) ;
#1416 = ORIENTED_EDGE ( 'NONE', *, *, #1924, .T. ) ;
#1417 = CARTESIAN_POINT ( 'NONE',  ( -65.99999999999995737, 3.400000000000003020, 12.40000000000000213 ) ) ;
#1418 = MANIFOLD_SOLID_BREP ( 'Body-Move/Copy9[1]', #3426 ) ;
#1419 = EDGE_LOOP ( 'NONE', ( #1813, #10, #3294, #2612 ) ) ;
#1420 = CONICAL_SURFACE ( 'NONE', #4027, 11.90808929720138565, 0.3490658503988614547 ) ;
#1421 = DIRECTION ( 'NONE',  ( 0.000000000000000000, 0.000000000000000000, 1.000000000000000000 ) ) ;
#1422 = MECHANICAL_DESIGN_GEOMETRIC_PRESENTATION_REPRESENTATION (  '', ( #1339 ), #4409 ) ;
#1423 = ORIENTED_EDGE ( 'NONE', *, *, #1312, .T. ) ;
#1424 = DIRECTION ( 'NONE',  ( 0.000000000000000000, -1.000000000000000000, 0.000000000000000000 ) ) ;
#1425 = DIRECTION ( 'NONE',  ( 1.000000000000000000, 0.000000000000000000, 0.000000000000000000 ) ) ;
#1426 = EDGE_CURVE ( 'NONE', #878, #2528, #157, .T. ) ;
#1427 = AXIS2_PLACEMENT_3D ( 'NONE', #1803, #3738, #3949 ) ;
#1428 = CARTESIAN_POINT ( 'NONE',  ( 4.000000000000000888, 0.000000000000000000, 1.500000000000000888 ) ) ;
#1429 = ORIENTED_EDGE ( 'NONE', *, *, #1403, .F. ) ;
#1430 = ORIENTED_EDGE ( 'NONE', *, *, #3861, .T. ) ;
#1431 = CARTESIAN_POINT ( 'NONE',  ( 15.00000000000000000, -14.99999999999999645, 57.42640687119285303 ) ) ;
#1432 = FACE_OUTER_BOUND ( 'NONE', #1800, .T. ) ;
#1433 = CARTESIAN_POINT ( 'NONE',  ( -143.4999999999999716, -6.123233995736763324E-16, 0.000000000000000000 ) ) ;
#1434 = DIRECTION ( 'NONE',  ( 0.000000000000000000, 0.000000000000000000, 1.000000000000000000 ) ) ;
#1435 = FACE_BOUND ( 'NONE', #1034, .T. ) ;
#1436 = ADVANCED_FACE ( 'NONE', ( #1935 ), #1091, .F. ) ;
#1437 = EDGE_CURVE ( 'NONE', #2652, #1623, #223, .T. ) ;
#1438 = PLANE ( 'NONE',  #2282 ) ;
#1439 = ORIENTED_EDGE ( 'NONE', *, *, #353, .F. ) ;
#1440 = DIRECTION ( 'NONE',  ( 0.000000000000000000, 1.000000000000000000, 0.000000000000000000 ) ) ;
#1441 = VERTEX_POINT ( 'NONE', #801 ) ;
#1442 = DIRECTION ( 'NONE',  ( -1.000000000000000000, 0.000000000000000000, 0.000000000000000000 ) ) ;
#1443 = CARTESIAN_POINT ( 'NONE',  ( -109.9670020432738369, -0.1694426137720080605, 8.586100707976719093 ) ) ;
#1444 = ORIENTED_EDGE ( 'NONE', *, *, #3182, .F. ) ;
#1445 = CARTESIAN_POINT ( 'NONE',  ( -86.49999999999995737, 0.000000000000000000, 2.000000000000001776 ) ) ;
#1446 = FACE_OUTER_BOUND ( 'NONE', #3045, .T. ) ;
#1447 = VECTOR ( 'NONE', #2923, 1000.000000000000000 ) ;
#1448 = CYLINDRICAL_SURFACE ( 'NONE', #2491, 1.475000000000000533 ) ;
#1449 = ORIENTED_EDGE ( 'NONE', *, *, #2625, .T. ) ;
#1450 = AXIS2_PLACEMENT_3D ( 'NONE', #2033, #3471, #261 ) ;
#1451 = EDGE_LOOP ( 'NONE', ( #2959, #386, #486, #2014 ) ) ;
#1452 = CARTESIAN_POINT ( 'NONE',  ( -10.00000000000000178, 10.00000000000000178, 15.00000000000000000 ) ) ;
#1453 = AXIS2_PLACEMENT_3D ( 'NONE', #29, #3681, #2576 ) ;
#1454 = DIRECTION ( 'NONE',  ( 1.000000000000000000, 0.000000000000000000, -1.301042606982605074E-16 ) ) ;
#1455 = CIRCLE ( 'NONE', #30, 5.000000000000000000 ) ;
#1456 = UNCERTAINTY_MEASURE_WITH_UNIT (LENGTH_MEASURE( 1.000000000000000082E-05 ), #4634, 'distance_accuracy_value', 'NONE');
#1457 = CARTESIAN_POINT ( 'NONE',  ( -96.50000000000005684, -9.999999999999896971, -15.00000000000000000 ) ) ;
#1458 = CARTESIAN_POINT ( 'NONE',  ( -86.49999999999995737, 0.000000000000000000, 2.000000000000001776 ) ) ;
#1459 = LINE ( 'NONE', #1850, #3737 ) ;
#1460 = DIRECTION ( 'NONE',  ( 0.000000000000000000, 0.000000000000000000, 1.000000000000000000 ) ) ;
#1461 = ORIENTED_EDGE ( 'NONE', *, *, #906, .F. ) ;
#1462 = CARTESIAN_POINT ( 'NONE',  ( -108.4999999999999574, -1.734723475976807094E-15, 18.50000000000000000 ) ) ;
#1463 = VERTEX_POINT ( 'NONE', #1612 ) ;
#1464 = LINE ( 'NONE', #2440, #435 ) ;
#1465 = ORIENTED_EDGE ( 'NONE', *, *, #2603, .F. ) ;
#1466 = ADVANCED_FACE ( 'NONE', ( #453 ), #3315, .F. ) ;
#1467 = EDGE_CURVE ( 'NONE', #964, #3380, #4036, .T. ) ;
#1468 = VECTOR ( 'NONE', #94, 1000.000000000000000 ) ;
#1469 = ADVANCED_FACE ( 'NONE', ( #475 ), #3718, .T. ) ;
#1470 = LINE ( 'NONE', #1745, #4072 ) ;
#1471 = FACE_OUTER_BOUND ( 'NONE', #3596, .T. ) ;
#1472 = EDGE_LOOP ( 'NONE', ( #2124, #124, #4481, #4501 ) ) ;
#1473 = CARTESIAN_POINT ( 'NONE',  ( -50.00000000000000000, 9.999999999999998224, 8.000000000000000000 ) ) ;
#1474 = CARTESIAN_POINT ( 'NONE',  ( -146.8999999999999773, 0.000000000000000000, 5.000000000000000888 ) ) ;
#1475 = VERTEX_POINT ( 'NONE', #2748 ) ;
#1476 = ORIENTED_EDGE ( 'NONE', *, *, #1531, .T. ) ;
#1477 = CARTESIAN_POINT ( 'NONE',  ( -55.99999999999995737, 5.000000000000002665, 0.000000000000000000 ) ) ;
#1478 = FACE_BOUND ( 'NONE', #682, .T. ) ;
#1479 = FACE_OUTER_BOUND ( 'NONE', #1344, .T. ) ;
#1480 = DIRECTION ( 'NONE',  ( -0.000000000000000000, 0.000000000000000000, -1.000000000000000000 ) ) ;
#1481 = EDGE_CURVE ( 'NONE', #1623, #2652, #1, .T. ) ;
#1482 = SURFACE_SIDE_STYLE ('',( #740 ) ) ;
#1483 = CYLINDRICAL_SURFACE ( 'NONE', #484, 1.599999999999998090 ) ;
#1484 = ORIENTED_EDGE ( 'NONE', *, *, #2826, .T. ) ;
#1485 = DIRECTION ( 'NONE',  ( 0.000000000000000000, 0.000000000000000000, 1.000000000000000000 ) ) ;
#1486 = EDGE_CURVE ( 'NONE', #3309, #1229, #4250, .T. ) ;
#1487 = ORIENTED_EDGE ( 'NONE', *, *, #4320, .F. ) ;
#1488 = VECTOR ( 'NONE', #1786, 1000.000000000000000 ) ;
#1489 = AXIS2_PLACEMENT_3D ( 'NONE', #2535, #41, #1393 ) ;
#1490 = FACE_OUTER_BOUND ( 'NONE', #2467, .T. ) ;
#1491 = DIRECTION ( 'NONE',  ( -1.000000000000000000, -1.156482317317871478E-16, 0.000000000000000000 ) ) ;
#1492 = ORIENTED_EDGE ( 'NONE', *, *, #3808, .T. ) ;
#1493 = LINE ( 'NONE', #452, #2455 ) ;
#1494 = VECTOR ( 'NONE', #3386, 1000.000000000000000 ) ;
#1495 = AXIS2_PLACEMENT_3D ( 'NONE', #1971, #1694, #1671 ) ;
#1496 = CARTESIAN_POINT ( 'NONE',  ( -128.4999999999999432, -10.00000000000000178, 10.00000000000000178 ) ) ;
#1497 = STYLED_ITEM ( 'NONE', ( #2903 ), #4485 ) ;
#1498 = EDGE_LOOP ( 'NONE', ( #3355, #3039 ) ) ;
#1499 = ADVANCED_FACE ( 'NONE', ( #1471 ), #2615, .T. ) ;
#1500 = ORIENTED_EDGE ( 'NONE', *, *, #2454, .F. ) ;
#1501 = LINE ( 'NONE', #4046, #1447 ) ;
#1502 = VECTOR ( 'NONE', #3788, 1000.000000000000000 ) ;
#1503 = DIRECTION ( 'NONE',  ( 0.000000000000000000, -1.000000000000000000, 0.000000000000000000 ) ) ;
#1504 = DIRECTION ( 'NONE',  ( 1.000000000000000000, 0.000000000000000000, 0.000000000000000000 ) ) ;
#1505 = DIRECTION ( 'NONE',  ( 0.000000000000000000, 0.000000000000000000, 1.000000000000000000 ) ) ;
#1506 = CARTESIAN_POINT ( 'NONE',  ( -103.4999999999999574, -5.000000000000002665, 18.50000000000000000 ) ) ;
#1507 = FACE_BOUND ( 'NONE', #159, .T. ) ;
#1508 = VERTEX_POINT ( 'NONE', #4183 ) ;
#1509 = DIRECTION ( 'NONE',  ( 0.000000000000000000, -1.000000000000000000, 0.000000000000000000 ) ) ;
#1510 = ORIENTED_EDGE ( 'NONE', *, *, #3269, .T. ) ;
#1511 = CARTESIAN_POINT ( 'NONE',  ( -71.49999999999995737, -14.99999999999999645, 2.000000000000001776 ) ) ;
#1512 = CARTESIAN_POINT ( 'NONE',  ( -127.0999999999999659, -10.00000000000000178, 5.000000000000001776 ) ) ;
#1513 = ORIENTED_EDGE ( 'NONE', *, *, #679, .T. ) ;
#1514 = DIRECTION ( 'NONE',  ( 0.000000000000000000, 0.000000000000000000, 1.000000000000000000 ) ) ;
#1515 = LINE ( 'NONE', #2169, #3468 ) ;
#1516 = PLANE ( 'NONE',  #2785 ) ;
#1517 = VERTEX_POINT ( 'NONE', #3937 ) ;
#1518 = ORIENTED_EDGE ( 'NONE', *, *, #1108, .T. ) ;
#1519 = CARTESIAN_POINT ( 'NONE',  ( -120.0000000000001421, -5.000000000000002665, 18.50000000000000355 ) ) ;
#1520 = AXIS2_PLACEMENT_3D ( 'NONE', #2636, #4511, #1941 ) ;
#1521 = EDGE_CURVE ( 'NONE', #1262, #2534, #3811, .T. ) ;
#1522 = EDGE_CURVE ( 'NONE', #3668, #112, #3964, .T. ) ;
#1523 = AXIS2_PLACEMENT_3D ( 'NONE', #3164, #1381, #2501 ) ;
#1524 = EDGE_LOOP ( 'NONE', ( #3078, #1510, #3189, #1596 ) ) ;
#1525 = CARTESIAN_POINT ( 'NONE',  ( -65.99999999999995737, 3.400000000000003020, -27.24426545165052005 ) ) ;
#1526 = LINE ( 'NONE', #1875, #27 ) ;
#1527 = CYLINDRICAL_SURFACE ( 'NONE', #3519, 1.600000000000000089 ) ;
#1528 = ADVANCED_BREP_SHAPE_REPRESENTATION ( 'Caster', ( #1418, #1307, #1368, #4366, #2861, #4485, #1395, #1267, #1390, #3475 ), #766 ) ;
#1529 = AXIS2_PLACEMENT_3D ( 'NONE', #872, #4065, #1212 ) ;
#1530 = FACE_OUTER_BOUND ( 'NONE', #2589, .T. ) ;
#1531 = EDGE_CURVE ( 'NONE', #3021, #1588, #3002, .T. ) ;
#1532 = DIRECTION ( 'NONE',  ( 0.000000000000000000, -1.000000000000000000, 0.000000000000000000 ) ) ;
#1533 = ORIENTED_EDGE ( 'NONE', *, *, #4474, .F. ) ;
#1534 = DIRECTION ( 'NONE',  ( 0.000000000000000000, -1.000000000000000000, 0.000000000000000000 ) ) ;
#1535 = ORIENTED_EDGE ( 'NONE', *, *, #2982, .F. ) ;
#1536 = CIRCLE ( 'NONE', #3993, 5.000000000000000000 ) ;
#1537 = PLANE ( 'NONE',  #4210 ) ;
#1538 = CARTESIAN_POINT ( 'NONE',  ( -109.8467975971376092, -0.6057414831032656988, 1.899347808162999085 ) ) ;
#1539 = ORIENTED_EDGE ( 'NONE', *, *, #4543, .T. ) ;
#1540 = DIRECTION ( 'NONE',  ( 0.000000000000000000, 0.000000000000000000, 1.000000000000000000 ) ) ;
#1541 = DIRECTION ( 'NONE',  ( 0.000000000000000000, -1.000000000000000000, 0.000000000000000000 ) ) ;
#1542 = AXIS2_PLACEMENT_3D ( 'NONE', #1550, #2176, #2592 ) ;
#1543 = CARTESIAN_POINT ( 'NONE',  ( -10.00000000000010658, -9.999999999999896971, 15.00000000000000000 ) ) ;
#1544 = COLOUR_RGB ( '',0.7921568627450980005, 0.8196078431372548767, 0.9333333333333333481 ) ;
#1545 = ORIENTED_EDGE ( 'NONE', *, *, #264, .F. ) ;
#1546 = ORIENTED_EDGE ( 'NONE', *, *, #3418, .T. ) ;
#1547 = UNCERTAINTY_MEASURE_WITH_UNIT (LENGTH_MEASURE( 1.000000000000000082E-05 ), #3041, 'distance_accuracy_value', 'NONE');
#1548 = EDGE_CURVE ( 'NONE', #4478, #3108, #3656, .T. ) ;
#1549 = VERTEX_POINT ( 'NONE', #725 ) ;
#1550 = CARTESIAN_POINT ( 'NONE',  ( -30.99999999999995381, 0.000000000000000000, 12.40000000000000213 ) ) ;
#1551 = CIRCLE ( 'NONE', #3344, 1.474999999999998090 ) ;
#1552 = EDGE_CURVE ( 'NONE', #1698, #970, #814, .T. ) ;
#1553 = LINE ( 'NONE', #3999, #3245 ) ;
#1554 = LINE ( 'NONE', #119, #2681 ) ;
#1555 = DIRECTION ( 'NONE',  ( 0.000000000000000000, 0.000000000000000000, 1.000000000000000000 ) ) ;
#1556 = FACE_OUTER_BOUND ( 'NONE', #3900, .T. ) ;
#1557 = ORIENTED_EDGE ( 'NONE', *, *, #4051, .F. ) ;
#1558 = EDGE_CURVE ( 'NONE', #678, #1623, #748, .T. ) ;
#1559 = CARTESIAN_POINT ( 'NONE',  ( -49.00000000000000711, 9.999999999999998224, -8.673617379884035472E-16 ) ) ;
#1560 = CIRCLE ( 'NONE', #4277, 5.000000000000000888 ) ;
#1561 = ORIENTED_EDGE ( 'NONE', *, *, #2058, .F. ) ;
#1562 = CARTESIAN_POINT ( 'NONE',  ( -15.00000000000000355, 15.00000000000000355, 57.42640687119285303 ) ) ;
#1563 = DIRECTION ( 'NONE',  ( 1.000000000000000000, 0.000000000000000000, 0.000000000000000000 ) ) ;
#1564 = ORIENTED_EDGE ( 'NONE', *, *, #2375, .T. ) ;
#1565 = CARTESIAN_POINT ( 'NONE',  ( -69.49999999999995737, -10.00000000000000178, -27.24426545165052005 ) ) ;
#1566 = LINE ( 'NONE', #3367, #326 ) ;
#1567 = SURFACE_STYLE_FILL_AREA ( #849 ) ;
#1568 = CIRCLE ( 'NONE', #2900, 5.000000000000004441 ) ;
#1569 = VECTOR ( 'NONE', #4263, 1000.000000000000000 ) ;
#1570 = DIRECTION ( 'NONE',  ( -0.000000000000000000, 0.000000000000000000, -1.000000000000000000 ) ) ;
#1571 = COLOUR_RGB ( '',0.7921568627450980005, 0.8196078431372548767, 0.9333333333333333481 ) ;
#1572 = EDGE_LOOP ( 'NONE', ( #3157, #2640, #1759, #3766 ) ) ;
#1573 = EDGE_LOOP ( 'NONE', ( #1801, #1337, #3136, #1657 ) ) ;
#1574 = DIRECTION ( 'NONE',  ( -1.734723475976807094E-16, 1.000000000000000000, -0.000000000000000000 ) ) ;
#1575 = AXIS2_PLACEMENT_3D ( 'NONE', #930, #1604, #866 ) ;
#1576 = ORIENTED_EDGE ( 'NONE', *, *, #1145, .T. ) ;
#1577 = CARTESIAN_POINT ( 'NONE',  ( -123.4999999999999574, -8.000000000000001776, 5.000000000000000888 ) ) ;
#1578 =( NAMED_UNIT ( * ) SI_UNIT ( $, .STERADIAN. ) SOLID_ANGLE_UNIT ( ) );
#1579 = CYLINDRICAL_SURFACE ( 'NONE', #1128, 1.600000000000004086 ) ;
#1580 = FACE_OUTER_BOUND ( 'NONE', #3803, .T. ) ;
#1581 = ORIENTED_EDGE ( 'NONE', *, *, #285, .F. ) ;
#1582 = CARTESIAN_POINT ( 'NONE',  ( -148.4999999999999716, -0.000000000000000000, -36.76955262170046268 ) ) ;
#1583 = ORIENTED_EDGE ( 'NONE', *, *, #420, .T. ) ;
#1584 = EDGE_CURVE ( 'NONE', #4547, #1732, #3115, .T. ) ;
#1585 = EDGE_CURVE ( 'NONE', #1972, #2173, #2233, .T. ) ;
#1586 = PLANE ( 'NONE',  #627 ) ;
#1587 = CARTESIAN_POINT ( 'NONE',  ( -55.99999999999995737, 6.600000000000000533, 12.40000000000000213 ) ) ;
#1588 = VERTEX_POINT ( 'NONE', #623 ) ;
#1589 = LINE ( 'NONE', #4435, #3944 ) ;
#1590 = CARTESIAN_POINT ( 'NONE',  ( -96.49999999999994316, 10.00000000000000178, 2.000000000000001776 ) ) ;
#1591 = PLANE ( 'NONE',  #1187 ) ;
#1592 = CARTESIAN_POINT ( 'NONE',  ( -65.99999999999995737, 5.000000000000000888, 0.000000000000000000 ) ) ;
#1593 = ORIENTED_EDGE ( 'NONE', *, *, #4517, .F. ) ;
#1594 = ORIENTED_EDGE ( 'NONE', *, *, #2571, .T. ) ;
#1595 = CYLINDRICAL_SURFACE ( 'NONE', #2114, 1.599999999999998090 ) ;
#1596 = ORIENTED_EDGE ( 'NONE', *, *, #2728, .T. ) ;
#1597 = CARTESIAN_POINT ( 'NONE',  ( 10.00000000000000178, -10.00000000000000178, 0.000000000000000000 ) ) ;
#1598 = SURFACE_STYLE_USAGE ( .BOTH. , #210 ) ;
#1599 = AXIS2_PLACEMENT_3D ( 'NONE', #2012, #4188, #2730 ) ;
#1600 = PRODUCT_CONTEXT ( 'NONE', #962, 'mechanical' ) ;
#1601 = FACE_OUTER_BOUND ( 'NONE', #3538, .T. ) ;
#1602 = ORIENTED_EDGE ( 'NONE', *, *, #968, .T. ) ;
#1603 = VECTOR ( 'NONE', #3281, 1000.000000000000000 ) ;
#1604 = DIRECTION ( 'NONE',  ( 0.8137334712067344489, 9.410683704602797029E-17, -0.5812381937190972403 ) ) ;
#1605 = ORIENTED_EDGE ( 'NONE', *, *, #1667, .T. ) ;
#1606 = AXIS2_PLACEMENT_3D ( 'NONE', #1130, #774, #2212 ) ;
#1607 = AXIS2_PLACEMENT_3D ( 'NONE', #1110, #3921, #4227 ) ;
#1608 = CARTESIAN_POINT ( 'NONE',  ( -51.00000000000000711, -10.00000000000000178, -27.24426545165052005 ) ) ;
#1609 = CARTESIAN_POINT ( 'NONE',  ( -5.000000000000000888, 0.000000000000000000, -14.14213562373095279 ) ) ;
#1610 = VERTEX_POINT ( 'NONE', #303 ) ;
#1611 = DIRECTION ( 'NONE',  ( -1.000000000000000000, 0.000000000000000000, -0.000000000000000000 ) ) ;
#1612 = CARTESIAN_POINT ( 'NONE',  ( -108.4999999999999574, -1.600000000000002087, 18.50000000000000000 ) ) ;
#1613 = ADVANCED_FACE ( 'NONE', ( #1817 ), #3135, .F. ) ;
#1614 = EDGE_CURVE ( 'NONE', #4224, #3290, #804, .T. ) ;
#1615 = VECTOR ( 'NONE', #4503, 1000.000000000000000 ) ;
#1616 = CARTESIAN_POINT ( 'NONE',  ( 11.47500000000003695, 9.999999999999962697, -2.999999999999999112 ) ) ;
#1617 = EDGE_LOOP ( 'NONE', ( #4088, #1795, #277, #340 ) ) ;
#1618 = VERTEX_POINT ( 'NONE', #646 ) ;
#1619 = VECTOR ( 'NONE', #517, 1000.000000000000000 ) ;
#1620 = CARTESIAN_POINT ( 'NONE',  ( -86.49999999999995737, 1.600000000000000089, 0.000000000000000000 ) ) ;
#1621 = EDGE_CURVE ( 'NONE', #4038, #3849, #482, .T. ) ;
#1622 = AXIS2_PLACEMENT_3D ( 'NONE', #4585, #4538, #997 ) ;
#1623 = VERTEX_POINT ( 'NONE', #1512 ) ;
#1624 = LINE ( 'NONE', #3050, #3489 ) ;
#1625 = CARTESIAN_POINT ( 'NONE',  ( -128.4999999999999432, -10.00000000000000178, 0.000000000000000000 ) ) ;
#1626 = APPLICATION_PROTOCOL_DEFINITION ( 'draft international standard', 'automotive_design', 1998, #2492 ) ;
#1627 = LINE ( 'NONE', #234, #3255 ) ;
#1628 = EDGE_CURVE ( 'NONE', #4522, #3431, #498, .T. ) ;
#1629 = CARTESIAN_POINT ( 'NONE',  ( -45.50000000000001421, -6.599999999999999645, 5.000000000000000000 ) ) ;
#1630 = VERTEX_POINT ( 'NONE', #3667 ) ;
#1631 = DIRECTION ( 'NONE',  ( 0.000000000000000000, 0.000000000000000000, 1.000000000000000000 ) ) ;
#1632 = CARTESIAN_POINT ( 'NONE',  ( -126.2999999999999687, 7.999999999999998224, 6.616580753730956665 ) ) ;
#1633 = VERTEX_POINT ( 'NONE', #4385 ) ;
#1634 = CARTESIAN_POINT ( 'NONE',  ( -148.4999999999999716, 0.000000000000000000, 5.000000000000000888 ) ) ;
#1635 = ORIENTED_EDGE ( 'NONE', *, *, #3418, .F. ) ;
#1636 = AXIS2_PLACEMENT_3D ( 'NONE', #4533, #3509, #1321 ) ;
#1637 = DIRECTION ( 'NONE',  ( 0.000000000000000000, 0.000000000000000000, 1.000000000000000000 ) ) ;
#1638 = ORIENTED_EDGE ( 'NONE', *, *, #3505, .F. ) ;
#1639 = CYLINDRICAL_SURFACE ( 'NONE', #876, 10.89999999999999325 ) ;
#1640 = CIRCLE ( 'NONE', #3056, 1.475000000000000533 ) ;
#1641 = FACE_BOUND ( 'NONE', #1018, .T. ) ;
#1642 = AXIS2_PLACEMENT_3D ( 'NONE', #2166, #1689, #3514 ) ;
#1643 = AXIS2_PLACEMENT_3D ( 'NONE', #1634, #2349, #2018 ) ;
#1644 = EDGE_CURVE ( 'NONE', #1364, #2774, #3444, .T. ) ;
#1645 = VERTEX_POINT ( 'NONE', #4037 ) ;
#1646 = DIRECTION ( 'NONE',  ( 0.000000000000000000, 0.000000000000000000, -1.000000000000000000 ) ) ;
#1647 = AXIS2_PLACEMENT_3D ( 'NONE', #4238, #2083, #2459 ) ;
#1648 = STYLED_ITEM ( 'NONE', ( #3446 ), #1267 ) ;
#1649 = CARTESIAN_POINT ( 'NONE',  ( -113.4999999999999574, -5.000000000000001776, 20.00000000000000000 ) ) ;
#1650 = CARTESIAN_POINT ( 'NONE',  ( -109.9749999999999943, -7.194078032035404611E-14, 1.384149477646510418 ) ) ;
#1651 = EDGE_LOOP ( 'NONE', ( #2907, #1845 ) ) ;
#1652 = COLOUR_RGB ( '',0.7921568627450980005, 0.8196078431372548767, 0.9333333333333333481 ) ;
#1653 = DIRECTION ( 'NONE',  ( 0.000000000000000000, -1.000000000000000000, 0.000000000000000000 ) ) ;
#1654 = LINE ( 'NONE', #3080, #1615 ) ;
#1655 = ORIENTED_EDGE ( 'NONE', *, *, #186, .F. ) ;
#1656 = LINE ( 'NONE', #4104, #3512 ) ;
#1657 = ORIENTED_EDGE ( 'NONE', *, *, #3488, .F. ) ;
#1658 = PLANE ( 'NONE',  #3173 ) ;
#1659 = VERTEX_POINT ( 'NONE', #1228 ) ;
#1660 = DIRECTION ( 'NONE',  ( -0.000000000000000000, 1.000000000000000000, -0.000000000000000000 ) ) ;
#1661 = CARTESIAN_POINT ( 'NONE',  ( 14.99999999999999645, 15.00000000000000355, 15.00000000000000000 ) ) ;
#1662 = EDGE_CURVE ( 'NONE', #2045, #3219, #4010, .T. ) ;
#1663 = ORIENTED_EDGE ( 'NONE', *, *, #2510, .F. ) ;
#1664 = EDGE_CURVE ( 'NONE', #4033, #1727, #2259, .T. ) ;
#1665 = LINE ( 'NONE', #575, #4454 ) ;
#1666 = CARTESIAN_POINT ( 'NONE',  ( -38.50000000000000000, -10.00000000000000178, 0.000000000000000000 ) ) ;
#1667 = EDGE_CURVE ( 'NONE', #408, #268, #2964, .T. ) ;
#1668 = EDGE_CURVE ( 'NONE', #249, #2844, #4363, .T. ) ;
#1669 = FACE_OUTER_BOUND ( 'NONE', #2214, .T. ) ;
#1670 = CARTESIAN_POINT ( 'NONE',  ( -69.49999999999995737, -10.00000000000000178, -27.24426545165052005 ) ) ;
#1671 = DIRECTION ( 'NONE',  ( 1.000000000000000000, 0.000000000000000000, 0.000000000000000000 ) ) ;
#1672 = EDGE_LOOP ( 'NONE', ( #1723, #1546 ) ) ;
#1673 = CIRCLE ( 'NONE', #3089, 1.500000000000001332 ) ;
#1674 = DIRECTION ( 'NONE',  ( 0.000000000000000000, 0.000000000000000000, 1.000000000000000000 ) ) ;
#1675 = VECTOR ( 'NONE', #3906, 1000.000000000000000 ) ;
#1676 = CARTESIAN_POINT ( 'NONE',  ( -65.99999999999995737, 6.599999999999998757, -27.24426545165052005 ) ) ;
#1677 = ORIENTED_EDGE ( 'NONE', *, *, #1667, .F. ) ;
#1678 = CARTESIAN_POINT ( 'NONE',  ( -86.49999999999995737, 0.000000000000000000, 0.000000000000000000 ) ) ;
#1679 = ORIENTED_EDGE ( 'NONE', *, *, #2257, .F. ) ;
#1680 = AXIS2_PLACEMENT_3D ( 'NONE', #2559, #4043, #1234 ) ;
#1681 = CARTESIAN_POINT ( 'NONE',  ( -108.4999999999999574, 4.999999999999998224, 21.00000000000000000 ) ) ;
#1682 = VERTEX_POINT ( 'NONE', #4083 ) ;
#1683 = ORIENTED_EDGE ( 'NONE', *, *, #2265, .T. ) ;
#1684 = VECTOR ( 'NONE', #1930, 1000.000000000000000 ) ;
#1685 = LINE ( 'NONE', #3459, #2301 ) ;
#1686 = LINE ( 'NONE', #320, #391 ) ;
#1687 = VECTOR ( 'NONE', #3218, 1000.000000000000000 ) ;
#1688 = ORIENTED_EDGE ( 'NONE', *, *, #536, .F. ) ;
#1689 = DIRECTION ( 'NONE',  ( 0.000000000000000000, 0.000000000000000000, 1.000000000000000000 ) ) ;
#1690 = EDGE_LOOP ( 'NONE', ( #3148, #472 ) ) ;
#1691 = FACE_BOUND ( 'NONE', #1320, .T. ) ;
#1692 = CIRCLE ( 'NONE', #1006, 10.00000000000000000 ) ;
#1693 = CARTESIAN_POINT ( 'NONE',  ( -38.50000000000000000, 9.999999999999998224, -27.99999999999999645 ) ) ;
#1694 = DIRECTION ( 'NONE',  ( 0.000000000000000000, -1.000000000000000000, 0.000000000000000000 ) ) ;
#1695 = FACE_BOUND ( 'NONE', #16, .T. ) ;
#1696 = EDGE_CURVE ( 'NONE', #3108, #658, #797, .T. ) ;
#1697 = CARTESIAN_POINT ( 'NONE',  ( -71.49999999999995737, -14.99999999999999645, 0.000000000000000000 ) ) ;
#1698 = VERTEX_POINT ( 'NONE', #1587 ) ;
#1699 = LINE ( 'NONE', #3480, #2005 ) ;
#1700 = VERTEX_POINT ( 'NONE', #3734 ) ;
#1701 = ADVANCED_FACE ( 'NONE', ( #1883 ), #106, .F. ) ;
#1702 = FACE_OUTER_BOUND ( 'NONE', #2076, .T. ) ;
#1703 = EDGE_LOOP ( 'NONE', ( #611, #859, #3853, #1683 ) ) ;
#1704 = ORIENTED_EDGE ( 'NONE', *, *, #3835, .T. ) ;
#1705 = CARTESIAN_POINT ( 'NONE',  ( -76.49999999999991473, 9.999999999999968026, 2.000000000000001776 ) ) ;
#1706 = FACE_OUTER_BOUND ( 'NONE', #4053, .T. ) ;
#1707 = ORIENTED_EDGE ( 'NONE', *, *, #1112, .T. ) ;
#1708 = CARTESIAN_POINT ( 'NONE',  ( -123.4999999999999574, -10.00000000000000178, 5.000000000000000888 ) ) ;
#1709 = VERTEX_POINT ( 'NONE', #819 ) ;
#1710 = LINE ( 'NONE', #2077, #45 ) ;
#1711 = DIRECTION ( 'NONE',  ( 0.000000000000000000, 1.000000000000000000, 0.000000000000000000 ) ) ;
#1712 = ORIENTED_EDGE ( 'NONE', *, *, #145, .T. ) ;
#1713 = CIRCLE ( 'NONE', #2988, 1.475000000000000533 ) ;
#1714 = DIRECTION ( 'NONE',  ( 0.000000000000000000, 0.000000000000000000, 1.000000000000000000 ) ) ;
#1715 = DIRECTION ( 'NONE',  ( 0.8660254037844389297, 0.000000000000000000, 0.4999999999999994449 ) ) ;
#1716 = FACE_BOUND ( 'NONE', #3378, .T. ) ;
#1717 = VECTOR ( 'NONE', #4400, 1000.000000000000000 ) ;
#1718 = CARTESIAN_POINT ( 'NONE',  ( -128.4999999999999432, -10.00000000000000178, 0.000000000000000000 ) ) ;
#1719 = CARTESIAN_POINT ( 'NONE',  ( -65.99999999999995737, -6.599999999999996092, -27.24426545165052005 ) ) ;
#1720 = ORIENTED_EDGE ( 'NONE', *, *, #2510, .T. ) ;
#1721 = CARTESIAN_POINT ( 'NONE',  ( -123.4999999999999574, -10.00000000000000178, 5.000000000000000888 ) ) ;
#1722 =( GEOMETRIC_REPRESENTATION_CONTEXT ( 3 ) GLOBAL_UNCERTAINTY_ASSIGNED_CONTEXT ( ( #2474 ) ) GLOBAL_UNIT_ASSIGNED_CONTEXT ( ( #861, #1218, #1578 ) ) REPRESENTATION_CONTEXT ( 'NONE', 'WORKASPACE' ) );
#1723 = ORIENTED_EDGE ( 'NONE', *, *, #1798, .T. ) ;
#1724 = ADVANCED_FACE ( 'NONE', ( #3688 ), #471, .F. ) ;
#1725 = ADVANCED_FACE ( 'NONE', ( #3013 ), #4340, .F. ) ;
#1726 = CARTESIAN_POINT ( 'NONE',  ( -94.90000000000004832, -9.999999999999914735, -15.00000000000000000 ) ) ;
#1727 = VERTEX_POINT ( 'NONE', #2555 ) ;
#1728 = VERTEX_POINT ( 'NONE', #3985 ) ;
#1729 = DIRECTION ( 'NONE',  ( 1.301042606982605074E-16, 0.000000000000000000, 1.000000000000000000 ) ) ;
#1730 = DIRECTION ( 'NONE',  ( 1.000000000000000000, 0.000000000000000000, 0.000000000000000000 ) ) ;
#1731 = ORIENTED_EDGE ( 'NONE', *, *, #4067, .F. ) ;
#1732 = VERTEX_POINT ( 'NONE', #2990 ) ;
#1733 = DIRECTION ( 'NONE',  ( 0.000000000000000000, -1.000000000000000000, 0.000000000000000000 ) ) ;
#1734 = PRESENTATION_LAYER_ASSIGNMENT (  '', '', ( #2107 ) ) ;
#1735 = EDGE_CURVE ( 'NONE', #568, #4573, #2128, .T. ) ;
#1736 = DIRECTION ( 'NONE',  ( -1.301042606982605074E-16, 0.000000000000000000, -1.000000000000000000 ) ) ;
#1737 = CARTESIAN_POINT ( 'NONE',  ( -65.99999999999995737, -3.400000000000000355, 12.40000000000000213 ) ) ;
#1738 = DIRECTION ( 'NONE',  ( 1.000000000000000000, 0.000000000000000000, 0.000000000000000000 ) ) ;
#1739 = DIRECTION ( 'NONE',  ( 1.000000000000000000, 0.000000000000000000, 0.000000000000000000 ) ) ;
#1740 = DIRECTION ( 'NONE',  ( 0.000000000000000000, 0.000000000000000000, -1.000000000000000000 ) ) ;
#1741 = VERTEX_POINT ( 'NONE', #3714 ) ;
#1742 = CARTESIAN_POINT ( 'NONE',  ( 11.47500000000003695, 9.999999999999962697, 15.00000000000000000 ) ) ;
#1743 = VERTEX_POINT ( 'NONE', #4168 ) ;
#1744 = VECTOR ( 'NONE', #2190, 1000.000000000000000 ) ;
#1745 = CARTESIAN_POINT ( 'NONE',  ( -126.2999999999999687, 9.999999999999998224, 3.383419246269042002 ) ) ;
#1746 = ORIENTED_EDGE ( 'NONE', *, *, #2978, .F. ) ;
#1747 = PRODUCT_DEFINITION ( 'UNKNOWN', '', #4135, #3003 ) ;
#1748 = CARTESIAN_POINT ( 'NONE',  ( -146.8999999999999773, 0.000000000000000000, 0.000000000000000000 ) ) ;
#1749 = EDGE_CURVE ( 'NONE', #1927, #2188, #2202, .T. ) ;
#1750 = DIRECTION ( 'NONE',  ( 1.000000000000000000, -1.084202172485501594E-14, 0.000000000000000000 ) ) ;
#1751 = AXIS2_PLACEMENT_3D ( 'NONE', #3558, #1773, #4300 ) ;
#1752 = FACE_OUTER_BOUND ( 'NONE', #638, .T. ) ;
#1753 = AXIS2_PLACEMENT_3D ( 'NONE', #3597, #1421, #4317 ) ;
#1754 = VERTEX_POINT ( 'NONE', #2693 ) ;
#1755 = EDGE_CURVE ( 'NONE', #4033, #3614, #4521, .T. ) ;
#1756 = EDGE_LOOP ( 'NONE', ( #1837, #1423, #2353, #4158 ) ) ;
#1757 = CARTESIAN_POINT ( 'NONE',  ( -96.49999999999994316, 8.400000000000000355, 0.000000000000000000 ) ) ;
#1758 = CIRCLE ( 'NONE', #4370, 10.00000000000000000 ) ;
#1759 = ORIENTED_EDGE ( 'NONE', *, *, #713, .T. ) ;
#1760 = CARTESIAN_POINT ( 'NONE',  ( 0.000000000000000000, 0.000000000000000000, 16.31370849898476294 ) ) ;
#1761 = CARTESIAN_POINT ( 'NONE',  ( -108.4999999999999574, -1.734723475976807094E-15, 4.357864376269049878 ) ) ;
#1762 = CARTESIAN_POINT ( 'NONE',  ( -71.49999999999995737, -14.99999999999999645, 2.000000000000001776 ) ) ;
#1763 = AXIS2_PLACEMENT_3D ( 'NONE', #4230, #2496, #3878 ) ;
#1764 = FACE_BOUND ( 'NONE', #2845, .T. ) ;
#1765 = FACE_BOUND ( 'NONE', #2616, .T. ) ;
#1766 = VERTEX_POINT ( 'NONE', #2411 ) ;
#1767 = CARTESIAN_POINT ( 'NONE',  ( -25.00000000000000355, 6.475000000000001421, 8.000000000000000000 ) ) ;
#1768 = ORIENTED_EDGE ( 'NONE', *, *, #3237, .F. ) ;
#1769 = FACE_OUTER_BOUND ( 'NONE', #771, .T. ) ;
#1770 = ORIENTED_EDGE ( 'NONE', *, *, #121, .T. ) ;
#1771 = DIRECTION ( 'NONE',  ( 1.000000000000000000, 0.000000000000000000, 0.000000000000000000 ) ) ;
#1772 = CARTESIAN_POINT ( 'NONE',  ( -123.4999999999999574, -5.000000000000001776, 5.000000000000000888 ) ) ;
#1773 = DIRECTION ( 'NONE',  ( 0.000000000000000000, 0.000000000000000000, 1.000000000000000000 ) ) ;
#1774 = VERTEX_POINT ( 'NONE', #174 ) ;
#1775 = ORIENTED_EDGE ( 'NONE', *, *, #2661, .T. ) ;
#1776 = PLANE ( 'NONE',  #1763 ) ;
#1777 = DIRECTION ( 'NONE',  ( 1.156482317317871478E-16, -1.000000000000000000, 0.000000000000000000 ) ) ;
#1778 = ADVANCED_FACE ( 'NONE', ( #1992 ), #914, .F. ) ;
#1779 = CIRCLE ( 'NONE', #361, 1.475000000000004086 ) ;
#1780 = ORIENTED_EDGE ( 'NONE', *, *, #2761, .T. ) ;
#1781 = CARTESIAN_POINT ( 'NONE',  ( -101.4999999999999574, 15.00000000000000355, 0.000000000000000000 ) ) ;
#1782 = CARTESIAN_POINT ( 'NONE',  ( -20.00000000000000000, -2.312964634635743056E-15, 8.000000000000000000 ) ) ;
#1783 = CYLINDRICAL_SURFACE ( 'NONE', #2752, 5.000000000000004441 ) ;
#1784 = CIRCLE ( 'NONE', #3871, 1.600000000000000089 ) ;
#1785 = AXIS2_PLACEMENT_3D ( 'NONE', #3550, #4267, #1359 ) ;
#1786 = DIRECTION ( 'NONE',  ( 0.000000000000000000, 0.000000000000000000, 1.000000000000000000 ) ) ;
#1787 = CARTESIAN_POINT ( 'NONE',  ( -109.9749999999999659, -1.734723475976807094E-15, -8.000000000000007105 ) ) ;
#1788 = ORIENTED_EDGE ( 'NONE', *, *, #2890, .T. ) ;
#1789 = DIRECTION ( 'NONE',  ( 0.7071067811865436870, 0.000000000000000000, 0.7071067811865513475 ) ) ;
#1790 = ORIENTED_EDGE ( 'NONE', *, *, #1085, .T. ) ;
#1791 = VECTOR ( 'NONE', #4139, 1000.000000000000000 ) ;
#1792 = DIRECTION ( 'NONE',  ( 0.000000000000000000, 0.000000000000000000, -1.000000000000000000 ) ) ;
#1793 = VECTOR ( 'NONE', #3398, 1000.000000000000000 ) ;
#1794 = CARTESIAN_POINT ( 'NONE',  ( 10.00000000000000178, -10.00000000000000178, -2.999999999999999112 ) ) ;
#1795 = ORIENTED_EDGE ( 'NONE', *, *, #201, .F. ) ;
#1796 = FACE_OUTER_BOUND ( 'NONE', #1254, .T. ) ;
#1797 = AXIS2_PLACEMENT_3D ( 'NONE', #945, #2512, #971 ) ;
#1798 = EDGE_CURVE ( 'NONE', #3026, #2104, #923, .T. ) ;
#1799 = DIRECTION ( 'NONE',  ( -1.301042606982605074E-16, 0.000000000000000000, -1.000000000000000000 ) ) ;
#1800 = EDGE_LOOP ( 'NONE', ( #1712, #2419, #645, #1429 ) ) ;
#1801 = ORIENTED_EDGE ( 'NONE', *, *, #233, .F. ) ;
#1802 = DIRECTION ( 'NONE',  ( -0.000000000000000000, -0.000000000000000000, -1.000000000000000000 ) ) ;
#1803 = CARTESIAN_POINT ( 'NONE',  ( -123.4999999999999716, 7.999999999999998224, 1.766838492538093330 ) ) ;
#1804 = EDGE_CURVE ( 'NONE', #337, #955, #1074, .T. ) ;
#1805 = DIRECTION ( 'NONE',  ( 0.000000000000000000, 1.000000000000000000, 0.000000000000000000 ) ) ;
#1806 = EDGE_CURVE ( 'NONE', #2221, #614, #3557, .T. ) ;
#1807 = CYLINDRICAL_SURFACE ( 'NONE', #1968, 1.500000000000001332 ) ;
#1808 = FACE_OUTER_BOUND ( 'NONE', #430, .T. ) ;
#1809 = ADVANCED_FACE ( 'NONE', ( #4480 ), #2039, .F. ) ;
#1810 = PLANE ( 'NONE',  #4248 ) ;
#1811 = EDGE_LOOP ( 'NONE', ( #3230, #3674 ) ) ;
#1812 = LINE ( 'NONE', #1787, #1687 ) ;
#1813 = ORIENTED_EDGE ( 'NONE', *, *, #1372, .T. ) ;
#1814 = DIRECTION ( 'NONE',  ( 0.000000000000000000, 0.000000000000000000, 1.000000000000000000 ) ) ;
#1815 = VERTEX_POINT ( 'NONE', #4544 ) ;
#1816 = DIRECTION ( 'NONE',  ( 0.000000000000000000, -1.000000000000000000, 0.000000000000000000 ) ) ;
#1817 = FACE_OUTER_BOUND ( 'NONE', #4526, .T. ) ;
#1818 = ORIENTED_EDGE ( 'NONE', *, *, #3413, .T. ) ;
#1819 = LINE ( 'NONE', #4626, #4165 ) ;
#1820 = AXIS2_PLACEMENT_3D ( 'NONE', #207, #1985, #3087 ) ;
#1821 = FACE_BOUND ( 'NONE', #1275, .T. ) ;
#1822 = ORIENTED_EDGE ( 'NONE', *, *, #882, .T. ) ;
#1823 = ORIENTED_EDGE ( 'NONE', *, *, #713, .F. ) ;
#1824 = VECTOR ( 'NONE', #1342, 1000.000000000000000 ) ;
#1825 = CARTESIAN_POINT ( 'NONE',  ( -15.00000000000000355, 15.00000000000000355, 57.42640687119285303 ) ) ;
#1826 = EDGE_CURVE ( 'NONE', #3786, #2866, #1975, .T. ) ;
#1827 = DIRECTION ( 'NONE',  ( 0.000000000000000000, 0.000000000000000000, 1.000000000000000000 ) ) ;
#1828 = CARTESIAN_POINT ( 'NONE',  ( -35.00000000000000000, -4.999999999999998224, -5.000000000000000888 ) ) ;
#1829 = AXIS2_PLACEMENT_3D ( 'NONE', #197, #4102, #934 ) ;
#1830 = CARTESIAN_POINT ( 'NONE',  ( -20.00000000000005684, 9.999999999999998224, 8.000000000000000000 ) ) ;
#1831 = ORIENTED_EDGE ( 'NONE', *, *, #629, .T. ) ;
#1832 = AXIS2_PLACEMENT_3D ( 'NONE', #2081, #1048, #975 ) ;
#1833 = CARTESIAN_POINT ( 'NONE',  ( -108.4999999999999574, -1.734723475976807094E-15, 21.00000000000000000 ) ) ;
#1834 = ORIENTED_EDGE ( 'NONE', *, *, #572, .F. ) ;
#1835 = EDGE_CURVE ( 'NONE', #3864, #1076, #405, .T. ) ;
#1836 = DIRECTION ( 'NONE',  ( 1.000000000000000000, -1.058475341273983546E-14, 0.000000000000000000 ) ) ;
#1837 = ORIENTED_EDGE ( 'NONE', *, *, #3382, .T. ) ;
#1838 = AXIS2_PLACEMENT_3D ( 'NONE', #2926, #4397, #392 ) ;
#1839 = ADVANCED_FACE ( 'NONE', ( #565 ), #585, .F. ) ;
#1840 = CARTESIAN_POINT ( 'NONE',  ( -86.49999999999995737, -5.000000000000000000, 2.000000000000001776 ) ) ;
#1841 = CARTESIAN_POINT ( 'NONE',  ( -109.5000424728937674, -1.084223249948650603, 5.336219543676923749 ) ) ;
#1842 = VERTEX_POINT ( 'NONE', #958 ) ;
#1843 = CARTESIAN_POINT ( 'NONE',  ( -55.99999999999995737, 3.400000000000004796, 0.000000000000000000 ) ) ;
#1844 = CARTESIAN_POINT ( 'NONE',  ( 0.000000000000000000, 0.000000000000000000, 1.500000000000000888 ) ) ;
#1845 = ORIENTED_EDGE ( 'NONE', *, *, #733, .T. ) ;
#1846 = ORIENTED_EDGE ( 'NONE', *, *, #1173, .F. ) ;
#1847 = DIRECTION ( 'NONE',  ( 1.000000000000000000, -1.084202172485501594E-14, 0.000000000000000000 ) ) ;
#1848 = DIRECTION ( 'NONE',  ( -0.000000000000000000, 1.000000000000000000, -0.000000000000000000 ) ) ;
#1849 = CARTESIAN_POINT ( 'NONE',  ( -49.00000000000000711, 9.999999999999998224, 5.000000000000000000 ) ) ;
#1850 = CARTESIAN_POINT ( 'NONE',  ( -8.525000000000105160, -9.999999999999912959, -2.999999999999999112 ) ) ;
#1851 = DIRECTION ( 'NONE',  ( 0.000000000000000000, 0.000000000000000000, 1.000000000000000000 ) ) ;
#1852 = CIRCLE ( 'NONE', #573, 1.474999999999998090 ) ;
#1853 = LINE ( 'NONE', #2644, #3773 ) ;
#1854 = ORIENTED_EDGE ( 'NONE', *, *, #1117, .F. ) ;
#1855 = CARTESIAN_POINT ( 'NONE',  ( -101.4999999999999574, -14.99999999999999645, 0.000000000000000000 ) ) ;
#1856 = EDGE_LOOP ( 'NONE', ( #3150, #3374, #1416, #4506, #4428 ) ) ;
#1857 = AXIS2_PLACEMENT_3D ( 'NONE', #1208, #60, #846 ) ;
#1858 = FACE_BOUND ( 'NONE', #316, .T. ) ;
#1859 = DIRECTION ( 'NONE',  ( 1.000000000000000000, 0.000000000000000000, 0.000000000000000000 ) ) ;
#1860 = ORIENTED_EDGE ( 'NONE', *, *, #3018, .F. ) ;
#1861 = DIRECTION ( 'NONE',  ( -1.000000000000000000, 0.000000000000000000, 0.000000000000000000 ) ) ;
#1862 = VECTOR ( 'NONE', #3125, 1000.000000000000000 ) ;
#1863 = LINE ( 'NONE', #3227, #1219 ) ;
#1864 = ADVANCED_FACE ( 'NONE', ( #2390 ), #4191, .F. ) ;
#1865 = EDGE_CURVE ( 'NONE', #1774, #2238, #1654, .T. ) ;
#1866 = VECTOR ( 'NONE', #1480, 1000.000000000000000 ) ;
#1867 = CYLINDRICAL_SURFACE ( 'NONE', #1529, 1.474999999999998090 ) ;
#1868 = ORIENTED_EDGE ( 'NONE', *, *, #3802, .F. ) ;
#1869 = ORIENTED_EDGE ( 'NONE', *, *, #893, .F. ) ;
#1870 = CARTESIAN_POINT ( 'NONE',  ( -96.50000000000005684, -9.999999999999896971, 0.000000000000000000 ) ) ;
#1871 = AXIS2_PLACEMENT_3D ( 'NONE', #490, #2547, #419 ) ;
#1872 = UNCERTAINTY_MEASURE_WITH_UNIT (LENGTH_MEASURE( 1.000000000000000082E-05 ), #1021, 'distance_accuracy_value', 'NONE');
#1873 = EDGE_LOOP ( 'NONE', ( #2090, #754, #2798, #3502 ) ) ;
#1874 = FACE_OUTER_BOUND ( 'NONE', #4196, .T. ) ;
#1875 = CARTESIAN_POINT ( 'NONE',  ( -55.99999999999995737, 3.400000000000004796, -27.24426545165052005 ) ) ;
#1876 = DIRECTION ( 'NONE',  ( 1.000000000000000000, 0.000000000000000000, 0.000000000000000000 ) ) ;
#1877 = LINE ( 'NONE', #3639, #1182 ) ;
#1878 = DIRECTION ( 'NONE',  ( 0.000000000000000000, 0.000000000000000000, 1.000000000000000000 ) ) ;
#1879 = EDGE_LOOP ( 'NONE', ( #2760, #2714 ) ) ;
#1880 = FACE_OUTER_BOUND ( 'NONE', #965, .T. ) ;
#1881 = VERTEX_POINT ( 'NONE', #1697 ) ;
#1882 = CARTESIAN_POINT ( 'NONE',  ( -15.00000000000000000, -14.99999999999999645, 57.42640687119285303 ) ) ;
#1883 = FACE_OUTER_BOUND ( 'NONE', #686, .T. ) ;
#1884 = ORIENTED_EDGE ( 'NONE', *, *, #1486, .F. ) ;
#1885 = CARTESIAN_POINT ( 'NONE',  ( -86.49999999999995737, -10.00000000000000000, 0.000000000000000000 ) ) ;
#1886 = DIRECTION ( 'NONE',  ( 0.8660254037844387076, 0.000000000000000000, -0.4999999999999998335 ) ) ;
#1887 = DIRECTION ( 'NONE',  ( 0.000000000000000000, 0.000000000000000000, 1.000000000000000000 ) ) ;
#1888 = EDGE_CURVE ( 'NONE', #3643, #3904, #1536, .T. ) ;
#1889 = CARTESIAN_POINT ( 'NONE',  ( -128.4999999999999432, 4.999999999999998224, 0.000000000000000000 ) ) ;
#1890 = EDGE_CURVE ( 'NONE', #1743, #1441, #4146, .T. ) ;
#1891 = EDGE_LOOP ( 'NONE', ( #1465, #135 ) ) ;
#1892 = ORIENTED_EDGE ( 'NONE', *, *, #2543, .F. ) ;
#1893 = AXIS2_PLACEMENT_3D ( 'NONE', #4534, #3154, #1394 ) ;
#1894 = EDGE_CURVE ( 'NONE', #3527, #726, #267, .T. ) ;
#1895 = AXIS2_PLACEMENT_3D ( 'NONE', #631, #823, #848 ) ;
#1896 = EDGE_LOOP ( 'NONE', ( #129, #1962, #2180, #2412 ) ) ;
#1897 = CARTESIAN_POINT ( 'NONE',  ( -121.9999999999999574, 9.999999999999998224, 5.000000000000000888 ) ) ;
#1898 = CYLINDRICAL_SURFACE ( 'NONE', #2639, 1.475000000000004086 ) ;
#1899 = FACE_OUTER_BOUND ( 'NONE', #1472, .T. ) ;
#1900 = AXIS2_PLACEMENT_3D ( 'NONE', #779, #1914, #3673 ) ;
#1901 = CARTESIAN_POINT ( 'NONE',  ( -96.49999999999994316, 11.60000000000000497, -15.00000000000000000 ) ) ;
#1902 = AXIS2_PLACEMENT_3D ( 'NONE', #2839, #4269, #384 ) ;
#1903 = CARTESIAN_POINT ( 'NONE',  ( -10.00000000000010658, -9.999999999999896971, 0.000000000000000000 ) ) ;
#1904 = ORIENTED_EDGE ( 'NONE', *, *, #536, .T. ) ;
#1905 = CARTESIAN_POINT ( 'NONE',  ( -126.2999999999999687, 9.999999999999998224, 6.616580753730956665 ) ) ;
#1906 = VERTEX_POINT ( 'NONE', #1336 ) ;
#1907 = AXIS2_PLACEMENT_3D ( 'NONE', #2809, #1053, #3169 ) ;
#1908 = CARTESIAN_POINT ( 'NONE',  ( 0.000000000000000000, 0.000000000000000000, 15.00000000000000000 ) ) ;
#1909 = CARTESIAN_POINT ( 'NONE',  ( -25.00000000000000355, 5.000000000000002665, -5.000000000000000888 ) ) ;
#1910 = ORIENTED_EDGE ( 'NONE', *, *, #1335, .T. ) ;
#1911 = CARTESIAN_POINT ( 'NONE',  ( -45.50000000000001421, 3.400000000000000355, 0.000000000000000000 ) ) ;
#1912 = LINE ( 'NONE', #3342, #3393 ) ;
#1913 = AXIS2_PLACEMENT_3D ( 'NONE', #2706, #3031, #4097 ) ;
#1914 = DIRECTION ( 'NONE',  ( 0.000000000000000000, 0.000000000000000000, 1.000000000000000000 ) ) ;
#1915 = VECTOR ( 'NONE', #2704, 1000.000000000000000 ) ;
#1916 = ORIENTED_EDGE ( 'NONE', *, *, #2696, .F. ) ;
#1917 = ORIENTED_EDGE ( 'NONE', *, *, #1668, .T. ) ;
#1918 = DIRECTION ( 'NONE',  ( 0.000000000000000000, 1.000000000000000000, 0.000000000000000000 ) ) ;
#1919 = ADVANCED_FACE ( 'NONE', ( #2324 ), #1315, .T. ) ;
#1920 = ORIENTED_EDGE ( 'NONE', *, *, #787, .F. ) ;
#1921 = CARTESIAN_POINT ( 'NONE',  ( -65.99999999999995737, -4.999999999999998224, 0.000000000000000000 ) ) ;
#1922 = LINE ( 'NONE', #3657, #2339 ) ;
#1923 = EDGE_CURVE ( 'NONE', #961, #1943, #2159, .T. ) ;
#1924 = EDGE_CURVE ( 'NONE', #3904, #3643, #2717, .T. ) ;
#1925 = CARTESIAN_POINT ( 'NONE',  ( -148.4999999999999716, 0.000000000000000000, 0.000000000000000000 ) ) ;
#1926 = CARTESIAN_POINT ( 'NONE',  ( -113.4999999999999574, 21.02974084481308736, 25.00000000000026645 ) ) ;
#1927 = VERTEX_POINT ( 'NONE', #2089 ) ;
#1928 = DIRECTION ( 'NONE',  ( 0.000000000000000000, 0.000000000000000000, 1.000000000000000000 ) ) ;
#1929 = ORIENTED_EDGE ( 'NONE', *, *, #2462, .T. ) ;
#1930 = DIRECTION ( 'NONE',  ( -0.7071067811865436870, -0.000000000000000000, -0.7071067811865513475 ) ) ;
#1931 = CARTESIAN_POINT ( 'NONE',  ( -35.00000000000000000, -6.474999999999996092, -5.000000000000000888 ) ) ;
#1932 = EDGE_LOOP ( 'NONE', ( #3415, #2973, #1904, #1939 ) ) ;
#1933 = CARTESIAN_POINT ( 'NONE',  ( -55.99999999999995737, 5.000000000000002665, 12.40000000000000213 ) ) ;
#1934 = CARTESIAN_POINT ( 'NONE',  ( -96.49999999999994316, 11.60000000000000497, 2.000000000000001776 ) ) ;
#1935 = FACE_OUTER_BOUND ( 'NONE', #753, .T. ) ;
#1936 = AXIS2_PLACEMENT_3D ( 'NONE', #108, #1540, #2304 ) ;
#1937 = PLANE ( 'NONE',  #1680 ) ;
#1938 = CIRCLE ( 'NONE', #2377, 11.09999999999999964 ) ;
#1939 = ORIENTED_EDGE ( 'NONE', *, *, #4284, .T. ) ;
#1940 = ORIENTED_EDGE ( 'NONE', *, *, #2497, .F. ) ;
#1941 = DIRECTION ( 'NONE',  ( 1.000000000000000000, 0.000000000000000000, 0.000000000000000000 ) ) ;
#1942 = CIRCLE ( 'NONE', #4552, 11.09999999999999964 ) ;
#1943 = VERTEX_POINT ( 'NONE', #3524 ) ;
#1944 = DIRECTION ( 'NONE',  ( -1.000000000000000000, 0.000000000000000000, 0.000000000000000000 ) ) ;
#1945 = DIRECTION ( 'NONE',  ( -1.734723475976807094E-16, -1.000000000000000000, 0.000000000000000000 ) ) ;
#1946 = EDGE_CURVE ( 'NONE', #1630, #1881, #4242, .T. ) ;
#1947 = FACE_OUTER_BOUND ( 'NONE', #2229, .T. ) ;
#1948 = EDGE_CURVE ( 'NONE', #1709, #2984, #2422, .T. ) ;
#1949 = EDGE_CURVE ( 'NONE', #244, #3264, #1000, .T. ) ;
#1950 = CARTESIAN_POINT ( 'NONE',  ( -113.4999999999999574, -1.734723475976807094E-15, 18.50000000000000000 ) ) ;
#1951 = ORIENTED_EDGE ( 'NONE', *, *, #13, .T. ) ;
#1952 = DIRECTION ( 'NONE',  ( -0.000000000000000000, 0.000000000000000000, -1.000000000000000000 ) ) ;
#1953 = ORIENTED_EDGE ( 'NONE', *, *, #3239, .T. ) ;
#1954 = ADVANCED_FACE ( 'NONE', ( #9 ), #1386, .T. ) ;
#1955 = CARTESIAN_POINT ( 'NONE',  ( -110.4233031693779310, -44.59797974644666141, 0.000000000000000000 ) ) ;
#1956 = ORIENTED_EDGE ( 'NONE', *, *, #2687, .F. ) ;
#1957 = CARTESIAN_POINT ( 'NONE',  ( -128.4999999999999432, 9.999999999999998224, 0.000000000000000000 ) ) ;
#1958 = AXIS2_PLACEMENT_3D ( 'NONE', #3753, #4542, #1314 ) ;
#1959 = DIRECTION ( 'NONE',  ( 0.000000000000000000, -1.000000000000000000, 0.000000000000000000 ) ) ;
#1960 = CARTESIAN_POINT ( 'NONE',  ( -148.4999999999999716, 0.000000000000000000, 2.999999999999981792 ) ) ;
#1961 = ORIENTED_EDGE ( 'NONE', *, *, #4373, .T. ) ;
#1962 = ORIENTED_EDGE ( 'NONE', *, *, #310, .F. ) ;
#1963 = DIRECTION ( 'NONE',  ( 1.000000000000000000, 0.000000000000000000, 0.000000000000000000 ) ) ;
#1964 = ORIENTED_EDGE ( 'NONE', *, *, #3500, .T. ) ;
#1965 = AXIS2_PLACEMENT_3D ( 'NONE', #507, #3785, #4422 ) ;
#1966 = DIRECTION ( 'NONE',  ( 1.000000000000000000, 0.000000000000000000, 0.000000000000000000 ) ) ;
#1967 = CARTESIAN_POINT ( 'NONE',  ( -113.4999999999999574, -44.59797974644666141, 14.79795897113271685 ) ) ;
#1968 = AXIS2_PLACEMENT_3D ( 'NONE', #376, #24, #1049 ) ;
#1969 = EDGE_CURVE ( 'NONE', #2017, #678, #3632, .T. ) ;
#1970 = VECTOR ( 'NONE', #3370, 1000.000000000000000 ) ;
#1971 = CARTESIAN_POINT ( 'NONE',  ( -123.4999999999999574, -8.000000000000001776, 5.000000000000000888 ) ) ;
#1972 = VERTEX_POINT ( 'NONE', #380 ) ;
#1973 = AXIS2_PLACEMENT_3D ( 'NONE', #3122, #2037, #3383 ) ;
#1974 = SURFACE_STYLE_USAGE ( .BOTH. , #2323 ) ;
#1975 = LINE ( 'NONE', #1676, #2574 ) ;
#1976 = EDGE_LOOP ( 'NONE', ( #1136, #2321, #4015, #4220 ) ) ;
#1977 = FACE_OUTER_BOUND ( 'NONE', #2040, .T. ) ;
#1978 = ORIENTED_EDGE ( 'NONE', *, *, #165, .T. ) ;
#1979 = ADVANCED_FACE ( 'NONE', ( #4285, #2480, #334, #4313, #1765 ), #3910, .T. ) ;
#1980 = VECTOR ( 'NONE', #4461, 1000.000000000000000 ) ;
#1981 = CARTESIAN_POINT ( 'NONE',  ( -96.49999999999994316, 8.400000000000000355, -15.00000000000000000 ) ) ;
#1982 = EDGE_LOOP ( 'NONE', ( #4186, #363 ) ) ;
#1983 = DIRECTION ( 'NONE',  ( -0.000000000000000000, 0.000000000000000000, -1.000000000000000000 ) ) ;
#1984 = AXIS2_PLACEMENT_3D ( 'NONE', #123, #3447, #579 ) ;
#1985 = DIRECTION ( 'NONE',  ( 0.000000000000000000, 0.000000000000000000, -1.000000000000000000 ) ) ;
#1986 = VECTOR ( 'NONE', #602, 1000.000000000000000 ) ;
#1987 = ORIENTED_EDGE ( 'NONE', *, *, #1112, .F. ) ;
#1988 = CARTESIAN_POINT ( 'NONE',  ( -94.90000000000004832, -9.999999999999914735, 2.000000000000001776 ) ) ;
#1989 = CARTESIAN_POINT ( 'NONE',  ( -159.3999999999999488, 1.334865011070615836E-15, 7.000000000000002665 ) ) ;
#1990 = CARTESIAN_POINT ( 'NONE',  ( -109.5944075473006194, 0.9916355801239350454, 6.656328794057546183 ) ) ;
#1991 = ORIENTED_EDGE ( 'NONE', *, *, #1335, .F. ) ;
#1992 = FACE_OUTER_BOUND ( 'NONE', #273, .T. ) ;
#1993 = VERTEX_POINT ( 'NONE', #2438 ) ;
#1994 = CARTESIAN_POINT ( 'NONE',  ( -76.49999999999995737, -11.60000000000000497, -15.00000000000000000 ) ) ;
#1995 = ORIENTED_EDGE ( 'NONE', *, *, #1621, .F. ) ;
#1996 = VECTOR ( 'NONE', #3416, 1000.000000000000000 ) ;
#1997 = LINE ( 'NONE', #1981, #4068 ) ;
#1998 = ORIENTED_EDGE ( 'NONE', *, *, #1258, .F. ) ;
#1999 = EDGE_CURVE ( 'NONE', #2691, #3997, #675, .T. ) ;
#2000 = CYLINDRICAL_SURFACE ( 'NONE', #3941, 1.600000000000002531 ) ;
#2001 = AXIS2_PLACEMENT_3D ( 'NONE', #1183, #2607, #4039 ) ;
#2002 = EDGE_CURVE ( 'NONE', #3599, #3358, #697, .T. ) ;
#2003 = FACE_OUTER_BOUND ( 'NONE', #3241, .T. ) ;
#2004 = AXIS2_PLACEMENT_3D ( 'NONE', #1154, #844, #1859 ) ;
#2005 = VECTOR ( 'NONE', #525, 1000.000000000000000 ) ;
#2006 = VERTEX_POINT ( 'NONE', #313 ) ;
#2007 = CARTESIAN_POINT ( 'NONE',  ( 10.00000000000000178, -8.525000000000002132, 15.00000000000000000 ) ) ;
#2008 = DIRECTION ( 'NONE',  ( -0.3420201433256662704, 4.188538737676962183E-17, 0.9396926207859093161 ) ) ;
#2009 = VECTOR ( 'NONE', #2320, 1000.000000000000000 ) ;
#2010 = CIRCLE ( 'NONE', #2911, 11.90808929720141229 ) ;
#2011 = DIRECTION ( 'NONE',  ( 0.000000000000000000, 0.000000000000000000, 1.000000000000000000 ) ) ;
#2012 = CARTESIAN_POINT ( 'NONE',  ( -108.4999999999999574, -1.734723475976807094E-15, 46.31370849898476649 ) ) ;
#2013 = CARTESIAN_POINT ( 'NONE',  ( -65.99999999999995737, -3.400000000000000355, 0.000000000000000000 ) ) ;
#2014 = ORIENTED_EDGE ( 'NONE', *, *, #2447, .F. ) ;
#2015 = CARTESIAN_POINT ( 'NONE',  ( -20.00000000000005684, 9.999999999999998224, 0.000000000000000000 ) ) ;
#2016 = DIRECTION ( 'NONE',  ( 0.000000000000000000, 0.000000000000000000, -1.000000000000000000 ) ) ;
#2017 = VERTEX_POINT ( 'NONE', #718 ) ;
#2018 = DIRECTION ( 'NONE',  ( 1.000000000000000000, 0.000000000000000000, 0.000000000000000000 ) ) ;
#2019 = ORIENTED_EDGE ( 'NONE', *, *, #2687, .T. ) ;
#2020 = FACE_OUTER_BOUND ( 'NONE', #2475, .T. ) ;
#2021 = ORIENTED_EDGE ( 'NONE', *, *, #2364, .F. ) ;
#2022 = EDGE_LOOP ( 'NONE', ( #3992, #1788, #2426, #920 ) ) ;
#2023 = CYLINDRICAL_SURFACE ( 'NONE', #1636, 1.600000000000000089 ) ;
#2024 = FACE_BOUND ( 'NONE', #3742, .T. ) ;
#2025 = EDGE_CURVE ( 'NONE', #4038, #3126, #1812, .T. ) ;
#2026 = ADVANCED_FACE ( 'NONE', ( #3501 ), #1438, .F. ) ;
#2027 = ORIENTED_EDGE ( 'NONE', *, *, #1628, .F. ) ;
#2028 = DIRECTION ( 'NONE',  ( 0.000000000000000000, -1.000000000000000000, 0.000000000000000000 ) ) ;
#2029 = ORIENTED_EDGE ( 'NONE', *, *, #3442, .T. ) ;
#2030 = LINE ( 'NONE', #1263, #1986 ) ;
#2031 = AXIS2_PLACEMENT_3D ( 'NONE', #2276, #3707, #492 ) ;
#2032 = EDGE_CURVE ( 'NONE', #1463, #4047, #2955, .T. ) ;
#2033 = CARTESIAN_POINT ( 'NONE',  ( -96.49999999999994316, 10.00000000000000178, 0.000000000000000000 ) ) ;
#2034 = DIRECTION ( 'NONE',  ( 0.000000000000000000, 0.000000000000000000, 1.000000000000000000 ) ) ;
#2035 = ORIENTED_EDGE ( 'NONE', *, *, #4096, .T. ) ;
#2036 = CIRCLE ( 'NONE', #2637, 1.500000000000001332 ) ;
#2037 = DIRECTION ( 'NONE',  ( 0.000000000000000000, 0.000000000000000000, 1.000000000000000000 ) ) ;
#2038 = CIRCLE ( 'NONE', #913, 10.00000000000000000 ) ;
#2039 = CYLINDRICAL_SURFACE ( 'NONE', #3403, 1.599999999999998090 ) ;
#2040 = EDGE_LOOP ( 'NONE', ( #3072, #1869, #3043, #2863 ) ) ;
#2041 = CARTESIAN_POINT ( 'NONE',  ( -55.99999999999995737, -3.400000000000000355, 0.000000000000000000 ) ) ;
#2042 = VERTEX_POINT ( 'NONE', #3145 ) ;
#2043 = VECTOR ( 'NONE', #4127, 1000.000000000000000 ) ;
#2044 = LINE ( 'NONE', #4551, #1824 ) ;
#2045 = VERTEX_POINT ( 'NONE', #4567 ) ;
#2046 = ORIENTED_EDGE ( 'NONE', *, *, #989, .F. ) ;
#2047 = VECTOR ( 'NONE', #3246, 1000.000000000000114 ) ;
#2048 = DIRECTION ( 'NONE',  ( 0.000000000000000000, 0.000000000000000000, 1.000000000000000000 ) ) ;
#2049 = CARTESIAN_POINT ( 'NONE',  ( -69.49999999999995737, 9.999999999999998224, -27.24426545165052005 ) ) ;
#2050 = VECTOR ( 'NONE', #3240, 1000.000000000000000 ) ;
#2051 = AXIS2_PLACEMENT_3D ( 'NONE', #2278, #3640, #3709 ) ;
#2052 = ORIENTED_EDGE ( 'NONE', *, *, #2436, .T. ) ;
#2053 = DIRECTION ( 'NONE',  ( -1.000000000000000000, 0.000000000000000000, 0.000000000000000000 ) ) ;
#2054 = VERTEX_POINT ( 'NONE', #1356 ) ;
#2055 = DIRECTION ( 'NONE',  ( 0.000000000000000000, 0.000000000000000000, 1.000000000000000000 ) ) ;
#2056 = CARTESIAN_POINT ( 'NONE',  ( -10.00000000000000178, 8.525000000000002132, 15.00000000000000000 ) ) ;
#2057 = CIRCLE ( 'NONE', #2291, 1.500000000000001332 ) ;
#2058 = EDGE_CURVE ( 'NONE', #3197, #3508, #3863, .T. ) ;
#2059 = CYLINDRICAL_SURFACE ( 'NONE', #4301, 1.600000000000004086 ) ;
#2060 = ADVANCED_FACE ( 'NONE', ( #4596, #3660 ), #445, .F. ) ;
#2061 = FACE_OUTER_BOUND ( 'NONE', #1165, .T. ) ;
#2062 = DIRECTION ( 'NONE',  ( -0.000000000000000000, 1.000000000000000000, -0.000000000000000000 ) ) ;
#2063 = ADVANCED_FACE ( 'NONE', ( #1221 ), #3615, .T. ) ;
#2064 = FACE_OUTER_BOUND ( 'NONE', #2885, .T. ) ;
#2065 = DIRECTION ( 'NONE',  ( 0.000000000000000000, 0.000000000000000000, 1.000000000000000000 ) ) ;
#2066 = EDGE_LOOP ( 'NONE', ( #909, #33 ) ) ;
#2067 = CARTESIAN_POINT ( 'NONE',  ( -123.4999999999999716, 9.999999999999998224, 1.766838492538093330 ) ) ;
#2068 = ORIENTED_EDGE ( 'NONE', *, *, #3814, .F. ) ;
#2069 = LINE ( 'NONE', #3553, #397 ) ;
#2070 = ORIENTED_EDGE ( 'NONE', *, *, #598, .T. ) ;
#2071 = PLANE ( 'NONE',  #2669 ) ;
#2072 = CARTESIAN_POINT ( 'NONE',  ( -128.4999999999999432, -5.000000000000001776, 10.00000000000000178 ) ) ;
#2073 = CLOSED_SHELL ( 'NONE', ( #3273, #1266, #3495, #3208, #4004, #3284, #2769, #4235, #1411, #3466, #597, #3828, #1261, #3624, #204, #4381, #3995, #3726, #2063, #3268, #3068, #2539, #483, #3829, #3529, #3672, #904, #3356, #3325, #1839, #4090, #1436, #2026, #4445, #2218, #2060, #61, #2920, #1086 ) ) ;
#2074 = ORIENTED_EDGE ( 'NONE', *, *, #2172, .F. ) ;
#2075 = CARTESIAN_POINT ( 'NONE',  ( -109.9749999999994827, -0.08485700350724209584, 8.615850522351042429 ) ) ;
#2076 = EDGE_LOOP ( 'NONE', ( #446, #2810, #3364, #2662 ) ) ;
#2077 = CARTESIAN_POINT ( 'NONE',  ( -1.600000000000001865, -1.959434878635767449E-16, 16.31370849898476294 ) ) ;
#2078 = AXIS2_PLACEMENT_3D ( 'NONE', #655, #2505, #1052 ) ;
#2079 = AXIS2_PLACEMENT_3D ( 'NONE', #4576, #2889, #3897 ) ;
#2080 = CIRCLE ( 'NONE', #2825, 3.600000000000005862 ) ;
#2081 = CARTESIAN_POINT ( 'NONE',  ( -51.00000000000000711, 9.999999999999998224, -27.24426545165052005 ) ) ;
#2082 = DIRECTION ( 'NONE',  ( 0.000000000000000000, 0.000000000000000000, 1.000000000000000000 ) ) ;
#2083 = DIRECTION ( 'NONE',  ( 0.000000000000000000, 0.000000000000000000, 1.000000000000000000 ) ) ;
#2084 = EDGE_CURVE ( 'NONE', #402, #478, #1853, .T. ) ;
#2085 = AXIS2_PLACEMENT_3D ( 'NONE', #2502, #2062, #1738 ) ;
#2086 = EDGE_CURVE ( 'NONE', #3935, #3527, #1758, .T. ) ;
#2087 = EDGE_CURVE ( 'NONE', #2017, #2652, #791, .T. ) ;
#2088 = CYLINDRICAL_SURFACE ( 'NONE', #2807, 1.600000000000001865 ) ;
#2089 = CARTESIAN_POINT ( 'NONE',  ( -35.00000000000000000, 3.525000000000002576, 0.000000000000000000 ) ) ;
#2090 = ORIENTED_EDGE ( 'NONE', *, *, #433, .F. ) ;
#2091 = ADVANCED_FACE ( 'NONE', ( #2904 ), #1200, .F. ) ;
#2092 = DIRECTION ( 'NONE',  ( 0.000000000000000000, 0.000000000000000000, 1.000000000000000000 ) ) ;
#2093 = AXIS2_PLACEMENT_3D ( 'NONE', #903, #2335, #3768 ) ;
#2094 = ORIENTED_EDGE ( 'NONE', *, *, #3155, .F. ) ;
#2095 = EDGE_CURVE ( 'NONE', #2893, #171, #4143, .T. ) ;
#2096 = DIRECTION ( 'NONE',  ( 0.000000000000000000, 0.000000000000000000, -1.000000000000000000 ) ) ;
#2097 = ORIENTED_EDGE ( 'NONE', *, *, #1696, .F. ) ;
#2098 = ORIENTED_EDGE ( 'NONE', *, *, #1481, .F. ) ;
#2099 = DIRECTION ( 'NONE',  ( 0.000000000000000000, 0.000000000000000000, 1.000000000000000000 ) ) ;
#2100 = CYLINDRICAL_SURFACE ( 'NONE', #1893, 10.00000000000000000 ) ;
#2101 = ADVANCED_FACE ( 'NONE', ( #1556 ), #3980, .F. ) ;
#2102 = DIRECTION ( 'NONE',  ( -0.000000000000000000, 0.000000000000000000, -1.000000000000000000 ) ) ;
#2103 = EDGE_LOOP ( 'NONE', ( #2961, #348, #238, #2666 ) ) ;
#2104 = VERTEX_POINT ( 'NONE', #4052 ) ;
#2105 = FACE_OUTER_BOUND ( 'NONE', #82, .T. ) ;
#2106 = DIRECTION ( 'NONE',  ( -0.000000000000000000, -0.000000000000000000, -1.000000000000000000 ) ) ;
#2107 = STYLED_ITEM ( 'NONE', ( #2733 ), #4366 ) ;
#2108 = CARTESIAN_POINT ( 'NONE',  ( -108.4999999999999574, -1.734723475976807094E-15, 18.50000000000000000 ) ) ;
#2109 = CYLINDRICAL_SURFACE ( 'NONE', #3092, 5.000000000000000000 ) ;
#2110 = DIRECTION ( 'NONE',  ( 0.000000000000000000, -1.000000000000000000, 0.000000000000000000 ) ) ;
#2111 = ADVANCED_FACE ( 'NONE', ( #3354, #1507, #3263, #146, #2958, #2228, #4404, #3286, #1580, #838 ), #4379, .F. ) ;
#2112 = CARTESIAN_POINT ( 'NONE',  ( -76.49999999999995737, -10.00000000000000178, -15.00000000000000000 ) ) ;
#2113 = DIRECTION ( 'NONE',  ( -0.000000000000000000, 0.000000000000000000, -1.000000000000000000 ) ) ;
#2114 = AXIS2_PLACEMENT_3D ( 'NONE', #3023, #4444, #1918 ) ;
#2115 = DIRECTION ( 'NONE',  ( 0.000000000000000000, 0.000000000000000000, 1.000000000000000000 ) ) ;
#2116 = ORIENTED_EDGE ( 'NONE', *, *, #1804, .F. ) ;
#2117 = CIRCLE ( 'NONE', #2336, 1.599999999999998090 ) ;
#2118 = LINE ( 'NONE', #4247, #2343 ) ;
#2119 = ORIENTED_EDGE ( 'NONE', *, *, #2997, .T. ) ;
#2120 = DIRECTION ( 'NONE',  ( 0.000000000000000000, 0.000000000000000000, 1.000000000000000000 ) ) ;
#2121 = DIRECTION ( 'NONE',  ( 1.000000000000000000, 0.000000000000000000, 0.000000000000000000 ) ) ;
#2122 = ADVANCED_FACE ( 'NONE', ( #4335 ), #53, .F. ) ;
#2123 = CARTESIAN_POINT ( 'NONE',  ( -45.50000000000001421, 6.599999999999996092, 0.000000000000000000 ) ) ;
#2124 = ORIENTED_EDGE ( 'NONE', *, *, #487, .F. ) ;
#2125 = ORIENTED_EDGE ( 'NONE', *, *, #2206, .T. ) ;
#2126 = FACE_BOUND ( 'NONE', #3551, .T. ) ;
#2127 = FILL_AREA_STYLE ('',( #3540 ) ) ;
#2128 = CIRCLE ( 'NONE', #113, 1.599999999999998090 ) ;
#2129 = DIRECTION ( 'NONE',  ( 0.000000000000000000, -1.000000000000000000, 0.000000000000000000 ) ) ;
#2130 = DIRECTION ( 'NONE',  ( 0.000000000000000000, 0.000000000000000000, 1.000000000000000000 ) ) ;
#2131 = CARTESIAN_POINT ( 'NONE',  ( -10.00000000000000178, 8.525000000000002132, -2.999999999999999112 ) ) ;
#2132 = MECHANICAL_DESIGN_GEOMETRIC_PRESENTATION_REPRESENTATION (  '', ( #862 ), #196 ) ;
#2133 = DIRECTION ( 'NONE',  ( 0.000000000000000000, 0.000000000000000000, -1.000000000000000000 ) ) ;
#2134 = DIRECTION ( 'NONE',  ( 0.000000000000000000, 0.000000000000000000, -1.000000000000000000 ) ) ;
#2135 = VERTEX_POINT ( 'NONE', #1174 ) ;
#2136 = LINE ( 'NONE', #3573, #1330 ) ;
#2137 = ORIENTED_EDGE ( 'NONE', *, *, #782, .F. ) ;
#2138 = PLANE ( 'NONE',  #3626 ) ;
#2139 = ORIENTED_EDGE ( 'NONE', *, *, #1949, .T. ) ;
#2140 = CARTESIAN_POINT ( 'NONE',  ( 1.359357947053561959E-15, -11.09999999999999964, 15.00000000000000000 ) ) ;
#2141 = ADVANCED_FACE ( 'NONE', ( #2597 ), #1483, .F. ) ;
#2142 = CYLINDRICAL_SURFACE ( 'NONE', #2417, 3.600000000000005862 ) ;
#2143 = EDGE_CURVE ( 'NONE', #4396, #3566, #701, .T. ) ;
#2144 = ADVANCED_FACE ( 'NONE', ( #465 ), #3333, .F. ) ;
#2145 = ORIENTED_EDGE ( 'NONE', *, *, #1023, .T. ) ;
#2146 = EDGE_LOOP ( 'NONE', ( #175, #1834, #1149, #1392 ) ) ;
#2147 = CARTESIAN_POINT ( 'NONE',  ( -137.5999999999999659, 0.000000000000000000, 7.000000000000002665 ) ) ;
#2148 = EDGE_CURVE ( 'NONE', #984, #2585, #885, .T. ) ;
#2149 = DIRECTION ( 'NONE',  ( 0.000000000000000000, -1.000000000000000000, 0.000000000000000000 ) ) ;
#2150 = UNCERTAINTY_MEASURE_WITH_UNIT (LENGTH_MEASURE( 1.000000000000000082E-05 ), #4450, 'distance_accuracy_value', 'NONE');
#2151 = FACE_OUTER_BOUND ( 'NONE', #2393, .T. ) ;
#2152 = CARTESIAN_POINT ( 'NONE',  ( -86.49999999999995737, 0.000000000000000000, 2.000000000000001776 ) ) ;
#2153 = CARTESIAN_POINT ( 'NONE',  ( -51.00000000000000711, 9.999999999999998224, 0.000000000000000000 ) ) ;
#2154 = VECTOR ( 'NONE', #870, 1000.000000000000000 ) ;
#2155 = EDGE_CURVE ( 'NONE', #1774, #2006, #2205, .T. ) ;
#2156 = AXIS2_PLACEMENT_3D ( 'NONE', #58, #3270, #2053 ) ;
#2157 = CIRCLE ( 'NONE', #3064, 1.475000000000000533 ) ;
#2158 = PLANE ( 'NONE',  #2601 ) ;
#2159 = LINE ( 'NONE', #4618, #4140 ) ;
#2160 = ORIENTED_EDGE ( 'NONE', *, *, #92, .T. ) ;
#2161 = DIRECTION ( 'NONE',  ( -1.734723475976807094E-16, -1.000000000000000000, 0.000000000000000000 ) ) ;
#2162 = ORIENTED_EDGE ( 'NONE', *, *, #2447, .T. ) ;
#2163 = AXIS2_PLACEMENT_3D ( 'NONE', #3425, #3033, #3731 ) ;
#2164 = DIRECTION ( 'NONE',  ( 0.000000000000000000, 0.000000000000000000, 1.000000000000000000 ) ) ;
#2165 = VECTOR ( 'NONE', #1505, 1000.000000000000000 ) ;
#2166 = CARTESIAN_POINT ( 'NONE',  ( -55.99999999999995737, 5.000000000000002665, 12.40000000000000213 ) ) ;
#2167 = ORIENTED_EDGE ( 'NONE', *, *, #540, .F. ) ;
#2168 = CARTESIAN_POINT ( 'NONE',  ( -51.00000000000000711, 9.999999999999998224, -27.24426545165052005 ) ) ;
#2169 = CARTESIAN_POINT ( 'NONE',  ( -69.49999999999995737, 9.999999999999998224, 12.40000000000000213 ) ) ;
#2170 = DIRECTION ( 'NONE',  ( 0.000000000000000000, 0.000000000000000000, 1.000000000000000000 ) ) ;
#2171 = ORIENTED_EDGE ( 'NONE', *, *, #834, .T. ) ;
#2172 = EDGE_CURVE ( 'NONE', #3935, #314, #4161, .T. ) ;
#2173 = VERTEX_POINT ( 'NONE', #3771 ) ;
#2174 = DIRECTION ( 'NONE',  ( 0.000000000000000000, -1.000000000000000000, 0.000000000000000000 ) ) ;
#2175 = EDGE_CURVE ( 'NONE', #1400, #3309, #1244, .T. ) ;
#2176 = DIRECTION ( 'NONE',  ( 0.000000000000000000, 0.000000000000000000, 1.000000000000000000 ) ) ;
#2177 = DIRECTION ( 'NONE',  ( 0.000000000000000000, 0.000000000000000000, 1.000000000000000000 ) ) ;
#2178 = CARTESIAN_POINT ( 'NONE',  ( -55.99999999999995737, -3.400000000000000355, -27.24426545165052005 ) ) ;
#2179 = EDGE_CURVE ( 'NONE', #955, #1698, #1627, .T. ) ;
#2180 = ORIENTED_EDGE ( 'NONE', *, *, #1426, .F. ) ;
#2181 = DIRECTION ( 'NONE',  ( 0.000000000000000000, 0.000000000000000000, 1.000000000000000000 ) ) ;
#2182 = ORIENTED_EDGE ( 'NONE', *, *, #3011, .T. ) ;
#2183 = LINE ( 'NONE', #3619, #3588 ) ;
#2184 = VERTEX_POINT ( 'NONE', #259 ) ;
#2185 = CYLINDRICAL_SURFACE ( 'NONE', #182, 13.00000000000001066 ) ;
#2186 = CIRCLE ( 'NONE', #97, 5.000000000000000888 ) ;
#2187 = CARTESIAN_POINT ( 'NONE',  ( -109.5594533525771794, -1.026786974900883553, 6.330882080623008612 ) ) ;
#2188 = VERTEX_POINT ( 'NONE', #4455 ) ;
#2189 = DIRECTION ( 'NONE',  ( 0.000000000000000000, 0.000000000000000000, 1.000000000000000000 ) ) ;
#2190 = DIRECTION ( 'NONE',  ( -0.000000000000000000, 1.000000000000000000, -0.000000000000000000 ) ) ;
#2191 = AXIS2_PLACEMENT_3D ( 'NONE', #1286, #2708, #4138 ) ;
#2192 = CARTESIAN_POINT ( 'NONE',  ( -98.10000000000006537, -9.999999999999880984, 2.000000000000001776 ) ) ;
#2193 = EDGE_LOOP ( 'NONE', ( #1635, #3821, #1790, #1297 ) ) ;
#2194 = CIRCLE ( 'NONE', #763, 5.000000000000004441 ) ;
#2195 = ORIENTED_EDGE ( 'NONE', *, *, #3178, .F. ) ;
#2196 = CARTESIAN_POINT ( 'NONE',  ( -65.99999999999995737, 6.599999999999998757, 12.40000000000000213 ) ) ;
#2197 = VECTOR ( 'NONE', #3963, 999.9999999999998863 ) ;
#2198 = AXIS2_PLACEMENT_3D ( 'NONE', #3328, #1143, #489 ) ;
#2199 = CARTESIAN_POINT ( 'NONE',  ( -49.99999999999999289, -10.00000000000000178, 0.000000000000000000 ) ) ;
#2200 = DIRECTION ( 'NONE',  ( 1.301042606982605074E-16, 0.000000000000000000, 1.000000000000000000 ) ) ;
#2201 = DIRECTION ( 'NONE',  ( -1.000000000000000000, 0.000000000000000000, 1.301042606982605074E-16 ) ) ;
#2202 = CIRCLE ( 'NONE', #1829, 1.474999999999998535 ) ;
#2203 =( NAMED_UNIT ( * ) PLANE_ANGLE_UNIT ( ) SI_UNIT ( $, .RADIAN. ) );
#2204 = EDGE_CURVE ( 'NONE', #4153, #1842, #2338, .T. ) ;
#2205 = CIRCLE ( 'NONE', #1306, 4.000000000000003553 ) ;
#2206 = EDGE_CURVE ( 'NONE', #2562, #3661, #213, .T. ) ;
#2207 = CARTESIAN_POINT ( 'NONE',  ( -55.99999999999995737, -4.999999999999998224, -27.24426545165052005 ) ) ;
#2208 = ORIENTED_EDGE ( 'NONE', *, *, #295, .T. ) ;
#2209 = CARTESIAN_POINT ( 'NONE',  ( -1.600000000000001865, -1.959434878635767449E-16, 0.000000000000000000 ) ) ;
#2210 = VERTEX_POINT ( 'NONE', #1950 ) ;
#2211 = AXIS2_PLACEMENT_3D ( 'NONE', #3833, #2775, #1733 ) ;
#2212 = DIRECTION ( 'NONE',  ( 0.000000000000000000, -1.000000000000000000, 0.000000000000000000 ) ) ;
#2213 = CARTESIAN_POINT ( 'NONE',  ( -109.9670904709174266, -0.1684306900004139962, 1.413574377785278946 ) ) ;
#2214 = EDGE_LOOP ( 'NONE', ( #3238, #1581, #2068, #3248, #2248 ) ) ;
#2215 = CARTESIAN_POINT ( 'NONE',  ( -120.6999999999999460, 9.999999999999998224, 3.383419246269049108 ) ) ;
#2216 = CARTESIAN_POINT ( 'NONE',  ( -148.4999999999999716, 0.000000000000000000, 0.000000000000000000 ) ) ;
#2217 = VECTOR ( 'NONE', #3499, 1000.000000000000000 ) ;
#2218 = ADVANCED_FACE ( 'NONE', ( #1669 ), #4137, .T. ) ;
#2219 = LINE ( 'NONE', #1496, #2947 ) ;
#2220 = VERTEX_POINT ( 'NONE', #2729 ) ;
#2221 = VERTEX_POINT ( 'NONE', #3816 ) ;
#2222 = EDGE_LOOP ( 'NONE', ( #4103, #4266, #3602, #1343 ) ) ;
#2223 = DIRECTION ( 'NONE',  ( 0.000000000000000000, -1.000000000000000000, 0.000000000000000000 ) ) ;
#2224 = DIRECTION ( 'NONE',  ( 0.000000000000000000, -1.000000000000000000, 0.000000000000000000 ) ) ;
#2225 = PLANE ( 'NONE',  #3215 ) ;
#2226 = CARTESIAN_POINT ( 'NONE',  ( -20.00000000000005684, 9.999999999999998224, 8.000000000000000000 ) ) ;
#2227 = VECTOR ( 'NONE', #3295, 1000.000000000000000 ) ;
#2228 = FACE_BOUND ( 'NONE', #3479, .T. ) ;
#2229 = EDGE_LOOP ( 'NONE', ( #3010, #1189, #4528, #184 ) ) ;
#2230 = EDGE_CURVE ( 'NONE', #3527, #3935, #3405, .T. ) ;
#2231 = FACE_OUTER_BOUND ( 'NONE', #437, .T. ) ;
#2232 = EDGE_LOOP ( 'NONE', ( #4602, #3957, #3623, #3222 ) ) ;
#2233 = CIRCLE ( 'NONE', #3584, 1.474999999999998535 ) ;
#2234 = CIRCLE ( 'NONE', #4401, 1.600000000000001865 ) ;
#2235 = EDGE_CURVE ( 'NONE', #2866, #721, #3559, .T. ) ;
#2236 = FACE_OUTER_BOUND ( 'NONE', #1340, .T. ) ;
#2237 = CARTESIAN_POINT ( 'NONE',  ( -109.9439617339953372, -0.3093507038104870155, 1.502012636296659043 ) ) ;
#2238 = VERTEX_POINT ( 'NONE', #4117 ) ;
#2239 = CARTESIAN_POINT ( 'NONE',  ( -123.4999999999999574, 7.999999999999998224, 5.000000000000000888 ) ) ;
#2240 = CYLINDRICAL_SURFACE ( 'NONE', #4023, 5.000000000000000000 ) ;
#2241 = ADVANCED_FACE ( 'NONE', ( #1601 ), #1284, .F. ) ;
#2242 = STYLED_ITEM ( 'NONE', ( #3028 ), #1307 ) ;
#2243 = CYLINDRICAL_SURFACE ( 'NONE', #1900, 1.474999999999998535 ) ;
#2244 = ORIENTED_EDGE ( 'NONE', *, *, #3695, .T. ) ;
#2245 = ORIENTED_EDGE ( 'NONE', *, *, #3648, .T. ) ;
#2246 = DIRECTION ( 'NONE',  ( 0.000000000000000000, 0.000000000000000000, -1.000000000000000000 ) ) ;
#2247 = UNCERTAINTY_MEASURE_WITH_UNIT (LENGTH_MEASURE( 1.000000000000000082E-05 ), #2664, 'distance_accuracy_value', 'NONE');
#2248 = ORIENTED_EDGE ( 'NONE', *, *, #1888, .T. ) ;
#2249 = DIRECTION ( 'NONE',  ( 0.000000000000000000, -1.000000000000000000, 0.000000000000000000 ) ) ;
#2250 = DIRECTION ( 'NONE',  ( 0.000000000000000000, -1.000000000000000000, 0.000000000000000000 ) ) ;
#2251 = FACE_OUTER_BOUND ( 'NONE', #1009, .T. ) ;
#2252 = FILL_AREA_STYLE ('',( #4283 ) ) ;
#2253 = CARTESIAN_POINT ( 'NONE',  ( -76.49999999999995737, -10.00000000000000178, 2.000000000000001776 ) ) ;
#2254 = EDGE_LOOP ( 'NONE', ( #4270, #2360 ) ) ;
#2255 = DIRECTION ( 'NONE',  ( 1.000000000000000000, -1.084202172485501594E-14, 0.000000000000000000 ) ) ;
#2256 = ORIENTED_EDGE ( 'NONE', *, *, #1584, .F. ) ;
#2257 = EDGE_CURVE ( 'NONE', #4443, #2737, #2318, .T. ) ;
#2258 = CARTESIAN_POINT ( 'NONE',  ( -113.4999999999999574, 9.999999999999996447, 25.00000000000026645 ) ) ;
#2259 = LINE ( 'NONE', #1931, #1233 ) ;
#2260 = EDGE_LOOP ( 'NONE', ( #2368, #325, #195, #1998 ) ) ;
#2261 = CARTESIAN_POINT ( 'NONE',  ( -135.4999999999999432, 0.000000000000000000, 3.999999999999968914 ) ) ;
#2262 = FACE_OUTER_BOUND ( 'NONE', #1976, .T. ) ;
#2263 = LINE ( 'NONE', #2611, #2561 ) ;
#2264 = EDGE_LOOP ( 'NONE', ( #3458, #1089, #4184, #4087 ) ) ;
#2265 = EDGE_CURVE ( 'NONE', #2585, #478, #4600, .T. ) ;
#2266 = ORIENTED_EDGE ( 'NONE', *, *, #1749, .F. ) ;
#2267 = ADVANCED_FACE ( 'NONE', ( #330 ), #1352, .T. ) ;
#2268 = LINE ( 'NONE', #1661, #1139 ) ;
#2269 = AXIS2_PLACEMENT_3D ( 'NONE', #3535, #2916, #800 ) ;
#2270 = AXIS2_PLACEMENT_3D ( 'NONE', #693, #2130, #1003 ) ;
#2271 = VERTEX_POINT ( 'NONE', #2457 ) ;
#2272 = DIRECTION ( 'NONE',  ( 0.000000000000000000, 0.000000000000000000, -1.000000000000000000 ) ) ;
#2273 = CARTESIAN_POINT ( 'NONE',  ( -107.0249999999999488, -1.915358878851041675E-15, -8.000000000000007105 ) ) ;
#2274 = DIRECTION ( 'NONE',  ( 1.000000000000000000, 0.000000000000000000, 0.000000000000000000 ) ) ;
#2275 = CIRCLE ( 'NONE', #253, 1.599999999999990319 ) ;
#2276 = CARTESIAN_POINT ( 'NONE',  ( -55.99999999999995737, 5.000000000000002665, -27.24426545165052005 ) ) ;
#2277 = AXIS2_PLACEMENT_3D ( 'NONE', #3429, #1674, #2670 ) ;
#2278 = CARTESIAN_POINT ( 'NONE',  ( -38.50000000000000000, 9.999999999999998224, -27.99999999999999645 ) ) ;
#2279 = ORIENTED_EDGE ( 'NONE', *, *, #4067, .T. ) ;
#2280 = CYLINDRICAL_SURFACE ( 'NONE', #216, 1.599999999999998090 ) ;
#2281 = ORIENTED_EDGE ( 'NONE', *, *, #4294, .T. ) ;
#2282 = AXIS2_PLACEMENT_3D ( 'NONE', #3958, #3194, #32 ) ;
#2283 = FACE_BOUND ( 'NONE', #1982, .T. ) ;
#2284 = CARTESIAN_POINT ( 'NONE',  ( -128.4999999999999432, -10.00000000000000178, 10.00000000000000178 ) ) ;
#2285 = ORIENTED_EDGE ( 'NONE', *, *, #2773, .T. ) ;
#2286 = DIRECTION ( 'NONE',  ( -0.000000000000000000, 0.000000000000000000, -1.000000000000000000 ) ) ;
#2287 = CARTESIAN_POINT ( 'NONE',  ( 0.000000000000000000, 10.00000000000000000, 0.000000000000000000 ) ) ;
#2288 = DIRECTION ( 'NONE',  ( 0.000000000000000000, 0.000000000000000000, 1.000000000000000000 ) ) ;
#2289 = AXIS2_PLACEMENT_3D ( 'NONE', #4563, #3857, #2129 ) ;
#2290 = DIRECTION ( 'NONE',  ( 0.000000000000000000, 0.000000000000000000, 1.000000000000000000 ) ) ;
#2291 = AXIS2_PLACEMENT_3D ( 'NONE', #1577, #2359, #189 ) ;
#2292 = ORIENTED_EDGE ( 'NONE', *, *, #1614, .T. ) ;
#2293 = ORIENTED_EDGE ( 'NONE', *, *, #966, .F. ) ;
#2294 = LINE ( 'NONE', #1215, #3541 ) ;
#2295 = EDGE_CURVE ( 'NONE', #3290, #100, #1407, .T. ) ;
#2296 = VERTEX_POINT ( 'NONE', #671 ) ;
#2297 = CARTESIAN_POINT ( 'NONE',  ( 0.000000000000000000, 0.000000000000000000, 1.500000000000000888 ) ) ;
#2298 = ORIENTED_EDGE ( 'NONE', *, *, #1481, .T. ) ;
#2299 = FACE_OUTER_BOUND ( 'NONE', #1573, .T. ) ;
#2300 = ORIENTED_EDGE ( 'NONE', *, *, #1662, .F. ) ;
#2301 = VECTOR ( 'NONE', #2721, 1000.000000000000000 ) ;
#2302 = DIRECTION ( 'NONE',  ( 0.000000000000000000, 0.000000000000000000, -1.000000000000000000 ) ) ;
#2303 = ORIENTED_EDGE ( 'NONE', *, *, #1486, .T. ) ;
#2304 = DIRECTION ( 'NONE',  ( 0.000000000000000000, -1.000000000000000000, 0.000000000000000000 ) ) ;
#2305 = VECTOR ( 'NONE', #2445, 1000.000000000000000 ) ;
#2306 = LINE ( 'NONE', #1889, #1970 ) ;
#2307 = VECTOR ( 'NONE', #1293, 1000.000000000000000 ) ;
#2308 = ORIENTED_EDGE ( 'NONE', *, *, #3239, .F. ) ;
#2309 = ORIENTED_EDGE ( 'NONE', *, *, #2977, .F. ) ;
#2310 = DIRECTION ( 'NONE',  ( -1.156482317317871478E-16, 1.000000000000000000, 0.000000000000000000 ) ) ;
#2311 = CIRCLE ( 'NONE', #1871, 1.600000000000004086 ) ;
#2312 = MECHANICAL_DESIGN_GEOMETRIC_PRESENTATION_REPRESENTATION (  '', ( #1497 ), #2909 ) ;
#2313 = ORIENTED_EDGE ( 'NONE', *, *, #285, .T. ) ;
#2314 = VECTOR ( 'NONE', #1887, 1000.000000000000000 ) ;
#2315 = CARTESIAN_POINT ( 'NONE',  ( -69.49999999999995737, 9.999999999999998224, 0.000000000000000000 ) ) ;
#2316 = LINE ( 'NONE', #1967, #1793 ) ;
#2317 = LINE ( 'NONE', #3093, #2328 ) ;
#2318 = LINE ( 'NONE', #352, #3847 ) ;
#2319 = ADVANCED_FACE ( 'NONE', ( #1380 ), #307, .T. ) ;
#2320 = DIRECTION ( 'NONE',  ( 0.000000000000000000, 0.000000000000000000, 1.000000000000000000 ) ) ;
#2321 = ORIENTED_EDGE ( 'NONE', *, *, #456, .F. ) ;
#2322 = EDGE_CURVE ( 'NONE', #3923, #1754, #4451, .T. ) ;
#2323 = SURFACE_SIDE_STYLE ('',( #3037 ) ) ;
#2324 = FACE_OUTER_BOUND ( 'NONE', #241, .T. ) ;
#2325 = ORIENTED_EDGE ( 'NONE', *, *, #425, .T. ) ;
#2326 = CARTESIAN_POINT ( 'NONE',  ( -8.525000000000105160, -9.999999999999912959, 15.00000000000000000 ) ) ;
#2327 = ORIENTED_EDGE ( 'NONE', *, *, #3214, .F. ) ;
#2328 = VECTOR ( 'NONE', #4426, 1000.000000000000000 ) ;
#2329 = DIRECTION ( 'NONE',  ( 1.000000000000000000, 0.000000000000000000, 0.000000000000000000 ) ) ;
#2330 = ORIENTED_EDGE ( 'NONE', *, *, #2257, .T. ) ;
#2331 = DIRECTION ( 'NONE',  ( 0.000000000000000000, 0.000000000000000000, 1.000000000000000000 ) ) ;
#2332 = CARTESIAN_POINT ( 'NONE',  ( -103.4999999999999574, 9.999999999999996447, 18.50000000000000000 ) ) ;
#2333 = EDGE_LOOP ( 'NONE', ( #700, #2292 ) ) ;
#2334 = LINE ( 'NONE', #557, #1915 ) ;
#2335 = DIRECTION ( 'NONE',  ( 0.000000000000000000, 0.000000000000000000, 1.000000000000000000 ) ) ;
#2336 = AXIS2_PLACEMENT_3D ( 'NONE', #2434, #1071, #4614 ) ;
#2337 = CARTESIAN_POINT ( 'NONE',  ( -101.4999999999999574, -14.99999999999999645, 2.000000000000001776 ) ) ;
#2338 = LINE ( 'NONE', #2753, #2877 ) ;
#2339 = VECTOR ( 'NONE', #3303, 1000.000000000000000 ) ;
#2340 = CARTESIAN_POINT ( 'NONE',  ( -109.5116289998499326, 1.073944786768209925, 4.338099202952469646 ) ) ;
#2341 = ORIENTED_EDGE ( 'NONE', *, *, #3413, .F. ) ;
#2342 = EDGE_CURVE ( 'NONE', #3562, #3032, #2503, .T. ) ;
#2343 = VECTOR ( 'NONE', #1792, 1000.000000000000000 ) ;
#2344 = ADVANCED_FACE ( 'NONE', ( #1432 ), #2405, .F. ) ;
#2345 = EDGE_CURVE ( 'NONE', #3650, #3938, #410, .T. ) ;
#2346 = PLANE ( 'NONE',  #311 ) ;
#2347 = DIRECTION ( 'NONE',  ( 0.000000000000000000, 1.000000000000000000, 0.000000000000000000 ) ) ;
#2348 = VERTEX_POINT ( 'NONE', #1781 ) ;
#2349 = DIRECTION ( 'NONE',  ( -0.000000000000000000, -0.000000000000000000, -1.000000000000000000 ) ) ;
#2350 = ORIENTED_EDGE ( 'NONE', *, *, #629, .F. ) ;
#2351 = VECTOR ( 'NONE', #4006, 1000.000000000000000 ) ;
#2352 = DIRECTION ( 'NONE',  ( 1.301042606982605074E-16, 0.000000000000000000, 1.000000000000000000 ) ) ;
#2353 = ORIENTED_EDGE ( 'NONE', *, *, #1531, .F. ) ;
#2354 = LINE ( 'NONE', #2420, #1178 ) ;
#2355 = VECTOR ( 'NONE', #49, 1000.000000000000000 ) ;
#2356 = DIRECTION ( 'NONE',  ( 1.000000000000000000, 0.000000000000000000, 0.000000000000000000 ) ) ;
#2357 = VECTOR ( 'NONE', #947, 1000.000000000000000 ) ;
#2358 = VERTEX_POINT ( 'NONE', #2828 ) ;
#2359 = DIRECTION ( 'NONE',  ( 0.000000000000000000, -1.000000000000000000, 0.000000000000000000 ) ) ;
#2360 = ORIENTED_EDGE ( 'NONE', *, *, #1085, .F. ) ;
#2361 = FACE_OUTER_BOUND ( 'NONE', #2371, .T. ) ;
#2362 = CARTESIAN_POINT ( 'NONE',  ( -109.9671295023223649, 0.1684885480772633226, 1.413416909142855893 ) ) ;
#2363 = EDGE_LOOP ( 'NONE', ( #935, #1011, #2464, #1995, #4492, #3453 ) ) ;
#2364 = EDGE_CURVE ( 'NONE', #1588, #3021, #2797, .T. ) ;
#2365 = DIRECTION ( 'NONE',  ( 0.000000000000000000, 0.000000000000000000, 1.000000000000000000 ) ) ;
#2366 = EDGE_LOOP ( 'NONE', ( #1311, #2471 ) ) ;
#2367 = CARTESIAN_POINT ( 'NONE',  ( -120.0000000000001421, 21.02974084481308736, 18.50000000000000355 ) ) ;
#2368 = ORIENTED_EDGE ( 'NONE', *, *, #2032, .T. ) ;
#2369 = AXIS2_PLACEMENT_3D ( 'NONE', #1705, #2331, #300 ) ;
#2370 = DIRECTION ( 'NONE',  ( 0.000000000000000000, 0.000000000000000000, 1.000000000000000000 ) ) ;
#2371 = EDGE_LOOP ( 'NONE', ( #3685, #2027, #4568, #3483 ) ) ;
#2372 = CARTESIAN_POINT ( 'NONE',  ( -76.49999999999995737, -10.00000000000000178, -15.00000000000000000 ) ) ;
#2373 = CIRCLE ( 'NONE', #3653, 1.500000000000001332 ) ;
#2374 = FACE_OUTER_BOUND ( 'NONE', #2813, .T. ) ;
#2375 = EDGE_CURVE ( 'NONE', #4147, #4274, #855, .T. ) ;
#2376 = VECTOR ( 'NONE', #2401, 1000.000000000000000 ) ;
#2377 = AXIS2_PLACEMENT_3D ( 'NONE', #2581, #1928, #3288 ) ;
#2378 = VERTEX_POINT ( 'NONE', #282 ) ;
#2379 = CARTESIAN_POINT ( 'NONE',  ( 0.000000000000000000, 0.000000000000000000, 0.000000000000000000 ) ) ;
#2380 = ORIENTED_EDGE ( 'NONE', *, *, #3261, .F. ) ;
#2381 = DIRECTION ( 'NONE',  ( 1.000000000000000000, 0.000000000000000000, -1.301042606982605074E-16 ) ) ;
#2382 = DIRECTION ( 'NONE',  ( 1.000000000000000000, 0.000000000000000000, 0.000000000000000000 ) ) ;
#2383 = PRESENTATION_LAYER_ASSIGNMENT (  '', '', ( #2684 ) ) ;
#2384 = EDGE_LOOP ( 'NONE', ( #1461, #4374, #3712, #2720 ) ) ;
#2385 = CARTESIAN_POINT ( 'NONE',  ( -120.6999999999999460, 7.999999999999998224, 6.616580753730954889 ) ) ;
#2386 = DIRECTION ( 'NONE',  ( 0.000000000000000000, 0.000000000000000000, 1.000000000000000000 ) ) ;
#2387 = VERTEX_POINT ( 'NONE', #691 ) ;
#2388 = AXIS2_PLACEMENT_3D ( 'NONE', #4041, #3343, #1541 ) ;
#2389 = CARTESIAN_POINT ( 'NONE',  ( -128.4999999999999432, 4.999999999999998224, 10.00000000000000178 ) ) ;
#2390 = FACE_OUTER_BOUND ( 'NONE', #4553, .T. ) ;
#2391 = ORIENTED_EDGE ( 'NONE', *, *, #3648, .F. ) ;
#2392 = DIRECTION ( 'NONE',  ( 0.000000000000000000, 0.000000000000000000, -1.000000000000000000 ) ) ;
#2393 = EDGE_LOOP ( 'NONE', ( #2449, #2035, #3756, #2443 ) ) ;
#2394 = DIRECTION ( 'NONE',  ( 0.000000000000000000, -1.000000000000000000, 0.000000000000000000 ) ) ;
#2395 = VERTEX_POINT ( 'NONE', #2804 ) ;
#2396 = CARTESIAN_POINT ( 'NONE',  ( -45.50000000000001421, -5.000000000000001776, 5.000000000000000000 ) ) ;
#2397 = CARTESIAN_POINT ( 'NONE',  ( -10.00000000000000178, 10.00000000000000178, -2.999999999999999112 ) ) ;
#2398 = ADVANCED_FACE ( 'NONE', ( #2151 ), #2059, .F. ) ;
#2399 = EDGE_CURVE ( 'NONE', #721, #2866, #3634, .T. ) ;
#2400 = EDGE_LOOP ( 'NONE', ( #3866, #198, #3868, #2021 ) ) ;
#2401 = DIRECTION ( 'NONE',  ( 0.000000000000000000, 0.000000000000000000, -1.000000000000000000 ) ) ;
#2402 = ORIENTED_EDGE ( 'NONE', *, *, #2568, .T. ) ;
#2403 = DIRECTION ( 'NONE',  ( 0.000000000000000000, -1.000000000000000000, 0.000000000000000000 ) ) ;
#2404 = SURFACE_STYLE_USAGE ( .BOTH. , #281 ) ;
#2405 = PLANE ( 'NONE',  #2423 ) ;
#2406 = CARTESIAN_POINT ( 'NONE',  ( -15.00000000000000000, -14.99999999999999645, 57.42640687119285303 ) ) ;
#2407 = CARTESIAN_POINT ( 'NONE',  ( -69.49999999999995737, 9.999999999999998224, 12.40000000000000213 ) ) ;
#2408 = VECTOR ( 'NONE', #1886, 1000.000000000000000 ) ;
#2409 = LINE ( 'NONE', #4566, #3950 ) ;
#2410 = AXIS2_PLACEMENT_3D ( 'NONE', #3234, #2780, #3590 ) ;
#2411 = CARTESIAN_POINT ( 'NONE',  ( -94.90000000000004832, -9.999999999999914735, 0.000000000000000000 ) ) ;
#2412 = ORIENTED_EDGE ( 'NONE', *, *, #3725, .T. ) ;
#2413 = CARTESIAN_POINT ( 'NONE',  ( 10.00000000000003730, 9.999999999999968026, 0.000000000000000000 ) ) ;
#2414 = PRODUCT_DEFINITION_SHAPE ( 'NONE', 'NONE',  #1747 ) ;
#2415 = ORIENTED_EDGE ( 'NONE', *, *, #3605, .F. ) ;
#2416 = AXIS2_PLACEMENT_3D ( 'NONE', #1012, #2096, #3530 ) ;
#2417 = AXIS2_PLACEMENT_3D ( 'NONE', #3969, #1062, #3251 ) ;
#2418 = CARTESIAN_POINT ( 'NONE',  ( -60.50000000000000711, 9.999999999999998224, 0.000000000000000000 ) ) ;
#2419 = ORIENTED_EDGE ( 'NONE', *, *, #1584, .T. ) ;
#2420 = CARTESIAN_POINT ( 'NONE',  ( -123.4999999999999716, 7.999999999999998224, 1.766838492538093330 ) ) ;
#2421 = CARTESIAN_POINT ( 'NONE',  ( -109.9749999999999659, -1.734723475976807094E-15, 18.50000000000000000 ) ) ;
#2422 = CIRCLE ( 'NONE', #3034, 11.90808929720141229 ) ;
#2423 = AXIS2_PLACEMENT_3D ( 'NONE', #23, #4613, #4209 ) ;
#2424 = VERTEX_POINT ( 'NONE', #4187 ) ;
#2425 = DIRECTION ( 'NONE',  ( 0.000000000000000000, -1.000000000000000000, 0.000000000000000000 ) ) ;
#2426 = ORIENTED_EDGE ( 'NONE', *, *, #3561, .T. ) ;
#2427 = LINE ( 'NONE', #3117, #4306 ) ;
#2428 = EDGE_CURVE ( 'NONE', #3026, #4396, #4279, .T. ) ;
#2429 = SURFACE_STYLE_USAGE ( .BOTH. , #3564 ) ;
#2430 = EDGE_CURVE ( 'NONE', #4430, #1549, #4076, .T. ) ;
#2431 = CIRCLE ( 'NONE', #3851, 4.000000000000000888 ) ;
#2432 = EDGE_CURVE ( 'NONE', #1610, #1508, #3927, .T. ) ;
#2433 = CARTESIAN_POINT ( 'NONE',  ( -148.4999999999999716, 0.000000000000000000, 0.000000000000000000 ) ) ;
#2434 = CARTESIAN_POINT ( 'NONE',  ( -55.99999999999995737, -4.999999999999998224, 12.40000000000000213 ) ) ;
#2435 = CARTESIAN_POINT ( 'NONE',  ( -45.50000000000001421, -6.599999999999999645, 0.000000000000000000 ) ) ;
#2436 = EDGE_CURVE ( 'NONE', #2296, #2395, #559, .T. ) ;
#2437 = CARTESIAN_POINT ( 'NONE',  ( -25.00000000000000355, -6.474999999999996092, 0.000000000000000000 ) ) ;
#2438 = CARTESIAN_POINT ( 'NONE',  ( -51.00000000000000711, 9.999999999999998224, 12.40000000000000213 ) ) ;
#2439 = ORIENTED_EDGE ( 'NONE', *, *, #3945, .F. ) ;
#2440 = CARTESIAN_POINT ( 'NONE',  ( -38.50000000000000000, -10.00000000000000178, -27.99999999999999645 ) ) ;
#2441 = ORIENTED_EDGE ( 'NONE', *, *, #1999, .F. ) ;
#2442 = DIRECTION ( 'NONE',  ( -0.000000000000000000, -0.000000000000000000, -1.000000000000000000 ) ) ;
#2443 = ORIENTED_EDGE ( 'NONE', *, *, #4042, .F. ) ;
#2444 = ORIENTED_EDGE ( 'NONE', *, *, #3748, .F. ) ;
#2445 = DIRECTION ( 'NONE',  ( 0.7071067811865436870, -0.000000000000000000, 0.7071067811865513475 ) ) ;
#2446 = DIRECTION ( 'NONE',  ( -0.000000000000000000, -0.000000000000000000, -1.000000000000000000 ) ) ;
#2447 = EDGE_CURVE ( 'NONE', #2986, #1373, #70, .T. ) ;
#2448 = CARTESIAN_POINT ( 'NONE',  ( -148.4999999999999716, 0.000000000000000000, 2.999999999999981792 ) ) ;
#2449 = ORIENTED_EDGE ( 'NONE', *, *, #596, .F. ) ;
#2450 = VERTEX_POINT ( 'NONE', #3351 ) ;
#2451 = DIRECTION ( 'NONE',  ( 0.000000000000000000, 1.000000000000000000, 0.000000000000000000 ) ) ;
#2452 = EDGE_CURVE ( 'NONE', #4296, #2678, #833, .T. ) ;
#2453 = PRESENTATION_STYLE_ASSIGNMENT (( #4232 ) ) ;
#2454 = EDGE_CURVE ( 'NONE', #924, #2691, #338, .T. ) ;
#2455 = VECTOR ( 'NONE', #4085, 1000.000000000000000 ) ;
#2456 = AXIS2_PLACEMENT_3D ( 'NONE', #2673, #3757, #4125 ) ;
#2457 = CARTESIAN_POINT ( 'NONE',  ( -15.00000000000000000, -14.99999999999999645, 0.000000000000000000 ) ) ;
#2458 = DIRECTION ( 'NONE',  ( -0.000000000000000000, 0.000000000000000000, -1.000000000000000000 ) ) ;
#2459 = DIRECTION ( 'NONE',  ( 0.000000000000000000, 1.000000000000000000, 0.000000000000000000 ) ) ;
#2460 = CIRCLE ( 'NONE', #1035, 4.000000000000000000 ) ;
#2461 = FACE_BOUND ( 'NONE', #3195, .T. ) ;
#2462 = EDGE_CURVE ( 'NONE', #1741, #2424, #4375, .T. ) ;
#2463 = DIRECTION ( 'NONE',  ( 0.000000000000000000, 0.000000000000000000, 1.000000000000000000 ) ) ;
#2464 = ORIENTED_EDGE ( 'NONE', *, *, #2688, .T. ) ;
#2465 = DIRECTION ( 'NONE',  ( 0.000000000000000000, 0.000000000000000000, 1.000000000000000000 ) ) ;
#2466 = ORIENTED_EDGE ( 'NONE', *, *, #2571, .F. ) ;
#2467 = EDGE_LOOP ( 'NONE', ( #3525, #2540, #2719, #1677 ) ) ;
#2468 = DIRECTION ( 'NONE',  ( 0.000000000000000000, 0.000000000000000000, 1.000000000000000000 ) ) ;
#2469 = DIRECTION ( 'NONE',  ( 0.000000000000000000, 0.000000000000000000, -1.000000000000000000 ) ) ;
#2470 = FACE_BOUND ( 'NONE', #3140, .T. ) ;
#2471 = ORIENTED_EDGE ( 'NONE', *, *, #1347, .T. ) ;
#2472 = VERTEX_POINT ( 'NONE', #1167 ) ;
#2473 = DIRECTION ( 'NONE',  ( 0.000000000000000000, 0.000000000000000000, 1.000000000000000000 ) ) ;
#2474 = UNCERTAINTY_MEASURE_WITH_UNIT (LENGTH_MEASURE( 1.000000000000000082E-05 ), #861, 'distance_accuracy_value', 'NONE');
#2475 = EDGE_LOOP ( 'NONE', ( #569, #3433, #2402, #1175 ) ) ;
#2476 = DIRECTION ( 'NONE',  ( -1.000000000000000000, 3.252606517456505019E-15, 0.000000000000000000 ) ) ;
#2477 = DIRECTION ( 'NONE',  ( 1.000000000000000000, 0.000000000000000000, 0.000000000000000000 ) ) ;
#2478 = LINE ( 'NONE', #3955, #1866 ) ;
#2479 = FACE_OUTER_BOUND ( 'NONE', #2193, .T. ) ;
#2480 = FACE_BOUND ( 'NONE', #1879, .T. ) ;
#2481 = EDGE_LOOP ( 'NONE', ( #2439, #4433, #4128, #275 ) ) ;
#2482 = CIRCLE ( 'NONE', #463, 1.600000000000004086 ) ;
#2483 = DIRECTION ( 'NONE',  ( 0.000000000000000000, 0.000000000000000000, -1.000000000000000000 ) ) ;
#2484 = ORIENTED_EDGE ( 'NONE', *, *, #1521, .F. ) ;
#2485 = ADVANCED_FACE ( 'NONE', ( #3678 ), #2897, .T. ) ;
#2486 = ADVANCED_FACE ( 'NONE', ( #3256, #3327, #1874, #1478, #2874 ), #4329, .T. ) ;
#2487 = AXIS2_PLACEMENT_3D ( 'NONE', #2152, #2082, #3859 ) ;
#2488 = CARTESIAN_POINT ( 'NONE',  ( -10.00000000000000178, 11.47500000000000320, 0.000000000000000000 ) ) ;
#2489 = ORIENTED_EDGE ( 'NONE', *, *, #346, .F. ) ;
#2490 = DIRECTION ( 'NONE',  ( -0.5025189076296051605, 0.5025189076296109336, -0.7035264706814456925 ) ) ;
#2491 = AXIS2_PLACEMENT_3D ( 'NONE', #707, #4630, #388 ) ;
#2492 = APPLICATION_CONTEXT ( 'automotive_design' ) ;
#2493 = CYLINDRICAL_SURFACE ( 'NONE', #1607, 1.599999999999998090 ) ;
#2494 = ORIENTED_EDGE ( 'NONE', *, *, #1894, .F. ) ;
#2495 = EDGE_LOOP ( 'NONE', ( #1961, #335, #299, #4336, #4011 ) ) ;
#2496 = DIRECTION ( 'NONE',  ( 0.000000000000000000, 1.000000000000000000, 0.000000000000000000 ) ) ;
#2497 = EDGE_CURVE ( 'NONE', #1326, #4205, #758, .T. ) ;
#2498 = AXIS2_PLACEMENT_3D ( 'NONE', #3384, #1491, #1180 ) ;
#2499 = ORIENTED_EDGE ( 'NONE', *, *, #4290, .T. ) ;
#2500 = DIRECTION ( 'NONE',  ( 0.000000000000000000, 0.000000000000000000, 1.000000000000000000 ) ) ;
#2501 = DIRECTION ( 'NONE',  ( 0.000000000000000000, 1.000000000000000000, 0.000000000000000000 ) ) ;
#2502 = CARTESIAN_POINT ( 'NONE',  ( -123.4999999999999574, 4.999999999999995559, 5.000000000000000888 ) ) ;
#2503 = CIRCLE ( 'NONE', #2577, 5.000000000000004441 ) ;
#2504 = VECTOR ( 'NONE', #3902, 1000.000000000000000 ) ;
#2505 = DIRECTION ( 'NONE',  ( 0.000000000000000000, 0.000000000000000000, 1.000000000000000000 ) ) ;
#2506 = DIRECTION ( 'NONE',  ( 0.000000000000000000, 0.000000000000000000, 1.000000000000000000 ) ) ;
#2507 = ORIENTED_EDGE ( 'NONE', *, *, #3411, .F. ) ;
#2508 = DIRECTION ( 'NONE',  ( 1.000000000000000000, 0.000000000000000000, 0.000000000000000000 ) ) ;
#2509 = EDGE_LOOP ( 'NONE', ( #4599, #3549 ) ) ;
#2510 = EDGE_CURVE ( 'NONE', #3991, #3484, #488, .T. ) ;
#2511 = CYLINDRICAL_SURFACE ( 'NONE', #2416, 4.000000000000000888 ) ;
#2512 = DIRECTION ( 'NONE',  ( 0.000000000000000000, 0.000000000000000000, 1.000000000000000000 ) ) ;
#2513 = ORIENTED_EDGE ( 'NONE', *, *, #2235, .F. ) ;
#2514 = DIRECTION ( 'NONE',  ( -1.000000000000000000, 0.000000000000000000, -0.000000000000000000 ) ) ;
#2515 = LINE ( 'NONE', #3536, #4208 ) ;
#2516 = ORIENTED_EDGE ( 'NONE', *, *, #2917, .F. ) ;
#2517 = EDGE_CURVE ( 'NONE', #3290, #4224, #2802, .T. ) ;
#2518 = EDGE_LOOP ( 'NONE', ( #477, #1078, #1884, #1237 ) ) ;
#2519 = CARTESIAN_POINT ( 'NONE',  ( -133.4999999999999432, 15.00000000000000000, 5.000000000000000888 ) ) ;
#2520 = FACE_BOUND ( 'NONE', #2894, .T. ) ;
#2521 = LINE ( 'NONE', #331, #1064 ) ;
#2522 = LINE ( 'NONE', #3329, #1268 ) ;
#2523 = AXIS2_PLACEMENT_3D ( 'NONE', #3409, #2392, #3104 ) ;
#2524 = VECTOR ( 'NONE', #125, 1000.000000000000114 ) ;
#2525 = CARTESIAN_POINT ( 'NONE',  ( -49.99999999999999289, -10.00000000000000178, 8.000000000000000000 ) ) ;
#2526 = ORIENTED_EDGE ( 'NONE', *, *, #2891, .T. ) ;
#2527 = CARTESIAN_POINT ( 'NONE',  ( -123.4999999999999574, -8.000000000000001776, 5.000000000000000888 ) ) ;
#2528 = VERTEX_POINT ( 'NONE', #117 ) ;
#2529 = DIRECTION ( 'NONE',  ( -0.000000000000000000, -0.000000000000000000, -1.000000000000000000 ) ) ;
#2530 = ORIENTED_EDGE ( 'NONE', *, *, #3962, .T. ) ;
#2531 = AXIS2_PLACEMENT_3D ( 'NONE', #1197, #394, #3235 ) ;
#2532 = LINE ( 'NONE', #1036, #692 ) ;
#2533 = DIRECTION ( 'NONE',  ( 0.000000000000000000, 0.000000000000000000, 1.000000000000000000 ) ) ;
#2534 = VERTEX_POINT ( 'NONE', #1195 ) ;
#2535 = CARTESIAN_POINT ( 'NONE',  ( -128.4999999999999432, -10.00000000000000178, 10.00000000000000178 ) ) ;
#2536 = DIRECTION ( 'NONE',  ( 1.000000000000000000, 0.000000000000000000, 0.000000000000000000 ) ) ;
#2537 = LINE ( 'NONE', #2865, #3765 ) ;
#2538 = ORIENTED_EDGE ( 'NONE', *, *, #206, .F. ) ;
#2539 = ADVANCED_FACE ( 'NONE', ( #2520, #737 ), #811, .T. ) ;
#2540 = ORIENTED_EDGE ( 'NONE', *, *, #344, .T. ) ;
#2541 = FACE_OUTER_BOUND ( 'NONE', #583, .T. ) ;
#2542 = ADVANCED_FACE ( 'NONE', ( #3953, #1142, #3607 ), #139, .F. ) ;
#2543 = EDGE_CURVE ( 'NONE', #2674, #3531, #786, .T. ) ;
#2544 = DIRECTION ( 'NONE',  ( 0.000000000000000000, 0.000000000000000000, 1.000000000000000000 ) ) ;
#2545 = VECTOR ( 'NONE', #1631, 1000.000000000000000 ) ;
#2546 = DIRECTION ( 'NONE',  ( -0.000000000000000000, -0.000000000000000000, 1.000000000000000000 ) ) ;
#2547 = DIRECTION ( 'NONE',  ( -1.301042606982605074E-16, 0.000000000000000000, -1.000000000000000000 ) ) ;
#2548 =( LENGTH_UNIT ( ) NAMED_UNIT ( * ) SI_UNIT ( .MILLI., .METRE. ) );
#2549 = DIRECTION ( 'NONE',  ( 0.000000000000000000, 0.000000000000000000, 1.000000000000000000 ) ) ;
#2550 = ORIENTED_EDGE ( 'NONE', *, *, #858, .T. ) ;
#2551 = LINE ( 'NONE', #3335, #4548 ) ;
#2552 = ORIENTED_EDGE ( 'NONE', *, *, #1948, .T. ) ;
#2553 = EDGE_CURVE ( 'NONE', #466, #505, #2974, .T. ) ;
#2554 = DIRECTION ( 'NONE',  ( 1.000000000000000000, 0.000000000000000000, 0.000000000000000000 ) ) ;
#2555 = CARTESIAN_POINT ( 'NONE',  ( -35.00000000000000000, -6.474999999999996092, 8.000000000000000000 ) ) ;
#2556 = ORIENTED_EDGE ( 'NONE', *, *, #295, .F. ) ;
#2557 = DIRECTION ( 'NONE',  ( 1.000000000000000000, 0.000000000000000000, 0.000000000000000000 ) ) ;
#2558 = AXIS2_PLACEMENT_3D ( 'NONE', #1209, #3838, #474 ) ;
#2559 = CARTESIAN_POINT ( 'NONE',  ( -108.4999999999999574, -5.000000000000001776, 20.00000000000000000 ) ) ;
#2560 = ORIENTED_EDGE ( 'NONE', *, *, #3278, .T. ) ;
#2561 = VECTOR ( 'NONE', #2998, 1000.000000000000000 ) ;
#2562 = VERTEX_POINT ( 'NONE', #2617 ) ;
#2563 = DIRECTION ( 'NONE',  ( 1.000000000000000000, 0.000000000000000000, 0.000000000000000000 ) ) ;
#2564 = AXIS2_PLACEMENT_3D ( 'NONE', #4601, #1442, #3507 ) ;
#2565 = VECTOR ( 'NONE', #4508, 1000.000000000000000 ) ;
#2566 = ORIENTED_EDGE ( 'NONE', *, *, #628, .T. ) ;
#2567 = CARTESIAN_POINT ( 'NONE',  ( -10.50000000000000888, 0.000000000000000000, 5.000000000000000000 ) ) ;
#2568 = EDGE_CURVE ( 'NONE', #4509, #721, #4048, .T. ) ;
#2569 = LINE ( 'NONE', #2273, #1223 ) ;
#2570 = CARTESIAN_POINT ( 'NONE',  ( -108.4999999999999574, -10.00000000000000178, 20.00000000000000000 ) ) ;
#2571 = EDGE_CURVE ( 'NONE', #3508, #2045, #4493, .T. ) ;
#2572 = EDGE_CURVE ( 'NONE', #3562, #1943, #1665, .T. ) ;
#2573 = AXIS2_PLACEMENT_3D ( 'NONE', #1171, #1851, #52 ) ;
#2574 = VECTOR ( 'NONE', #3478, 1000.000000000000000 ) ;
#2575 = EDGE_CURVE ( 'NONE', #3938, #3650, #2583, .T. ) ;
#2576 = DIRECTION ( 'NONE',  ( 1.000000000000000000, 0.000000000000000000, 0.000000000000000000 ) ) ;
#2577 = AXIS2_PLACEMENT_3D ( 'NONE', #2108, #1736, #4236 ) ;
#2578 = DIRECTION ( 'NONE',  ( 0.000000000000000000, -1.000000000000000000, 0.000000000000000000 ) ) ;
#2579 = ORIENTED_EDGE ( 'NONE', *, *, #4234, .F. ) ;
#2580 = EDGE_CURVE ( 'NONE', #4573, #568, #491, .T. ) ;
#2581 = CARTESIAN_POINT ( 'NONE',  ( 0.000000000000000000, 0.000000000000000000, 15.00000000000000000 ) ) ;
#2582 = ORIENTED_EDGE ( 'NONE', *, *, #2728, .F. ) ;
#2583 = CIRCLE ( 'NONE', #780, 1.599999999999998090 ) ;
#2584 = DIRECTION ( 'NONE',  ( -0.000000000000000000, 1.000000000000000000, -0.000000000000000000 ) ) ;
#2585 = VERTEX_POINT ( 'NONE', #2007 ) ;
#2586 = DIRECTION ( 'NONE',  ( -1.301042606982605074E-16, 0.000000000000000000, -1.000000000000000000 ) ) ;
#2587 = DIRECTION ( 'NONE',  ( 0.000000000000000000, -1.000000000000000000, 0.000000000000000000 ) ) ;
#2588 = ORIENTED_EDGE ( 'NONE', *, *, #4091, .F. ) ;
#2589 = EDGE_LOOP ( 'NONE', ( #414, #248, #3000, #256 ) ) ;
#2590 = FACE_OUTER_BOUND ( 'NONE', #1419, .T. ) ;
#2591 = ORIENTED_EDGE ( 'NONE', *, *, #2452, .F. ) ;
#2592 = DIRECTION ( 'NONE',  ( 0.000000000000000000, -1.000000000000000000, 0.000000000000000000 ) ) ;
#2593 = DIRECTION ( 'NONE',  ( -1.000000000000000000, 3.528251137579945416E-15, 0.000000000000000000 ) ) ;
#2594 = DIRECTION ( 'NONE',  ( -0.000000000000000000, 0.000000000000000000, -1.000000000000000000 ) ) ;
#2595 =( NAMED_UNIT ( * ) SI_UNIT ( $, .STERADIAN. ) SOLID_ANGLE_UNIT ( ) );
#2596 = CIRCLE ( 'NONE', #576, 1.599999999999998090 ) ;
#2597 = FACE_OUTER_BOUND ( 'NONE', #2481, .T. ) ;
#2598 = ORIENTED_EDGE ( 'NONE', *, *, #1949, .F. ) ;
#2599 = DIRECTION ( 'NONE',  ( 1.000000000000000000, 0.000000000000000000, 0.000000000000000000 ) ) ;
#2600 = EDGE_LOOP ( 'NONE', ( #116, #274 ) ) ;
#2601 = AXIS2_PLACEMENT_3D ( 'NONE', #3144, #3523, #312 ) ;
#2602 =( GEOMETRIC_REPRESENTATION_CONTEXT ( 3 ) GLOBAL_UNCERTAINTY_ASSIGNED_CONTEXT ( ( #1547 ) ) GLOBAL_UNIT_ASSIGNED_CONTEXT ( ( #3041, #712, #3670 ) ) REPRESENTATION_CONTEXT ( 'NONE', 'WORKASPACE' ) );
#2603 = EDGE_CURVE ( 'NONE', #622, #3991, #2057, .T. ) ;
#2604 = CARTESIAN_POINT ( 'NONE',  ( -108.4999999999999574, -4.000000000000001776, 46.31370849898476649 ) ) ;
#2605 = CARTESIAN_POINT ( 'NONE',  ( -109.8814624505536841, -0.5285764795850733666, 1.751511490317249065 ) ) ;
#2606 = VERTEX_POINT ( 'NONE', #3397 ) ;
#2607 = DIRECTION ( 'NONE',  ( -0.000000000000000000, -0.000000000000000000, -1.000000000000000000 ) ) ;
#2608 = DIRECTION ( 'NONE',  ( -0.000000000000000000, 1.000000000000000000, -0.000000000000000000 ) ) ;
#2609 = PRESENTATION_STYLE_ASSIGNMENT (( #2654 ) ) ;
#2610 = AXIS2_PLACEMENT_3D ( 'NONE', #4207, #1328, #1711 ) ;
#2611 = CARTESIAN_POINT ( 'NONE',  ( -120.6999999999999460, 7.999999999999998224, 3.383419246269049108 ) ) ;
#2612 = ORIENTED_EDGE ( 'NONE', *, *, #310, .T. ) ;
#2613 = EDGE_LOOP ( 'NONE', ( #459, #1177 ) ) ;
#2614 = CARTESIAN_POINT ( 'NONE',  ( -96.49999999999994316, 10.00000000000000178, 2.000000000000001776 ) ) ;
#2615 = CONICAL_SURFACE ( 'NONE', #2156, 11.90808929720138565, 0.3490658503988614547 ) ;
#2616 = EDGE_LOOP ( 'NONE', ( #732, #828 ) ) ;
#2617 = CARTESIAN_POINT ( 'NONE',  ( -113.4999999999999574, -4.999999999999999112, 14.79795897113271685 ) ) ;
#2618 = CARTESIAN_POINT ( 'NONE',  ( -38.50000000000000000, -10.00000000000000178, 8.000000000000000000 ) ) ;
#2619 = LINE ( 'NONE', #2876, #515 ) ;
#2620 = CYLINDRICAL_SURFACE ( 'NONE', #2031, 1.599999999999998090 ) ;
#2621 = CARTESIAN_POINT ( 'NONE',  ( -119.8999999999999488, -8.000000000000001776, 5.000000000000000888 ) ) ;
#2622 = ORIENTED_EDGE ( 'NONE', *, *, #2002, .F. ) ;
#2623 = LINE ( 'NONE', #423, #2524 ) ;
#2624 = ORIENTED_EDGE ( 'NONE', *, *, #735, .T. ) ;
#2625 = EDGE_CURVE ( 'NONE', #2387, #2986, #4515, .T. ) ;
#2626 = FACE_BOUND ( 'NONE', #1811, .T. ) ;
#2627 = DIRECTION ( 'NONE',  ( -0.000000000000000000, -0.000000000000000000, -1.000000000000000000 ) ) ;
#2628 = EDGE_LOOP ( 'NONE', ( #3576, #3336, #869, #126, #3752, #4245, #4007 ) ) ;
#2629 = CARTESIAN_POINT ( 'NONE',  ( -135.4999999999999432, 0.000000000000000000, 2.999999999999981792 ) ) ;
#2630 = FACE_BOUND ( 'NONE', #3100, .T. ) ;
#2631 = EDGE_CURVE ( 'NONE', #2135, #1630, #3787, .T. ) ;
#2632 = EDGE_CURVE ( 'NONE', #1065, #549, #2723, .T. ) ;
#2633 = DIRECTION ( 'NONE',  ( 1.000000000000000000, 0.000000000000000000, 0.000000000000000000 ) ) ;
#2634 = EDGE_LOOP ( 'NONE', ( #4192, #544 ) ) ;
#2635 = ORIENTED_EDGE ( 'NONE', *, *, #321, .T. ) ;
#2636 = CARTESIAN_POINT ( 'NONE',  ( -148.4999999999999716, 0.000000000000000000, 16.31370849898476294 ) ) ;
#2637 = AXIS2_PLACEMENT_3D ( 'NONE', #4198, #4253, #2121 ) ;
#2638 = EDGE_CURVE ( 'NONE', #3481, #1943, #4159, .T. ) ;
#2639 = AXIS2_PLACEMENT_3D ( 'NONE', #4330, #2200, #3636 ) ;
#2640 = ORIENTED_EDGE ( 'NONE', *, *, #2497, .T. ) ;
#2641 = LINE ( 'NONE', #2315, #3337 ) ;
#2642 = FILL_AREA_STYLE_COLOUR ( '', #74 ) ;
#2643 = CIRCLE ( 'NONE', #690, 13.00000000000001066 ) ;
#2644 = CARTESIAN_POINT ( 'NONE',  ( 10.00000000000000178, -11.47500000000000320, -2.999999999999999112 ) ) ;
#2645 = EDGE_LOOP ( 'NONE', ( #1492, #3049 ) ) ;
#2646 = AXIS2_PLACEMENT_3D ( 'NONE', #2956, #75, #4403 ) ;
#2647 = CARTESIAN_POINT ( 'NONE',  ( -55.99999999999995737, -6.599999999999996092, -27.24426545165052005 ) ) ;
#2648 = ORIENTED_EDGE ( 'NONE', *, *, #3886, .F. ) ;
#2649 = AXIS2_PLACEMENT_3D ( 'NONE', #2253, #3682, #493 ) ;
#2650 = FILL_AREA_STYLE_COLOUR ( '', #531 ) ;
#2651 = DIRECTION ( 'NONE',  ( 0.000000000000000000, 0.000000000000000000, 1.000000000000000000 ) ) ;
#2652 = VERTEX_POINT ( 'NONE', #511 ) ;
#2653 = CARTESIAN_POINT ( 'NONE',  ( -126.2999999999999687, 7.999999999999998224, 6.616580753730956665 ) ) ;
#2654 = SURFACE_STYLE_USAGE ( .BOTH. , #1210 ) ;
#2655 = AXIS2_PLACEMENT_3D ( 'NONE', #4114, #3445, #4424 ) ;
#2656 = EDGE_CURVE ( 'NONE', #2472, #3158, #1624, .T. ) ;
#2657 = DIRECTION ( 'NONE',  ( 0.000000000000000000, 0.000000000000000000, 1.000000000000000000 ) ) ;
#2658 = ORIENTED_EDGE ( 'NONE', *, *, #1027, .F. ) ;
#2659 = VERTEX_POINT ( 'NONE', #4472 ) ;
#2660 = CARTESIAN_POINT ( 'NONE',  ( -51.00000000000000711, 9.999999999999998224, 12.40000000000000213 ) ) ;
#2661 = EDGE_CURVE ( 'NONE', #984, #402, #342, .T. ) ;
#2662 = ORIENTED_EDGE ( 'NONE', *, *, #2761, .F. ) ;
#2663 = DIRECTION ( 'NONE',  ( 1.000000000000000000, 0.000000000000000000, 0.000000000000000000 ) ) ;
#2664 =( LENGTH_UNIT ( ) NAMED_UNIT ( * ) SI_UNIT ( .MILLI., .METRE. ) );
#2665 = DIRECTION ( 'NONE',  ( -0.000000000000000000, 0.000000000000000000, -1.000000000000000000 ) ) ;
#2666 = ORIENTED_EDGE ( 'NONE', *, *, #1664, .F. ) ;
#2667 = CYLINDRICAL_SURFACE ( 'NONE', #2163, 11.09999999999999964 ) ;
#2668 = ORIENTED_EDGE ( 'NONE', *, *, #825, .T. ) ;
#2669 = AXIS2_PLACEMENT_3D ( 'NONE', #4129, #3826, #552 ) ;
#2670 = DIRECTION ( 'NONE',  ( -1.000000000000000000, 3.252606517456505019E-15, 0.000000000000000000 ) ) ;
#2671 = CARTESIAN_POINT ( 'NONE',  ( -45.50000000000001421, -5.000000000000001776, 5.000000000000000000 ) ) ;
#2672 = ORIENTED_EDGE ( 'NONE', *, *, #165, .F. ) ;
#2673 = CARTESIAN_POINT ( 'NONE',  ( -128.4999999999999432, 9.999999999999998224, 10.00000000000000178 ) ) ;
#2674 = VERTEX_POINT ( 'NONE', #902 ) ;
#2675 = CIRCLE ( 'NONE', #654, 5.000000000000004441 ) ;
#2676 = FACE_OUTER_BOUND ( 'NONE', #1151, .T. ) ;
#2677 = AXIS2_PLACEMENT_3D ( 'NONE', #3040, #1338, #4193 ) ;
#2678 = VERTEX_POINT ( 'NONE', #3073 ) ;
#2679 = DIRECTION ( 'NONE',  ( 1.000000000000000000, 0.000000000000000000, 0.000000000000000000 ) ) ;
#2680 = PLANE ( 'NONE',  #1820 ) ;
#2681 = VECTOR ( 'NONE', #2594, 1000.000000000000000 ) ;
#2682 = ADVANCED_FACE ( 'NONE', ( #4448 ), #879, .F. ) ;
#2683 = EDGE_LOOP ( 'NONE', ( #2074, #4016, #4009, #3450 ) ) ;
#2684 = STYLED_ITEM ( 'NONE', ( #649 ), #1390 ) ;
#2685 = DIRECTION ( 'NONE',  ( 1.000000000000000000, 0.000000000000000000, 0.000000000000000000 ) ) ;
#2686 = SURFACE_SIDE_STYLE ('',( #513 ) ) ;
#2687 = EDGE_CURVE ( 'NONE', #3924, #3531, #4077, .T. ) ;
#2688 = EDGE_CURVE ( 'NONE', #2296, #3849, #2030, .T. ) ;
#2689 = CARTESIAN_POINT ( 'NONE',  ( -148.4999999999999716, 0.000000000000000000, 5.000000000000000888 ) ) ;
#2690 = CARTESIAN_POINT ( 'NONE',  ( -109.6652268228167202, 0.9051150042118996097, 2.849160457644877020 ) ) ;
#2691 = VERTEX_POINT ( 'NONE', #3465 ) ;
#2692 = CARTESIAN_POINT ( 'NONE',  ( -86.49999999999995737, 0.000000000000000000, 2.000000000000001776 ) ) ;
#2693 = CARTESIAN_POINT ( 'NONE',  ( -74.89999999999990621, 9.999999999999962697, 0.000000000000000000 ) ) ;
#2694 = ORIENTED_EDGE ( 'NONE', *, *, #2452, .T. ) ;
#2695 = LINE ( 'NONE', #3082, #1494 ) ;
#2696 = EDGE_CURVE ( 'NONE', #3158, #4314, #2641, .T. ) ;
#2697 = ORIENTED_EDGE ( 'NONE', *, *, #425, .F. ) ;
#2698 = DIRECTION ( 'NONE',  ( 0.000000000000000000, 0.000000000000000000, 1.000000000000000000 ) ) ;
#2699 = EDGE_LOOP ( 'NONE', ( #448, #4488, #1068, #2550 ) ) ;
#2700 = FACE_OUTER_BOUND ( 'NONE', #972, .T. ) ;
#2701 = CARTESIAN_POINT ( 'NONE',  ( -15.00000000000000355, 15.00000000000000355, 15.00000000000001421 ) ) ;
#2702 = VERTEX_POINT ( 'NONE', #860 ) ;
#2703 = VECTOR ( 'NONE', #1963, 1000.000000000000000 ) ;
#2704 = DIRECTION ( 'NONE',  ( 0.000000000000000000, 0.000000000000000000, -1.000000000000000000 ) ) ;
#2705 = CARTESIAN_POINT ( 'NONE',  ( -40.50000000000000711, -10.00000000000000178, 0.000000000000000000 ) ) ;
#2706 = CARTESIAN_POINT ( 'NONE',  ( -25.00000000000000355, -4.999999999999998224, -5.000000000000000888 ) ) ;
#2707 = AXIS2_PLACEMENT_3D ( 'NONE', #752, #3601, #367 ) ;
#2708 = DIRECTION ( 'NONE',  ( 0.4999999999999998335, 0.000000000000000000, 0.8660254037844388186 ) ) ;
#2709 = LINE ( 'NONE', #2647, #3952 ) ;
#2710 = ORIENTED_EDGE ( 'NONE', *, *, #1170, .F. ) ;
#2711 = LINE ( 'NONE', #957, #4019 ) ;
#2712 = EDGE_CURVE ( 'NONE', #3631, #658, #2431, .T. ) ;
#2713 = CARTESIAN_POINT ( 'NONE',  ( -108.4999999999999574, -1.734723475976807094E-15, 21.00000000000000000 ) ) ;
#2714 = ORIENTED_EDGE ( 'NONE', *, *, #1023, .F. ) ;
#2715 = CARTESIAN_POINT ( 'NONE',  ( -20.00000000000002842, 10.00000000000002665, 7.999999999999961808 ) ) ;
#2716 = ORIENTED_EDGE ( 'NONE', *, *, #826, .F. ) ;
#2717 = CIRCLE ( 'NONE', #696, 5.000000000000000000 ) ;
#2718 = CARTESIAN_POINT ( 'NONE',  ( -101.4999999999999574, -14.99999999999999645, 0.000000000000000000 ) ) ;
#2719 = ORIENTED_EDGE ( 'NONE', *, *, #400, .T. ) ;
#2720 = ORIENTED_EDGE ( 'NONE', *, *, #4407, .F. ) ;
#2721 = DIRECTION ( 'NONE',  ( 1.000000000000000000, 0.000000000000000000, 0.000000000000000000 ) ) ;
#2722 = CARTESIAN_POINT ( 'NONE',  ( -108.4999999999999574, -5.000000000000001776, 18.50000000000000000 ) ) ;
#2723 = CIRCLE ( 'NONE', #2879, 1.599999999999998090 ) ;
#2724 = ORIENTED_EDGE ( 'NONE', *, *, #598, .F. ) ;
#2725 = DIRECTION ( 'NONE',  ( 0.000000000000000000, 0.000000000000000000, 1.000000000000000000 ) ) ;
#2726 = DIRECTION ( 'NONE',  ( 0.000000000000000000, -1.000000000000000000, 0.000000000000000000 ) ) ;
#2727 = SURFACE_STYLE_FILL_AREA ( #141 ) ;
#2728 = EDGE_CURVE ( 'NONE', #4554, #4346, #2334, .T. ) ;
#2729 = CARTESIAN_POINT ( 'NONE',  ( -11.47500000000010623, -9.999999999999882760, 15.00000000000000000 ) ) ;
#2730 = DIRECTION ( 'NONE',  ( 0.000000000000000000, 1.000000000000000000, 0.000000000000000000 ) ) ;
#2731 = CARTESIAN_POINT ( 'NONE',  ( -109.5591813592740351, 1.027061699571154785, 6.327760249636444456 ) ) ;
#2732 = ORIENTED_EDGE ( 'NONE', *, *, #2172, .T. ) ;
#2733 = PRESENTATION_STYLE_ASSIGNMENT (( #1974 ) ) ;
#2734 = CARTESIAN_POINT ( 'NONE',  ( -86.49999999999995737, 0.000000000000000000, 2.000000000000001776 ) ) ;
#2735 = VERTEX_POINT ( 'NONE', #1988 ) ;
#2736 = DIRECTION ( 'NONE',  ( 0.000000000000000000, 1.000000000000000000, 0.000000000000000000 ) ) ;
#2737 = VERTEX_POINT ( 'NONE', #3421 ) ;
#2738 = EDGE_CURVE ( 'NONE', #314, #726, #1692, .T. ) ;
#2739 = EDGE_CURVE ( 'NONE', #3830, #1063, #1401, .T. ) ;
#2740 = DIRECTION ( 'NONE',  ( 0.000000000000000000, 0.000000000000000000, 1.000000000000000000 ) ) ;
#2741 = ORIENTED_EDGE ( 'NONE', *, *, #2058, .T. ) ;
#2742 = VERTEX_POINT ( 'NONE', #1757 ) ;
#2743 = CARTESIAN_POINT ( 'NONE',  ( -45.50000000000001421, 6.599999999999996092, 5.000000000000000000 ) ) ;
#2744 = CARTESIAN_POINT ( 'NONE',  ( -4.000000000000000888, -4.898587196589413815E-16, 5.000000000000000888 ) ) ;
#2745 = AXIS2_PLACEMENT_3D ( 'NONE', #3491, #995, #3224 ) ;
#2746 = VECTOR ( 'NONE', #2788, 1000.000000000000000 ) ;
#2747 = ORIENTED_EDGE ( 'NONE', *, *, #3611, .T. ) ;
#2748 = CARTESIAN_POINT ( 'NONE',  ( -113.4999999999999574, 4.999999999999992006, 18.50000000000000000 ) ) ;
#2749 = ORIENTED_EDGE ( 'NONE', *, *, #2206, .F. ) ;
#2750 = DIRECTION ( 'NONE',  ( 1.000000000000000000, 0.000000000000000000, 0.000000000000000000 ) ) ;
#2751 = FILL_AREA_STYLE_COLOUR ( '', #588 ) ;
#2752 = AXIS2_PLACEMENT_3D ( 'NONE', #977, #377, #3860 ) ;
#2753 = CARTESIAN_POINT ( 'NONE',  ( -10.00000000000000178, 11.47500000000000320, -2.999999999999999112 ) ) ;
#2754 = DIRECTION ( 'NONE',  ( -1.000000000000000000, 0.000000000000000000, 0.000000000000000000 ) ) ;
#2755 = DIRECTION ( 'NONE',  ( -1.000000000000000000, -1.156482317317871725E-16, 0.000000000000000000 ) ) ;
#2756 = CARTESIAN_POINT ( 'NONE',  ( 0.000000000000000000, 0.000000000000000000, 16.31370849898476294 ) ) ;
#2757 = DIRECTION ( 'NONE',  ( -0.000000000000000000, 0.000000000000000000, -1.000000000000000000 ) ) ;
#2758 = EDGE_LOOP ( 'NONE', ( #2582, #792, #2162, #1731 ) ) ;
#2759 = DIRECTION ( 'NONE',  ( 0.000000000000000000, 0.000000000000000000, 1.000000000000000000 ) ) ;
#2760 = ORIENTED_EDGE ( 'NONE', *, *, #1585, .F. ) ;
#2761 = EDGE_CURVE ( 'NONE', #1741, #3358, #4185, .T. ) ;
#2762 = CARTESIAN_POINT ( 'NONE',  ( -65.99999999999995737, 5.000000000000000888, -27.24426545165052005 ) ) ;
#2763 = EDGE_CURVE ( 'NONE', #1728, #781, #1710, .T. ) ;
#2764 = ORIENTED_EDGE ( 'NONE', *, *, #2891, .F. ) ;
#2765 = ORIENTED_EDGE ( 'NONE', *, *, #145, .F. ) ;
#2766 = VECTOR ( 'NONE', #522, 1000.000000000000000 ) ;
#2767 = EDGE_CURVE ( 'NONE', #219, #4443, #3563, .T. ) ;
#2768 = FACE_OUTER_BOUND ( 'NONE', #469, .T. ) ;
#2769 = ADVANCED_FACE ( 'NONE', ( #328 ), #3516, .F. ) ;
#2770 = DIRECTION ( 'NONE',  ( 0.000000000000000000, 0.000000000000000000, 1.000000000000000000 ) ) ;
#2771 = EDGE_LOOP ( 'NONE', ( #3124, #4177, #3461, #2694, #3683, #134 ) ) ;
#2772 = CARTESIAN_POINT ( 'NONE',  ( -49.00000000000000711, -10.00000000000000178, -22.99999999999999645 ) ) ;
#2773 = EDGE_CURVE ( 'NONE', #614, #2221, #635, .T. ) ;
#2774 = VERTEX_POINT ( 'NONE', #2147 ) ;
#2775 = DIRECTION ( 'NONE',  ( 0.000000000000000000, 0.000000000000000000, 1.000000000000000000 ) ) ;
#2776 = LINE ( 'NONE', #4611, #4635 ) ;
#2777 = CIRCLE ( 'NONE', #3311, 1.600000000000001865 ) ;
#2778 = EDGE_CURVE ( 'NONE', #2054, #1400, #3259, .T. ) ;
#2779 = DIRECTION ( 'NONE',  ( 0.000000000000000000, 0.000000000000000000, 1.000000000000000000 ) ) ;
#2780 = DIRECTION ( 'NONE',  ( 0.000000000000000000, 0.000000000000000000, 1.000000000000000000 ) ) ;
#2781 = DIRECTION ( 'NONE',  ( 0.000000000000000000, 0.000000000000000000, 1.000000000000000000 ) ) ;
#2782 = AXIS2_PLACEMENT_3D ( 'NONE', #651, #4309, #3568 ) ;
#2783 = CARTESIAN_POINT ( 'NONE',  ( -35.00000000000000000, -4.999999999999998224, 0.000000000000000000 ) ) ;
#2784 = EDGE_CURVE ( 'NONE', #841, #1162, #4561, .T. ) ;
#2785 = AXIS2_PLACEMENT_3D ( 'NONE', #3719, #1159, #2587 ) ;
#2786 = DIRECTION ( 'NONE',  ( 0.000000000000000000, 1.000000000000000000, 0.000000000000000000 ) ) ;
#2787 = ORIENTED_EDGE ( 'NONE', *, *, #398, .T. ) ;
#2788 = DIRECTION ( 'NONE',  ( 0.000000000000000000, 0.000000000000000000, 1.000000000000000000 ) ) ;
#2789 = ORIENTED_EDGE ( 'NONE', *, *, #893, .T. ) ;
#2790 = AXIS2_PLACEMENT_3D ( 'NONE', #2791, #2442, #3895 ) ;
#2791 = CARTESIAN_POINT ( 'NONE',  ( -65.99999999999995737, 5.000000000000000888, 0.000000000000000000 ) ) ;
#2792 = ORIENTED_EDGE ( 'NONE', *, *, #2631, .T. ) ;
#2793 = ORIENTED_EDGE ( 'NONE', *, *, #2430, .F. ) ;
#2794 = FACE_OUTER_BOUND ( 'NONE', #2613, .T. ) ;
#2795 = FACE_OUTER_BOUND ( 'NONE', #3170, .T. ) ;
#2796 = FACE_OUTER_BOUND ( 'NONE', #1617, .T. ) ;
#2797 = CIRCLE ( 'NONE', #3036, 1.600000000000000089 ) ;
#2798 = ORIENTED_EDGE ( 'NONE', *, *, #702, .T. ) ;
#2799 = EDGE_LOOP ( 'NONE', ( #3947, #4405, #3946, #524 ) ) ;
#2800 = CARTESIAN_POINT ( 'NONE',  ( -40.50000000000000000, 9.999999999999998224, 0.000000000000000000 ) ) ;
#2801 = SURFACE_SIDE_STYLE ('',( #4586 ) ) ;
#2802 = CIRCLE ( 'NONE', #271, 5.000000000000000000 ) ;
#2803 = ADVANCED_FACE ( 'NONE', ( #1691, #4206 ), #4257, .T. ) ;
#2804 = CARTESIAN_POINT ( 'NONE',  ( -107.0249999999999488, -1.915358878851041280E-15, 0.000000000000000000 ) ) ;
#2805 = CARTESIAN_POINT ( 'NONE',  ( 0.000000000000000000, 0.000000000000000000, 0.000000000000000000 ) ) ;
#2806 = DIRECTION ( 'NONE',  ( 0.000000000000000000, -1.000000000000000000, 0.000000000000000000 ) ) ;
#2807 = AXIS2_PLACEMENT_3D ( 'NONE', #2756, #1073, #4215 ) ;
#2808 = DIRECTION ( 'NONE',  ( 0.000000000000000000, 0.000000000000000000, -1.000000000000000000 ) ) ;
#2809 = CARTESIAN_POINT ( 'NONE',  ( 0.000000000000000000, 0.000000000000000000, -14.14213562373095279 ) ) ;
#2810 = ORIENTED_EDGE ( 'NONE', *, *, #1403, .T. ) ;
#2811 = FACE_OUTER_BOUND ( 'NONE', #4093, .T. ) ;
#2812 = CIRCLE ( 'NONE', #1396, 1.599999999999998090 ) ;
#2813 = EDGE_LOOP ( 'NONE', ( #3300, #1213 ) ) ;
#2814 = DIRECTION ( 'NONE',  ( 0.000000000000000000, -1.000000000000000000, 0.000000000000000000 ) ) ;
#2815 = ORIENTED_EDGE ( 'NONE', *, *, #3617, .T. ) ;
#2816 = LINE ( 'NONE', #3176, #64 ) ;
#2817 = CARTESIAN_POINT ( 'NONE',  ( -148.4999999999999716, 0.000000000000000000, 7.000000000000002665 ) ) ;
#2818 = CLOSED_SHELL ( 'NONE', ( #3008, #2091, #4577, #373, #3289, #2267, #2485, #7, #2141, #4233, #3750, #3891, #2954, #2486 ) ) ;
#2819 = DIRECTION ( 'NONE',  ( 1.000000000000000000, 0.000000000000000000, -1.301042606982605074E-16 ) ) ;
#2820 = CIRCLE ( 'NONE', #802, 11.09999999999999964 ) ;
#2821 = ORIENTED_EDGE ( 'NONE', *, *, #834, .F. ) ;
#2822 = EDGE_LOOP ( 'NONE', ( #3745, #1222, #222, #2789 ) ) ;
#2823 = CARTESIAN_POINT ( 'NONE',  ( 0.000000000000000000, 0.000000000000000000, 1.000000000000000888 ) ) ;
#2824 = AXIS2_PLACEMENT_3D ( 'NONE', #2968, #2288, #3692 ) ;
#2825 = AXIS2_PLACEMENT_3D ( 'NONE', #55, #495, #4382 ) ;
#2826 = EDGE_CURVE ( 'NONE', #2893, #2220, #2427, .T. ) ;
#2827 = CIRCLE ( 'NONE', #809, 5.000000000000004441 ) ;
#2828 = CARTESIAN_POINT ( 'NONE',  ( 5.000000000000000888, -6.123233995736767268E-16, 0.000000000000000000 ) ) ;
#2829 = ADVANCED_FACE ( 'NONE', ( #3856 ), #1327, .F. ) ;
#2830 = DIRECTION ( 'NONE',  ( 1.000000000000000000, 0.000000000000000000, 0.000000000000000000 ) ) ;
#2831 = DIRECTION ( 'NONE',  ( 1.000000000000000000, 0.000000000000000000, 0.000000000000000000 ) ) ;
#2832 = ADVANCED_FACE ( 'NONE', ( #1375 ), #1776, .F. ) ;
#2833 = CARTESIAN_POINT ( 'NONE',  ( -160.4080892972013430, 0.000000000000000000, 7.000000000000006217 ) ) ;
#2834 = DIRECTION ( 'NONE',  ( 0.000000000000000000, -1.000000000000000000, 0.000000000000000000 ) ) ;
#2835 = ORIENTED_EDGE ( 'NONE', *, *, #3424, .F. ) ;
#2836 = DIRECTION ( 'NONE',  ( 0.000000000000000000, 0.000000000000000000, -1.000000000000000000 ) ) ;
#2837 = VECTOR ( 'NONE', #429, 1000.000000000000000 ) ;
#2838 = ORIENTED_EDGE ( 'NONE', *, *, #286, .T. ) ;
#2839 = CARTESIAN_POINT ( 'NONE',  ( -148.4999999999999716, 0.000000000000000000, 1.500000000000000888 ) ) ;
#2840 = ORIENTED_EDGE ( 'NONE', *, *, #3267, .F. ) ;
#2841 = FACE_BOUND ( 'NONE', #2600, .T. ) ;
#2842 = CARTESIAN_POINT ( 'NONE',  ( -108.4999999999999574, 3.999999999999998224, 21.00000000000000000 ) ) ;
#2843 = DIRECTION ( 'NONE',  ( 1.000000000000000000, 0.000000000000000000, 0.000000000000000000 ) ) ;
#2844 = VERTEX_POINT ( 'NONE', #670 ) ;
#2845 = EDGE_LOOP ( 'NONE', ( #3116, #2672 ) ) ;
#2846 = PLANE ( 'NONE',  #1384 ) ;
#2847 = SURFACE_STYLE_FILL_AREA ( #3517 ) ;
#2848 = ADVANCED_FACE ( 'NONE', ( #2105, #2126 ), #2846, .F. ) ;
#2849 = CARTESIAN_POINT ( 'NONE',  ( -76.49999999999991473, 9.999999999999968026, 0.000000000000000000 ) ) ;
#2850 = CARTESIAN_POINT ( 'NONE',  ( -121.9999999999999574, -5.000000000000001776, 5.000000000000000888 ) ) ;
#2851 = CARTESIAN_POINT ( 'NONE',  ( -109.9750000000022396, -8.218477366681738509E-12, 8.615850522361695241 ) ) ;
#2852 = EDGE_CURVE ( 'NONE', #111, #3620, #4378, .T. ) ;
#2853 = PLANE ( 'NONE',  #772 ) ;
#2854 = CARTESIAN_POINT ( 'NONE',  ( -71.49999999999995737, -14.99999999999999645, 2.000000000000001776 ) ) ;
#2855 = VERTEX_POINT ( 'NONE', #4610 ) ;
#2856 = AXIS2_PLACEMENT_3D ( 'NONE', #1366, #2446, #4628 ) ;
#2857 = DIRECTION ( 'NONE',  ( 1.000000000000000000, 0.000000000000000000, 0.000000000000000000 ) ) ;
#2858 = ORIENTED_EDGE ( 'NONE', *, *, #120, .T. ) ;
#2859 = EDGE_CURVE ( 'NONE', #3204, #1906, #706, .T. ) ;
#2860 = LINE ( 'NONE', #14, #4441 ) ;
#2861 = MANIFOLD_SOLID_BREP ( 'Body-Move/Copy9[5]', #2896 ) ;
#2862 = CARTESIAN_POINT ( 'NONE',  ( -109.9435341335052385, -0.3114723097433294563, 8.496338827268829164 ) ) ;
#2863 = ORIENTED_EDGE ( 'NONE', *, *, #2553, .T. ) ;
#2864 = DIRECTION ( 'NONE',  ( 0.000000000000000000, 0.000000000000000000, 1.000000000000000000 ) ) ;
#2865 = CARTESIAN_POINT ( 'NONE',  ( 0.000000000000000000, 11.09999999999999964, 57.42640687119285303 ) ) ;
#2866 = VERTEX_POINT ( 'NONE', #2196 ) ;
#2867 = ADVANCED_FACE ( 'NONE', ( #2590 ), #711, .F. ) ;
#2868 = ORIENTED_EDGE ( 'NONE', *, *, #3695, .F. ) ;
#2869 = VECTOR ( 'NONE', #1740, 1000.000000000000000 ) ;
#2870 = CARTESIAN_POINT ( 'NONE',  ( -45.50000000000001421, 4.999999999999998224, 0.000000000000000000 ) ) ;
#2871 = FILL_AREA_STYLE_COLOUR ( '', #1571 ) ;
#2872 = AXIS2_PLACEMENT_3D ( 'NONE', #1760, #714, #3905 ) ;
#2873 = ORIENTED_EDGE ( 'NONE', *, *, #1121, .F. ) ;
#2874 = FACE_BOUND ( 'NONE', #3146, .T. ) ;
#2875 = FACE_OUTER_BOUND ( 'NONE', #3581, .T. ) ;
#2876 = CARTESIAN_POINT ( 'NONE',  ( -103.4999999999999574, 4.999999999999999112, 18.50000000000000000 ) ) ;
#2877 = VECTOR ( 'NONE', #561, 1000.000000000000000 ) ;
#2878 = EDGE_CURVE ( 'NONE', #298, #3720, #1243, .T. ) ;
#2879 = AXIS2_PLACEMENT_3D ( 'NONE', #3724, #163, #533 ) ;
#2880 = DIRECTION ( 'NONE',  ( 1.000000000000000000, 0.000000000000000000, 0.000000000000000000 ) ) ;
#2881 = EDGE_LOOP ( 'NONE', ( #1124, #2888, #741, #1391 ) ) ;
#2882 = DIRECTION ( 'NONE',  ( 0.000000000000000000, 1.000000000000000000, 0.000000000000000000 ) ) ;
#2883 = ORIENTED_EDGE ( 'NONE', *, *, #1664, .T. ) ;
#2884 = LINE ( 'NONE', #677, #2746 ) ;
#2885 = EDGE_LOOP ( 'NONE', ( #1594, #4074, #794, #4380, #4044, #4608, #1054, #1910 ) ) ;
#2886 = FACE_BOUND ( 'NONE', #4228, .T. ) ;
#2887 = CARTESIAN_POINT ( 'NONE',  ( -109.8454584518182031, -0.6086774340722092003, 8.094766258442200879 ) ) ;
#2888 = ORIENTED_EDGE ( 'NONE', *, *, #3754, .F. ) ;
#2889 = DIRECTION ( 'NONE',  ( 0.000000000000000000, 0.000000000000000000, 1.000000000000000000 ) ) ;
#2890 = EDGE_CURVE ( 'NONE', #955, #337, #2812, .T. ) ;
#2891 = EDGE_CURVE ( 'NONE', #1441, #4462, #1560, .T. ) ;
#2892 = CYLINDRICAL_SURFACE ( 'NONE', #2707, 10.00000000000000000 ) ;
#2893 = VERTEX_POINT ( 'NONE', #3994 ) ;
#2894 = EDGE_LOOP ( 'NONE', ( #3882, #1768, #994, #3983, #291, #2489 ) ) ;
#2895 = FACE_OUTER_BOUND ( 'NONE', #3371, .T. ) ;
#2896 = CLOSED_SHELL ( 'NONE', ( #1954, #2682, #2319, #4112, #4410, #3184, #3322, #4549, #1172 ) ) ;
#2897 = PLANE ( 'NONE',  #2957 ) ;
#2898 = CARTESIAN_POINT ( 'NONE',  ( 0.000000000000000000, 0.000000000000000000, 5.000000000000000888 ) ) ;
#2899 = DIRECTION ( 'NONE',  ( -1.000000000000000000, 0.000000000000000000, 0.000000000000000000 ) ) ;
#2900 = AXIS2_PLACEMENT_3D ( 'NONE', #1230, #2586, #2557 ) ;
#2901 = EDGE_CURVE ( 'NONE', #1766, #1517, #910, .T. ) ;
#2902 = VECTOR ( 'NONE', #959, 1000.000000000000000 ) ;
#2903 = PRESENTATION_STYLE_ASSIGNMENT (( #4311 ) ) ;
#2904 = FACE_OUTER_BOUND ( 'NONE', #1161, .T. ) ;
#2905 = ORIENTED_EDGE ( 'NONE', *, *, #596, .T. ) ;
#2906 = CARTESIAN_POINT ( 'NONE',  ( 10.00000000000003730, 9.999999999999968026, 15.00000000000000000 ) ) ;
#2907 = ORIENTED_EDGE ( 'NONE', *, *, #3754, .T. ) ;
#2908 = AXIS2_PLACEMENT_3D ( 'NONE', #262, #1287, #886 ) ;
#2909 =( GEOMETRIC_REPRESENTATION_CONTEXT ( 3 ) GLOBAL_UNCERTAINTY_ASSIGNED_CONTEXT ( ( #1164 ) ) GLOBAL_UNIT_ASSIGNED_CONTEXT ( ( #2548, #2203, #2595 ) ) REPRESENTATION_CONTEXT ( 'NONE', 'WORKASPACE' ) );
#2910 = DIRECTION ( 'NONE',  ( 0.000000000000000000, 0.000000000000000000, 1.000000000000000000 ) ) ;
#2911 = AXIS2_PLACEMENT_3D ( 'NONE', #3422, #2106, #1376 ) ;
#2912 = CARTESIAN_POINT ( 'NONE',  ( -120.6999999999999460, 7.999999999999998224, 3.383419246269049108 ) ) ;
#2913 = VERTEX_POINT ( 'NONE', #1519 ) ;
#2914 = LINE ( 'NONE', #2653, #287 ) ;
#2915 = ADVANCED_FACE ( 'NONE', ( #2895, #3321 ), #2949, .F. ) ;
#2916 = DIRECTION ( 'NONE',  ( 0.000000000000000000, -1.000000000000000000, 0.000000000000000000 ) ) ;
#2917 = EDGE_CURVE ( 'NONE', #1387, #1842, #612, .T. ) ;
#2918 = CARTESIAN_POINT ( 'NONE',  ( -108.4999999999999574, -1.734723475976807094E-15, 18.50000000000000000 ) ) ;
#2919 = ADVANCED_FACE ( 'NONE', ( #2541 ), #4371, .F. ) ;
#2920 = ADVANCED_FACE ( 'NONE', ( #3676 ), #114, .T. ) ;
#2921 = VERTEX_POINT ( 'NONE', #4393 ) ;
#2922 = ORIENTED_EDGE ( 'NONE', *, *, #2155, .F. ) ;
#2923 = DIRECTION ( 'NONE',  ( 0.000000000000000000, 0.000000000000000000, -1.000000000000000000 ) ) ;
#2924 = EDGE_CURVE ( 'NONE', #4478, #3631, #1501, .T. ) ;
#2925 = VERTEX_POINT ( 'NONE', #1191 ) ;
#2926 = CARTESIAN_POINT ( 'NONE',  ( -108.4999999999999574, 9.999999999999998224, 20.00000000000000000 ) ) ;
#2927 = AXIS2_PLACEMENT_3D ( 'NONE', #4479, #4145, #1653 ) ;
#2928 = DIRECTION ( 'NONE',  ( 1.000000000000000000, 0.000000000000000000, 0.000000000000000000 ) ) ;
#2929 = DIRECTION ( 'NONE',  ( 1.000000000000000000, 0.000000000000000000, 0.000000000000000000 ) ) ;
#2930 = B_SPLINE_CURVE_WITH_KNOTS ( 'NONE', 3,
 ( #1650, #3791, #2362, #520, #3449, #3379, #1270, #1310, #170, #4458, #2690, #4119, #908, #2340, #3772, #214, #562, #2731, #1990, #3077, #4163, #954, #3165, #3929, #652, #632, #3143, #2851 ),
 .UNSPECIFIED., .F., .F.,
 ( 4, 2, 2, 2, 2, 2, 2, 2, 2, 2, 2, 2, 2, 4 ),
 ( 1.698545896635559770E-16, 0.0002536985911798727514, 0.0005073971823595757168, 0.001014794364718981864, 0.001522191547078388012, 0.002029588729437794593, 0.003044383094156607322, 0.004059177458875420051, 0.005073971823594232780, 0.006088766188313044642, 0.007103560553031857371, 0.007610957735391260699, 0.007864656326570965833, 0.008118354917750671834 ),
 .UNSPECIFIED. ) ;
#2931 = EDGE_CURVE ( 'NONE', #1815, #3301, #837, .T. ) ;
#2932 = CARTESIAN_POINT ( 'NONE',  ( -65.99999999999995737, 3.400000000000003020, 0.000000000000000000 ) ) ;
#2933 = DIRECTION ( 'NONE',  ( -0.7071067811865513475, 0.000000000000000000, 0.7071067811865436870 ) ) ;
#2934 = ORIENTED_EDGE ( 'NONE', *, *, #3608, .T. ) ;
#2935 = CARTESIAN_POINT ( 'NONE',  ( -96.50000000000005684, -9.999999999999896971, 2.000000000000001776 ) ) ;
#2936 = ORIENTED_EDGE ( 'NONE', *, *, #378, .T. ) ;
#2937 = ADVANCED_FACE ( 'NONE', ( #875, #3417, #1641 ), #2680, .T. ) ;
#2938 = FACE_OUTER_BOUND ( 'NONE', #4359, .T. ) ;
#2939 = AXIS2_PLACEMENT_3D ( 'NONE', #2397, #3827, #684 ) ;
#2940 = CARTESIAN_POINT ( 'NONE',  ( -135.4999999999999432, 0.000000000000000000, -36.76955262170046268 ) ) ;
#2941 = EDGE_LOOP ( 'NONE', ( #4141, #2936 ) ) ;
#2942 = CARTESIAN_POINT ( 'NONE',  ( -86.49999999999995737, -5.000000000000000000, 2.000000000000001776 ) ) ;
#2943 = CIRCLE ( 'NONE', #1523, 1.600000000000002531 ) ;
#2944 = EDGE_CURVE ( 'NONE', #1245, #4522, #2294, .T. ) ;
#2945 = DIRECTION ( 'NONE',  ( -0.000000000000000000, 1.000000000000000000, -0.000000000000000000 ) ) ;
#2946 = VERTEX_POINT ( 'NONE', #3001 ) ;
#2947 = VECTOR ( 'NONE', #2945, 1000.000000000000000 ) ;
#2948 = ORIENTED_EDGE ( 'NONE', *, *, #1467, .F. ) ;
#2949 = PLANE ( 'NONE',  #4580 ) ;
#2950 = ORIENTED_EDGE ( 'NONE', *, *, #2087, .T. ) ;
#2951 = DIRECTION ( 'NONE',  ( -0.000000000000000000, -0.000000000000000000, -1.000000000000000000 ) ) ;
#2952 = DIRECTION ( 'NONE',  ( 0.000000000000000000, 0.000000000000000000, 1.000000000000000000 ) ) ;
#2953 = CARTESIAN_POINT ( 'NONE',  ( 1.224646799147353256E-15, -10.00000000000000000, 0.000000000000000000 ) ) ;
#2954 = ADVANCED_FACE ( 'NONE', ( #2003, #3744, #3699, #185, #3348 ), #553, .F. ) ;
#2955 = CIRCLE ( 'NONE', #258, 1.600000000000004086 ) ;
#2956 = CARTESIAN_POINT ( 'NONE',  ( -148.4999999999999716, 0.000000000000000000, 7.000000000000002665 ) ) ;
#2957 = AXIS2_PLACEMENT_3D ( 'NONE', #4351, #1092, #4022 ) ;
#2958 = FACE_BOUND ( 'NONE', #4420, .T. ) ;
#2959 = ORIENTED_EDGE ( 'NONE', *, *, #2625, .F. ) ;
#2960 = FACE_OUTER_BOUND ( 'NONE', #2222, .T. ) ;
#2961 = ORIENTED_EDGE ( 'NONE', *, *, #4411, .F. ) ;
#2962 = AXIS2_PLACEMENT_3D ( 'NONE', #350, #4633, #973 ) ;
#2963 = DIRECTION ( 'NONE',  ( 0.000000000000000000, 0.000000000000000000, 1.000000000000000000 ) ) ;
#2964 = LINE ( 'NONE', #2940, #3706 ) ;
#2965 = ORIENTED_EDGE ( 'NONE', *, *, #1399, .T. ) ;
#2966 = CARTESIAN_POINT ( 'NONE',  ( -25.00000000000000355, -3.524999999999999911, -5.000000000000000888 ) ) ;
#2967 = DIRECTION ( 'NONE',  ( 0.000000000000000000, -1.000000000000000000, 0.000000000000000000 ) ) ;
#2968 = CARTESIAN_POINT ( 'NONE',  ( -148.4999999999999716, 0.000000000000000000, 1.500000000000000888 ) ) ;
#2969 = FACE_BOUND ( 'NONE', #4582, .T. ) ;
#2970 = ORIENTED_EDGE ( 'NONE', *, *, #4278, .T. ) ;
#2971 = ORIENTED_EDGE ( 'NONE', *, *, #3488, .T. ) ;
#2972 = DIRECTION ( 'NONE',  ( 0.000000000000000000, 1.000000000000000000, 0.000000000000000000 ) ) ;
#2973 = ORIENTED_EDGE ( 'NONE', *, *, #2322, .F. ) ;
#2974 = LINE ( 'NONE', #3302, #1468 ) ;
#2975 = CYLINDRICAL_SURFACE ( 'NONE', #618, 10.00000000000000000 ) ;
#2976 = CARTESIAN_POINT ( 'NONE',  ( -148.4999999999999716, 0.000000000000000000, 7.000000000000006217 ) ) ;
#2977 = EDGE_CURVE ( 'NONE', #549, #1065, #538, .T. ) ;
#2978 = EDGE_CURVE ( 'NONE', #4314, #1618, #3392, .T. ) ;
#2979 = DIRECTION ( 'NONE',  ( 0.000000000000000000, -1.000000000000000000, 0.000000000000000000 ) ) ;
#2980 = ADVANCED_FACE ( 'NONE', ( #571 ), #3440, .T. ) ;
#2981 = CIRCLE ( 'NONE', #2079, 1.600000000000004086 ) ;
#2982 = EDGE_CURVE ( 'NONE', #1162, #1993, #1281, .T. ) ;
#2983 = DIRECTION ( 'NONE',  ( 0.000000000000000000, 0.000000000000000000, 1.000000000000000000 ) ) ;
#2984 = VERTEX_POINT ( 'NONE', #4071 ) ;
#2985 = CARTESIAN_POINT ( 'NONE',  ( -123.4999999999999716, 7.999999999999998224, 1.766838492538093330 ) ) ;
#2986 = VERTEX_POINT ( 'NONE', #2701 ) ;
#2987 = AXIS2_PLACEMENT_3D ( 'NONE', #4203, #1349, #2028 ) ;
#2988 = AXIS2_PLACEMENT_3D ( 'NONE', #793, #3982, #1836 ) ;
#2989 = FACE_OUTER_BOUND ( 'NONE', #1896, .T. ) ;
#2990 = CARTESIAN_POINT ( 'NONE',  ( -49.00000000000000711, -10.00000000000000178, 5.000000000000000000 ) ) ;
#2991 = EDGE_LOOP ( 'NONE', ( #3252, #1250, #1095, #4319 ) ) ;
#2992 = DIRECTION ( 'NONE',  ( 0.000000000000000000, 0.000000000000000000, 1.000000000000000000 ) ) ;
#2993 = CIRCLE ( 'NONE', #884, 1.474999999999998535 ) ;
#2994 = PLANE ( 'NONE',  #757 ) ;
#2995 = CARTESIAN_POINT ( 'NONE',  ( -86.49999999999995737, 0.000000000000000000, 2.000000000000001776 ) ) ;
#2996 = MECHANICAL_DESIGN_GEOMETRIC_PRESENTATION_REPRESENTATION (  '', ( #2684 ), #4181 ) ;
#2997 = EDGE_CURVE ( 'NONE', #2006, #745, #227, .T. ) ;
#2998 = DIRECTION ( 'NONE',  ( -0.8660254037844391517, -0.000000000000000000, -0.4999999999999991118 ) ) ;
#2999 = ORIENTED_EDGE ( 'NONE', *, *, #3747, .T. ) ;
#3000 = ORIENTED_EDGE ( 'NONE', *, *, #1552, .T. ) ;
#3001 = CARTESIAN_POINT ( 'NONE',  ( -20.00000000000000000, -10.00000000000000178, 8.000000000000000000 ) ) ;
#3002 = CIRCLE ( 'NONE', #2987, 1.600000000000000089 ) ;
#3003 = PRODUCT_DEFINITION_CONTEXT ( 'detailed design', #2492, 'design' ) ;
#3004 = ORIENTED_EDGE ( 'NONE', *, *, #4572, .F. ) ;
#3005 = DIRECTION ( 'NONE',  ( 0.000000000000000000, 0.000000000000000000, -1.000000000000000000 ) ) ;
#3006 = DIRECTION ( 'NONE',  ( 0.000000000000000000, 0.000000000000000000, 1.000000000000000000 ) ) ;
#3007 = ORIENTED_EDGE ( 'NONE', *, *, #1129, .F. ) ;
#3008 = ADVANCED_FACE ( 'NONE', ( #856 ), #530, .F. ) ;
#3009 = DIRECTION ( 'NONE',  ( 0.000000000000000000, 0.000000000000000000, 1.000000000000000000 ) ) ;
#3010 = ORIENTED_EDGE ( 'NONE', *, *, #4005, .T. ) ;
#3011 = EDGE_CURVE ( 'NONE', #219, #2387, #2268, .T. ) ;
#3012 = DIRECTION ( 'NONE',  ( 0.000000000000000000, 0.000000000000000000, 1.000000000000000000 ) ) ;
#3013 = FACE_OUTER_BOUND ( 'NONE', #4164, .T. ) ;
#3014 = ORIENTED_EDGE ( 'NONE', *, *, #2399, .F. ) ;
#3015 = DIRECTION ( 'NONE',  ( 0.000000000000000000, -1.000000000000000000, 0.000000000000000000 ) ) ;
#3016 = CYLINDRICAL_SURFACE ( 'NONE', #687, 1.500000000000001332 ) ;
#3017 = FACE_OUTER_BOUND ( 'NONE', #642, .T. ) ;
#3018 = EDGE_CURVE ( 'NONE', #781, #381, #2777, .T. ) ;
#3019 = AXIS2_PLACEMENT_3D ( 'NONE', #2216, #4343, #2536 ) ;
#3020 = DIRECTION ( 'NONE',  ( 0.000000000000000000, -1.000000000000000000, 0.000000000000000000 ) ) ;
#3021 = VERTEX_POINT ( 'NONE', #1620 ) ;
#3022 = ORIENTED_EDGE ( 'NONE', *, *, #4118, .T. ) ;
#3023 = CARTESIAN_POINT ( 'NONE',  ( -45.50000000000001421, 4.999999999999998224, 5.000000000000000000 ) ) ;
#3024 = CONICAL_SURFACE ( 'NONE', #3019, 11.90808929720141229, 0.3490658503988633421 ) ;
#3025 = AXIS2_PLACEMENT_3D ( 'NONE', #1168, #3704, #1504 ) ;
#3026 = VERTEX_POINT ( 'NONE', #4111 ) ;
#3027 = DIRECTION ( 'NONE',  ( 0.000000000000000000, 1.000000000000000000, 0.000000000000000000 ) ) ;
#3028 = PRESENTATION_STYLE_ASSIGNMENT (( #1598 ) ) ;
#3029 = VECTOR ( 'NONE', #272, 1000.000000000000000 ) ;
#3030 = FACE_OUTER_BOUND ( 'NONE', #1932, .T. ) ;
#3031 = DIRECTION ( 'NONE',  ( 0.000000000000000000, 0.000000000000000000, 1.000000000000000000 ) ) ;
#3032 = VERTEX_POINT ( 'NONE', #2722 ) ;
#3033 = DIRECTION ( 'NONE',  ( -0.000000000000000000, 0.000000000000000000, -1.000000000000000000 ) ) ;
#3034 = AXIS2_PLACEMENT_3D ( 'NONE', #4217, #4265, #3571 ) ;
#3035 = ORIENTED_EDGE ( 'NONE', *, *, #4328, .F. ) ;
#3036 = AXIS2_PLACEMENT_3D ( 'NONE', #3211, #1714, #1002 ) ;
#3037 = SURFACE_STYLE_FILL_AREA ( #3406 ) ;
#3038 = CARTESIAN_POINT ( 'NONE',  ( -86.49999999999995737, 10.00000000000000000, 2.000000000000001776 ) ) ;
#3039 = ORIENTED_EDGE ( 'NONE', *, *, #1735, .F. ) ;
#3040 = CARTESIAN_POINT ( 'NONE',  ( -96.50000000000005684, -9.999999999999896971, 0.000000000000000000 ) ) ;
#3041 =( LENGTH_UNIT ( ) NAMED_UNIT ( * ) SI_UNIT ( .MILLI., .METRE. ) );
#3042 = CARTESIAN_POINT ( 'NONE',  ( -121.9999999999999574, -8.000000000000001776, 5.000000000000000888 ) ) ;
#3043 = ORIENTED_EDGE ( 'NONE', *, *, #4091, .T. ) ;
#3044 = ADVANCED_FACE ( 'NONE', ( #1301 ), #1595, .F. ) ;
#3045 = EDGE_LOOP ( 'NONE', ( #4440, #798, #360, #2868 ) ) ;
#3046 = EDGE_CURVE ( 'NONE', #2844, #961, #1239, .T. ) ;
#3047 = CARTESIAN_POINT ( 'NONE',  ( -128.4999999999999432, -10.00000000000000178, 0.000000000000000000 ) ) ;
#3048 = AXIS2_PLACEMENT_3D ( 'NONE', #1718, #3841, #1334 ) ;
#3049 = ORIENTED_EDGE ( 'NONE', *, *, #426, .T. ) ;
#3050 = CARTESIAN_POINT ( 'NONE',  ( -69.49999999999995737, -10.00000000000000178, 0.000000000000000000 ) ) ;
#3051 = DIRECTION ( 'NONE',  ( -0.000000000000000000, 1.000000000000000000, -0.000000000000000000 ) ) ;
#3052 = DIRECTION ( 'NONE',  ( 0.000000000000000000, 0.000000000000000000, 1.000000000000000000 ) ) ;
#3053 = EDGE_CURVE ( 'NONE', #1508, #1700, #1257, .T. ) ;
#3054 = LINE ( 'NONE', #4477, #1791 ) ;
#3055 = EDGE_LOOP ( 'NONE', ( #698, #3981 ) ) ;
#3056 = AXIS2_PLACEMENT_3D ( 'NONE', #1039, #2468, #4271 ) ;
#3057 = LINE ( 'NONE', #2389, #900 ) ;
#3058 = CARTESIAN_POINT ( 'NONE',  ( -10.00000000000010658, -9.999999999999896971, -2.999999999999999112 ) ) ;
#3059 = VERTEX_POINT ( 'NONE', #2842 ) ;
#3060 = DIRECTION ( 'NONE',  ( -0.000000000000000000, 0.000000000000000000, -1.000000000000000000 ) ) ;
#3061 = EDGE_LOOP ( 'NONE', ( #4570, #3515, #1348, #2526 ) ) ;
#3062 = AXIS2_PLACEMENT_3D ( 'NONE', #336, #315, #2508 ) ;
#3063 = PLANE ( 'NONE',  #842 ) ;
#3064 = AXIS2_PLACEMENT_3D ( 'NONE', #2413, #3454, #243 ) ;
#3065 = ORIENTED_EDGE ( 'NONE', *, *, #3749, .F. ) ;
#3066 = LINE ( 'NONE', #3110, #1996 ) ;
#3067 = DIRECTION ( 'NONE',  ( 0.000000000000000000, 0.000000000000000000, -1.000000000000000000 ) ) ;
#3068 = ADVANCED_FACE ( 'NONE', ( #3460, #1322 ), #3177, .F. ) ;
#3069 = VECTOR ( 'NONE', #4406, 1000.000000000000000 ) ;
#3070 = ADVANCED_FACE ( 'NONE', ( #2374, #2024 ), #3511, .T. ) ;
#3071 = ADVANCED_FACE ( 'NONE', ( #969 ), #4606, .F. ) ;
#3072 = ORIENTED_EDGE ( 'NONE', *, *, #4325, .F. ) ;
#3073 = CARTESIAN_POINT ( 'NONE',  ( -126.2999999999999687, 7.999999999999998224, 6.616580753730956665 ) ) ;
#3074 = FILL_AREA_STYLE_COLOUR ( '', #3441 ) ;
#3075 = ADVANCED_FACE ( 'NONE', ( #1706 ), #2100, .F. ) ;
#3076 = DIRECTION ( 'NONE',  ( 0.000000000000000000, 0.000000000000000000, 1.000000000000000000 ) ) ;
#3077 = CARTESIAN_POINT ( 'NONE',  ( -109.6879051703214145, 0.8774681245947942854, 7.309753872290404075 ) ) ;
#3078 = ORIENTED_EDGE ( 'NONE', *, *, #564, .T. ) ;
#3079 = CARTESIAN_POINT ( 'NONE',  ( -108.4999999999999574, 3.999999999999998224, 35.00000000000000000 ) ) ;
#3080 = CARTESIAN_POINT ( 'NONE',  ( -152.4999999999999716, -4.898587196589413815E-16, 16.31370849898476294 ) ) ;
#3081 = ORIENTED_EDGE ( 'NONE', *, *, #1370, .T. ) ;
#3082 = CARTESIAN_POINT ( 'NONE',  ( -136.5919107027985717, 1.458320344177854427E-15, 7.000000000000006217 ) ) ;
#3083 = ORIENTED_EDGE ( 'NONE', *, *, #3156, .T. ) ;
#3084 = CARTESIAN_POINT ( 'NONE',  ( -113.4999999999999574, 21.02974084481308736, 18.50000000000000000 ) ) ;
#3085 = EDGE_LOOP ( 'NONE', ( #1201, #4415 ) ) ;
#3086 = CARTESIAN_POINT ( 'NONE',  ( 10.00000000000003730, 9.999999999999968026, -2.999999999999999112 ) ) ;
#3087 = DIRECTION ( 'NONE',  ( 0.000000000000000000, 1.000000000000000000, 0.000000000000000000 ) ) ;
#3088 = ORIENTED_EDGE ( 'NONE', *, *, #1755, .F. ) ;
#3089 = AXIS2_PLACEMENT_3D ( 'NONE', #1772, #3872, #3132 ) ;
#3090 = DIRECTION ( 'NONE',  ( 1.000000000000000000, 0.000000000000000000, 0.000000000000000000 ) ) ;
#3091 = DIRECTION ( 'NONE',  ( -1.000000000000000000, 1.734723475976807094E-16, 0.000000000000000000 ) ) ;
#3092 = AXIS2_PLACEMENT_3D ( 'NONE', #1761, #2177, #1093 ) ;
#3093 = CARTESIAN_POINT ( 'NONE',  ( -108.4999999999999574, -5.000000000000001776, 4.357864376269049878 ) ) ;
#3094 = DIRECTION ( 'NONE',  ( 0.000000000000000000, 0.000000000000000000, 1.000000000000000000 ) ) ;
#3095 = EDGE_CURVE ( 'NONE', #4462, #1441, #2186, .T. ) ;
#3096 = CIRCLE ( 'NONE', #1226, 4.000000000000000888 ) ;
#3097 = FACE_OUTER_BOUND ( 'NONE', #3061, .T. ) ;
#3098 = FACE_OUTER_BOUND ( 'NONE', #3103, .T. ) ;
#3099 = EDGE_CURVE ( 'NONE', #4106, #3021, #1686, .T. ) ;
#3100 = EDGE_LOOP ( 'NONE', ( #566, #874 ) ) ;
#3101 = DIRECTION ( 'NONE',  ( 0.000000000000000000, 0.000000000000000000, 1.000000000000000000 ) ) ;
#3102 = DIRECTION ( 'NONE',  ( 0.000000000000000000, 0.000000000000000000, 1.000000000000000000 ) ) ;
#3103 = EDGE_LOOP ( 'NONE', ( #2648, #2139, #2245, #4504 ) ) ;
#3104 = DIRECTION ( 'NONE',  ( 1.000000000000000000, 0.000000000000000000, 0.000000000000000000 ) ) ;
#3105 = ORIENTED_EDGE ( 'NONE', *, *, #347, .T. ) ;
#3106 = VECTOR ( 'NONE', #2506, 1000.000000000000000 ) ;
#3107 = DIRECTION ( 'NONE',  ( -1.000000000000000000, 0.000000000000000000, 0.000000000000000000 ) ) ;
#3108 = VERTEX_POINT ( 'NONE', #2744 ) ;
#3109 = ORIENTED_EDGE ( 'NONE', *, *, #1644, .T. ) ;
#3110 = CARTESIAN_POINT ( 'NONE',  ( -15.00000000000000355, 15.00000000000000355, 15.00000000000000000 ) ) ;
#3111 = AXIS2_PLACEMENT_3D ( 'NONE', #2849, #3496, #2476 ) ;
#3112 = CARTESIAN_POINT ( 'NONE',  ( -96.50000000000005684, -9.999999999999896971, 2.000000000000001776 ) ) ;
#3113 = VECTOR ( 'NONE', #4308, 1000.000000000000000 ) ;
#3114 = ORIENTED_EDGE ( 'NONE', *, *, #264, .T. ) ;
#3115 = LINE ( 'NONE', #2772, #140 ) ;
#3116 = ORIENTED_EDGE ( 'NONE', *, *, #4144, .F. ) ;
#3117 = CARTESIAN_POINT ( 'NONE',  ( -11.47500000000010623, -9.999999999999882760, -2.999999999999999112 ) ) ;
#3118 =( NAMED_UNIT ( * ) PLANE_ANGLE_UNIT ( ) SI_UNIT ( $, .RADIAN. ) );
#3119 = DIRECTION ( 'NONE',  ( 0.000000000000000000, 0.000000000000000000, 1.000000000000000000 ) ) ;
#3120 = CARTESIAN_POINT ( 'NONE',  ( -143.4999999999999716, -6.123233995736763324E-16, 1.500000000000000888 ) ) ;
#3121 = EDGE_CURVE ( 'NONE', #268, #1379, #4507, .T. ) ;
#3122 = CARTESIAN_POINT ( 'NONE',  ( 10.00000000000003730, 9.999999999999968026, 0.000000000000000000 ) ) ;
#3123 = DIRECTION ( 'NONE',  ( 0.000000000000000000, 1.000000000000000000, 0.000000000000000000 ) ) ;
#3124 = ORIENTED_EDGE ( 'NONE', *, *, #2944, .T. ) ;
#3125 = DIRECTION ( 'NONE',  ( 0.000000000000000000, 0.000000000000000000, 1.000000000000000000 ) ) ;
#3126 = VERTEX_POINT ( 'NONE', #2421 ) ;
#3127 = DIRECTION ( 'NONE',  ( 0.000000000000000000, 0.000000000000000000, 1.000000000000000000 ) ) ;
#3128 = ORIENTED_EDGE ( 'NONE', *, *, #2175, .T. ) ;
#3129 = ORIENTED_EDGE ( 'NONE', *, *, #3011, .F. ) ;
#3130 = DIRECTION ( 'NONE',  ( 0.000000000000000000, 1.000000000000000000, 0.000000000000000000 ) ) ;
#3131 = AXIS2_PLACEMENT_3D ( 'NONE', #1933, #3987, #3647 ) ;
#3132 = DIRECTION ( 'NONE',  ( 1.000000000000000000, 0.000000000000000000, 0.000000000000000000 ) ) ;
#3133 = AXIS2_PLACEMENT_3D ( 'NONE', #3642, #1125, #1509 ) ;
#3134 = ORIENTED_EDGE ( 'NONE', *, *, #3269, .F. ) ;
#3135 = CYLINDRICAL_SURFACE ( 'NONE', #577, 1.475000000000000533 ) ;
#3136 = ORIENTED_EDGE ( 'NONE', *, *, #539, .F. ) ;
#3137 = DIRECTION ( 'NONE',  ( -1.000000000000000000, 0.000000000000000000, 0.000000000000000000 ) ) ;
#3138 = CIRCLE ( 'NONE', #4483, 1.500000000000001332 ) ;
#3139 = EDGE_CURVE ( 'NONE', #3743, #2735, #2482, .T. ) ;
#3140 = EDGE_LOOP ( 'NONE', ( #668, #4531 ) ) ;
#3141 = DIRECTION ( 'NONE',  ( 0.000000000000000000, 0.000000000000000000, 1.000000000000000000 ) ) ;
#3142 = CARTESIAN_POINT ( 'NONE',  ( -128.4999999999999432, 9.999999999999998224, 10.00000000000000178 ) ) ;
#3143 = CARTESIAN_POINT ( 'NONE',  ( -109.9750000000004775, 0.08498815350943940417, 8.615850522354827845 ) ) ;
#3144 = CARTESIAN_POINT ( 'NONE',  ( -108.4999999999999574, 7.999999999999998224, 20.00000000000000000 ) ) ;
#3145 = CARTESIAN_POINT ( 'NONE',  ( -120.6999999999999460, 9.999999999999998224, 6.616580753730954889 ) ) ;
#3146 = EDGE_LOOP ( 'NONE', ( #3014, #2513 ) ) ;
#3147 = DIRECTION ( 'NONE',  ( 0.000000000000000000, -1.000000000000000000, 0.000000000000000000 ) ) ;
#3148 = ORIENTED_EDGE ( 'NONE', *, *, #1806, .F. ) ;
#3149 = DIRECTION ( 'NONE',  ( 0.000000000000000000, 0.000000000000000000, 1.000000000000000000 ) ) ;
#3150 = ORIENTED_EDGE ( 'NONE', *, *, #3747, .F. ) ;
#3151 = EDGE_LOOP ( 'NONE', ( #2160, #743, #2579, #589 ) ) ;
#3152 = VECTOR ( 'NONE', #541, 1000.000000000000227 ) ;
#3153 = LINE ( 'NONE', #4225, #1101 ) ;
#3154 = DIRECTION ( 'NONE',  ( -0.000000000000000000, 0.000000000000000000, -1.000000000000000000 ) ) ;
#3155 = EDGE_CURVE ( 'NONE', #4368, #1700, #3898, .T. ) ;
#3156 = EDGE_CURVE ( 'NONE', #4314, #1193, #4179, .T. ) ;
#3157 = ORIENTED_EDGE ( 'NONE', *, *, #620, .F. ) ;
#3158 = VERTEX_POINT ( 'NONE', #276 ) ;
#3159 = DIRECTION ( 'NONE',  ( 0.000000000000000000, -1.000000000000000000, 0.000000000000000000 ) ) ;
#3160 = CARTESIAN_POINT ( 'NONE',  ( -96.49999999999994316, 10.00000000000000178, 0.000000000000000000 ) ) ;
#3161 = VECTOR ( 'NONE', #1574, 1000.000000000000000 ) ;
#3162 = ORIENTED_EDGE ( 'NONE', *, *, #628, .F. ) ;
#3163 = DIRECTION ( 'NONE',  ( 0.000000000000000000, 1.000000000000000000, 0.000000000000000000 ) ) ;
#3164 = CARTESIAN_POINT ( 'NONE',  ( -76.49999999999995737, -10.00000000000000178, 0.000000000000000000 ) ) ;
#3165 = CARTESIAN_POINT ( 'NONE',  ( -109.8809664046363395, 0.5298585392028767327, 8.246425197442162514 ) ) ;
#3166 = CIRCLE ( 'NONE', #1895, 1.475000000000004086 ) ;
#3167 = LINE ( 'NONE', #1355, #2217 ) ;
#3168 = VECTOR ( 'NONE', #2102, 1000.000000000000000 ) ;
#3169 = DIRECTION ( 'NONE',  ( -1.000000000000000000, 0.000000000000000000, 0.000000000000000000 ) ) ;
#3170 = EDGE_LOOP ( 'NONE', ( #2137, #4182, #2298, #3823 ) ) ;
#3171 = CARTESIAN_POINT ( 'NONE',  ( -127.0999999999999659, -8.000000000000001776, 5.000000000000001776 ) ) ;
#3172 = ORIENTED_EDGE ( 'NONE', *, *, #979, .F. ) ;
#3173 = AXIS2_PLACEMENT_3D ( 'NONE', #896, #2329, #3760 ) ;
#3174 = FACE_BOUND ( 'NONE', #3890, .T. ) ;
#3175 = ORIENTED_EDGE ( 'NONE', *, *, #2322, .T. ) ;
#3176 = CARTESIAN_POINT ( 'NONE',  ( -123.4999999999999574, 7.999999999999998224, 8.233161507461908002 ) ) ;
#3177 = PLANE ( 'NONE',  #4199 ) ;
#3178 = EDGE_CURVE ( 'NONE', #3484, #1659, #1673, .T. ) ;
#3179 = VECTOR ( 'NONE', #357, 1000.000000000000000 ) ;
#3180 = EDGE_CURVE ( 'NONE', #4153, #89, #1061, .T. ) ;
#3181 = DIRECTION ( 'NONE',  ( 0.000000000000000000, -1.000000000000000000, 0.000000000000000000 ) ) ;
#3182 = EDGE_CURVE ( 'NONE', #1659, #3484, #2036, .T. ) ;
#3183 = AXIS2_PLACEMENT_3D ( 'NONE', #3233, #2544, #2249 ) ;
#3184 = ADVANCED_FACE ( 'NONE', ( #3556, #991 ), #3852, .F. ) ;
#3185 = EDGE_LOOP ( 'NONE', ( #1920, #2598 ) ) ;
#3186 = ORIENTED_EDGE ( 'NONE', *, *, #1798, .F. ) ;
#3187 = CARTESIAN_POINT ( 'NONE',  ( -148.4999999999999716, 0.000000000000000000, 3.035766082959412415E-15 ) ) ;
#3188 = AXIS2_PLACEMENT_3D ( 'NONE', #3813, #3746, #1966 ) ;
#3189 = ORIENTED_EDGE ( 'NONE', *, *, #121, .F. ) ;
#3190 = CARTESIAN_POINT ( 'NONE',  ( -86.49999999999995737, 5.000000000000000000, 2.000000000000001776 ) ) ;
#3191 = DIRECTION ( 'NONE',  ( 0.000000000000000000, -1.000000000000000000, 0.000000000000000000 ) ) ;
#3192 = PLANE ( 'NONE',  #956 ) ;
#3193 = DIRECTION ( 'NONE',  ( 1.000000000000000000, 0.000000000000000000, 0.000000000000000000 ) ) ;
#3194 = DIRECTION ( 'NONE',  ( 0.4999999999999991673, 0.000000000000000000, -0.8660254037844391517 ) ) ;
#3195 = EDGE_LOOP ( 'NONE', ( #3986, #3318 ) ) ;
#3196 = CARTESIAN_POINT ( 'NONE',  ( -25.00000000000000355, -4.999999999999998224, -5.000000000000000888 ) ) ;
#3197 = VERTEX_POINT ( 'NONE', #2072 ) ;
#3198 = FACE_BOUND ( 'NONE', #3572, .T. ) ;
#3199 = ORIENTED_EDGE ( 'NONE', *, *, #3858, .T. ) ;
#3200 = DIRECTION ( 'NONE',  ( 0.000000000000000000, 0.000000000000000000, 1.000000000000000000 ) ) ;
#3201 = DIRECTION ( 'NONE',  ( 0.000000000000000000, 0.000000000000000000, -1.000000000000000000 ) ) ;
#3202 = CARTESIAN_POINT ( 'NONE',  ( -86.49999999999995737, 0.000000000000000000, 2.000000000000001776 ) ) ;
#3203 = VECTOR ( 'NONE', #2286, 1000.000000000000000 ) ;
#3204 = VERTEX_POINT ( 'NONE', #301 ) ;
#3205 = ORIENTED_EDGE ( 'NONE', *, *, #1585, .T. ) ;
#3206 = DIRECTION ( 'NONE',  ( 0.000000000000000000, 0.000000000000000000, 1.000000000000000000 ) ) ;
#3207 = AXIS2_PLACEMENT_3D ( 'NONE', #502, #3368, #2725 ) ;
#3208 = ADVANCED_FACE ( 'NONE', ( #2795 ), #666, .F. ) ;
#3209 = AXIS2_PLACEMENT_3D ( 'NONE', #1010, #2836, #1440 ) ;
#3210 = ORIENTED_EDGE ( 'NONE', *, *, #3349, .T. ) ;
#3211 = CARTESIAN_POINT ( 'NONE',  ( -86.49999999999995737, 0.000000000000000000, 0.000000000000000000 ) ) ;
#3212 = DIRECTION ( 'NONE',  ( -0.000000000000000000, 1.000000000000000000, -0.000000000000000000 ) ) ;
#3213 = CYLINDRICAL_SURFACE ( 'NONE', #3880, 1.600000000000002531 ) ;
#3214 = EDGE_CURVE ( 'NONE', #4356, #1475, #1863, .T. ) ;
#3215 = AXIS2_PLACEMENT_3D ( 'NONE', #2570, #1094, #1876 ) ;
#3216 = DIRECTION ( 'NONE',  ( 0.000000000000000000, 1.000000000000000000, 0.000000000000000000 ) ) ;
#3217 = ADVANCED_FACE ( 'NONE', ( #1446 ), #3024, .T. ) ;
#3218 = DIRECTION ( 'NONE',  ( 1.301042606982605074E-16, 0.000000000000000000, 1.000000000000000000 ) ) ;
#3219 = VERTEX_POINT ( 'NONE', #3967 ) ;
#3220 = CARTESIAN_POINT ( 'NONE',  ( -108.4999999999999574, -1.734723475976807094E-15, 35.00000000000000000 ) ) ;
#3221 = VECTOR ( 'NONE', #4305, 1000.000000000000000 ) ;
#3222 = ORIENTED_EDGE ( 'NONE', *, *, #4092, .F. ) ;
#3223 = LINE ( 'NONE', #3575, #551 ) ;
#3224 = DIRECTION ( 'NONE',  ( 1.000000000000000000, 0.000000000000000000, 0.000000000000000000 ) ) ;
#3225 = ORIENTED_EDGE ( 'NONE', *, *, #1204, .F. ) ;
#3226 = DIRECTION ( 'NONE',  ( -1.000000000000000000, 0.000000000000000000, 0.000000000000000000 ) ) ;
#3227 = CARTESIAN_POINT ( 'NONE',  ( -113.4999999999999574, 4.999999999999998224, 20.00000000000000000 ) ) ;
#3228 = FACE_OUTER_BOUND ( 'NONE', #2518, .T. ) ;
#3229 = ORIENTED_EDGE ( 'NONE', *, *, #2430, .T. ) ;
#3230 = ORIENTED_EDGE ( 'NONE', *, *, #2265, .F. ) ;
#3231 = DIRECTION ( 'NONE',  ( 0.000000000000000000, 0.000000000000000000, 1.000000000000000000 ) ) ;
#3232 = DIRECTION ( 'NONE',  ( -1.301042606982605074E-16, 0.000000000000000000, -1.000000000000000000 ) ) ;
#3233 = CARTESIAN_POINT ( 'NONE',  ( -108.4999999999999574, -1.734723475976807094E-15, 0.000000000000000000 ) ) ;
#3234 = CARTESIAN_POINT ( 'NONE',  ( -148.4999999999999716, 0.000000000000000000, 7.000000000000002665 ) ) ;
#3235 = DIRECTION ( 'NONE',  ( 1.000000000000000000, 0.000000000000000000, 0.000000000000000000 ) ) ;
#3236 = CARTESIAN_POINT ( 'NONE',  ( 4.000000000000000888, 0.000000000000000000, 5.000000000000000888 ) ) ;
#3237 = EDGE_CURVE ( 'NONE', #807, #2042, #1084, .T. ) ;
#3238 = ORIENTED_EDGE ( 'NONE', *, *, #863, .F. ) ;
#3239 = EDGE_CURVE ( 'NONE', #3574, #1633, #109, .T. ) ;
#3240 = DIRECTION ( 'NONE',  ( -0.000000000000000000, 0.000000000000000000, -1.000000000000000000 ) ) ;
#3241 = EDGE_LOOP ( 'NONE', ( #915, #4316, #3675, #203 ) ) ;
#3242 = VECTOR ( 'NONE', #4155, 1000.000000000000000 ) ;
#3243 = DIRECTION ( 'NONE',  ( -0.8660254037844387076, 0.000000000000000000, 0.4999999999999997780 ) ) ;
#3244 = ORIENTED_EDGE ( 'NONE', *, *, #1211, .T. ) ;
#3245 = VECTOR ( 'NONE', #2224, 1000.000000000000000 ) ;
#3246 = DIRECTION ( 'NONE',  ( 0.3420201433256662704, 0.000000000000000000, 0.9396926207859093161 ) ) ;
#3247 = DIRECTION ( 'NONE',  ( 0.000000000000000000, 0.000000000000000000, 1.000000000000000000 ) ) ;
#3248 = ORIENTED_EDGE ( 'NONE', *, *, #4612, .T. ) ;
#3249 = CARTESIAN_POINT ( 'NONE',  ( -25.00000000000000355, -6.474999999999996092, 8.000000000000000000 ) ) ;
#3250 = AXIS2_PLACEMENT_3D ( 'NONE', #4273, #1799, #2819 ) ;
#3251 = DIRECTION ( 'NONE',  ( 1.000000000000000000, 0.000000000000000000, 0.000000000000000000 ) ) ;
#3252 = ORIENTED_EDGE ( 'NONE', *, *, #42, .T. ) ;
#3253 = ORIENTED_EDGE ( 'NONE', *, *, #782, .T. ) ;
#3254 = AXIS2_PLACEMENT_3D ( 'NONE', #3593, #1075, #2834 ) ;
#3255 = VECTOR ( 'NONE', #3469, 1000.000000000000000 ) ;
#3256 = FACE_BOUND ( 'NONE', #3715, .T. ) ;
#3257 = DIRECTION ( 'NONE',  ( 0.000000000000000000, 1.000000000000000000, 0.000000000000000000 ) ) ;
#3258 = FACE_OUTER_BOUND ( 'NONE', #2645, .T. ) ;
#3259 = CIRCLE ( 'NONE', #1240, 10.00000000000000000 ) ;
#3260 = CARTESIAN_POINT ( 'NONE',  ( -49.00000000000000711, -10.00000000000000178, -8.673617379884035472E-16 ) ) ;
#3261 = EDGE_CURVE ( 'NONE', #4296, #3340, #84, .T. ) ;
#3262 = ORIENTED_EDGE ( 'NONE', *, *, #347, .F. ) ;
#3263 = FACE_BOUND ( 'NONE', #2366, .T. ) ;
#3264 = VERTEX_POINT ( 'NONE', #729 ) ;
#3265 = CARTESIAN_POINT ( 'NONE',  ( -49.99999999999999289, -10.00000000000000178, 8.000000000000000000 ) ) ;
#3266 = EDGE_LOOP ( 'NONE', ( #1964, #988, #2716, #2838 ) ) ;
#3267 = EDGE_CURVE ( 'NONE', #1193, #841, #1515, .T. ) ;
#3268 = ADVANCED_FACE ( 'NONE', ( #2630, #2061 ), #1331, .F. ) ;
#3269 = EDGE_CURVE ( 'NONE', #940, #1633, #581, .T. ) ;
#3270 = DIRECTION ( 'NONE',  ( 0.000000000000000000, 0.000000000000000000, -1.000000000000000000 ) ) ;
#3271 = ORIENTED_EDGE ( 'NONE', *, *, #3976, .F. ) ;
#3272 = DIRECTION ( 'NONE',  ( -0.000000000000000000, 1.000000000000000000, -0.000000000000000000 ) ) ;
#3273 = ADVANCED_FACE ( 'NONE', ( #156 ), #501, .T. ) ;
#3274 = CARTESIAN_POINT ( 'NONE',  ( -65.99999999999995737, 6.599999999999998757, 0.000000000000000000 ) ) ;
#3275 = ORIENTED_EDGE ( 'NONE', *, *, #2148, .F. ) ;
#3276 = VERTEX_POINT ( 'NONE', #3790 ) ;
#3277 = DIRECTION ( 'NONE',  ( 0.000000000000000000, 0.000000000000000000, -1.000000000000000000 ) ) ;
#3278 = EDGE_CURVE ( 'NONE', #3301, #1815, #4357, .T. ) ;
#3279 = VECTOR ( 'NONE', #3762, 1000.000000000000000 ) ;
#3280 = DIRECTION ( 'NONE',  ( 0.000000000000000000, 0.000000000000000000, 1.000000000000000000 ) ) ;
#3281 = DIRECTION ( 'NONE',  ( 0.000000000000000000, 0.000000000000000000, 1.000000000000000000 ) ) ;
#3282 = FACE_OUTER_BOUND ( 'NONE', #4069, .T. ) ;
#3283 = AXIS2_PLACEMENT_3D ( 'NONE', #3577, #364, #3226 ) ;
#3284 = ADVANCED_FACE ( 'NONE', ( #3448 ), #3016, .F. ) ;
#3285 = AXIS2_PLACEMENT_3D ( 'NONE', #3196, #3934, #639 ) ;
#3286 = FACE_BOUND ( 'NONE', #4303, .T. ) ;
#3287 = EDGE_LOOP ( 'NONE', ( #2749, #4386, #2466, #1561, #931, #79 ) ) ;
#3288 = DIRECTION ( 'NONE',  ( 0.000000000000000000, -1.000000000000000000, 0.000000000000000000 ) ) ;
#3289 = ADVANCED_FACE ( 'NONE', ( #236 ), #2994, .T. ) ;
#3290 = VERTEX_POINT ( 'NONE', #4417 ) ;
#3291 = LINE ( 'NONE', #1511, #850 ) ;
#3292 = CIRCLE ( 'NONE', #2093, 1.474999999999998535 ) ;
#3293 = CARTESIAN_POINT ( 'NONE',  ( -109.5598086919730605, -1.026429232725778018, 3.664912214250557021 ) ) ;
#3294 = ORIENTED_EDGE ( 'NONE', *, *, #1047, .F. ) ;
#3295 = DIRECTION ( 'NONE',  ( -0.000000000000000000, 1.000000000000000000, -0.000000000000000000 ) ) ;
#3296 = CARTESIAN_POINT ( 'NONE',  ( -38.50000000000000000, 0.000000000000000000, 8.000000000000000000 ) ) ;
#3297 = DIRECTION ( 'NONE',  ( 0.000000000000000000, 0.000000000000000000, -1.000000000000000000 ) ) ;
#3298 = ORIENTED_EDGE ( 'NONE', *, *, #1865, .F. ) ;
#3299 = EDGE_CURVE ( 'NONE', #3825, #2271, #4040, .T. ) ;
#3300 = ORIENTED_EDGE ( 'NONE', *, *, #4524, .T. ) ;
#3301 = VERTEX_POINT ( 'NONE', #1934 ) ;
#3302 = CARTESIAN_POINT ( 'NONE',  ( -128.4999999999999432, 9.999999999999998224, 0.000000000000000000 ) ) ;
#3303 = DIRECTION ( 'NONE',  ( 0.000000000000000000, 0.000000000000000000, 1.000000000000000000 ) ) ;
#3304 = CARTESIAN_POINT ( 'NONE',  ( -55.99999999999995737, -6.599999999999996092, 12.40000000000000213 ) ) ;
#3305 = DIRECTION ( 'NONE',  ( 0.000000000000000000, -1.000000000000000000, 0.000000000000000000 ) ) ;
#3306 = DIRECTION ( 'NONE',  ( 0.000000000000000000, 0.000000000000000000, 1.000000000000000000 ) ) ;
#3307 = ORIENTED_EDGE ( 'NONE', *, *, #1323, .T. ) ;
#3308 = DIRECTION ( 'NONE',  ( -0.000000000000000000, 0.000000000000000000, -1.000000000000000000 ) ) ;
#3309 = VERTEX_POINT ( 'NONE', #2287 ) ;
#3310 = DIRECTION ( 'NONE',  ( -1.156482317317871478E-16, 1.000000000000000000, 0.000000000000000000 ) ) ;
#3311 = AXIS2_PLACEMENT_3D ( 'NONE', #161, #899, #2356 ) ;
#3312 = CARTESIAN_POINT ( 'NONE',  ( -109.6896234144443127, -0.8751904017295942806, 2.679914544827359801 ) ) ;
#3313 = ORIENTED_EDGE ( 'NONE', *, *, #1426, .T. ) ;
#3314 = CARTESIAN_POINT ( 'NONE',  ( -161.4999999999999716, 1.592040838891559293E-15, -36.76955262170046268 ) ) ;
#3315 = CYLINDRICAL_SURFACE ( 'NONE', #2388, 1.474999999999998535 ) ;
#3316 = VECTOR ( 'NONE', #3119, 1000.000000000000000 ) ;
#3317 = DIRECTION ( 'NONE',  ( 0.000000000000000000, 0.000000000000000000, 1.000000000000000000 ) ) ;
#3318 = ORIENTED_EDGE ( 'NONE', *, *, #321, .F. ) ;
#3319 = AXIS2_PLACEMENT_3D ( 'NONE', #1592, #1135, #527 ) ;
#3320 = VERTEX_POINT ( 'NONE', #3691 ) ;
#3321 = FACE_BOUND ( 'NONE', #3846, .T. ) ;
#3322 = ADVANCED_FACE ( 'NONE', ( #3097 ), #1309, .T. ) ;
#3323 = EDGE_CURVE ( 'NONE', #2424, #3320, #1566, .T. ) ;
#3324 = EDGE_CURVE ( 'NONE', #3126, #2659, #3166, .T. ) ;
#3325 = ADVANCED_FACE ( 'NONE', ( #2262 ), #3497, .F. ) ;
#3326 = ORIENTED_EDGE ( 'NONE', *, *, #4349, .F. ) ;
#3327 = FACE_BOUND ( 'NONE', #4514, .T. ) ;
#3328 = CARTESIAN_POINT ( 'NONE',  ( -108.4999999999999574, -1.734723475976807094E-15, 0.000000000000000000 ) ) ;
#3329 = CARTESIAN_POINT ( 'NONE',  ( -150.0999999999999659, -1.959434878635767449E-16, 16.31370849898476294 ) ) ;
#3330 = VECTOR ( 'NONE', #2302, 1000.000000000000000 ) ;
#3331 = FACE_OUTER_BOUND ( 'NONE', #2758, .T. ) ;
#3332 = VECTOR ( 'NONE', #3883, 1000.000000000000000 ) ;
#3333 = PLANE ( 'NONE',  #1984 ) ;
#3334 = EDGE_LOOP ( 'NONE', ( #1357, #4256, #2325, #2441 ) ) ;
#3335 = CARTESIAN_POINT ( 'NONE',  ( -120.6999999999999460, 9.999999999999998224, 6.616580753730954889 ) ) ;
#3336 = ORIENTED_EDGE ( 'NONE', *, *, #2342, .T. ) ;
#3337 = VECTOR ( 'NONE', #4075, 1000.000000000000000 ) ;
#3338 = DIRECTION ( 'NONE',  ( 0.000000000000000000, -1.000000000000000000, 0.000000000000000000 ) ) ;
#3339 = DIRECTION ( 'NONE',  ( 0.000000000000000000, 0.000000000000000000, 1.000000000000000000 ) ) ;
#3340 = VERTEX_POINT ( 'NONE', #929 ) ;
#3341 = CARTESIAN_POINT ( 'NONE',  ( 10.00000000000000178, -11.47500000000000320, 0.000000000000000000 ) ) ;
#3342 = CARTESIAN_POINT ( 'NONE',  ( -38.50000000000000000, 0.000000000000000000, 0.000000000000000000 ) ) ;
#3343 = DIRECTION ( 'NONE',  ( 0.000000000000000000, 0.000000000000000000, 1.000000000000000000 ) ) ;
#3344 = AXIS2_PLACEMENT_3D ( 'NONE', #2783, #695, #1007 ) ;
#3345 = LINE ( 'NONE', #434, #4132 ) ;
#3346 = EDGE_LOOP ( 'NONE', ( #3298, #592, #2119, #3396 ) ) ;
#3347 = EDGE_LOOP ( 'NONE', ( #2622, #3022, #3262, #2724 ) ) ;
#3348 = FACE_BOUND ( 'NONE', #230, .T. ) ;
#3349 = EDGE_CURVE ( 'NONE', #1326, #940, #1912, .T. ) ;
#3350 = ORIENTED_EDGE ( 'NONE', *, *, #4294, .F. ) ;
#3351 = CARTESIAN_POINT ( 'NONE',  ( -123.4999999999999716, 9.999999999999998224, 1.766838492538093330 ) ) ;
#3352 = DIRECTION ( 'NONE',  ( -1.000000000000000000, 3.252606517456505019E-15, 0.000000000000000000 ) ) ;
#3353 = VECTOR ( 'NONE', #2992, 1000.000000000000000 ) ;
#3354 = FACE_BOUND ( 'NONE', #31, .T. ) ;
#3355 = ORIENTED_EDGE ( 'NONE', *, *, #2580, .F. ) ;
#3356 = ADVANCED_FACE ( 'NONE', ( #2361 ), #4519, .F. ) ;
#3357 = CARTESIAN_POINT ( 'NONE',  ( -123.4999999999999574, 9.999999999999998224, 8.233161507461908002 ) ) ;
#3358 = VERTEX_POINT ( 'NONE', #953 ) ;
#3359 = AXIS2_PLACEMENT_3D ( 'NONE', #2337, #603, #3815 ) ;
#3360 = AXIS2_PLACEMENT_3D ( 'NONE', #4620, #2465, #4287 ) ;
#3361 = EDGE_CURVE ( 'NONE', #4326, #2742, #4204, .T. ) ;
#3362 = PLANE ( 'NONE',  #3840 ) ;
#3363 = DIRECTION ( 'NONE',  ( 0.000000000000000000, 0.000000000000000000, 1.000000000000000000 ) ) ;
#3364 = ORIENTED_EDGE ( 'NONE', *, *, #2002, .T. ) ;
#3365 = LINE ( 'NONE', #3314, #2154 ) ;
#3366 = VECTOR ( 'NONE', #1952, 1000.000000000000000 ) ;
#3367 = CARTESIAN_POINT ( 'NONE',  ( -40.50000000000000711, -10.00000000000000178, 0.000000000000000000 ) ) ;
#3368 = DIRECTION ( 'NONE',  ( -0.7071067811865516806, -0.7071067811865433539, 0.000000000000000000 ) ) ;
#3369 = STYLED_ITEM ( 'NONE', ( #2453 ), #1395 ) ;
#3370 = DIRECTION ( 'NONE',  ( 1.000000000000000000, 0.000000000000000000, 0.000000000000000000 ) ) ;
#3371 = EDGE_LOOP ( 'NONE', ( #3901, #2922 ) ) ;
#3372 = ORIENTED_EDGE ( 'NONE', *, *, #4002, .F. ) ;
#3373 = DIRECTION ( 'NONE',  ( 0.000000000000000000, 0.000000000000000000, 1.000000000000000000 ) ) ;
#3374 = ORIENTED_EDGE ( 'NONE', *, *, #863, .T. ) ;
#3375 = CARTESIAN_POINT ( 'NONE',  ( -128.4999999999999432, -5.000000000000001776, 0.000000000000000000 ) ) ;
#3376 = ORIENTED_EDGE ( 'NONE', *, *, #4278, .F. ) ;
#3377 = CARTESIAN_POINT ( 'NONE',  ( -108.4999999999999574, -1.734723475976807094E-15, 4.357864376269049878 ) ) ;
#3378 = EDGE_LOOP ( 'NONE', ( #4341, #1655 ) ) ;
#3379 = CARTESIAN_POINT ( 'NONE',  ( -109.8805795102908149, 0.5309292797873952363, 1.755171850004671574 ) ) ;
#3380 = VERTEX_POINT ( 'NONE', #3521 ) ;
#3381 = EDGE_CURVE ( 'NONE', #2534, #1262, #2117, .T. ) ;
#3382 = EDGE_CURVE ( 'NONE', #4106, #66, #173, .T. ) ;
#3383 = DIRECTION ( 'NONE',  ( -1.000000000000000000, 3.528251137579945416E-15, 0.000000000000000000 ) ) ;
#3384 = CARTESIAN_POINT ( 'NONE',  ( 14.99999999999999645, 15.00000000000000355, 57.42640687119285303 ) ) ;
#3385 = ORIENTED_EDGE ( 'NONE', *, *, #288, .T. ) ;
#3386 = DIRECTION ( 'NONE',  ( 0.3420201433256645496, 4.188538737676940612E-17, -0.9396926207859098712 ) ) ;
#3387 = DIRECTION ( 'NONE',  ( 0.000000000000000000, 0.000000000000000000, 1.000000000000000000 ) ) ;
#3388 = AXIS2_PLACEMENT_3D ( 'NONE', #1870, #91, #1847 ) ;
#3389 = DIRECTION ( 'NONE',  ( 0.000000000000000000, -1.000000000000000000, 0.000000000000000000 ) ) ;
#3390 = VERTEX_POINT ( 'NONE', #1433 ) ;
#3391 = ORIENTED_EDGE ( 'NONE', *, *, #4, .T. ) ;
#3392 = LINE ( 'NONE', #4490, #2703 ) ;
#3393 = VECTOR ( 'NONE', #131, 1000.000000000000000 ) ;
#3394 = EDGE_CURVE ( 'NONE', #2774, #1364, #101, .T. ) ;
#3395 = CIRCLE ( 'NONE', #4361, 1.599999999999998090 ) ;
#3396 = ORIENTED_EDGE ( 'NONE', *, *, #4144, .T. ) ;
#3397 = CARTESIAN_POINT ( 'NONE',  ( -150.0999999999999659, -1.959434878635781254E-16, 0.000000000000000000 ) ) ;
#3398 = DIRECTION ( 'NONE',  ( 0.000000000000000000, -1.000000000000000000, 0.000000000000000000 ) ) ;
#3399 = VECTOR ( 'NONE', #2370, 1000.000000000000000 ) ;
#3400 = VERTEX_POINT ( 'NONE', #3142 ) ;
#3401 = AXIS2_PLACEMENT_3D ( 'NONE', #122, #1555, #2979 ) ;
#3402 = CARTESIAN_POINT ( 'NONE',  ( -38.50000000000000000, 9.999999999999998224, 0.000000000000000000 ) ) ;
#3403 = AXIS2_PLACEMENT_3D ( 'NONE', #2671, #2757, #2347 ) ;
#3404 = ORIENTED_EDGE ( 'NONE', *, *, #71, .F. ) ;
#3405 = CIRCLE ( 'NONE', #265, 10.00000000000000000 ) ;
#3406 = FILL_AREA_STYLE ('',( #2650 ) ) ;
#3407 = DIRECTION ( 'NONE',  ( -0.8660254037844389297, -0.000000000000000000, -0.4999999999999993894 ) ) ;
#3408 = ORIENTED_EDGE ( 'NONE', *, *, #3299, .T. ) ;
#3409 = CARTESIAN_POINT ( 'NONE',  ( 0.000000000000000000, 0.000000000000000000, 0.000000000000000000 ) ) ;
#3410 = VERTEX_POINT ( 'NONE', #3609 ) ;
#3411 = EDGE_CURVE ( 'NONE', #2562, #2045, #1361, .T. ) ;
#3412 = AXIS2_PLACEMENT_3D ( 'NONE', #1045, #648, #2451 ) ;
#3413 = EDGE_CURVE ( 'NONE', #402, #984, #4063, .T. ) ;
#3414 = LINE ( 'NONE', #3848, #993 ) ;
#3415 = ORIENTED_EDGE ( 'NONE', *, *, #3611, .F. ) ;
#3416 = DIRECTION ( 'NONE',  ( 1.156482317317871478E-16, -1.000000000000000000, 0.000000000000000000 ) ) ;
#3417 = FACE_BOUND ( 'NONE', #3055, .T. ) ;
#3418 = EDGE_CURVE ( 'NONE', #2104, #3026, #2943, .T. ) ;
#3419 = CIRCLE ( 'NONE', #3930, 1.500000000000001332 ) ;
#3420 = ORIENTED_EDGE ( 'NONE', *, *, #2997, .F. ) ;
#3421 = CARTESIAN_POINT ( 'NONE',  ( 14.99999999999999645, 15.00000000000000355, 0.000000000000000000 ) ) ;
#3422 = CARTESIAN_POINT ( 'NONE',  ( -148.4999999999999716, 0.000000000000000000, 3.035766082959412415E-15 ) ) ;
#3423 = DIRECTION ( 'NONE',  ( -0.000000000000000000, 0.000000000000000000, -1.000000000000000000 ) ) ;
#3424 = EDGE_CURVE ( 'NONE', #2424, #4547, #308, .T. ) ;
#3425 = CARTESIAN_POINT ( 'NONE',  ( 0.000000000000000000, 0.000000000000000000, 57.42640687119285303 ) ) ;
#3426 = CLOSED_SHELL ( 'NONE', ( #883, #26, #2832, #3894, #1285, #2937, #2542, #1809, #3044, #2344 ) ) ;
#3427 = ORIENTED_EDGE ( 'NONE', *, *, #3781, .T. ) ;
#3428 = VECTOR ( 'NONE', #4387, 1000.000000000000000 ) ;
#3429 = CARTESIAN_POINT ( 'NONE',  ( -76.49999999999991473, 9.999999999999968026, 2.000000000000001776 ) ) ;
#3430 = CARTESIAN_POINT ( 'NONE',  ( -10.00000000000010658, -9.999999999999896971, -2.999999999999999112 ) ) ;
#3431 = VERTEX_POINT ( 'NONE', #4261 ) ;
#3432 = DIRECTION ( 'NONE',  ( 0.000000000000000000, -1.000000000000000000, 0.000000000000000000 ) ) ;
#3433 = ORIENTED_EDGE ( 'NONE', *, *, #4034, .T. ) ;
#3434 = VECTOR ( 'NONE', #385, 1000.000000000000000 ) ;
#3435 = AXIS2_PLACEMENT_3D ( 'NONE', #199, #3060, #4482 ) ;
#3436 = LINE ( 'NONE', #1616, #4442 ) ;
#3437 = AXIS2_PLACEMENT_3D ( 'NONE', #3498, #1409, #2831 ) ;
#3438 = VERTEX_POINT ( 'NONE', #1737 ) ;
#3439 = DIRECTION ( 'NONE',  ( -1.156482317317871478E-16, 1.000000000000000000, 0.000000000000000000 ) ) ;
#3440 = CYLINDRICAL_SURFACE ( 'NONE', #1520, 4.000000000000003553 ) ;
#3441 = COLOUR_RGB ( '',0.7921568627450980005, 0.8196078431372548767, 0.9333333333333333481 ) ;
#3442 = EDGE_CURVE ( 'NONE', #1229, #3309, #2038, .T. ) ;
#3443 = EDGE_LOOP ( 'NONE', ( #1916, #1583, #2840, #358 ) ) ;
#3444 = CIRCLE ( 'NONE', #2004, 10.89999999999999325 ) ;
#3445 = DIRECTION ( 'NONE',  ( -0.000000000000000000, -0.000000000000000000, -1.000000000000000000 ) ) ;
#3446 = PRESENTATION_STYLE_ASSIGNMENT (( #232 ) ) ;
#3447 = DIRECTION ( 'NONE',  ( 0.000000000000000000, -1.000000000000000000, 0.000000000000000000 ) ) ;
#3448 = FACE_OUTER_BOUND ( 'NONE', #664, .T. ) ;
#3449 = CARTESIAN_POINT ( 'NONE',  ( -109.9284246869355002, 0.3718777821350699453, 1.562453699010375896 ) ) ;
#3450 = ORIENTED_EDGE ( 'NONE', *, *, #2738, .F. ) ;
#3451 = CARTESIAN_POINT ( 'NONE',  ( -123.4999999999999716, 7.999999999999998224, 1.766838492538093330 ) ) ;
#3452 = CARTESIAN_POINT ( 'NONE',  ( -55.99999999999995737, 5.000000000000002665, 0.000000000000000000 ) ) ;
#3453 = ORIENTED_EDGE ( 'NONE', *, *, #3324, .T. ) ;
#3454 = DIRECTION ( 'NONE',  ( 0.000000000000000000, 0.000000000000000000, 1.000000000000000000 ) ) ;
#3455 = ORIENTED_EDGE ( 'NONE', *, *, #1552, .F. ) ;
#3456 = DIRECTION ( 'NONE',  ( -0.7071067811865436870, -0.000000000000000000, -0.7071067811865513475 ) ) ;
#3457 = ORIENTED_EDGE ( 'NONE', *, *, #2778, .F. ) ;
#3458 = ORIENTED_EDGE ( 'NONE', *, *, #426, .F. ) ;
#3459 = CARTESIAN_POINT ( 'NONE',  ( -60.50000000000000711, 9.999999999999998224, 0.000000000000000000 ) ) ;
#3460 = FACE_OUTER_BOUND ( 'NONE', #4171, .T. ) ;
#3461 = ORIENTED_EDGE ( 'NONE', *, *, #4291, .T. ) ;
#3462 = CARTESIAN_POINT ( 'NONE',  ( -109.4999577517006912, -1.084301387131049621, 4.667326904958747136 ) ) ;
#3463 = VECTOR ( 'NONE', #595, 1000.000000000000000 ) ;
#3464 = ORIENTED_EDGE ( 'NONE', *, *, #3918, .T. ) ;
#3465 = CARTESIAN_POINT ( 'NONE',  ( -65.99999999999995737, -6.599999999999996092, 0.000000000000000000 ) ) ;
#3466 = ADVANCED_FACE ( 'NONE', ( #2875 ), #1807, .F. ) ;
#3467 = ADVANCED_FACE ( 'NONE', ( #4591 ), #4564, .F. ) ;
#3468 = VECTOR ( 'NONE', #1157, 1000.000000000000000 ) ;
#3469 = DIRECTION ( 'NONE',  ( 0.000000000000000000, 0.000000000000000000, 1.000000000000000000 ) ) ;
#3470 = AXIS2_PLACEMENT_3D ( 'NONE', #2762, #3127, #3389 ) ;
#3471 = DIRECTION ( 'NONE',  ( 0.000000000000000000, 0.000000000000000000, 1.000000000000000000 ) ) ;
#3472 = CARTESIAN_POINT ( 'NONE',  ( 10.00000000000000178, -8.525000000000002132, 0.000000000000000000 ) ) ;
#3473 = ORIENTED_EDGE ( 'NONE', *, *, #2931, .T. ) ;
#3474 = VECTOR ( 'NONE', #889, 1000.000000000000000 ) ;
#3475 = AXIS2_PLACEMENT_3D ( 'NONE', #864, #1308, #516 ) ;
#3476 = CARTESIAN_POINT ( 'NONE',  ( -108.4999999999999574, -1.734723475976807094E-15, 21.00000000000000000 ) ) ;
#3477 = AXIS2_PLACEMENT_3D ( 'NONE', #1833, #767, #4427 ) ;
#3478 = DIRECTION ( 'NONE',  ( 0.000000000000000000, 0.000000000000000000, 1.000000000000000000 ) ) ;
#3479 = EDGE_LOOP ( 'NONE', ( #1775, #1818 ) ) ;
#3480 = CARTESIAN_POINT ( 'NONE',  ( -25.00000000000000355, 6.475000000000001421, -5.000000000000000888 ) ) ;
#3481 = VERTEX_POINT ( 'NONE', #3954 ) ;
#3482 = VECTOR ( 'NONE', #1022, 1000.000000000000000 ) ;
#3483 = ORIENTED_EDGE ( 'NONE', *, *, #456, .T. ) ;
#3484 = VERTEX_POINT ( 'NONE', #2850 ) ;
#3485 = FACE_OUTER_BOUND ( 'NONE', #3443, .T. ) ;
#3486 = VECTOR ( 'NONE', #2223, 1000.000000000000000 ) ;
#3487 = DIRECTION ( 'NONE',  ( 0.000000000000000000, 0.000000000000000000, 1.000000000000000000 ) ) ;
#3488 = EDGE_CURVE ( 'NONE', #2946, #4554, #738, .T. ) ;
#3489 = VECTOR ( 'NONE', #1944, 1000.000000000000000 ) ;
#3490 = EDGE_LOOP ( 'NONE', ( #1533, #676, #2499, #2948 ) ) ;
#3491 = CARTESIAN_POINT ( 'NONE',  ( 0.000000000000000000, 0.000000000000000000, 5.000000000000000888 ) ) ;
#3492 = ORIENTED_EDGE ( 'NONE', *, *, #4031, .F. ) ;
#3493 = CARTESIAN_POINT ( 'NONE',  ( 8.525000000000035882, 9.999999999999971578, -2.999999999999999112 ) ) ;
#3494 =( NAMED_UNIT ( * ) SI_UNIT ( $, .STERADIAN. ) SOLID_ANGLE_UNIT ( ) );
#3495 = ADVANCED_FACE ( 'NONE', ( #672 ), #2109, .T. ) ;
#3496 = DIRECTION ( 'NONE',  ( 0.000000000000000000, 0.000000000000000000, 1.000000000000000000 ) ) ;
#3497 = PLANE ( 'NONE',  #2191 ) ;
#3498 = CARTESIAN_POINT ( 'NONE',  ( 0.000000000000000000, 0.000000000000000000, 5.000000000000000888 ) ) ;
#3499 = DIRECTION ( 'NONE',  ( -0.000000000000000000, 0.000000000000000000, -1.000000000000000000 ) ) ;
#3500 = EDGE_CURVE ( 'NONE', #768, #807, #2521, .T. ) ;
#3501 = FACE_OUTER_BOUND ( 'NONE', #4456, .T. ) ;
#3502 = ORIENTED_EDGE ( 'NONE', *, *, #1806, .T. ) ;
#3503 = DIRECTION ( 'NONE',  ( 0.000000000000000000, 0.000000000000000000, -1.000000000000000000 ) ) ;
#3504 = ORIENTED_EDGE ( 'NONE', *, *, #1826, .T. ) ;
#3505 = EDGE_CURVE ( 'NONE', #3668, #3410, #467, .T. ) ;
#3506 = ADVANCED_FACE ( 'NONE', ( #715 ), #4212, .F. ) ;
#3507 = DIRECTION ( 'NONE',  ( 0.000000000000000000, -1.000000000000000000, 0.000000000000000000 ) ) ;
#3508 = VERTEX_POINT ( 'NONE', #354 ) ;
#3509 = DIRECTION ( 'NONE',  ( 0.000000000000000000, 0.000000000000000000, 1.000000000000000000 ) ) ;
#3510 = AXIS2_PLACEMENT_3D ( 'NONE', #1105, #665, #341 ) ;
#3511 = PLANE ( 'NONE',  #756 ) ;
#3512 = VECTOR ( 'NONE', #4546, 1000.000000000000000 ) ;
#3513 = ORIENTED_EDGE ( 'NONE', *, *, #2032, .F. ) ;
#3514 = DIRECTION ( 'NONE',  ( 0.000000000000000000, -1.000000000000000000, 0.000000000000000000 ) ) ;
#3515 = ORIENTED_EDGE ( 'NONE', *, *, #3808, .F. ) ;
#3516 = CYLINDRICAL_SURFACE ( 'NONE', #3638, 1.500000000000001332 ) ;
#3517 = FILL_AREA_STYLE ('',( #2751 ) ) ;
#3518 = VECTOR ( 'NONE', #4592, 1000.000000000000000 ) ;
#3519 = AXIS2_PLACEMENT_3D ( 'NONE', #4377, #1169, #813 ) ;
#3520 = DIRECTION ( 'NONE',  ( 1.000000000000000000, -1.084202172485501594E-14, 0.000000000000000000 ) ) ;
#3521 = CARTESIAN_POINT ( 'NONE',  ( -153.4999999999999716, 0.000000000000000000, 1.500000000000000888 ) ) ;
#3522 = LINE ( 'NONE', #2153, #3518 ) ;
#3523 = DIRECTION ( 'NONE',  ( 0.000000000000000000, 1.000000000000000000, 0.000000000000000000 ) ) ;
#3524 = CARTESIAN_POINT ( 'NONE',  ( -103.4999999999999574, -10.00000000000000000, 18.50000000000000000 ) ) ;
#3525 = ORIENTED_EDGE ( 'NONE', *, *, #3979, .T. ) ;
#3526 = CARTESIAN_POINT ( 'NONE',  ( -40.50000000000000711, -10.00000000000000178, 5.000000000000000000 ) ) ;
#3527 = VERTEX_POINT ( 'NONE', #5 ) ;
#3528 = ADVANCED_FACE ( 'NONE', ( #4280 ), #95, .F. ) ;
#3529 = ADVANCED_FACE ( 'NONE', ( #4049 ), #1898, .F. ) ;
#3530 = DIRECTION ( 'NONE',  ( 1.000000000000000000, 0.000000000000000000, 0.000000000000000000 ) ) ;
#3531 = VERTEX_POINT ( 'NONE', #835 ) ;
#3532 = ORIENTED_EDGE ( 'NONE', *, *, #2712, .T. ) ;
#3533 = MECHANICAL_DESIGN_GEOMETRIC_PRESENTATION_REPRESENTATION (  '', ( #2107 ), #4394 ) ;
#3534 = DIRECTION ( 'NONE',  ( 1.000000000000000000, 0.000000000000000000, 0.000000000000000000 ) ) ;
#3535 = CARTESIAN_POINT ( 'NONE',  ( -123.4999999999999574, -8.000000000000001776, 5.000000000000000888 ) ) ;
#3536 = CARTESIAN_POINT ( 'NONE',  ( -128.4999999999999432, 9.999999999999998224, 0.000000000000000000 ) ) ;
#3537 = ORIENTED_EDGE ( 'NONE', *, *, #4031, .T. ) ;
#3538 = EDGE_LOOP ( 'NONE', ( #1207, #2793, #494, #422 ) ) ;
#3539 = DIRECTION ( 'NONE',  ( 0.000000000000000000, 0.000000000000000000, 1.000000000000000000 ) ) ;
#3540 = FILL_AREA_STYLE_COLOUR ( '', #151 ) ;
#3541 = VECTOR ( 'NONE', #3722, 1000.000000000000000 ) ;
#3542 = CARTESIAN_POINT ( 'NONE',  ( -45.50000000000001421, -5.000000000000001776, 5.000000000000000000 ) ) ;
#3543 = CARTESIAN_POINT ( 'NONE',  ( -123.4999999999999574, -4.999999999999999112, 5.000000000000000888 ) ) ;
#3544 = DIRECTION ( 'NONE',  ( 0.000000000000000000, 0.000000000000000000, 1.000000000000000000 ) ) ;
#3545 = AXIS2_PLACEMENT_3D ( 'NONE', #1458, #2458, #3928 ) ;
#3546 = PLANE ( 'NONE',  #3048 ) ;
#3547 = VECTOR ( 'NONE', #3990, 1000.000000000000000 ) ;
#3548 = DIRECTION ( 'NONE',  ( 0.000000000000000000, -1.000000000000000000, 0.000000000000000000 ) ) ;
#3549 = ORIENTED_EDGE ( 'NONE', *, *, #3800, .F. ) ;
#3550 = CARTESIAN_POINT ( 'NONE',  ( 10.00000000000000178, -10.00000000000000178, 15.00000000000000000 ) ) ;
#3551 = EDGE_LOOP ( 'NONE', ( #894, #3876 ) ) ;
#3552 = ADVANCED_FACE ( 'NONE', ( #4399 ), #2975, .F. ) ;
#3553 = CARTESIAN_POINT ( 'NONE',  ( -113.4999999999999574, 21.02974084481308736, 18.50000000000000000 ) ) ;
#3554 = ORIENTED_EDGE ( 'NONE', *, *, #4034, .F. ) ;
#3555 = CARTESIAN_POINT ( 'NONE',  ( -108.4999999999999574, -1.734723475976807094E-15, 35.00000000000000000 ) ) ;
#3556 = FACE_OUTER_BOUND ( 'NONE', #749, .T. ) ;
#3557 = CIRCLE ( 'NONE', #773, 1.474999999999998535 ) ;
#3558 = CARTESIAN_POINT ( 'NONE',  ( -25.00000000000000355, -4.999999999999998224, 0.000000000000000000 ) ) ;
#3559 = CIRCLE ( 'NONE', #263, 1.599999999999998090 ) ;
#3560 = ORIENTED_EDGE ( 'NONE', *, *, #3182, .T. ) ;
#3561 = EDGE_CURVE ( 'NONE', #337, #970, #1526, .T. ) ;
#3562 = VERTEX_POINT ( 'NONE', #418 ) ;
#3563 = LINE ( 'NONE', #1431, #2504 ) ;
#3564 = SURFACE_SIDE_STYLE ('',( #2847 ) ) ;
#3565 = VECTOR ( 'NONE', #3703, 1000.000000000000000 ) ;
#3566 = VERTEX_POINT ( 'NONE', #393 ) ;
#3567 = DIRECTION ( 'NONE',  ( 0.000000000000000000, 0.000000000000000000, -1.000000000000000000 ) ) ;
#3568 = DIRECTION ( 'NONE',  ( 0.000000000000000000, 1.000000000000000000, 0.000000000000000000 ) ) ;
#3569 = CARTESIAN_POINT ( 'NONE',  ( 0.000000000000000000, 0.000000000000000000, 1.000000000000000888 ) ) ;
#3570 = CARTESIAN_POINT ( 'NONE',  ( -143.4999999999999716, -6.123233995736767268E-16, -14.14213562373095279 ) ) ;
#3571 = DIRECTION ( 'NONE',  ( 1.000000000000000000, 0.000000000000000000, 0.000000000000000000 ) ) ;
#3572 = EDGE_LOOP ( 'NONE', ( #2171, #90 ) ) ;
#3573 = CARTESIAN_POINT ( 'NONE',  ( -113.5000000000001137, -5.000000000000001776, 25.00000000000010658 ) ) ;
#3574 = VERTEX_POINT ( 'NONE', #2618 ) ;
#3575 = CARTESIAN_POINT ( 'NONE',  ( -159.3999999999999488, 1.334865011070615048E-15, -36.76955262170046268 ) ) ;
#3576 = ORIENTED_EDGE ( 'NONE', *, *, #2572, .F. ) ;
#3577 = CARTESIAN_POINT ( 'NONE',  ( -123.4999999999999574, 7.999999999999998224, 5.000000000000000888 ) ) ;
#3578 = DIRECTION ( 'NONE',  ( 0.000000000000000000, 0.000000000000000000, 1.000000000000000000 ) ) ;
#3579 = AXIS2_PLACEMENT_3D ( 'NONE', #4297, #2189, #1424 ) ;
#3580 = ORIENTED_EDGE ( 'NONE', *, *, #245, .T. ) ;
#3581 = EDGE_LOOP ( 'NONE', ( #1892, #2635, #4099, #2019 ) ) ;
#3582 =( LENGTH_UNIT ( ) NAMED_UNIT ( * ) SI_UNIT ( .MILLI., .METRE. ) );
#3583 = CARTESIAN_POINT ( 'NONE',  ( 0.000000000000000000, 10.00000000000000000, 1.000000000000000888 ) ) ;
#3584 = AXIS2_PLACEMENT_3D ( 'NONE', #4157, #2533, #278 ) ;
#3585 = CIRCLE ( 'NONE', #2677, 1.600000000000004086 ) ;
#3586 = EDGE_CURVE ( 'NONE', #1700, #3562, #1553, .T. ) ;
#3587 = EDGE_CURVE ( 'NONE', #2395, #2659, #2569, .T. ) ;
#3588 = VECTOR ( 'NONE', #403, 1000.000000000000000 ) ;
#3589 = CARTESIAN_POINT ( 'NONE',  ( -120.0000000000001421, -21.02974084481309092, 18.50000000000000355 ) ) ;
#3590 = DIRECTION ( 'NONE',  ( 1.000000000000000000, 0.000000000000000000, 0.000000000000000000 ) ) ;
#3591 = FACE_OUTER_BOUND ( 'NONE', #3490, .T. ) ;
#3592 = CARTESIAN_POINT ( 'NONE',  ( 0.000000000000000000, 11.09999999999999964, 1.000000000000000888 ) ) ;
#3593 = CARTESIAN_POINT ( 'NONE',  ( 0.000000000000000000, 0.000000000000000000, 15.00000000000000000 ) ) ;
#3594 = ORIENTED_EDGE ( 'NONE', *, *, #1628, .T. ) ;
#3595 = FACE_OUTER_BOUND ( 'NONE', #981, .T. ) ;
#3596 = EDGE_LOOP ( 'NONE', ( #1104, #3723, #891, #601 ) ) ;
#3597 = CARTESIAN_POINT ( 'NONE',  ( -86.49999999999995737, 0.000000000000000000, 0.000000000000000000 ) ) ;
#3598 = CARTESIAN_POINT ( 'NONE',  ( -109.7475891617130515, -0.7997705551263385448, 7.639607636871317276 ) ) ;
#3599 = VERTEX_POINT ( 'NONE', #1849 ) ;
#3600 = CARTESIAN_POINT ( 'NONE',  ( -148.4999999999999716, 0.000000000000000000, 1.500000000000000888 ) ) ;
#3601 = DIRECTION ( 'NONE',  ( -0.000000000000000000, 0.000000000000000000, -1.000000000000000000 ) ) ;
#3602 = ORIENTED_EDGE ( 'NONE', *, *, #2878, .T. ) ;
#3603 = ORIENTED_EDGE ( 'NONE', *, *, #85, .T. ) ;
#3604 = FILL_AREA_STYLE ('',( #4347 ) ) ;
#3605 = EDGE_CURVE ( 'NONE', #1927, #1972, #1196, .T. ) ;
#3606 = ADVANCED_FACE ( 'NONE', ( #1479 ), #72, .F. ) ;
#3607 = FACE_OUTER_BOUND ( 'NONE', #3347, .T. ) ;
#3608 = EDGE_CURVE ( 'NONE', #2395, #2296, #395, .T. ) ;
#3609 = CARTESIAN_POINT ( 'NONE',  ( -150.0999999999999659, -1.959434878635781254E-16, 5.000000000000000888 ) ) ;
#3610 = PLANE ( 'NONE',  #2531 ) ;
#3611 = EDGE_CURVE ( 'NONE', #1754, #1155, #1922, .T. ) ;
#3612 = AXIS2_PLACEMENT_3D ( 'NONE', #136, #3373, #4089 ) ;
#3613 = LINE ( 'NONE', #2525, #4282 ) ;
#3614 = VERTEX_POINT ( 'NONE', #4376 ) ;
#3615 = PLANE ( 'NONE',  #1152 ) ;
#3616 = ORIENTED_EDGE ( 'NONE', *, *, #1204, .T. ) ;
#3617 = EDGE_CURVE ( 'NONE', #3108, #4478, #3627, .T. ) ;
#3618 = AXIS2_PLACEMENT_3D ( 'NONE', #760, #1827, #2593 ) ;
#3619 = CARTESIAN_POINT ( 'NONE',  ( -128.4999999999999432, 9.999999999999998224, 10.00000000000000178 ) ) ;
#3620 = VERTEX_POINT ( 'NONE', #4352 ) ;
#3621 = FACE_OUTER_BOUND ( 'NONE', #1451, .T. ) ;
#3622 = CARTESIAN_POINT ( 'NONE',  ( -109.5120571702502446, -1.073533037338941121, 5.668986795944402246 ) ) ;
#3623 = ORIENTED_EDGE ( 'NONE', *, *, #3979, .F. ) ;
#3624 = ADVANCED_FACE ( 'NONE', ( #3974 ), #788, .F. ) ;
#3625 = DIRECTION ( 'NONE',  ( 0.000000000000000000, 0.000000000000000000, 1.000000000000000000 ) ) ;
#3626 = AXIS2_PLACEMENT_3D ( 'NONE', #1882, #1205, #747 ) ;
#3627 = CIRCLE ( 'NONE', #918, 4.000000000000000888 ) ;
#3628 = DIRECTION ( 'NONE',  ( 1.000000000000000000, 0.000000000000000000, 0.000000000000000000 ) ) ;
#3629 = ORIENTED_EDGE ( 'NONE', *, *, #759, .F. ) ;
#3630 = ADVANCED_FACE ( 'NONE', ( #461, #3679, #2470, #667, #1752, #1821 ), #685, .T. ) ;
#3631 = VERTEX_POINT ( 'NONE', #1428 ) ;
#3632 = CIRCLE ( 'NONE', #4595, 3.600000000000005862 ) ;
#3633 = DIRECTION ( 'NONE',  ( -1.156482317317871725E-16, 1.000000000000000000, 0.000000000000000000 ) ) ;
#3634 = CIRCLE ( 'NONE', #2289, 1.599999999999998090 ) ;
#3635 = CARTESIAN_POINT ( 'NONE',  ( -121.9999999999999574, -10.00000000000000178, 5.000000000000000888 ) ) ;
#3636 = DIRECTION ( 'NONE',  ( -1.000000000000000000, 0.000000000000000000, 0.000000000000000000 ) ) ;
#3637 = DIRECTION ( 'NONE',  ( 0.000000000000000000, 0.000000000000000000, 1.000000000000000000 ) ) ;
#3638 = AXIS2_PLACEMENT_3D ( 'NONE', #689, #2403, #3137 ) ;
#3639 = CARTESIAN_POINT ( 'NONE',  ( -124.9999999999999574, -10.00000000000000178, 5.000000000000000888 ) ) ;
#3640 = DIRECTION ( 'NONE',  ( 1.000000000000000000, 0.000000000000000000, 0.000000000000000000 ) ) ;
#3641 = ORIENTED_EDGE ( 'NONE', *, *, #481, .T. ) ;
#3642 = CARTESIAN_POINT ( 'NONE',  ( -86.49999999999995737, 0.000000000000000000, 0.000000000000000000 ) ) ;
#3643 = VERTEX_POINT ( 'NONE', #4607 ) ;
#3644 = ADVANCED_FACE ( 'NONE', ( #2796 ), #1448, .F. ) ;
#3645 = CARTESIAN_POINT ( 'NONE',  ( -109.5120249346141890, -1.073572058640999805, 4.330711818277062974 ) ) ;
#3646 = ORIENTED_EDGE ( 'NONE', *, *, #2575, .F. ) ;
#3647 = DIRECTION ( 'NONE',  ( 0.000000000000000000, -1.000000000000000000, 0.000000000000000000 ) ) ;
#3648 = EDGE_CURVE ( 'NONE', #3264, #4459, #2537, .T. ) ;
#3649 = FACE_OUTER_BOUND ( 'NONE', #3287, .T. ) ;
#3650 = VERTEX_POINT ( 'NONE', #44 ) ;
#3651 = EDGE_LOOP ( 'NONE', ( #1001, #3537, #1917, #270, #1019 ) ) ;
#3652 = DIRECTION ( 'NONE',  ( 0.000000000000000000, -1.000000000000000000, 0.000000000000000000 ) ) ;
#3653 = AXIS2_PLACEMENT_3D ( 'NONE', #2239, #3669, #1861 ) ;
#3654 = EDGE_LOOP ( 'NONE', ( #3427, #3504, #1203, #40 ) ) ;
#3655 = DIRECTION ( 'NONE',  ( -0.000000000000000000, 0.000000000000000000, -1.000000000000000000 ) ) ;
#3656 = CIRCLE ( 'NONE', #2745, 4.000000000000000888 ) ;
#3657 = CARTESIAN_POINT ( 'NONE',  ( -74.89999999999990621, 9.999999999999962697, -15.00000000000000000 ) ) ;
#3658 = CARTESIAN_POINT ( 'NONE',  ( -51.00000000000000711, -10.00000000000000178, 12.40000000000000213 ) ) ;
#3659 = VECTOR ( 'NONE', #936, 1000.000000000000000 ) ;
#3660 = FACE_OUTER_BOUND ( 'NONE', #2634, .T. ) ;
#3661 = VERTEX_POINT ( 'NONE', #1397 ) ;
#3662 = PLANE ( 'NONE',  #3951 ) ;
#3663 = ORIENTED_EDGE ( 'NONE', *, *, #2924, .T. ) ;
#3664 = CIRCLE ( 'NONE', #1647, 1.600000000000002531 ) ;
#3665 = LINE ( 'NONE', #449, #2197 ) ;
#3666 = PRESENTATION_LAYER_ASSIGNMENT (  '', '', ( #3369 ) ) ;
#3667 = CARTESIAN_POINT ( 'NONE',  ( -71.49999999999995737, -14.99999999999999645, 2.000000000000001776 ) ) ;
#3668 = VERTEX_POINT ( 'NONE', #1474 ) ;
#3669 = DIRECTION ( 'NONE',  ( 0.000000000000000000, 1.000000000000000000, 0.000000000000000000 ) ) ;
#3670 =( NAMED_UNIT ( * ) SI_UNIT ( $, .STERADIAN. ) SOLID_ANGLE_UNIT ( ) );
#3671 = EDGE_CURVE ( 'NONE', #1549, #4430, #547, .T. ) ;
#3672 = ADVANCED_FACE ( 'NONE', ( #3899 ), #2142, .F. ) ;
#3673 = DIRECTION ( 'NONE',  ( 0.000000000000000000, -1.000000000000000000, 0.000000000000000000 ) ) ;
#3674 = ORIENTED_EDGE ( 'NONE', *, *, #735, .F. ) ;
#3675 = ORIENTED_EDGE ( 'NONE', *, *, #1027, .T. ) ;
#3676 = FACE_OUTER_BOUND ( 'NONE', #4268, .T. ) ;
#3677 = ORIENTED_EDGE ( 'NONE', *, *, #3299, .F. ) ;
#3678 = FACE_OUTER_BOUND ( 'NONE', #839, .T. ) ;
#3679 = FACE_BOUND ( 'NONE', #2254, .T. ) ;
#3680 = FACE_OUTER_BOUND ( 'NONE', #3346, .T. ) ;
#3681 = DIRECTION ( 'NONE',  ( 0.000000000000000000, 0.000000000000000000, -1.000000000000000000 ) ) ;
#3682 = DIRECTION ( 'NONE',  ( 0.000000000000000000, 0.000000000000000000, 1.000000000000000000 ) ) ;
#3683 = ORIENTED_EDGE ( 'NONE', *, *, #826, .T. ) ;
#3684 = CARTESIAN_POINT ( 'NONE',  ( -45.50000000000001421, 4.999999999999998224, 5.000000000000000000 ) ) ;
#3685 = ORIENTED_EDGE ( 'NONE', *, *, #795, .T. ) ;
#3686 = CARTESIAN_POINT ( 'NONE',  ( -159.3999999999999488, 1.334865011070615836E-15, 0.000000000000000000 ) ) ;
#3687 = AXIS2_PLACEMENT_3D ( 'NONE', #1040, #2469, #644 ) ;
#3688 = FACE_OUTER_BOUND ( 'NONE', #404, .T. ) ;
#3689 = ORIENTED_EDGE ( 'NONE', *, *, #3442, .F. ) ;
#3690 = CARTESIAN_POINT ( 'NONE',  ( -123.4999999999999574, 7.999999999999998224, 8.233161507461908002 ) ) ;
#3691 = CARTESIAN_POINT ( 'NONE',  ( -40.50000000000000711, -10.00000000000000178, 5.000000000000000000 ) ) ;
#3692 = DIRECTION ( 'NONE',  ( 1.000000000000000000, 0.000000000000000000, 0.000000000000000000 ) ) ;
#3693 = AXIS2_PLACEMENT_3D ( 'NONE', #1353, #1408, #2830 ) ;
#3694 = CARTESIAN_POINT ( 'NONE',  ( 0.000000000000000000, 0.000000000000000000, 0.000000000000000000 ) ) ;
#3695 = EDGE_CURVE ( 'NONE', #1088, #408, #2643, .T. ) ;
#3696 = ORIENTED_EDGE ( 'NONE', *, *, #201, .T. ) ;
#3697 = VECTOR ( 'NONE', #1570, 1000.000000000000000 ) ;
#3698 = ORIENTED_EDGE ( 'NONE', *, *, #1467, .T. ) ;
#3699 = FACE_BOUND ( 'NONE', #4631, .T. ) ;
#3700 = CIRCLE ( 'NONE', #1070, 1.475000000000000533 ) ;
#3701 = ADVANCED_FACE ( 'NONE', ( #3228 ), #2892, .F. ) ;
#3702 = ORIENTED_EDGE ( 'NONE', *, *, #3608, .F. ) ;
#3703 = DIRECTION ( 'NONE',  ( 0.000000000000000000, 0.000000000000000000, 1.000000000000000000 ) ) ;
#3704 = DIRECTION ( 'NONE',  ( 0.000000000000000000, 0.000000000000000000, -1.000000000000000000 ) ) ;
#3705 = CARTESIAN_POINT ( 'NONE',  ( -69.49999999999995737, 9.999999999999998224, 12.40000000000000213 ) ) ;
#3706 = VECTOR ( 'NONE', #2651, 1000.000000000000000 ) ;
#3707 = DIRECTION ( 'NONE',  ( 0.000000000000000000, 0.000000000000000000, 1.000000000000000000 ) ) ;
#3708 = AXIS2_PLACEMENT_3D ( 'NONE', #3836, #2779, #1805 ) ;
#3709 = DIRECTION ( 'NONE',  ( 0.000000000000000000, 1.000000000000000000, 0.000000000000000000 ) ) ;
#3710 = ORIENTED_EDGE ( 'NONE', *, *, #4051, .T. ) ;
#3711 = DIRECTION ( 'NONE',  ( 0.000000000000000000, 1.000000000000000000, 0.000000000000000000 ) ) ;
#3712 = ORIENTED_EDGE ( 'NONE', *, *, #178, .T. ) ;
#3713 = VECTOR ( 'NONE', #1242, 1000.000000000000000 ) ;
#3714 = CARTESIAN_POINT ( 'NONE',  ( -40.50000000000000000, 9.999999999999998224, 0.000000000000000000 ) ) ;
#3715 = EDGE_LOOP ( 'NONE', ( #2484, #3732 ) ) ;
#3716 = FACE_OUTER_BOUND ( 'NONE', #2232, .T. ) ;
#3717 = CARTESIAN_POINT ( 'NONE',  ( -123.4999999999999574, -44.59797974644666141, 5.000000000000000888 ) ) ;
#3718 = PLANE ( 'NONE',  #3207 ) ;
#3719 = CARTESIAN_POINT ( 'NONE',  ( -113.4999999999999574, -21.02974084481309092, 25.00000000000026645 ) ) ;
#3720 = VERTEX_POINT ( 'NONE', #2123 ) ;
#3721 = ORIENTED_EDGE ( 'NONE', *, *, #4474, .T. ) ;
#3722 = DIRECTION ( 'NONE',  ( 0.000000000000000000, 0.000000000000000000, -1.000000000000000000 ) ) ;
#3723 = ORIENTED_EDGE ( 'NONE', *, *, #487, .T. ) ;
#3724 = CARTESIAN_POINT ( 'NONE',  ( -45.50000000000001421, -5.000000000000001776, 0.000000000000000000 ) ) ;
#3725 = EDGE_CURVE ( 'NONE', #878, #937, #411, .T. ) ;
#3726 = ADVANCED_FACE ( 'NONE', ( #1087 ), #345, .F. ) ;
#3727 =( NAMED_UNIT ( * ) SI_UNIT ( $, .STERADIAN. ) SOLID_ANGLE_UNIT ( ) );
#3728 = CIRCLE ( 'NONE', #3131, 1.599999999999998090 ) ;
#3729 = CARTESIAN_POINT ( 'NONE',  ( 0.000000000000000000, 10.00000000000000000, 32.39554108468271210 ) ) ;
#3730 = ORIENTED_EDGE ( 'NONE', *, *, #1558, .F. ) ;
#3731 = DIRECTION ( 'NONE',  ( 0.000000000000000000, 1.000000000000000000, 0.000000000000000000 ) ) ;
#3732 = ORIENTED_EDGE ( 'NONE', *, *, #3381, .F. ) ;
#3733 = DIRECTION ( 'NONE',  ( 0.000000000000000000, 0.000000000000000000, -1.000000000000000000 ) ) ;
#3734 = CARTESIAN_POINT ( 'NONE',  ( -103.4999999999999574, 9.999999999999996447, 18.50000000000000000 ) ) ;
#3735 = ORIENTED_EDGE ( 'NONE', *, *, #1047, .T. ) ;
#3736 = CARTESIAN_POINT ( 'NONE',  ( 1.600000000000001865, 0.000000000000000000, 0.000000000000000000 ) ) ;
#3737 = VECTOR ( 'NONE', #836, 1000.000000000000000 ) ;
#3738 = DIRECTION ( 'NONE',  ( -0.4999999999999998335, -0.000000000000000000, -0.8660254037844388186 ) ) ;
#3739 = COLOUR_RGB ( '',0.7921568627450980005, 0.8196078431372548767, 0.9333333333333333481 ) ;
#3740 = CIRCLE ( 'NONE', #4333, 1.600000000000002531 ) ;
#3741 = DIRECTION ( 'NONE',  ( -1.000000000000000000, 3.528251137579945416E-15, 0.000000000000000000 ) ) ;
#3742 = EDGE_LOOP ( 'NONE', ( #3877, #20 ) ) ;
#3743 = VERTEX_POINT ( 'NONE', #2192 ) ;
#3744 = FACE_BOUND ( 'NONE', #574, .T. ) ;
#3745 = ORIENTED_EDGE ( 'NONE', *, *, #235, .T. ) ;
#3746 = DIRECTION ( 'NONE',  ( 0.000000000000000000, -1.000000000000000000, 0.000000000000000000 ) ) ;
#3747 = EDGE_CURVE ( 'NONE', #2184, #3562, #2194, .T. ) ;
#3748 = EDGE_CURVE ( 'NONE', #658, #3631, #3096, .T. ) ;
#3749 = EDGE_CURVE ( 'NONE', #466, #4368, #2515, .T. ) ;
#3750 = ADVANCED_FACE ( 'NONE', ( #4322 ), #2493, .F. ) ;
#3751 = DIRECTION ( 'NONE',  ( 0.000000000000000000, -1.000000000000000000, 0.000000000000000000 ) ) ;
#3752 = ORIENTED_EDGE ( 'NONE', *, *, #4496, .T. ) ;
#3753 = CARTESIAN_POINT ( 'NONE',  ( -65.99999999999995737, -4.999999999999998224, 0.000000000000000000 ) ) ;
#3754 = EDGE_CURVE ( 'NONE', #65, #59, #3395, .T. ) ;
#3755 = CARTESIAN_POINT ( 'NONE',  ( -35.00000000000000000, -4.999999999999998224, 0.000000000000000000 ) ) ;
#3756 = ORIENTED_EDGE ( 'NONE', *, *, #3139, .T. ) ;
#3757 = DIRECTION ( 'NONE',  ( 1.000000000000000000, 0.000000000000000000, 0.000000000000000000 ) ) ;
#3758 = EDGE_LOOP ( 'NONE', ( #529, #3819, #54, #4194 ) ) ;
#3759 = AXIS2_PLACEMENT_3D ( 'NONE', #1925, #1460, #2880 ) ;
#3760 = DIRECTION ( 'NONE',  ( 0.000000000000000000, 1.000000000000000000, 0.000000000000000000 ) ) ;
#3761 = ORIENTED_EDGE ( 'NONE', *, *, #2345, .T. ) ;
#3762 = DIRECTION ( 'NONE',  ( -0.000000000000000000, 0.000000000000000000, -1.000000000000000000 ) ) ;
#3763 = DIRECTION ( 'NONE',  ( 1.000000000000000000, 0.000000000000000000, -1.301042606982605074E-16 ) ) ;
#3764 = AXIS2_PLACEMENT_3D ( 'NONE', #3717, #4388, #2754 ) ;
#3765 = VECTOR ( 'NONE', #4581, 1000.000000000000000 ) ;
#3766 = ORIENTED_EDGE ( 'NONE', *, *, #4543, .F. ) ;
#3767 = DIRECTION ( 'NONE',  ( 0.000000000000000000, 0.000000000000000000, 1.000000000000000000 ) ) ;
#3768 = DIRECTION ( 'NONE',  ( 0.000000000000000000, -1.000000000000000000, 0.000000000000000000 ) ) ;
#3769 = ADVANCED_FACE ( 'NONE', ( #4367 ), #1867, .F. ) ;
#3770 = SHAPE_DEFINITION_REPRESENTATION ( #2414, #1528 ) ;
#3771 = CARTESIAN_POINT ( 'NONE',  ( -35.00000000000000000, 6.474999999999999645, 8.000000000000000000 ) ) ;
#3772 = CARTESIAN_POINT ( 'NONE',  ( -109.4998963216538073, 1.084358043314753273, 4.671978426965827325 ) ) ;
#3773 = VECTOR ( 'NONE', #1878, 1000.000000000000000 ) ;
#3774 = ORIENTED_EDGE ( 'NONE', *, *, #4434, .T. ) ;
#3775 = VECTOR ( 'NONE', #460, 1000.000000000000000 ) ;
#3776 = CARTESIAN_POINT ( 'NONE',  ( -25.00000000000000355, 5.000000000000002665, 0.000000000000000000 ) ) ;
#3777 = ORIENTED_EDGE ( 'NONE', *, *, #233, .T. ) ;
#3778 = CARTESIAN_POINT ( 'NONE',  ( -78.09999999999992326, 9.999999999999971578, -15.00000000000000000 ) ) ;
#3779 = ORIENTED_EDGE ( 'NONE', *, *, #4005, .F. ) ;
#3780 = AXIS2_PLACEMENT_3D ( 'NONE', #1597, #3767, #3027 ) ;
#3781 = EDGE_CURVE ( 'NONE', #4509, #3786, #329, .T. ) ;
#3782 = DIRECTION ( 'NONE',  ( 1.000000000000000000, 0.000000000000000000, 0.000000000000000000 ) ) ;
#3783 = ORIENTED_EDGE ( 'NONE', *, *, #999, .F. ) ;
#3784 = CARTESIAN_POINT ( 'NONE',  ( -71.49999999999995737, -14.99999999999999645, 0.000000000000000000 ) ) ;
#3785 = DIRECTION ( 'NONE',  ( 0.000000000000000000, 0.000000000000000000, 1.000000000000000000 ) ) ;
#3786 = VERTEX_POINT ( 'NONE', #3274 ) ;
#3787 = LINE ( 'NONE', #231, #2357 ) ;
#3788 = DIRECTION ( 'NONE',  ( -0.000000000000000000, 0.000000000000000000, -1.000000000000000000 ) ) ;
#3789 = DIRECTION ( 'NONE',  ( -0.000000000000000000, -0.000000000000000000, -1.000000000000000000 ) ) ;
#3790 = CARTESIAN_POINT ( 'NONE',  ( 1.600000000000001865, 0.000000000000000000, 5.000000000000000888 ) ) ;
#3791 = CARTESIAN_POINT ( 'NONE',  ( -109.9749999999999517, 0.08617271817534144507, 1.384149477647044879 ) ) ;
#3792 = AXIS2_PLACEMENT_3D ( 'NONE', #2396, #1983, #3130 ) ;
#3793 = EDGE_LOOP ( 'NONE', ( #3812, #4081, #2208, #2873 ) ) ;
#3794 = VECTOR ( 'NONE', #1514, 1000.000000000000000 ) ;
#3795 = DIRECTION ( 'NONE',  ( -0.4999999999999994449, 0.000000000000000000, 0.8660254037844390407 ) ) ;
#3796 = ORIENTED_EDGE ( 'NONE', *, *, #3323, .F. ) ;
#3797 = LINE ( 'NONE', #587, #4174 ) ;
#3798 = EDGE_LOOP ( 'NONE', ( #2303, #2029 ) ) ;
#3799 = AXIS2_PLACEMENT_3D ( 'NONE', #4062, #1959, #177 ) ;
#3800 = EDGE_CURVE ( 'NONE', #1645, #100, #1455, .T. ) ;
#3801 = LINE ( 'NONE', #591, #1371 ) ;
#3802 = EDGE_CURVE ( 'NONE', #249, #3197, #2219, .T. ) ;
#3803 = EDGE_LOOP ( 'NONE', ( #1940, #3210, #504, #2279, #4124, #1679, #901, #154 ) ) ;
#3804 = EDGE_CURVE ( 'NONE', #2737, #1373, #852, .T. ) ;
#3805 = FACE_OUTER_BOUND ( 'NONE', #1132, .T. ) ;
#3806 = EDGE_CURVE ( 'NONE', #2135, #865, #3345, .T. ) ;
#3807 = DIRECTION ( 'NONE',  ( 0.000000000000000000, 0.000000000000000000, 1.000000000000000000 ) ) ;
#3808 = EDGE_CURVE ( 'NONE', #1743, #2358, #1295, .T. ) ;
#3809 = ORIENTED_EDGE ( 'NONE', *, *, #620, .T. ) ;
#3810 = DIRECTION ( 'NONE',  ( 0.000000000000000000, 0.000000000000000000, 1.000000000000000000 ) ) ;
#3811 = CIRCLE ( 'NONE', #1797, 1.599999999999998090 ) ;
#3812 = ORIENTED_EDGE ( 'NONE', *, *, #3180, .F. ) ;
#3813 = CARTESIAN_POINT ( 'NONE',  ( -123.4999999999999574, 4.999999999999998224, 5.000000000000000888 ) ) ;
#3814 = EDGE_CURVE ( 'NONE', #3032, #2210, #1067, .T. ) ;
#3815 = DIRECTION ( 'NONE',  ( -1.000000000000000000, 0.000000000000000000, 0.000000000000000000 ) ) ;
#3816 = CARTESIAN_POINT ( 'NONE',  ( -25.00000000000000355, 3.525000000000004352, 8.000000000000000000 ) ) ;
#3817 = DIRECTION ( 'NONE',  ( 0.000000000000000000, 0.000000000000000000, 1.000000000000000000 ) ) ;
#3818 = CARTESIAN_POINT ( 'NONE',  ( 5.000000000000000888, -6.123233995736767268E-16, -14.14213562373095279 ) ) ;
#3819 = ORIENTED_EDGE ( 'NONE', *, *, #1117, .T. ) ;
#3820 = DIRECTION ( 'NONE',  ( 0.000000000000000000, 1.000000000000000000, 0.000000000000000000 ) ) ;
#3821 = ORIENTED_EDGE ( 'NONE', *, *, #540, .T. ) ;
#3822 = LINE ( 'NONE', #1994, #3659 ) ;
#3823 = ORIENTED_EDGE ( 'NONE', *, *, #2087, .F. ) ;
#3824 = CYLINDRICAL_SURFACE ( 'NONE', #3470, 1.599999999999998090 ) ;
#3825 = VERTEX_POINT ( 'NONE', #4344 ) ;
#3826 = DIRECTION ( 'NONE',  ( -1.000000000000000000, 0.000000000000000000, 0.000000000000000000 ) ) ;
#3827 = DIRECTION ( 'NONE',  ( 0.000000000000000000, 0.000000000000000000, 1.000000000000000000 ) ) ;
#3828 = ADVANCED_FACE ( 'NONE', ( #3649, #2969 ), #1937, .F. ) ;
#3829 = ADVANCED_FACE ( 'NONE', ( #110 ), #1516, .T. ) ;
#3830 = VERTEX_POINT ( 'NONE', #4014 ) ;
#3831 = CARTESIAN_POINT ( 'NONE',  ( -127.0999999999999659, -8.000000000000001776, 5.000000000000001776 ) ) ;
#3832 = VERTEX_POINT ( 'NONE', #4439 ) ;
#3833 = CARTESIAN_POINT ( 'NONE',  ( -25.00000000000000355, 5.000000000000002665, 8.000000000000000000 ) ) ;
#3834 = CARTESIAN_POINT ( 'NONE',  ( -161.4999999999999716, 1.592040838891558109E-15, 3.999999999999968914 ) ) ;
#3835 = EDGE_CURVE ( 'NONE', #505, #3219, #2306, .T. ) ;
#3836 = CARTESIAN_POINT ( 'NONE',  ( 10.00000000000000178, -10.00000000000000178, 15.00000000000000000 ) ) ;
#3837 = ADVANCED_FACE ( 'NONE', ( #803 ), #2243, .F. ) ;
#3838 = DIRECTION ( 'NONE',  ( 0.000000000000000000, 0.000000000000000000, 1.000000000000000000 ) ) ;
#3839 = DIRECTION ( 'NONE',  ( 0.000000000000000000, 0.000000000000000000, 1.000000000000000000 ) ) ;
#3840 = AXIS2_PLACEMENT_3D ( 'NONE', #1562, #4384, #1227 ) ;
#3841 = DIRECTION ( 'NONE',  ( 0.000000000000000000, 0.000000000000000000, 1.000000000000000000 ) ) ;
#3842 = VECTOR ( 'NONE', #153, 1000.000000000000000 ) ;
#3843 = DIRECTION ( 'NONE',  ( 0.000000000000000000, 0.000000000000000000, 1.000000000000000000 ) ) ;
#3844 = ORIENTED_EDGE ( 'NONE', *, *, #1323, .F. ) ;
#3845 = LINE ( 'NONE', #659, #4252 ) ;
#3846 = EDGE_LOOP ( 'NONE', ( #1318, #609 ) ) ;
#3847 = VECTOR ( 'NONE', #650, 1000.000000000000000 ) ;
#3848 = CARTESIAN_POINT ( 'NONE',  ( -71.49999999999995737, 15.00000000000000355, 0.000000000000000000 ) ) ;
#3849 = VERTEX_POINT ( 'NONE', #454 ) ;
#3850 = DIRECTION ( 'NONE',  ( 0.000000000000000000, 0.000000000000000000, 1.000000000000000000 ) ) ;
#3851 = AXIS2_PLACEMENT_3D ( 'NONE', #2297, #1283, #2685 ) ;
#3852 = PLANE ( 'NONE',  #3687 ) ;
#3853 = ORIENTED_EDGE ( 'NONE', *, *, #2148, .T. ) ;
#3854 = CARTESIAN_POINT ( 'NONE',  ( -146.8999999999999773, 0.000000000000000000, 16.31370849898476294 ) ) ;
#3855 = ORIENTED_EDGE ( 'NONE', *, *, #2517, .F. ) ;
#3856 = FACE_OUTER_BOUND ( 'NONE', #2400, .T. ) ;
#3857 = DIRECTION ( 'NONE',  ( 0.000000000000000000, 0.000000000000000000, 1.000000000000000000 ) ) ;
#3858 = EDGE_CURVE ( 'NONE', #647, #1063, #104, .T. ) ;
#3859 = DIRECTION ( 'NONE',  ( 0.000000000000000000, -1.000000000000000000, 0.000000000000000000 ) ) ;
#3860 = DIRECTION ( 'NONE',  ( -1.000000000000000000, 0.000000000000000000, 0.000000000000000000 ) ) ;
#3861 = EDGE_CURVE ( 'NONE', #457, #2220, #4513, .T. ) ;
#3862 = PLANE ( 'NONE',  #2078 ) ;
#3863 = LINE ( 'NONE', #657, #2869 ) ;
#3864 = VERTEX_POINT ( 'NONE', #1186 ) ;
#3865 = CYLINDRICAL_SURFACE ( 'NONE', #4100, 1.500000000000001332 ) ;
#3866 = ORIENTED_EDGE ( 'NONE', *, *, #1312, .F. ) ;
#3867 = FACE_OUTER_BOUND ( 'NONE', #188, .T. ) ;
#3868 = ORIENTED_EDGE ( 'NONE', *, *, #3099, .T. ) ;
#3869 = ORIENTED_EDGE ( 'NONE', *, *, #2086, .F. ) ;
#3870 = CARTESIAN_POINT ( 'NONE',  ( -8.525000000000105160, -9.999999999999912959, 0.000000000000000000 ) ) ;
#3871 = AXIS2_PLACEMENT_3D ( 'NONE', #3555, #3200, #4604 ) ;
#3872 = DIRECTION ( 'NONE',  ( 0.000000000000000000, -1.000000000000000000, 0.000000000000000000 ) ) ;
#3873 = EDGE_CURVE ( 'NONE', #4522, #829, #2263, .T. ) ;
#3874 = VECTOR ( 'NONE', #3243, 1000.000000000000227 ) ;
#3875 = DIRECTION ( 'NONE',  ( 0.000000000000000000, 1.000000000000000000, 0.000000000000000000 ) ) ;
#3876 = ORIENTED_EDGE ( 'NONE', *, *, #821, .F. ) ;
#3877 = ORIENTED_EDGE ( 'NONE', *, *, #3394, .F. ) ;
#3878 = DIRECTION ( 'NONE',  ( -1.000000000000000000, 0.000000000000000000, 0.000000000000000000 ) ) ;
#3879 =( NAMED_UNIT ( * ) PLANE_ANGLE_UNIT ( ) SI_UNIT ( $, .RADIAN. ) );
#3880 = AXIS2_PLACEMENT_3D ( 'NONE', #673, #1434, #4540 ) ;
#3881 = MECHANICAL_DESIGN_GEOMETRIC_PRESENTATION_REPRESENTATION (  '', ( #1648 ), #1722 ) ;
#3882 = ORIENTED_EDGE ( 'NONE', *, *, #795, .F. ) ;
#3883 = DIRECTION ( 'NONE',  ( -0.000000000000000000, 0.000000000000000000, -1.000000000000000000 ) ) ;
#3884 = DIRECTION ( 'NONE',  ( -1.156482317317871478E-16, 1.000000000000000000, 0.000000000000000000 ) ) ;
#3885 = FACE_OUTER_BOUND ( 'NONE', #1190, .T. ) ;
#3886 = EDGE_CURVE ( 'NONE', #244, #2378, #476, .T. ) ;
#3887 = EDGE_CURVE ( 'NONE', #2606, #112, #2275, .T. ) ;
#3888 = FACE_OUTER_BOUND ( 'NONE', #4624, .T. ) ;
#3889 = DIRECTION ( 'NONE',  ( 0.000000000000000000, -1.000000000000000000, 0.000000000000000000 ) ) ;
#3890 = EDGE_LOOP ( 'NONE', ( #3175, #162 ) ) ;
#3891 = ADVANCED_FACE ( 'NONE', ( #2020 ), #3824, .F. ) ;
#3892 = FACE_OUTER_BOUND ( 'NONE', #399, .T. ) ;
#3893 = EDGE_LOOP ( 'NONE', ( #1518, #3721, #200, #4066 ) ) ;
#3894 = ADVANCED_FACE ( 'NONE', ( #1702 ), #3063, .F. ) ;
#3895 = DIRECTION ( 'NONE',  ( 0.000000000000000000, -1.000000000000000000, 0.000000000000000000 ) ) ;
#3896 = ORIENTED_EDGE ( 'NONE', *, *, #966, .T. ) ;
#3897 = DIRECTION ( 'NONE',  ( -1.000000000000000000, 3.252606517456505019E-15, 0.000000000000000000 ) ) ;
#3898 = LINE ( 'NONE', #617, #3463 ) ;
#3899 = FACE_OUTER_BOUND ( 'NONE', #439, .T. ) ;
#3900 = EDGE_LOOP ( 'NONE', ( #669, #996, #2560, #4255 ) ) ;
#3901 = ORIENTED_EDGE ( 'NONE', *, *, #1313, .F. ) ;
#3902 = DIRECTION ( 'NONE',  ( -0.000000000000000000, 0.000000000000000000, -1.000000000000000000 ) ) ;
#3903 = PRESENTATION_STYLE_ASSIGNMENT (( #2404 ) ) ;
#3904 = VERTEX_POINT ( 'NONE', #1681 ) ;
#3905 = DIRECTION ( 'NONE',  ( 1.000000000000000000, 0.000000000000000000, 0.000000000000000000 ) ) ;
#3906 = DIRECTION ( 'NONE',  ( -1.000000000000000000, 0.000000000000000000, -0.000000000000000000 ) ) ;
#3907 = DIRECTION ( 'NONE',  ( 0.000000000000000000, 0.000000000000000000, 1.000000000000000000 ) ) ;
#3908 = CARTESIAN_POINT ( 'NONE',  ( 5.000000000000000888, -6.123233995736767268E-16, 1.500000000000000888 ) ) ;
#3909 = AXIS2_PLACEMENT_3D ( 'NONE', #2918, #86, #2633 ) ;
#3910 = PLANE ( 'NONE',  #4216 ) ;
#3911 = ORIENTED_EDGE ( 'NONE', *, *, #2084, .T. ) ;
#3912 = CARTESIAN_POINT ( 'NONE',  ( -144.4999999999999716, 0.000000000000000000, 1.500000000000000888 ) ) ;
#3913 = ORIENTED_EDGE ( 'NONE', *, *, #4328, .T. ) ;
#3914 = CIRCLE ( 'NONE', #1902, 4.000000000000003553 ) ;
#3915 = DIRECTION ( 'NONE',  ( 0.000000000000000000, 0.000000000000000000, 1.000000000000000000 ) ) ;
#3916 = ORIENTED_EDGE ( 'NONE', *, *, #3800, .T. ) ;
#3917 = CARTESIAN_POINT ( 'NONE',  ( -113.5000000000001137, 4.999999999999998224, 25.00000000000010658 ) ) ;
#3918 = EDGE_CURVE ( 'NONE', #2742, #1815, #1997, .T. ) ;
#3919 = AXIS2_PLACEMENT_3D ( 'NONE', #3776, #1291, #1274 ) ;
#3920 = EDGE_CURVE ( 'NONE', #4147, #2774, #224, .T. ) ;
#3921 = DIRECTION ( 'NONE',  ( 0.000000000000000000, 0.000000000000000000, 1.000000000000000000 ) ) ;
#3922 = AXIS2_PLACEMENT_3D ( 'NONE', #99, #2983, #1532 ) ;
#3923 = VERTEX_POINT ( 'NONE', #919 ) ;
#3924 = VERTEX_POINT ( 'NONE', #1253 ) ;
#3925 = DIRECTION ( 'NONE',  ( 1.000000000000000000, 0.000000000000000000, 0.000000000000000000 ) ) ;
#3926 = FACE_OUTER_BOUND ( 'NONE', #3893, .T. ) ;
#3927 = LINE ( 'NONE', #3589, #191 ) ;
#3928 = DIRECTION ( 'NONE',  ( 0.000000000000000000, 1.000000000000000000, 0.000000000000000000 ) ) ;
#3929 = CARTESIAN_POINT ( 'NONE',  ( -109.9285904103429914, 0.3712179414456382442, 8.438194280188909602 ) ) ;
#3930 = AXIS2_PLACEMENT_3D ( 'NONE', #356, #636, #289 ) ;
#3931 = DIRECTION ( 'NONE',  ( 0.000000000000000000, 0.000000000000000000, 1.000000000000000000 ) ) ;
#3932 = CARTESIAN_POINT ( 'NONE',  ( -60.50000000000000711, 9.999999999999998224, 5.000000000000000000 ) ) ;
#3933 = ORIENTED_EDGE ( 'NONE', *, *, #4411, .T. ) ;
#3934 = DIRECTION ( 'NONE',  ( 0.000000000000000000, 0.000000000000000000, 1.000000000000000000 ) ) ;
#3935 = VERTEX_POINT ( 'NONE', #180 ) ;
#3936 = LINE ( 'NONE', #681, #1299 ) ;
#3937 = CARTESIAN_POINT ( 'NONE',  ( -98.10000000000006537, -9.999999999999880984, 0.000000000000000000 ) ) ;
#3938 = VERTEX_POINT ( 'NONE', #963 ) ;
#3939 = LINE ( 'NONE', #2168, #3794 ) ;
#3940 = DIRECTION ( 'NONE',  ( 0.000000000000000000, 1.000000000000000000, 0.000000000000000000 ) ) ;
#3941 = AXIS2_PLACEMENT_3D ( 'NONE', #2372, #4467, #1255 ) ;
#3942 = DIRECTION ( 'NONE',  ( -1.301042606982605074E-16, 0.000000000000000000, -1.000000000000000000 ) ) ;
#3943 = EDGE_CURVE ( 'NONE', #65, #3720, #247, .T. ) ;
#3944 = VECTOR ( 'NONE', #822, 1000.000000000000000 ) ;
#3945 = EDGE_CURVE ( 'NONE', #924, #3438, #2044, .T. ) ;
#3946 = ORIENTED_EDGE ( 'NONE', *, *, #2712, .F. ) ;
#3947 = ORIENTED_EDGE ( 'NONE', *, *, #3617, .F. ) ;
#3948 = PRESENTATION_STYLE_ASSIGNMENT (( #370 ) ) ;
#3949 = DIRECTION ( 'NONE',  ( 0.8660254037844387076, 0.000000000000000000, -0.4999999999999997780 ) ) ;
#3950 = VECTOR ( 'NONE', #1739, 1000.000000000000000 ) ;
#3951 = AXIS2_PLACEMENT_3D ( 'NONE', #3265, #3711, #1202 ) ;
#3952 = VECTOR ( 'NONE', #2386, 1000.000000000000000 ) ;
#3953 = FACE_BOUND ( 'NONE', #1651, .T. ) ;
#3954 = CARTESIAN_POINT ( 'NONE',  ( -120.0000000000001421, -10.00000000000000000, 18.50000000000000355 ) ) ;
#3955 = CARTESIAN_POINT ( 'NONE',  ( 1.224646799147353256E-15, -10.00000000000000000, 32.39554108468271210 ) ) ;
#3956 = DIRECTION ( 'NONE',  ( 1.000000000000000000, 0.000000000000000000, 0.000000000000000000 ) ) ;
#3957 = ORIENTED_EDGE ( 'NONE', *, *, #1341, .T. ) ;
#3958 = CARTESIAN_POINT ( 'NONE',  ( -120.6999999999999460, 7.999999999999998224, 3.383419246269049108 ) ) ;
#3959 = EDGE_LOOP ( 'NONE', ( #3035, #1277 ) ) ;
#3960 = DIRECTION ( 'NONE',  ( 0.000000000000000000, 1.000000000000000000, 0.000000000000000000 ) ) ;
#3961 = ORIENTED_EDGE ( 'NONE', *, *, #420, .F. ) ;
#3962 = EDGE_CURVE ( 'NONE', #1013, #647, #3436, .T. ) ;
#3963 = DIRECTION ( 'NONE',  ( -0.7071067811865434649, 0.7071067811865516806, -0.000000000000000000 ) ) ;
#3964 = LINE ( 'NONE', #3854, #2376 ) ;
#3965 = EDGE_LOOP ( 'NONE', ( #436, #2905 ) ) ;
#3966 = CARTESIAN_POINT ( 'NONE',  ( 15.00000000000000000, -14.99999999999999645, 15.00000000000000000 ) ) ;
#3967 = CARTESIAN_POINT ( 'NONE',  ( -110.4233031693779310, 4.999999999999995559, 0.000000000000000000 ) ) ;
#3968 = CIRCLE ( 'NONE', #2927, 10.00000000000000000 ) ;
#3969 = CARTESIAN_POINT ( 'NONE',  ( -123.4999999999999574, -8.000000000000001776, 5.000000000000000888 ) ) ;
#3970 = ORIENTED_EDGE ( 'NONE', *, *, #1232, .T. ) ;
#3971 = EDGE_LOOP ( 'NONE', ( #147, #169 ) ) ;
#3972 = CARTESIAN_POINT ( 'NONE',  ( -35.00000000000000000, 5.000000000000000888, -5.000000000000000888 ) ) ;
#3973 = DIRECTION ( 'NONE',  ( 0.000000000000000000, -1.000000000000000000, 0.000000000000000000 ) ) ;
#3974 = FACE_OUTER_BOUND ( 'NONE', #2495, .T. ) ;
#3975 = DIRECTION ( 'NONE',  ( 0.000000000000000000, 0.000000000000000000, -1.000000000000000000 ) ) ;
#3976 = EDGE_CURVE ( 'NONE', #937, #2348, #3414, .T. ) ;
#3977 = AXIS2_PLACEMENT_3D ( 'NONE', #3972, #808, #1163 ) ;
#3978 = LINE ( 'NONE', #444, #619 ) ;
#3979 = EDGE_CURVE ( 'NONE', #408, #1088, #4211, .T. ) ;
#3980 = CYLINDRICAL_SURFACE ( 'NONE', #3922, 1.600000000000002531 ) ;
#3981 = ORIENTED_EDGE ( 'NONE', *, *, #2878, .F. ) ;
#3982 = DIRECTION ( 'NONE',  ( 0.000000000000000000, 0.000000000000000000, 1.000000000000000000 ) ) ;
#3983 = ORIENTED_EDGE ( 'NONE', *, *, #4121, .F. ) ;
#3984 = CARTESIAN_POINT ( 'NONE',  ( -10.00000000000010658, -9.999999999999896971, 0.000000000000000000 ) ) ;
#3985 = CARTESIAN_POINT ( 'NONE',  ( -1.600000000000001865, -1.959434878635767449E-16, 5.000000000000000888 ) ) ;
#3986 = ORIENTED_EDGE ( 'NONE', *, *, #245, .F. ) ;
#3987 = DIRECTION ( 'NONE',  ( 0.000000000000000000, 0.000000000000000000, 1.000000000000000000 ) ) ;
#3988 = VECTOR ( 'NONE', #497, 1000.000000000000000 ) ;
#3989 = AXIS2_PLACEMENT_3D ( 'NONE', #1960, #1637, #1319 ) ;
#3990 = DIRECTION ( 'NONE',  ( -1.000000000000000000, 0.000000000000000000, -0.000000000000000000 ) ) ;
#3991 = VERTEX_POINT ( 'NONE', #3042 ) ;
#3992 = ORIENTED_EDGE ( 'NONE', *, *, #2179, .F. ) ;
#3993 = AXIS2_PLACEMENT_3D ( 'NONE', #2713, #2016, #3123 ) ;
#3994 = CARTESIAN_POINT ( 'NONE',  ( -11.47500000000010623, -9.999999999999882760, 0.000000000000000000 ) ) ;
#3995 = ADVANCED_FACE ( 'NONE', ( #2676 ), #1658, .F. ) ;
#3996 = AXIS2_PLACEMENT_3D ( 'NONE', #4078, #2181, #76 ) ;
#3997 = VERTEX_POINT ( 'NONE', #548 ) ;
#3998 = DIRECTION ( 'NONE',  ( 0.000000000000000000, 1.000000000000000000, 0.000000000000000000 ) ) ;
#3999 = CARTESIAN_POINT ( 'NONE',  ( -103.4999999999999574, 21.02974084481308736, 18.50000000000000000 ) ) ;
#4000 = LINE ( 'NONE', #789, #2165 ) ;
#4001 = AXIS2_PLACEMENT_3D ( 'NONE', #1217, #1646, #2663 ) ;
#4002 = EDGE_CURVE ( 'NONE', #1475, #2210, #202, .T. ) ;
#4003 = DIRECTION ( 'NONE',  ( 0.000000000000000000, 0.000000000000000000, 1.000000000000000000 ) ) ;
#4004 = ADVANCED_FACE ( 'NONE', ( #1278 ), #939, .F. ) ;
#4005 = EDGE_CURVE ( 'NONE', #865, #1881, #1296, .T. ) ;
#4006 = DIRECTION ( 'NONE',  ( 0.000000000000000000, -1.000000000000000000, 0.000000000000000000 ) ) ;
#4007 = ORIENTED_EDGE ( 'NONE', *, *, #2638, .T. ) ;
#4008 = DIRECTION ( 'NONE',  ( 1.000000000000000000, 0.000000000000000000, 0.000000000000000000 ) ) ;
#4009 = ORIENTED_EDGE ( 'NONE', *, *, #1894, .T. ) ;
#4010 = LINE ( 'NONE', #1955, #4625 ) ;
#4011 = ORIENTED_EDGE ( 'NONE', *, *, #1923, .F. ) ;
#4012 = LINE ( 'NONE', #2942, #3203 ) ;
#4013 = EDGE_CURVE ( 'NONE', #4047, #103, #4175, .T. ) ;
#4014 = CARTESIAN_POINT ( 'NONE',  ( 8.525000000000035882, 9.999999999999971578, 0.000000000000000000 ) ) ;
#4015 = ORIENTED_EDGE ( 'NONE', *, *, #150, .F. ) ;
#4016 = ORIENTED_EDGE ( 'NONE', *, *, #2086, .T. ) ;
#4017 = CLOSED_SHELL ( 'NONE', ( #3506, #4437, #2398, #2101, #509, #3630, #4142, #2867, #4583, #1111, #4173, #3552, #1107, #709, #36, #4603 ) ) ;
#4018 = DIRECTION ( 'NONE',  ( 1.000000000000000000, 0.000000000000000000, 0.000000000000000000 ) ) ;
#4019 = VECTOR ( 'NONE', #4616, 1000.000000000000000 ) ;
#4020 = AXIS2_PLACEMENT_3D ( 'NONE', #3600, #2120, #1771 ) ;
#4021 = EDGE_LOOP ( 'NONE', ( #2097, #1214, #3663, #2444 ) ) ;
#4022 = DIRECTION ( 'NONE',  ( -1.000000000000000000, 0.000000000000000000, 0.000000000000000000 ) ) ;
#4023 = AXIS2_PLACEMENT_3D ( 'NONE', #2995, #4436, #4418 ) ;
#4024 = CARTESIAN_POINT ( 'NONE',  ( -103.4999999999999574, -10.00000000000000178, 10.00000000000000178 ) ) ;
#4025 = DIRECTION ( 'NONE',  ( 0.000000000000000000, -1.000000000000000000, 0.000000000000000000 ) ) ;
#4026 = AXIS2_PLACEMENT_3D ( 'NONE', #4032, #3308, #1150 ) ;
#4027 = AXIS2_PLACEMENT_3D ( 'NONE', #2976, #3975, #2899 ) ;
#4028 = CARTESIAN_POINT ( 'NONE',  ( -120.6999999999999460, 7.999999999999998224, 3.383419246269049108 ) ) ;
#4029 = DIRECTION ( 'NONE',  ( 0.000000000000000000, -1.000000000000000000, 0.000000000000000000 ) ) ;
#4030 = ORIENTED_EDGE ( 'NONE', *, *, #3671, .F. ) ;
#4031 = EDGE_CURVE ( 'NONE', #3481, #249, #3801, .T. ) ;
#4032 = CARTESIAN_POINT ( 'NONE',  ( 0.000000000000000000, 0.000000000000000000, 57.42640687119285303 ) ) ;
#4033 = VERTEX_POINT ( 'NONE', #4222 ) ;
#4034 = EDGE_CURVE ( 'NONE', #3786, #4509, #1147, .T. ) ;
#4035 = LINE ( 'NONE', #2258, #1684 ) ;
#4036 = CIRCLE ( 'NONE', #2824, 5.000000000000004441 ) ;
#4037 = CARTESIAN_POINT ( 'NONE',  ( -86.49999999999995737, -5.000000000000000000, 0.000000000000000000 ) ) ;
#4038 = VERTEX_POINT ( 'NONE', #641 ) ;
#4039 = DIRECTION ( 'NONE',  ( 1.000000000000000000, 0.000000000000000000, 0.000000000000000000 ) ) ;
#4040 = LINE ( 'NONE', #2406, #542 ) ;
#4041 = CARTESIAN_POINT ( 'NONE',  ( -25.00000000000000355, 5.000000000000002665, -5.000000000000000888 ) ) ;
#4042 = EDGE_CURVE ( 'NONE', #1766, #2735, #362, .T. ) ;
#4043 = DIRECTION ( 'NONE',  ( 0.000000000000000000, -1.000000000000000000, 0.000000000000000000 ) ) ;
#4044 = ORIENTED_EDGE ( 'NONE', *, *, #3749, .T. ) ;
#4045 = EDGE_LOOP ( 'NONE', ( #818, #1279, #1978, #3420 ) ) ;
#4046 = CARTESIAN_POINT ( 'NONE',  ( 4.000000000000000888, 0.000000000000000000, 16.31370849898476294 ) ) ;
#4047 = VERTEX_POINT ( 'NONE', #661 ) ;
#4048 = LINE ( 'NONE', #1525, #3565 ) ;
#4049 = FACE_OUTER_BOUND ( 'NONE', #2363, .T. ) ;
#4050 = CARTESIAN_POINT ( 'NONE',  ( -148.4999999999999716, 0.000000000000000000, 16.31370849898476294 ) ) ;
#4051 = EDGE_CURVE ( 'NONE', #4274, #1364, #3223, .T. ) ;
#4052 = CARTESIAN_POINT ( 'NONE',  ( -76.49999999999995737, -11.60000000000000497, 0.000000000000000000 ) ) ;
#4053 = EDGE_LOOP ( 'NONE', ( #3007, #4288, #3128, #3689 ) ) ;
#4054 = CARTESIAN_POINT ( 'NONE',  ( -108.4999999999999574, 4.999999999999998224, 4.357864376269049878 ) ) ;
#4055 = ORIENTED_EDGE ( 'NONE', *, *, #2767, .F. ) ;
#4056 = DIRECTION ( 'NONE',  ( 1.000000000000000000, -1.058475341273983546E-14, 0.000000000000000000 ) ) ;
#4057 = AXIS2_PLACEMENT_3D ( 'NONE', #1346, #2770, #343 ) ;
#4058 = DIRECTION ( 'NONE',  ( 0.000000000000000000, -1.000000000000000000, 0.000000000000000000 ) ) ;
#4059 = ORIENTED_EDGE ( 'NONE', *, *, #4495, .T. ) ;
#4060 = DIRECTION ( 'NONE',  ( 0.000000000000000000, 0.000000000000000000, 1.000000000000000000 ) ) ;
#4061 = DIRECTION ( 'NONE',  ( -1.000000000000000000, 0.000000000000000000, 0.000000000000000000 ) ) ;
#4062 = CARTESIAN_POINT ( 'NONE',  ( -123.4999999999999574, -10.00000000000000178, 5.000000000000000888 ) ) ;
#4063 = CIRCLE ( 'NONE', #2782, 1.475000000000000533 ) ;
#4064 = VECTOR ( 'NONE', #4003, 1000.000000000000000 ) ;
#4065 = DIRECTION ( 'NONE',  ( 0.000000000000000000, 0.000000000000000000, 1.000000000000000000 ) ) ;
#4066 = ORIENTED_EDGE ( 'NONE', *, *, #4290, .F. ) ;
#4067 = EDGE_CURVE ( 'NONE', #4346, #1373, #2860, .T. ) ;
#4068 = VECTOR ( 'NONE', #2698, 1000.000000000000000 ) ;
#4069 = EDGE_LOOP ( 'NONE', ( #593, #3088, #2883, #1822 ) ) ;
#4070 = EDGE_CURVE ( 'NONE', #2210, #3661, #2069, .T. ) ;
#4071 = CARTESIAN_POINT ( 'NONE',  ( -136.5919107027985433, 0.000000000000000000, 3.035766082959412415E-15 ) ) ;
#4072 = VECTOR ( 'NONE', #2164, 1000.000000000000000 ) ;
#4073 = AXIS2_PLACEMENT_3D ( 'NONE', #2734, #2113, #2882 ) ;
#4074 = ORIENTED_EDGE ( 'NONE', *, *, #1662, .T. ) ;
#4075 = DIRECTION ( 'NONE',  ( 0.000000000000000000, 1.000000000000000000, 0.000000000000000000 ) ) ;
#4076 = CIRCLE ( 'NONE', #4221, 1.474999999999998090 ) ;
#4077 = CIRCLE ( 'NONE', #3188, 1.500000000000001332 ) ;
#4078 = CARTESIAN_POINT ( 'NONE',  ( 0.000000000000000000, 0.000000000000000000, 0.000000000000000000 ) ) ;
#4079 = ORIENTED_EDGE ( 'NONE', *, *, #1522, .T. ) ;
#4080 = LINE ( 'NONE', #3818, #2009 ) ;
#4081 = ORIENTED_EDGE ( 'NONE', *, *, #2204, .T. ) ;
#4082 = CARTESIAN_POINT ( 'NONE',  ( -126.2999999999999687, 7.999999999999998224, 3.383419246269042002 ) ) ;
#4083 = CARTESIAN_POINT ( 'NONE',  ( -78.09999999999992326, 9.999999999999971578, 2.000000000000001776 ) ) ;
#4084 = ORIENTED_EDGE ( 'NONE', *, *, #3361, .T. ) ;
#4085 = DIRECTION ( 'NONE',  ( -0.000000000000000000, 0.000000000000000000, -1.000000000000000000 ) ) ;
#4086 = CARTESIAN_POINT ( 'NONE',  ( -15.00000000000000355, 15.00000000000000355, 0.000000000000000000 ) ) ;
#4087 = ORIENTED_EDGE ( 'NONE', *, *, #1890, .F. ) ;
#4088 = ORIENTED_EDGE ( 'NONE', *, *, #2204, .F. ) ;
#4089 = DIRECTION ( 'NONE',  ( 0.000000000000000000, -1.000000000000000000, 0.000000000000000000 ) ) ;
#4090 = ADVANCED_FACE ( 'NONE', ( #3867 ), #1102, .F. ) ;
#4091 = EDGE_CURVE ( 'NONE', #3400, #466, #2118, .T. ) ;
#4092 = EDGE_CURVE ( 'NONE', #2984, #408, #4293, .T. ) ;
#4093 = EDGE_LOOP ( 'NONE', ( #4249, #1638, #4079, #719 ) ) ;
#4094 = CARTESIAN_POINT ( 'NONE',  ( -45.50000000000001421, -5.000000000000001776, 5.000000000000000000 ) ) ;
#4095 = LINE ( 'NONE', #880, #1502 ) ;
#4096 = EDGE_CURVE ( 'NONE', #1517, #3743, #2532, .T. ) ;
#4097 = DIRECTION ( 'NONE',  ( 0.000000000000000000, -1.000000000000000000, 0.000000000000000000 ) ) ;
#4098 = CARTESIAN_POINT ( 'NONE',  ( -71.49999999999995737, 15.00000000000000355, 0.000000000000000000 ) ) ;
#4099 = ORIENTED_EDGE ( 'NONE', *, *, #4572, .T. ) ;
#4100 = AXIS2_PLACEMENT_3D ( 'NONE', #1721, #359, #1033 ) ;
#4101 = CARTESIAN_POINT ( 'NONE',  ( -15.00000000000000000, -14.99999999999999645, 0.000000000000000000 ) ) ;
#4102 = DIRECTION ( 'NONE',  ( 0.000000000000000000, 0.000000000000000000, 1.000000000000000000 ) ) ;
#4103 = ORIENTED_EDGE ( 'NONE', *, *, #733, .F. ) ;
#4104 = CARTESIAN_POINT ( 'NONE',  ( -120.6999999999999460, 7.999999999999998224, 6.616580753730954889 ) ) ;
#4105 = AXIS2_PLACEMENT_3D ( 'NONE', #1762, #2755, #1050 ) ;
#4106 = VERTEX_POINT ( 'NONE', #1362 ) ;
#4107 = PRESENTATION_LAYER_ASSIGNMENT (  '', '', ( #1339 ) ) ;
#4108 = DIRECTION ( 'NONE',  ( -1.000000000000000000, 0.000000000000000000, 0.000000000000000000 ) ) ;
#4109 = ORIENTED_EDGE ( 'NONE', *, *, #71, .T. ) ;
#4110 = DIRECTION ( 'NONE',  ( 0.000000000000000000, 0.000000000000000000, 1.000000000000000000 ) ) ;
#4111 = CARTESIAN_POINT ( 'NONE',  ( -76.49999999999995737, -8.400000000000000355, 0.000000000000000000 ) ) ;
#4112 = ADVANCED_FACE ( 'NONE', ( #1080 ), #2511, .T. ) ;
#4113 = ORIENTED_EDGE ( 'NONE', *, *, #3381, .T. ) ;
#4114 = CARTESIAN_POINT ( 'NONE',  ( -55.99999999999995737, -4.999999999999998224, 0.000000000000000000 ) ) ;
#4115 = CARTESIAN_POINT ( 'NONE',  ( -160.4080892972013714, 1.458320344177856202E-15, 0.000000000000000000 ) ) ;
#4116 = CIRCLE ( 'NONE', #1127, 4.000000000000000000 ) ;
#4117 = CARTESIAN_POINT ( 'NONE',  ( -152.4999999999999716, -4.898587196589410857E-16, 1.500000000000000888 ) ) ;
#4118 = EDGE_CURVE ( 'NONE', #3599, #1732, #3936, .T. ) ;
#4119 = CARTESIAN_POINT ( 'NONE',  ( -109.5951503654386983, 0.9908166101350094346, 3.337653753121963884 ) ) ;
#4120 = ORIENTED_EDGE ( 'NONE', *, *, #28, .F. ) ;
#4121 = EDGE_CURVE ( 'NONE', #3340, #768, #1470, .T. ) ;
#4122 = DIRECTION ( 'NONE',  ( 0.000000000000000000, 0.000000000000000000, 1.000000000000000000 ) ) ;
#4123 = DIRECTION ( 'NONE',  ( 0.000000000000000000, -1.000000000000000000, 0.000000000000000000 ) ) ;
#4124 = ORIENTED_EDGE ( 'NONE', *, *, #3804, .F. ) ;
#4125 = DIRECTION ( 'NONE',  ( 0.000000000000000000, -1.000000000000000000, 0.000000000000000000 ) ) ;
#4126 = ORIENTED_EDGE ( 'NONE', *, *, #1969, .T. ) ;
#4127 = DIRECTION ( 'NONE',  ( 0.000000000000000000, 0.000000000000000000, 1.000000000000000000 ) ) ;
#4128 = ORIENTED_EDGE ( 'NONE', *, *, #1999, .T. ) ;
#4129 = CARTESIAN_POINT ( 'NONE',  ( -69.49999999999995737, 9.999999999999998224, -27.24426545165052005 ) ) ;
#4130 = CARTESIAN_POINT ( 'NONE',  ( -45.50000000000001421, -5.000000000000001776, 0.000000000000000000 ) ) ;
#4131 = AXIS2_PLACEMENT_3D ( 'NONE', #1590, #283, #2967 ) ;
#4132 = VECTOR ( 'NONE', #503, 1000.000000000000000 ) ;
#4133 = ORIENTED_EDGE ( 'NONE', *, *, #3349, .F. ) ;
#4134 = CARTESIAN_POINT ( 'NONE',  ( -86.49999999999995737, 0.000000000000000000, 0.000000000000000000 ) ) ;
#4135 = PRODUCT_DEFINITION_FORMATION_WITH_SPECIFIED_SOURCE ( 'ANY', '', #4588, .NOT_KNOWN. ) ;
#4136 =( NAMED_UNIT ( * ) PLANE_ANGLE_UNIT ( ) SI_UNIT ( $, .RADIAN. ) );
#4137 = CYLINDRICAL_SURFACE ( 'NONE', #115, 5.000000000000000000 ) ;
#4138 = DIRECTION ( 'NONE',  ( -0.8660254037844387076, 0.000000000000000000, 0.4999999999999997780 ) ) ;
#4139 = DIRECTION ( 'NONE',  ( -0.000000000000000000, 0.000000000000000000, -1.000000000000000000 ) ) ;
#4140 = VECTOR ( 'NONE', #1415, 1000.000000000000000 ) ;
#4141 = ORIENTED_EDGE ( 'NONE', *, *, #1051, .T. ) ;
#4142 = ADVANCED_FACE ( 'NONE', ( #3174, #723, #339, #2886, #1769, #3198 ), #4623, .F. ) ;
#4143 = CIRCLE ( 'NONE', #1383, 1.475000000000000533 ) ;
#4144 = EDGE_CURVE ( 'NONE', #745, #2238, #3914, .T. ) ;
#4145 = DIRECTION ( 'NONE',  ( 0.000000000000000000, 0.000000000000000000, 1.000000000000000000 ) ) ;
#4146 = LINE ( 'NONE', #1609, #1378 ) ;
#4147 = VERTEX_POINT ( 'NONE', #1058 ) ;
#4148 = DIRECTION ( 'NONE',  ( 0.000000000000000000, -1.000000000000000000, 0.000000000000000000 ) ) ;
#4149 = EDGE_LOOP ( 'NONE', ( #4302, #3408, #138, #4055 ) ) ;
#4150 = PRESENTATION_LAYER_ASSIGNMENT (  '', '', ( #862 ) ) ;
#4151 = CARTESIAN_POINT ( 'NONE',  ( -108.4999999999999574, 1.599999999999998312, 4.357864376269049878 ) ) ;
#4152 = ORIENTED_EDGE ( 'NONE', *, *, #2603, .T. ) ;
#4153 = VERTEX_POINT ( 'NONE', #2488 ) ;
#4154 = DIRECTION ( 'NONE',  ( -1.000000000000000000, 0.000000000000000000, 0.000000000000000000 ) ) ;
#4155 = DIRECTION ( 'NONE',  ( 0.000000000000000000, 0.000000000000000000, -1.000000000000000000 ) ) ;
#4156 = ORIENTED_EDGE ( 'NONE', *, *, #825, .F. ) ;
#4157 = CARTESIAN_POINT ( 'NONE',  ( -35.00000000000000000, 5.000000000000000888, 8.000000000000000000 ) ) ;
#4158 = ORIENTED_EDGE ( 'NONE', *, *, #3099, .F. ) ;
#4159 = LINE ( 'NONE', #925, #560 ) ;
#4160 =( NAMED_UNIT ( * ) SI_UNIT ( $, .STERADIAN. ) SOLID_ANGLE_UNIT ( ) );
#4161 = LINE ( 'NONE', #193, #43 ) ;
#4162 = DIRECTION ( 'NONE',  ( 1.000000000000000000, 0.000000000000000000, 0.000000000000000000 ) ) ;
#4163 = CARTESIAN_POINT ( 'NONE',  ( -109.7471094817651220, 0.8007524567753808720, 7.637425443700559313 ) ) ;
#4164 = EDGE_LOOP ( 'NONE', ( #1557, #4584, #1141, #640 ) ) ;
#4165 = VECTOR ( 'NONE', #2099, 1000.000000000000000 ) ;
#4166 =( NAMED_UNIT ( * ) SI_UNIT ( $, .STERADIAN. ) SOLID_ANGLE_UNIT ( ) );
#4167 = ADVANCED_FACE ( 'NONE', ( #703 ), #2138, .F. ) ;
#4168 = CARTESIAN_POINT ( 'NONE',  ( -5.000000000000000888, 0.000000000000000000, 0.000000000000000000 ) ) ;
#4169 = EDGE_LOOP ( 'NONE', ( #563, #1854 ) ) ;
#4170 = CARTESIAN_POINT ( 'NONE',  ( -128.4999999999999432, 4.999999999999998224, 0.000000000000000000 ) ) ;
#4171 = EDGE_LOOP ( 'NONE', ( #181, #4229, #4447, #521, #1704, #3783 ) ) ;
#4172 = AXIS2_PLACEMENT_3D ( 'NONE', #2379, #1325, #407 ) ;
#4173 = ADVANCED_FACE ( 'NONE', ( #2989 ), #1586, .F. ) ;
#4174 = VECTOR ( 'NONE', #1611, 1000.000000000000000 ) ;
#4175 = LINE ( 'NONE', #4151, #3399 ) ;
#4176 = AXIS2_PLACEMENT_3D ( 'NONE', #2906, #3009, #78 ) ;
#4177 = ORIENTED_EDGE ( 'NONE', *, *, #3873, .T. ) ;
#4178 = CARTESIAN_POINT ( 'NONE',  ( -148.4999999999999716, -0.000000000000000000, -36.76955262170046268 ) ) ;
#4179 = LINE ( 'NONE', #2049, #22 ) ;
#4180 = ADVANCED_FACE ( 'NONE', ( #1490 ), #2185, .T. ) ;
#4181 =( GEOMETRIC_REPRESENTATION_CONTEXT ( 3 ) GLOBAL_UNCERTAINTY_ASSIGNED_CONTEXT ( ( #1872 ) ) GLOBAL_UNIT_ASSIGNED_CONTEXT ( ( #1021, #3879, #1402 ) ) REPRESENTATION_CONTEXT ( 'NONE', 'WORKASPACE' ) );
#4182 = ORIENTED_EDGE ( 'NONE', *, *, #1558, .T. ) ;
#4183 = CARTESIAN_POINT ( 'NONE',  ( -120.0000000000001421, 9.999999999999996447, 18.50000000000000355 ) ) ;
#4184 = ORIENTED_EDGE ( 'NONE', *, *, #3095, .T. ) ;
#4185 = LINE ( 'NONE', #2800, #4529 ) ;
#4186 = ORIENTED_EDGE ( 'NONE', *, *, #3324, .F. ) ;
#4187 = CARTESIAN_POINT ( 'NONE',  ( -40.50000000000000711, -10.00000000000000178, 0.000000000000000000 ) ) ;
#4188 = DIRECTION ( 'NONE',  ( -0.000000000000000000, 0.000000000000000000, -1.000000000000000000 ) ) ;
#4189 = LINE ( 'NONE', #2407, #730 ) ;
#4190 = CYLINDRICAL_SURFACE ( 'NONE', #724, 1.600000000000002531 ) ;
#4191 = CYLINDRICAL_SURFACE ( 'NONE', #851, 1.475000000000000533 ) ;
#4192 = ORIENTED_EDGE ( 'NONE', *, *, #1888, .F. ) ;
#4193 = DIRECTION ( 'NONE',  ( 1.000000000000000000, -1.084202172485501594E-14, 0.000000000000000000 ) ) ;
#4194 = ORIENTED_EDGE ( 'NONE', *, *, #736, .T. ) ;
#4195 = CARTESIAN_POINT ( 'NONE',  ( -137.5999999999999659, 0.000000000000000000, -36.76955262170046268 ) ) ;
#4196 = EDGE_LOOP ( 'NONE', ( #1282, #532, #615, #1707 ) ) ;
#4197 = CARTESIAN_POINT ( 'NONE',  ( -45.50000000000001421, 3.400000000000000355, 5.000000000000000000 ) ) ;
#4198 = CARTESIAN_POINT ( 'NONE',  ( -123.4999999999999574, -5.000000000000001776, 5.000000000000000888 ) ) ;
#4199 = AXIS2_PLACEMENT_3D ( 'NONE', #4578, #943, #1425 ) ;
#4200 = ADVANCED_FACE ( 'NONE', ( #3621 ), #3362, .F. ) ;
#4201 = ADVANCED_FACE ( 'NONE', ( #796, #4412, #2236, #1858, #2626, #80 ), #406, .T. ) ;
#4202 = ORIENTED_EDGE ( 'NONE', *, *, #3095, .F. ) ;
#4203 = CARTESIAN_POINT ( 'NONE',  ( -86.49999999999995737, 0.000000000000000000, 0.000000000000000000 ) ) ;
#4204 = CIRCLE ( 'NONE', #1450, 1.600000000000002531 ) ;
#4205 = VERTEX_POINT ( 'NONE', #1153 ) ;
#4206 = FACE_OUTER_BOUND ( 'NONE', #2941, .T. ) ;
#4207 = CARTESIAN_POINT ( 'NONE',  ( -45.50000000000001421, 4.999999999999998224, 0.000000000000000000 ) ) ;
#4208 = VECTOR ( 'NONE', #731, 1000.000000000000000 ) ;
#4209 = DIRECTION ( 'NONE',  ( 0.000000000000000000, 1.000000000000000000, 0.000000000000000000 ) ) ;
#4210 = AXIS2_PLACEMENT_3D ( 'NONE', #4362, #105, #1179 ) ;
#4211 = CIRCLE ( 'NONE', #3989, 13.00000000000001066 ) ;
#4212 = CYLINDRICAL_SURFACE ( 'NONE', #2270, 1.600000000000004086 ) ;
#4213 = CARTESIAN_POINT ( 'NONE',  ( -108.4999999999999574, -1.734723475976807094E-15, 35.00000000000000000 ) ) ;
#4214 = EDGE_CURVE ( 'NONE', #2271, #4205, #3665, .T. ) ;
#4215 = DIRECTION ( 'NONE',  ( 1.000000000000000000, 0.000000000000000000, 0.000000000000000000 ) ) ;
#4216 = AXIS2_PLACEMENT_3D ( 'NONE', #1008, #2463, #3889 ) ;
#4217 = CARTESIAN_POINT ( 'NONE',  ( -148.4999999999999716, 0.000000000000000000, 3.035766082959412415E-15 ) ) ;
#4218 = ORIENTED_EDGE ( 'NONE', *, *, #2826, .F. ) ;
#4219 = FACE_OUTER_BOUND ( 'NONE', #2699, .T. ) ;
#4220 = ORIENTED_EDGE ( 'NONE', *, *, #324, .T. ) ;
#4221 = AXIS2_PLACEMENT_3D ( 'NONE', #630, #2500, #4589 ) ;
#4222 = CARTESIAN_POINT ( 'NONE',  ( -35.00000000000000000, -6.474999999999996092, 0.000000000000000000 ) ) ;
#4223 = ORIENTED_EDGE ( 'NONE', *, *, #2543, .T. ) ;
#4224 = VERTEX_POINT ( 'NONE', #1840 ) ;
#4225 = CARTESIAN_POINT ( 'NONE',  ( -0.0007652475581716722264, -29.99923475244206728, 35.99892865341850978 ) ) ;
#4226 = DIRECTION ( 'NONE',  ( 0.000000000000000000, 0.000000000000000000, 1.000000000000000000 ) ) ;
#4227 = DIRECTION ( 'NONE',  ( 0.000000000000000000, -1.000000000000000000, 0.000000000000000000 ) ) ;
#4228 = EDGE_LOOP ( 'NONE', ( #2965, #4084 ) ) ;
#4229 = ORIENTED_EDGE ( 'NONE', *, *, #1173, .T. ) ;
#4230 = CARTESIAN_POINT ( 'NONE',  ( -60.50000000000000711, -10.00000000000000178, 0.000000000000000000 ) ) ;
#4231 = EDGE_CURVE ( 'NONE', #171, #2893, #3700, .T. ) ;
#4232 = SURFACE_STYLE_USAGE ( .BOTH. , #2801 ) ;
#4233 = ADVANCED_FACE ( 'NONE', ( #4339 ), #843, .F. ) ;
#4234 = EDGE_CURVE ( 'NONE', #1630, #878, #3291, .T. ) ;
#4235 = ADVANCED_FACE ( 'NONE', ( #2283, #2938 ), #1537, .F. ) ;
#4236 = DIRECTION ( 'NONE',  ( 1.000000000000000000, 0.000000000000000000, 0.000000000000000000 ) ) ;
#4237 = CARTESIAN_POINT ( 'NONE',  ( -60.50000000000000711, -10.00000000000000178, 0.000000000000000000 ) ) ;
#4238 = CARTESIAN_POINT ( 'NONE',  ( -76.49999999999995737, -10.00000000000000178, 2.000000000000001776 ) ) ;
#4239 = EDGE_CURVE ( 'NONE', #3832, #2925, #152, .T. ) ;
#4240 = CARTESIAN_POINT ( 'NONE',  ( -76.49999999999995737, -8.400000000000000355, 2.000000000000001776 ) ) ;
#4241 = CIRCLE ( 'NONE', #2369, 1.600000000000004086 ) ;
#4242 = LINE ( 'NONE', #2854, #2050 ) ;
#4243 = ORIENTED_EDGE ( 'NONE', *, *, #1522, .F. ) ;
#4244 = CYLINDRICAL_SURFACE ( 'NONE', #212, 1.599999999999990319 ) ;
#4245 = ORIENTED_EDGE ( 'NONE', *, *, #519, .T. ) ;
#4246 = VECTOR ( 'NONE', #387, 1000.000000000000000 ) ;
#4247 = CARTESIAN_POINT ( 'NONE',  ( -128.4999999999999432, 9.999999999999998224, 10.00000000000000178 ) ) ;
#4248 = AXIS2_PLACEMENT_3D ( 'NONE', #674, #2133, #3193 ) ;
#4249 = ORIENTED_EDGE ( 'NONE', *, *, #1145, .F. ) ;
#4250 = CIRCLE ( 'NONE', #4172, 10.00000000000000000 ) ;
#4251 = CARTESIAN_POINT ( 'NONE',  ( -148.4999999999999716, 0.000000000000000000, 1.500000000000000888 ) ) ;
#4252 = VECTOR ( 'NONE', #1814, 1000.000000000000000 ) ;
#4253 = DIRECTION ( 'NONE',  ( 0.000000000000000000, -1.000000000000000000, 0.000000000000000000 ) ) ;
#4254 = CARTESIAN_POINT ( 'NONE',  ( -108.4999999999999574, -1.734723475976807094E-15, 18.50000000000000000 ) ) ;
#4255 = ORIENTED_EDGE ( 'NONE', *, *, #3918, .F. ) ;
#4256 = ORIENTED_EDGE ( 'NONE', *, *, #3945, .T. ) ;
#4257 = PLANE ( 'NONE',  #1622 ) ;
#4258 = AXIS2_PLACEMENT_3D ( 'NONE', #2705, #3091, #1945 ) ;
#4259 = MECHANICAL_DESIGN_GEOMETRIC_PRESENTATION_REPRESENTATION (  '', ( #3369 ), #1116 ) ;
#4260 = DIRECTION ( 'NONE',  ( -0.000000000000000000, -0.000000000000000000, -1.000000000000000000 ) ) ;
#4261 = CARTESIAN_POINT ( 'NONE',  ( -120.6999999999999602, 9.999999999999998224, 3.383419246269049108 ) ) ;
#4262 = LINE ( 'NONE', #2131, #1333 ) ;
#4263 = DIRECTION ( 'NONE',  ( -0.3420201433256645496, 0.000000000000000000, -0.9396926207859098712 ) ) ;
#4264 = EDGE_CURVE ( 'NONE', #1508, #3400, #4035, .T. ) ;
#4265 = DIRECTION ( 'NONE',  ( -0.000000000000000000, -0.000000000000000000, -1.000000000000000000 ) ) ;
#4266 = ORIENTED_EDGE ( 'NONE', *, *, #17, .T. ) ;
#4267 = DIRECTION ( 'NONE',  ( 0.000000000000000000, 0.000000000000000000, 1.000000000000000000 ) ) ;
#4268 = EDGE_LOOP ( 'NONE', ( #1294, #2350, #1043, #3913 ) ) ;
#4269 = DIRECTION ( 'NONE',  ( 0.000000000000000000, 0.000000000000000000, 1.000000000000000000 ) ) ;
#4270 = ORIENTED_EDGE ( 'NONE', *, *, #2143, .F. ) ;
#4271 = DIRECTION ( 'NONE',  ( 0.000000000000000000, -1.000000000000000000, 0.000000000000000000 ) ) ;
#4272 = DIRECTION ( 'NONE',  ( 0.000000000000000000, 0.000000000000000000, 1.000000000000000000 ) ) ;
#4273 = CARTESIAN_POINT ( 'NONE',  ( -103.4999999999999574, 21.02974084481308736, 18.50000000000000000 ) ) ;
#4274 = VERTEX_POINT ( 'NONE', #3686 ) ;
#4275 = ORIENTED_EDGE ( 'NONE', *, *, #2656, .F. ) ;
#4276 = CARTESIAN_POINT ( 'NONE',  ( -148.4999999999999716, 0.000000000000000000, 7.000000000000002665 ) ) ;
#4277 = AXIS2_PLACEMENT_3D ( 'NONE', #415, #438, #2563 ) ;
#4278 = EDGE_CURVE ( 'NONE', #1013, #3830, #4289, .T. ) ;
#4279 = LINE ( 'NONE', #1069, #3482 ) ;
#4280 = FACE_OUTER_BOUND ( 'NONE', #2146, .T. ) ;
#4281 = CARTESIAN_POINT ( 'NONE',  ( 8.525000000000035882, 9.999999999999971578, 15.00000000000000000 ) ) ;
#4282 = VECTOR ( 'NONE', #3956, 1000.000000000000000 ) ;
#4283 = FILL_AREA_STYLE_COLOUR ( '', #3739 ) ;
#4284 = EDGE_CURVE ( 'NONE', #1682, #1155, #550, .T. ) ;
#4285 = FACE_OUTER_BOUND ( 'NONE', #599, .T. ) ;
#4286 = ORIENTED_EDGE ( 'NONE', *, *, #2462, .F. ) ;
#4287 = DIRECTION ( 'NONE',  ( 1.000000000000000000, -1.084202172485501594E-14, 0.000000000000000000 ) ) ;
#4288 = ORIENTED_EDGE ( 'NONE', *, *, #2778, .T. ) ;
#4289 = CIRCLE ( 'NONE', #1973, 1.475000000000000533 ) ;
#4290 = EDGE_CURVE ( 'NONE', #1056, #3380, #239, .T. ) ;
#4291 = EDGE_CURVE ( 'NONE', #829, #4296, #1290, .T. ) ;
#4292 = AXIS2_PLACEMENT_3D ( 'NONE', #3452, #980, #4123 ) ;
#4293 = LINE ( 'NONE', #296, #2047 ) ;
#4294 = EDGE_CURVE ( 'NONE', #2472, #1162, #217, .T. ) ;
#4295 = CARTESIAN_POINT ( 'NONE',  ( -109.8805015130427591, -0.5310412926646767007, 8.244487408420303254 ) ) ;
#4296 = VERTEX_POINT ( 'NONE', #4082 ) ;
#4297 = CARTESIAN_POINT ( 'NONE',  ( -108.4999999999999574, -1.734723475976807094E-15, 21.00000000000000000 ) ) ;
#4298 = CARTESIAN_POINT ( 'NONE',  ( -123.4999999999999574, 9.999999999999998224, 8.233161507461908002 ) ) ;
#4299 = AXIS2_PLACEMENT_3D ( 'NONE', #1909, #3339, #523 ) ;
#4300 = DIRECTION ( 'NONE',  ( 0.000000000000000000, -1.000000000000000000, 0.000000000000000000 ) ) ;
#4301 = AXIS2_PLACEMENT_3D ( 'NONE', #1457, #3141, #3520 ) ;
#4302 = ORIENTED_EDGE ( 'NONE', *, *, #4449, .F. ) ;
#4303 = EDGE_LOOP ( 'NONE', ( #3696, #1014 ) ) ;
#4304 = CARTESIAN_POINT ( 'NONE',  ( -108.4999999999999574, -1.734723475976807094E-15, 46.31370849898476649 ) ) ;
#4305 = DIRECTION ( 'NONE',  ( -1.000000000000000000, 0.000000000000000000, 0.000000000000000000 ) ) ;
#4306 = VECTOR ( 'NONE', #305, 1000.000000000000000 ) ;
#4307 = UNCERTAINTY_MEASURE_WITH_UNIT (LENGTH_MEASURE( 1.000000000000000082E-05 ), #4460, 'distance_accuracy_value', 'NONE');
#4308 = DIRECTION ( 'NONE',  ( 1.000000000000000000, 0.000000000000000000, 0.000000000000000000 ) ) ;
#4309 = DIRECTION ( 'NONE',  ( 0.000000000000000000, 0.000000000000000000, 1.000000000000000000 ) ) ;
#4310 = DIRECTION ( 'NONE',  ( 0.000000000000000000, 0.000000000000000000, -1.000000000000000000 ) ) ;
#4311 = SURFACE_STYLE_USAGE ( .BOTH. , #1482 ) ;
#4312 = ORIENTED_EDGE ( 'NONE', *, *, #4449, .T. ) ;
#4313 = FACE_BOUND ( 'NONE', #1690, .T. ) ;
#4314 = VERTEX_POINT ( 'NONE', #4523 ) ;
#4315 = CARTESIAN_POINT ( 'NONE',  ( -20.00000000000000000, -10.00000000000000178, 8.000000000000000000 ) ) ;
#4316 = ORIENTED_EDGE ( 'NONE', *, *, #2978, .T. ) ;
#4317 = DIRECTION ( 'NONE',  ( 0.000000000000000000, -1.000000000000000000, 0.000000000000000000 ) ) ;
#4318 = CARTESIAN_POINT ( 'NONE',  ( -109.6885076247555446, -0.8766667404635822836, 7.313346651651484898 ) ) ;
#4319 = ORIENTED_EDGE ( 'NONE', *, *, #4452, .F. ) ;
#4320 = EDGE_CURVE ( 'NONE', #1400, #2054, #3968, .T. ) ;
#4321 = CARTESIAN_POINT ( 'NONE',  ( -49.00000000000000711, 0.000000000000000000, 0.000000000000000000 ) ) ;
#4322 = FACE_OUTER_BOUND ( 'NONE', #4453, .T. ) ;
#4323 = AXIS2_PLACEMENT_3D ( 'NONE', #1060, #319, #409 ) ;
#4324 = VERTEX_POINT ( 'NONE', #3079 ) ;
#4325 = EDGE_CURVE ( 'NONE', #1398, #505, #3057, .T. ) ;
#4326 = VERTEX_POINT ( 'NONE', #911 ) ;
#4327 =( NAMED_UNIT ( * ) PLANE_ANGLE_UNIT ( ) SI_UNIT ( $, .RADIAN. ) );
#4328 = EDGE_CURVE ( 'NONE', #3059, #2925, #4116, .T. ) ;
#4329 = PLANE ( 'NONE',  #1542 ) ;
#4330 = CARTESIAN_POINT ( 'NONE',  ( -108.4999999999999574, -1.734723475976807094E-15, -8.000000000000007105 ) ) ;
#4332 = CYLINDRICAL_SURFACE ( 'NONE', #297, 1.474999999999998090 ) ;
#4331 = PRESENTATION_LAYER_ASSIGNMENT (  '', '', ( #1497 ) ) ;
#4333 = AXIS2_PLACEMENT_3D ( 'NONE', #3160, #824, #2149 ) ;
#4334 = DIRECTION ( 'NONE',  ( 0.000000000000000000, 0.000000000000000000, 1.000000000000000000 ) ) ;
#4335 = FACE_OUTER_BOUND ( 'NONE', #383, .T. ) ;
#4336 = ORIENTED_EDGE ( 'NONE', *, *, #2572, .T. ) ;
#4337 = CARTESIAN_POINT ( 'NONE',  ( -148.4999999999999716, 0.000000000000000000, 0.000000000000000000 ) ) ;
#4338 = ORIENTED_EDGE ( 'NONE', *, *, #2295, .F. ) ;
#4339 = FACE_OUTER_BOUND ( 'NONE', #2022, .T. ) ;
#4340 = CYLINDRICAL_SURFACE ( 'NONE', #479, 10.89999999999999325 ) ;
#4341 = ORIENTED_EDGE ( 'NONE', *, *, #120, .F. ) ;
#4342 = CYLINDRICAL_SURFACE ( 'NONE', #1936, 1.599999999999998090 ) ;
#4343 = DIRECTION ( 'NONE',  ( 0.000000000000000000, 0.000000000000000000, 1.000000000000000000 ) ) ;
#4344 = CARTESIAN_POINT ( 'NONE',  ( -15.00000000000000000, -14.99999999999999645, 15.00000000000001421 ) ) ;
#4345 = ORIENTED_EDGE ( 'NONE', *, *, #433, .T. ) ;
#4346 = VERTEX_POINT ( 'NONE', #2015 ) ;
#4347 = FILL_AREA_STYLE_COLOUR ( '', #1544 ) ;
#4348 = EDGE_CURVE ( 'NONE', #2271, #4443, #607, .T. ) ;
#4349 = EDGE_CURVE ( 'NONE', #2691, #924, #746, .T. ) ;
#4350 = ORIENTED_EDGE ( 'NONE', *, *, #4214, .F. ) ;
#4351 = CARTESIAN_POINT ( 'NONE',  ( -69.49999999999995737, 9.999999999999998224, -27.24426545165052005 ) ) ;
#4352 = CARTESIAN_POINT ( 'NONE',  ( -25.00000000000000355, -3.524999999999999911, 8.000000000000000000 ) ) ;
#4353 = CARTESIAN_POINT ( 'NONE',  ( -123.4999999999999574, 4.999999999999998224, 5.000000000000000888 ) ) ;
#4354 = FACE_BOUND ( 'NONE', #734, .T. ) ;
#4355 = DIRECTION ( 'NONE',  ( 0.000000000000000000, 0.000000000000000000, 1.000000000000000000 ) ) ;
#4356 = VERTEX_POINT ( 'NONE', #1273 ) ;
#4357 = CIRCLE ( 'NONE', #4131, 1.600000000000002531 ) ;
#4358 = CYLINDRICAL_SURFACE ( 'NONE', #4026, 11.09999999999999964 ) ;
#4359 = EDGE_LOOP ( 'NONE', ( #3513, #776 ) ) ;
#4360 = ADVANCED_FACE ( 'NONE', ( #266, #1695 ), #2346, .T. ) ;
#4361 = AXIS2_PLACEMENT_3D ( 'NONE', #323, #1017, #3875 ) ;
#4362 = CARTESIAN_POINT ( 'NONE',  ( -103.4999999999999574, 21.02974084481308736, 18.50000000000000000 ) ) ;
#4363 = LINE ( 'NONE', #2284, #3842 ) ;
#4364 = ORIENTED_EDGE ( 'NONE', *, *, #260, .F. ) ;
#4365 = DIRECTION ( 'NONE',  ( -0.8660254037844391517, -0.000000000000000000, -0.4999999999999991118 ) ) ;
#4366 = MANIFOLD_SOLID_BREP ( 'Body-Move/Copy9[4]', #2073 ) ;
#4367 = FACE_OUTER_BOUND ( 'NONE', #2103, .T. ) ;
#4368 = VERTEX_POINT ( 'NONE', #584 ) ;
#4369 = ORIENTED_EDGE ( 'NONE', *, *, #1755, .T. ) ;
#4370 = AXIS2_PLACEMENT_3D ( 'NONE', #1148, #4355, #2578 ) ;
#4371 = CYLINDRICAL_SURFACE ( 'NONE', #3977, 1.474999999999998535 ) ;
#4372 = AXIS2_PLACEMENT_3D ( 'NONE', #1921, #2951, #3973 ) ;
#4373 = EDGE_CURVE ( 'NONE', #961, #4368, #2711, .T. ) ;
#4374 = ORIENTED_EDGE ( 'NONE', *, *, #4239, .T. ) ;
#4375 = LINE ( 'NONE', #440, #2355 ) ;
#4376 = CARTESIAN_POINT ( 'NONE',  ( -35.00000000000000000, -3.524999999999999911, 0.000000000000000000 ) ) ;
#4377 = CARTESIAN_POINT ( 'NONE',  ( -108.4999999999999574, -1.734723475976807094E-15, 4.357864376269049878 ) ) ;
#4378 = CIRCLE ( 'NONE', #2962, 1.474999999999998090 ) ;
#4379 = PLANE ( 'NONE',  #3996 ) ;
#4380 = ORIENTED_EDGE ( 'NONE', *, *, #2553, .F. ) ;
#4381 = ADVANCED_FACE ( 'NONE', ( #1435, #2064 ), #3546, .F. ) ;
#4382 = DIRECTION ( 'NONE',  ( 1.000000000000000000, 0.000000000000000000, 0.000000000000000000 ) ) ;
#4383 = ORIENTED_EDGE ( 'NONE', *, *, #999, .T. ) ;
#4384 = DIRECTION ( 'NONE',  ( 0.000000000000000000, -1.000000000000000000, 0.000000000000000000 ) ) ;
#4385 = CARTESIAN_POINT ( 'NONE',  ( -38.50000000000000000, 9.999999999999998224, 8.000000000000000000 ) ) ;
#4386 = ORIENTED_EDGE ( 'NONE', *, *, #3411, .T. ) ;
#4387 = DIRECTION ( 'NONE',  ( 0.000000000000000000, 0.000000000000000000, 1.000000000000000000 ) ) ;
#4388 = DIRECTION ( 'NONE',  ( -0.000000000000000000, 1.000000000000000000, -0.000000000000000000 ) ) ;
#4389 = CARTESIAN_POINT ( 'NONE',  ( -71.49999999999995737, 15.00000000000000355, 2.000000000000001776 ) ) ;
#4390 = DIRECTION ( 'NONE',  ( 1.000000000000000000, -1.058475341273983546E-14, 0.000000000000000000 ) ) ;
#4391 = ORIENTED_EDGE ( 'NONE', *, *, #344, .F. ) ;
#4392 = ORIENTED_EDGE ( 'NONE', *, *, #3424, .T. ) ;
#4393 = CARTESIAN_POINT ( 'NONE',  ( -108.4999999999999574, -1.600000000000001865, 35.00000000000000000 ) ) ;
#4394 =( GEOMETRIC_REPRESENTATION_CONTEXT ( 3 ) GLOBAL_UNCERTAINTY_ASSIGNED_CONTEXT ( ( #4307 ) ) GLOBAL_UNIT_ASSIGNED_CONTEXT ( ( #4460, #1248, #4166 ) ) REPRESENTATION_CONTEXT ( 'NONE', 'WORKASPACE' ) );
#4395 = AXIS2_PLACEMENT_3D ( 'NONE', #431, #799, #777 ) ;
#4396 = VERTEX_POINT ( 'NONE', #4240 ) ;
#4397 = DIRECTION ( 'NONE',  ( -0.000000000000000000, 1.000000000000000000, 0.000000000000000000 ) ) ;
#4398 = PRESENTATION_LAYER_ASSIGNMENT (  '', '', ( #590 ) ) ;
#4399 = FACE_OUTER_BOUND ( 'NONE', #2683, .T. ) ;
#4400 = DIRECTION ( 'NONE',  ( 0.000000000000000000, 0.000000000000000000, 1.000000000000000000 ) ) ;
#4401 = AXIS2_PLACEMENT_3D ( 'NONE', #1055, #2483, #2857 ) ;
#4402 = CIRCLE ( 'NONE', #2085, 13.99999999999999822 ) ;
#4403 = DIRECTION ( 'NONE',  ( 1.000000000000000000, 0.000000000000000000, 0.000000000000000000 ) ) ;
#4404 = FACE_BOUND ( 'NONE', #3085, .T. ) ;
#4405 = ORIENTED_EDGE ( 'NONE', *, *, #1696, .T. ) ;
#4406 = DIRECTION ( 'NONE',  ( 0.000000000000000000, 0.000000000000000000, 1.000000000000000000 ) ) ;
#4407 = EDGE_CURVE ( 'NONE', #4324, #3059, #3167, .T. ) ;
#4408 = ORIENTED_EDGE ( 'NONE', *, *, #144, .F. ) ;
#4409 =( GEOMETRIC_REPRESENTATION_CONTEXT ( 3 ) GLOBAL_UNCERTAINTY_ASSIGNED_CONTEXT ( ( #416 ) ) GLOBAL_UNIT_ASSIGNED_CONTEXT ( ( #351, #4562, #3494 ) ) REPRESENTATION_CONTEXT ( 'NONE', 'WORKASPACE' ) );
#4410 = ADVANCED_FACE ( 'NONE', ( #717 ), #2088, .F. ) ;
#4411 = EDGE_CURVE ( 'NONE', #3614, #4033, #1551, .T. ) ;
#4412 = FACE_BOUND ( 'NONE', #3185, .T. ) ;
#4413 = AXIS2_PLACEMENT_3D ( 'NONE', #4464, #3387, #132 ) ;
#4414 = CARTESIAN_POINT ( 'NONE',  ( -109.7489316545643590, -0.7977723799797892257, 2.353485531451209312 ) ) ;
#4415 = ORIENTED_EDGE ( 'NONE', *, *, #2095, .T. ) ;
#4416 = CARTESIAN_POINT ( 'NONE',  ( -65.99999999999995737, -4.999999999999998224, 12.40000000000000213 ) ) ;
#4417 = CARTESIAN_POINT ( 'NONE',  ( -86.49999999999995737, 5.000000000000000000, 2.000000000000001776 ) ) ;
#4418 = DIRECTION ( 'NONE',  ( 0.000000000000000000, 1.000000000000000000, 0.000000000000000000 ) ) ;
#4419 = CARTESIAN_POINT ( 'NONE',  ( -148.4999999999999716, 0.000000000000000000, 0.000000000000000000 ) ) ;
#4420 = EDGE_LOOP ( 'NONE', ( #546, #2970 ) ) ;
#4421 = ORIENTED_EDGE ( 'NONE', *, *, #702, .F. ) ;
#4422 = DIRECTION ( 'NONE',  ( 0.000000000000000000, -1.000000000000000000, 0.000000000000000000 ) ) ;
#4423 = ORIENTED_EDGE ( 'NONE', *, *, #2767, .T. ) ;
#4424 = DIRECTION ( 'NONE',  ( 0.000000000000000000, -1.000000000000000000, 0.000000000000000000 ) ) ;
#4425 = DIRECTION ( 'NONE',  ( -0.000000000000000000, -0.000000000000000000, -1.000000000000000000 ) ) ;
#4426 = DIRECTION ( 'NONE',  ( 0.000000000000000000, 0.000000000000000000, 1.000000000000000000 ) ) ;
#4427 = DIRECTION ( 'NONE',  ( 0.000000000000000000, 1.000000000000000000, 0.000000000000000000 ) ) ;
#4428 = ORIENTED_EDGE ( 'NONE', *, *, #2342, .F. ) ;
#4429 = DIRECTION ( 'NONE',  ( 0.000000000000000000, 0.000000000000000000, 1.000000000000000000 ) ) ;
#4430 = VERTEX_POINT ( 'NONE', #2437 ) ;
#4431 = CARTESIAN_POINT ( 'NONE',  ( -148.4999999999999716, -0.000000000000000000, -36.76955262170046268 ) ) ;
#4432 = CARTESIAN_POINT ( 'NONE',  ( -109.9749999999999943, -7.194078032035404611E-14, 1.384149477646510418 ) ) ;
#4433 = ORIENTED_EDGE ( 'NONE', *, *, #2454, .T. ) ;
#4434 = EDGE_CURVE ( 'NONE', #3991, #622, #3419, .T. ) ;
#4435 = CARTESIAN_POINT ( 'NONE',  ( -60.50000000000000711, -10.00000000000000178, 5.000000000000000000 ) ) ;
#4436 = DIRECTION ( 'NONE',  ( -0.000000000000000000, 0.000000000000000000, -1.000000000000000000 ) ) ;
#4437 = ADVANCED_FACE ( 'NONE', ( #2479 ), #4190, .F. ) ;
#4438 = ADVANCED_FACE ( 'NONE', ( #978, #1030 ), #3862, .F. ) ;
#4439 = CARTESIAN_POINT ( 'NONE',  ( -108.4999999999999574, -4.000000000000001776, 35.00000000000000000 ) ) ;
#4440 = ORIENTED_EDGE ( 'NONE', *, *, #1341, .F. ) ;
#4441 = VECTOR ( 'NONE', #4571, 1000.000000000000114 ) ;
#4442 = VECTOR ( 'NONE', #986, 1000.000000000000000 ) ;
#4443 = VERTEX_POINT ( 'NONE', #8 ) ;
#4444 = DIRECTION ( 'NONE',  ( -0.000000000000000000, 0.000000000000000000, -1.000000000000000000 ) ) ;
#4445 = ADVANCED_FACE ( 'NONE', ( #2461, #333 ), #2158, .T. ) ;
#4446 = CIRCLE ( 'NONE', #3401, 1.474999999999998535 ) ;
#4447 = ORIENTED_EDGE ( 'NONE', *, *, #235, .F. ) ;
#4448 = FACE_OUTER_BOUND ( 'NONE', #2991, .T. ) ;
#4449 = EDGE_CURVE ( 'NONE', #3825, #219, #2409, .T. ) ;
#4450 =( LENGTH_UNIT ( ) NAMED_UNIT ( * ) SI_UNIT ( .MILLI., .METRE. ) );
#4451 = CIRCLE ( 'NONE', #3111, 1.600000000000004086 ) ;
#4452 = EDGE_CURVE ( 'NONE', #3276, #381, #4593, .T. ) ;
#4453 = EDGE_LOOP ( 'NONE', ( #455, #47, #3896, #1126 ) ) ;
#4454 = VECTOR ( 'NONE', #2726, 1000.000000000000000 ) ;
#4455 = CARTESIAN_POINT ( 'NONE',  ( -35.00000000000000000, 6.474999999999999645, 0.000000000000000000 ) ) ;
#4456 = EDGE_LOOP ( 'NONE', ( #1350, #3404, #1374, #3594 ) ) ;
#4457 = ADVANCED_FACE ( 'NONE', ( #1764, #3888 ), #1810, .F. ) ;
#4458 = CARTESIAN_POINT ( 'NONE',  ( -109.6913286840757280, 0.8711823773936298032, 2.687659740465043967 ) ) ;
#4459 = VERTEX_POINT ( 'NONE', #3592 ) ;
#4460 =( LENGTH_UNIT ( ) NAMED_UNIT ( * ) SI_UNIT ( .MILLI., .METRE. ) );
#4461 = DIRECTION ( 'NONE',  ( -0.000000000000000000, 0.000000000000000000, -1.000000000000000000 ) ) ;
#4462 = VERTEX_POINT ( 'NONE', #3908 ) ;
#4463 = CYLINDRICAL_SURFACE ( 'NONE', #881, 1.475000000000000533 ) ;
#4464 = CARTESIAN_POINT ( 'NONE',  ( -148.4999999999999716, -0.000000000000000000, -14.14213562373095279 ) ) ;
#4465 = DIRECTION ( 'NONE',  ( 1.000000000000000000, 0.000000000000000000, 0.000000000000000000 ) ) ;
#4466 = EDGE_LOOP ( 'NONE', ( #3162, #2266, #1288, #3205 ) ) ;
#4467 = DIRECTION ( 'NONE',  ( 0.000000000000000000, 0.000000000000000000, 1.000000000000000000 ) ) ;
#4468 = DIRECTION ( 'NONE',  ( 1.000000000000000000, 0.000000000000000000, 0.000000000000000000 ) ) ;
#4469 = EDGE_CURVE ( 'NONE', #1906, #1379, #1414, .T. ) ;
#4470 = CLOSED_SHELL ( 'NONE', ( #3467, #1404, #4360, #4438, #1919, #2829 ) ) ;
#4471 = ORIENTED_EDGE ( 'NONE', *, *, #92, .F. ) ;
#4472 = CARTESIAN_POINT ( 'NONE',  ( -107.0249999999999488, -1.915358878851041280E-15, 18.50000000000000000 ) ) ;
#4473 = LINE ( 'NONE', #4115, #372 ) ;
#4474 = EDGE_CURVE ( 'NONE', #3390, #964, #379, .T. ) ;
#4475 = VECTOR ( 'NONE', #3439, 1000.000000000000000 ) ;
#4476 = CARTESIAN_POINT ( 'NONE',  ( -86.49999999999995737, 0.000000000000000000, 2.000000000000001776 ) ) ;
#4477 = CARTESIAN_POINT ( 'NONE',  ( 14.99999999999999645, 15.00000000000000355, 57.42640687119285303 ) ) ;
#4478 = VERTEX_POINT ( 'NONE', #3236 ) ;
#4479 = CARTESIAN_POINT ( 'NONE',  ( 0.000000000000000000, 0.000000000000000000, 1.000000000000000888 ) ) ;
#4480 = FACE_OUTER_BOUND ( 'NONE', #56, .T. ) ;
#4481 = ORIENTED_EDGE ( 'NONE', *, *, #4469, .T. ) ;
#4482 = DIRECTION ( 'NONE',  ( 0.000000000000000000, 1.000000000000000000, 0.000000000000000000 ) ) ;
#4483 = AXIS2_PLACEMENT_3D ( 'NONE', #4353, #4025, #2929 ) ;
#4484 = ORIENTED_EDGE ( 'NONE', *, *, #28, .T. ) ;
#4485 = MANIFOLD_SOLID_BREP ( 'Body-Move/Copy9[6]', #427 ) ;
#4486 = PRESENTATION_LAYER_ASSIGNMENT (  '', '', ( #1648 ) ) ;
#4487 = CARTESIAN_POINT ( 'NONE',  ( -108.4999999999999574, -1.734723475976807094E-15, -8.000000000000007105 ) ) ;
#4488 = ORIENTED_EDGE ( 'NONE', *, *, #2901, .F. ) ;
#4489 = DIRECTION ( 'NONE',  ( 1.000000000000000000, 0.000000000000000000, 0.000000000000000000 ) ) ;
#4490 = CARTESIAN_POINT ( 'NONE',  ( -69.49999999999995737, 9.999999999999998224, 0.000000000000000000 ) ) ;
#4491 = ADVANCED_FACE ( 'NONE', ( #3331 ), #2853, .T. ) ;
#4492 = ORIENTED_EDGE ( 'NONE', *, *, #2025, .T. ) ;
#4493 = LINE ( 'NONE', #3375, #857 ) ;
#4494 = FILL_AREA_STYLE ('',( #3074 ) ) ;
#4495 = EDGE_CURVE ( 'NONE', #2188, #1927, #4446, .T. ) ;
#4496 = EDGE_CURVE ( 'NONE', #3661, #2913, #464, .T. ) ;
#4497 = CARTESIAN_POINT ( 'NONE',  ( -76.49999999999991473, 9.999999999999968026, -15.00000000000000000 ) ) ;
#4498 = DIRECTION ( 'NONE',  ( 0.000000000000000000, -1.000000000000000000, 0.000000000000000000 ) ) ;
#4499 = DIRECTION ( 'NONE',  ( -0.000000000000000000, 0.000000000000000000, -1.000000000000000000 ) ) ;
#4500 = CARTESIAN_POINT ( 'NONE',  ( -108.4999999999999574, -1.734723475976807094E-15, 35.00000000000000000 ) ) ;
#4501 = ORIENTED_EDGE ( 'NONE', *, *, #3121, .F. ) ;
#4502 = DIRECTION ( 'NONE',  ( 0.000000000000000000, -1.000000000000000000, 0.000000000000000000 ) ) ;
#4503 = DIRECTION ( 'NONE',  ( 0.000000000000000000, 0.000000000000000000, -1.000000000000000000 ) ) ;
#4504 = ORIENTED_EDGE ( 'NONE', *, *, #378, .F. ) ;
#4505 = CYLINDRICAL_SURFACE ( 'NONE', #3435, 10.00000000000000000 ) ;
#4506 = ORIENTED_EDGE ( 'NONE', *, *, #4612, .F. ) ;
#4507 = CIRCLE ( 'NONE', #2856, 13.00000000000001066 ) ;
#4508 = DIRECTION ( 'NONE',  ( 0.000000000000000000, -1.000000000000000000, 0.000000000000000000 ) ) ;
#4509 = VERTEX_POINT ( 'NONE', #2932 ) ;
#4510 = CARTESIAN_POINT ( 'NONE',  ( -108.4999999999999574, 1.599999999999998312, 35.00000000000000000 ) ) ;
#4511 = DIRECTION ( 'NONE',  ( 0.000000000000000000, 0.000000000000000000, -1.000000000000000000 ) ) ;
#4512 = VECTOR ( 'NONE', #3940, 1000.000000000000000 ) ;
#4513 = CIRCLE ( 'NONE', #470, 1.475000000000000533 ) ;
#4514 = EDGE_LOOP ( 'NONE', ( #1593, #2697 ) ) ;
#4515 = LINE ( 'NONE', #1304, #3713 ) ;
#4516 = AXIS2_PLACEMENT_3D ( 'NONE', #1908, #3012, #127 ) ;
#4517 = EDGE_CURVE ( 'NONE', #3997, #3438, #4594, .T. ) ;
#4518 = CARTESIAN_POINT ( 'NONE',  ( 10.00000000000000178, -8.525000000000002132, -2.999999999999999112 ) ) ;
#4519 = PLANE ( 'NONE',  #1140 ) ;
#4520 = CARTESIAN_POINT ( 'NONE',  ( -103.4999999999999574, -10.00000000000000178, 0.000000000000000000 ) ) ;
#4521 = CIRCLE ( 'NONE', #1302, 1.474999999999998090 ) ;
#4522 = VERTEX_POINT ( 'NONE', #4028 ) ;
#4523 = CARTESIAN_POINT ( 'NONE',  ( -69.49999999999995737, 9.999999999999998224, 0.000000000000000000 ) ) ;
#4524 = EDGE_CURVE ( 'NONE', #1906, #3204, #554, .T. ) ;
#4525 = CARTESIAN_POINT ( 'NONE',  ( -25.00000000000000355, 5.000000000000002665, 8.000000000000000000 ) ) ;
#4526 = EDGE_LOOP ( 'NONE', ( #2341, #3911, #2624, #3275 ) ) ;
#4527 = CARTESIAN_POINT ( 'NONE',  ( 10.00000000000000178, -11.47500000000000320, 15.00000000000000000 ) ) ;
#4528 = ORIENTED_EDGE ( 'NONE', *, *, #2631, .F. ) ;
#4529 = VECTOR ( 'NONE', #3539, 1000.000000000000000 ) ;
#4530 = DIRECTION ( 'NONE',  ( 1.000000000000000000, 0.000000000000000000, 0.000000000000000000 ) ) ;
#4531 = ORIENTED_EDGE ( 'NONE', *, *, #3139, .F. ) ;
#4532 = ORIENTED_EDGE ( 'NONE', *, *, #1258, .T. ) ;
#4533 = CARTESIAN_POINT ( 'NONE',  ( -108.4999999999999574, -1.734723475976807094E-15, 4.357864376269049878 ) ) ;
#4534 = CARTESIAN_POINT ( 'NONE',  ( 0.000000000000000000, 0.000000000000000000, 32.39554108468271210 ) ) ;
#4535 = EDGE_LOOP ( 'NONE', ( #820, #1860 ) ) ;
#4536 = CARTESIAN_POINT ( 'NONE',  ( -109.9282190010919464, -0.3726346138336439351, 8.436730992176418198 ) ) ;
#4537 = ORIENTED_EDGE ( 'NONE', *, *, #2632, .F. ) ;
#4538 = DIRECTION ( 'NONE',  ( 0.000000000000000000, 0.000000000000000000, 1.000000000000000000 ) ) ;
#4539 = DIRECTION ( 'NONE',  ( 1.000000000000000000, 0.000000000000000000, 0.000000000000000000 ) ) ;
#4540 = DIRECTION ( 'NONE',  ( 0.000000000000000000, -1.000000000000000000, 0.000000000000000000 ) ) ;
#4541 = CIRCLE ( 'NONE', #2523, 5.000000000000000888 ) ;
#4542 = DIRECTION ( 'NONE',  ( -0.000000000000000000, -0.000000000000000000, -1.000000000000000000 ) ) ;
#4543 = EDGE_CURVE ( 'NONE', #3574, #2946, #3613, .T. ) ;
#4544 = CARTESIAN_POINT ( 'NONE',  ( -96.49999999999994316, 8.400000000000000355, 2.000000000000001776 ) ) ;
#4545 = EDGE_LOOP ( 'NONE', ( #2764, #4202 ) ) ;
#4546 = DIRECTION ( 'NONE',  ( -0.000000000000000000, 1.000000000000000000, -0.000000000000000000 ) ) ;
#4547 = VERTEX_POINT ( 'NONE', #3260 ) ;
#4548 = VECTOR ( 'NONE', #1176, 1000.000000000000000 ) ;
#4549 = ADVANCED_FACE ( 'NONE', ( #4354, #1146 ), #396, .F. ) ;
#4550 = EDGE_CURVE ( 'NONE', #4326, #3301, #1122, .T. ) ;
#4551 = CARTESIAN_POINT ( 'NONE',  ( -65.99999999999995737, -3.400000000000000355, -27.24426545165052005 ) ) ;
#4552 = AXIS2_PLACEMENT_3D ( 'NONE', #3569, #2781, #2806 ) ;
#4553 = EDGE_LOOP ( 'NONE', ( #4218, #688, #3244, #1430 ) ) ;
#4554 = VERTEX_POINT ( 'NONE', #2226 ) ;
#4555 = DIRECTION ( 'NONE',  ( -0.000000000000000000, -0.000000000000000000, 1.000000000000000000 ) ) ;
#4556 = CARTESIAN_POINT ( 'NONE',  ( 0.000000000000000000, 0.000000000000000000, 1.500000000000000888 ) ) ;
#4557 = CIRCLE ( 'NONE', #1194, 4.000000000000003553 ) ;
#4558 = EDGE_LOOP ( 'NONE', ( #3376, #2530, #3199, #302 ) ) ;
#4559 = DIRECTION ( 'NONE',  ( 0.000000000000000000, -1.000000000000000000, 0.000000000000000000 ) ) ;
#4560 = EDGE_LOOP ( 'NONE', ( #1476, #1247 ) ) ;
#4561 = LINE ( 'NONE', #257, #1160 ) ;
#4562 =( NAMED_UNIT ( * ) PLANE_ANGLE_UNIT ( ) SI_UNIT ( $, .RADIAN. ) );
#4563 = CARTESIAN_POINT ( 'NONE',  ( -65.99999999999995737, 5.000000000000000888, 12.40000000000000213 ) ) ;
#4564 = CYLINDRICAL_SURFACE ( 'NONE', #3545, 1.600000000000000089 ) ;
#4565 = DIRECTION ( 'NONE',  ( 0.000000000000000000, 0.000000000000000000, 1.000000000000000000 ) ) ;
#4566 = CARTESIAN_POINT ( 'NONE',  ( -15.00000000000000000, -14.99999999999999645, 15.00000000000000000 ) ) ;
#4567 = CARTESIAN_POINT ( 'NONE',  ( -110.4233031693779310, -4.999999999999999112, 0.000000000000000000 ) ) ;
#4568 = ORIENTED_EDGE ( 'NONE', *, *, #2944, .F. ) ;
#4569 = CARTESIAN_POINT ( 'NONE',  ( -86.49999999999995737, 10.00000000000000000, 0.000000000000000000 ) ) ;
#4570 = ORIENTED_EDGE ( 'NONE', *, *, #974, .F. ) ;
#4571 = DIRECTION ( 'NONE',  ( 0.7071067811865513475, 0.7071067811865435759, -0.000000000000000000 ) ) ;
#4572 = EDGE_CURVE ( 'NONE', #4619, #3924, #3978, .T. ) ;
#4573 = VERTEX_POINT ( 'NONE', #1199 ) ;
#4574 = ORIENTED_EDGE ( 'NONE', *, *, #1399, .F. ) ;
#4575 = EDGE_CURVE ( 'NONE', #622, #1659, #1877, .T. ) ;
#4576 = CARTESIAN_POINT ( 'NONE',  ( -76.49999999999991473, 9.999999999999968026, 0.000000000000000000 ) ) ;
#4577 = ADVANCED_FACE ( 'NONE', ( #1530 ), #2620, .F. ) ;
#4578 = CARTESIAN_POINT ( 'NONE',  ( -108.4999999999999574, 4.999999999999998224, 20.00000000000000000 ) ) ;
#4579 = EDGE_CURVE ( 'NONE', #112, #2606, #242, .T. ) ;
#4580 = AXIS2_PLACEMENT_3D ( 'NONE', #2519, #3277, #4018 ) ;
#4581 = DIRECTION ( 'NONE',  ( -0.000000000000000000, 0.000000000000000000, -1.000000000000000000 ) ) ;
#4582 = EDGE_LOOP ( 'NONE', ( #3560, #46 ) ) ;
#4583 = ADVANCED_FACE ( 'NONE', ( #1947 ), #927, .F. ) ;
#4584 = ORIENTED_EDGE ( 'NONE', *, *, #821, .T. ) ;
#4585 = CARTESIAN_POINT ( 'NONE',  ( 0.000000000000000000, 0.000000000000000000, 1.000000000000000000 ) ) ;
#4586 = SURFACE_STYLE_FILL_AREA ( #2127 ) ;
#4587 = AXIS2_PLACEMENT_3D ( 'NONE', #158, #3317, #3741 ) ;
#4588 = PRODUCT ( 'Caster', 'Caster', '', ( #1600 ) ) ;
#4589 = DIRECTION ( 'NONE',  ( 0.000000000000000000, -1.000000000000000000, 0.000000000000000000 ) ) ;
#4590 = VECTOR ( 'NONE', #3915, 1000.000000000000000 ) ;
#4591 = FACE_OUTER_BOUND ( 'NONE', #1756, .T. ) ;
#4592 = DIRECTION ( 'NONE',  ( 1.734723475976807094E-16, -1.000000000000000000, 0.000000000000000000 ) ) ;
#4593 = LINE ( 'NONE', #1385, #653 ) ;
#4594 = CIRCLE ( 'NONE', #2573, 1.599999999999998090 ) ;
#4595 = AXIS2_PLACEMENT_3D ( 'NONE', #2527, #3548, #1031 ) ;
#4596 = FACE_BOUND ( 'NONE', #3959, .T. ) ;
#4597 = ORIENTED_EDGE ( 'NONE', *, *, #1749, .T. ) ;
#4598 = CARTESIAN_POINT ( 'NONE',  ( -4.000000000000000888, -4.898587196589413815E-16, 1.500000000000000888 ) ) ;
#4599 = ORIENTED_EDGE ( 'NONE', *, *, #481, .F. ) ;
#4600 = CIRCLE ( 'NONE', #3708, 1.475000000000000533 ) ;
#4601 = CARTESIAN_POINT ( 'NONE',  ( -126.2999999999999687, 7.999999999999998224, 3.383419246269042002 ) ) ;
#4602 = ORIENTED_EDGE ( 'NONE', *, *, #1948, .F. ) ;
#4603 = ADVANCED_FACE ( 'NONE', ( #3030 ), #1579, .F. ) ;
#4604 = DIRECTION ( 'NONE',  ( 0.000000000000000000, -1.000000000000000000, 0.000000000000000000 ) ) ;
#4605 = VECTOR ( 'NONE', #1848, 1000.000000000000000 ) ;
#4606 = CYLINDRICAL_SURFACE ( 'NONE', #2939, 1.475000000000000533 ) ;
#4607 = CARTESIAN_POINT ( 'NONE',  ( -108.4999999999999574, -5.000000000000001776, 21.00000000000000000 ) ) ;
#4608 = ORIENTED_EDGE ( 'NONE', *, *, #4373, .F. ) ;
#4609 = EDGE_LOOP ( 'NONE', ( #2, #2094, #3065, #2588, #1114 ) ) ;
#4610 = CARTESIAN_POINT ( 'NONE',  ( -123.4999999999999574, 7.999999999999998224, 8.233161507461908002 ) ) ;
#4611 = CARTESIAN_POINT ( 'NONE',  ( -101.4999999999999574, 15.00000000000000355, 0.000000000000000000 ) ) ;
#4612 = EDGE_CURVE ( 'NONE', #3032, #3643, #2317, .T. ) ;
#4613 = DIRECTION ( 'NONE',  ( 1.000000000000000000, 0.000000000000000000, 0.000000000000000000 ) ) ;
#4614 = DIRECTION ( 'NONE',  ( 0.000000000000000000, -1.000000000000000000, 0.000000000000000000 ) ) ;
#4615 = DIRECTION ( 'NONE',  ( -1.000000000000000000, 0.000000000000000000, -0.000000000000000000 ) ) ;
#4616 = DIRECTION ( 'NONE',  ( -0.000000000000000000, 1.000000000000000000, -0.000000000000000000 ) ) ;
#4617 = CIRCLE ( 'NONE', #1096, 1.600000000000001865 ) ;
#4618 = CARTESIAN_POINT ( 'NONE',  ( -103.4999999999999574, -10.00000000000000178, 10.00000000000000178 ) ) ;
#4619 = VERTEX_POINT ( 'NONE', #1220 ) ;
#4620 = CARTESIAN_POINT ( 'NONE',  ( -96.50000000000005684, -9.999999999999896971, -15.00000000000000000 ) ) ;
#4621 = EDGE_LOOP ( 'NONE', ( #1137, #606 ) ) ;
#4622 = CIRCLE ( 'NONE', #4395, 1.475000000000000533 ) ;
#4623 = PLANE ( 'NONE',  #1753 ) ;
#4624 = EDGE_LOOP ( 'NONE', ( #806, #3698 ) ) ;
#4625 = VECTOR ( 'NONE', #2584, 1000.000000000000000 ) ;
#4626 = CARTESIAN_POINT ( 'NONE',  ( -25.00000000000000355, -6.474999999999996092, -5.000000000000000888 ) ) ;
#4627 = CIRCLE ( 'NONE', #805, 4.000000000000000000 ) ;
#4628 = DIRECTION ( 'NONE',  ( 1.000000000000000000, 0.000000000000000000, 0.000000000000000000 ) ) ;
#4629 = AXIS2_PLACEMENT_3D ( 'NONE', #102, #4429, #1534 ) ;
#4630 = DIRECTION ( 'NONE',  ( 0.000000000000000000, 0.000000000000000000, 1.000000000000000000 ) ) ;
#4631 = EDGE_LOOP ( 'NONE', ( #556, #3554 ) ) ;
#4632 = ORIENTED_EDGE ( 'NONE', *, *, #288, .F. ) ;
#4633 = DIRECTION ( 'NONE',  ( 0.000000000000000000, 0.000000000000000000, 1.000000000000000000 ) ) ;
#4634 =( LENGTH_UNIT ( ) NAMED_UNIT ( * ) SI_UNIT ( .MILLI., .METRE. ) );
#4635 = VECTOR ( 'NONE', #1777, 1000.000000000000000 ) ;
ENDSEC;
END-ISO-10303-21;
