ISO-10303-21;
HEADER;
FILE_DESCRIPTION (( 'STEP AP214' ),
    '1' );
FILE_NAME ('MotorMount.STEP',
    '2026-09-12T21:55:54',
    ( '' ),
    ( '' ),
    'SwSTEP 2.0',
    'SolidWorks 2026',
    '' );
FILE_SCHEMA (( 'AUTOMOTIVE_DESIGN' ));
ENDSEC;

DATA;
#1 = ADVANCED_FACE ( 'NONE', ( #3283 ), #3262, .F. ) ;
#2 = DIRECTION ( 'NONE',  ( 0.000000000000000000, -1.000000000000000000, 0.000000000000000000 ) ) ;
#3 = DIRECTION ( 'NONE',  ( 0.000000000000000000, 1.000000000000000000, 0.000000000000000000 ) ) ;
#4 = ORIENTED_EDGE ( 'NONE', *, *, #642, .T. ) ;
#5 = CARTESIAN_POINT ( 'NONE',  ( 2.180690873395531693, -12.99999999999999822, 39.00000000000000000 ) ) ;
#6 = EDGE_CURVE ( 'NONE', #2742, #1105, #2912, .T. ) ;
#7 = ORIENTED_EDGE ( 'NONE', *, *, #217, .T. ) ;
#8 = CARTESIAN_POINT ( 'NONE',  ( 14.99999999999999822, -13.52499999999999325, 18.58578643762690774 ) ) ;
#9 = LINE ( 'NONE', #301, #1446 ) ;
#10 = ORIENTED_EDGE ( 'NONE', *, *, #2998, .F. ) ;
#11 = AXIS2_PLACEMENT_3D ( 'NONE', #178, #2150, #3255 ) ;
#12 = CARTESIAN_POINT ( 'NONE',  ( 15.74730772620646135, -13.72466193821399472, 18.51825970481115746 ) ) ;
#13 = DIRECTION ( 'NONE',  ( -0.000000000000000000, 0.000000000000000000, -1.000000000000000000 ) ) ;
#14 = CARTESIAN_POINT ( 'NONE',  ( -15.50000000000000000, 20.00000000000000355, 20.00000000000000000 ) ) ;
#15 = VECTOR ( 'NONE', #2487, 1000.000000000000000 ) ;
#16 = VECTOR ( 'NONE', #2618, 1000.000000000000000 ) ;
#17 = DIRECTION ( 'NONE',  ( 1.000000000000000000, 0.000000000000000000, 2.891205793294675861E-15 ) ) ;
#18 = CARTESIAN_POINT ( 'NONE',  ( 25.00000000000000000, -14.99999999999999645, 40.00000000000000000 ) ) ;
#19 = CARTESIAN_POINT ( 'NONE',  ( 10.40550410230178180, -16.80000000000000071, 35.02286178355289792 ) ) ;
#20 = CARTESIAN_POINT ( 'NONE',  ( -25.00000000000000000, 15.00000000000000355, 0.000000000000000000 ) ) ;
#21 = ORIENTED_EDGE ( 'NONE', *, *, #510, .T. ) ;
#22 = PLANE ( 'NONE',  #2995 ) ;
#23 = ORIENTED_EDGE ( 'NONE', *, *, #895, .F. ) ;
#24 = VERTEX_POINT ( 'NONE', #237 ) ;
#25 = AXIS2_PLACEMENT_3D ( 'NONE', #1567, #1660, #747 ) ;
#26 = CARTESIAN_POINT ( 'NONE',  ( -14.71102030498970770, -16.45201320823406377, 18.71499763807820571 ) ) ;
#27 = EDGE_CURVE ( 'NONE', #1777, #849, #2417, .T. ) ;
#28 = VERTEX_POINT ( 'NONE', #2985 ) ;
#29 = VECTOR ( 'NONE', #856, 1000.000000000000000 ) ;
#30 = EDGE_LOOP ( 'NONE', ( #1978, #1545, #2373 ) ) ;
#31 = CARTESIAN_POINT ( 'NONE',  ( 10.40550410230157397, -16.80000000000000071, 4.977138216446956420 ) ) ;
#32 = AXIS2_PLACEMENT_3D ( 'NONE', #359, #341, #946 ) ;
#33 = FACE_BOUND ( 'NONE', #2574, .T. ) ;
#34 = AXIS2_PLACEMENT_3D ( 'NONE', #2819, #2581, #3086 ) ;
#35 = DIRECTION ( 'NONE',  ( -0.000000000000000000, 1.000000000000000000, -0.000000000000000000 ) ) ;
#36 = EDGE_CURVE ( 'NONE', #1401, #1018, #3382, .T. ) ;
#37 = DIRECTION ( 'NONE',  ( 0.000000000000000000, -1.000000000000000000, 0.000000000000000000 ) ) ;
#38 = AXIS2_PLACEMENT_3D ( 'NONE', #2667, #1213, #2648 ) ;
#39 = AXIS2_PLACEMENT_3D ( 'NONE', #586, #3090, #40 ) ;
#40 = DIRECTION ( 'NONE',  ( -0.4999999999999920619, 0.000000000000000000, 0.8660254037844432595 ) ) ;
#41 = CARTESIAN_POINT ( 'NONE',  ( 13.99999999999999822, -13.91573757788992083, 20.00000000000000000 ) ) ;
#42 = ORIENTED_EDGE ( 'NONE', *, *, #1360, .T. ) ;
#43 = CARTESIAN_POINT ( 'NONE',  ( -2.180690873395531693, -25.81382660708156251, 39.00000000000000000 ) ) ;
#44 = CARTESIAN_POINT ( 'NONE',  ( -14.18745128753338491, -16.23503567722626073, 19.25847612812688325 ) ) ;
#45 = DIRECTION ( 'NONE',  ( 1.000000000000000000, 0.000000000000000000, 0.000000000000000000 ) ) ;
#46 = VERTEX_POINT ( 'NONE', #799 ) ;
#47 = EDGE_CURVE ( 'NONE', #3149, #1416, #1059, .T. ) ;
#48 = ORIENTED_EDGE ( 'NONE', *, *, #53, .T. ) ;
#49 = DIRECTION ( 'NONE',  ( -0.000000000000000000, 1.000000000000000000, -0.000000000000000000 ) ) ;
#50 = CARTESIAN_POINT ( 'NONE',  ( 16.28767323753273644, -15.74435164110039587, 18.72029218189022615 ) ) ;
#51 = CARTESIAN_POINT ( 'NONE',  ( -7.750000000000156319, -19.99999999999999645, 6.576606241341290904 ) ) ;
#52 = CARTESIAN_POINT ( 'NONE',  ( 0.000000000000000000, -72.60874452027914572, 20.00000000000000000 ) ) ;
#53 = EDGE_CURVE ( 'NONE', #275, #1636, #2967, .T. ) ;
#54 = EDGE_CURVE ( 'NONE', #1721, #2156, #548, .T. ) ;
#55 = DIRECTION ( 'NONE',  ( 0.000000000000000000, -1.000000000000000000, 0.000000000000000000 ) ) ;
#56 = DIRECTION ( 'NONE',  ( -1.000000000000000000, 0.000000000000000000, 0.000000000000000000 ) ) ;
#57 = FACE_OUTER_BOUND ( 'NONE', #3275, .T. ) ;
#58 = CARTESIAN_POINT ( 'NONE',  ( 9.249999999999875655, -16.79999999999999716, 6.576606241341130143 ) ) ;
#59 = ORIENTED_EDGE ( 'NONE', *, *, #1417, .T. ) ;
#60 = CARTESIAN_POINT ( 'NONE',  ( -6.361574665857306243, -25.81382660708156251, 37.47828274661794268 ) ) ;
#61 = EDGE_CURVE ( 'NONE', #3643, #2437, #1866, .T. ) ;
#62 = ORIENTED_EDGE ( 'NONE', *, *, #712, .T. ) ;
#63 = DIRECTION ( 'NONE',  ( 0.000000000000000000, -1.000000000000000000, 0.000000000000000000 ) ) ;
#64 = CARTESIAN_POINT ( 'NONE',  ( -16.17519412739614637, -14.10368295190827403, 21.34077153996105025 ) ) ;
#65 = EDGE_LOOP ( 'NONE', ( #1573, #1430, #1163, #905 ) ) ;
#66 = DIRECTION ( 'NONE',  ( 1.000000000000000000, 0.000000000000000000, 0.000000000000000000 ) ) ;
#67 = CARTESIAN_POINT ( 'NONE',  ( 15.74996688873318185, -16.28532616157576740, 18.50979627003020411 ) ) ;
#68 = CARTESIAN_POINT ( 'NONE',  ( 15.50000000000000000, -16.80000000000000071, 20.00000000000000000 ) ) ;
#69 = CARTESIAN_POINT ( 'NONE',  ( -7.749999999999968914, -16.79999999999999716, 33.42339375865881124 ) ) ;
#70 = VECTOR ( 'NONE', #3616, 1000.000000000000000 ) ;
#71 = CARTESIAN_POINT ( 'NONE',  ( -25.00000000000000000, -6.474999999999997868, 40.00000000000000000 ) ) ;
#72 = CIRCLE ( 'NONE', #1260, 1.500000000000001332 ) ;
#73 = EDGE_CURVE ( 'NONE', #2438, #1326, #205, .T. ) ;
#74 = AXIS2_PLACEMENT_3D ( 'NONE', #1536, #345, #889 ) ;
#75 = FACE_BOUND ( 'NONE', #1197, .T. ) ;
#76 = EDGE_LOOP ( 'NONE', ( #1568, #3427, #2772, #2294 ) ) ;
#77 = CARTESIAN_POINT ( 'NONE',  ( -9.049038105676626031, -16.79999999999999716, 32.67339375865881834 ) ) ;
#78 = EDGE_CURVE ( 'NONE', #3588, #1871, #3442, .T. ) ;
#79 = ORIENTED_EDGE ( 'NONE', *, *, #1935, .T. ) ;
#80 = CARTESIAN_POINT ( 'NONE',  ( -7.750000000000156319, -16.80000000000000071, 6.576606241341290904 ) ) ;
#81 = ORIENTED_EDGE ( 'NONE', *, *, #2068, .F. ) ;
#82 = CARTESIAN_POINT ( 'NONE',  ( 10.40550410230178180, -16.99999999999999645, 35.02286178355289792 ) ) ;
#83 = CARTESIAN_POINT ( 'NONE',  ( 25.00000000000000000, 15.00000000000000355, 40.00000000000000000 ) ) ;
#84 = EDGE_LOOP ( 'NONE', ( #806, #2925 ) ) ;
#85 = AXIS2_PLACEMENT_3D ( 'NONE', #18, #2304, #1744 ) ;
#86 = VERTEX_POINT ( 'NONE', #1764 ) ;
#87 = CARTESIAN_POINT ( 'NONE',  ( 14.36117127176483343, -13.66680092116806478, 20.98773967013850594 ) ) ;
#88 = CARTESIAN_POINT ( 'NONE',  ( -16.39732428273990550, -14.51822724249794661, 18.79716721518405009 ) ) ;
#89 = CARTESIAN_POINT ( 'NONE',  ( 25.00000000000000000, -14.99999999999999645, 40.00000000000000000 ) ) ;
#90 = LINE ( 'NONE', #2621, #2568 ) ;
#91 = AXIS2_PLACEMENT_3D ( 'NONE', #2855, #3072, #2557 ) ;
#92 = VERTEX_POINT ( 'NONE', #2325 ) ;
#93 = CARTESIAN_POINT ( 'NONE',  ( 15.50000000000000000, -19.99999999999999645, 20.00000000000000000 ) ) ;
#94 = CARTESIAN_POINT ( 'NONE',  ( -7.749999999999968914, -16.99999999999999645, 33.42339375865881124 ) ) ;
#95 = VECTOR ( 'NONE', #1724, 1000.000000000000000 ) ;
#96 = EDGE_CURVE ( 'NONE', #2989, #428, #623, .T. ) ;
#97 = DIRECTION ( 'NONE',  ( -0.000000000000000000, 0.000000000000000000, -1.000000000000000000 ) ) ;
#98 = AXIS2_PLACEMENT_3D ( 'NONE', #2354, #1426, #2843 ) ;
#99 = VERTEX_POINT ( 'NONE', #2900 ) ;
#100 = CYLINDRICAL_SURFACE ( 'NONE', #1758, 1.475000000000002309 ) ;
#101 = ORIENTED_EDGE ( 'NONE', *, *, #372, .F. ) ;
#102 = AXIS2_PLACEMENT_3D ( 'NONE', #80, #143, #3204 ) ;
#103 = ADVANCED_FACE ( 'NONE', ( #1438 ), #349, .T. ) ;
#104 = DIRECTION ( 'NONE',  ( -0.000000000000000000, 1.000000000000000000, -0.000000000000000000 ) ) ;
#105 = ORIENTED_EDGE ( 'NONE', *, *, #1669, .T. ) ;
#106 = DIRECTION ( 'NONE',  ( -1.000000000000000000, 0.000000000000000000, -0.000000000000000000 ) ) ;
#107 = CARTESIAN_POINT ( 'NONE',  ( 10.40550410230157397, -16.80000000000000071, 4.977138216446956420 ) ) ;
#108 = EDGE_LOOP ( 'NONE', ( #2719, #775, #3489, #2729 ) ) ;
#109 = ADVANCED_FACE ( 'NONE', ( #2582 ), #3472, .F. ) ;
#110 = ORIENTED_EDGE ( 'NONE', *, *, #3197, .F. ) ;
#111 = PLANE ( 'NONE',  #959 ) ;
#112 = DIRECTION ( 'NONE',  ( -0.5000000000000101030, 0.000000000000000000, -0.8660254037844328234 ) ) ;
#113 = CARTESIAN_POINT ( 'NONE',  ( -10.84999999999997122, -19.99999999999999645, 33.42339375865881124 ) ) ;
#114 = CARTESIAN_POINT ( 'NONE',  ( -18.21293199325010903, -16.99999999999999645, 21.50000000000000000 ) ) ;
#115 = EDGE_CURVE ( 'NONE', #2775, #2783, #3038, .T. ) ;
#116 = ORIENTED_EDGE ( 'NONE', *, *, #3171, .F. ) ;
#117 = CARTESIAN_POINT ( 'NONE',  ( 0.5260990984306863627, -19.99999999999999645, 19.30000000000000071 ) ) ;
#118 = FACE_OUTER_BOUND ( 'NONE', #1683, .T. ) ;
#119 = CARTESIAN_POINT ( 'NONE',  ( 25.00000000000000000, 15.00000000000000355, 0.000000000000000000 ) ) ;
#120 = EDGE_LOOP ( 'NONE', ( #819, #3609 ) ) ;
#121 = VERTEX_POINT ( 'NONE', #1216 ) ;
#122 = EDGE_CURVE ( 'NONE', #792, #2887, #1434, .T. ) ;
#123 = DIRECTION ( 'NONE',  ( -0.000000000000000000, 1.000000000000000000, -0.000000000000000000 ) ) ;
#124 = VERTEX_POINT ( 'NONE', #1171 ) ;
#125 = CARTESIAN_POINT ( 'NONE',  ( 25.00000000000000000, 16.47500000000000497, 40.00000000000000000 ) ) ;
#126 = CARTESIAN_POINT ( 'NONE',  ( -15.65967955429316305, -13.67706829741775110, 21.49424820267191549 ) ) ;
#127 = ORIENTED_EDGE ( 'NONE', *, *, #3521, .T. ) ;
#128 = EDGE_CURVE ( 'NONE', #2489, #1228, #3158, .T. ) ;
#129 = ORIENTED_EDGE ( 'NONE', *, *, #2823, .T. ) ;
#130 = DIRECTION ( 'NONE',  ( 0.4999999999999979461, 0.000000000000000000, -0.8660254037844397068 ) ) ;
#131 = CARTESIAN_POINT ( 'NONE',  ( -16.46499679092649515, -15.19728244989669541, 18.85134711530234242 ) ) ;
#132 = DIRECTION ( 'NONE',  ( -0.000000000000000000, 0.000000000000000000, -1.000000000000000000 ) ) ;
#133 = DIRECTION ( 'NONE',  ( 0.000000000000000000, -1.000000000000000000, 0.000000000000000000 ) ) ;
#134 = ORIENTED_EDGE ( 'NONE', *, *, #2657, .F. ) ;
#135 = CYLINDRICAL_SURFACE ( 'NONE', #1922, 1.475000000000000533 ) ;
#136 = EDGE_CURVE ( 'NONE', #3478, #1248, #2846, .T. ) ;
#137 = VECTOR ( 'NONE', #1796, 1000.000000000000000 ) ;
#138 = CIRCLE ( 'NONE', #2087, 1.475000000000002309 ) ;
#139 = FACE_OUTER_BOUND ( 'NONE', #2589, .T. ) ;
#140 = ORIENTED_EDGE ( 'NONE', *, *, #3511, .T. ) ;
#141 = ORIENTED_EDGE ( 'NONE', *, *, #1924, .T. ) ;
#142 = VECTOR ( 'NONE', #1335, 1000.000000000000227 ) ;
#143 = DIRECTION ( 'NONE',  ( 0.000000000000000000, -1.000000000000000000, 0.000000000000000000 ) ) ;
#144 = VERTEX_POINT ( 'NONE', #1725 ) ;
#145 = DIRECTION ( 'NONE',  ( 0.000000000000000000, -1.000000000000000000, 0.000000000000000000 ) ) ;
#146 = AXIS2_PLACEMENT_3D ( 'NONE', #2055, #1420, #2003 ) ;
#147 = DIRECTION ( 'NONE',  ( 0.000000000000000000, 1.000000000000000000, 0.000000000000000000 ) ) ;
#148 = ORIENTED_EDGE ( 'NONE', *, *, #2036, .T. ) ;
#149 = VERTEX_POINT ( 'NONE', #2623 ) ;
#150 = LINE ( 'NONE', #1050, #142 ) ;
#151 = CARTESIAN_POINT ( 'NONE',  ( 15.50000000000000000, -16.79999999999999716, 20.00000000000000000 ) ) ;
#152 = CARTESIAN_POINT ( 'NONE',  ( 15.50000000000000000, -16.99999999999999645, 20.00000000000000000 ) ) ;
#153 = ADVANCED_FACE ( 'NONE', ( #1948 ), #2350, .F. ) ;
#154 = ORIENTED_EDGE ( 'NONE', *, *, #3165, .T. ) ;
#155 = DIRECTION ( 'NONE',  ( -1.000000000000000000, 0.000000000000000000, 3.297332158810721468E-15 ) ) ;
#156 = DIRECTION ( 'NONE',  ( -0.000000000000000000, 1.000000000000000000, -0.000000000000000000 ) ) ;
#157 = AXIS2_PLACEMENT_3D ( 'NONE', #3316, #3606, #3041 ) ;
#158 = CIRCLE ( 'NONE', #3574, 3.100000000000001865 ) ;
#159 = EDGE_CURVE ( 'NONE', #2742, #3092, #3177, .T. ) ;
#160 = CARTESIAN_POINT ( 'NONE',  ( 0.000000000000000000, 0.000000000000000000, 0.000000000000000000 ) ) ;
#161 = DIRECTION ( 'NONE',  ( 0.000000000000000000, -1.000000000000000000, 0.000000000000000000 ) ) ;
#162 = CIRCLE ( 'NONE', #2926, 1.475000000000000533 ) ;
#163 = ORIENTED_EDGE ( 'NONE', *, *, #998, .T. ) ;
#164 = VECTOR ( 'NONE', #212, 1000.000000000000000 ) ;
#165 = CARTESIAN_POINT ( 'NONE',  ( -2.180690873395531693, -12.99999999999999822, 39.00000000000000000 ) ) ;
#166 = VERTEX_POINT ( 'NONE', #641 ) ;
#167 = DIRECTION ( 'NONE',  ( 0.000000000000000000, -1.000000000000000000, 0.000000000000000000 ) ) ;
#168 = CARTESIAN_POINT ( 'NONE',  ( 9.049038105676540766, -16.79999999999999716, 7.326606241341118597 ) ) ;
#169 = ORIENTED_EDGE ( 'NONE', *, *, #1195, .F. ) ;
#170 = CIRCLE ( 'NONE', #465, 3.100000000000001865 ) ;
#171 = ORIENTED_EDGE ( 'NONE', *, *, #128, .T. ) ;
#172 = AXIS2_PLACEMENT_3D ( 'NONE', #1329, #1364, #2715 ) ;
#173 = DIRECTION ( 'NONE',  ( -0.4999999999999919509, 0.000000000000000000, 0.8660254037844432595 ) ) ;
#174 = CARTESIAN_POINT ( 'NONE',  ( -16.46496603840614625, -14.80256125006382284, 18.85132206603677574 ) ) ;
#175 = DIRECTION ( 'NONE',  ( 0.000000000000000000, 0.000000000000000000, -1.000000000000000000 ) ) ;
#176 = ADVANCED_FACE ( 'NONE', ( #2836 ), #3064, .F. ) ;
#177 = VERTEX_POINT ( 'NONE', #741 ) ;
#178 = CARTESIAN_POINT ( 'NONE',  ( -15.50000000000000000, -19.99999999999999645, 20.00000000000000000 ) ) ;
#179 = CARTESIAN_POINT ( 'NONE',  ( 18.60000000000000142, -19.99999999999999645, 20.00000000000000000 ) ) ;
#180 = CARTESIAN_POINT ( 'NONE',  ( -15.50000000000000000, -16.79999999999999716, 20.00000000000000000 ) ) ;
#181 = ADVANCED_FACE ( 'NONE', ( #3195 ), #135, .F. ) ;
#182 = PRODUCT_CONTEXT ( 'NONE', #2120, 'mechanical' ) ;
#183 = VERTEX_POINT ( 'NONE', #1258 ) ;
#184 = ORIENTED_EDGE ( 'NONE', *, *, #575, .T. ) ;
#185 = CARTESIAN_POINT ( 'NONE',  ( -14.11961098351988753, -13.81501393305084591, 19.39345394278119983 ) ) ;
#186 = CARTESIAN_POINT ( 'NONE',  ( 18.59999999999999787, -12.99999999999999822, 20.00000000000000355 ) ) ;
#187 = ORIENTED_EDGE ( 'NONE', *, *, #3644, .F. ) ;
#188 = ORIENTED_EDGE ( 'NONE', *, *, #2021, .T. ) ;
#189 = LINE ( 'NONE', #468, #788 ) ;
#190 = PLANE ( 'NONE',  #3496 ) ;
#191 = DIRECTION ( 'NONE',  ( 0.5000000000000101030, 0.000000000000000000, 0.8660254037844328234 ) ) ;
#192 = VERTEX_POINT ( 'NONE', #1584 ) ;
#193 = PLANE ( 'NONE',  #254 ) ;
#194 = DIRECTION ( 'NONE',  ( -1.000000000000000000, 0.000000000000000000, 0.000000000000000000 ) ) ;
#195 = CARTESIAN_POINT ( 'NONE',  ( 9.250000000000063949, -16.79999999999999716, 33.42339375865876150 ) ) ;
#196 = EDGE_CURVE ( 'NONE', #304, #28, #2711, .T. ) ;
#197 = ORIENTED_EDGE ( 'NONE', *, *, #3165, .F. ) ;
#198 = ORIENTED_EDGE ( 'NONE', *, *, #1757, .F. ) ;
#199 = ADVANCED_FACE ( 'NONE', ( #3512 ), #1844, .F. ) ;
#200 = CARTESIAN_POINT ( 'NONE',  ( -14.18811283935041523, -13.76455120181897129, 19.25740542104738395 ) ) ;
#201 = DIRECTION ( 'NONE',  ( 0.000000000000000000, -1.000000000000000000, 0.000000000000000000 ) ) ;
#202 = ORIENTED_EDGE ( 'NONE', *, *, #2991, .T. ) ;
#203 = CIRCLE ( 'NONE', #3266, 1.500000000000001332 ) ;
#204 = CIRCLE ( 'NONE', #663, 1.475000000000002309 ) ;
#205 = CIRCLE ( 'NONE', #2257, 1.500000000000001332 ) ;
#206 = VERTEX_POINT ( 'NONE', #2958 ) ;
#207 = CYLINDRICAL_SURFACE ( 'NONE', #3435, 1.500000000000001332 ) ;
#208 = CARTESIAN_POINT ( 'NONE',  ( 7.807427890948242855, -16.99999999999999645, 3.477138216446983066 ) ) ;
#209 = LINE ( 'NONE', #773, #397 ) ;
#210 = EDGE_LOOP ( 'NONE', ( #416, #2029, #782, #1222, #3395 ) ) ;
#211 = CARTESIAN_POINT ( 'NONE',  ( 7.749999999999874767, -16.99999999999999645, 6.576606241341130143 ) ) ;
#212 = DIRECTION ( 'NONE',  ( -0.000000000000000000, 0.000000000000000000, -1.000000000000000000 ) ) ;
#213 = VECTOR ( 'NONE', #1362, 1000.000000000000000 ) ;
#214 = ORIENTED_EDGE ( 'NONE', *, *, #1752, .T. ) ;
#215 = VERTEX_POINT ( 'NONE', #2941 ) ;
#216 = AXIS2_PLACEMENT_3D ( 'NONE', #2429, #1320, #194 ) ;
#217 = EDGE_CURVE ( 'NONE', #428, #849, #541, .T. ) ;
#218 = ORIENTED_EDGE ( 'NONE', *, *, #2599, .F. ) ;
#219 = AXIS2_PLACEMENT_3D ( 'NONE', #2084, #3463, #1487 ) ;
#220 = DIRECTION ( 'NONE',  ( 1.000000000000000000, 0.000000000000000000, 0.000000000000000000 ) ) ;
#221 = CARTESIAN_POINT ( 'NONE',  ( -7.807427890948357430, -16.80000000000000071, 36.52286178355296187 ) ) ;
#222 = ORIENTED_EDGE ( 'NONE', *, *, #3143, .T. ) ;
#223 = EDGE_CURVE ( 'NONE', #3573, #2681, #3324, .T. ) ;
#224 = VECTOR ( 'NONE', #910, 1000.000000000000000 ) ;
#225 = VERTEX_POINT ( 'NONE', #429 ) ;
#226 = LINE ( 'NONE', #1747, #1019 ) ;
#227 = DIRECTION ( 'NONE',  ( 0.000000000000000000, -1.000000000000000000, 0.000000000000000000 ) ) ;
#228 = VECTOR ( 'NONE', #3540, 1000.000000000000000 ) ;
#229 = CIRCLE ( 'NONE', #3405, 3.100000000000001865 ) ;
#230 = VERTEX_POINT ( 'NONE', #1563 ) ;
#231 = CARTESIAN_POINT ( 'NONE',  ( -10.40550410230167877, -16.80000000000000071, 35.02286178355297608 ) ) ;
#232 = DIRECTION ( 'NONE',  ( 0.000000000000000000, 0.000000000000000000, -1.000000000000000000 ) ) ;
#233 = DIRECTION ( 'NONE',  ( -0.000000000000000000, 1.000000000000000000, -0.000000000000000000 ) ) ;
#234 = CARTESIAN_POINT ( 'NONE',  ( -25.00000000000000000, -14.99999999999999645, 40.00000000000000000 ) ) ;
#235 = CARTESIAN_POINT ( 'NONE',  ( -10.40550410230188838, -16.80000000000000071, 4.977138216447176688 ) ) ;
#236 = EDGE_LOOP ( 'NONE', ( #2077, #1244, #1179, #2082 ) ) ;
#237 = CARTESIAN_POINT ( 'NONE',  ( -9.250000000000158096, -16.79999999999999716, 6.576606241341290904 ) ) ;
#238 = MANIFOLD_SOLID_BREP ( 'Body-Move/Copy1', #3207 ) ;
#239 = LINE ( 'NONE', #1663, #544 ) ;
#240 = EDGE_CURVE ( 'NONE', #2798, #1627, #1378, .T. ) ;
#241 = CARTESIAN_POINT ( 'NONE',  ( -7.807427890948584803, -16.80000000000000071, 3.477138216447146046 ) ) ;
#242 = EDGE_LOOP ( 'NONE', ( #630, #1485, #1818, #253 ) ) ;
#243 = VERTEX_POINT ( 'NONE', #474 ) ;
#244 = CARTESIAN_POINT ( 'NONE',  ( 14.99999999999999822, -16.47499999999999787, 21.41421356237309226 ) ) ;
#245 = ADVANCED_FACE ( 'NONE', ( #701 ), #720, .F. ) ;
#246 = EDGE_CURVE ( 'NONE', #1248, #206, #2445, .T. ) ;
#247 = ORIENTED_EDGE ( 'NONE', *, *, #278, .T. ) ;
#248 = LINE ( 'NONE', #1939, #1203 ) ;
#249 = DIRECTION ( 'NONE',  ( 1.000000000000000000, 0.000000000000000000, 0.000000000000000000 ) ) ;
#250 = DIRECTION ( 'NONE',  ( 0.000000000000000000, -1.000000000000000000, 0.000000000000000000 ) ) ;
#251 = CARTESIAN_POINT ( 'NONE',  ( 14.85105293355704958, -16.47499999999999076, 18.63844717798673756 ) ) ;
#252 = CARTESIAN_POINT ( 'NONE',  ( -7.749999999999968914, -16.99999999999999645, 33.42339375865881124 ) ) ;
#253 = ORIENTED_EDGE ( 'NONE', *, *, #1727, .T. ) ;
#254 = AXIS2_PLACEMENT_3D ( 'NONE', #211, #3298, #1340 ) ;
#255 = ORIENTED_EDGE ( 'NONE', *, *, #532, .F. ) ;
#256 = VECTOR ( 'NONE', #1064, 1000.000000000000000 ) ;
#257 = DIRECTION ( 'NONE',  ( -0.000000000000000000, 1.000000000000000000, -0.000000000000000000 ) ) ;
#258 = CARTESIAN_POINT ( 'NONE',  ( 12.39999999999999858, -19.99999999999999645, 20.00000000000000000 ) ) ;
#259 = VECTOR ( 'NONE', #2195, 999.9999999999998863 ) ;
#260 = EDGE_LOOP ( 'NONE', ( #1667, #1806, #21, #1607, #398, #2521, #2630, #1202 ) ) ;
#261 = LINE ( 'NONE', #231, #3492 ) ;
#262 = CARTESIAN_POINT ( 'NONE',  ( 25.00000000000000000, 5.000000000000004441, 40.00000000000000000 ) ) ;
#263 = ADVANCED_FACE ( 'NONE', ( #1300 ), #193, .T. ) ;
#264 = CARTESIAN_POINT ( 'NONE',  ( -7.807427890948584803, -16.80000000000000071, 3.477138216447146046 ) ) ;
#265 = CARTESIAN_POINT ( 'NONE',  ( 25.00000000000000000, 3.525000000000002576, 40.00000000000000000 ) ) ;
#266 = CARTESIAN_POINT ( 'NONE',  ( -30.00000000000000000, 20.00000000000000355, 40.00000000000000000 ) ) ;
#267 = AXIS2_PLACEMENT_3D ( 'NONE', #826, #1461, #2289 ) ;
#268 = ORIENTED_EDGE ( 'NONE', *, *, #1316, .T. ) ;
#269 = EDGE_CURVE ( 'NONE', #1121, #1106, #431, .T. ) ;
#270 = VECTOR ( 'NONE', #3256, 999.9999999999998863 ) ;
#271 = ORIENTED_EDGE ( 'NONE', *, *, #1540, .F. ) ;
#272 = DIRECTION ( 'NONE',  ( 0.000000000000000000, -1.000000000000000000, 0.000000000000000000 ) ) ;
#273 = CARTESIAN_POINT ( 'NONE',  ( 7.749999999999874767, -16.99999999999999645, 6.576606241341130143 ) ) ;
#274 = CIRCLE ( 'NONE', #3519, 1.475000000000002309 ) ;
#275 = VERTEX_POINT ( 'NONE', #503 ) ;
#276 = CIRCLE ( 'NONE', #2273, 3.100000000000000089 ) ;
#277 = CARTESIAN_POINT ( 'NONE',  ( 14.99999999999988809, -16.47500000000006537, 18.58578643762685445 ) ) ;
#278 = EDGE_CURVE ( 'NONE', #2125, #2742, #261, .T. ) ;
#279 = AXIS2_PLACEMENT_3D ( 'NONE', #2054, #3470, #934 ) ;
#280 = CARTESIAN_POINT ( 'NONE',  ( 16.11460655914960327, -15.97070550574192183, 21.37018179006674146 ) ) ;
#281 = EDGE_CURVE ( 'NONE', #674, #1220, #2965, .T. ) ;
#282 = CARTESIAN_POINT ( 'NONE',  ( 7.807427890948473781, -16.80000000000000071, 36.52286178355291213 ) ) ;
#283 = ORIENTED_EDGE ( 'NONE', *, *, #2287, .F. ) ;
#284 = DIRECTION ( 'NONE',  ( -1.000000000000000000, 0.000000000000000000, 0.000000000000000000 ) ) ;
#285 = ORIENTED_EDGE ( 'NONE', *, *, #3074, .T. ) ;
#286 = EDGE_LOOP ( 'NONE', ( #1549, #1679 ) ) ;
#287 = CARTESIAN_POINT ( 'NONE',  ( 15.50000000000000000, -16.80000000000000071, 20.00000000000000000 ) ) ;
#288 = EDGE_LOOP ( 'NONE', ( #2349, #1313, #3474, #1617, #1118 ) ) ;
#289 = ORIENTED_EDGE ( 'NONE', *, *, #938, .F. ) ;
#290 = CARTESIAN_POINT ( 'NONE',  ( 16.42631268833084945, -15.38826335318629113, 18.81992990770565655 ) ) ;
#291 = DIRECTION ( 'NONE',  ( -0.000000000000000000, 1.000000000000000000, -0.000000000000000000 ) ) ;
#292 = CARTESIAN_POINT ( 'NONE',  ( 16.27925936949359453, -14.25971434910966273, 21.28309772953232226 ) ) ;
#293 = EDGE_CURVE ( 'NONE', #1552, #2022, #3613, .T. ) ;
#294 = FACE_BOUND ( 'NONE', #654, .T. ) ;
#295 = CARTESIAN_POINT ( 'NONE',  ( 25.00000000000000000, -4.999999999999995559, 40.00000000000000000 ) ) ;
#296 = ORIENTED_EDGE ( 'NONE', *, *, #787, .F. ) ;
#297 = LINE ( 'NONE', #539, #1397 ) ;
#298 = EDGE_LOOP ( 'NONE', ( #2804, #1021, #3551, #734, #1893 ) ) ;
#299 = VERTEX_POINT ( 'NONE', #599 ) ;
#300 = CARTESIAN_POINT ( 'NONE',  ( 25.00000000000000000, -4.999999999999995559, 40.00000000000000000 ) ) ;
#301 = CARTESIAN_POINT ( 'NONE',  ( -18.59999999999999787, -72.60874452027914572, 20.00000000000000000 ) ) ;
#302 = EDGE_LOOP ( 'NONE', ( #688, #918 ) ) ;
#303 = AXIS2_PLACEMENT_3D ( 'NONE', #2751, #1073, #1308 ) ;
#304 = VERTEX_POINT ( 'NONE', #363 ) ;
#305 = DIRECTION ( 'NONE',  ( 0.000000000000000000, -1.000000000000000000, 0.000000000000000000 ) ) ;
#306 = DIRECTION ( 'NONE',  ( 0.4999999999999919509, 0.000000000000000000, -0.8660254037844432595 ) ) ;
#307 = CIRCLE ( 'NONE', #371, 3.100000000000000089 ) ;
#308 = CARTESIAN_POINT ( 'NONE',  ( -14.12044544871382534, -16.18563737916624490, 20.60875828761207984 ) ) ;
#309 = CARTESIAN_POINT ( 'NONE',  ( 15.74873282877670810, -13.71406505778823615, 21.49033251662320865 ) ) ;
#310 = FACE_OUTER_BOUND ( 'NONE', #2734, .T. ) ;
#311 = DIRECTION ( 'NONE',  ( 0.000000000000000000, -1.000000000000000000, 0.000000000000000000 ) ) ;
#312 = ORIENTED_EDGE ( 'NONE', *, *, #961, .F. ) ;
#313 = DIRECTION ( 'NONE',  ( 0.000000000000000000, -1.000000000000000000, 0.000000000000000000 ) ) ;
#314 = ORIENTED_EDGE ( 'NONE', *, *, #2668, .F. ) ;
#315 = EDGE_CURVE ( 'NONE', #183, #2489, #2835, .T. ) ;
#316 = VERTEX_POINT ( 'NONE', #2321 ) ;
#317 = AXIS2_PLACEMENT_3D ( 'NONE', #1870, #456, #2187 ) ;
#318 = DIRECTION ( 'NONE',  ( 0.5000000000000101030, 0.000000000000000000, 0.8660254037844328234 ) ) ;
#319 = ORIENTED_EDGE ( 'NONE', *, *, #1506, .T. ) ;
#320 = EDGE_CURVE ( 'NONE', #2179, #215, #1729, .T. ) ;
#321 = CIRCLE ( 'NONE', #745, 1.475000000000001865 ) ;
#322 = EDGE_CURVE ( 'NONE', #2274, #1076, #1792, .T. ) ;
#323 = ORIENTED_EDGE ( 'NONE', *, *, #1178, .F. ) ;
#324 = CARTESIAN_POINT ( 'NONE',  ( -7.807427890948584803, -16.99999999999999645, 3.477138216447146046 ) ) ;
#325 = DIRECTION ( 'NONE',  ( 0.000000000000000000, 1.000000000000000000, 0.000000000000000000 ) ) ;
#326 = CARTESIAN_POINT ( 'NONE',  ( -25.00000000000000000, 6.475000000000006750, 0.000000000000000000 ) ) ;
#327 = AXIS2_PLACEMENT_3D ( 'NONE', #3624, #3358, #1117 ) ;
#328 = DIRECTION ( 'NONE',  ( 0.000000000000000000, 0.000000000000000000, -1.000000000000000000 ) ) ;
#329 = CARTESIAN_POINT ( 'NONE',  ( -14.46582310647070457, -16.38077387548875308, 21.09738361742240187 ) ) ;
#330 = CARTESIAN_POINT ( 'NONE',  ( 16.17451005410584841, -14.10275225709084168, 21.34112681554903190 ) ) ;
#331 = VECTOR ( 'NONE', #972, 1000.000000000000000 ) ;
#332 = VECTOR ( 'NONE', #796, 1000.000000000000000 ) ;
#333 = CARTESIAN_POINT ( 'NONE',  ( -7.807427890948584803, -16.80000000000000071, 3.477138216447146046 ) ) ;
#334 = CARTESIAN_POINT ( 'NONE',  ( 7.807427890948473781, -16.80000000000000071, 36.52286178355291213 ) ) ;
#335 = ORIENTED_EDGE ( 'NONE', *, *, #246, .F. ) ;
#336 = DIRECTION ( 'NONE',  ( 1.000000000000000000, 0.000000000000000000, 0.000000000000000000 ) ) ;
#337 = ORIENTED_EDGE ( 'NONE', *, *, #455, .F. ) ;
#338 = EDGE_CURVE ( 'NONE', #2989, #1777, #1781, .T. ) ;
#339 = ORIENTED_EDGE ( 'NONE', *, *, #3580, .F. ) ;
#340 = FACE_OUTER_BOUND ( 'NONE', #1964, .T. ) ;
#341 = DIRECTION ( 'NONE',  ( 0.000000000000000000, -1.000000000000000000, 0.000000000000000000 ) ) ;
#342 = ORIENTED_EDGE ( 'NONE', *, *, #3535, .F. ) ;
#343 = EDGE_CURVE ( 'NONE', #2906, #436, #2086, .T. ) ;
#344 = VERTEX_POINT ( 'NONE', #3377 ) ;
#345 = DIRECTION ( 'NONE',  ( 0.000000000000000000, -1.000000000000000000, 0.000000000000000000 ) ) ;
#346 = CARTESIAN_POINT ( 'NONE',  ( -12.78706800674989097, -16.80000000000000071, 21.50000000000000000 ) ) ;
#347 = CARTESIAN_POINT ( 'NONE',  ( -15.00000000000000178, -13.52499999999999325, 40.00000000000000000 ) ) ;
#348 = CARTESIAN_POINT ( 'NONE',  ( 30.00000000000000000, 20.00000000000000355, 40.00000000000000000 ) ) ;
#349 = PLANE ( 'NONE',  #2080 ) ;
#350 = DIRECTION ( 'NONE',  ( 1.000000000000000000, 0.000000000000000000, 0.000000000000000000 ) ) ;
#351 = CARTESIAN_POINT ( 'NONE',  ( 2.180690873395531693, 20.00000000000000355, 39.00000000000000000 ) ) ;
#352 = ORIENTED_EDGE ( 'NONE', *, *, #1045, .F. ) ;
#353 = CARTESIAN_POINT ( 'NONE',  ( -25.00000000000000000, 16.47500000000000497, 40.00000000000000000 ) ) ;
#354 = ORIENTED_EDGE ( 'NONE', *, *, #852, .F. ) ;
#355 = B_SPLINE_CURVE_WITH_KNOTS ( 'NONE', 3,
 ( #244, #2738, #1668, #3584, #772, #469, #3069, #1933 ),
 .UNSPECIFIED., .F., .F.,
 ( 4, 2, 2, 4 ),
 ( 0.004712664559989682318, 0.005653031901275059994, 0.006123215571917747964, 0.006593399242560436802 ),
 .UNSPECIFIED. ) ;
#356 = LINE ( 'NONE', #1787, #1703 ) ;
#357 = EDGE_LOOP ( 'NONE', ( #2476, #944, #335, #2978, #1596, #1237, #2451, #1908 ) ) ;
#358 = LINE ( 'NONE', #1852, #2971 ) ;
#359 = CARTESIAN_POINT ( 'NONE',  ( -7.750000000000156319, -16.80000000000000071, 6.576606241341290904 ) ) ;
#360 = VERTEX_POINT ( 'NONE', #839 ) ;
#361 = ORIENTED_EDGE ( 'NONE', *, *, #1950, .F. ) ;
#362 = LINE ( 'NONE', #2089, #2499 ) ;
#363 = CARTESIAN_POINT ( 'NONE',  ( 0.5260990984306863627, -19.99999999999999645, 19.30000000000000071 ) ) ;
#364 = DIRECTION ( 'NONE',  ( 0.000000000000000000, 0.000000000000000000, -1.000000000000000000 ) ) ;
#365 = CARTESIAN_POINT ( 'NONE',  ( -12.78706800674989097, -16.80000000000000071, 18.50000000000000000 ) ) ;
#366 = EDGE_CURVE ( 'NONE', #2314, #1370, #1986, .T. ) ;
#367 =( GEOMETRIC_REPRESENTATION_CONTEXT ( 3 ) GLOBAL_UNCERTAINTY_ASSIGNED_CONTEXT ( ( #3331 ) ) GLOBAL_UNIT_ASSIGNED_CONTEXT ( ( #2409, #936, #2131 ) ) REPRESENTATION_CONTEXT ( 'NONE', 'WORKASPACE' ) );
#368 = ORIENTED_EDGE ( 'NONE', *, *, #2602, .F. ) ;
#369 = DIRECTION ( 'NONE',  ( -1.000000000000000000, 0.000000000000000000, 0.000000000000000000 ) ) ;
#370 = CARTESIAN_POINT ( 'NONE',  ( -15.00000000000000178, -14.99999999999999645, 40.00000000000000000 ) ) ;
#371 = AXIS2_PLACEMENT_3D ( 'NONE', #1060, #1366, #3610 ) ;
#372 = EDGE_CURVE ( 'NONE', #225, #3464, #954, .T. ) ;
#373 = CIRCLE ( 'NONE', #2447, 3.100000000000000089 ) ;
#374 = CARTESIAN_POINT ( 'NONE',  ( -2.086322874286540507, -24.21111084794840096, 18.73212498679405869 ) ) ;
#375 = FACE_OUTER_BOUND ( 'NONE', #495, .T. ) ;
#376 = VERTEX_POINT ( 'NONE', #2818 ) ;
#377 = CARTESIAN_POINT ( 'NONE',  ( -0.5260990984306727070, -24.21111084794840096, 19.30000000000000426 ) ) ;
#378 = EDGE_LOOP ( 'NONE', ( #3544, #2945, #2173, #770, #3642 ) ) ;
#379 = DIRECTION ( 'NONE',  ( 1.000000000000000000, 0.000000000000000000, 0.000000000000000000 ) ) ;
#380 = DIRECTION ( 'NONE',  ( -0.5000000000000037748, 0.000000000000000000, -0.8660254037844364872 ) ) ;
#381 = VERTEX_POINT ( 'NONE', #2264 ) ;
#382 = ADVANCED_FACE ( 'NONE', ( #3396 ), #2001, .F. ) ;
#383 = CIRCLE ( 'NONE', #2456, 1.475000000000002309 ) ;
#384 = VERTEX_POINT ( 'NONE', #3212 ) ;
#385 = CARTESIAN_POINT ( 'NONE',  ( 14.18793269305960791, -13.76465850194553298, 20.74232062498439788 ) ) ;
#386 = DIRECTION ( 'NONE',  ( -0.000000000000000000, 1.000000000000000000, -0.000000000000000000 ) ) ;
#387 = CARTESIAN_POINT ( 'NONE',  ( 15.50000000000000000, -12.99999999999999822, 20.00000000000000000 ) ) ;
#388 = DIRECTION ( 'NONE',  ( 1.000000000000000000, 0.000000000000000000, 0.000000000000000000 ) ) ;
#389 = CIRCLE ( 'NONE', #2217, 3.100000000000001865 ) ;
#390 = ORIENTED_EDGE ( 'NONE', *, *, #115, .F. ) ;
#391 = CIRCLE ( 'NONE', #1037, 6.100000000000001421 ) ;
#392 = DIRECTION ( 'NONE',  ( -0.000000000000000000, 0.000000000000000000, -1.000000000000000000 ) ) ;
#393 = EDGE_CURVE ( 'NONE', #2661, #1593, #1182, .T. ) ;
#394 = FACE_OUTER_BOUND ( 'NONE', #2673, .T. ) ;
#395 = EDGE_CURVE ( 'NONE', #3579, #1242, #924, .T. ) ;
#396 = DIRECTION ( 'NONE',  ( 0.3420201433256634393, 0.000000000000000000, 0.9396926207859103153 ) ) ;
#397 = VECTOR ( 'NONE', #1601, 1000.000000000000000 ) ;
#398 = ORIENTED_EDGE ( 'NONE', *, *, #1685, .F. ) ;
#399 = ORIENTED_EDGE ( 'NONE', *, *, #2136, .T. ) ;
#400 = VECTOR ( 'NONE', #827, 1000.000000000000000 ) ;
#401 = LINE ( 'NONE', #165, #2708 ) ;
#402 = ORIENTED_EDGE ( 'NONE', *, *, #2094, .F. ) ;
#403 = DIRECTION ( 'NONE',  ( 0.000000000000000000, -1.000000000000000000, 0.000000000000000000 ) ) ;
#404 = CARTESIAN_POINT ( 'NONE',  ( -16.11463273156265430, -14.02931349435848141, 21.37017467385079428 ) ) ;
#405 = ORIENTED_EDGE ( 'NONE', *, *, #1711, .T. ) ;
#406 = VERTEX_POINT ( 'NONE', #2976 ) ;
#407 = DIRECTION ( 'NONE',  ( 1.000000000000000000, 0.000000000000000000, 9.251858538542962756E-15 ) ) ;
#408 = CARTESIAN_POINT ( 'NONE',  ( -15.91381882207202203, -13.82667707330237938, 18.55106614726415160 ) ) ;
#409 = DIRECTION ( 'NONE',  ( 1.000000000000000000, 0.000000000000000000, 0.000000000000000000 ) ) ;
#410 = DIRECTION ( 'NONE',  ( 1.000000000000000000, 0.000000000000000000, 0.000000000000000000 ) ) ;
#411 = B_SPLINE_CURVE_WITH_KNOTS ( 'NONE', 3,
 ( #1381, #1949, #3065, #2454, #2175, #527, #2752, #2781, #251, #462 ),
 .UNSPECIFIED., .F., .F.,
 ( 4, 2, 2, 2, 4 ),
 ( 0.006593399242560436802, 0.007063751378649266513, 0.007534103514738096224, 0.008004455650826925936, 0.008474807786915755647 ),
 .UNSPECIFIED. ) ;
#412 = ORIENTED_EDGE ( 'NONE', *, *, #549, .F. ) ;
#413 = CARTESIAN_POINT ( 'NONE',  ( 17.00000000000000000, -12.99999999999999822, 20.00000000000000000 ) ) ;
#414 = CARTESIAN_POINT ( 'NONE',  ( -15.50000000000000000, -16.79999999999999716, 21.50000000000000000 ) ) ;
#415 = ORIENTED_EDGE ( 'NONE', *, *, #3244, .T. ) ;
#416 = ORIENTED_EDGE ( 'NONE', *, *, #948, .F. ) ;
#417 = EDGE_CURVE ( 'NONE', #3162, #3476, #3431, .T. ) ;
#418 = CARTESIAN_POINT ( 'NONE',  ( -6.100000000000001421, -19.99999999999999645, 13.00000000000000178 ) ) ;
#419 = ORIENTED_EDGE ( 'NONE', *, *, #3019, .T. ) ;
#420 = LINE ( 'NONE', #2104, #1379 ) ;
#421 = DIRECTION ( 'NONE',  ( 3.297332158810721468E-15, 0.000000000000000000, 1.000000000000000000 ) ) ;
#422 = VERTEX_POINT ( 'NONE', #1010 ) ;
#423 = EDGE_CURVE ( 'NONE', #2608, #2465, #1578, .T. ) ;
#424 = ORIENTED_EDGE ( 'NONE', *, *, #1632, .T. ) ;
#425 = CARTESIAN_POINT ( 'NONE',  ( -7.692572109051582174, -16.80000000000000071, 30.32392573376467126 ) ) ;
#426 = DIRECTION ( 'NONE',  ( -0.000000000000000000, 1.000000000000000000, -0.000000000000000000 ) ) ;
#427 = CARTESIAN_POINT ( 'NONE',  ( -10.84999999999997122, -16.99999999999999645, 33.42339375865881124 ) ) ;
#428 = VERTEX_POINT ( 'NONE', #2346 ) ;
#429 = CARTESIAN_POINT ( 'NONE',  ( 15.50000000000000000, -16.79999999999999716, 21.50000000000000000 ) ) ;
#430 = DIRECTION ( 'NONE',  ( -0.000000000000000000, 1.000000000000000000, -0.000000000000000000 ) ) ;
#431 = CIRCLE ( 'NONE', #3260, 3.100000000000000977 ) ;
#432 = CARTESIAN_POINT ( 'NONE',  ( -10.40550410230188838, -16.99999999999999645, 4.977138216447176688 ) ) ;
#433 = VECTOR ( 'NONE', #1773, 1000.000000000000000 ) ;
#434 = FACE_BOUND ( 'NONE', #1483, .T. ) ;
#435 = ORIENTED_EDGE ( 'NONE', *, *, #466, .T. ) ;
#436 = VERTEX_POINT ( 'NONE', #2424 ) ;
#437 = CIRCLE ( 'NONE', #1077, 1.500000000000001332 ) ;
#438 = FACE_OUTER_BOUND ( 'NONE', #2576, .T. ) ;
#439 = CARTESIAN_POINT ( 'NONE',  ( -18.21293199325010903, -16.80000000000000071, 18.50000000000000000 ) ) ;
#440 = DIRECTION ( 'NONE',  ( -0.8660254037844328234, 0.000000000000000000, 0.5000000000000101030 ) ) ;
#441 = EDGE_CURVE ( 'NONE', #695, #3527, #658, .T. ) ;
#442 = CARTESIAN_POINT ( 'NONE',  ( -15.18954309116940493, -13.53396034440745765, 21.47072223179218398 ) ) ;
#443 = EDGE_LOOP ( 'NONE', ( #2815, #1954, #3164, #2844 ) ) ;
#444 = EDGE_LOOP ( 'NONE', ( #3498, #2177, #3614, #1720 ) ) ;
#445 = LINE ( 'NONE', #1577, #3268 ) ;
#446 = DIRECTION ( 'NONE',  ( -1.000000000000000000, 0.000000000000000000, 0.000000000000000000 ) ) ;
#447 = EDGE_CURVE ( 'NONE', #2692, #2079, #2380, .T. ) ;
#448 = CARTESIAN_POINT ( 'NONE',  ( -6.250000000000154543, -16.79999999999999716, 6.576606241341290904 ) ) ;
#449 = ORIENTED_EDGE ( 'NONE', *, *, #2406, .F. ) ;
#450 = DIRECTION ( 'NONE',  ( -1.000000000000000000, 0.000000000000000000, 0.000000000000000000 ) ) ;
#451 = CARTESIAN_POINT ( 'NONE',  ( 0.000000000000000000, -19.99999999999999645, 13.00000000000000178 ) ) ;
#452 = CARTESIAN_POINT ( 'NONE',  ( 4.650000000000061640, -19.99999999999999645, 33.42339375865876150 ) ) ;
#453 = AXIS2_PLACEMENT_3D ( 'NONE', #273, #1719, #3617 ) ;
#454 = APPLICATION_PROTOCOL_DEFINITION ( 'draft international standard', 'automotive_design', 1998, #2120 ) ;
#455 = EDGE_CURVE ( 'NONE', #822, #2179, #1881, .T. ) ;
#456 = DIRECTION ( 'NONE',  ( 0.000000000000000000, 0.000000000000000000, -1.000000000000000000 ) ) ;
#457 = AXIS2_PLACEMENT_3D ( 'NONE', #2969, #1572, #2699 ) ;
#458 = EDGE_LOOP ( 'NONE', ( #2593, #3250 ) ) ;
#459 = CIRCLE ( 'NONE', #1148, 1.500000000000001332 ) ;
#460 = DIRECTION ( 'NONE',  ( -0.5000000000000037748, 0.000000000000000000, -0.8660254037844364872 ) ) ;
#461 = VERTEX_POINT ( 'NONE', #1276 ) ;
#462 = CARTESIAN_POINT ( 'NONE',  ( 14.99999999999988809, -16.47500000000006537, 18.58578643762685445 ) ) ;
#463 = CARTESIAN_POINT ( 'NONE',  ( 25.00000000000000000, 5.000000000000004441, 0.000000000000000000 ) ) ;
#464 = ORIENTED_EDGE ( 'NONE', *, *, #712, .F. ) ;
#465 = AXIS2_PLACEMENT_3D ( 'NONE', #152, #133, #2956 ) ;
#466 = EDGE_CURVE ( 'NONE', #1593, #225, #1120, .T. ) ;
#467 = ORIENTED_EDGE ( 'NONE', *, *, #487, .T. ) ;
#468 = CARTESIAN_POINT ( 'NONE',  ( -18.21293199325010903, -16.99999999999999645, 18.50000000000000000 ) ) ;
#469 = CARTESIAN_POINT ( 'NONE',  ( 14.02549830830490762, -16.10887312283032102, 20.31487608877945306 ) ) ;
#470 = DIRECTION ( 'NONE',  ( 0.000000000000000000, -1.000000000000000000, 0.000000000000000000 ) ) ;
#471 = EDGE_CURVE ( 'NONE', #1089, #2798, #932, .T. ) ;
#472 = VERTEX_POINT ( 'NONE', #3234 ) ;
#473 = EDGE_CURVE ( 'NONE', #2735, #1871, #656, .T. ) ;
#474 = CARTESIAN_POINT ( 'NONE',  ( 25.00000000000000000, 16.47500000000000497, 0.000000000000000000 ) ) ;
#475 = CARTESIAN_POINT ( 'NONE',  ( 6.361574665857334665, 20.00000000000000355, 37.47828274661793557 ) ) ;
#476 = ORIENTED_EDGE ( 'NONE', *, *, #2018, .F. ) ;
#477 = ORIENTED_EDGE ( 'NONE', *, *, #278, .F. ) ;
#478 = CARTESIAN_POINT ( 'NONE',  ( -18.21293199325010903, -16.99999999999999645, 18.50000000000000000 ) ) ;
#479 = CARTESIAN_POINT ( 'NONE',  ( 12.39999999999999858, -16.80000000000000071, 20.00000000000000000 ) ) ;
#480 = ORIENTED_EDGE ( 'NONE', *, *, #1882, .T. ) ;
#481 = ORIENTED_EDGE ( 'NONE', *, *, #1816, .F. ) ;
#482 = CARTESIAN_POINT ( 'NONE',  ( -14.18777098913747814, -13.76474094958641459, 20.74212164262643299 ) ) ;
#483 = DIRECTION ( 'NONE',  ( -0.000000000000000000, 0.000000000000000000, -1.000000000000000000 ) ) ;
#484 = ORIENTED_EDGE ( 'NONE', *, *, #911, .F. ) ;
#485 = DIRECTION ( 'NONE',  ( -0.000000000000000000, 0.000000000000000000, -1.000000000000000000 ) ) ;
#486 = DIRECTION ( 'NONE',  ( 1.000000000000000000, 0.000000000000000000, 0.000000000000000000 ) ) ;
#487 = EDGE_CURVE ( 'NONE', #1026, #3201, #2384, .T. ) ;
#488 = DIRECTION ( 'NONE',  ( 1.000000000000000000, 0.000000000000000000, 0.000000000000000000 ) ) ;
#489 = EDGE_CURVE ( 'NONE', #1004, #3598, #2198, .T. ) ;
#490 = ORIENTED_EDGE ( 'NONE', *, *, #3126, .F. ) ;
#491 = CYLINDRICAL_SURFACE ( 'NONE', #2116, 3.100000000000000977 ) ;
#492 = ORIENTED_EDGE ( 'NONE', *, *, #542, .F. ) ;
#493 = DIRECTION ( 'NONE',  ( 0.000000000000000000, -1.000000000000000000, 0.000000000000000000 ) ) ;
#494 = CARTESIAN_POINT ( 'NONE',  ( 30.00000000000000000, 20.00000000000000355, 40.00000000000000000 ) ) ;
#495 = EDGE_LOOP ( 'NONE', ( #1481, #3042, #1363, #3520, #1141 ) ) ;
#496 = CIRCLE ( 'NONE', #1621, 3.100000000000000977 ) ;
#497 = CIRCLE ( 'NONE', #837, 3.100000000000001865 ) ;
#498 = EDGE_LOOP ( 'NONE', ( #59, #2762, #517, #2263 ) ) ;
#499 = CARTESIAN_POINT ( 'NONE',  ( -7.749999999999968914, -16.99999999999999645, 33.42339375865881124 ) ) ;
#500 = FACE_OUTER_BOUND ( 'NONE', #84, .T. ) ;
#501 = CARTESIAN_POINT ( 'NONE',  ( -30.00000000000000355, -19.99999999999999645, 0.000000000000000000 ) ) ;
#502 = ORIENTED_EDGE ( 'NONE', *, *, #2268, .T. ) ;
#503 = CARTESIAN_POINT ( 'NONE',  ( -18.21293199325010903, -16.80000000000000071, 18.50000000000000000 ) ) ;
#504 = DIRECTION ( 'NONE',  ( 0.000000000000000000, -1.000000000000000000, 0.000000000000000000 ) ) ;
#505 = LINE ( 'NONE', #475, #805 ) ;
#506 = EDGE_CURVE ( 'NONE', #2684, #1788, #2675, .T. ) ;
#507 = AXIS2_PLACEMENT_3D ( 'NONE', #264, #2249, #585 ) ;
#508 = ORIENTED_EDGE ( 'NONE', *, *, #1776, .T. ) ;
#509 = AXIS2_PLACEMENT_3D ( 'NONE', #3364, #1971, #3085 ) ;
#510 = EDGE_CURVE ( 'NONE', #2828, #3113, #1858, .T. ) ;
#511 = CARTESIAN_POINT ( 'NONE',  ( 25.00000000000000000, -4.999999999999995559, 40.00000000000000000 ) ) ;
#512 = VERTEX_POINT ( 'NONE', #2722 ) ;
#513 = CIRCLE ( 'NONE', #909, 1.500000000000001332 ) ;
#514 = CARTESIAN_POINT ( 'NONE',  ( -15.00000000000000178, -14.99999999999999645, 40.00000000000000000 ) ) ;
#515 = LINE ( 'NONE', #2488, #1644 ) ;
#516 = ORIENTED_EDGE ( 'NONE', *, *, #1376, .T. ) ;
#517 = ORIENTED_EDGE ( 'NONE', *, *, #2513, .F. ) ;
#518 = DIRECTION ( 'NONE',  ( 1.000000000000000000, 0.000000000000000000, 0.000000000000000000 ) ) ;
#519 = DIRECTION ( 'NONE',  ( -1.000000000000000000, 0.000000000000000000, 0.000000000000000000 ) ) ;
#520 = CIRCLE ( 'NONE', #2222, 3.100000000000000977 ) ;
#521 = AXIS2_PLACEMENT_3D ( 'NONE', #1728, #1409, #1991 ) ;
#522 = VERTEX_POINT ( 'NONE', #1967 ) ;
#523 = CARTESIAN_POINT ( 'NONE',  ( 25.00000000000000000, -14.99999999999999645, 0.000000000000000000 ) ) ;
#524 = DIRECTION ( 'NONE',  ( 0.000000000000000000, 1.000000000000000000, 0.000000000000000000 ) ) ;
#525 = DIRECTION ( 'NONE',  ( 1.000000000000000000, 0.000000000000000000, 0.000000000000000000 ) ) ;
#526 = DIRECTION ( 'NONE',  ( 1.000000000000000000, 0.000000000000000000, 0.000000000000000000 ) ) ;
#527 = CARTESIAN_POINT ( 'NONE',  ( 14.36064540909624121, -16.33291109897707116, 19.01297460998091537 ) ) ;
#528 = CYLINDRICAL_SURFACE ( 'NONE', #2464, 6.100000000000001421 ) ;
#529 = ORIENTED_EDGE ( 'NONE', *, *, #1711, .F. ) ;
#530 = CARTESIAN_POINT ( 'NONE',  ( 7.749999999999874767, -16.79999999999999716, 6.576606241341130143 ) ) ;
#531 = DIRECTION ( 'NONE',  ( -0.000000000000000000, 0.000000000000000000, -1.000000000000000000 ) ) ;
#532 = EDGE_CURVE ( 'NONE', #2889, #2194, #886, .T. ) ;
#533 = ORIENTED_EDGE ( 'NONE', *, *, #240, .T. ) ;
#534 = DIRECTION ( 'NONE',  ( 1.000000000000000000, 0.000000000000000000, 0.000000000000000000 ) ) ;
#535 = EDGE_CURVE ( 'NONE', #46, #3113, #1657, .T. ) ;
#536 = DIRECTION ( 'NONE',  ( 8.673617379884035472E-17, 1.000000000000000000, 0.000000000000000000 ) ) ;
#537 = ADVANCED_FACE ( 'NONE', ( #1094 ), #190, .F. ) ;
#538 = FACE_BOUND ( 'NONE', #2962, .T. ) ;
#539 = CARTESIAN_POINT ( 'NONE',  ( 12.78706800674989097, -16.80000000000000071, 18.50000000000000000 ) ) ;
#540 = ORIENTED_EDGE ( 'NONE', *, *, #2998, .T. ) ;
#541 = CIRCLE ( 'NONE', #2145, 1.475000000000002309 ) ;
#542 = EDGE_CURVE ( 'NONE', #1333, #2825, #2148, .T. ) ;
#543 = ORIENTED_EDGE ( 'NONE', *, *, #3062, .T. ) ;
#544 = VECTOR ( 'NONE', #3340, 1000.000000000000000 ) ;
#545 = CARTESIAN_POINT ( 'NONE',  ( -14.46635857421155258, -16.38097011180433782, 18.90213596826512088 ) ) ;
#546 = DIRECTION ( 'NONE',  ( 0.000000000000000000, -1.000000000000000000, 0.000000000000000000 ) ) ;
#547 = AXIS2_PLACEMENT_3D ( 'NONE', #2383, #3251, #696 ) ;
#548 = CIRCLE ( 'NONE', #2206, 3.100000000000001865 ) ;
#549 = EDGE_CURVE ( 'NONE', #2684, #1305, #3328, .T. ) ;
#550 = ORIENTED_EDGE ( 'NONE', *, *, #2535, .T. ) ;
#551 = CARTESIAN_POINT ( 'NONE',  ( -15.50000000000000000, -16.79999999999999716, 20.00000000000000000 ) ) ;
#552 = CARTESIAN_POINT ( 'NONE',  ( 16.39737332137437420, -14.51842465012507688, 21.20279018262670689 ) ) ;
#553 = VECTOR ( 'NONE', #37, 1000.000000000000000 ) ;
#554 = CARTESIAN_POINT ( 'NONE',  ( -15.00000000000000178, -13.52499999999999325, 18.58578643762690419 ) ) ;
#555 = DIRECTION ( 'NONE',  ( 0.000000000000000000, 1.000000000000000000, 0.000000000000000000 ) ) ;
#556 = DIRECTION ( 'NONE',  ( 0.000000000000000000, 1.000000000000000000, 0.000000000000000000 ) ) ;
#557 = AXIS2_PLACEMENT_3D ( 'NONE', #1234, #364, #677 ) ;
#558 = AXIS2_PLACEMENT_3D ( 'NONE', #2124, #3025, #3543 ) ;
#559 = ORIENTED_EDGE ( 'NONE', *, *, #2197, .F. ) ;
#560 = CARTESIAN_POINT ( 'NONE',  ( 14.69943880994220287, -13.52499999999999680, 18.69205086545258609 ) ) ;
#561 = DIRECTION ( 'NONE',  ( 0.000000000000000000, -1.000000000000000000, 0.000000000000000000 ) ) ;
#562 = VECTOR ( 'NONE', #2482, 1000.000000000000000 ) ;
#563 = ORIENTED_EDGE ( 'NONE', *, *, #1192, .T. ) ;
#564 = AXIS2_PLACEMENT_3D ( 'NONE', #1003, #1833, #943 ) ;
#565 = DIRECTION ( 'NONE',  ( -0.000000000000000000, 1.000000000000000000, -0.000000000000000000 ) ) ;
#566 = DIRECTION ( 'NONE',  ( 0.000000000000000000, 1.000000000000000000, 0.000000000000000000 ) ) ;
#567 = ADVANCED_FACE ( 'NONE', ( #3292 ), #1901, .F. ) ;
#568 = AXIS2_PLACEMENT_3D ( 'NONE', #2463, #995, #2706 ) ;
#569 = CARTESIAN_POINT ( 'NONE',  ( 15.74760070916856414, -16.27519191632245921, 21.48170620308416900 ) ) ;
#570 = AXIS2_PLACEMENT_3D ( 'NONE', #511, #1648, #2730 ) ;
#571 = DIRECTION ( 'NONE',  ( 0.000000000000000000, -1.000000000000000000, 0.000000000000000000 ) ) ;
#572 = DIRECTION ( 'NONE',  ( 0.000000000000000000, -1.000000000000000000, 0.000000000000000000 ) ) ;
#573 = ORIENTED_EDGE ( 'NONE', *, *, #1525, .T. ) ;
#574 = DIRECTION ( 'NONE',  ( 0.000000000000000000, 0.000000000000000000, -1.000000000000000000 ) ) ;
#575 = EDGE_CURVE ( 'NONE', #92, #3526, #2869, .T. ) ;
#576 = ORIENTED_EDGE ( 'NONE', *, *, #3274, .F. ) ;
#577 = CARTESIAN_POINT ( 'NONE',  ( -18.21293199325010903, -16.80000000000000071, 21.50000000000000000 ) ) ;
#578 = DIRECTION ( 'NONE',  ( 0.4999999999999978351, 0.000000000000000000, -0.8660254037844399289 ) ) ;
#579 = ORIENTED_EDGE ( 'NONE', *, *, #1376, .F. ) ;
#580 = ORIENTED_EDGE ( 'NONE', *, *, #1000, .T. ) ;
#581 = CARTESIAN_POINT ( 'NONE',  ( 15.90725423978451047, -13.83301852890417294, 18.55401957205318197 ) ) ;
#582 = FACE_OUTER_BOUND ( 'NONE', #1012, .T. ) ;
#583 = DIRECTION ( 'NONE',  ( 0.000000000000000000, 1.000000000000000000, 0.000000000000000000 ) ) ;
#584 = EDGE_CURVE ( 'NONE', #149, #512, #3600, .T. ) ;
#585 = DIRECTION ( 'NONE',  ( 0.5000000000000101030, 0.000000000000000000, 0.8660254037844328234 ) ) ;
#586 = CARTESIAN_POINT ( 'NONE',  ( 7.749999999999874767, -16.99999999999999645, 6.576606241341130143 ) ) ;
#587 = EDGE_CURVE ( 'NONE', #360, #649, #355, .T. ) ;
#588 = CYLINDRICAL_SURFACE ( 'NONE', #1865, 1.500000000000001332 ) ;
#589 = CARTESIAN_POINT ( 'NONE',  ( -18.21293199325010903, -16.80000000000000071, 18.50000000000000000 ) ) ;
#590 = ORIENTED_EDGE ( 'NONE', *, *, #2643, .F. ) ;
#591 = ADVANCED_FACE ( 'NONE', ( #500 ), #3053, .T. ) ;
#592 = ORIENTED_EDGE ( 'NONE', *, *, #3148, .F. ) ;
#593 = PLANE ( 'NONE',  #2497 ) ;
#594 = DIRECTION ( 'NONE',  ( 0.000000000000000000, 1.000000000000000000, 0.000000000000000000 ) ) ;
#595 = AXIS2_PLACEMENT_3D ( 'NONE', #151, #2937, #3468 ) ;
#596 = AXIS2_PLACEMENT_3D ( 'NONE', #3012, #1315, #2231 ) ;
#597 = ORIENTED_EDGE ( 'NONE', *, *, #2183, .T. ) ;
#598 = LINE ( 'NONE', #2876, #2973 ) ;
#599 = CARTESIAN_POINT ( 'NONE',  ( -13.99999999999999822, -12.99999999999999822, 20.00000000000000000 ) ) ;
#600 = CARTESIAN_POINT ( 'NONE',  ( -15.00000000000000178, -16.47499999999999787, 21.41421356237309581 ) ) ;
#601 = FACE_BOUND ( 'NONE', #286, .T. ) ;
#602 = CIRCLE ( 'NONE', #2745, 3.100000000000003197 ) ;
#603 = CARTESIAN_POINT ( 'NONE',  ( -10.40550410230167877, -16.99999999999999645, 35.02286178355297608 ) ) ;
#604 = CARTESIAN_POINT ( 'NONE',  ( 15.18903816483302549, -13.53390516421552725, 21.47060670644550839 ) ) ;
#605 = EDGE_CURVE ( 'NONE', #1326, #1333, #72, .T. ) ;
#606 = CARTESIAN_POINT ( 'NONE',  ( 25.00000000000000000, -3.524999999999993694, 40.00000000000000000 ) ) ;
#607 = VERTEX_POINT ( 'NONE', #1385 ) ;
#608 = FACE_OUTER_BOUND ( 'NONE', #3471, .T. ) ;
#609 = ORIENTED_EDGE ( 'NONE', *, *, #1316, .F. ) ;
#610 = ADVANCED_FACE ( 'NONE', ( #2026 ), #2571, .F. ) ;
#611 = ORIENTED_EDGE ( 'NONE', *, *, #159, .F. ) ;
#612 = CARTESIAN_POINT ( 'NONE',  ( -15.00000000000000178, -16.47499999999999787, 0.000000000000000000 ) ) ;
#613 = CARTESIAN_POINT ( 'NONE',  ( -16.39780651398285727, -14.51946506601323073, 21.20248616202122349 ) ) ;
#614 = CIRCLE ( 'NONE', #3627, 3.100000000000002309 ) ;
#615 = ORIENTED_EDGE ( 'NONE', *, *, #2412, .F. ) ;
#616 = CARTESIAN_POINT ( 'NONE',  ( 7.750000000000062172, -16.79999999999999716, 33.42339375865876150 ) ) ;
#617 = CARTESIAN_POINT ( 'NONE',  ( 16.47499642217143290, -14.90210224345852374, 18.86009562823232244 ) ) ;
#618 = DIRECTION ( 'NONE',  ( -0.000000000000000000, 0.000000000000000000, -1.000000000000000000 ) ) ;
#619 = CIRCLE ( 'NONE', #1088, 1.500000000000001332 ) ;
#620 = DIRECTION ( 'NONE',  ( -0.000000000000000000, 1.000000000000000000, -0.000000000000000000 ) ) ;
#621 = EDGE_CURVE ( 'NONE', #1777, #1339, #3401, .T. ) ;
#622 = CIRCLE ( 'NONE', #3350, 3.100000000000000089 ) ;
#623 = LINE ( 'NONE', #893, #664 ) ;
#624 = DIRECTION ( 'NONE',  ( 0.000000000000000000, 1.000000000000000000, 0.000000000000000000 ) ) ;
#625 = AXIS2_PLACEMENT_3D ( 'NONE', #69, #620, #388 ) ;
#626 = AXIS2_PLACEMENT_3D ( 'NONE', #2563, #3406, #1746 ) ;
#627 = CARTESIAN_POINT ( 'NONE',  ( 15.50000000000000000, -16.80000000000000071, 20.00000000000000000 ) ) ;
#628 = ORIENTED_EDGE ( 'NONE', *, *, #2516, .F. ) ;
#629 = CARTESIAN_POINT ( 'NONE',  ( -4.649999999999967493, -19.99999999999999645, 33.42339375865881124 ) ) ;
#630 = ORIENTED_EDGE ( 'NONE', *, *, #128, .F. ) ;
#631 = DIRECTION ( 'NONE',  ( 1.000000000000000000, 0.000000000000000000, 0.000000000000000000 ) ) ;
#632 = EDGE_LOOP ( 'NONE', ( #1751, #2642, #1008, #3170 ) ) ;
#633 = FACE_OUTER_BOUND ( 'NONE', #1399, .T. ) ;
#634 = EDGE_CURVE ( 'NONE', #3464, #2661, #3562, .T. ) ;
#635 = CARTESIAN_POINT ( 'NONE',  ( -16.47511640710673220, -14.90331164826289978, 21.13980174437514492 ) ) ;
#636 = ORIENTED_EDGE ( 'NONE', *, *, #1391, .T. ) ;
#637 = CARTESIAN_POINT ( 'NONE',  ( 25.00000000000000000, 5.000000000000004441, 40.00000000000000000 ) ) ;
#638 = EDGE_CURVE ( 'NONE', #2548, #2130, #3434, .T. ) ;
#639 = DIRECTION ( 'NONE',  ( -0.9396926207859103153, 0.000000000000000000, 0.3420201433256634393 ) ) ;
#640 = LINE ( 'NONE', #114, #2997 ) ;
#641 = CARTESIAN_POINT ( 'NONE',  ( 25.00000000000000000, -6.474999999999997868, 40.00000000000000000 ) ) ;
#642 = EDGE_CURVE ( 'NONE', #2887, #792, #203, .T. ) ;
#643 = CYLINDRICAL_SURFACE ( 'NONE', #1505, 3.100000000000000977 ) ;
#644 = CARTESIAN_POINT ( 'NONE',  ( -30.00000000000000000, 20.00000000000000355, 0.000000000000000000 ) ) ;
#645 = EDGE_LOOP ( 'NONE', ( #3494, #2119, #449, #1784, #880, #2363 ) ) ;
#646 = CARTESIAN_POINT ( 'NONE',  ( -7.749999999999968914, 20.00000000000000355, 33.42339375865881124 ) ) ;
#647 = ORIENTED_EDGE ( 'NONE', *, *, #54, .F. ) ;
#648 = CARTESIAN_POINT ( 'NONE',  ( -25.00000000000000000, -13.52499999999999325, 0.000000000000000000 ) ) ;
#649 = VERTEX_POINT ( 'NONE', #2829 ) ;
#650 = PLANE ( 'NONE',  #1184 ) ;
#651 = DIRECTION ( 'NONE',  ( 0.000000000000000000, 0.000000000000000000, -1.000000000000000000 ) ) ;
#652 = EDGE_LOOP ( 'NONE', ( #3389, #148 ) ) ;
#653 = ADVANCED_FACE ( 'NONE', ( #340 ), #2816, .T. ) ;
#654 = EDGE_LOOP ( 'NONE', ( #1515, #1748 ) ) ;
#655 = CARTESIAN_POINT ( 'NONE',  ( 14.02539134302661950, -13.89120672608137141, 20.31465106420036193 ) ) ;
#656 = LINE ( 'NONE', #2686, #137 ) ;
#657 = DIRECTION ( 'NONE',  ( -0.000000000000000000, 1.000000000000000000, -0.000000000000000000 ) ) ;
#658 = CIRCLE ( 'NONE', #2737, 3.100000000000001865 ) ;
#659 = ADVANCED_FACE ( 'NONE', ( #3390 ), #1145, .T. ) ;
#660 = ORIENTED_EDGE ( 'NONE', *, *, #281, .F. ) ;
#661 = SURFACE_STYLE_USAGE ( .BOTH. , #2389 ) ;
#662 = AXIS2_PLACEMENT_3D ( 'NONE', #1955, #3566, #3309 ) ;
#663 = AXIS2_PLACEMENT_3D ( 'NONE', #1857, #735, #2163 ) ;
#664 = VECTOR ( 'NONE', #3402, 1000.000000000000000 ) ;
#665 = CYLINDRICAL_SURFACE ( 'NONE', #3095, 1.500000000000001332 ) ;
#666 = ORIENTED_EDGE ( 'NONE', *, *, #605, .F. ) ;
#667 = LINE ( 'NONE', #2059, #912 ) ;
#668 = ORIENTED_EDGE ( 'NONE', *, *, #2552, .F. ) ;
#669 = VERTEX_POINT ( 'NONE', #1123 ) ;
#670 = CARTESIAN_POINT ( 'NONE',  ( -7.750000000000156319, -16.79999999999999716, 6.576606241341290904 ) ) ;
#671 = DIRECTION ( 'NONE',  ( 0.8660254037844432595, 0.000000000000000000, 0.4999999999999919509 ) ) ;
#672 = ORIENTED_EDGE ( 'NONE', *, *, #2873, .T. ) ;
#673 = CIRCLE ( 'NONE', #2755, 3.100000000000001865 ) ;
#674 = VERTEX_POINT ( 'NONE', #612 ) ;
#675 = CARTESIAN_POINT ( 'NONE',  ( -7.692572109051724283, -16.80000000000000071, 9.676074266235438870 ) ) ;
#676 = CARTESIAN_POINT ( 'NONE',  ( -15.19067179672473422, -16.46585678036838374, 18.52907656760066146 ) ) ;
#677 = DIRECTION ( 'NONE',  ( 0.000000000000000000, 1.000000000000000000, 0.000000000000000000 ) ) ;
#678 = CARTESIAN_POINT ( 'NONE',  ( -30.00000000000000000, 20.00000000000000355, 40.00000000000000000 ) ) ;
#679 = AXIS2_PLACEMENT_3D ( 'NONE', #1130, #2495, #1389 ) ;
#680 = ORIENTED_EDGE ( 'NONE', *, *, #3099, .T. ) ;
#681 = DIRECTION ( 'NONE',  ( -0.000000000000000000, 0.000000000000000000, -1.000000000000000000 ) ) ;
#682 = VECTOR ( 'NONE', #1823, 1000.000000000000000 ) ;
#683 = CARTESIAN_POINT ( 'NONE',  ( -4.650000000000154898, -16.99999999999999645, 6.576606241341290904 ) ) ;
#684 = PLANE ( 'NONE',  #2159 ) ;
#685 = AXIS2_PLACEMENT_3D ( 'NONE', #2102, #1290, #1530 ) ;
#686 = EDGE_LOOP ( 'NONE', ( #3307, #636, #3129, #1597 ) ) ;
#687 = EDGE_CURVE ( 'NONE', #1242, #3588, #1920, .T. ) ;
#688 = ORIENTED_EDGE ( 'NONE', *, *, #1170, .F. ) ;
#689 = VECTOR ( 'NONE', #1943, 1000.000000000000000 ) ;
#690 = ORIENTED_EDGE ( 'NONE', *, *, #733, .T. ) ;
#691 = DIRECTION ( 'NONE',  ( 0.000000000000000000, -1.000000000000000000, 0.000000000000000000 ) ) ;
#692 = DIRECTION ( 'NONE',  ( 0.000000000000000000, 1.000000000000000000, 0.000000000000000000 ) ) ;
#693 = EDGE_CURVE ( 'NONE', #2000, #1895, #2259, .T. ) ;
#694 = ORIENTED_EDGE ( 'NONE', *, *, #979, .F. ) ;
#695 = VERTEX_POINT ( 'NONE', #577 ) ;
#696 = DIRECTION ( 'NONE',  ( 0.000000000000000000, 1.000000000000000000, 0.000000000000000000 ) ) ;
#697 = DIRECTION ( 'NONE',  ( -1.000000000000000000, 0.000000000000000000, 0.000000000000000000 ) ) ;
#698 = CARTESIAN_POINT ( 'NONE',  ( -25.00000000000000000, -14.99999999999999645, 0.000000000000000000 ) ) ;
#699 = CARTESIAN_POINT ( 'NONE',  ( 30.00000000000000000, 20.00000000000000355, 40.00000000000000000 ) ) ;
#700 = ORIENTED_EDGE ( 'NONE', *, *, #1559, .T. ) ;
#701 = FACE_OUTER_BOUND ( 'NONE', #2149, .T. ) ;
#702 = CARTESIAN_POINT ( 'NONE',  ( 18.59999999999999787, -72.60874452027914572, 20.00000000000000355 ) ) ;
#703 = EDGE_CURVE ( 'NONE', #2768, #192, #2243, .T. ) ;
#704 = DIRECTION ( 'NONE',  ( -1.000000000000000000, 0.000000000000000000, 0.000000000000000000 ) ) ;
#705 = CARTESIAN_POINT ( 'NONE',  ( 6.361574665857334665, -25.81382660708156251, 37.47828274661793557 ) ) ;
#706 = ORIENTED_EDGE ( 'NONE', *, *, #2167, .T. ) ;
#707 = ORIENTED_EDGE ( 'NONE', *, *, #1605, .F. ) ;
#708 = EDGE_CURVE ( 'NONE', #1004, #3612, #2591, .T. ) ;
#709 = DIRECTION ( 'NONE',  ( 0.000000000000000000, -1.000000000000000000, 0.000000000000000000 ) ) ;
#710 = ORIENTED_EDGE ( 'NONE', *, *, #1965, .T. ) ;
#711 = CARTESIAN_POINT ( 'NONE',  ( 10.40550410230178180, -16.80000000000000071, 35.02286178355289792 ) ) ;
#712 = EDGE_CURVE ( 'NONE', #166, #1138, #3380, .T. ) ;
#713 = DIRECTION ( 'NONE',  ( 1.000000000000000000, 0.000000000000000000, 0.000000000000000000 ) ) ;
#714 = VERTEX_POINT ( 'NONE', #3081 ) ;
#715 = ORIENTED_EDGE ( 'NONE', *, *, #1000, .F. ) ;
#716 = CARTESIAN_POINT ( 'NONE',  ( -15.47608487544889044, -16.39959374290741678, 18.49737790934548443 ) ) ;
#717 = DIRECTION ( 'NONE',  ( -0.8660254037844363761, 0.000000000000000000, 0.5000000000000041078 ) ) ;
#718 = ADVANCED_FACE ( 'NONE', ( #2525 ), #593, .T. ) ;
#719 = EDGE_LOOP ( 'NONE', ( #2527, #405, #352, #1299, #3332 ) ) ;
#720 = CYLINDRICAL_SURFACE ( 'NONE', #1251, 1.500000000000001332 ) ;
#721 = PLANE ( 'NONE',  #2266 ) ;
#722 = AXIS2_PLACEMENT_3D ( 'NONE', #1051, #807, #2164 ) ;
#723 = VECTOR ( 'NONE', #2377, 999.9999999999998863 ) ;
#724 = DIRECTION ( 'NONE',  ( -0.5000000000000039968, -0.000000000000000000, -0.8660254037844363761 ) ) ;
#725 = ORIENTED_EDGE ( 'NONE', *, *, #929, .F. ) ;
#726 = ADVANCED_FACE ( 'NONE', ( #2045 ), #1486, .F. ) ;
#727 = VECTOR ( 'NONE', #3135, 1000.000000000000000 ) ;
#728 = LINE ( 'NONE', #1042, #1653 ) ;
#729 = DIRECTION ( 'NONE',  ( 0.4999999999999980571, 0.000000000000000000, -0.8660254037844395958 ) ) ;
#730 = CARTESIAN_POINT ( 'NONE',  ( -13.99999999999952038, -13.91573757788573573, 19.99999999999417710 ) ) ;
#731 = CARTESIAN_POINT ( 'NONE',  ( -18.59999999999999787, 20.00000000000000355, 20.00000000000000000 ) ) ;
#732 = ORIENTED_EDGE ( 'NONE', *, *, #911, .T. ) ;
#733 = EDGE_CURVE ( 'NONE', #1879, #1305, #2614, .T. ) ;
#734 = ORIENTED_EDGE ( 'NONE', *, *, #3338, .T. ) ;
#735 = DIRECTION ( 'NONE',  ( 0.000000000000000000, 0.000000000000000000, -1.000000000000000000 ) ) ;
#736 = DIRECTION ( 'NONE',  ( 1.000000000000000000, 0.000000000000000000, 0.000000000000000000 ) ) ;
#737 = CARTESIAN_POINT ( 'NONE',  ( -7.750000000000156319, -16.99999999999999645, 6.576606241341290904 ) ) ;
#738 = ADVANCED_FACE ( 'NONE', ( #3206 ), #1204, .T. ) ;
#739 = CIRCLE ( 'NONE', #3571, 3.100000000000003197 ) ;
#740 = EDGE_LOOP ( 'NONE', ( #154, #2848, #2992, #2640 ) ) ;
#741 = CARTESIAN_POINT ( 'NONE',  ( -18.21293199325010903, -16.99999999999999645, 21.50000000000000000 ) ) ;
#742 = CARTESIAN_POINT ( 'NONE',  ( -7.750000000000156319, -16.80000000000000071, 6.576606241341290904 ) ) ;
#743 = VECTOR ( 'NONE', #350, 1000.000000000000000 ) ;
#744 = CARTESIAN_POINT ( 'NONE',  ( 18.21293199325010903, -16.80000000000000071, 21.50000000000000000 ) ) ;
#745 = AXIS2_PLACEMENT_3D ( 'NONE', #3036, #232, #3553 ) ;
#746 = DIRECTION ( 'NONE',  ( -0.000000000000000000, 0.000000000000000000, -1.000000000000000000 ) ) ;
#747 = DIRECTION ( 'NONE',  ( -1.000000000000000000, 0.000000000000000000, -9.326470300950577600E-16 ) ) ;
#748 = CIRCLE ( 'NONE', #801, 18.59999999999999787 ) ;
#749 = ORIENTED_EDGE ( 'NONE', *, *, #998, .F. ) ;
#750 = AXIS2_PLACEMENT_3D ( 'NONE', #1742, #2512, #566 ) ;
#751 = CARTESIAN_POINT ( 'NONE',  ( 25.00000000000000000, -3.524999999999993694, 0.000000000000000000 ) ) ;
#752 = ORIENTED_EDGE ( 'NONE', *, *, #1654, .F. ) ;
#753 = DIRECTION ( 'NONE',  ( -0.4999999999999979461, 0.000000000000000000, 0.8660254037844397068 ) ) ;
#754 = DIRECTION ( 'NONE',  ( 0.000000000000000000, -1.000000000000000000, 0.000000000000000000 ) ) ;
#755 = ORIENTED_EDGE ( 'NONE', *, *, #2406, .T. ) ;
#756 = VECTOR ( 'NONE', #2386, 1000.000000000000000 ) ;
#757 = ORIENTED_EDGE ( 'NONE', *, *, #1605, .T. ) ;
#758 = CIRCLE ( 'NONE', #858, 3.100000000000000089 ) ;
#759 = DIRECTION ( 'NONE',  ( 0.000000000000000000, -1.000000000000000000, 0.000000000000000000 ) ) ;
#760 = CARTESIAN_POINT ( 'NONE',  ( 25.00000000000000000, 13.52500000000000036, 40.00000000000000000 ) ) ;
#761 = DIRECTION ( 'NONE',  ( 1.000000000000000000, 0.000000000000000000, 0.000000000000000000 ) ) ;
#762 = EDGE_CURVE ( 'NONE', #3478, #3167, #3462, .T. ) ;
#763 = ORIENTED_EDGE ( 'NONE', *, *, #542, .T. ) ;
#764 = PLANE ( 'NONE',  #3633 ) ;
#765 = ORIENTED_EDGE ( 'NONE', *, *, #2943, .T. ) ;
#766 = ORIENTED_EDGE ( 'NONE', *, *, #3509, .F. ) ;
#767 = CARTESIAN_POINT ( 'NONE',  ( -7.807427890948357430, -16.80000000000000071, 36.52286178355296187 ) ) ;
#768 = CARTESIAN_POINT ( 'NONE',  ( 2.180690873395531693, 20.00000000000000355, 39.00000000000000000 ) ) ;
#769 = EDGE_LOOP ( 'NONE', ( #1383, #1608, #1388, #2396, #3254 ) ) ;
#770 = ORIENTED_EDGE ( 'NONE', *, *, #818, .F. ) ;
#771 = CARTESIAN_POINT ( 'NONE',  ( 10.40550410230157397, -16.99999999999999645, 4.977138216446956420 ) ) ;
#772 = CARTESIAN_POINT ( 'NONE',  ( 14.11915777064105981, -16.18463923480106104, 20.60545596678517910 ) ) ;
#773 = CARTESIAN_POINT ( 'NONE',  ( -18.21293199325010903, -16.80000000000000071, 18.50000000000000000 ) ) ;
#774 = EDGE_CURVE ( 'NONE', #714, #243, #1510, .T. ) ;
#775 = ORIENTED_EDGE ( 'NONE', *, *, #1924, .F. ) ;
#776 = DIRECTION ( 'NONE',  ( 1.000000000000000000, 0.000000000000000000, 0.000000000000000000 ) ) ;
#777 = EDGE_CURVE ( 'NONE', #2608, #3243, #1072, .T. ) ;
#778 =( LENGTH_UNIT ( ) NAMED_UNIT ( * ) SI_UNIT ( .MILLI., .METRE. ) );
#779 = FACE_OUTER_BOUND ( 'NONE', #740, .T. ) ;
#780 = VECTOR ( 'NONE', #426, 1000.000000000000000 ) ;
#781 = ORIENTED_EDGE ( 'NONE', *, *, #6, .T. ) ;
#782 = ORIENTED_EDGE ( 'NONE', *, *, #1477, .T. ) ;
#783 = LINE ( 'NONE', #767, #786 ) ;
#784 = DIRECTION ( 'NONE',  ( 0.000000000000000000, 1.000000000000000000, 0.000000000000000000 ) ) ;
#785 = ORIENTED_EDGE ( 'NONE', *, *, #1868, .F. ) ;
#786 = VECTOR ( 'NONE', #1929, 1000.000000000000114 ) ;
#787 = EDGE_CURVE ( 'NONE', #2194, #2606, #2545, .T. ) ;
#788 = VECTOR ( 'NONE', #3565, 1000.000000000000000 ) ;
#789 = AXIS2_PLACEMENT_3D ( 'NONE', #1662, #1498, #913 ) ;
#790 = ORIENTED_EDGE ( 'NONE', *, *, #1236, .T. ) ;
#791 = DIRECTION ( 'NONE',  ( 0.000000000000000000, -1.000000000000000000, 0.000000000000000000 ) ) ;
#792 = VERTEX_POINT ( 'NONE', #3524 ) ;
#793 = LINE ( 'NONE', #1055, #2859 ) ;
#794 = DIRECTION ( 'NONE',  ( -0.000000000000000000, 1.000000000000000000, -0.000000000000000000 ) ) ;
#795 = AXIS2_PLACEMENT_3D ( 'NONE', #3300, #3021, #1623 ) ;
#796 = DIRECTION ( 'NONE',  ( -0.000000000000000000, 0.000000000000000000, -1.000000000000000000 ) ) ;
#797 = ADVANCED_FACE ( 'NONE', ( #3184 ), #1245, .F. ) ;
#798 = AXIS2_PLACEMENT_3D ( 'NONE', #89, #132, #3469 ) ;
#799 = CARTESIAN_POINT ( 'NONE',  ( 10.85000000000006359, -16.99999999999999645, 33.42339375865876150 ) ) ;
#800 = EDGE_CURVE ( 'NONE', #422, #3167, #1813, .T. ) ;
#801 = AXIS2_PLACEMENT_3D ( 'NONE', #2797, #556, #284 ) ;
#802 = CARTESIAN_POINT ( 'NONE',  ( -10.85000000000015774, -16.99999999999999645, 6.576606241341290904 ) ) ;
#803 = CARTESIAN_POINT ( 'NONE',  ( 0.000000000000000000, 20.00000000000000355, 13.00000000000000178 ) ) ;
#804 = VERTEX_POINT ( 'NONE', #3168 ) ;
#805 = VECTOR ( 'NONE', #1959, 1000.000000000000114 ) ;
#806 = ORIENTED_EDGE ( 'NONE', *, *, #1229, .F. ) ;
#807 = DIRECTION ( 'NONE',  ( 0.000000000000000000, -1.000000000000000000, 0.000000000000000000 ) ) ;
#808 = CIRCLE ( 'NONE', #2172, 1.475000000000002309 ) ;
#809 = PRODUCT_DEFINITION_FORMATION_WITH_SPECIFIED_SOURCE ( 'ANY', '', #2324, .NOT_KNOWN. ) ;
#810 = ORIENTED_EDGE ( 'NONE', *, *, #1757, .T. ) ;
#811 = CARTESIAN_POINT ( 'NONE',  ( -7.750000000000156319, -16.99999999999999645, 6.576606241341290904 ) ) ;
#812 = CARTESIAN_POINT ( 'NONE',  ( 16.17518741280689198, -15.89632951183050302, 21.34077586217759759 ) ) ;
#813 = ADVANCED_FACE ( 'NONE', ( #633 ), #650, .T. ) ;
#814 = DIRECTION ( 'NONE',  ( 0.5000000000000101030, 0.000000000000000000, 0.8660254037844328234 ) ) ;
#815 = ORIENTED_EDGE ( 'NONE', *, *, #159, .T. ) ;
#816 = FACE_OUTER_BOUND ( 'NONE', #3209, .T. ) ;
#817 = EDGE_LOOP ( 'NONE', ( #672, #2085, #1699, #2246, #949, #48 ) ) ;
#818 = EDGE_CURVE ( 'NONE', #2314, #1405, #358, .T. ) ;
#819 = ORIENTED_EDGE ( 'NONE', *, *, #2356, .T. ) ;
#820 = DIRECTION ( 'NONE',  ( -0.5000000000000037748, 0.000000000000000000, -0.8660254037844364872 ) ) ;
#821 = CARTESIAN_POINT ( 'NONE',  ( 14.99999999999999822, -14.99999999999999645, 40.00000000000000000 ) ) ;
#822 = VERTEX_POINT ( 'NONE', #3500 ) ;
#823 = DIRECTION ( 'NONE',  ( 0.000000000000000000, 1.000000000000000000, 0.000000000000000000 ) ) ;
#824 = CARTESIAN_POINT ( 'NONE',  ( -9.249999999999969802, -12.99999999999999822, 33.42339375865881124 ) ) ;
#825 = EDGE_CURVE ( 'NONE', #381, #2831, #1226, .T. ) ;
#826 = CARTESIAN_POINT ( 'NONE',  ( 7.750000000000062172, 20.00000000000000355, 33.42339375865876150 ) ) ;
#827 = DIRECTION ( 'NONE',  ( 0.9396926207859100932, 0.000000000000000000, 0.3420201433256640500 ) ) ;
#828 = LINE ( 'NONE', #334, #259 ) ;
#829 = EDGE_LOOP ( 'NONE', ( #3029, #3647, #2058, #1150, #3009 ) ) ;
#830 = CARTESIAN_POINT ( 'NONE',  ( 15.50000000000000000, -16.99999999999999645, 20.00000000000000000 ) ) ;
#831 = VECTOR ( 'NONE', #1802, 1000.000000000000000 ) ;
#832 = EDGE_LOOP ( 'NONE', ( #2653, #1928, #3349, #1791 ) ) ;
#833 = VECTOR ( 'NONE', #1074, 1000.000000000000000 ) ;
#834 = CARTESIAN_POINT ( 'NONE',  ( 14.18777882964969805, -13.76479052584163831, 19.25805015575268797 ) ) ;
#835 = ADVANCED_FACE ( 'NONE', ( #2359 ), #3479, .F. ) ;
#836 = DIRECTION ( 'NONE',  ( 0.000000000000000000, -1.000000000000000000, 0.000000000000000000 ) ) ;
#837 = AXIS2_PLACEMENT_3D ( 'NONE', #627, #572, #2533 ) ;
#838 = ORIENTED_EDGE ( 'NONE', *, *, #2513, .T. ) ;
#839 = CARTESIAN_POINT ( 'NONE',  ( 14.99999999999999822, -16.47499999999999787, 21.41421356237309226 ) ) ;
#840 = DIRECTION ( 'NONE',  ( 0.8660254037844398178, 0.000000000000000000, 0.4999999999999980571 ) ) ;
#841 = EDGE_CURVE ( 'NONE', #2160, #1952, #496, .T. ) ;
#842 = EDGE_CURVE ( 'NONE', #792, #461, #420, .T. ) ;
#843 = CARTESIAN_POINT ( 'NONE',  ( 16.32443884182870164, -14.34392929409138340, 21.25390737194650370 ) ) ;
#844 = PLANE ( 'NONE',  #2649 ) ;
#845 = DIRECTION ( 'NONE',  ( -0.000000000000000000, 0.000000000000000000, -1.000000000000000000 ) ) ;
#846 = CARTESIAN_POINT ( 'NONE',  ( -7.750000000000156319, -16.79999999999999716, 6.576606241341290904 ) ) ;
#847 = CIRCLE ( 'NONE', #973, 1.500000000000001332 ) ;
#848 = VECTOR ( 'NONE', #3641, 1000.000000000000000 ) ;
#849 = VERTEX_POINT ( 'NONE', #2398 ) ;
#850 = CARTESIAN_POINT ( 'NONE',  ( -25.00000000000000000, 15.00000000000000355, 40.00000000000000000 ) ) ;
#851 = AXIS2_PLACEMENT_3D ( 'NONE', #3378, #840, #3073 ) ;
#852 = EDGE_CURVE ( 'NONE', #2437, #2156, #1550, .T. ) ;
#853 = VERTEX_POINT ( 'NONE', #2123 ) ;
#854 = VECTOR ( 'NONE', #2880, 1000.000000000000000 ) ;
#855 = CARTESIAN_POINT ( 'NONE',  ( 16.39807331284175618, -15.47973971587353148, 18.79771690855456612 ) ) ;
#856 = DIRECTION ( 'NONE',  ( -0.4999999999999919509, 0.000000000000000000, 0.8660254037844432595 ) ) ;
#857 = CYLINDRICAL_SURFACE ( 'NONE', #2517, 18.59999999999999787 ) ;
#858 = AXIS2_PLACEMENT_3D ( 'NONE', #2811, #2, #2960 ) ;
#859 = EDGE_CURVE ( 'NONE', #1121, #99, #989, .T. ) ;
#860 = CARTESIAN_POINT ( 'NONE',  ( 14.99999999999999822, -14.99999999999999645, 40.00000000000000000 ) ) ;
#861 = CARTESIAN_POINT ( 'NONE',  ( 2.086322874286545392, -12.99999999999999822, 18.73212498679405513 ) ) ;
#862 = DIRECTION ( 'NONE',  ( -0.000000000000000000, 0.000000000000000000, -1.000000000000000000 ) ) ;
#863 = CARTESIAN_POINT ( 'NONE',  ( 7.750000000000062172, -16.99999999999999645, 33.42339375865876150 ) ) ;
#864 = ORIENTED_EDGE ( 'NONE', *, *, #3601, .T. ) ;
#865 = FACE_OUTER_BOUND ( 'NONE', #3188, .T. ) ;
#866 = ORIENTED_EDGE ( 'NONE', *, *, #1525, .F. ) ;
#867 = CARTESIAN_POINT ( 'NONE',  ( -14.11966485594239451, -16.18502275972275228, 19.39339636297677316 ) ) ;
#868 = CARTESIAN_POINT ( 'NONE',  ( -15.00000000000000178, -16.47499999999999787, 21.41421356237309581 ) ) ;
#869 = VERTEX_POINT ( 'NONE', #3577 ) ;
#870 = DIRECTION ( 'NONE',  ( -0.000000000000000000, 1.000000000000000000, -0.000000000000000000 ) ) ;
#871 = CARTESIAN_POINT ( 'NONE',  ( 15.38152683269014709, -13.57183642595557593, 18.50153857194537110 ) ) ;
#872 = CARTESIAN_POINT ( 'NONE',  ( 5.094495897698339881, -16.80000000000000071, 31.82392573376462863 ) ) ;
#873 = EDGE_CURVE ( 'NONE', #3337, #2735, #138, .T. ) ;
#874 = CARTESIAN_POINT ( 'NONE',  ( 7.749999999999874767, -16.79999999999999716, 6.576606241341130143 ) ) ;
#875 = CARTESIAN_POINT ( 'NONE',  ( 15.91359866772452314, -13.82637542829190913, 21.44905398029421661 ) ) ;
#876 = EDGE_CURVE ( 'NONE', #522, #1569, #1350, .T. ) ;
#877 = EDGE_CURVE ( 'NONE', #1788, #2160, #1609, .T. ) ;
#878 = FACE_BOUND ( 'NONE', #3281, .T. ) ;
#879 = CARTESIAN_POINT ( 'NONE',  ( 15.50000000000000000, -16.99999999999999645, 20.00000000000000000 ) ) ;
#880 = ORIENTED_EDGE ( 'NONE', *, *, #2498, .F. ) ;
#881 = DIRECTION ( 'NONE',  ( 0.000000000000000000, -1.000000000000000000, 0.000000000000000000 ) ) ;
#882 = ORIENTED_EDGE ( 'NONE', *, *, #1126, .T. ) ;
#883 = EDGE_LOOP ( 'NONE', ( #1433, #3582 ) ) ;
#884 = DIRECTION ( 'NONE',  ( -1.000000000000000000, 0.000000000000000000, 0.000000000000000000 ) ) ;
#885 = CARTESIAN_POINT ( 'NONE',  ( -16.17436010465805651, -15.89743892221171961, 21.34120146042681299 ) ) ;
#886 = CIRCLE ( 'NONE', #2308, 1.500000000000001332 ) ;
#887 = AXIS2_PLACEMENT_3D ( 'NONE', #3542, #2968, #2698 ) ;
#888 = ORIENTED_EDGE ( 'NONE', *, *, #2224, .F. ) ;
#889 = DIRECTION ( 'NONE',  ( 1.000000000000000000, 0.000000000000000000, 0.000000000000000000 ) ) ;
#890 = CARTESIAN_POINT ( 'NONE',  ( 16.18221972304134582, -15.90243254149112673, 18.65635569917444769 ) ) ;
#891 = DIRECTION ( 'NONE',  ( 0.000000000000000000, 1.000000000000000000, 0.000000000000000000 ) ) ;
#892 = CARTESIAN_POINT ( 'NONE',  ( -30.00000000000000355, -12.99999999999999822, 40.00000000000000000 ) ) ;
#893 = CARTESIAN_POINT ( 'NONE',  ( 14.99999999999999822, -16.47499999999999787, 40.00000000000000000 ) ) ;
#894 = CARTESIAN_POINT ( 'NONE',  ( 14.99999999999999822, -16.47499999999999787, 21.41421356237309226 ) ) ;
#895 = EDGE_CURVE ( 'NONE', #3243, #2768, #2792, .T. ) ;
#896 = DIRECTION ( 'NONE',  ( 1.000000000000000000, 0.000000000000000000, 0.000000000000000000 ) ) ;
#897 = ORIENTED_EDGE ( 'NONE', *, *, #1566, .F. ) ;
#898 = DIRECTION ( 'NONE',  ( 0.000000000000000000, 1.000000000000000000, 0.000000000000000000 ) ) ;
#899 = ADVANCED_FACE ( 'NONE', ( #3559 ), #3046, .T. ) ;
#900 = ORIENTED_EDGE ( 'NONE', *, *, #1173, .F. ) ;
#901 = DIRECTION ( 'NONE',  ( 0.000000000000000000, 0.000000000000000000, -1.000000000000000000 ) ) ;
#902 = CARTESIAN_POINT ( 'NONE',  ( -15.18877706200082045, -16.46610894461029062, 21.47053313244158090 ) ) ;
#903 = ORIENTED_EDGE ( 'NONE', *, *, #2531, .F. ) ;
#904 = CIRCLE ( 'NONE', #1638, 1.500000000000001332 ) ;
#905 = ORIENTED_EDGE ( 'NONE', *, *, #1170, .T. ) ;
#906 = DIRECTION ( 'NONE',  ( 1.000000000000000000, 0.000000000000000000, 0.000000000000000000 ) ) ;
#907 = CARTESIAN_POINT ( 'NONE',  ( 15.98030547535354806, -13.89382161722937958, 18.57716537629520204 ) ) ;
#908 = DIRECTION ( 'NONE',  ( 0.000000000000000000, -1.000000000000000000, 0.000000000000000000 ) ) ;
#909 = AXIS2_PLACEMENT_3D ( 'NONE', #1075, #3066, #2782 ) ;
#910 = DIRECTION ( 'NONE',  ( -1.000000000000000000, 0.000000000000000000, -0.000000000000000000 ) ) ;
#911 = EDGE_CURVE ( 'NONE', #3526, #3579, #1560, .T. ) ;
#912 = VECTOR ( 'NONE', #1769, 1000.000000000000000 ) ;
#913 = DIRECTION ( 'NONE',  ( -1.000000000000000000, 0.000000000000000000, 0.000000000000000000 ) ) ;
#914 = CARTESIAN_POINT ( 'NONE',  ( -18.60000000000000142, -19.99999999999999645, 20.00000000000000000 ) ) ;
#915 = AXIS2_PLACEMENT_3D ( 'NONE', #1548, #2357, #1243 ) ;
#916 = CIRCLE ( 'NONE', #39, 3.100000000000000977 ) ;
#917 = LINE ( 'NONE', #644, #2800 ) ;
#918 = ORIENTED_EDGE ( 'NONE', *, *, #293, .F. ) ;
#919 = CARTESIAN_POINT ( 'NONE',  ( -15.00000000000000178, -16.47499999999999787, 40.00000000000000000 ) ) ;
#920 = ORIENTED_EDGE ( 'NONE', *, *, #2569, .F. ) ;
#921 = EDGE_CURVE ( 'NONE', #1768, #1026, #239, .T. ) ;
#922 = DIRECTION ( 'NONE',  ( 0.000000000000000000, -1.000000000000000000, 0.000000000000000000 ) ) ;
#923 = ORIENTED_EDGE ( 'NONE', *, *, #1323, .F. ) ;
#924 = B_SPLINE_CURVE_WITH_KNOTS ( 'NONE', 3,
 ( #2994, #1297, #1493, #2917, #408, #2090, #3190, #88, #3506, #174, #1517, #2067, #131, #3271, #2365, #3485, #994, #1252, #970, #2619, #1210, #716, #1859, #676, #1557, #1233 ),
 .UNSPECIFIED., .F., .F.,
 ( 4, 2, 2, 2, 2, 2, 2, 2, 2, 2, 2, 2, 4 ),
 ( 0.003766336477465677141, 0.004354113364432117897, 0.004941890251398553882, 0.005529667138364990735, 0.005823555581848211329, 0.006117444025331431057, 0.006411332468814652519, 0.006705220912297872246, 0.007292997799264323844, 0.007586886242747547041, 0.007880774686230768503, 0.008174663129713996904, 0.008468551573197223570 ),
 .UNSPECIFIED. ) ;
#925 = DIRECTION ( 'NONE',  ( 1.000000000000000000, 0.000000000000000000, 0.000000000000000000 ) ) ;
#926 = CARTESIAN_POINT ( 'NONE',  ( -15.91318262661995853, -16.17397908242105586, 21.44918939903464761 ) ) ;
#927 = ORIENTED_EDGE ( 'NONE', *, *, #1149, .T. ) ;
#928 = EDGE_CURVE ( 'NONE', #2714, #1603, #307, .T. ) ;
#929 = EDGE_CURVE ( 'NONE', #1416, #1603, #1309, .T. ) ;
#930 = VERTEX_POINT ( 'NONE', #2191 ) ;
#931 = LINE ( 'NONE', #1795, #2845 ) ;
#932 = LINE ( 'NONE', #2665, #3199 ) ;
#933 = DIRECTION ( 'NONE',  ( 0.000000000000000000, 0.000000000000000000, -1.000000000000000000 ) ) ;
#934 = DIRECTION ( 'NONE',  ( 0.000000000000000000, 1.000000000000000000, 0.000000000000000000 ) ) ;
#935 = ORIENTED_EDGE ( 'NONE', *, *, #3618, .F. ) ;
#936 =( NAMED_UNIT ( * ) PLANE_ANGLE_UNIT ( ) SI_UNIT ( $, .RADIAN. ) );
#937 = DIRECTION ( 'NONE',  ( 0.000000000000000000, 1.000000000000000000, 0.000000000000000000 ) ) ;
#938 = EDGE_CURVE ( 'NONE', #1879, #2388, #1017, .T. ) ;
#939 = DIRECTION ( 'NONE',  ( 0.000000000000000000, 1.000000000000000000, 0.000000000000000000 ) ) ;
#940 = ORIENTED_EDGE ( 'NONE', *, *, #343, .T. ) ;
#941 = DIRECTION ( 'NONE',  ( 0.4999999999999980571, 0.000000000000000000, -0.8660254037844395958 ) ) ;
#942 = ORIENTED_EDGE ( 'NONE', *, *, #687, .F. ) ;
#943 = DIRECTION ( 'NONE',  ( 1.000000000000000000, 0.000000000000000000, 0.000000000000000000 ) ) ;
#944 = ORIENTED_EDGE ( 'NONE', *, *, #3062, .F. ) ;
#945 = CARTESIAN_POINT ( 'NONE',  ( -15.50000000000000000, -16.80000000000000071, 20.00000000000000000 ) ) ;
#946 = DIRECTION ( 'NONE',  ( 0.5000000000000101030, 0.000000000000000000, 0.8660254037844328234 ) ) ;
#947 = ORIENTED_EDGE ( 'NONE', *, *, #1690, .T. ) ;
#948 = EDGE_CURVE ( 'NONE', #3573, #2825, #1331, .T. ) ;
#949 = ORIENTED_EDGE ( 'NONE', *, *, #2073, .T. ) ;
#950 = DIRECTION ( 'NONE',  ( -0.000000000000000000, 0.000000000000000000, -1.000000000000000000 ) ) ;
#951 = CARTESIAN_POINT ( 'NONE',  ( 6.361574665857334665, -25.81382660708156251, 37.47828274661793557 ) ) ;
#952 = DIRECTION ( 'NONE',  ( 0.5000000000000102141, 0.000000000000000000, 0.8660254037844327124 ) ) ;
#953 = LINE ( 'NONE', #3176, #682 ) ;
#954 = CIRCLE ( 'NONE', #2250, 1.500000000000001332 ) ;
#955 = ORIENTED_EDGE ( 'NONE', *, *, #2133, .F. ) ;
#956 = FILL_AREA_STYLE_COLOUR ( '', #3139 ) ;
#957 = DIRECTION ( 'NONE',  ( -0.000000000000000000, 0.000000000000000000, -1.000000000000000000 ) ) ;
#958 = AXIS2_PLACEMENT_3D ( 'NONE', #1650, #2208, #220 ) ;
#959 = AXIS2_PLACEMENT_3D ( 'NONE', #2364, #2936, #130 ) ;
#960 = AXIS2_PLACEMENT_3D ( 'NONE', #2207, #1349, #3593 ) ;
#961 = EDGE_CURVE ( 'NONE', #3518, #2422, #783, .T. ) ;
#962 = DIRECTION ( 'NONE',  ( -0.9396926207859103153, 0.000000000000000000, 0.3420201433256634393 ) ) ;
#963 = ORIENTED_EDGE ( 'NONE', *, *, #1153, .F. ) ;
#964 = ORIENTED_EDGE ( 'NONE', *, *, #3123, .F. ) ;
#965 = EDGE_LOOP ( 'NONE', ( #3094, #2028, #710, #184, #732, #3172, #927, #368, #2622, #2162 ) ) ;
#966 = CARTESIAN_POINT ( 'NONE',  ( -10.40550410230188838, -16.80000000000000071, 4.977138216447176688 ) ) ;
#967 = FACE_OUTER_BOUND ( 'NONE', #2292, .T. ) ;
#968 = ORIENTED_EDGE ( 'NONE', *, *, #3311, .T. ) ;
#969 = VERTEX_POINT ( 'NONE', #478 ) ;
#970 = CARTESIAN_POINT ( 'NONE',  ( -15.90643541760049651, -16.16766087184603506, 18.55376158850707213 ) ) ;
#971 = DIRECTION ( 'NONE',  ( -1.000000000000000000, 0.000000000000000000, 0.000000000000000000 ) ) ;
#972 = DIRECTION ( 'NONE',  ( 0.000000000000000000, -1.000000000000000000, 0.000000000000000000 ) ) ;
#973 = AXIS2_PLACEMENT_3D ( 'NONE', #387, #1518, #2647 ) ;
#974 = EDGE_CURVE ( 'NONE', #649, #2989, #411, .T. ) ;
#975 = ORIENTED_EDGE ( 'NONE', *, *, #2602, .T. ) ;
#976 = AXIS2_PLACEMENT_3D ( 'NONE', #3054, #561, #578 ) ;
#977 = CARTESIAN_POINT ( 'NONE',  ( 14.99999999999999822, -14.99999999999999645, 0.000000000000000000 ) ) ;
#978 = LINE ( 'NONE', #702, #2922 ) ;
#979 = EDGE_CURVE ( 'NONE', #2438, #121, #2501, .T. ) ;
#980 = VECTOR ( 'NONE', #1482, 1000.000000000000000 ) ;
#981 = CARTESIAN_POINT ( 'NONE',  ( -13.99999999999998757, -16.08426242211027457, 19.99999999999981171 ) ) ;
#982 = FACE_OUTER_BOUND ( 'NONE', #3392, .T. ) ;
#983 = AXIS2_PLACEMENT_3D ( 'NONE', #3156, #2348, #1763 ) ;
#984 = ORIENTED_EDGE ( 'NONE', *, *, #1280, .T. ) ;
#985 = ORIENTED_EDGE ( 'NONE', *, *, #2452, .T. ) ;
#986 = VECTOR ( 'NONE', #571, 1000.000000000000000 ) ;
#987 = DIRECTION ( 'NONE',  ( -0.000000000000000000, 0.000000000000000000, -1.000000000000000000 ) ) ;
#988 = ORIENTED_EDGE ( 'NONE', *, *, #3074, .F. ) ;
#989 = LINE ( 'NONE', #802, #15 ) ;
#990 = CARTESIAN_POINT ( 'NONE',  ( -15.09370667081721429, -13.52499999999999503, 21.44734387356172789 ) ) ;
#991 = ORIENTED_EDGE ( 'NONE', *, *, #2662, .F. ) ;
#992 = ORIENTED_EDGE ( 'NONE', *, *, #2707, .F. ) ;
#993 = DIRECTION ( 'NONE',  ( 0.000000000000000000, -1.000000000000000000, 0.000000000000000000 ) ) ;
#994 = CARTESIAN_POINT ( 'NONE',  ( -16.18119823297546134, -15.90347988638005816, 18.65594802510872796 ) ) ;
#995 = DIRECTION ( 'NONE',  ( 0.000000000000000000, -1.000000000000000000, 0.000000000000000000 ) ) ;
#996 = ORIENTED_EDGE ( 'NONE', *, *, #3601, .F. ) ;
#997 = CARTESIAN_POINT ( 'NONE',  ( 25.00000000000000000, 15.00000000000000355, 40.00000000000000000 ) ) ;
#998 = EDGE_CURVE ( 'NONE', #2814, #86, #2717, .T. ) ;
#999 = DIRECTION ( 'NONE',  ( 0.000000000000000000, -1.000000000000000000, 0.000000000000000000 ) ) ;
#1000 = EDGE_CURVE ( 'NONE', #3067, #406, #598, .T. ) ;
#1001 = PLANE ( 'NONE',  #3279 ) ;
#1002 = EDGE_LOOP ( 'NONE', ( #1447, #1915, #984 ) ) ;
#1003 = CARTESIAN_POINT ( 'NONE',  ( -15.50000000000000000, -16.80000000000000071, 20.00000000000000000 ) ) ;
#1004 = VERTEX_POINT ( 'NONE', #324 ) ;
#1005 = CARTESIAN_POINT ( 'NONE',  ( 10.40550410230157397, -16.80000000000000071, 4.977138216446956420 ) ) ;
#1006 = CARTESIAN_POINT ( 'NONE',  ( -7.750000000000156319, -16.80000000000000071, 6.576606241341290904 ) ) ;
#1007 = ORIENTED_EDGE ( 'NONE', *, *, #842, .T. ) ;
#1008 = ORIENTED_EDGE ( 'NONE', *, *, #2531, .T. ) ;
#1009 = DIRECTION ( 'NONE',  ( 0.000000000000000000, 1.000000000000000000, 0.000000000000000000 ) ) ;
#1010 = CARTESIAN_POINT ( 'NONE',  ( 7.692572109051651452, -16.99999999999999645, 30.32392573376461797 ) ) ;
#1011 = PLANE ( 'NONE',  #2933 ) ;
#1012 = EDGE_LOOP ( 'NONE', ( #2393, #3242, #2368, #992 ) ) ;
#1013 = CARTESIAN_POINT ( 'NONE',  ( 7.807427890948473781, -16.99999999999999645, 36.52286178355291213 ) ) ;
#1014 = CARTESIAN_POINT ( 'NONE',  ( 18.21293199325010903, -16.99999999999999645, 21.50000000000000000 ) ) ;
#1015 = AXIS2_PLACEMENT_3D ( 'NONE', #2481, #1938, #3058 ) ;
#1016 = DIRECTION ( 'NONE',  ( -0.4999999999999919509, 0.000000000000000000, 0.8660254037844432595 ) ) ;
#1017 = CIRCLE ( 'NONE', #2443, 3.100000000000002753 ) ;
#1018 = VERTEX_POINT ( 'NONE', #2320 ) ;
#1019 = VECTOR ( 'NONE', #2812, 999.9999999999998863 ) ;
#1020 = EDGE_CURVE ( 'NONE', #2258, #3243, #362, .T. ) ;
#1021 = ORIENTED_EDGE ( 'NONE', *, *, #2847, .T. ) ;
#1022 = CARTESIAN_POINT ( 'NONE',  ( -14.71120698001168670, -13.54796861256667739, 18.71491744797998180 ) ) ;
#1023 = DIRECTION ( 'NONE',  ( 1.000000000000000000, 0.000000000000000000, 0.000000000000000000 ) ) ;
#1024 = ORIENTED_EDGE ( 'NONE', *, *, #587, .T. ) ;
#1025 = ADVANCED_FACE ( 'NONE', ( #2894 ), #1186, .T. ) ;
#1026 = VERTEX_POINT ( 'NONE', #3446 ) ;
#1027 = LINE ( 'NONE', #2439, #3142 ) ;
#1028 = CARTESIAN_POINT ( 'NONE',  ( -14.12030537444057288, -13.81446383174111503, 20.60851553053255003 ) ) ;
#1029 = DIRECTION ( 'NONE',  ( -0.9396926207859109814, -0.000000000000000000, -0.3420201433256616075 ) ) ;
#1030 = DIRECTION ( 'NONE',  ( 0.000000000000000000, -1.000000000000000000, 0.000000000000000000 ) ) ;
#1031 = ADVANCED_FACE ( 'NONE', ( #1454 ), #1760, .T. ) ;
#1032 = AXIS2_PLACEMENT_3D ( 'NONE', #3651, #1112, #56 ) ;
#1033 = ORIENTED_EDGE ( 'NONE', *, *, #1178, .T. ) ;
#1034 = VECTOR ( 'NONE', #618, 1000.000000000000000 ) ;
#1035 = DIRECTION ( 'NONE',  ( 0.000000000000000000, -1.000000000000000000, 0.000000000000000000 ) ) ;
#1036 = EDGE_CURVE ( 'NONE', #2831, #2889, #1799, .T. ) ;
#1037 = AXIS2_PLACEMENT_3D ( 'NONE', #3525, #2105, #2754 ) ;
#1038 = CARTESIAN_POINT ( 'NONE',  ( 18.21293199325010903, -16.80000000000000071, 18.50000000000000000 ) ) ;
#1039 = AXIS2_PLACEMENT_3D ( 'NONE', #1941, #1619, #776 ) ;
#1040 = ORIENTED_EDGE ( 'NONE', *, *, #1086, .F. ) ;
#1041 = VECTOR ( 'NONE', #657, 1000.000000000000000 ) ;
#1042 = CARTESIAN_POINT ( 'NONE',  ( 0.5260990984306863627, -24.21111084794840096, 19.30000000000000071 ) ) ;
#1043 = ORIENTED_EDGE ( 'NONE', *, *, #2943, .F. ) ;
#1044 = CARTESIAN_POINT ( 'NONE',  ( -14.46694145709487600, -13.61882472208579387, 18.90162773122254336 ) ) ;
#1045 = EDGE_CURVE ( 'NONE', #2716, #2693, #437, .T. ) ;
#1046 = CYLINDRICAL_SURFACE ( 'NONE', #3576, 3.100000000000001865 ) ;
#1047 = EDGE_LOOP ( 'NONE', ( #2696, #2282, #1206, #516 ) ) ;
#1048 = EDGE_LOOP ( 'NONE', ( #763, #3339, #2953, #1353, #563 ) ) ;
#1049 = AXIS2_PLACEMENT_3D ( 'NONE', #2005, #1113, #1441 ) ;
#1050 = CARTESIAN_POINT ( 'NONE',  ( 2.086322874286545392, -12.99999999999999822, 18.73212498679405513 ) ) ;
#1051 = CARTESIAN_POINT ( 'NONE',  ( 7.749999999999874767, -16.99999999999999645, 6.576606241341130143 ) ) ;
#1052 = ADVANCED_FACE ( 'NONE', ( #2051 ), #3189, .F. ) ;
#1053 = CARTESIAN_POINT ( 'NONE',  ( -15.50000000000000000, -12.99999999999999822, 20.00000000000000000 ) ) ;
#1054 = EDGE_LOOP ( 'NONE', ( #529, #4, #1007, #3564, #3034 ) ) ;
#1055 = CARTESIAN_POINT ( 'NONE',  ( -7.692572109051724283, -16.80000000000000071, 9.676074266235438870 ) ) ;
#1056 = FACE_OUTER_BOUND ( 'NONE', #210, .T. ) ;
#1057 = DIRECTION ( 'NONE',  ( -0.9396926207859103153, 0.000000000000000000, 0.3420201433256634393 ) ) ;
#1058 = ORIENTED_EDGE ( 'NONE', *, *, #3018, .F. ) ;
#1059 = LINE ( 'NONE', #2190, #2615 ) ;
#1060 = CARTESIAN_POINT ( 'NONE',  ( -7.749999999999968914, -16.99999999999999645, 33.42339375865881124 ) ) ;
#1061 = FACE_OUTER_BOUND ( 'NONE', #2983, .T. ) ;
#1062 = ORIENTED_EDGE ( 'NONE', *, *, #1566, .T. ) ;
#1063 = VERTEX_POINT ( 'NONE', #2664 ) ;
#1064 = DIRECTION ( 'NONE',  ( -0.000000000000000000, 0.000000000000000000, -1.000000000000000000 ) ) ;
#1065 = EDGE_CURVE ( 'NONE', #3643, #86, #3428, .T. ) ;
#1066 = ORIENTED_EDGE ( 'NONE', *, *, #532, .T. ) ;
#1067 = CARTESIAN_POINT ( 'NONE',  ( 25.00000000000000000, 6.475000000000006750, 40.00000000000000000 ) ) ;
#1068 = APPLICATION_PROTOCOL_DEFINITION ( 'draft international standard', 'automotive_design', 1998, #1407 ) ;
#1069 = AXIS2_PLACEMENT_3D ( 'NONE', #523, #1436, #2895 ) ;
#1070 = VERTEX_POINT ( 'NONE', #675 ) ;
#1071 = ADVANCED_FACE ( 'NONE', ( #2853 ), #2577, .F. ) ;
#1072 = CIRCLE ( 'NONE', #1732, 1.500000000000001332 ) ;
#1073 = DIRECTION ( 'NONE',  ( 0.8660254037844363761, 0.000000000000000000, -0.5000000000000041078 ) ) ;
#1074 = DIRECTION ( 'NONE',  ( 0.000000000000000000, -1.000000000000000000, 0.000000000000000000 ) ) ;
#1075 = CARTESIAN_POINT ( 'NONE',  ( 7.749999999999874767, -16.79999999999999716, 6.576606241341130143 ) ) ;
#1076 = VERTEX_POINT ( 'NONE', #3153 ) ;
#1077 = AXIS2_PLACEMENT_3D ( 'NONE', #2298, #870, #407 ) ;
#1078 = DIRECTION ( 'NONE',  ( 0.000000000000000000, -1.000000000000000000, 0.000000000000000000 ) ) ;
#1079 = LINE ( 'NONE', #2232, #1580 ) ;
#1080 = ORIENTED_EDGE ( 'NONE', *, *, #1829, .F. ) ;
#1081 = PLANE ( 'NONE',  #679 ) ;
#1082 = DIRECTION ( 'NONE',  ( 0.5000000000000101030, 0.000000000000000000, 0.8660254037844328234 ) ) ;
#1083 = EDGE_CURVE ( 'NONE', #1339, #930, #1096, .T. ) ;
#1084 = AXIS2_PLACEMENT_3D ( 'NONE', #370, #1479, #624 ) ;
#1085 = CARTESIAN_POINT ( 'NONE',  ( -13.99999999999999822, 20.00000000000000355, 20.00000000000000000 ) ) ;
#1086 = EDGE_CURVE ( 'NONE', #1531, #406, #931, .T. ) ;
#1087 = VECTOR ( 'NONE', #3603, 1000.000000000000000 ) ;
#1088 = AXIS2_PLACEMENT_3D ( 'NONE', #2538, #2507, #3347 ) ;
#1089 = VERTEX_POINT ( 'NONE', #1819 ) ;
#1090 = CARTESIAN_POINT ( 'NONE',  ( 18.21293199325010903, -16.80000000000000071, 21.50000000000000000 ) ) ;
#1091 = ORIENTED_EDGE ( 'NONE', *, *, #3099, .F. ) ;
#1092 = AXIS2_PLACEMENT_3D ( 'NONE', #830, #1951, #1367 ) ;
#1093 = EDGE_LOOP ( 'NONE', ( #163, #3359, #2612, #1837, #1062 ) ) ;
#1094 = FACE_OUTER_BOUND ( 'NONE', #1093, .T. ) ;
#1095 = AXIS2_PLACEMENT_3D ( 'NONE', #1484, #123, #2966 ) ;
#1096 = B_SPLINE_CURVE_WITH_KNOTS ( 'NONE', 3,
 ( #1209, #1778, #655, #3173, #385, #87, #1472, #2595, #2345, #3467 ),
 .UNSPECIFIED., .F., .F.,
 ( 4, 2, 2, 2, 4 ),
 ( 0.01504217082050107734, 0.01551045070436708057, 0.01597873058823308379, 0.01644701047209908701, 0.01691529035596509023 ),
 .UNSPECIFIED. ) ;
#1097 = ORIENTED_EDGE ( 'NONE', *, *, #115, .T. ) ;
#1098 = DIRECTION ( 'NONE',  ( -1.000000000000000000, 0.000000000000000000, -0.000000000000000000 ) ) ;
#1099 = DIRECTION ( 'NONE',  ( 0.000000000000000000, 1.000000000000000000, 0.000000000000000000 ) ) ;
#1100 = ADVANCED_FACE ( 'NONE', ( #2645 ), #111, .T. ) ;
#1101 = CYLINDRICAL_SURFACE ( 'NONE', #267, 1.500000000000001332 ) ;
#1102 = ADVANCED_FACE ( 'NONE', ( #2283 ), #3414, .F. ) ;
#1103 = FACE_BOUND ( 'NONE', #2255, .T. ) ;
#1104 = DIRECTION ( 'NONE',  ( 0.000000000000000000, 1.000000000000000000, 0.000000000000000000 ) ) ;
#1105 = VERTEX_POINT ( 'NONE', #2685 ) ;
#1106 = VERTEX_POINT ( 'NONE', #1916 ) ;
#1107 = ADVANCED_FACE ( 'NONE', ( #2736 ), #2461, .T. ) ;
#1108 = CARTESIAN_POINT ( 'NONE',  ( -15.50000000000000000, -16.80000000000000071, 20.00000000000000000 ) ) ;
#1109 = VERTEX_POINT ( 'NONE', #3030 ) ;
#1110 = CARTESIAN_POINT ( 'NONE',  ( 15.47766264618134358, -13.60101664082466577, 18.49741232840694494 ) ) ;
#1111 = PLANE ( 'NONE',  #34 ) ;
#1112 = DIRECTION ( 'NONE',  ( -0.000000000000000000, 1.000000000000000000, -0.000000000000000000 ) ) ;
#1113 = DIRECTION ( 'NONE',  ( 0.000000000000000000, -1.000000000000000000, 0.000000000000000000 ) ) ;
#1114 = AXIS2_PLACEMENT_3D ( 'NONE', #2303, #2267, #2288 ) ;
#1115 = DIRECTION ( 'NONE',  ( -0.000000000000000000, 1.000000000000000000, -0.000000000000000000 ) ) ;
#1116 = ORIENTED_EDGE ( 'NONE', *, *, #1083, .F. ) ;
#1117 = DIRECTION ( 'NONE',  ( -0.4999999999999920619, 0.000000000000000000, 0.8660254037844432595 ) ) ;
#1118 = ORIENTED_EDGE ( 'NONE', *, *, #2847, .F. ) ;
#1119 = EDGE_CURVE ( 'NONE', #3149, #3518, #1027, .T. ) ;
#1120 = CIRCLE ( 'NONE', #595, 1.500000000000001332 ) ;
#1121 = VERTEX_POINT ( 'NONE', #2759 ) ;
#1122 = AXIS2_PLACEMENT_3D ( 'NONE', #2773, #1371, #3346 ) ;
#1123 = CARTESIAN_POINT ( 'NONE',  ( -30.00000000000000000, 20.00000000000000355, 40.00000000000000000 ) ) ;
#1124 = DIRECTION ( 'NONE',  ( -0.000000000000000000, 1.000000000000000000, -0.000000000000000000 ) ) ;
#1125 = ORIENTED_EDGE ( 'NONE', *, *, #3433, .T. ) ;
#1126 = EDGE_CURVE ( 'NONE', #512, #243, #3499, .T. ) ;
#1127 = AXIS2_PLACEMENT_3D ( 'NONE', #1424, #311, #2291 ) ;
#1128 = ORIENTED_EDGE ( 'NONE', *, *, #928, .T. ) ;
#1129 = DIRECTION ( 'NONE',  ( 0.000000000000000000, -1.000000000000000000, 0.000000000000000000 ) ) ;
#1130 = CARTESIAN_POINT ( 'NONE',  ( 18.21293199325010903, -16.80000000000000071, 18.50000000000000000 ) ) ;
#1131 = CARTESIAN_POINT ( 'NONE',  ( -6.100000000000001421, 20.00000000000000355, 13.00000000000000178 ) ) ;
#1132 = CARTESIAN_POINT ( 'NONE',  ( -14.71068780415811084, -16.45195726595171237, 21.28481862859792528 ) ) ;
#1133 = CARTESIAN_POINT ( 'NONE',  ( 18.21293199325010903, -16.80000000000000071, 21.50000000000000000 ) ) ;
#1134 = ADVANCED_FACE ( 'NONE', ( #2721 ), #207, .F. ) ;
#1135 = VECTOR ( 'NONE', #536, 1000.000000000000000 ) ;
#1136 = LINE ( 'NONE', #265, #3587 ) ;
#1137 = DIRECTION ( 'NONE',  ( 0.000000000000000000, 1.000000000000000000, 0.000000000000000000 ) ) ;
#1138 = VERTEX_POINT ( 'NONE', #1900 ) ;
#1139 = FACE_OUTER_BOUND ( 'NONE', #1054, .T. ) ;
#1140 = CIRCLE ( 'NONE', #1342, 18.59999999999999787 ) ;
#1141 = ORIENTED_EDGE ( 'NONE', *, *, #1868, .T. ) ;
#1142 = CIRCLE ( 'NONE', #2219, 1.500000000000001332 ) ;
#1143 = EDGE_CURVE ( 'NONE', #2130, #2274, #3583, .T. ) ;
#1144 = ORIENTED_EDGE ( 'NONE', *, *, #1829, .T. ) ;
#1145 = PLANE ( 'NONE',  #1431 ) ;
#1146 = CARTESIAN_POINT ( 'NONE',  ( 6.361574665857334665, 20.00000000000000355, 37.47828274661793557 ) ) ;
#1147 = ORIENTED_EDGE ( 'NONE', *, *, #841, .F. ) ;
#1148 = AXIS2_PLACEMENT_3D ( 'NONE', #1359, #794, #2746 ) ;
#1149 = EDGE_CURVE ( 'NONE', #1220, #674, #204, .T. ) ;
#1150 = ORIENTED_EDGE ( 'NONE', *, *, #3362, .T. ) ;
#1151 = AXIS2_PLACEMENT_3D ( 'NONE', #2442, #1298, #761 ) ;
#1152 = CARTESIAN_POINT ( 'NONE',  ( 14.99999999999988809, -16.47500000000006537, 18.58578643762685445 ) ) ;
#1153 = EDGE_CURVE ( 'NONE', #1895, #1569, #150, .T. ) ;
#1154 = FACE_BOUND ( 'NONE', #883, .T. ) ;
#1155 =( GEOMETRIC_REPRESENTATION_CONTEXT ( 3 ) GLOBAL_UNCERTAINTY_ASSIGNED_CONTEXT ( ( #1635 ) ) GLOBAL_UNIT_ASSIGNED_CONTEXT ( ( #778, #3020, #2982 ) ) REPRESENTATION_CONTEXT ( 'NONE', 'WORKASPACE' ) );
#1156 = CARTESIAN_POINT ( 'NONE',  ( -14.84949496945722380, -16.47499999999999787, 21.36100199852335280 ) ) ;
#1157 = CARTESIAN_POINT ( 'NONE',  ( -7.807427890948357430, -16.80000000000000071, 36.52286178355296187 ) ) ;
#1158 = FACE_BOUND ( 'NONE', #2103, .T. ) ;
#1159 = CARTESIAN_POINT ( 'NONE',  ( -15.00000000000000178, -14.99999999999999645, 40.00000000000000000 ) ) ;
#1160 = ORIENTED_EDGE ( 'NONE', *, *, #315, .T. ) ;
#1161 = CARTESIAN_POINT ( 'NONE',  ( -13.99999999999999822, 20.00000000000000355, 20.00000000000000000 ) ) ;
#1162 = ORIENTED_EDGE ( 'NONE', *, *, #2268, .F. ) ;
#1163 = ORIENTED_EDGE ( 'NONE', *, *, #2236, .T. ) ;
#1164 = DIRECTION ( 'NONE',  ( -1.000000000000000000, 0.000000000000000000, 0.000000000000000000 ) ) ;
#1165 = FACE_OUTER_BOUND ( 'NONE', #832, .T. ) ;
#1166 = ORIENTED_EDGE ( 'NONE', *, *, #3608, .T. ) ;
#1167 = DIRECTION ( 'NONE',  ( 0.000000000000000000, -1.000000000000000000, 0.000000000000000000 ) ) ;
#1168 = CARTESIAN_POINT ( 'NONE',  ( -12.78706800674989097, -16.99999999999999645, 18.50000000000000000 ) ) ;
#1169 = DIRECTION ( 'NONE',  ( 0.000000000000000000, -1.000000000000000000, 0.000000000000000000 ) ) ;
#1170 = EDGE_CURVE ( 'NONE', #2022, #1552, #2683, .T. ) ;
#1171 = CARTESIAN_POINT ( 'NONE',  ( -25.00000000000000000, -13.52499999999999325, 40.00000000000000000 ) ) ;
#1172 = CARTESIAN_POINT ( 'NONE',  ( 16.46479255188331692, -14.80107693715274664, 21.14882925818969284 ) ) ;
#1173 = EDGE_CURVE ( 'NONE', #1416, #2714, #373, .T. ) ;
#1174 = DIRECTION ( 'NONE',  ( 0.000000000000000000, -1.000000000000000000, 0.000000000000000000 ) ) ;
#1175 = ORIENTED_EDGE ( 'NONE', *, *, #2421, .T. ) ;
#1176 = DIRECTION ( 'NONE',  ( -0.000000000000000000, 1.000000000000000000, -0.000000000000000000 ) ) ;
#1177 = ORIENTED_EDGE ( 'NONE', *, *, #269, .T. ) ;
#1178 = EDGE_CURVE ( 'NONE', #376, #804, #3308, .T. ) ;
#1179 = ORIENTED_EDGE ( 'NONE', *, *, #293, .T. ) ;
#1180 = CARTESIAN_POINT ( 'NONE',  ( 13.99999999999999645, -13.91573757788991550, 19.84347906487410640 ) ) ;
#1181 = CARTESIAN_POINT ( 'NONE',  ( -15.90789539815695441, -13.83350028651791774, 21.44580863177789354 ) ) ;
#1182 = CIRCLE ( 'NONE', #2604, 1.500000000000001332 ) ;
#1183 = EDGE_CURVE ( 'NONE', #3183, #853, #1926, .T. ) ;
#1184 = AXIS2_PLACEMENT_3D ( 'NONE', #945, #1789, #379 ) ;
#1185 = ORIENTED_EDGE ( 'NONE', *, *, #1727, .F. ) ;
#1186 = PLANE ( 'NONE',  #1682 ) ;
#1187 = DIRECTION ( 'NONE',  ( 0.000000000000000000, 1.000000000000000000, 0.000000000000000000 ) ) ;
#1188 = CARTESIAN_POINT ( 'NONE',  ( -18.21293199325010903, -16.80000000000000071, 21.50000000000000000 ) ) ;
#1189 = FACE_OUTER_BOUND ( 'NONE', #1374, .T. ) ;
#1190 = AXIS2_PLACEMENT_3D ( 'NONE', #2180, #2975, #1009 ) ;
#1191 = DIRECTION ( 'NONE',  ( -0.000000000000000000, 0.000000000000000000, -1.000000000000000000 ) ) ;
#1192 = EDGE_CURVE ( 'NONE', #2475, #1333, #2144, .T. ) ;
#1193 = FACE_OUTER_BOUND ( 'NONE', #2188, .T. ) ;
#1194 = PRODUCT_DEFINITION_SHAPE ( 'NONE', 'NONE',  #3465 ) ;
#1195 = EDGE_CURVE ( 'NONE', #3077, #1985, #445, .T. ) ;
#1196 = FACE_BOUND ( 'NONE', #2460, .T. ) ;
#1197 = EDGE_LOOP ( 'NONE', ( #3258, #1612 ) ) ;
#1198 = PLANE ( 'NONE',  #2565 ) ;
#1199 = ORIENTED_EDGE ( 'NONE', *, *, #417, .T. ) ;
#1200 = VECTOR ( 'NONE', #2098, 999.9999999999998863 ) ;
#1201 = DIRECTION ( 'NONE',  ( 0.000000000000000000, -1.000000000000000000, 0.000000000000000000 ) ) ;
#1202 = ORIENTED_EDGE ( 'NONE', *, *, #3370, .T. ) ;
#1203 = VECTOR ( 'NONE', #2410, 999.9999999999998863 ) ;
#1204 = PLANE ( 'NONE',  #2838 ) ;
#1205 = CYLINDRICAL_SURFACE ( 'NONE', #1212, 1.475000000000002309 ) ;
#1206 = ORIENTED_EDGE ( 'NONE', *, *, #774, .T. ) ;
#1207 = CIRCLE ( 'NONE', #1445, 6.100000000000001421 ) ;
#1208 = ORIENTED_EDGE ( 'NONE', *, *, #873, .T. ) ;
#1209 = CARTESIAN_POINT ( 'NONE',  ( 13.99999999999999822, -13.91573757788992083, 20.00000000000000000 ) ) ;
#1210 = CARTESIAN_POINT ( 'NONE',  ( -15.65969078099882772, -16.32299944341711395, 18.50569617046291526 ) ) ;
#1211 = LINE ( 'NONE', #2896, #3098 ) ;
#1212 = AXIS2_PLACEMENT_3D ( 'NONE', #1511, #2360, #2027 ) ;
#1213 = DIRECTION ( 'NONE',  ( -0.000000000000000000, -1.000000000000000000, -0.000000000000000000 ) ) ;
#1214 = AXIS2_PLACEMENT_3D ( 'NONE', #14, #1169, #534 ) ;
#1215 = VERTEX_POINT ( 'NONE', #425 ) ;
#1216 = CARTESIAN_POINT ( 'NONE',  ( 7.692572109051509344, -16.80000000000000071, 9.676074266235277221 ) ) ;
#1217 = DIRECTION ( 'NONE',  ( 0.000000000000000000, -1.000000000000000000, 0.000000000000000000 ) ) ;
#1218 = VECTOR ( 'NONE', #1030, 1000.000000000000000 ) ;
#1219 = LINE ( 'NONE', #2924, #2394 ) ;
#1220 = VERTEX_POINT ( 'NONE', #1555 ) ;
#1221 = CARTESIAN_POINT ( 'NONE',  ( 7.749999999999874767, -16.99999999999999645, 6.576606241341130143 ) ) ;
#1222 = ORIENTED_EDGE ( 'NONE', *, *, #73, .F. ) ;
#1223 = EDGE_CURVE ( 'NONE', #1215, #3092, #3270, .T. ) ;
#1224 = CARTESIAN_POINT ( 'NONE',  ( 25.00000000000000000, -13.52499999999999325, 40.00000000000000000 ) ) ;
#1225 = ORIENTED_EDGE ( 'NONE', *, *, #877, .T. ) ;
#1226 = LINE ( 'NONE', #1835, #1677 ) ;
#1227 = CARTESIAN_POINT ( 'NONE',  ( -6.361574665857305355, -12.99999999999999822, 37.47828274661794268 ) ) ;
#1228 = VERTEX_POINT ( 'NONE', #1880 ) ;
#1229 = EDGE_CURVE ( 'NONE', #969, #1985, #189, .T. ) ;
#1230 = EDGE_CURVE ( 'NONE', #2940, #381, #1327, .T. ) ;
#1231 = ORIENTED_EDGE ( 'NONE', *, *, #3238, .F. ) ;
#1232 = CARTESIAN_POINT ( 'NONE',  ( 12.78706800674989097, -16.80000000000000071, 21.50000000000000000 ) ) ;
#1233 = CARTESIAN_POINT ( 'NONE',  ( -15.00000000000209077, -16.47500000000614762, 18.58578643762012206 ) ) ;
#1234 = CARTESIAN_POINT ( 'NONE',  ( -25.00000000000000000, 5.000000000000004441, 0.000000000000000000 ) ) ;
#1235 = CARTESIAN_POINT ( 'NONE',  ( -7.692572109051582174, -16.99999999999999645, 30.32392573376467126 ) ) ;
#1236 = EDGE_CURVE ( 'NONE', #2553, #3556, #2038, .T. ) ;
#1237 = ORIENTED_EDGE ( 'NONE', *, *, #1280, .F. ) ;
#1238 = CARTESIAN_POINT ( 'NONE',  ( -7.750000000000156319, -16.99999999999999645, 6.576606241341290904 ) ) ;
#1239 = CARTESIAN_POINT ( 'NONE',  ( 15.50000000000000000, -19.99999999999999645, 20.00000000000000000 ) ) ;
#1240 = DIRECTION ( 'NONE',  ( 1.000000000000000000, 0.000000000000000000, 0.000000000000000000 ) ) ;
#1241 = ORIENTED_EDGE ( 'NONE', *, *, #693, .T. ) ;
#1242 = VERTEX_POINT ( 'NONE', #3128 ) ;
#1243 = DIRECTION ( 'NONE',  ( 0.4999999999999980016, 0.000000000000000000, -0.8660254037844397068 ) ) ;
#1244 = ORIENTED_EDGE ( 'NONE', *, *, #3040, .T. ) ;
#1245 = CYLINDRICAL_SURFACE ( 'NONE', #887, 3.100000000000001865 ) ;
#1246 = ADVANCED_FACE ( 'NONE', ( #2272 ), #588, .F. ) ;
#1247 = PLANE ( 'NONE',  #2562 ) ;
#1248 = VERTEX_POINT ( 'NONE', #282 ) ;
#1249 = ORIENTED_EDGE ( 'NONE', *, *, #78, .F. ) ;
#1250 = DIRECTION ( 'NONE',  ( 0.000000000000000000, -1.000000000000000000, 0.000000000000000000 ) ) ;
#1251 = AXIS2_PLACEMENT_3D ( 'NONE', #1863, #1319, #2725 ) ;
#1252 = CARTESIAN_POINT ( 'NONE',  ( -15.98123731947397452, -16.10533631331868420, 18.57748907621065371 ) ) ;
#1253 = EDGE_CURVE ( 'NONE', #121, #2475, #1734, .T. ) ;
#1254 = LINE ( 'NONE', #1188, #3393 ) ;
#1255 = LINE ( 'NONE', #427, #756 ) ;
#1256 = VECTOR ( 'NONE', #1467, 1000.000000000000000 ) ;
#1257 = ORIENTED_EDGE ( 'NONE', *, *, #859, .T. ) ;
#1258 = CARTESIAN_POINT ( 'NONE',  ( -25.00000000000000000, -3.524999999999993694, 40.00000000000000000 ) ) ;
#1259 = CARTESIAN_POINT ( 'NONE',  ( -25.00000000000000000, -3.524999999999993694, 0.000000000000000000 ) ) ;
#1260 = AXIS2_PLACEMENT_3D ( 'NONE', #530, #257, #1599 ) ;
#1261 = AXIS2_PLACEMENT_3D ( 'NONE', #1314, #1137, #1354 ) ;
#1262 = AXIS2_PLACEMENT_3D ( 'NONE', #3140, #250, #3452 ) ;
#1263 = ADVANCED_FACE ( 'NONE', ( #1992 ), #3160, .F. ) ;
#1264 = FACE_BOUND ( 'NONE', #1704, .T. ) ;
#1265 = ORIENTED_EDGE ( 'NONE', *, *, #1149, .F. ) ;
#1266 = ORIENTED_EDGE ( 'NONE', *, *, #1173, .T. ) ;
#1267 = FACE_OUTER_BOUND ( 'NONE', #108, .T. ) ;
#1268 = ORIENTED_EDGE ( 'NONE', *, *, #1272, .F. ) ;
#1269 = CARTESIAN_POINT ( 'NONE',  ( 7.750000000000062172, -16.79999999999999716, 33.42339375865876150 ) ) ;
#1270 = FACE_OUTER_BOUND ( 'NONE', #3640, .T. ) ;
#1271 = ORIENTED_EDGE ( 'NONE', *, *, #1803, .T. ) ;
#1272 = EDGE_CURVE ( 'NONE', #2606, #2906, #828, .T. ) ;
#1273 = AXIS2_PLACEMENT_3D ( 'NONE', #1960, #1675, #2837 ) ;
#1274 = EDGE_LOOP ( 'NONE', ( #464, #2225, #680, #609 ) ) ;
#1275 = CARTESIAN_POINT ( 'NONE',  ( -7.692572109051582174, -16.80000000000000071, 30.32392573376467126 ) ) ;
#1276 = CARTESIAN_POINT ( 'NONE',  ( -6.249999999999967137, -16.79999999999999716, 33.42339375865881124 ) ) ;
#1277 = DIRECTION ( 'NONE',  ( 0.4999999999999979461, 0.000000000000000000, -0.8660254037844397068 ) ) ;
#1278 = CARTESIAN_POINT ( 'NONE',  ( -5.094495897698260833, -16.80000000000000071, 31.82392573376466416 ) ) ;
#1279 = VECTOR ( 'NONE', #1277, 1000.000000000000114 ) ;
#1280 = EDGE_CURVE ( 'NONE', #46, #3167, #602, .T. ) ;
#1281 = ORIENTED_EDGE ( 'NONE', *, *, #1391, .F. ) ;
#1282 = CIRCLE ( 'NONE', #1693, 3.100000000000003197 ) ;
#1283 = EDGE_CURVE ( 'NONE', #1138, #166, #2152, .T. ) ;
#1284 = VECTOR ( 'NONE', #336, 1000.000000000000000 ) ;
#1285 = EDGE_CURVE ( 'NONE', #2437, #3222, #497, .T. ) ;
#1286 = DIRECTION ( 'NONE',  ( 0.000000000000000000, 0.000000000000000000, 1.000000000000000000 ) ) ;
#1287 = FACE_OUTER_BOUND ( 'NONE', #2334, .T. ) ;
#1288 = EDGE_LOOP ( 'NONE', ( #1043, #2358, #1347, #3079, #296 ) ) ;
#1289 = ORIENTED_EDGE ( 'NONE', *, *, #3370, .F. ) ;
#1290 = DIRECTION ( 'NONE',  ( 0.000000000000000000, 1.000000000000000000, 0.000000000000000000 ) ) ;
#1291 = EDGE_LOOP ( 'NONE', ( #1885, #576 ) ) ;
#1292 = DIRECTION ( 'NONE',  ( -0.000000000000000000, 1.000000000000000000, -0.000000000000000000 ) ) ;
#1293 = FACE_OUTER_BOUND ( 'NONE', #298, .T. ) ;
#1294 = ORIENTED_EDGE ( 'NONE', *, *, #1223, .T. ) ;
#1295 = ORIENTED_EDGE ( 'NONE', *, *, #634, .T. ) ;
#1296 = DIRECTION ( 'NONE',  ( 0.000000000000000000, -1.000000000000000000, 0.000000000000000000 ) ) ;
#1297 = CARTESIAN_POINT ( 'NONE',  ( -15.18457191071128420, -13.52499999999999325, 18.52053041278665191 ) ) ;
#1298 = DIRECTION ( 'NONE',  ( 0.000000000000000000, -1.000000000000000000, 0.000000000000000000 ) ) ;
#1299 = ORIENTED_EDGE ( 'NONE', *, *, #3027, .F. ) ;
#1300 = FACE_OUTER_BOUND ( 'NONE', #2587, .T. ) ;
#1301 = CARTESIAN_POINT ( 'NONE',  ( -9.249999999999969802, 20.00000000000000355, 33.42339375865881124 ) ) ;
#1302 = EDGE_CURVE ( 'NONE', #2889, #3478, #226, .T. ) ;
#1303 = DIRECTION ( 'NONE',  ( 0.5000000000000102141, 0.000000000000000000, 0.8660254037844327124 ) ) ;
#1304 = LINE ( 'NONE', #2727, #3450 ) ;
#1305 = VERTEX_POINT ( 'NONE', #3437 ) ;
#1306 = ADVANCED_FACE ( 'NONE', ( #2864 ), #1463, .F. ) ;
#1307 = ORIENTED_EDGE ( 'NONE', *, *, #2068, .T. ) ;
#1308 = DIRECTION ( 'NONE',  ( 0.5000000000000041078, 0.000000000000000000, 0.8660254037844363761 ) ) ;
#1309 = LINE ( 'NONE', #2987, #2610 ) ;
#1310 = FACE_OUTER_BOUND ( 'NONE', #3523, .T. ) ;
#1311 = EDGE_CURVE ( 'NONE', #2814, #86, #3563, .T. ) ;
#1312 = ORIENTED_EDGE ( 'NONE', *, *, #2140, .T. ) ;
#1313 = ORIENTED_EDGE ( 'NONE', *, *, #2201, .T. ) ;
#1314 = CARTESIAN_POINT ( 'NONE',  ( 7.750000000000062172, -12.99999999999999822, 33.42339375865876150 ) ) ;
#1315 = DIRECTION ( 'NONE',  ( -0.000000000000000000, 0.000000000000000000, -1.000000000000000000 ) ) ;
#1316 = EDGE_CURVE ( 'NONE', #1138, #3413, #1411, .T. ) ;
#1317 = CARTESIAN_POINT ( 'NONE',  ( -7.750000000000156319, -16.99999999999999645, 6.576606241341290904 ) ) ;
#1318 = ORIENTED_EDGE ( 'NONE', *, *, #1476, .F. ) ;
#1319 = DIRECTION ( 'NONE',  ( 0.000000000000000000, -1.000000000000000000, 0.000000000000000000 ) ) ;
#1320 = DIRECTION ( 'NONE',  ( 0.000000000000000000, 1.000000000000000000, 0.000000000000000000 ) ) ;
#1321 = CYLINDRICAL_SURFACE ( 'NONE', #2705, 1.500000000000001332 ) ;
#1322 = AXIS2_PLACEMENT_3D ( 'NONE', #2114, #3490, #450 ) ;
#1323 = EDGE_CURVE ( 'NONE', #1076, #2274, #1689, .T. ) ;
#1324 = VECTOR ( 'NONE', #2760, 1000.000000000000000 ) ;
#1325 = CARTESIAN_POINT ( 'NONE',  ( 6.361574665857334665, -12.99999999999999822, 37.47828274661793557 ) ) ;
#1326 = VERTEX_POINT ( 'NONE', #58 ) ;
#1327 = CIRCLE ( 'NONE', #1261, 1.500000000000001332 ) ;
#1328 = VECTOR ( 'NONE', #2486, 1000.000000000000000 ) ;
#1329 = CARTESIAN_POINT ( 'NONE',  ( 15.50000000000000000, -16.80000000000000071, 20.00000000000000000 ) ) ;
#1330 = ORIENTED_EDGE ( 'NONE', *, *, #3538, .F. ) ;
#1331 = LINE ( 'NONE', #1628, #833 ) ;
#1332 = FACE_BOUND ( 'NONE', #2799, .T. ) ;
#1333 = VERTEX_POINT ( 'NONE', #1442 ) ;
#1334 = EDGE_LOOP ( 'NONE', ( #700, #2039, #988, #467 ) ) ;
#1335 = DIRECTION ( 'NONE',  ( 0.9396926207859103153, 0.000000000000000000, -0.3420201433256633283 ) ) ;
#1336 = CARTESIAN_POINT ( 'NONE',  ( -14.00640827612020622, -13.90973829826720376, 20.15895461887879847 ) ) ;
#1337 = CARTESIAN_POINT ( 'NONE',  ( 14.99999999999999822, -14.99999999999999645, 0.000000000000000000 ) ) ;
#1338 = CIRCLE ( 'NONE', #3048, 1.500000000000001332 ) ;
#1339 = VERTEX_POINT ( 'NONE', #41 ) ;
#1340 = DIRECTION ( 'NONE',  ( -0.4999999999999919509, 0.000000000000000000, 0.8660254037844432595 ) ) ;
#1341 = LINE ( 'NONE', #3534, #1691 ) ;
#1342 = AXIS2_PLACEMENT_3D ( 'NONE', #3416, #823, #3137 ) ;
#1343 = DIRECTION ( 'NONE',  ( 0.000000000000000000, -1.000000000000000000, 0.000000000000000000 ) ) ;
#1344 = CIRCLE ( 'NONE', #1817, 1.500000000000001332 ) ;
#1345 = CYLINDRICAL_SURFACE ( 'NONE', #1032, 18.59999999999999787 ) ;
#1346 = VECTOR ( 'NONE', #2496, 1000.000000000000000 ) ;
#1347 = ORIENTED_EDGE ( 'NONE', *, *, #825, .T. ) ;
#1348 = CARTESIAN_POINT ( 'NONE',  ( -7.749999999999968914, -16.99999999999999645, 33.42339375865881124 ) ) ;
#1349 = DIRECTION ( 'NONE',  ( 0.000000000000000000, 0.000000000000000000, -1.000000000000000000 ) ) ;
#1350 = LINE ( 'NONE', #2435, #1861 ) ;
#1351 = DIRECTION ( 'NONE',  ( 1.000000000000000000, 0.000000000000000000, 0.000000000000000000 ) ) ;
#1352 = ORIENTED_EDGE ( 'NONE', *, *, #61, .F. ) ;
#1353 = ORIENTED_EDGE ( 'NONE', *, *, #1253, .T. ) ;
#1354 = DIRECTION ( 'NONE',  ( -1.000000000000000000, 0.000000000000000000, 0.000000000000000000 ) ) ;
#1355 = CARTESIAN_POINT ( 'NONE',  ( -14.04902395845455132, -13.87208024286774766, 20.38811161994376064 ) ) ;
#1356 = ORIENTED_EDGE ( 'NONE', *, *, #1126, .F. ) ;
#1357 = DIRECTION ( 'NONE',  ( 0.000000000000000000, -1.000000000000000000, 0.000000000000000000 ) ) ;
#1358 = DIRECTION ( 'NONE',  ( -0.3420201433256616075, 0.000000000000000000, 0.9396926207859109814 ) ) ;
#1359 = CARTESIAN_POINT ( 'NONE',  ( -7.750000000000156319, -16.79999999999999716, 6.576606241341290904 ) ) ;
#1360 = EDGE_CURVE ( 'NONE', #2693, #3518, #1338, .T. ) ;
#1361 = LINE ( 'NONE', #2202, #689 ) ;
#1362 = DIRECTION ( 'NONE',  ( 0.000000000000000000, -1.000000000000000000, 0.000000000000000000 ) ) ;
#1363 = ORIENTED_EDGE ( 'NONE', *, *, #3005, .T. ) ;
#1364 = DIRECTION ( 'NONE',  ( 0.000000000000000000, -1.000000000000000000, 0.000000000000000000 ) ) ;
#1365 = ORIENTED_EDGE ( 'NONE', *, *, #2167, .F. ) ;
#1366 = DIRECTION ( 'NONE',  ( 0.000000000000000000, -1.000000000000000000, 0.000000000000000000 ) ) ;
#1367 = DIRECTION ( 'NONE',  ( 1.000000000000000000, 0.000000000000000000, 0.000000000000000000 ) ) ;
#1368 = ORIENTED_EDGE ( 'NONE', *, *, #53, .F. ) ;
#1369 = EDGE_CURVE ( 'NONE', #2553, #1466, #3326, .T. ) ;
#1370 = VERTEX_POINT ( 'NONE', #3473 ) ;
#1371 = DIRECTION ( 'NONE',  ( 0.000000000000000000, -1.000000000000000000, 0.000000000000000000 ) ) ;
#1372 = CARTESIAN_POINT ( 'NONE',  ( 6.250000000000061284, -16.79999999999999716, 33.42339375865876150 ) ) ;
#1373 = EDGE_CURVE ( 'NONE', #3051, #3162, #2605, .T. ) ;
#1374 = EDGE_LOOP ( 'NONE', ( #314, #810, #947, #2914 ) ) ;
#1375 = FACE_OUTER_BOUND ( 'NONE', #2999, .T. ) ;
#1376 = EDGE_CURVE ( 'NONE', #243, #512, #2101, .T. ) ;
#1377 = CARTESIAN_POINT ( 'NONE',  ( -10.40550410230167877, -16.99999999999999645, 35.02286178355297608 ) ) ;
#1378 = CIRCLE ( 'NONE', #11, 3.100000000000001865 ) ;
#1379 = VECTOR ( 'NONE', #691, 1000.000000000000000 ) ;
#1380 = DIRECTION ( 'NONE',  ( 0.000000000000000000, -1.000000000000000000, 0.000000000000000000 ) ) ;
#1381 = CARTESIAN_POINT ( 'NONE',  ( 13.99999999999999822, -16.08426242211007207, 20.00000000000000000 ) ) ;
#1382 = FACE_BOUND ( 'NONE', #2216, .T. ) ;
#1383 = ORIENTED_EDGE ( 'NONE', *, *, #777, .T. ) ;
#1384 = AXIS2_PLACEMENT_3D ( 'NONE', #637, #950, #2030 ) ;
#1385 = CARTESIAN_POINT ( 'NONE',  ( 4.650000000000061640, -16.99999999999999645, 33.42339375865876150 ) ) ;
#1386 = DIRECTION ( 'NONE',  ( 0.000000000000000000, -1.000000000000000000, 0.000000000000000000 ) ) ;
#1387 = EDGE_CURVE ( 'NONE', #2783, #930, #1526, .T. ) ;
#1388 = ORIENTED_EDGE ( 'NONE', *, *, #703, .T. ) ;
#1389 = DIRECTION ( 'NONE',  ( 0.000000000000000000, 1.000000000000000000, 0.000000000000000000 ) ) ;
#1390 = DIRECTION ( 'NONE',  ( 0.000000000000000000, 0.000000000000000000, -1.000000000000000000 ) ) ;
#1391 = EDGE_CURVE ( 'NONE', #2669, #1063, #2134, .T. ) ;
#1392 = EDGE_CURVE ( 'NONE', #436, #2889, #2691, .T. ) ;
#1393 = VECTOR ( 'NONE', #3241, 1000.000000000000000 ) ;
#1394 = CARTESIAN_POINT ( 'NONE',  ( 15.38075070041218950, -13.57164486229336298, 21.49838611596635829 ) ) ;
#1395 = CIRCLE ( 'NONE', #453, 3.100000000000000977 ) ;
#1396 = CARTESIAN_POINT ( 'NONE',  ( -2.180690873395531693, 20.00000000000000355, 39.00000000000000000 ) ) ;
#1397 = VECTOR ( 'NONE', #3114, 1000.000000000000000 ) ;
#1398 = CARTESIAN_POINT ( 'NONE',  ( -25.00000000000000000, -6.474999999999997868, 40.00000000000000000 ) ) ;
#1399 = EDGE_LOOP ( 'NONE', ( #3010, #424, #415, #2949, #1471, #1656 ) ) ;
#1400 = AXIS2_PLACEMENT_3D ( 'NONE', #551, #1437, #3138 ) ;
#1401 = VERTEX_POINT ( 'NONE', #3517 ) ;
#1402 = CARTESIAN_POINT ( 'NONE',  ( -14.36089360389041580, -16.33307597255546639, 19.01253942180069245 ) ) ;
#1403 = DIRECTION ( 'NONE',  ( 0.000000000000000000, 1.000000000000000000, 0.000000000000000000 ) ) ;
#1404 = AXIS2_PLACEMENT_3D ( 'NONE', #2908, #2676, #709 ) ;
#1405 = VERTEX_POINT ( 'NONE', #414 ) ;
#1406 = FACE_OUTER_BOUND ( 'NONE', #444, .T. ) ;
#1407 = APPLICATION_CONTEXT ( 'automotive_design' ) ;
#1408 = FACE_OUTER_BOUND ( 'NONE', #65, .T. ) ;
#1409 = DIRECTION ( 'NONE',  ( 0.000000000000000000, -1.000000000000000000, 0.000000000000000000 ) ) ;
#1410 = ADVANCED_FACE ( 'NONE', ( #2330 ), #3537, .F. ) ;
#1411 = LINE ( 'NONE', #606, #2551 ) ;
#1412 = LINE ( 'NONE', #3386, #3103 ) ;
#1413 = ORIENTED_EDGE ( 'NONE', *, *, #3338, .F. ) ;
#1414 = DIRECTION ( 'NONE',  ( 1.000000000000000000, 0.000000000000000000, 0.000000000000000000 ) ) ;
#1415 = DIRECTION ( 'NONE',  ( 1.000000000000000000, 0.000000000000000000, 0.000000000000000000 ) ) ;
#1416 = VERTEX_POINT ( 'NONE', #1501 ) ;
#1417 = EDGE_CURVE ( 'NONE', #1109, #2126, #917, .T. ) ;
#1418 = CARTESIAN_POINT ( 'NONE',  ( 16.39793391945075740, -14.51980612044889796, 18.79760685144571752 ) ) ;
#1419 = CYLINDRICAL_SURFACE ( 'NONE', #750, 1.475000000000001865 ) ;
#1420 = DIRECTION ( 'NONE',  ( 0.000000000000000000, -1.000000000000000000, 0.000000000000000000 ) ) ;
#1421 = LINE ( 'NONE', #1157, #553 ) ;
#1422 = ADVANCED_FACE ( 'NONE', ( #1287 ), #1001, .F. ) ;
#1423 = CYLINDRICAL_SURFACE ( 'NONE', #1049, 3.100000000000000977 ) ;
#1424 = CARTESIAN_POINT ( 'NONE',  ( 7.750000000000062172, 20.00000000000000355, 33.42339375865876150 ) ) ;
#1425 = ORIENTED_EDGE ( 'NONE', *, *, #506, .T. ) ;
#1426 = DIRECTION ( 'NONE',  ( 0.000000000000000000, -1.000000000000000000, 0.000000000000000000 ) ) ;
#1427 = PRESENTATION_LAYER_ASSIGNMENT (  '', '', ( #3083 ) ) ;
#1428 = EDGE_CURVE ( 'NONE', #436, #422, #1219, .T. ) ;
#1429 = ADVANCED_FACE ( 'NONE', ( #2391 ), #665, .F. ) ;
#1430 = ORIENTED_EDGE ( 'NONE', *, *, #1512, .F. ) ;
#1431 = AXIS2_PLACEMENT_3D ( 'NONE', #1108, #272, #1414 ) ;
#1432 = CARTESIAN_POINT ( 'NONE',  ( 15.50000000000000000, -16.99999999999999645, 20.00000000000000000 ) ) ;
#1433 = ORIENTED_EDGE ( 'NONE', *, *, #1752, .F. ) ;
#1434 = CIRCLE ( 'NONE', #3501, 1.500000000000001332 ) ;
#1435 = ORIENTED_EDGE ( 'NONE', *, *, #447, .T. ) ;
#1436 = DIRECTION ( 'NONE',  ( 0.000000000000000000, 0.000000000000000000, -1.000000000000000000 ) ) ;
#1437 = DIRECTION ( 'NONE',  ( -0.000000000000000000, 1.000000000000000000, -0.000000000000000000 ) ) ;
#1438 = FACE_OUTER_BOUND ( 'NONE', #3575, .T. ) ;
#1439 = CARTESIAN_POINT ( 'NONE',  ( 16.42645319640740809, -15.38772932720702791, 21.17995859786506330 ) ) ;
#1440 = VECTOR ( 'NONE', #3572, 1000.000000000000000 ) ;
#1441 = DIRECTION ( 'NONE',  ( 1.000000000000000000, 0.000000000000000000, 0.000000000000000000 ) ) ;
#1442 = CARTESIAN_POINT ( 'NONE',  ( 6.450961894323210544, -16.79999999999999716, 5.826606241341142578 ) ) ;
#1443 = ORIENTED_EDGE ( 'NONE', *, *, #693, .F. ) ;
#1444 = LINE ( 'NONE', #1503, #3225 ) ;
#1445 = AXIS2_PLACEMENT_3D ( 'NONE', #451, #504, #3589 ) ;
#1446 = VECTOR ( 'NONE', #1124, 1000.000000000000000 ) ;
#1447 = ORIENTED_EDGE ( 'NONE', *, *, #800, .F. ) ;
#1448 = CARTESIAN_POINT ( 'NONE',  ( -15.00000000000209077, -16.47500000000614762, 18.58578643762012206 ) ) ;
#1449 = CARTESIAN_POINT ( 'NONE',  ( -16.27908673840256526, -15.74057774079139627, 21.28320176209771475 ) ) ;
#1450 = ORIENTED_EDGE ( 'NONE', *, *, #762, .F. ) ;
#1451 = VECTOR ( 'NONE', #2016, 1000.000000000000000 ) ;
#1452 = ORIENTED_EDGE ( 'NONE', *, *, #3143, .F. ) ;
#1453 = CIRCLE ( 'NONE', #1996, 18.59999999999999787 ) ;
#1454 = FACE_OUTER_BOUND ( 'NONE', #2702, .T. ) ;
#1455 = CARTESIAN_POINT ( 'NONE',  ( 16.42629605633175771, -14.61157026664894332, 18.81991501621452301 ) ) ;
#1456 = ADVANCED_FACE ( 'NONE', ( #139 ), #3200, .T. ) ;
#1457 = LINE ( 'NONE', #3329, #1279 ) ;
#1458 = FACE_OUTER_BOUND ( 'NONE', #2338, .T. ) ;
#1459 = AXIS2_PLACEMENT_3D ( 'NONE', #2779, #3063, #525 ) ;
#1460 = DIRECTION ( 'NONE',  ( -0.5000000000000039968, -0.000000000000000000, -0.8660254037844363761 ) ) ;
#1461 = DIRECTION ( 'NONE',  ( 0.000000000000000000, -1.000000000000000000, 0.000000000000000000 ) ) ;
#1462 = DIRECTION ( 'NONE',  ( 0.000000000000000000, -1.000000000000000000, 0.000000000000000000 ) ) ;
#1463 = CYLINDRICAL_SURFACE ( 'NONE', #1127, 1.500000000000001332 ) ;
#1464 = FACE_OUTER_BOUND ( 'NONE', #2471, .T. ) ;
#1465 = ORIENTED_EDGE ( 'NONE', *, *, #2516, .T. ) ;
#1466 = VERTEX_POINT ( 'NONE', #351 ) ;
#1467 = DIRECTION ( 'NONE',  ( 1.000000000000000000, 0.000000000000000000, -3.297332158810721862E-15 ) ) ;
#1468 = CARTESIAN_POINT ( 'NONE',  ( -15.37992755747352014, -16.42855425786918389, 21.49830237912480513 ) ) ;
#1469 = EDGE_LOOP ( 'NONE', ( #1312, #1097 ) ) ;
#1470 = ADVANCED_FACE ( 'NONE', ( #1480, #1805, #982, #75, #3493, #434, #1196, #1264, #3221, #2414, #1846 ), #684, .F. ) ;
#1471 = ORIENTED_EDGE ( 'NONE', *, *, #2287, .T. ) ;
#1472 = CARTESIAN_POINT ( 'NONE',  ( 14.46664183784570312, -13.61902986316047226, 21.09793770890714981 ) ) ;
#1473 = DIRECTION ( 'NONE',  ( 0.000000000000000000, 0.000000000000000000, -1.000000000000000000 ) ) ;
#1474 = CARTESIAN_POINT ( 'NONE',  ( -15.50000000000000000, -12.99999999999999822, 20.00000000000000000 ) ) ;
#1475 = CARTESIAN_POINT ( 'NONE',  ( 10.85000000000006359, -19.99999999999999645, 33.42339375865876150 ) ) ;
#1476 = EDGE_CURVE ( 'NONE', #2426, #822, #1809, .T. ) ;
#1477 = EDGE_CURVE ( 'NONE', #2681, #1326, #1304, .T. ) ;
#1478 = CARTESIAN_POINT ( 'NONE',  ( -14.02547380306964442, -16.10889625081018295, 20.31548360857082969 ) ) ;
#1479 = DIRECTION ( 'NONE',  ( 0.000000000000000000, 0.000000000000000000, -1.000000000000000000 ) ) ;
#1480 = FACE_BOUND ( 'NONE', #2633, .T. ) ;
#1481 = ORIENTED_EDGE ( 'NONE', *, *, #73, .T. ) ;
#1482 = DIRECTION ( 'NONE',  ( -0.000000000000000000, 0.000000000000000000, -1.000000000000000000 ) ) ;
#1483 = EDGE_LOOP ( 'NONE', ( #1185, #1162 ) ) ;
#1484 = CARTESIAN_POINT ( 'NONE',  ( -7.749999999999968914, -16.79999999999999716, 33.42339375865881124 ) ) ;
#1485 = ORIENTED_EDGE ( 'NONE', *, *, #315, .F. ) ;
#1486 = CYLINDRICAL_SURFACE ( 'NONE', #2024, 6.100000000000001421 ) ;
#1487 = DIRECTION ( 'NONE',  ( 0.000000000000000000, 1.000000000000000000, 0.000000000000000000 ) ) ;
#1488 = EDGE_LOOP ( 'NONE', ( #2590, #2677, #268, #1175 ) ) ;
#1489 = AXIS2_PLACEMENT_3D ( 'NONE', #2596, #3447, #1187 ) ;
#1490 = AXIS2_PLACEMENT_3D ( 'NONE', #850, #2849, #1702 ) ;
#1491 = ORIENTED_EDGE ( 'NONE', *, *, #3618, .T. ) ;
#1492 = DIRECTION ( 'NONE',  ( -0.5000000000000039968, -0.000000000000000000, -0.8660254037844363761 ) ) ;
#1493 = CARTESIAN_POINT ( 'NONE',  ( -15.38370653588621551, -13.56210416205617797, 18.49337510651267635 ) ) ;
#1494 = DIRECTION ( 'NONE',  ( 0.000000000000000000, -1.000000000000000000, 0.000000000000000000 ) ) ;
#1495 = DIRECTION ( 'NONE',  ( -1.000000000000000000, 0.000000000000000000, 0.000000000000000000 ) ) ;
#1496 = VECTOR ( 'NONE', #173, 1000.000000000000000 ) ;
#1497 = EDGE_LOOP ( 'NONE', ( #3483, #1811 ) ) ;
#1498 = DIRECTION ( 'NONE',  ( 0.000000000000000000, -1.000000000000000000, 0.000000000000000000 ) ) ;
#1499 = DIRECTION ( 'NONE',  ( -0.000000000000000000, 0.000000000000000000, -1.000000000000000000 ) ) ;
#1500 = EDGE_CURVE ( 'NONE', #969, #1985, #673, .T. ) ;
#1501 = CARTESIAN_POINT ( 'NONE',  ( -5.094495897698260833, -16.99999999999999645, 31.82392573376466416 ) ) ;
#1502 = ORIENTED_EDGE ( 'NONE', *, *, #1195, .T. ) ;
#1503 = CARTESIAN_POINT ( 'NONE',  ( -10.40550410230167877, -16.80000000000000071, 35.02286178355297608 ) ) ;
#1504 = ORIENTED_EDGE ( 'NONE', *, *, #3267, .F. ) ;
#1505 = AXIS2_PLACEMENT_3D ( 'NONE', #94, #1217, #2690 ) ;
#1506 = EDGE_CURVE ( 'NONE', #3588, #869, #1907, .T. ) ;
#1507 = FACE_OUTER_BOUND ( 'NONE', #260, .T. ) ;
#1508 = ORIENTED_EDGE ( 'NONE', *, *, #2197, .T. ) ;
#1509 = AXIS2_PLACEMENT_3D ( 'NONE', #2300, #908, #971 ) ;
#1510 = LINE ( 'NONE', #125, #2682 ) ;
#1511 = CARTESIAN_POINT ( 'NONE',  ( 14.99999999999999822, -14.99999999999999645, 40.00000000000000000 ) ) ;
#1512 = EDGE_CURVE ( 'NONE', #3317, #2594, #3514, .T. ) ;
#1513 = ORIENTED_EDGE ( 'NONE', *, *, #487, .F. ) ;
#1514 = VECTOR ( 'NONE', #836, 1000.000000000000000 ) ;
#1515 = ORIENTED_EDGE ( 'NONE', *, *, #2552, .T. ) ;
#1516 = DIRECTION ( 'NONE',  ( 0.000000000000000000, -1.000000000000000000, 0.000000000000000000 ) ) ;
#1517 = CARTESIAN_POINT ( 'NONE',  ( -16.47501065699152534, -14.90051651398982990, 18.86010780380270546 ) ) ;
#1518 = DIRECTION ( 'NONE',  ( 0.000000000000000000, 1.000000000000000000, 0.000000000000000000 ) ) ;
#1519 = CIRCLE ( 'NONE', #1400, 1.500000000000001332 ) ;
#1520 = DIRECTION ( 'NONE',  ( 8.673617379884035472E-17, 1.000000000000000000, 0.000000000000000000 ) ) ;
#1521 = VECTOR ( 'NONE', #483, 1000.000000000000000 ) ;
#1522 = ORIENTED_EDGE ( 'NONE', *, *, #948, .T. ) ;
#1523 = CARTESIAN_POINT ( 'NONE',  ( -25.00000000000000000, -14.99999999999999645, 0.000000000000000000 ) ) ;
#1524 = CIRCLE ( 'NONE', #1459, 1.500000000000001332 ) ;
#1525 = EDGE_CURVE ( 'NONE', #822, #2553, #2500, .T. ) ;
#1526 = LINE ( 'NONE', #2117, #2508 ) ;
#1527 = VERTEX_POINT ( 'NONE', #2450 ) ;
#1528 = ORIENTED_EDGE ( 'NONE', *, *, #3286, .F. ) ;
#1529 = EDGE_CURVE ( 'NONE', #1070, #2608, #2483, .T. ) ;
#1530 = DIRECTION ( 'NONE',  ( -1.000000000000000000, 0.000000000000000000, 0.000000000000000000 ) ) ;
#1531 = VERTEX_POINT ( 'NONE', #1038 ) ;
#1532 = DIRECTION ( 'NONE',  ( -0.4999999999999920619, 0.000000000000000000, 0.8660254037844432595 ) ) ;
#1533 = CARTESIAN_POINT ( 'NONE',  ( -15.98099341146867403, -13.89442759388612281, 21.42260232310158585 ) ) ;
#1534 = ORIENTED_EDGE ( 'NONE', *, *, #825, .F. ) ;
#1535 = ORIENTED_EDGE ( 'NONE', *, *, #322, .F. ) ;
#1536 = CARTESIAN_POINT ( 'NONE',  ( 7.749999999999874767, -16.99999999999999645, 6.576606241341130143 ) ) ;
#1537 = DIRECTION ( 'NONE',  ( -0.000000000000000000, -1.000000000000000000, -0.000000000000000000 ) ) ;
#1538 = LINE ( 'NONE', #347, #3220 ) ;
#1539 = CARTESIAN_POINT ( 'NONE',  ( 12.78706800674989097, -16.99999999999999645, 18.50000000000000000 ) ) ;
#1540 = EDGE_CURVE ( 'NONE', #1627, #2798, #3219, .T. ) ;
#1541 = ORIENTED_EDGE ( 'NONE', *, *, #708, .T. ) ;
#1542 = DIRECTION ( 'NONE',  ( 0.000000000000000000, -1.000000000000000000, 0.000000000000000000 ) ) ;
#1543 = DIRECTION ( 'NONE',  ( 0.000000000000000000, 0.000000000000000000, -1.000000000000000000 ) ) ;
#1544 = CARTESIAN_POINT ( 'NONE',  ( 2.180690873395531693, -25.81382660708156251, 39.00000000000000000 ) ) ;
#1545 = ORIENTED_EDGE ( 'NONE', *, *, #489, .T. ) ;
#1546 = EDGE_LOOP ( 'NONE', ( #218, #3320, #1862, #2952, #900, #2842, #2212, #1294 ) ) ;
#1547 = ADVANCED_FACE ( 'NONE', ( #2767 ), #2171, .F. ) ;
#1548 = CARTESIAN_POINT ( 'NONE',  ( -10.40550410230167877, -16.80000000000000071, 35.02286178355297608 ) ) ;
#1549 = ORIENTED_EDGE ( 'NONE', *, *, #3354, .F. ) ;
#1550 = LINE ( 'NONE', #2678, #1923 ) ;
#1551 = CYLINDRICAL_SURFACE ( 'NONE', #3289, 1.500000000000001332 ) ;
#1552 = VERTEX_POINT ( 'NONE', #2748 ) ;
#1553 = ADVANCED_FACE ( 'NONE', ( #779 ), #1345, .F. ) ;
#1554 = ORIENTED_EDGE ( 'NONE', *, *, #447, .F. ) ;
#1555 = CARTESIAN_POINT ( 'NONE',  ( -15.00000000000000178, -13.52499999999999325, 0.000000000000000000 ) ) ;
#1556 = AXIS2_PLACEMENT_3D ( 'NONE', #2506, #1614, #820 ) ;
#1557 = CARTESIAN_POINT ( 'NONE',  ( -15.09289450925295029, -16.47499999999972786, 18.55294326891332801 ) ) ;
#1558 = DIRECTION ( 'NONE',  ( -0.000000000000000000, 0.000000000000000000, -1.000000000000000000 ) ) ;
#1559 = EDGE_CURVE ( 'NONE', #3201, #1914, #2235, .T. ) ;
#1560 = B_SPLINE_CURVE_WITH_KNOTS ( 'NONE', 3,
 ( #730, #1912, #3024, #185, #200, #2157, #1044, #1022, #3285, #1874 ),
 .UNSPECIFIED., .F., .F.,
 ( 4, 2, 2, 2, 4 ),
 ( 0.001882522929510649194, 0.002353476316499406289, 0.002824429703488163385, 0.003295383090476920046, 0.003766336477465677141 ),
 .UNSPECIFIED. ) ;
#1561 = VECTOR ( 'NONE', #167, 1000.000000000000000 ) ;
#1562 = ORIENTED_EDGE ( 'NONE', *, *, #1183, .T. ) ;
#1563 = CARTESIAN_POINT ( 'NONE',  ( -17.00000000000000000, -16.79999999999999716, 20.00000000000000000 ) ) ;
#1564 = CARTESIAN_POINT ( 'NONE',  ( 7.749999999999874767, -16.99999999999999645, 6.576606241341130143 ) ) ;
#1565 = VECTOR ( 'NONE', #993, 1000.000000000000000 ) ;
#1566 = EDGE_CURVE ( 'NONE', #2480, #2814, #2821, .T. ) ;
#1567 = CARTESIAN_POINT ( 'NONE',  ( 0.000000000000000000, -12.99999999999999822, 20.00000000000000000 ) ) ;
#1568 = ORIENTED_EDGE ( 'NONE', *, *, #1708, .F. ) ;
#1569 = VERTEX_POINT ( 'NONE', #861 ) ;
#1570 = VERTEX_POINT ( 'NONE', #3637 ) ;
#1571 = DIRECTION ( 'NONE',  ( 0.000000000000000000, -1.000000000000000000, 0.000000000000000000 ) ) ;
#1572 = DIRECTION ( 'NONE',  ( 0.000000000000000000, 0.000000000000000000, 1.000000000000000000 ) ) ;
#1573 = ORIENTED_EDGE ( 'NONE', *, *, #3040, .F. ) ;
#1574 = VECTOR ( 'NONE', #2115, 1000.000000000000000 ) ;
#1575 = ADVANCED_FACE ( 'NONE', ( #1408 ), #3366, .F. ) ;
#1576 = ORIENTED_EDGE ( 'NONE', *, *, #3014, .T. ) ;
#1577 = CARTESIAN_POINT ( 'NONE',  ( -12.78706800674989097, -16.80000000000000071, 18.50000000000000000 ) ) ;
#1578 = LINE ( 'NONE', #2704, #2902 ) ;
#1579 = FACE_OUTER_BOUND ( 'NONE', #30, .T. ) ;
#1580 = VECTOR ( 'NONE', #1934, 1000.000000000000000 ) ;
#1581 = EDGE_CURVE ( 'NONE', #2422, #1603, #1421, .T. ) ;
#1582 = ORIENTED_EDGE ( 'NONE', *, *, #584, .T. ) ;
#1583 = VECTOR ( 'NONE', #1351, 1000.000000000000000 ) ;
#1584 = CARTESIAN_POINT ( 'NONE',  ( -5.094495897698419817, -16.80000000000000071, 8.176074266235408672 ) ) ;
#1585 = DIRECTION ( 'NONE',  ( -0.9396926207859109814, -0.000000000000000000, -0.3420201433256616075 ) ) ;
#1586 = LINE ( 'NONE', #1659, #562 ) ;
#1587 = CIRCLE ( 'NONE', #2763, 1.475000000000002309 ) ;
#1588 = CIRCLE ( 'NONE', #2050, 1.500000000000001332 ) ;
#1589 = ORIENTED_EDGE ( 'NONE', *, *, #1428, .T. ) ;
#1590 = AXIS2_PLACEMENT_3D ( 'NONE', #3076, #862, #3144 ) ;
#1591 = ADVANCED_FACE ( 'NONE', ( #2530 ), #2793, .F. ) ;
#1592 = DIRECTION ( 'NONE',  ( 0.000000000000000000, -1.000000000000000000, 0.000000000000000000 ) ) ;
#1593 = VERTEX_POINT ( 'NONE', #3141 ) ;
#1594 = DIRECTION ( 'NONE',  ( -0.4999999999999919509, 0.000000000000000000, 0.8660254037844432595 ) ) ;
#1595 = PLANE ( 'NONE',  #1886 ) ;
#1596 = ORIENTED_EDGE ( 'NONE', *, *, #762, .T. ) ;
#1597 = ORIENTED_EDGE ( 'NONE', *, *, #876, .T. ) ;
#1598 = DIRECTION ( 'NONE',  ( 0.4999999999999980571, 0.000000000000000000, -0.8660254037844395958 ) ) ;
#1599 = DIRECTION ( 'NONE',  ( 1.000000000000000000, 0.000000000000000000, 0.000000000000000000 ) ) ;
#1600 = LINE ( 'NONE', #3567, #3451 ) ;
#1601 = DIRECTION ( 'NONE',  ( 1.000000000000000000, 0.000000000000000000, 0.000000000000000000 ) ) ;
#1602 = ADVANCED_FACE ( 'NONE', ( #3383 ), #1101, .F. ) ;
#1603 = VERTEX_POINT ( 'NONE', #2004 ) ;
#1604 = DIRECTION ( 'NONE',  ( 0.000000000000000000, 1.000000000000000000, 0.000000000000000000 ) ) ;
#1605 = EDGE_CURVE ( 'NONE', #2489, #183, #2857, .T. ) ;
#1606 = DIRECTION ( 'NONE',  ( 0.000000000000000000, 1.000000000000000000, 0.000000000000000000 ) ) ;
#1607 = ORIENTED_EDGE ( 'NONE', *, *, #535, .F. ) ;
#1608 = ORIENTED_EDGE ( 'NONE', *, *, #895, .T. ) ;
#1609 = LINE ( 'NONE', #3594, #1793 ) ;
#1610 = FACE_BOUND ( 'NONE', #3408, .T. ) ;
#1611 = ORIENTED_EDGE ( 'NONE', *, *, #3019, .F. ) ;
#1612 = ORIENTED_EDGE ( 'NONE', *, *, #217, .F. ) ;
#1613 = DIRECTION ( 'NONE',  ( -0.000000000000000000, 0.000000000000000000, -1.000000000000000000 ) ) ;
#1614 = DIRECTION ( 'NONE',  ( 0.000000000000000000, -1.000000000000000000, 0.000000000000000000 ) ) ;
#1615 = CYLINDRICAL_SURFACE ( 'NONE', #1151, 3.100000000000001865 ) ;
#1616 = AXIS2_PLACEMENT_3D ( 'NONE', #860, #3419, #583 ) ;
#1617 = ORIENTED_EDGE ( 'NONE', *, *, #777, .F. ) ;
#1618 = CARTESIAN_POINT ( 'NONE',  ( 14.99999999999999822, -13.52499999999999325, 18.58578643762690774 ) ) ;
#1619 = DIRECTION ( 'NONE',  ( 0.000000000000000000, -1.000000000000000000, 0.000000000000000000 ) ) ;
#1620 = AXIS2_PLACEMENT_3D ( 'NONE', #1238, #1542, #2096 ) ;
#1621 = AXIS2_PLACEMENT_3D ( 'NONE', #2930, #403, #1532 ) ;
#1622 = EDGE_CURVE ( 'NONE', #930, #360, #2743, .T. ) ;
#1623 = DIRECTION ( 'NONE',  ( 1.000000000000000000, 0.000000000000000000, 0.000000000000000000 ) ) ;
#1624 = ORIENTED_EDGE ( 'NONE', *, *, #587, .F. ) ;
#1625 = AXIS2_PLACEMENT_3D ( 'NONE', #1159, #845, #3407 ) ;
#1626 = AXIS2_PLACEMENT_3D ( 'NONE', #3006, #1649, #729 ) ;
#1627 = VERTEX_POINT ( 'NONE', #914 ) ;
#1628 = CARTESIAN_POINT ( 'NONE',  ( 6.249999999999873879, 20.00000000000000355, 6.576606241341130143 ) ) ;
#1629 = DIRECTION ( 'NONE',  ( 0.000000000000000000, -1.000000000000000000, 0.000000000000000000 ) ) ;
#1630 = ORIENTED_EDGE ( 'NONE', *, *, #1540, .T. ) ;
#1631 = ORIENTED_EDGE ( 'NONE', *, *, #1710, .F. ) ;
#1632 = EDGE_CURVE ( 'NONE', #869, #1636, #2984, .T. ) ;
#1633 = DIRECTION ( 'NONE',  ( 0.000000000000000000, 0.000000000000000000, -1.000000000000000000 ) ) ;
#1634 = CARTESIAN_POINT ( 'NONE',  ( 18.21293199325010903, -16.80000000000000071, 21.50000000000000000 ) ) ;
#1635 = UNCERTAINTY_MEASURE_WITH_UNIT (LENGTH_MEASURE( 1.000000000000000082E-05 ), #778, 'distance_accuracy_value', 'NONE');
#1636 = VERTEX_POINT ( 'NONE', #3159 ) ;
#1637 = FACE_OUTER_BOUND ( 'NONE', #632, .T. ) ;
#1638 = AXIS2_PLACEMENT_3D ( 'NONE', #1474, #891, #2620 ) ;
#1639 = CARTESIAN_POINT ( 'NONE',  ( 6.249999999999873879, -16.79999999999999716, 6.576606241341130143 ) ) ;
#1640 = AXIS2_PLACEMENT_3D ( 'NONE', #1006, #201, #3264 ) ;
#1641 = CARTESIAN_POINT ( 'NONE',  ( 12.78706800674989097, -16.80000000000000071, 21.50000000000000000 ) ) ;
#1642 = CARTESIAN_POINT ( 'NONE',  ( -15.50000000000000000, -16.99999999999999645, 20.00000000000000000 ) ) ;
#1643 = EDGE_LOOP ( 'NONE', ( #1508, #1652, #1794, #23, #2758 ) ) ;
#1644 = VECTOR ( 'NONE', #1651, 1000.000000000000000 ) ;
#1645 = EDGE_LOOP ( 'NONE', ( #3458, #3120, #3626, #3023 ) ) ;
#1646 = EDGE_CURVE ( 'NONE', #2735, #3337, #2694, .T. ) ;
#1647 = CIRCLE ( 'NONE', #625, 1.500000000000001332 ) ;
#1648 = DIRECTION ( 'NONE',  ( -0.000000000000000000, 0.000000000000000000, -1.000000000000000000 ) ) ;
#1649 = DIRECTION ( 'NONE',  ( 0.000000000000000000, -1.000000000000000000, 0.000000000000000000 ) ) ;
#1650 = CARTESIAN_POINT ( 'NONE',  ( -7.750000000000156319, -16.79999999999999716, 6.576606241341290904 ) ) ;
#1651 = DIRECTION ( 'NONE',  ( -0.000000000000000000, 0.000000000000000000, -1.000000000000000000 ) ) ;
#1652 = ORIENTED_EDGE ( 'NONE', *, *, #2220, .T. ) ;
#1653 = VECTOR ( 'NONE', #3302, 1000.000000000000000 ) ;
#1654 = EDGE_CURVE ( 'NONE', #3222, #2661, #1765, .T. ) ;
#1655 = ADVANCED_FACE ( 'NONE', ( #394 ), #643, .F. ) ;
#1656 = ORIENTED_EDGE ( 'NONE', *, *, #818, .T. ) ;
#1657 = LINE ( 'NONE', #1917, #2741 ) ;
#1658 = ORIENTED_EDGE ( 'NONE', *, *, #366, .F. ) ;
#1659 = CARTESIAN_POINT ( 'NONE',  ( -10.40550410230188838, -16.80000000000000071, 4.977138216447176688 ) ) ;
#1660 = DIRECTION ( 'NONE',  ( -0.000000000000000000, -1.000000000000000000, -0.000000000000000000 ) ) ;
#1661 = CARTESIAN_POINT ( 'NONE',  ( 7.750000000000062172, -19.99999999999999645, 33.42339375865876150 ) ) ;
#1662 = CARTESIAN_POINT ( 'NONE',  ( 15.50000000000000000, -16.80000000000000071, 20.00000000000000000 ) ) ;
#1663 = CARTESIAN_POINT ( 'NONE',  ( -30.00000000000000355, -19.99999999999999645, 40.00000000000000000 ) ) ;
#1664 = ADVANCED_FACE ( 'NONE', ( #1827 ), #2901, .F. ) ;
#1665 = LINE ( 'NONE', #241, #3055 ) ;
#1666 = ORIENTED_EDGE ( 'NONE', *, *, #510, .F. ) ;
#1667 = ORIENTED_EDGE ( 'NONE', *, *, #2302, .F. ) ;
#1668 = CARTESIAN_POINT ( 'NONE',  ( 14.44659100202648006, -16.38153783445247669, 21.10904643758648547 ) ) ;
#1669 = EDGE_CURVE ( 'NONE', #2388, #376, #3513, .T. ) ;
#1670 = CARTESIAN_POINT ( 'NONE',  ( 5.094495897698177345, -16.80000000000000071, 8.176074266235303867 ) ) ;
#1671 = ADVANCED_FACE ( 'NONE', ( #1193 ), #2326, .F. ) ;
#1672 = ORIENTED_EDGE ( 'NONE', *, *, #2140, .F. ) ;
#1673 = CARTESIAN_POINT ( 'NONE',  ( -7.750000000000156319, -16.99999999999999645, 6.576606241341290904 ) ) ;
#1674 = DIRECTION ( 'NONE',  ( 0.000000000000000000, 1.000000000000000000, 0.000000000000000000 ) ) ;
#1675 = DIRECTION ( 'NONE',  ( 0.000000000000000000, 0.000000000000000000, -1.000000000000000000 ) ) ;
#1676 = VECTOR ( 'NONE', #2877, 1000.000000000000000 ) ;
#1677 = VECTOR ( 'NONE', #1571, 1000.000000000000000 ) ;
#1678 = CARTESIAN_POINT ( 'NONE',  ( -2.180690873395531693, -12.99999999999999822, 39.00000000000000000 ) ) ;
#1679 = ORIENTED_EDGE ( 'NONE', *, *, #2075, .F. ) ;
#1680 = CARTESIAN_POINT ( 'NONE',  ( -25.00000000000000000, -13.52499999999999325, 40.00000000000000000 ) ) ;
#1681 = ORIENTED_EDGE ( 'NONE', *, *, #1529, .F. ) ;
#1682 = AXIS2_PLACEMENT_3D ( 'NONE', #2066, #1739, #3484 ) ;
#1683 = EDGE_LOOP ( 'NONE', ( #2637, #2756, #1435, #1528 ) ) ;
#1684 = CARTESIAN_POINT ( 'NONE',  ( 14.02549349871079087, -13.89112834528495455, 19.68510007048624288 ) ) ;
#1685 = EDGE_CURVE ( 'NONE', #422, #46, #739, .T. ) ;
#1686 = VERTEX_POINT ( 'NONE', #413 ) ;
#1687 = CARTESIAN_POINT ( 'NONE',  ( 30.00000000000000000, 20.00000000000000355, 40.00000000000000000 ) ) ;
#1688 = PLANE ( 'NONE',  #851 ) ;
#1689 = CIRCLE ( 'NONE', #1878, 1.475000000000000533 ) ;
#1690 = EDGE_CURVE ( 'NONE', #3323, #3306, #383, .T. ) ;
#1691 = VECTOR ( 'NONE', #999, 1000.000000000000000 ) ;
#1692 = CARTESIAN_POINT ( 'NONE',  ( 16.27952092683805674, -15.73979608459463009, 21.28292832209460528 ) ) ;
#1693 = AXIS2_PLACEMENT_3D ( 'NONE', #3208, #3133, #380 ) ;
#1694 = ADVANCED_FACE ( 'NONE', ( #118 ), #2370, .F. ) ;
#1695 = CARTESIAN_POINT ( 'NONE',  ( 0.000000000000000000, 0.000000000000000000, 40.00000000000000000 ) ) ;
#1696 = AXIS2_PLACEMENT_3D ( 'NONE', #494, #3248, #1853 ) ;
#1697 = VERTEX_POINT ( 'NONE', #1259 ) ;
#1698 = DIRECTION ( 'NONE',  ( 0.000000000000000000, -1.000000000000000000, 0.000000000000000000 ) ) ;
#1699 = ORIENTED_EDGE ( 'NONE', *, *, #1921, .T. ) ;
#1700 = CIRCLE ( 'NONE', #2048, 1.500000000000001332 ) ;
#1701 = VERTEX_POINT ( 'NONE', #2390 ) ;
#1702 = DIRECTION ( 'NONE',  ( 0.000000000000000000, 1.000000000000000000, 0.000000000000000000 ) ) ;
#1703 = VECTOR ( 'NONE', #987, 1000.000000000000000 ) ;
#1704 = EDGE_LOOP ( 'NONE', ( #3100, #1554 ) ) ;
#1705 = DIRECTION ( 'NONE',  ( 1.000000000000000000, 0.000000000000000000, 0.000000000000000000 ) ) ;
#1706 = CARTESIAN_POINT ( 'NONE',  ( 7.807427890948242855, -16.80000000000000071, 3.477138216446983066 ) ) ;
#1707 = FACE_OUTER_BOUND ( 'NONE', #498, .T. ) ;
#1708 = EDGE_CURVE ( 'NONE', #2426, #215, #978, .T. ) ;
#1709 = CARTESIAN_POINT ( 'NONE',  ( 15.65977590450977353, -16.32287999796439593, 21.49423491974178901 ) ) ;
#1710 = EDGE_CURVE ( 'NONE', #376, #3181, #2923, .T. ) ;
#1711 = EDGE_CURVE ( 'NONE', #2887, #2693, #2980, .T. ) ;
#1712 = FACE_BOUND ( 'NONE', #2278, .T. ) ;
#1713 = DIRECTION ( 'NONE',  ( 0.000000000000000000, -1.000000000000000000, 0.000000000000000000 ) ) ;
#1714 = ORIENTED_EDGE ( 'NONE', *, *, #3597, .F. ) ;
#1715 = DIRECTION ( 'NONE',  ( -0.000000000000000000, 0.000000000000000000, -1.000000000000000000 ) ) ;
#1716 = VERTEX_POINT ( 'NONE', #2151 ) ;
#1717 = ORIENTED_EDGE ( 'NONE', *, *, #2183, .F. ) ;
#1718 = CARTESIAN_POINT ( 'NONE',  ( -14.85154375083088318, -16.47500000000040998, 18.63827364787492513 ) ) ;
#1719 = DIRECTION ( 'NONE',  ( 0.000000000000000000, -1.000000000000000000, 0.000000000000000000 ) ) ;
#1720 = ORIENTED_EDGE ( 'NONE', *, *, #1323, .T. ) ;
#1721 = VERTEX_POINT ( 'NONE', #179 ) ;
#1722 = CARTESIAN_POINT ( 'NONE',  ( 7.750000000000062172, -16.80000000000000071, 33.42339375865876150 ) ) ;
#1723 = CARTESIAN_POINT ( 'NONE',  ( -30.00000000000000000, 20.00000000000000355, 40.00000000000000000 ) ) ;
#1724 = DIRECTION ( 'NONE',  ( 0.000000000000000000, -1.000000000000000000, 0.000000000000000000 ) ) ;
#1725 = CARTESIAN_POINT ( 'NONE',  ( -4.650000000000154898, -19.99999999999999645, 6.576606241341290904 ) ) ;
#1726 = CARTESIAN_POINT ( 'NONE',  ( 16.39770985866566733, -15.48078801424674822, 21.20255614690540824 ) ) ;
#1727 = EDGE_CURVE ( 'NONE', #1697, #1228, #321, .T. ) ;
#1728 = CARTESIAN_POINT ( 'NONE',  ( -15.50000000000000000, -16.99999999999999645, 20.00000000000000000 ) ) ;
#1729 = CIRCLE ( 'NONE', #2374, 18.59999999999999787 ) ;
#1730 = ORIENTED_EDGE ( 'NONE', *, *, #3509, .T. ) ;
#1731 = DIRECTION ( 'NONE',  ( -0.000000000000000000, 0.000000000000000000, -1.000000000000000000 ) ) ;
#1732 = AXIS2_PLACEMENT_3D ( 'NONE', #670, #1292, #2911 ) ;
#1733 = ORIENTED_EDGE ( 'NONE', *, *, #3126, .T. ) ;
#1734 = CIRCLE ( 'NONE', #2093, 3.100000000000002753 ) ;
#1735 = DIRECTION ( 'NONE',  ( -0.000000000000000000, 0.000000000000000000, -1.000000000000000000 ) ) ;
#1736 = CARTESIAN_POINT ( 'NONE',  ( -15.74849809511669818, -16.28609533533868259, 21.49039161855094804 ) ) ;
#1737 = VECTOR ( 'NONE', #1743, 1000.000000000000114 ) ;
#1738 = ORIENTED_EDGE ( 'NONE', *, *, #417, .F. ) ;
#1739 = DIRECTION ( 'NONE',  ( 0.000000000000000000, -1.000000000000000000, 0.000000000000000000 ) ) ;
#1740 = CARTESIAN_POINT ( 'NONE',  ( 15.38597540655669071, -16.43719750255858614, 18.49328536398927270 ) ) ;
#1741 = CARTESIAN_POINT ( 'NONE',  ( 0.5260990984306863627, -12.99999999999999822, 19.30000000000000071 ) ) ;
#1742 = CARTESIAN_POINT ( 'NONE',  ( -25.00000000000000000, -4.999999999999995559, 40.00000000000000000 ) ) ;
#1743 = DIRECTION ( 'NONE',  ( 0.4999999999999979461, 0.000000000000000000, -0.8660254037844397068 ) ) ;
#1744 = DIRECTION ( 'NONE',  ( 0.000000000000000000, 1.000000000000000000, 0.000000000000000000 ) ) ;
#1745 = VECTOR ( 'NONE', #1057, 1000.000000000000000 ) ;
#1746 = DIRECTION ( 'NONE',  ( 1.000000000000000000, 0.000000000000000000, 0.000000000000000000 ) ) ;
#1747 = CARTESIAN_POINT ( 'NONE',  ( 10.40550410230178180, -16.80000000000000071, 35.02286178355289792 ) ) ;
#1748 = ORIENTED_EDGE ( 'NONE', *, *, #2668, .T. ) ;
#1749 = CARTESIAN_POINT ( 'NONE',  ( -25.00000000000000000, 3.525000000000002576, 0.000000000000000000 ) ) ;
#1750 = AXIS2_PLACEMENT_3D ( 'NONE', #1564, #1864, #3000 ) ;
#1751 = ORIENTED_EDGE ( 'NONE', *, *, #2133, .T. ) ;
#1752 = EDGE_CURVE ( 'NONE', #2681, #3573, #2803, .T. ) ;
#1753 = VECTOR ( 'NONE', #546, 1000.000000000000000 ) ;
#1754 = EDGE_LOOP ( 'NONE', ( #2556, #1295, #3097, #2731, #2796, #3186 ) ) ;
#1755 = CARTESIAN_POINT ( 'NONE',  ( -14.02577624914593812, -16.10912442502890940, 19.68383957428526188 ) ) ;
#1756 = DIRECTION ( 'NONE',  ( -0.4999999999999919509, 0.000000000000000000, 0.8660254037844432595 ) ) ;
#1757 = EDGE_CURVE ( 'NONE', #3411, #3323, #3333, .T. ) ;
#1758 = AXIS2_PLACEMENT_3D ( 'NONE', #2311, #1731, #898 ) ;
#1759 = ORIENTED_EDGE ( 'NONE', *, *, #3274, .T. ) ;
#1760 = PLANE ( 'NONE',  #1980 ) ;
#1761 = CARTESIAN_POINT ( 'NONE',  ( 15.91368599968206965, -16.17354414466395696, 18.55097700110914971 ) ) ;
#1762 = CARTESIAN_POINT ( 'NONE',  ( 14.99999999999999822, -16.47499999999999787, 40.00000000000000000 ) ) ;
#1763 = DIRECTION ( 'NONE',  ( 0.000000000000000000, 1.000000000000000000, 0.000000000000000000 ) ) ;
#1764 = CARTESIAN_POINT ( 'NONE',  ( 12.78706800674989097, -16.99999999999999645, 21.50000000000000000 ) ) ;
#1765 = LINE ( 'NONE', #3218, #743 ) ;
#1766 = EDGE_CURVE ( 'NONE', #192, #1070, #614, .T. ) ;
#1767 = CARTESIAN_POINT ( 'NONE',  ( 15.50000000000000000, 20.00000000000000355, 20.00000000000000000 ) ) ;
#1768 = VERTEX_POINT ( 'NONE', #3016 ) ;
#1769 = DIRECTION ( 'NONE',  ( 0.000000000000000000, -1.000000000000000000, 0.000000000000000000 ) ) ;
#1770 = ORIENTED_EDGE ( 'NONE', *, *, #2518, .F. ) ;
#1771 = DIRECTION ( 'NONE',  ( 0.000000000000000000, -1.000000000000000000, 0.000000000000000000 ) ) ;
#1772 = ORIENTED_EDGE ( 'NONE', *, *, #921, .T. ) ;
#1773 = DIRECTION ( 'NONE',  ( 0.000000000000000000, -1.000000000000000000, 0.000000000000000000 ) ) ;
#1774 = CARTESIAN_POINT ( 'NONE',  ( -15.50000000000000000, -16.80000000000000071, 20.00000000000000000 ) ) ;
#1775 = ORIENTED_EDGE ( 'NONE', *, *, #1311, .T. ) ;
#1776 = EDGE_CURVE ( 'NONE', #121, #804, #1341, .T. ) ;
#1777 = VERTEX_POINT ( 'NONE', #1618 ) ;
#1778 = CARTESIAN_POINT ( 'NONE',  ( 13.99999999999999645, -13.91573757788991905, 20.15649237448128517 ) ) ;
#1779 = CARTESIAN_POINT ( 'NONE',  ( 10.84999999999987708, -19.99999999999999645, 6.576606241341130143 ) ) ;
#1780 = CARTESIAN_POINT ( 'NONE',  ( 0.000000000000000000, -12.99999999999999822, 20.00000000000000000 ) ) ;
#1781 = B_SPLINE_CURVE_WITH_KNOTS ( 'NONE', 3,
 ( #1152, #2284, #1740, #67, #1761, #890, #50, #855, #290, #3415, #2031, #617, #3154, #1455, #1418, #2578, #2540, #907, #581, #12, #2528, #1110, #871, #2015, #2299, #3649 ),
 .UNSPECIFIED., .F., .F.,
 ( 4, 2, 2, 2, 2, 2, 2, 2, 2, 2, 2, 2, 4 ),
 ( 0.008474807786915755647, 0.009061545492465114537, 0.009648283198014476897, 0.01023502090356383926, 0.01052838975633852044, 0.01082175860911320162, 0.01111512746188788280, 0.01140849631466256398, 0.01199523402021192633, 0.01228860287298660578, 0.01258197172576128522, 0.01287534057853596467, 0.01316870943131064411 ),
 .UNSPECIFIED. ) ;
#1782 = CARTESIAN_POINT ( 'NONE',  ( -13.99999999999997691, -16.08426242211005075, 20.15852183095870487 ) ) ;
#1783 = DIRECTION ( 'NONE',  ( -0.000000000000000000, 1.000000000000000000, -0.000000000000000000 ) ) ;
#1784 = ORIENTED_EDGE ( 'NONE', *, *, #3511, .F. ) ;
#1785 = DIRECTION ( 'NONE',  ( 0.000000000000000000, 0.000000000000000000, -1.000000000000000000 ) ) ;
#1786 = ORIENTED_EDGE ( 'NONE', *, *, #2599, .T. ) ;
#1787 = CARTESIAN_POINT ( 'NONE',  ( -25.00000000000000000, 6.475000000000006750, 40.00000000000000000 ) ) ;
#1788 = VERTEX_POINT ( 'NONE', #2744 ) ;
#1789 = DIRECTION ( 'NONE',  ( 0.000000000000000000, -1.000000000000000000, 0.000000000000000000 ) ) ;
#1790 = PLANE ( 'NONE',  #32 ) ;
#1791 = ORIENTED_EDGE ( 'NONE', *, *, #3187, .T. ) ;
#1792 = CIRCLE ( 'NONE', #1489, 1.475000000000000533 ) ;
#1793 = VECTOR ( 'NONE', #3263, 1000.000000000000000 ) ;
#1794 = ORIENTED_EDGE ( 'NONE', *, *, #2555, .F. ) ;
#1795 = CARTESIAN_POINT ( 'NONE',  ( 18.21293199325010903, -16.80000000000000071, 18.50000000000000000 ) ) ;
#1796 = DIRECTION ( 'NONE',  ( -0.000000000000000000, 0.000000000000000000, -1.000000000000000000 ) ) ;
#1797 = DIRECTION ( 'NONE',  ( 0.000000000000000000, -1.000000000000000000, 0.000000000000000000 ) ) ;
#1798 = DIRECTION ( 'NONE',  ( -0.5000000000000037748, 0.000000000000000000, -0.8660254037844364872 ) ) ;
#1799 = CIRCLE ( 'NONE', #2315, 1.500000000000001332 ) ;
#1800 = EDGE_CURVE ( 'NONE', #3051, #3376, #1207, .T. ) ;
#1801 = EDGE_LOOP ( 'NONE', ( #1904, #3297, #110, #3115, #2238, #955 ) ) ;
#1802 = DIRECTION ( 'NONE',  ( 0.000000000000000000, -1.000000000000000000, 0.000000000000000000 ) ) ;
#1803 = EDGE_CURVE ( 'NONE', #206, #3602, #2776, .T. ) ;
#1804 = CARTESIAN_POINT ( 'NONE',  ( 5.094495897698339881, -16.99999999999999645, 31.82392573376462863 ) ) ;
#1805 = FACE_BOUND ( 'NONE', #2472, .T. ) ;
#1806 = ORIENTED_EDGE ( 'NONE', *, *, #2609, .T. ) ;
#1807 = ORIENTED_EDGE ( 'NONE', *, *, #2178, .T. ) ;
#1808 = EDGE_CURVE ( 'NONE', #1070, #384, #793, .T. ) ;
#1809 = CIRCLE ( 'NONE', #25, 18.59999999999999787 ) ;
#1810 = CARTESIAN_POINT ( 'NONE',  ( -25.00000000000000000, -16.47499999999999787, 0.000000000000000000 ) ) ;
#1811 = ORIENTED_EDGE ( 'NONE', *, *, #1230, .F. ) ;
#1812 = AXIS2_PLACEMENT_3D ( 'NONE', #1723, #305, #3102 ) ;
#1813 = LINE ( 'NONE', #82, #723 ) ;
#1814 = FACE_OUTER_BOUND ( 'NONE', #769, .T. ) ;
#1815 = ORIENTED_EDGE ( 'NONE', *, *, #2750, .F. ) ;
#1816 = EDGE_CURVE ( 'NONE', #1570, #1721, #3314, .T. ) ;
#1817 = AXIS2_PLACEMENT_3D ( 'NONE', #846, #1930, #3341 ) ;
#1818 = ORIENTED_EDGE ( 'NONE', *, *, #3238, .T. ) ;
#1819 = CARTESIAN_POINT ( 'NONE',  ( -12.39999999999999858, -16.80000000000000071, 20.00000000000000000 ) ) ;
#1820 = DIRECTION ( 'NONE',  ( 0.000000000000000000, 0.000000000000000000, -1.000000000000000000 ) ) ;
#1821 = CARTESIAN_POINT ( 'NONE',  ( 13.99999999999999822, -12.99999999999999822, 20.00000000000000000 ) ) ;
#1822 = AXIS2_PLACEMENT_3D ( 'NONE', #2170, #1343, #3621 ) ;
#1823 = DIRECTION ( 'NONE',  ( -0.000000000000000000, 0.000000000000000000, -1.000000000000000000 ) ) ;
#1824 = CIRCLE ( 'NONE', #1095, 1.500000000000001332 ) ;
#1825 = ORIENTED_EDGE ( 'NONE', *, *, #2707, .T. ) ;
#1826 = ADVANCED_FACE ( 'NONE', ( #1637 ), #721, .F. ) ;
#1827 = FACE_OUTER_BOUND ( 'NONE', #1488, .T. ) ;
#1828 = CIRCLE ( 'NONE', #172, 3.100000000000001865 ) ;
#1829 = EDGE_CURVE ( 'NONE', #1248, #2606, #248, .T. ) ;
#1830 = CARTESIAN_POINT ( 'NONE',  ( 0.000000000000000000, 0.000000000000000000, 0.000000000000000000 ) ) ;
#1831 = ORIENTED_EDGE ( 'NONE', *, *, #269, .F. ) ;
#1832 = ORIENTED_EDGE ( 'NONE', *, *, #3336, .F. ) ;
#1833 = DIRECTION ( 'NONE',  ( 0.000000000000000000, -1.000000000000000000, 0.000000000000000000 ) ) ;
#1834 = EDGE_LOOP ( 'NONE', ( #1033, #2099, #694, #785, #105 ) ) ;
#1835 = CARTESIAN_POINT ( 'NONE',  ( 9.250000000000063949, 20.00000000000000355, 33.42339375865876150 ) ) ;
#1836 = FACE_BOUND ( 'NONE', #1843, .T. ) ;
#1837 = ORIENTED_EDGE ( 'NONE', *, *, #2747, .F. ) ;
#1838 = EDGE_LOOP ( 'NONE', ( #1365, #1225, #3532, #187, #1631, #1918, #289, #690 ) ) ;
#1839 = CARTESIAN_POINT ( 'NONE',  ( 7.807427890948242855, -16.80000000000000071, 3.477138216446983066 ) ) ;
#1840 = CARTESIAN_POINT ( 'NONE',  ( 29.99999999999999645, -19.99999999999999645, 40.00000000000000000 ) ) ;
#1841 = DIRECTION ( 'NONE',  ( 0.000000000000000000, -1.000000000000000000, 0.000000000000000000 ) ) ;
#1842 = DIRECTION ( 'NONE',  ( 0.000000000000000000, -1.000000000000000000, 0.000000000000000000 ) ) ;
#1843 = EDGE_LOOP ( 'NONE', ( #920, #1147 ) ) ;
#1844 = CYLINDRICAL_SURFACE ( 'NONE', #1620, 3.100000000000000977 ) ;
#1845 = CARTESIAN_POINT ( 'NONE',  ( 25.00000000000000000, -4.999999999999995559, 40.00000000000000000 ) ) ;
#1846 = FACE_BOUND ( 'NONE', #2113, .T. ) ;
#1847 = ORIENTED_EDGE ( 'NONE', *, *, #1855, .F. ) ;
#1848 = EDGE_LOOP ( 'NONE', ( #3022, #2566, #1630, #2523, #1832, #1502, #2827, #361 ) ) ;
#1849 = ADVANCED_FACE ( 'NONE', ( #3276, #1888 ), #3397, .F. ) ;
#1850 = LINE ( 'NONE', #2695, #228 ) ;
#1851 = ORIENTED_EDGE ( 'NONE', *, *, #876, .F. ) ;
#1852 = CARTESIAN_POINT ( 'NONE',  ( -18.21293199325010903, -16.80000000000000071, 21.50000000000000000 ) ) ;
#1853 = DIRECTION ( 'NONE',  ( -8.673617379884035472E-17, -1.000000000000000000, 0.000000000000000000 ) ) ;
#1854 = ORIENTED_EDGE ( 'NONE', *, *, #3580, .T. ) ;
#1855 = EDGE_CURVE ( 'NONE', #2318, #3592, #2805, .T. ) ;
#1856 = EDGE_LOOP ( 'NONE', ( #1847, #3237, #2689, #866, #1318, #197 ) ) ;
#1857 = CARTESIAN_POINT ( 'NONE',  ( -15.00000000000000178, -14.99999999999999645, 0.000000000000000000 ) ) ;
#1858 = CIRCLE ( 'NONE', #1556, 3.100000000000003197 ) ;
#1859 = CARTESIAN_POINT ( 'NONE',  ( -15.38157085107229527, -16.42810907154536793, 18.50157608868277848 ) ) ;
#1860 = DIRECTION ( 'NONE',  ( -0.5000000000000041078, -0.000000000000000000, -0.8660254037844363761 ) ) ;
#1861 = VECTOR ( 'NONE', #2473, 1000.000000000000000 ) ;
#1862 = ORIENTED_EDGE ( 'NONE', *, *, #2643, .T. ) ;
#1863 = CARTESIAN_POINT ( 'NONE',  ( -15.50000000000000000, 20.00000000000000355, 20.00000000000000000 ) ) ;
#1864 = DIRECTION ( 'NONE',  ( 0.000000000000000000, -1.000000000000000000, 0.000000000000000000 ) ) ;
#1865 = AXIS2_PLACEMENT_3D ( 'NONE', #1767, #1174, #896 ) ;
#1866 = CIRCLE ( 'NONE', #789, 3.100000000000001865 ) ;
#1867 = CYLINDRICAL_SURFACE ( 'NONE', #3057, 1.500000000000001332 ) ;
#1868 = EDGE_CURVE ( 'NONE', #2388, #2438, #3620, .T. ) ;
#1869 = PLANE ( 'NONE',  #3110 ) ;
#1870 = CARTESIAN_POINT ( 'NONE',  ( 25.00000000000000000, -14.99999999999999645, 40.00000000000000000 ) ) ;
#1871 = VERTEX_POINT ( 'NONE', #600 ) ;
#1872 = CARTESIAN_POINT ( 'NONE',  ( 25.00000000000000000, -6.474999999999997868, 40.00000000000000000 ) ) ;
#1873 = CARTESIAN_POINT ( 'NONE',  ( 14.99999999999999822, -13.52499999999999325, 40.00000000000000000 ) ) ;
#1874 = CARTESIAN_POINT ( 'NONE',  ( -15.00000000000000178, -13.52499999999999325, 18.58578643762690419 ) ) ;
#1875 = EDGE_CURVE ( 'NONE', #215, #2457, #1140, .T. ) ;
#1876 = PLANE ( 'NONE',  #1696 ) ;
#1877 = EDGE_LOOP ( 'NONE', ( #1541, #2785, #2509, #1330, #1465 ) ) ;
#1878 = AXIS2_PLACEMENT_3D ( 'NONE', #20, #2309, #3 ) ;
#1879 = VERTEX_POINT ( 'NONE', #1706 ) ;
#1880 = CARTESIAN_POINT ( 'NONE',  ( -25.00000000000000000, -6.474999999999997868, 0.000000000000000000 ) ) ;
#1881 = LINE ( 'NONE', #951, #780 ) ;
#1882 = EDGE_CURVE ( 'NONE', #3071, #1914, #2790, .T. ) ;
#1883 = CARTESIAN_POINT ( 'NONE',  ( 10.40550410230178180, -16.99999999999999645, 35.02286178355289792 ) ) ;
#1884 = AXIS2_PLACEMENT_3D ( 'NONE', #2787, #1386, #1415 ) ;
#1885 = ORIENTED_EDGE ( 'NONE', *, *, #1984, .F. ) ;
#1886 = AXIS2_PLACEMENT_3D ( 'NONE', #3008, #421, #2176 ) ;
#1887 = SURFACE_STYLE_FILL_AREA ( #3552 ) ;
#1888 = FACE_OUTER_BOUND ( 'NONE', #2049, .T. ) ;
#1889 = PLANE ( 'NONE',  #3581 ) ;
#1890 = AXIS2_PLACEMENT_3D ( 'NONE', #1221, #2007, #3475 ) ;
#1891 = FACE_OUTER_BOUND ( 'NONE', #2893, .T. ) ;
#1892 = VECTOR ( 'NONE', #1201, 1000.000000000000000 ) ;
#1893 = ORIENTED_EDGE ( 'NONE', *, *, #3538, .T. ) ;
#1894 = EDGE_LOOP ( 'NONE', ( #2946, #2871 ) ) ;
#1895 = VERTEX_POINT ( 'NONE', #1741 ) ;
#1896 = DIRECTION ( 'NONE',  ( 0.000000000000000000, -1.000000000000000000, 0.000000000000000000 ) ) ;
#1897 = CARTESIAN_POINT ( 'NONE',  ( 25.00000000000000000, -4.999999999999995559, 0.000000000000000000 ) ) ;
#1898 = ORIENTED_EDGE ( 'NONE', *, *, #1559, .F. ) ;
#1899 = EDGE_LOOP ( 'NONE', ( #1271, #1289, #1268, #1080, #2205 ) ) ;
#1900 = CARTESIAN_POINT ( 'NONE',  ( 25.00000000000000000, -3.524999999999993694, 40.00000000000000000 ) ) ;
#1901 = CYLINDRICAL_SURFACE ( 'NONE', #596, 1.475000000000000533 ) ;
#1902 = CARTESIAN_POINT ( 'NONE',  ( 29.99999999999999645, -19.99999999999999645, 0.000000000000000000 ) ) ;
#1903 = ADVANCED_FACE ( 'NONE', ( #1375 ), #1081, .F. ) ;
#1904 = ORIENTED_EDGE ( 'NONE', *, *, #196, .F. ) ;
#1905 = DIRECTION ( 'NONE',  ( 0.5000000000000099920, 0.000000000000000000, 0.8660254037844328234 ) ) ;
#1906 = DIRECTION ( 'NONE',  ( -0.4999999999999919509, 0.000000000000000000, 0.8660254037844432595 ) ) ;
#1907 = LINE ( 'NONE', #1085, #213 ) ;
#1908 = ORIENTED_EDGE ( 'NONE', *, *, #3436, .T. ) ;
#1909 = ORIENTED_EDGE ( 'NONE', *, *, #2329, .F. ) ;
#1910 = FACE_OUTER_BOUND ( 'NONE', #1546, .T. ) ;
#1911 = VERTEX_POINT ( 'NONE', #3351 ) ;
#1912 = CARTESIAN_POINT ( 'NONE',  ( -14.00000000000063771, -13.91573757788932753, 19.84191216312505546 ) ) ;
#1913 = FACE_OUTER_BOUND ( 'NONE', #1643, .T. ) ;
#1914 = VERTEX_POINT ( 'NONE', #1958 ) ;
#1915 = ORIENTED_EDGE ( 'NONE', *, *, #1685, .T. ) ;
#1916 = CARTESIAN_POINT ( 'NONE',  ( -10.40550410230188838, -16.99999999999999645, 4.977138216447176688 ) ) ;
#1917 = CARTESIAN_POINT ( 'NONE',  ( 10.85000000000006359, -16.99999999999999645, 33.42339375865876150 ) ) ;
#1918 = ORIENTED_EDGE ( 'NONE', *, *, #1669, .F. ) ;
#1919 = CARTESIAN_POINT ( 'NONE',  ( 18.60000000000000142, -16.99999999999999645, 20.00000000000000000 ) ) ;
#1920 = B_SPLINE_CURVE_WITH_KNOTS ( 'NONE', 3,
 ( #1448, #1718, #26, #545, #1402, #44, #867, #1755, #2316, #3118 ),
 .UNSPECIFIED., .F., .F.,
 ( 4, 2, 2, 2, 4 ),
 ( 0.008468551573197223570, 0.008938219547630570083, 0.009407887522063918331, 0.009877555496497266579, 0.01034722347093061309 ),
 .UNSPECIFIED. ) ;
#1921 = EDGE_CURVE ( 'NONE', #1405, #695, #2510, .T. ) ;
#1922 = AXIS2_PLACEMENT_3D ( 'NONE', #997, #681, #2979 ) ;
#1923 = VECTOR ( 'NONE', #145, 1000.000000000000000 ) ;
#1924 = EDGE_CURVE ( 'NONE', #1018, #1401, #2397, .T. ) ;
#1925 = ORIENTED_EDGE ( 'NONE', *, *, #1710, .T. ) ;
#1926 = CIRCLE ( 'NONE', #547, 1.475000000000002309 ) ;
#1927 = VECTOR ( 'NONE', #1191, 1000.000000000000000 ) ;
#1928 = ORIENTED_EDGE ( 'NONE', *, *, #338, .T. ) ;
#1929 = DIRECTION ( 'NONE',  ( -0.4999999999999979461, 0.000000000000000000, 0.8660254037844397068 ) ) ;
#1930 = DIRECTION ( 'NONE',  ( -0.000000000000000000, 1.000000000000000000, -0.000000000000000000 ) ) ;
#1931 = VERTEX_POINT ( 'NONE', #113 ) ;
#1932 = EDGE_LOOP ( 'NONE', ( #3230, #1666 ) ) ;
#1933 = CARTESIAN_POINT ( 'NONE',  ( 13.99999999999999822, -16.08426242211007207, 20.00000000000000000 ) ) ;
#1934 = DIRECTION ( 'NONE',  ( -1.000000000000000000, 0.000000000000000000, -0.000000000000000000 ) ) ;
#1935 = EDGE_CURVE ( 'NONE', #522, #304, #1211, .T. ) ;
#1936 = AXIS2_PLACEMENT_3D ( 'NONE', #2652, #161, #1240 ) ;
#1937 = ORIENTED_EDGE ( 'NONE', *, *, #3597, .T. ) ;
#1938 = DIRECTION ( 'NONE',  ( 0.000000000000000000, 0.000000000000000000, -1.000000000000000000 ) ) ;
#1939 = CARTESIAN_POINT ( 'NONE',  ( 7.807427890948473781, -16.80000000000000071, 36.52286178355291213 ) ) ;
#1940 = VECTOR ( 'NONE', #2712, 1000.000000000000000 ) ;
#1941 = CARTESIAN_POINT ( 'NONE',  ( -15.50000000000000000, -16.99999999999999645, 20.00000000000000000 ) ) ;
#1942 = CIRCLE ( 'NONE', #327, 3.100000000000000977 ) ;
#1943 = DIRECTION ( 'NONE',  ( 0.000000000000000000, -1.000000000000000000, 0.000000000000000000 ) ) ;
#1944 = AXIS2_PLACEMENT_3D ( 'NONE', #2777, #3299, #524 ) ;
#1945 = EDGE_CURVE ( 'NONE', #99, #144, #3282, .T. ) ;
#1946 = AXIS2_PLACEMENT_3D ( 'NONE', #2375, #1771, #3182 ) ;
#1947 = FACE_OUTER_BOUND ( 'NONE', #1274, .T. ) ;
#1948 = FACE_OUTER_BOUND ( 'NONE', #719, .T. ) ;
#1949 = CARTESIAN_POINT ( 'NONE',  ( 13.99999999999999822, -16.08426242211007562, 19.84353314310759231 ) ) ;
#1950 = EDGE_CURVE ( 'NONE', #275, #969, #3448, .T. ) ;
#1951 = DIRECTION ( 'NONE',  ( 0.000000000000000000, -1.000000000000000000, 0.000000000000000000 ) ) ;
#1952 = VERTEX_POINT ( 'NONE', #1779 ) ;
#1953 = VECTOR ( 'NONE', #814, 1000.000000000000000 ) ;
#1954 = ORIENTED_EDGE ( 'NONE', *, *, #1143, .T. ) ;
#1955 = CARTESIAN_POINT ( 'NONE',  ( 7.749999999999874767, -16.79999999999999716, 6.576606241341130143 ) ) ;
#1956 = CARTESIAN_POINT ( 'NONE',  ( 4.649999999999874234, -19.99999999999999645, 6.576606241341130143 ) ) ;
#1957 = EDGE_LOOP ( 'NONE', ( #198, #668, #550, #1307 ) ) ;
#1958 = CARTESIAN_POINT ( 'NONE',  ( 30.00000000000000000, 20.00000000000000355, 0.000000000000000000 ) ) ;
#1959 = DIRECTION ( 'NONE',  ( 0.9396926207859103153, 0.000000000000000000, -0.3420201433256633838 ) ) ;
#1960 = CARTESIAN_POINT ( 'NONE',  ( -25.00000000000000000, -4.999999999999995559, 40.00000000000000000 ) ) ;
#1961 = CARTESIAN_POINT ( 'NONE',  ( -18.60000000000000142, -16.80000000000000071, 20.00000000000000000 ) ) ;
#1962 = ORIENTED_EDGE ( 'NONE', *, *, #2412, .T. ) ;
#1963 = DIRECTION ( 'NONE',  ( 0.000000000000000000, -1.000000000000000000, 0.000000000000000000 ) ) ;
#1964 = EDGE_LOOP ( 'NONE', ( #2663, #435, #985, #2184, #2047, #3466 ) ) ;
#1965 = EDGE_CURVE ( 'NONE', #3337, #92, #1538, .T. ) ;
#1966 = VERTEX_POINT ( 'NONE', #2366 ) ;
#1967 = CARTESIAN_POINT ( 'NONE',  ( 2.086322874286545392, -19.99999999999999645, 18.73212498679405513 ) ) ;
#1968 = DIRECTION ( 'NONE',  ( 0.000000000000000000, 1.000000000000000000, 0.000000000000000000 ) ) ;
#1969 = ADVANCED_FACE ( 'NONE', ( #3213 ), #2385, .T. ) ;
#1970 = ORIENTED_EDGE ( 'NONE', *, *, #1283, .T. ) ;
#1971 = DIRECTION ( 'NONE',  ( 0.000000000000000000, 0.000000000000000000, -1.000000000000000000 ) ) ;
#1972 = LINE ( 'NONE', #2834, #1993 ) ;
#1973 = DIRECTION ( 'NONE',  ( 0.000000000000000000, -1.000000000000000000, 0.000000000000000000 ) ) ;
#1974 = AXIS2_PLACEMENT_3D ( 'NONE', #3121, #386, #697 ) ;
#1975 = ADVANCED_FACE ( 'NONE', ( #2053 ), #2032, .F. ) ;
#1976 = AXIS2_PLACEMENT_3D ( 'NONE', #966, #440, #2083 ) ;
#1977 = CYLINDRICAL_SURFACE ( 'NONE', #1590, 1.475000000000002309 ) ;
#1978 = ORIENTED_EDGE ( 'NONE', *, *, #708, .F. ) ;
#1979 = FACE_BOUND ( 'NONE', #1801, .T. ) ;
#1980 = AXIS2_PLACEMENT_3D ( 'NONE', #3211, #1167, #1492 ) ;
#1981 = EDGE_CURVE ( 'NONE', #2079, #2692, #3050, .T. ) ;
#1982 = ORIENTED_EDGE ( 'NONE', *, *, #1387, .F. ) ;
#1983 = DIRECTION ( 'NONE',  ( 0.000000000000000000, 1.000000000000000000, 0.000000000000000000 ) ) ;
#1984 = EDGE_CURVE ( 'NONE', #299, #316, #904, .T. ) ;
#1985 = VERTEX_POINT ( 'NONE', #1168 ) ;
#1986 = LINE ( 'NONE', #346, #1676 ) ;
#1987 = CYLINDRICAL_SURFACE ( 'NONE', #3455, 1.475000000000000533 ) ;
#1988 = VECTOR ( 'NONE', #1783, 1000.000000000000000 ) ;
#1989 = CIRCLE ( 'NONE', #3157, 1.475000000000002309 ) ;
#1990 = CARTESIAN_POINT ( 'NONE',  ( 16.47510224186894590, -15.09693798741839998, 21.13981386036945054 ) ) ;
#1991 = DIRECTION ( 'NONE',  ( 1.000000000000000000, 0.000000000000000000, 0.000000000000000000 ) ) ;
#1992 = FACE_OUTER_BOUND ( 'NONE', #1645, .T. ) ;
#1993 = VECTOR ( 'NONE', #306, 1000.000000000000000 ) ;
#1994 = ORIENTED_EDGE ( 'NONE', *, *, #1083, .T. ) ;
#1995 = CARTESIAN_POINT ( 'NONE',  ( 25.00000000000000000, -16.47499999999999787, 40.00000000000000000 ) ) ;
#1996 = AXIS2_PLACEMENT_3D ( 'NONE', #1780, #2897, #1495 ) ;
#1997 = ORIENTED_EDGE ( 'NONE', *, *, #638, .T. ) ;
#1998 = CARTESIAN_POINT ( 'NONE',  ( 14.44657589018180666, -13.61846843932718620, 18.89096729983728551 ) ) ;
#1999 = CARTESIAN_POINT ( 'NONE',  ( 25.00000000000000000, -13.52499999999999325, 40.00000000000000000 ) ) ;
#2000 = VERTEX_POINT ( 'NONE', #2597 ) ;
#2001 = CYLINDRICAL_SURFACE ( 'NONE', #1974, 18.59999999999999787 ) ;
#2002 = LINE ( 'NONE', #3104, #1451 ) ;
#2003 = DIRECTION ( 'NONE',  ( 1.000000000000000000, 0.000000000000000000, 0.000000000000000000 ) ) ;
#2004 = CARTESIAN_POINT ( 'NONE',  ( -7.807427890948355653, -16.99999999999999645, 36.52286178355296187 ) ) ;
#2005 = CARTESIAN_POINT ( 'NONE',  ( -7.750000000000156319, -16.99999999999999645, 6.576606241341290904 ) ) ;
#2006 = EDGE_LOOP ( 'NONE', ( #2319, #42, #2415, #2505, #3440 ) ) ;
#2007 = DIRECTION ( 'NONE',  ( 0.000000000000000000, -1.000000000000000000, 0.000000000000000000 ) ) ;
#2008 = EDGE_LOOP ( 'NONE', ( #2957, #271 ) ) ;
#2009 = ADVANCED_FACE ( 'NONE', ( #3175 ), #2110, .F. ) ;
#2010 = VERTEX_POINT ( 'NONE', #1821 ) ;
#2011 = CARTESIAN_POINT ( 'NONE',  ( -25.00000000000000000, -4.999999999999995559, 40.00000000000000000 ) ) ;
#2012 = CARTESIAN_POINT ( 'NONE',  ( -16.42648255058337980, -14.61236035461393534, 21.17993566119856297 ) ) ;
#2013 = ORIENTED_EDGE ( 'NONE', *, *, #1808, .T. ) ;
#2014 = DIRECTION ( 'NONE',  ( 0.000000000000000000, -1.000000000000000000, 0.000000000000000000 ) ) ;
#2015 = CARTESIAN_POINT ( 'NONE',  ( 15.18938333980521094, -13.53393456186494070, 18.52930634286082423 ) ) ;
#2016 = DIRECTION ( 'NONE',  ( 0.000000000000000000, -1.000000000000000000, 0.000000000000000000 ) ) ;
#2017 = DIRECTION ( 'NONE',  ( 0.000000000000000000, 1.000000000000000000, 0.000000000000000000 ) ) ;
#2018 = EDGE_CURVE ( 'NONE', #2775, #360, #3429, .T. ) ;
#2019 = CARTESIAN_POINT ( 'NONE',  ( 15.38161042357836727, -16.42812648944013532, 21.49845378276065588 ) ) ;
#2020 = CARTESIAN_POINT ( 'NONE',  ( -6.450961894323307355, -16.79999999999999716, 34.17339375865881124 ) ) ;
#2021 = EDGE_CURVE ( 'NONE', #695, #177, #1254, .T. ) ;
#2022 = VERTEX_POINT ( 'NONE', #3155 ) ;
#2023 = DIRECTION ( 'NONE',  ( 0.000000000000000000, 1.000000000000000000, 0.000000000000000000 ) ) ;
#2024 = AXIS2_PLACEMENT_3D ( 'NONE', #3247, #2339, #925 ) ;
#2025 = ORIENTED_EDGE ( 'NONE', *, *, #1808, .F. ) ;
#2026 = FACE_OUTER_BOUND ( 'NONE', #3303, .T. ) ;
#2027 = DIRECTION ( 'NONE',  ( 0.000000000000000000, 1.000000000000000000, 0.000000000000000000 ) ) ;
#2028 = ORIENTED_EDGE ( 'NONE', *, *, #873, .F. ) ;
#2029 = ORIENTED_EDGE ( 'NONE', *, *, #223, .T. ) ;
#2030 = DIRECTION ( 'NONE',  ( 0.000000000000000000, 1.000000000000000000, 0.000000000000000000 ) ) ;
#2031 = CARTESIAN_POINT ( 'NONE',  ( 16.47500357585740005, -15.09778991441982754, 18.86010174704606612 ) ) ;
#2032 = PLANE ( 'NONE',  #3344 ) ;
#2033 = DIRECTION ( 'NONE',  ( 0.5000000000000102141, 0.000000000000000000, 0.8660254037844327124 ) ) ;
#2034 = CARTESIAN_POINT ( 'NONE',  ( 7.750000000000062172, -16.99999999999999645, 33.42339375865876150 ) ) ;
#2035 = DIRECTION ( 'NONE',  ( 1.000000000000000000, 0.000000000000000000, 0.000000000000000000 ) ) ;
#2036 = EDGE_CURVE ( 'NONE', #2594, #3317, #2559, .T. ) ;
#2037 = VECTOR ( 'NONE', #1973, 1000.000000000000000 ) ;
#2038 = LINE ( 'NONE', #2253, #3330 ) ;
#2039 = ORIENTED_EDGE ( 'NONE', *, *, #1882, .F. ) ;
#2040 = DIRECTION ( 'NONE',  ( 0.000000000000000000, 1.000000000000000000, 0.000000000000000000 ) ) ;
#2041 = AXIS2_PLACEMENT_3D ( 'NONE', #821, #2774, #1968 ) ;
#2042 = EDGE_CURVE ( 'NONE', #1570, #2480, #158, .T. ) ;
#2043 = AXIS2_PLACEMENT_3D ( 'NONE', #1897, #2718, #147 ) ;
#2044 = ORIENTED_EDGE ( 'NONE', *, *, #1369, .F. ) ;
#2045 = FACE_OUTER_BOUND ( 'NONE', #2060, .T. ) ;
#2046 = CARTESIAN_POINT ( 'NONE',  ( -15.47793425245921917, -13.60110606035487990, 21.50259387528134525 ) ) ;
#2047 = ORIENTED_EDGE ( 'NONE', *, *, #1285, .T. ) ;
#2048 = AXIS2_PLACEMENT_3D ( 'NONE', #180, #233, #3277 ) ;
#2049 = EDGE_LOOP ( 'NONE', ( #399, #2490, #3227, #480 ) ) ;
#2050 = AXIS2_PLACEMENT_3D ( 'NONE', #1053, #2636, #2061 ) ;
#2051 = FACE_OUTER_BOUND ( 'NONE', #1838, .T. ) ;
#2052 = CARTESIAN_POINT ( 'NONE',  ( -25.00000000000000000, -4.999999999999995559, 40.00000000000000000 ) ) ;
#2053 = FACE_OUTER_BOUND ( 'NONE', #3203, .T. ) ;
#2054 = CARTESIAN_POINT ( 'NONE',  ( 25.00000000000000000, -4.999999999999995559, 0.000000000000000000 ) ) ;
#2055 = CARTESIAN_POINT ( 'NONE',  ( -7.749999999999968914, 20.00000000000000355, 33.42339375865881124 ) ) ;
#2056 = CARTESIAN_POINT ( 'NONE',  ( -15.50000000000000000, -16.79999999999999716, 20.00000000000000000 ) ) ;
#2057 = DIRECTION ( 'NONE',  ( 0.000000000000000000, 0.000000000000000000, -1.000000000000000000 ) ) ;
#2058 = ORIENTED_EDGE ( 'NONE', *, *, #2094, .T. ) ;
#2059 = CARTESIAN_POINT ( 'NONE',  ( 4.650000000000061640, -16.99999999999999645, 33.42339375865876150 ) ) ;
#2060 = EDGE_LOOP ( 'NONE', ( #615, #202, #1807, #1281 ) ) ;
#2061 = DIRECTION ( 'NONE',  ( -1.000000000000000000, 0.000000000000000000, 0.000000000000000000 ) ) ;
#2062 = ORIENTED_EDGE ( 'NONE', *, *, #3123, .T. ) ;
#2063 = DIRECTION ( 'NONE',  ( -0.000000000000000000, 0.000000000000000000, -1.000000000000000000 ) ) ;
#2064 = CARTESIAN_POINT ( 'NONE',  ( -16.46507581447574964, -14.80335356694791749, 21.14858467403042042 ) ) ;
#2065 = ORIENTED_EDGE ( 'NONE', *, *, #3109, .T. ) ;
#2066 = CARTESIAN_POINT ( 'NONE',  ( -7.749999999999968914, -16.80000000000000071, 33.42339375865881124 ) ) ;
#2067 = CARTESIAN_POINT ( 'NONE',  ( -16.47498932610913513, -15.09979924895208647, 18.86008955870568826 ) ) ;
#2068 = EDGE_CURVE ( 'NONE', #3306, #3323, #1989, .T. ) ;
#2069 = DIRECTION ( 'NONE',  ( -1.000000000000000000, 0.000000000000000000, 0.000000000000000000 ) ) ;
#2070 = DIRECTION ( 'NONE',  ( -1.000000000000000000, 0.000000000000000000, -0.000000000000000000 ) ) ;
#2071 = ORIENTED_EDGE ( 'NONE', *, *, #47, .T. ) ;
#2072 = CARTESIAN_POINT ( 'NONE',  ( 7.807427890948473781, -16.80000000000000071, 36.52286178355291213 ) ) ;
#2073 = EDGE_CURVE ( 'NONE', #3527, #275, #389, .T. ) ;
#2074 = DIRECTION ( 'NONE',  ( 0.000000000000000000, -1.000000000000000000, 0.000000000000000000 ) ) ;
#2075 = EDGE_CURVE ( 'NONE', #2010, #1686, #847, .T. ) ;
#2076 = DIRECTION ( 'NONE',  ( 1.000000000000000000, 0.000000000000000000, 0.000000000000000000 ) ) ;
#2077 = ORIENTED_EDGE ( 'NONE', *, *, #2036, .F. ) ;
#2078 = DIRECTION ( 'NONE',  ( 0.000000000000000000, -1.000000000000000000, 0.000000000000000000 ) ) ;
#2079 = VERTEX_POINT ( 'NONE', #326 ) ;
#2080 = AXIS2_PLACEMENT_3D ( 'NONE', #2034, #55, #1460 ) ;
#2081 = LINE ( 'NONE', #377, #2519 ) ;
#2082 = ORIENTED_EDGE ( 'NONE', *, *, #2236, .F. ) ;
#2083 = DIRECTION ( 'NONE',  ( -0.5000000000000101030, -0.000000000000000000, -0.8660254037844328234 ) ) ;
#2084 = CARTESIAN_POINT ( 'NONE',  ( -25.00000000000000000, -4.999999999999995559, 0.000000000000000000 ) ) ;
#2085 = ORIENTED_EDGE ( 'NONE', *, *, #3418, .T. ) ;
#2086 = CIRCLE ( 'NONE', #2544, 3.100000000000003642 ) ;
#2087 = AXIS2_PLACEMENT_3D ( 'NONE', #514, #2770, #2732 ) ;
#2088 = ORIENTED_EDGE ( 'NONE', *, *, #393, .F. ) ;
#2089 = CARTESIAN_POINT ( 'NONE',  ( -6.250000000000154543, 20.00000000000000355, 6.576606241341290904 ) ) ;
#2090 = CARTESIAN_POINT ( 'NONE',  ( -16.18141800516761464, -14.09667114130391852, 18.65600415575849880 ) ) ;
#2091 = CARTESIAN_POINT ( 'NONE',  ( -18.21293199325010903, -16.80000000000000071, 18.50000000000000000 ) ) ;
#2092 = LINE ( 'NONE', #699, #2407 ) ;
#2093 = AXIS2_PLACEMENT_3D ( 'NONE', #3385, #1713, #2564 ) ;
#2094 = EDGE_CURVE ( 'NONE', #2716, #1215, #1457, .T. ) ;
#2095 = ORIENTED_EDGE ( 'NONE', *, *, #3644, .T. ) ;
#2096 = DIRECTION ( 'NONE',  ( 1.000000000000000000, 0.000000000000000000, 0.000000000000000000 ) ) ;
#2097 = DIRECTION ( 'NONE',  ( 0.000000000000000000, 1.000000000000000000, 0.000000000000000000 ) ) ;
#2098 = DIRECTION ( 'NONE',  ( 0.5000000000000039968, 0.000000000000000000, 0.8660254037844363761 ) ) ;
#2099 = ORIENTED_EDGE ( 'NONE', *, *, #1776, .F. ) ;
#2100 = EDGE_LOOP ( 'NONE', ( #2138, #2885, #1937, #481, #2929, #2484, #1452, #1770 ) ) ;
#2101 = CIRCLE ( 'NONE', #2328, 1.475000000000000533 ) ;
#2102 = CARTESIAN_POINT ( 'NONE',  ( 15.50000000000000000, -12.99999999999999822, 20.00000000000000000 ) ) ;
#2103 = EDGE_LOOP ( 'NONE', ( #1997, #2915 ) ) ;
#2104 = CARTESIAN_POINT ( 'NONE',  ( -6.249999999999967137, 20.00000000000000355, 33.42339375865881124 ) ) ;
#2105 = DIRECTION ( 'NONE',  ( -0.000000000000000000, -1.000000000000000000, -0.000000000000000000 ) ) ;
#2106 = ORIENTED_EDGE ( 'NONE', *, *, #2305, .F. ) ;
#2107 = ORIENTED_EDGE ( 'NONE', *, *, #6, .F. ) ;
#2108 = DIRECTION ( 'NONE',  ( 0.000000000000000000, 1.000000000000000000, 0.000000000000000000 ) ) ;
#2109 = DIRECTION ( 'NONE',  ( 0.000000000000000000, 1.000000000000000000, 0.000000000000000000 ) ) ;
#2110 = CYLINDRICAL_SURFACE ( 'NONE', #798, 1.475000000000002309 ) ;
#2111 = CARTESIAN_POINT ( 'NONE',  ( -2.086322874286540507, -19.99999999999999645, 18.73212498679405869 ) ) ;
#2112 = CIRCLE ( 'NONE', #1946, 3.100000000000003197 ) ;
#2113 = EDGE_LOOP ( 'NONE', ( #579, #1356 ) ) ;
#2114 = CARTESIAN_POINT ( 'NONE',  ( 7.749999999999874767, -12.99999999999999822, 6.576606241341130143 ) ) ;
#2115 = DIRECTION ( 'NONE',  ( 0.000000000000000000, -1.000000000000000000, 0.000000000000000000 ) ) ;
#2116 = AXIS2_PLACEMENT_3D ( 'NONE', #1348, #1592, #2237 ) ;
#2117 = CARTESIAN_POINT ( 'NONE',  ( 14.99999999999999822, -13.52499999999999325, 40.00000000000000000 ) ) ;
#2118 = ORIENTED_EDGE ( 'NONE', *, *, #774, .F. ) ;
#2119 = ORIENTED_EDGE ( 'NONE', *, *, #2823, .F. ) ;
#2120 = APPLICATION_CONTEXT ( 'automotive_design' ) ;
#2121 = DIRECTION ( 'NONE',  ( -0.000000000000000000, 0.000000000000000000, -1.000000000000000000 ) ) ;
#2122 = ORIENTED_EDGE ( 'NONE', *, *, #1945, .T. ) ;
#2123 = CARTESIAN_POINT ( 'NONE',  ( 25.00000000000000000, 3.525000000000002576, 0.000000000000000000 ) ) ;
#2124 = CARTESIAN_POINT ( 'NONE',  ( 25.00000000000000000, 15.00000000000000355, 40.00000000000000000 ) ) ;
#2125 = VERTEX_POINT ( 'NONE', #3548 ) ;
#2126 = VERTEX_POINT ( 'NONE', #501 ) ;
#2127 = DIRECTION ( 'NONE',  ( 0.4999999999999919509, 0.000000000000000000, -0.8660254037844432595 ) ) ;
#2128 = DIRECTION ( 'NONE',  ( 1.000000000000000000, 0.000000000000000000, 0.000000000000000000 ) ) ;
#2129 = FACE_OUTER_BOUND ( 'NONE', #357, .T. ) ;
#2130 = VERTEX_POINT ( 'NONE', #3272 ) ;
#2131 =( NAMED_UNIT ( * ) SI_UNIT ( $, .STERADIAN. ) SOLID_ANGLE_UNIT ( ) );
#2132 = DIRECTION ( 'NONE',  ( 0.000000000000000000, -1.000000000000000000, 0.000000000000000000 ) ) ;
#2133 = EDGE_CURVE ( 'NONE', #28, #3051, #1600, .T. ) ;
#2134 = LINE ( 'NONE', #2352, #2215 ) ;
#2135 = EDGE_LOOP ( 'NONE', ( #923, #1535 ) ) ;
#2136 = EDGE_CURVE ( 'NONE', #1914, #1109, #1079, .T. ) ;
#2137 = CYLINDRICAL_SURFACE ( 'NONE', #2344, 3.100000000000001865 ) ;
#2138 = ORIENTED_EDGE ( 'NONE', *, *, #1285, .F. ) ;
#2139 = DIRECTION ( 'NONE',  ( 0.4999999999999979461, 0.000000000000000000, -0.8660254037844397068 ) ) ;
#2140 = EDGE_CURVE ( 'NONE', #2783, #2775, #2986, .T. ) ;
#2141 = CARTESIAN_POINT ( 'NONE',  ( -7.750000000000156319, 20.00000000000000355, 6.576606241341290904 ) ) ;
#2142 = ORIENTED_EDGE ( 'NONE', *, *, #1373, .F. ) ;
#2143 = ORIENTED_EDGE ( 'NONE', *, *, #1065, .T. ) ;
#2144 = LINE ( 'NONE', #1839, #2387 ) ;
#2145 = AXIS2_PLACEMENT_3D ( 'NONE', #977, #2369, #3533 ) ;
#2146 = DIRECTION ( 'NONE',  ( 0.000000000000000000, -1.000000000000000000, 0.000000000000000000 ) ) ;
#2147 = DIRECTION ( 'NONE',  ( 0.000000000000000000, -1.000000000000000000, 0.000000000000000000 ) ) ;
#2148 = CIRCLE ( 'NONE', #662, 1.500000000000001332 ) ;
#2149 = EDGE_LOOP ( 'NONE', ( #116, #1759, #2262, #2658, #1909, #1249, #319, #2650, #2720 ) ) ;
#2150 = DIRECTION ( 'NONE',  ( 0.000000000000000000, -1.000000000000000000, 0.000000000000000000 ) ) ;
#2151 = CARTESIAN_POINT ( 'NONE',  ( 25.00000000000000000, 3.525000000000002576, 40.00000000000000000 ) ) ;
#2152 = CIRCLE ( 'NONE', #2613, 1.475000000000001865 ) ;
#2153 = VECTOR ( 'NONE', #526, 1000.000000000000000 ) ;
#2154 = CYLINDRICAL_SURFACE ( 'NONE', #3294, 1.475000000000002309 ) ;
#2155 = ORIENTED_EDGE ( 'NONE', *, *, #1311, .F. ) ;
#2156 = VERTEX_POINT ( 'NONE', #258 ) ;
#2157 = CARTESIAN_POINT ( 'NONE',  ( -14.36111589851864423, -13.66683774452283906, 19.01235753718258792 ) ) ;
#2158 = CARTESIAN_POINT ( 'NONE',  ( 5.094495897698177345, -16.80000000000000071, 8.176074266235303867 ) ) ;
#2159 = AXIS2_PLACEMENT_3D ( 'NONE', #1830, #2944, #2961 ) ;
#2160 = VERTEX_POINT ( 'NONE', #1956 ) ;
#2161 = AXIS2_PLACEMENT_3D ( 'NONE', #3491, #957, #2097 ) ;
#2162 = ORIENTED_EDGE ( 'NONE', *, *, #78, .T. ) ;
#2163 = DIRECTION ( 'NONE',  ( 0.000000000000000000, 1.000000000000000000, 0.000000000000000000 ) ) ;
#2164 = DIRECTION ( 'NONE',  ( -0.4999999999999920619, 0.000000000000000000, 0.8660254037844432595 ) ) ;
#2165 = LINE ( 'NONE', #2723, #2810 ) ;
#2166 = CIRCLE ( 'NONE', #2761, 3.100000000000001865 ) ;
#2167 = EDGE_CURVE ( 'NONE', #1788, #1305, #1395, .T. ) ;
#2168 = ORIENTED_EDGE ( 'NONE', *, *, #1119, .F. ) ;
#2169 = AXIS2_PLACEMENT_3D ( 'NONE', #262, #1390, #3365 ) ;
#2170 = CARTESIAN_POINT ( 'NONE',  ( 7.750000000000062172, -16.99999999999999645, 33.42339375865876150 ) ) ;
#2171 = CYLINDRICAL_SURFACE ( 'NONE', #795, 3.100000000000001865 ) ;
#2172 = AXIS2_PLACEMENT_3D ( 'NONE', #1337, #175, #2977 ) ;
#2173 = ORIENTED_EDGE ( 'NONE', *, *, #1921, .F. ) ;
#2174 = EDGE_LOOP ( 'NONE', ( #3288, #765, #255, #2749, #1534 ) ) ;
#2175 = CARTESIAN_POINT ( 'NONE',  ( 14.18825366092023188, -16.23551372783817115, 19.25725539633961958 ) ) ;
#2176 = DIRECTION ( 'NONE',  ( -1.000000000000000000, 0.000000000000000000, 3.297332158810721468E-15 ) ) ;
#2177 = ORIENTED_EDGE ( 'NONE', *, *, #638, .F. ) ;
#2178 = EDGE_CURVE ( 'NONE', #3376, #1063, #2511, .T. ) ;
#2179 = VERTEX_POINT ( 'NONE', #1146 ) ;
#2180 = CARTESIAN_POINT ( 'NONE',  ( 25.00000000000000000, -14.99999999999999645, 0.000000000000000000 ) ) ;
#2181 = CARTESIAN_POINT ( 'NONE',  ( -7.750000000000156319, -16.99999999999999645, 6.576606241341290904 ) ) ;
#2182 = CARTESIAN_POINT ( 'NONE',  ( 25.00000000000000000, 6.475000000000006750, 0.000000000000000000 ) ) ;
#2183 = EDGE_CURVE ( 'NONE', #2475, #2684, #2244, .T. ) ;
#2184 = ORIENTED_EDGE ( 'NONE', *, *, #61, .T. ) ;
#2185 = DIRECTION ( 'NONE',  ( 0.000000000000000000, -1.000000000000000000, 0.000000000000000000 ) ) ;
#2186 = CARTESIAN_POINT ( 'NONE',  ( 14.99999999999999822, -16.47499999999999787, 40.00000000000000000 ) ) ;
#2187 = DIRECTION ( 'NONE',  ( 0.000000000000000000, 1.000000000000000000, 0.000000000000000000 ) ) ;
#2188 = EDGE_LOOP ( 'NONE', ( #390, #2539, #1024, #2331, #3628, #7, #2570, #3363, #1994, #1982 ) ) ;
#2189 = EDGE_CURVE ( 'NONE', #2422, #2125, #2862, .T. ) ;
#2190 = CARTESIAN_POINT ( 'NONE',  ( -5.094495897698260833, -16.80000000000000071, 31.82392573376466416 ) ) ;
#2191 = CARTESIAN_POINT ( 'NONE',  ( 14.99999999999999822, -13.52499999999999325, 21.41421356237309226 ) ) ;
#2192 = LINE ( 'NONE', #1680, #848 ) ;
#2193 = ORIENTED_EDGE ( 'NONE', *, *, #1646, .T. ) ;
#2194 = VERTEX_POINT ( 'NONE', #1372 ) ;
#2195 = DIRECTION ( 'NONE',  ( -0.5000000000000039968, -0.000000000000000000, -0.8660254037844363761 ) ) ;
#2196 = CARTESIAN_POINT ( 'NONE',  ( 7.750000000000062172, -16.79999999999999716, 33.42339375865876150 ) ) ;
#2197 = EDGE_CURVE ( 'NONE', #2258, #1966, #2701, .T. ) ;
#2198 = CIRCLE ( 'NONE', #2493, 3.100000000000000977 ) ;
#2199 = ORIENTED_EDGE ( 'NONE', *, *, #2042, .F. ) ;
#2200 = CARTESIAN_POINT ( 'NONE',  ( -6.450961894323504531, -16.79999999999999716, 5.826606241341274917 ) ) ;
#2201 = EDGE_CURVE ( 'NONE', #1966, #2258, #619, .T. ) ;
#2202 = CARTESIAN_POINT ( 'NONE',  ( 10.84999999999987708, -16.99999999999999645, 6.576606241341130143 ) ) ;
#2203 = AXIS2_PLACEMENT_3D ( 'NONE', #3505, #759, #3011 ) ;
#2204 = DIRECTION ( 'NONE',  ( 0.000000000000000000, -1.000000000000000000, 0.000000000000000000 ) ) ;
#2205 = ORIENTED_EDGE ( 'NONE', *, *, #246, .T. ) ;
#2206 = AXIS2_PLACEMENT_3D ( 'NONE', #93, #2881, #2560 ) ;
#2207 = CARTESIAN_POINT ( 'NONE',  ( -25.00000000000000000, 5.000000000000004441, 40.00000000000000000 ) ) ;
#2208 = DIRECTION ( 'NONE',  ( -0.000000000000000000, 1.000000000000000000, -0.000000000000000000 ) ) ;
#2209 = DIRECTION ( 'NONE',  ( 0.9396926207859109814, 0.000000000000000000, 0.3420201433256616630 ) ) ;
#2210 = ORIENTED_EDGE ( 'NONE', *, *, #1581, .T. ) ;
#2211 = ADVANCED_FACE ( 'NONE', ( #3630 ), #3070, .F. ) ;
#2212 = ORIENTED_EDGE ( 'NONE', *, *, #3362, .F. ) ;
#2213 = CARTESIAN_POINT ( 'NONE',  ( -13.99999999999952038, -13.91573757788573573, 19.99999999999417710 ) ) ;
#2214 = CARTESIAN_POINT ( 'NONE',  ( -25.00000000000000000, 15.00000000000000355, 40.00000000000000000 ) ) ;
#2215 = VECTOR ( 'NONE', #3178, 1000.000000000000000 ) ;
#2216 = EDGE_LOOP ( 'NONE', ( #339, #590 ) ) ;
#2217 = AXIS2_PLACEMENT_3D ( 'NONE', #2918, #1841, #409 ) ;
#2218 = PLANE ( 'NONE',  #1039 ) ;
#2219 = AXIS2_PLACEMENT_3D ( 'NONE', #2572, #594, #2340 ) ;
#2220 = EDGE_CURVE ( 'NONE', #1966, #24, #2261, .T. ) ;
#2221 = CIRCLE ( 'NONE', #1944, 1.475000000000000533 ) ;
#2222 = AXIS2_PLACEMENT_3D ( 'NONE', #3531, #1842, #2033 ) ;
#2223 = FACE_BOUND ( 'NONE', #1469, .T. ) ;
#2224 = EDGE_CURVE ( 'NONE', #649, #1593, #3646, .T. ) ;
#2225 = ORIENTED_EDGE ( 'NONE', *, *, #3384, .T. ) ;
#2226 = DIRECTION ( 'NONE',  ( -8.673617379884035472E-17, -1.000000000000000000, 0.000000000000000000 ) ) ;
#2227 = ORIENTED_EDGE ( 'NONE', *, *, #1153, .T. ) ;
#2228 = CIRCLE ( 'NONE', #3528, 3.100000000000003197 ) ;
#2229 = ORIENTED_EDGE ( 'NONE', *, *, #1392, .T. ) ;
#2230 = EDGE_CURVE ( 'NONE', #3592, #2457, #9, .T. ) ;
#2231 = DIRECTION ( 'NONE',  ( 0.000000000000000000, 1.000000000000000000, 0.000000000000000000 ) ) ;
#2232 = CARTESIAN_POINT ( 'NONE',  ( -30.00000000000000000, 20.00000000000000355, 0.000000000000000000 ) ) ;
#2233 = ORIENTED_EDGE ( 'NONE', *, *, #621, .F. ) ;
#2234 = DIRECTION ( 'NONE',  ( -0.000000000000000000, 0.000000000000000000, -1.000000000000000000 ) ) ;
#2235 = LINE ( 'NONE', #3420, #1135 ) ;
#2236 = EDGE_CURVE ( 'NONE', #3317, #2022, #3391, .T. ) ;
#2237 = DIRECTION ( 'NONE',  ( 1.000000000000000000, 0.000000000000000000, 0.000000000000000000 ) ) ;
#2238 = ORIENTED_EDGE ( 'NONE', *, *, #1800, .F. ) ;
#2239 = LINE ( 'NONE', #3047, #2401 ) ;
#2240 = ORIENTED_EDGE ( 'NONE', *, *, #2189, .F. ) ;
#2241 = ADVANCED_FACE ( 'NONE', ( #2850 ), #1247, .F. ) ;
#2242 = ORIENTED_EDGE ( 'NONE', *, *, #3192, .T. ) ;
#2243 = LINE ( 'NONE', #2295, #2251 ) ;
#2244 = LINE ( 'NONE', #1670, #1753 ) ;
#2245 = PRODUCT_DEFINITION_CONTEXT ( 'detailed design', #1407, 'design' ) ;
#2246 = ORIENTED_EDGE ( 'NONE', *, *, #441, .T. ) ;
#2247 = DIRECTION ( 'NONE',  ( -0.5000000000000038858, 0.000000000000000000, -0.8660254037844363761 ) ) ;
#2248 = CARTESIAN_POINT ( 'NONE',  ( -25.00000000000000000, 15.00000000000000355, 40.00000000000000000 ) ) ;
#2249 = DIRECTION ( 'NONE',  ( 0.8660254037844328234, 0.000000000000000000, -0.5000000000000101030 ) ) ;
#2250 = AXIS2_PLACEMENT_3D ( 'NONE', #3101, #565, #1705 ) ;
#2251 = VECTOR ( 'NONE', #318, 1000.000000000000000 ) ;
#2252 = FACE_BOUND ( 'NONE', #120, .T. ) ;
#2253 = CARTESIAN_POINT ( 'NONE',  ( 2.180690873395531693, -12.99999999999999822, 39.00000000000000000 ) ) ;
#2254 = FACE_BOUND ( 'NONE', #2008, .T. ) ;
#2255 = EDGE_LOOP ( 'NONE', ( #1208, #2193 ) ) ;
#2256 = VECTOR ( 'NONE', #1613, 1000.000000000000000 ) ;
#2257 = AXIS2_PLACEMENT_3D ( 'NONE', #874, #35, #17 ) ;
#2258 = VERTEX_POINT ( 'NONE', #2378 ) ;
#2259 = LINE ( 'NONE', #2279, #1256 ) ;
#2260 = ADVANCED_FACE ( 'NONE', ( #1814 ), #1790, .T. ) ;
#2261 = LINE ( 'NONE', #3119, #3631 ) ;
#2262 = ORIENTED_EDGE ( 'NONE', *, *, #2634, .T. ) ;
#2263 = ORIENTED_EDGE ( 'NONE', *, *, #2575, .T. ) ;
#2264 = CARTESIAN_POINT ( 'NONE',  ( 9.250000000000063949, -12.99999999999999822, 33.42339375865876150 ) ) ;
#2265 = FACE_BOUND ( 'NONE', #2852, .T. ) ;
#2266 = AXIS2_PLACEMENT_3D ( 'NONE', #2764, #1358, #1585 ) ;
#2267 = DIRECTION ( 'NONE',  ( 0.3420201433256634393, 0.000000000000000000, 0.9396926207859103153 ) ) ;
#2268 = EDGE_CURVE ( 'NONE', #1228, #1697, #2807, .T. ) ;
#2269 = CARTESIAN_POINT ( 'NONE',  ( 15.18989734115308110, -16.46598457872081767, 21.47078760256234631 ) ) ;
#2270 = VECTOR ( 'NONE', #2616, 1000.000000000000000 ) ;
#2271 = LINE ( 'NONE', #1396, #400 ) ;
#2272 = FACE_OUTER_BOUND ( 'NONE', #3015, .T. ) ;
#2273 = AXIS2_PLACEMENT_3D ( 'NONE', #252, #1963, #3595 ) ;
#2274 = VERTEX_POINT ( 'NONE', #3151 ) ;
#2275 = CARTESIAN_POINT ( 'NONE',  ( 18.21293199325010903, -16.80000000000000071, 18.50000000000000000 ) ) ;
#2276 = ORIENTED_EDGE ( 'NONE', *, *, #506, .F. ) ;
#2277 = VECTOR ( 'NONE', #410, 1000.000000000000000 ) ;
#2278 = EDGE_LOOP ( 'NONE', ( #540, #2494 ) ) ;
#2279 = CARTESIAN_POINT ( 'NONE',  ( 0.5260990984306863627, -12.99999999999999822, 19.30000000000000071 ) ) ;
#2280 = AXIS2_PLACEMENT_3D ( 'NONE', #3605, #2413, #1303 ) ;
#2281 = ADVANCED_FACE ( 'NONE', ( #1165 ), #1205, .F. ) ;
#2282 = ORIENTED_EDGE ( 'NONE', *, *, #2356, .F. ) ;
#2283 = FACE_OUTER_BOUND ( 'NONE', #3503, .T. ) ;
#2284 = CARTESIAN_POINT ( 'NONE',  ( 15.18580304692495453, -16.47500000000000497, 18.52009514040401683 ) ) ;
#2285 = DIRECTION ( 'NONE',  ( -1.000000000000000000, 0.000000000000000000, 0.000000000000000000 ) ) ;
#2286 = B_SPLINE_CURVE_WITH_KNOTS ( 'NONE', 3,
 ( #868, #2296, #902, #1468, #3426, #1736, #926, #2931, #885, #1449, #3169, #2660, #2874, #2592, #2913, #635, #2064, #2012, #613, #3481, #3185, #64, #404, #1533, #1181, #2317, #126, #2046, #2680, #442, #990, #2419 ),
 .UNSPECIFIED., .F., .F.,
 ( 4, 2, 2, 2, 2, 2, 2, 2, 2, 2, 2, 2, 2, 2, 2, 4 ),
 ( 0.01222475898249797063, 0.01251757748634779732, 0.01281039599019762401, 0.01339603299789727565, 0.01368885150174710408, 0.01398167000559693424, 0.01427448850944677133, 0.01456730701329660843, 0.01486012551714644726, 0.01515294402099628436, 0.01544576252484612319, 0.01573858102869596029, 0.01603139953254579739, 0.01632421803639563448, 0.01661703654024546811, 0.01690985504409530174 ),
 .UNSPECIFIED. ) ;
#2287 = EDGE_CURVE ( 'NONE', #1089, #2314, #2166, .T. ) ;
#2288 = DIRECTION ( 'NONE',  ( -0.9396926207859103153, 0.000000000000000000, 0.3420201433256634393 ) ) ;
#2289 = DIRECTION ( 'NONE',  ( 1.000000000000000000, 0.000000000000000000, 0.000000000000000000 ) ) ;
#2290 = CARTESIAN_POINT ( 'NONE',  ( -6.100000000000001421, -12.99999999999999822, 13.00000000000000178 ) ) ;
#2291 = DIRECTION ( 'NONE',  ( 1.000000000000000000, 0.000000000000000000, 0.000000000000000000 ) ) ;
#2292 = EDGE_LOOP ( 'NONE', ( #790, #2062, #755, #2044 ) ) ;
#2293 = DIRECTION ( 'NONE',  ( 1.000000000000000000, 0.000000000000000000, 0.000000000000000000 ) ) ;
#2294 = ORIENTED_EDGE ( 'NONE', *, *, #320, .T. ) ;
#2295 = CARTESIAN_POINT ( 'NONE',  ( -7.807427890948584803, -16.80000000000000071, 3.477138216447146046 ) ) ;
#2296 = CARTESIAN_POINT ( 'NONE',  ( -15.09389043795741614, -16.47499999999999787, 21.44740884505722889 ) ) ;
#2297 = ORIENTED_EDGE ( 'NONE', *, *, #1622, .T. ) ;
#2298 = CARTESIAN_POINT ( 'NONE',  ( -7.749999999999968914, -16.79999999999999716, 33.42339375865881124 ) ) ;
#2299 = CARTESIAN_POINT ( 'NONE',  ( 15.09413088737735364, -13.52499999999999680, 18.55250614323509240 ) ) ;
#2300 = CARTESIAN_POINT ( 'NONE',  ( 15.50000000000000000, -16.80000000000000071, 20.00000000000000000 ) ) ;
#2301 = FACE_BOUND ( 'NONE', #1497, .T. ) ;
#2302 = EDGE_CURVE ( 'NONE', #607, #3602, #1282, .T. ) ;
#2303 = CARTESIAN_POINT ( 'NONE',  ( 2.086322874286545392, -24.21111084794840096, 18.73212498679405513 ) ) ;
#2304 = DIRECTION ( 'NONE',  ( -0.000000000000000000, 0.000000000000000000, -1.000000000000000000 ) ) ;
#2305 = EDGE_CURVE ( 'NONE', #149, #714, #162, .T. ) ;
#2306 = EDGE_CURVE ( 'NONE', #381, #2940, #1142, .T. ) ;
#2307 = DIRECTION ( 'NONE',  ( 0.000000000000000000, -1.000000000000000000, 0.000000000000000000 ) ) ;
#2308 = AXIS2_PLACEMENT_3D ( 'NONE', #2196, #2491, #518 ) ;
#2309 = DIRECTION ( 'NONE',  ( 0.000000000000000000, 0.000000000000000000, -1.000000000000000000 ) ) ;
#2310 = ORIENTED_EDGE ( 'NONE', *, *, #1800, .T. ) ;
#2311 = CARTESIAN_POINT ( 'NONE',  ( 25.00000000000000000, 5.000000000000004441, 40.00000000000000000 ) ) ;
#2312 = ORIENTED_EDGE ( 'NONE', *, *, #921, .F. ) ;
#2313 = AXIS2_PLACEMENT_3D ( 'NONE', #2011, #1735, #1983 ) ;
#2314 = VERTEX_POINT ( 'NONE', #2639 ) ;
#2315 = AXIS2_PLACEMENT_3D ( 'NONE', #616, #49, #906 ) ;
#2316 = CARTESIAN_POINT ( 'NONE',  ( -14.00000000000002132, -16.08426242211008983, 19.84138222304433441 ) ) ;
#2317 = CARTESIAN_POINT ( 'NONE',  ( -15.74765352081277570, -13.72484908800385384, 21.48169125974006377 ) ) ;
#2318 = VERTEX_POINT ( 'NONE', #1227 ) ;
#2319 = ORIENTED_EDGE ( 'NONE', *, *, #1045, .T. ) ;
#2320 = CARTESIAN_POINT ( 'NONE',  ( -25.00000000000000000, 6.475000000000006750, 40.00000000000000000 ) ) ;
#2321 = CARTESIAN_POINT ( 'NONE',  ( -17.00000000000000000, -12.99999999999999822, 20.00000000000000000 ) ) ;
#2322 = DIRECTION ( 'NONE',  ( 0.000000000000000000, -1.000000000000000000, 0.000000000000000000 ) ) ;
#2323 = LINE ( 'NONE', #2939, #2277 ) ;
#2324 = PRODUCT ( 'MotorMount', 'MotorMount', '', ( #182 ) ) ;
#2325 = CARTESIAN_POINT ( 'NONE',  ( -15.00000000000000178, -13.52499999999999325, 21.41421356237309581 ) ) ;
#2326 = CYLINDRICAL_SURFACE ( 'NONE', #2327, 1.475000000000002309 ) ;
#2327 = AXIS2_PLACEMENT_3D ( 'NONE', #2351, #2959, #937 ) ;
#2328 = AXIS2_PLACEMENT_3D ( 'NONE', #119, #2057, #939 ) ;
#2329 = EDGE_CURVE ( 'NONE', #1871, #92, #2286, .T. ) ;
#2330 = FACE_OUTER_BOUND ( 'NONE', #686, .T. ) ;
#2331 = ORIENTED_EDGE ( 'NONE', *, *, #974, .T. ) ;
#2332 = CARTESIAN_POINT ( 'NONE',  ( -9.249999999999969802, -16.79999999999999716, 33.42339375865881124 ) ) ;
#2333 = VECTOR ( 'NONE', #1098, 1000.000000000000000 ) ;
#2334 = EDGE_LOOP ( 'NONE', ( #573, #3410, #129, #337 ) ) ;
#2335 = ADVANCED_FACE ( 'NONE', ( #1270 ), #1595, .F. ) ;
#2336 = VECTOR ( 'NONE', #3229, 1000.000000000000000 ) ;
#2337 = LINE ( 'NONE', #3497, #2766 ) ;
#2338 = EDGE_LOOP ( 'NONE', ( #3325, #2934, #3569, #3179, #2341, #942, #2875, #484, #2408 ) ) ;
#2339 = DIRECTION ( 'NONE',  ( 0.000000000000000000, -1.000000000000000000, 0.000000000000000000 ) ) ;
#2340 = DIRECTION ( 'NONE',  ( -1.000000000000000000, 0.000000000000000000, 0.000000000000000000 ) ) ;
#2341 = ORIENTED_EDGE ( 'NONE', *, *, #1506, .F. ) ;
#2342 = AXIS2_PLACEMENT_3D ( 'NONE', #3122, #328, #2791 ) ;
#2343 = ORIENTED_EDGE ( 'NONE', *, *, #1036, .T. ) ;
#2344 = AXIS2_PLACEMENT_3D ( 'NONE', #2928, #922, #631 ) ;
#2345 = CARTESIAN_POINT ( 'NONE',  ( 14.85059678309304410, -13.52499999999999325, 21.36139154847009536 ) ) ;
#2346 = CARTESIAN_POINT ( 'NONE',  ( 14.99999999999999822, -16.47499999999999787, 0.000000000000000000 ) ) ;
#2347 = DIRECTION ( 'NONE',  ( -0.8660254037844432595, -0.000000000000000000, -0.4999999999999919509 ) ) ;
#2348 = DIRECTION ( 'NONE',  ( -0.000000000000000000, 0.000000000000000000, -1.000000000000000000 ) ) ;
#2349 = ORIENTED_EDGE ( 'NONE', *, *, #2220, .F. ) ;
#2350 = CYLINDRICAL_SURFACE ( 'NONE', #146, 1.500000000000001332 ) ;
#2351 = CARTESIAN_POINT ( 'NONE',  ( 14.99999999999999822, -14.99999999999999645, 40.00000000000000000 ) ) ;
#2352 = CARTESIAN_POINT ( 'NONE',  ( 6.100000000000001421, 20.00000000000000355, 13.00000000000000178 ) ) ;
#2353 = ORIENTED_EDGE ( 'NONE', *, *, #1766, .F. ) ;
#2354 = CARTESIAN_POINT ( 'NONE',  ( 7.749999999999874767, -16.80000000000000071, 6.576606241341130143 ) ) ;
#2355 = EDGE_LOOP ( 'NONE', ( #2654, #1611, #2025, #2353, #3131, #1504, #3152, #1491 ) ) ;
#2356 = EDGE_CURVE ( 'NONE', #714, #149, #3223, .T. ) ;
#2357 = DIRECTION ( 'NONE',  ( -0.8660254037844398178, 0.000000000000000000, -0.4999999999999980571 ) ) ;
#2358 = ORIENTED_EDGE ( 'NONE', *, *, #1230, .T. ) ;
#2359 = FACE_OUTER_BOUND ( 'NONE', #3438, .T. ) ;
#2360 = DIRECTION ( 'NONE',  ( -0.000000000000000000, 0.000000000000000000, -1.000000000000000000 ) ) ;
#2361 = ADVANCED_FACE ( 'NONE', ( #1913 ), #1551, .F. ) ;
#2362 = ADVANCED_FACE ( 'NONE', ( #1310 ), #1046, .F. ) ;
#2363 = ORIENTED_EDGE ( 'NONE', *, *, #1875, .F. ) ;
#2364 = CARTESIAN_POINT ( 'NONE',  ( -7.749999999999968914, -16.80000000000000071, 33.42339375865881124 ) ) ;
#2365 = CARTESIAN_POINT ( 'NONE',  ( -16.39734865337361214, -15.48170274025633297, 18.79718550062629134 ) ) ;
#2366 = CARTESIAN_POINT ( 'NONE',  ( -9.250000000000158096, -12.99999999999999822, 6.576606241341290904 ) ) ;
#2367 = CARTESIAN_POINT ( 'NONE',  ( -25.00000000000000000, 3.525000000000002576, 40.00000000000000000 ) ) ;
#2368 = ORIENTED_EDGE ( 'NONE', *, *, #2498, .T. ) ;
#2369 = DIRECTION ( 'NONE',  ( 0.000000000000000000, 0.000000000000000000, -1.000000000000000000 ) ) ;
#2370 = CYLINDRICAL_SURFACE ( 'NONE', #2161, 1.475000000000002309 ) ;
#2371 = DIRECTION ( 'NONE',  ( 0.000000000000000000, -1.000000000000000000, 0.000000000000000000 ) ) ;
#2372 = ORIENTED_EDGE ( 'NONE', *, *, #441, .F. ) ;
#2373 = ORIENTED_EDGE ( 'NONE', *, *, #3267, .T. ) ;
#2374 = AXIS2_PLACEMENT_3D ( 'NONE', #3136, #325, #3174 ) ;
#2375 = CARTESIAN_POINT ( 'NONE',  ( -7.749999999999968914, -16.80000000000000071, 33.42339375865881124 ) ) ;
#2376 = ORIENTED_EDGE ( 'NONE', *, *, #800, .T. ) ;
#2377 = DIRECTION ( 'NONE',  ( 0.5000000000000039968, 0.000000000000000000, 0.8660254037844363761 ) ) ;
#2378 = CARTESIAN_POINT ( 'NONE',  ( -6.250000000000154543, -12.99999999999999822, 6.576606241341290904 ) ) ;
#2379 = ORIENTED_EDGE ( 'NONE', *, *, #36, .T. ) ;
#2380 = CIRCLE ( 'NONE', #3375, 1.475000000000002309 ) ;
#2381 = AXIS2_PLACEMENT_3D ( 'NONE', #287, #63, #884 ) ;
#2382 = ORIENTED_EDGE ( 'NONE', *, *, #489, .F. ) ;
#2383 = CARTESIAN_POINT ( 'NONE',  ( 25.00000000000000000, 5.000000000000004441, 0.000000000000000000 ) ) ;
#2384 = LINE ( 'NONE', #1840, #70 ) ;
#2385 = PLANE ( 'NONE',  #1509 ) ;
#2386 = DIRECTION ( 'NONE',  ( 0.000000000000000000, -1.000000000000000000, 0.000000000000000000 ) ) ;
#2387 = VECTOR ( 'NONE', #2127, 1000.000000000000000 ) ;
#2388 = VERTEX_POINT ( 'NONE', #3305 ) ;
#2389 = SURFACE_SIDE_STYLE ('',( #1887 ) ) ;
#2390 = CARTESIAN_POINT ( 'NONE',  ( -6.361574665857306243, 20.00000000000000355, 37.47828274661794268 ) ) ;
#2391 = FACE_OUTER_BOUND ( 'NONE', #2909, .T. ) ;
#2392 = ORIENTED_EDGE ( 'NONE', *, *, #1690, .F. ) ;
#2393 = ORIENTED_EDGE ( 'NONE', *, *, #1855, .T. ) ;
#2394 = VECTOR ( 'NONE', #2371, 1000.000000000000000 ) ;
#2395 = CYLINDRICAL_SURFACE ( 'NONE', #2641, 1.475000000000002309 ) ;
#2396 = ORIENTED_EDGE ( 'NONE', *, *, #1766, .T. ) ;
#2397 = CIRCLE ( 'NONE', #509, 1.475000000000002309 ) ;
#2398 = CARTESIAN_POINT ( 'NONE',  ( 14.99999999999999822, -13.52499999999999325, 0.000000000000000000 ) ) ;
#2399 = LINE ( 'NONE', #768, #1583 ) ;
#2400 = ORIENTED_EDGE ( 'NONE', *, *, #2964, .F. ) ;
#2401 = VECTOR ( 'NONE', #1715, 1000.000000000000000 ) ;
#2402 = ORIENTED_EDGE ( 'NONE', *, *, #3354, .T. ) ;
#2403 = CARTESIAN_POINT ( 'NONE',  ( 7.749999999999874767, 20.00000000000000355, 6.576606241341130143 ) ) ;
#2404 = CARTESIAN_POINT ( 'NONE',  ( -25.00000000000000000, 5.000000000000004441, 0.000000000000000000 ) ) ;
#2405 = CARTESIAN_POINT ( 'NONE',  ( -2.086322874286537399, -12.99999999999999822, 18.73212498679406224 ) ) ;
#2406 = EDGE_CURVE ( 'NONE', #344, #1466, #2399, .T. ) ;
#2407 = VECTOR ( 'NONE', #1520, 1000.000000000000000 ) ;
#2408 = ORIENTED_EDGE ( 'NONE', *, *, #2634, .F. ) ;
#2409 =( LENGTH_UNIT ( ) NAMED_UNIT ( * ) SI_UNIT ( .MILLI., .METRE. ) );
#2410 = DIRECTION ( 'NONE',  ( -0.5000000000000039968, -0.000000000000000000, -0.8660254037844363761 ) ) ;
#2411 = AXIS2_PLACEMENT_3D ( 'NONE', #160, #1286, #488 ) ;
#2412 = EDGE_CURVE ( 'NONE', #3476, #2669, #391, .T. ) ;
#2413 = DIRECTION ( 'NONE',  ( 0.000000000000000000, -1.000000000000000000, 0.000000000000000000 ) ) ;
#2414 = FACE_BOUND ( 'NONE', #2135, .T. ) ;
#2415 = ORIENTED_EDGE ( 'NONE', *, *, #961, .T. ) ;
#2416 = PLANE ( 'NONE',  #915 ) ;
#2417 = LINE ( 'NONE', #1873, #1328 ) ;
#2418 = CARTESIAN_POINT ( 'NONE',  ( 7.807427890948242855, -16.80000000000000071, 3.477138216446983066 ) ) ;
#2419 = CARTESIAN_POINT ( 'NONE',  ( -15.00000000000000178, -13.52499999999999325, 21.41421356237309581 ) ) ;
#2420 = ORIENTED_EDGE ( 'NONE', *, *, #3557, .F. ) ;
#2421 = EDGE_CURVE ( 'NONE', #3413, #472, #3398, .T. ) ;
#2422 = VERTEX_POINT ( 'NONE', #221 ) ;
#2423 = CARTESIAN_POINT ( 'NONE',  ( -7.750000000000156319, 20.00000000000000355, 6.576606241341290904 ) ) ;
#2424 = CARTESIAN_POINT ( 'NONE',  ( 7.692572109051651452, -16.80000000000000071, 30.32392573376461797 ) ) ;
#2425 = CARTESIAN_POINT ( 'NONE',  ( 12.78706800674989097, -16.80000000000000071, 18.50000000000000000 ) ) ;
#2426 = VERTEX_POINT ( 'NONE', #186 ) ;
#2427 = CARTESIAN_POINT ( 'NONE',  ( -15.00000000000000178, -14.99999999999999645, 40.00000000000000000 ) ) ;
#2428 = ADVANCED_FACE ( 'NONE', ( #3287 ), #1876, .F. ) ;
#2429 = CARTESIAN_POINT ( 'NONE',  ( 7.749999999999874767, -12.99999999999999822, 6.576606241341130143 ) ) ;
#2430 = FACE_OUTER_BOUND ( 'NONE', #1002, .T. ) ;
#2431 = ADVANCED_FACE ( 'NONE', ( #967 ), #3578, .F. ) ;
#2432 = DIRECTION ( 'NONE',  ( 0.000000000000000000, -1.000000000000000000, 0.000000000000000000 ) ) ;
#2433 = ORIENTED_EDGE ( 'NONE', *, *, #122, .F. ) ;
#2434 = EDGE_LOOP ( 'NONE', ( #2400, #1730, #3269, #2904 ) ) ;
#2435 = CARTESIAN_POINT ( 'NONE',  ( 2.086322874286545392, -24.21111084794840096, 18.73212498679405513 ) ) ;
#2436 = CARTESIAN_POINT ( 'NONE',  ( 18.21293199325010903, -16.80000000000000071, 21.50000000000000000 ) ) ;
#2437 = VERTEX_POINT ( 'NONE', #479 ) ;
#2438 = VERTEX_POINT ( 'NONE', #168 ) ;
#2439 = CARTESIAN_POINT ( 'NONE',  ( -7.807427890948357430, -16.80000000000000071, 36.52286178355296187 ) ) ;
#2440 = AXIS2_PLACEMENT_3D ( 'NONE', #2646, #1537, #446 ) ;
#2441 = CARTESIAN_POINT ( 'NONE',  ( -15.00000000000000178, -13.52499999999999325, 21.41421356237309581 ) ) ;
#2442 = CARTESIAN_POINT ( 'NONE',  ( 7.750000000000062172, -16.99999999999999645, 33.42339375865876150 ) ) ;
#2443 = AXIS2_PLACEMENT_3D ( 'NONE', #3321, #1896, #3007 ) ;
#2444 = ORIENTED_EDGE ( 'NONE', *, *, #2739, .T. ) ;
#2445 = LINE ( 'NONE', #2072, #831 ) ;
#2446 = CARTESIAN_POINT ( 'NONE',  ( -25.00000000000000000, -16.47499999999999787, 40.00000000000000000 ) ) ;
#2447 = AXIS2_PLACEMENT_3D ( 'NONE', #499, #1250, #1598 ) ;
#2448 = CARTESIAN_POINT ( 'NONE',  ( -15.00000000000000178, -14.99999999999999645, 40.00000000000000000 ) ) ;
#2449 = CARTESIAN_POINT ( 'NONE',  ( 7.749999999999874767, -16.99999999999999645, 6.576606241341130143 ) ) ;
#2450 = CARTESIAN_POINT ( 'NONE',  ( 25.00000000000000000, 6.475000000000006750, 40.00000000000000000 ) ) ;
#2451 = ORIENTED_EDGE ( 'NONE', *, *, #535, .T. ) ;
#2452 = EDGE_CURVE ( 'NONE', #225, #3643, #3502, .T. ) ;
#2453 = ORIENTED_EDGE ( 'NONE', *, *, #1622, .F. ) ;
#2454 = CARTESIAN_POINT ( 'NONE',  ( 14.11970888570222371, -16.18506870611757620, 19.39309539180196751 ) ) ;
#2455 = FACE_BOUND ( 'NONE', #1932, .T. ) ;
#2456 = AXIS2_PLACEMENT_3D ( 'NONE', #1523, #1543, #2651 ) ;
#2457 = VERTEX_POINT ( 'NONE', #731 ) ;
#2458 = ADVANCED_FACE ( 'NONE', ( #1293 ), #2951, .T. ) ;
#2459 = VECTOR ( 'NONE', #485, 1000.000000000000000 ) ;
#2460 = EDGE_LOOP ( 'NONE', ( #2709, #1091 ) ) ;
#2461 = PLANE ( 'NONE',  #2203 ) ;
#2462 = CARTESIAN_POINT ( 'NONE',  ( -13.99999999999967670, -13.91573757789021393, 20.07898976469368790 ) ) ;
#2463 = CARTESIAN_POINT ( 'NONE',  ( 0.000000000000000000, -19.99999999999999645, 13.00000000000000178 ) ) ;
#2464 = AXIS2_PLACEMENT_3D ( 'NONE', #803, #1698, #2522 ) ;
#2465 = VERTEX_POINT ( 'NONE', #2988 ) ;
#2466 = DIRECTION ( 'NONE',  ( 0.000000000000000000, -1.000000000000000000, 0.000000000000000000 ) ) ;
#2467 = FACE_BOUND ( 'NONE', #3387, .T. ) ;
#2468 = EDGE_CURVE ( 'NONE', #853, #3183, #2632, .T. ) ;
#2469 = AXIS2_PLACEMENT_3D ( 'NONE', #3488, #2688, #1798 ) ;
#2470 = CIRCLE ( 'NONE', #521, 3.100000000000001865 ) ;
#2471 = EDGE_LOOP ( 'NONE', ( #2927, #2276, #1717, #3343, #508, #2420, #2095, #2789 ) ) ;
#2472 = EDGE_LOOP ( 'NONE', ( #81, #2392 ) ) ;
#2473 = DIRECTION ( 'NONE',  ( -0.000000000000000000, 1.000000000000000000, -0.000000000000000000 ) ) ;
#2474 = CARTESIAN_POINT ( 'NONE',  ( -25.00000000000000000, -14.99999999999999645, 40.00000000000000000 ) ) ;
#2475 = VERTEX_POINT ( 'NONE', #2158 ) ;
#2476 = ORIENTED_EDGE ( 'NONE', *, *, #2609, .F. ) ;
#2477 = CARTESIAN_POINT ( 'NONE',  ( -7.749999999999968914, -16.79999999999999716, 33.42339375865881124 ) ) ;
#2478 = CARTESIAN_POINT ( 'NONE',  ( -14.69878106379511351, -13.52499999999999680, 21.30771658616696129 ) ) ;
#2479 = ADVANCED_FACE ( 'NONE', ( #1610, #1836, #1332, #2455, #1382, #2254, #1979, #816 ), #3322, .F. ) ;
#2480 = VERTEX_POINT ( 'NONE', #1090 ) ;
#2481 = CARTESIAN_POINT ( 'NONE',  ( -15.00000000000000178, -14.99999999999999645, 0.000000000000000000 ) ) ;
#2482 = DIRECTION ( 'NONE',  ( 0.000000000000000000, -1.000000000000000000, 0.000000000000000000 ) ) ;
#2483 = LINE ( 'NONE', #235, #1440 ) ;
#2484 = ORIENTED_EDGE ( 'NONE', *, *, #1086, .T. ) ;
#2485 = CYLINDRICAL_SURFACE ( 'NONE', #570, 1.475000000000001865 ) ;
#2486 = DIRECTION ( 'NONE',  ( -0.000000000000000000, 0.000000000000000000, -1.000000000000000000 ) ) ;
#2487 = DIRECTION ( 'NONE',  ( 0.000000000000000000, -1.000000000000000000, 0.000000000000000000 ) ) ;
#2488 = CARTESIAN_POINT ( 'NONE',  ( -15.00000000000000178, -16.47499999999999787, 40.00000000000000000 ) ) ;
#2489 = VERTEX_POINT ( 'NONE', #1398 ) ;
#2490 = ORIENTED_EDGE ( 'NONE', *, *, #2575, .F. ) ;
#2491 = DIRECTION ( 'NONE',  ( -0.000000000000000000, 1.000000000000000000, -0.000000000000000000 ) ) ;
#2492 = EDGE_CURVE ( 'NONE', #2825, #2438, #513, .T. ) ;
#2493 = AXIS2_PLACEMENT_3D ( 'NONE', #2181, #227, #3629 ) ;
#2494 = ORIENTED_EDGE ( 'NONE', *, *, #2964, .T. ) ;
#2495 = DIRECTION ( 'NONE',  ( 0.000000000000000000, 0.000000000000000000, -1.000000000000000000 ) ) ;
#2496 = DIRECTION ( 'NONE',  ( -1.000000000000000000, 0.000000000000000000, 0.000000000000000000 ) ) ;
#2497 = AXIS2_PLACEMENT_3D ( 'NONE', #1432, #3412, #1164 ) ;
#2498 = EDGE_CURVE ( 'NONE', #2457, #1701, #748, .T. ) ;
#2499 = VECTOR ( 'NONE', #2014, 1000.000000000000000 ) ;
#2500 = LINE ( 'NONE', #1325, #1745 ) ;
#2501 = LINE ( 'NONE', #1005, #3381 ) ;
#2502 = CARTESIAN_POINT ( 'NONE',  ( -30.00000000000000355, -19.99999999999999645, 40.00000000000000000 ) ) ;
#2503 = ORIENTED_EDGE ( 'NONE', *, *, #3278, .T. ) ;
#2504 = ADVANCED_FACE ( 'NONE', ( #1061 ), #528, .F. ) ;
#2505 = ORIENTED_EDGE ( 'NONE', *, *, #2189, .T. ) ;
#2506 = CARTESIAN_POINT ( 'NONE',  ( 7.750000000000062172, -19.99999999999999645, 33.42339375865876150 ) ) ;
#2507 = DIRECTION ( 'NONE',  ( 0.000000000000000000, 1.000000000000000000, 0.000000000000000000 ) ) ;
#2508 = VECTOR ( 'NONE', #97, 1000.000000000000000 ) ;
#2509 = ORIENTED_EDGE ( 'NONE', *, *, #703, .F. ) ;
#2510 = LINE ( 'NONE', #3634, #2333 ) ;
#2511 = CIRCLE ( 'NONE', #1884, 6.100000000000001421 ) ;
#2512 = DIRECTION ( 'NONE',  ( -0.000000000000000000, 0.000000000000000000, -1.000000000000000000 ) ) ;
#2513 = EDGE_CURVE ( 'NONE', #669, #1768, #3611, .T. ) ;
#2514 = AXIS2_PLACEMENT_3D ( 'NONE', #2502, #784, #3093 ) ;
#2515 = CARTESIAN_POINT ( 'NONE',  ( 15.98113382221621315, -16.10543809572513041, 21.42255038768398379 ) ) ;
#2516 = EDGE_CURVE ( 'NONE', #1911, #1004, #1665, .T. ) ;
#2517 = AXIS2_PLACEMENT_3D ( 'NONE', #52, #291, #2856 ) ;
#2518 = EDGE_CURVE ( 'NONE', #3222, #3067, #297, .T. ) ;
#2519 = VECTOR ( 'NONE', #104, 1000.000000000000000 ) ;
#2520 = LINE ( 'NONE', #2532, #986 ) ;
#2521 = ORIENTED_EDGE ( 'NONE', *, *, #1428, .F. ) ;
#2522 = DIRECTION ( 'NONE',  ( 1.000000000000000000, 0.000000000000000000, 0.000000000000000000 ) ) ;
#2523 = ORIENTED_EDGE ( 'NONE', *, *, #471, .F. ) ;
#2524 = VECTOR ( 'NONE', #1462, 1000.000000000000000 ) ;
#2525 = FACE_OUTER_BOUND ( 'NONE', #2832, .T. ) ;
#2526 = DIRECTION ( 'NONE',  ( 0.000000000000000000, -1.000000000000000000, 0.000000000000000000 ) ) ;
#2527 = ORIENTED_EDGE ( 'NONE', *, *, #122, .T. ) ;
#2528 = CARTESIAN_POINT ( 'NONE',  ( 15.65933734835289393, -13.67690124938709495, 18.50571747061711392 ) ) ;
#2529 = FACE_OUTER_BOUND ( 'NONE', #2974, .T. ) ;
#2530 = FACE_OUTER_BOUND ( 'NONE', #1877, .T. ) ;
#2531 = EDGE_CURVE ( 'NONE', #3162, #2000, #1412, .T. ) ;
#2532 = CARTESIAN_POINT ( 'NONE',  ( -4.650000000000154898, -16.99999999999999645, 6.576606241341290904 ) ) ;
#2533 = DIRECTION ( 'NONE',  ( -1.000000000000000000, 0.000000000000000000, 0.000000000000000000 ) ) ;
#2534 = CARTESIAN_POINT ( 'NONE',  ( -25.00000000000000000, 16.47500000000000497, 40.00000000000000000 ) ) ;
#2535 = EDGE_CURVE ( 'NONE', #124, #3306, #2192, .T. ) ;
#2536 = ORIENTED_EDGE ( 'NONE', *, *, #1229, .T. ) ;
#2537 = DIRECTION ( 'NONE',  ( 0.000000000000000000, 1.000000000000000000, 0.000000000000000000 ) ) ;
#2538 = CARTESIAN_POINT ( 'NONE',  ( -7.750000000000156319, -12.99999999999999822, 6.576606241341290904 ) ) ;
#2539 = ORIENTED_EDGE ( 'NONE', *, *, #2018, .T. ) ;
#2540 = CARTESIAN_POINT ( 'NONE',  ( 16.18079643187352801, -14.09591895023543273, 18.65570721841580237 ) ) ;
#2541 = CYLINDRICAL_SURFACE ( 'NONE', #1214, 1.500000000000001332 ) ;
#2542 = AXIS2_PLACEMENT_3D ( 'NONE', #2427, #392, #2670 ) ;
#2543 = CARTESIAN_POINT ( 'NONE',  ( 15.47812935230498610, -16.39882381151108248, 21.50259376073744377 ) ) ;
#2544 = AXIS2_PLACEMENT_3D ( 'NONE', #1722, #1129, #2247 ) ;
#2545 = CIRCLE ( 'NONE', #3615, 1.500000000000001332 ) ;
#2546 = LINE ( 'NONE', #333, #1953 ) ;
#2547 = DIRECTION ( 'NONE',  ( -1.000000000000000000, 0.000000000000000000, 0.000000000000000000 ) ) ;
#2548 = VERTEX_POINT ( 'NONE', #2534 ) ;
#2549 = CARTESIAN_POINT ( 'NONE',  ( 6.100000000000001421, -12.99999999999999822, 13.00000000000000178 ) ) ;
#2550 = ORIENTED_EDGE ( 'NONE', *, *, #3555, .F. ) ;
#2551 = VECTOR ( 'NONE', #2586, 1000.000000000000000 ) ;
#2552 = EDGE_CURVE ( 'NONE', #124, #3411, #274, .T. ) ;
#2553 = VERTEX_POINT ( 'NONE', #5 ) ;
#2554 = CARTESIAN_POINT ( 'NONE',  ( -7.749999999999968914, -12.99999999999999822, 33.42339375865881124 ) ) ;
#2555 = EDGE_CURVE ( 'NONE', #2768, #24, #1344, .T. ) ;
#2556 = ORIENTED_EDGE ( 'NONE', *, *, #372, .T. ) ;
#2557 = DIRECTION ( 'NONE',  ( -1.000000000000000000, 0.000000000000000000, 9.326470300950577600E-16 ) ) ;
#2558 = FACE_OUTER_BOUND ( 'NONE', #1856, .T. ) ;
#2559 = CIRCLE ( 'NONE', #3516, 1.475000000000002309 ) ;
#2560 = DIRECTION ( 'NONE',  ( -1.000000000000000000, 0.000000000000000000, 0.000000000000000000 ) ) ;
#2561 = CARTESIAN_POINT ( 'NONE',  ( 16.32402037137053696, -15.65705404636936038, 21.25419882968047958 ) ) ;
#2562 = AXIS2_PLACEMENT_3D ( 'NONE', #107, #671, #1756 ) ;
#2563 = CARTESIAN_POINT ( 'NONE',  ( 7.750000000000062172, -16.79999999999999716, 33.42339375865876150 ) ) ;
#2564 = DIRECTION ( 'NONE',  ( -0.4999999999999917843, 0.000000000000000000, 0.8660254037844433705 ) ) ;
#2565 = AXIS2_PLACEMENT_3D ( 'NONE', #589, #3147, #2023 ) ;
#2566 = ORIENTED_EDGE ( 'NONE', *, *, #3555, .T. ) ;
#2567 = CARTESIAN_POINT ( 'NONE',  ( -7.749999999999968914, -19.99999999999999645, 33.42339375865881124 ) ) ;
#2568 = VECTOR ( 'NONE', #1558, 1000.000000000000000 ) ;
#2569 = EDGE_CURVE ( 'NONE', #1952, #2160, #1942, .T. ) ;
#2570 = ORIENTED_EDGE ( 'NONE', *, *, #27, .F. ) ;
#2571 = CYLINDRICAL_SURFACE ( 'NONE', #2313, 1.475000000000001865 ) ;
#2572 = CARTESIAN_POINT ( 'NONE',  ( 7.750000000000062172, -12.99999999999999822, 33.42339375865876150 ) ) ;
#2573 = VECTOR ( 'NONE', #3198, 1000.000000000000000 ) ;
#2574 = EDGE_LOOP ( 'NONE', ( #559, #2817 ) ) ;
#2575 = EDGE_CURVE ( 'NONE', #669, #1109, #2239, .T. ) ;
#2576 = EDGE_LOOP ( 'NONE', ( #815, #3545, #402, #991, #247 ) ) ;
#2577 = CYLINDRICAL_SURFACE ( 'NONE', #1384, 1.475000000000002309 ) ;
#2578 = CARTESIAN_POINT ( 'NONE',  ( 16.28712640774887888, -14.25457915852009982, 18.71993342056506648 ) ) ;
#2579 = CARTESIAN_POINT ( 'NONE',  ( 7.807427890948242855, -16.80000000000000071, 3.477138216446983066 ) ) ;
#2580 = ADVANCED_FACE ( 'NONE', ( #2826 ), #3369, .F. ) ;
#2581 = DIRECTION ( 'NONE',  ( 1.000000000000000000, -8.673617379884035472E-17, 0.000000000000000000 ) ) ;
#2582 = FACE_OUTER_BOUND ( 'NONE', #3632, .T. ) ;
#2583 = CARTESIAN_POINT ( 'NONE',  ( 15.09397254581665671, -13.52499999999999503, 21.44743787456925688 ) ) ;
#2584 = ADVANCED_BREP_SHAPE_REPRESENTATION ( 'MotorMount', ( #238, #2411 ), #1155 ) ;
#2585 = FACE_BOUND ( 'NONE', #652, .T. ) ;
#2586 = DIRECTION ( 'NONE',  ( -0.000000000000000000, 0.000000000000000000, -1.000000000000000000 ) ) ;
#2587 = EDGE_LOOP ( 'NONE', ( #412, #1425, #706 ) ) ;
#2588 = CARTESIAN_POINT ( 'NONE',  ( 9.249999999999875655, -12.99999999999999822, 6.576606241341130143 ) ) ;
#2589 = EDGE_LOOP ( 'NONE', ( #1066, #3558, #3561, #940, #2229 ) ) ;
#2590 = ORIENTED_EDGE ( 'NONE', *, *, #3384, .F. ) ;
#2591 = LINE ( 'NONE', #3132, #3087 ) ;
#2592 = CARTESIAN_POINT ( 'NONE',  ( -16.46470987268836339, -15.19944597133050124, 21.14889833255715601 ) ) ;
#2593 = ORIENTED_EDGE ( 'NONE', *, *, #1183, .F. ) ;
#2594 = VERTEX_POINT ( 'NONE', #1995 ) ;
#2595 = CARTESIAN_POINT ( 'NONE',  ( 14.70897088414371368, -13.54850025776678279, 21.28357673779124681 ) ) ;
#2596 = CARTESIAN_POINT ( 'NONE',  ( -25.00000000000000000, 15.00000000000000355, 0.000000000000000000 ) ) ;
#2597 = CARTESIAN_POINT ( 'NONE',  ( -0.5260990984306727070, -12.99999999999999822, 19.30000000000000426 ) ) ;
#2598 = LINE ( 'NONE', #3236, #1041 ) ;
#2599 = EDGE_CURVE ( 'NONE', #1105, #3092, #276, .T. ) ;
#2600 = CARTESIAN_POINT ( 'NONE',  ( -7.749999999999968914, -12.99999999999999822, 33.42339375865881124 ) ) ;
#2601 = DIRECTION ( 'NONE',  ( 0.000000000000000000, 1.000000000000000000, 0.000000000000000000 ) ) ;
#2602 = EDGE_CURVE ( 'NONE', #1242, #674, #515, .T. ) ;
#2603 = CARTESIAN_POINT ( 'NONE',  ( -30.00000000000000355, -19.99999999999999645, 40.00000000000000000 ) ) ;
#2604 = AXIS2_PLACEMENT_3D ( 'NONE', #3530, #3252, #2128 ) ;
#2605 = LINE ( 'NONE', #374, #1393 ) ;
#2606 = VERTEX_POINT ( 'NONE', #2771 ) ;
#2607 = FACE_OUTER_BOUND ( 'NONE', #2434, .T. ) ;
#2608 = VERTEX_POINT ( 'NONE', #3078 ) ;
#2609 = EDGE_CURVE ( 'NONE', #607, #2828, #667, .T. ) ;
#2610 = VECTOR ( 'NONE', #753, 1000.000000000000114 ) ;
#2611 = CARTESIAN_POINT ( 'NONE',  ( -15.00000000000000178, -13.52499999999999325, 40.00000000000000000 ) ) ;
#2612 = ORIENTED_EDGE ( 'NONE', *, *, #2452, .F. ) ;
#2613 = AXIS2_PLACEMENT_3D ( 'NONE', #295, #3112, #555 ) ;
#2614 = LINE ( 'NONE', #2418, #433 ) ;
#2615 = VECTOR ( 'NONE', #3045, 1000.000000000000000 ) ;
#2616 = DIRECTION ( 'NONE',  ( -0.000000000000000000, 0.000000000000000000, -1.000000000000000000 ) ) ;
#2617 = ORIENTED_EDGE ( 'NONE', *, *, #3244, .F. ) ;
#2618 = DIRECTION ( 'NONE',  ( -1.000000000000000000, 0.000000000000000000, 0.000000000000000000 ) ) ;
#2619 = CARTESIAN_POINT ( 'NONE',  ( -15.74550835809534632, -16.27643032161212844, 18.51793355828323229 ) ) ;
#2620 = DIRECTION ( 'NONE',  ( -1.000000000000000000, 0.000000000000000000, 0.000000000000000000 ) ) ;
#2621 = CARTESIAN_POINT ( 'NONE',  ( 25.00000000000000000, -16.47499999999999787, 40.00000000000000000 ) ) ;
#2622 = ORIENTED_EDGE ( 'NONE', *, *, #687, .T. ) ;
#2623 = CARTESIAN_POINT ( 'NONE',  ( 25.00000000000000000, 13.52500000000000036, 40.00000000000000000 ) ) ;
#2624 = ADVANCED_FACE ( 'NONE', ( #1464 ), #3439, .F. ) ;
#2625 = AXIS2_PLACEMENT_3D ( 'NONE', #2884, #3257, #724 ) ;
#2626 = AXIS2_PLACEMENT_3D ( 'NONE', #51, #1797, #952 ) ;
#2627 = LINE ( 'NONE', #432, #2573 ) ;
#2628 = ADVANCED_FACE ( 'NONE', ( #375 ), #2981, .T. ) ;
#2629 = DIRECTION ( 'NONE',  ( 0.000000000000000000, -1.000000000000000000, 0.000000000000000000 ) ) ;
#2630 = ORIENTED_EDGE ( 'NONE', *, *, #343, .F. ) ;
#2631 = DIRECTION ( 'NONE',  ( -0.9396926207859100932, -0.000000000000000000, -0.3420201433256640500 ) ) ;
#2632 = CIRCLE ( 'NONE', #3284, 1.475000000000002309 ) ;
#2633 = EDGE_LOOP ( 'NONE', ( #1265, #660 ) ) ;
#2634 = EDGE_CURVE ( 'NONE', #299, #3526, #2867, .T. ) ;
#2635 = VECTOR ( 'NONE', #1176, 1000.000000000000000 ) ;
#2636 = DIRECTION ( 'NONE',  ( 0.000000000000000000, 1.000000000000000000, 0.000000000000000000 ) ) ;
#2637 = ORIENTED_EDGE ( 'NONE', *, *, #36, .F. ) ;
#2638 = CARTESIAN_POINT ( 'NONE',  ( -7.749999999999968914, -16.99999999999999645, 33.42339375865881124 ) ) ;
#2639 = CARTESIAN_POINT ( 'NONE',  ( -12.78706800674989097, -16.80000000000000071, 21.50000000000000000 ) ) ;
#2640 = ORIENTED_EDGE ( 'NONE', *, *, #2230, .F. ) ;
#2641 = AXIS2_PLACEMENT_3D ( 'NONE', #3522, #2121, #3245 ) ;
#2642 = ORIENTED_EDGE ( 'NONE', *, *, #1373, .T. ) ;
#2643 = EDGE_CURVE ( 'NONE', #1931, #2724, #622, .T. ) ;
#2644 = CIRCLE ( 'NONE', #568, 6.100000000000001421 ) ;
#2645 = FACE_OUTER_BOUND ( 'NONE', #829, .T. ) ;
#2646 = CARTESIAN_POINT ( 'NONE',  ( 0.000000000000000000, -12.99999999999999822, 13.00000000000000178 ) ) ;
#2647 = DIRECTION ( 'NONE',  ( -1.000000000000000000, 0.000000000000000000, 0.000000000000000000 ) ) ;
#2648 = DIRECTION ( 'NONE',  ( -1.000000000000000000, 0.000000000000000000, 0.000000000000000000 ) ) ;
#2649 = AXIS2_PLACEMENT_3D ( 'NONE', #1695, #2840, #3421 ) ;
#2650 = ORIENTED_EDGE ( 'NONE', *, *, #2833, .F. ) ;
#2651 = DIRECTION ( 'NONE',  ( 0.000000000000000000, 1.000000000000000000, 0.000000000000000000 ) ) ;
#2652 = CARTESIAN_POINT ( 'NONE',  ( 0.000000000000000000, 20.00000000000000355, 13.00000000000000178 ) ) ;
#2653 = ORIENTED_EDGE ( 'NONE', *, *, #96, .F. ) ;
#2654 = ORIENTED_EDGE ( 'NONE', *, *, #859, .F. ) ;
#2655 = ADVANCED_FACE ( 'NONE', ( #1139 ), #1867, .F. ) ;
#2656 = DIRECTION ( 'NONE',  ( -0.9396926207859100932, -0.000000000000000000, -0.3420201433256640500 ) ) ;
#2657 = EDGE_CURVE ( 'NONE', #2661, #1531, #3130, .T. ) ;
#2658 = ORIENTED_EDGE ( 'NONE', *, *, #575, .F. ) ;
#2659 = DIRECTION ( 'NONE',  ( 0.4999999999999979461, 0.000000000000000000, -0.8660254037844397068 ) ) ;
#2660 = CARTESIAN_POINT ( 'NONE',  ( -16.39733171687457869, -15.48170462587052221, 21.20282239689157322 ) ) ;
#2661 = VERTEX_POINT ( 'NONE', #3202 ) ;
#2662 = EDGE_CURVE ( 'NONE', #2125, #2716, #1444, .T. ) ;
#2663 = ORIENTED_EDGE ( 'NONE', *, *, #393, .T. ) ;
#2664 = CARTESIAN_POINT ( 'NONE',  ( 6.100000000000001421, -19.99999999999999645, 13.00000000000000178 ) ) ;
#2665 = CARTESIAN_POINT ( 'NONE',  ( -12.39999999999999858, -16.99999999999999645, 20.00000000000000000 ) ) ;
#2666 = DIRECTION ( 'NONE',  ( 0.4999999999999919509, 0.000000000000000000, -0.8660254037844432595 ) ) ;
#2667 = CARTESIAN_POINT ( 'NONE',  ( 0.000000000000000000, -12.99999999999999822, 13.00000000000000178 ) ) ;
#2668 = EDGE_CURVE ( 'NONE', #3411, #124, #1587, .T. ) ;
#2669 = VERTEX_POINT ( 'NONE', #2549 ) ;
#2670 = DIRECTION ( 'NONE',  ( 0.000000000000000000, 1.000000000000000000, 0.000000000000000000 ) ) ;
#2671 = CARTESIAN_POINT ( 'NONE',  ( -18.59999999999999787, -12.99999999999999822, 20.00000000000000000 ) ) ;
#2672 = CARTESIAN_POINT ( 'NONE',  ( 15.50000000000000000, 20.00000000000000355, 20.00000000000000000 ) ) ;
#2673 = EDGE_LOOP ( 'NONE', ( #592, #2107, #477, #2240, #2210, #3004, #2065, #1854 ) ) ;
#2674 = ORIENTED_EDGE ( 'NONE', *, *, #3557, .T. ) ;
#2675 = CIRCLE ( 'NONE', #722, 3.100000000000000977 ) ;
#2676 = DIRECTION ( 'NONE',  ( 0.000000000000000000, 0.000000000000000000, 1.000000000000000000 ) ) ;
#2677 = ORIENTED_EDGE ( 'NONE', *, *, #1283, .F. ) ;
#2678 = CARTESIAN_POINT ( 'NONE',  ( 12.39999999999999858, -16.99999999999999645, 20.00000000000000000 ) ) ;
#2679 = ADVANCED_FACE ( 'NONE', ( #608 ), #22, .F. ) ;
#2680 = CARTESIAN_POINT ( 'NONE',  ( -15.38153342979018490, -13.57184346196487112, 21.49845688862614423 ) ) ;
#2681 = VERTEX_POINT ( 'NONE', #2588 ) ;
#2682 = VECTOR ( 'NONE', #2063, 1000.000000000000000 ) ;
#2683 = CIRCLE ( 'NONE', #1190, 1.475000000000002309 ) ;
#2684 = VERTEX_POINT ( 'NONE', #3422 ) ;
#2685 = CARTESIAN_POINT ( 'NONE',  ( -10.84999999999997122, -16.99999999999999645, 33.42339375865881124 ) ) ;
#2686 = CARTESIAN_POINT ( 'NONE',  ( -15.00000000000000178, -16.47499999999999787, 40.00000000000000000 ) ) ;
#2687 = ADVANCED_FACE ( 'NONE', ( #865 ), #1198, .F. ) ;
#2688 = DIRECTION ( 'NONE',  ( 0.000000000000000000, -1.000000000000000000, 0.000000000000000000 ) ) ;
#2689 = ORIENTED_EDGE ( 'NONE', *, *, #1236, .F. ) ;
#2690 = DIRECTION ( 'NONE',  ( 1.000000000000000000, 0.000000000000000000, 0.000000000000000000 ) ) ;
#2691 = LINE ( 'NONE', #3454, #1200 ) ;
#2692 = VERTEX_POINT ( 'NONE', #1749 ) ;
#2693 = VERTEX_POINT ( 'NONE', #2332 ) ;
#2694 = CIRCLE ( 'NONE', #1084, 1.475000000000002309 ) ;
#2695 = CARTESIAN_POINT ( 'NONE',  ( 17.00000000000000000, 20.00000000000000355, 20.00000000000000000 ) ) ;
#2696 = ORIENTED_EDGE ( 'NONE', *, *, #584, .F. ) ;
#2697 = VECTOR ( 'NONE', #2322, 1000.000000000000000 ) ;
#2698 = DIRECTION ( 'NONE',  ( 1.000000000000000000, 0.000000000000000000, 0.000000000000000000 ) ) ;
#2699 = DIRECTION ( 'NONE',  ( 0.000000000000000000, -1.000000000000000000, 0.000000000000000000 ) ) ;
#2700 = ORIENTED_EDGE ( 'NONE', *, *, #395, .T. ) ;
#2701 = CIRCLE ( 'NONE', #3348, 1.500000000000001332 ) ;
#2702 = EDGE_LOOP ( 'NONE', ( #127, #2343, #2920, #3301, #1144 ) ) ;
#2703 = DIRECTION ( 'NONE',  ( -0.4999999999999979461, 0.000000000000000000, 0.8660254037844397068 ) ) ;
#2704 = CARTESIAN_POINT ( 'NONE',  ( -10.40550410230188838, -16.80000000000000071, 4.977138216447176688 ) ) ;
#2705 = AXIS2_PLACEMENT_3D ( 'NONE', #3570, #3017, #486 ) ;
#2706 = DIRECTION ( 'NONE',  ( 1.000000000000000000, 0.000000000000000000, 0.000000000000000000 ) ) ;
#2707 = EDGE_CURVE ( 'NONE', #2318, #1701, #2905, .T. ) ;
#2708 = VECTOR ( 'NONE', #2656, 1000.000000000000000 ) ;
#2709 = ORIENTED_EDGE ( 'NONE', *, *, #2421, .F. ) ;
#2710 = ADVANCED_FACE ( 'NONE', ( #2607 ), #100, .F. ) ;
#2711 = LINE ( 'NONE', #117, #3028 ) ;
#2712 = DIRECTION ( 'NONE',  ( 0.000000000000000000, -1.000000000000000000, 0.000000000000000000 ) ) ;
#2713 = LINE ( 'NONE', #744, #1346 ) ;
#2714 = VERTEX_POINT ( 'NONE', #3163 ) ;
#2715 = DIRECTION ( 'NONE',  ( -1.000000000000000000, 0.000000000000000000, 0.000000000000000000 ) ) ;
#2716 = VERTEX_POINT ( 'NONE', #77 ) ;
#2717 = LINE ( 'NONE', #2916, #16 ) ;
#2718 = DIRECTION ( 'NONE',  ( 0.000000000000000000, 0.000000000000000000, -1.000000000000000000 ) ) ;
#2719 = ORIENTED_EDGE ( 'NONE', *, *, #3105, .F. ) ;
#2720 = ORIENTED_EDGE ( 'NONE', *, *, #3418, .F. ) ;
#2721 = FACE_OUTER_BOUND ( 'NONE', #288, .T. ) ;
#2722 = CARTESIAN_POINT ( 'NONE',  ( 25.00000000000000000, 13.52500000000000036, 0.000000000000000000 ) ) ;
#2723 = CARTESIAN_POINT ( 'NONE',  ( -17.00000000000000000, 20.00000000000000355, 20.00000000000000000 ) ) ;
#2724 = VERTEX_POINT ( 'NONE', #629 ) ;
#2725 = DIRECTION ( 'NONE',  ( 1.000000000000000000, 0.000000000000000000, 0.000000000000000000 ) ) ;
#2726 = CARTESIAN_POINT ( 'NONE',  ( 7.749999999999874767, -16.80000000000000071, 6.576606241341130143 ) ) ;
#2727 = CARTESIAN_POINT ( 'NONE',  ( 9.249999999999875655, 20.00000000000000355, 6.576606241341130143 ) ) ;
#2728 = EDGE_CURVE ( 'NONE', #2548, #1076, #2886, .T. ) ;
#2729 = ORIENTED_EDGE ( 'NONE', *, *, #1981, .T. ) ;
#2730 = DIRECTION ( 'NONE',  ( 0.000000000000000000, 1.000000000000000000, 0.000000000000000000 ) ) ;
#2731 = ORIENTED_EDGE ( 'NONE', *, *, #3394, .T. ) ;
#2732 = DIRECTION ( 'NONE',  ( 0.000000000000000000, 1.000000000000000000, 0.000000000000000000 ) ) ;
#2733 = CARTESIAN_POINT ( 'NONE',  ( -15.50000000000000000, -16.99999999999999645, 20.00000000000000000 ) ) ;
#2734 = EDGE_LOOP ( 'NONE', ( #1831, #1257, #2122, #342, #2382, #628, #1413, #3482 ) ) ;
#2735 = VERTEX_POINT ( 'NONE', #919 ) ;
#2736 = FACE_OUTER_BOUND ( 'NONE', #3357, .T. ) ;
#2737 = AXIS2_PLACEMENT_3D ( 'NONE', #2955, #3547, #736 ) ;
#2738 = CARTESIAN_POINT ( 'NONE',  ( 14.70000901198547361, -16.47500000000000142, 21.30815073141313576 ) ) ;
#2739 = EDGE_CURVE ( 'NONE', #1527, #3183, #3039, .T. ) ;
#2740 = FACE_OUTER_BOUND ( 'NONE', #1899, .T. ) ;
#2741 = VECTOR ( 'NONE', #1078, 1000.000000000000000 ) ;
#2742 = VERTEX_POINT ( 'NONE', #1377 ) ;
#2743 = B_SPLINE_CURVE_WITH_KNOTS ( 'NONE', 3,
 ( #3075, #2583, #604, #1394, #3089, #309, #875, #2861, #330, #292, #843, #552, #3403, #1172, #3125, #1990, #2808, #1439, #1726, #2561, #1692, #812, #280, #2515, #3107, #569, #1709, #2543, #2019, #2269, #2921, #894 ),
 .UNSPECIFIED., .F., .F.,
 ( 4, 2, 2, 2, 2, 2, 2, 2, 2, 2, 2, 2, 2, 2, 2, 4 ),
 ( 0.000000000000000000, 0.0002945415349993583975, 0.0005890830699987167950, 0.001178166139997424049, 0.001472707674996778923, 0.001767249209996134014, 0.002061790744995488887, 0.002356332279994843761, 0.002650873814994199069, 0.002945415349993553509, 0.003239956884992908816, 0.003534498419992263257, 0.003829039954991618130, 0.004123581489990972571, 0.004418123024990327878, 0.004712664559989682318 ),
 .UNSPECIFIED. ) ;
#2744 = CARTESIAN_POINT ( 'NONE',  ( 4.649999999999874234, -16.99999999999999645, 6.576606241341130143 ) ) ;
#2745 = AXIS2_PLACEMENT_3D ( 'NONE', #863, #2824, #3091 ) ;
#2746 = DIRECTION ( 'NONE',  ( 1.000000000000000000, 0.000000000000000000, 0.000000000000000000 ) ) ;
#2747 = EDGE_CURVE ( 'NONE', #2480, #225, #2713, .T. ) ;
#2748 = CARTESIAN_POINT ( 'NONE',  ( 25.00000000000000000, -16.47499999999999787, 0.000000000000000000 ) ) ;
#2749 = ORIENTED_EDGE ( 'NONE', *, *, #1036, .F. ) ;
#2750 = EDGE_CURVE ( 'NONE', #2465, #1106, #1586, .T. ) ;
#2751 = CARTESIAN_POINT ( 'NONE',  ( 10.40550410230178180, -16.80000000000000071, 35.02286178355289792 ) ) ;
#2752 = CARTESIAN_POINT ( 'NONE',  ( 14.46687916696131637, -16.38111862000104679, 18.90174239321648386 ) ) ;
#2753 = ADVANCED_FACE ( 'NONE', ( #2430 ), #3604, .T. ) ;
#2754 = DIRECTION ( 'NONE',  ( -1.000000000000000000, 0.000000000000000000, 0.000000000000000000 ) ) ;
#2755 = AXIS2_PLACEMENT_3D ( 'NONE', #1642, #2432, #249 ) ;
#2756 = ORIENTED_EDGE ( 'NONE', *, *, #3105, .T. ) ;
#2757 = VECTOR ( 'NONE', #13, 1000.000000000000000 ) ;
#2758 = ORIENTED_EDGE ( 'NONE', *, *, #1020, .F. ) ;
#2759 = CARTESIAN_POINT ( 'NONE',  ( -10.85000000000015774, -16.99999999999999645, 6.576606241341290904 ) ) ;
#2760 = DIRECTION ( 'NONE',  ( 0.4999999999999919509, 0.000000000000000000, -0.8660254037844432595 ) ) ;
#2761 = AXIS2_PLACEMENT_3D ( 'NONE', #1774, #2891, #45 ) ;
#2762 = ORIENTED_EDGE ( 'NONE', *, *, #3608, .F. ) ;
#2763 = AXIS2_PLACEMENT_3D ( 'NONE', #3180, #1785, #2040 ) ;
#2764 = CARTESIAN_POINT ( 'NONE',  ( -0.5260990984306727070, -24.21111084794840096, 19.30000000000000426 ) ) ;
#2765 = CARTESIAN_POINT ( 'NONE',  ( -12.39999999999999858, -19.99999999999999645, 20.00000000000000000 ) ) ;
#2766 = VECTOR ( 'NONE', #3460, 1000.000000000000000 ) ;
#2767 = FACE_OUTER_BOUND ( 'NONE', #2100, .T. ) ;
#2768 = VERTEX_POINT ( 'NONE', #2200 ) ;
#2769 = ORIENTED_EDGE ( 'NONE', *, *, #929, .T. ) ;
#2770 = DIRECTION ( 'NONE',  ( 0.000000000000000000, 0.000000000000000000, -1.000000000000000000 ) ) ;
#2771 = CARTESIAN_POINT ( 'NONE',  ( 6.450961894323405943, -16.79999999999999716, 34.17339375865876860 ) ) ;
#2772 = ORIENTED_EDGE ( 'NONE', *, *, #455, .T. ) ;
#2773 = CARTESIAN_POINT ( 'NONE',  ( -15.50000000000000000, -16.99999999999999645, 20.00000000000000000 ) ) ;
#2774 = DIRECTION ( 'NONE',  ( 0.000000000000000000, 0.000000000000000000, -1.000000000000000000 ) ) ;
#2775 = VERTEX_POINT ( 'NONE', #2186 ) ;
#2776 = LINE ( 'NONE', #1013, #270 ) ;
#2777 = CARTESIAN_POINT ( 'NONE',  ( -25.00000000000000000, 15.00000000000000355, 40.00000000000000000 ) ) ;
#2778 = EDGE_CURVE ( 'NONE', #2130, #2548, #2221, .T. ) ;
#2779 = CARTESIAN_POINT ( 'NONE',  ( -15.50000000000000000, -16.79999999999999716, 20.00000000000000000 ) ) ;
#2780 = CARTESIAN_POINT ( 'NONE',  ( -14.18761626481490445, -16.23518529239683872, 20.74194858981644174 ) ) ;
#2781 = CARTESIAN_POINT ( 'NONE',  ( 14.71044270048357205, -16.45184814475558355, 18.71543482170162420 ) ) ;
#2782 = DIRECTION ( 'NONE',  ( 1.000000000000000000, 0.000000000000000000, 0.000000000000000000 ) ) ;
#2783 = VERTEX_POINT ( 'NONE', #3059 ) ;
#2784 = ADVANCED_FACE ( 'NONE', ( #3554 ), #1889, .T. ) ;
#2785 = ORIENTED_EDGE ( 'NONE', *, *, #3374, .F. ) ;
#2786 = CARTESIAN_POINT ( 'NONE',  ( -14.44841317794392666, -13.61753823611807235, 21.11127098103622046 ) ) ;
#2787 = CARTESIAN_POINT ( 'NONE',  ( 0.000000000000000000, -19.99999999999999645, 13.00000000000000178 ) ) ;
#2788 = AXIS2_PLACEMENT_3D ( 'NONE', #2052, #1473, #2854 ) ;
#2789 = ORIENTED_EDGE ( 'NONE', *, *, #2569, .T. ) ;
#2790 = LINE ( 'NONE', #1687, #2757 ) ;
#2791 = DIRECTION ( 'NONE',  ( 0.000000000000000000, 1.000000000000000000, 0.000000000000000000 ) ) ;
#2792 = CIRCLE ( 'NONE', #958, 1.500000000000001332 ) ;
#2793 = PLANE ( 'NONE',  #507 ) ;
#2794 = ADVANCED_FACE ( 'NONE', ( #3315 ), #2218, .T. ) ;
#2795 = CARTESIAN_POINT ( 'NONE',  ( 6.249999999999873879, -12.99999999999999822, 6.576606241341130143 ) ) ;
#2796 = ORIENTED_EDGE ( 'NONE', *, *, #2042, .T. ) ;
#2797 = CARTESIAN_POINT ( 'NONE',  ( 0.000000000000000000, 20.00000000000000355, 20.00000000000000000 ) ) ;
#2798 = VERTEX_POINT ( 'NONE', #2765 ) ;
#2799 = EDGE_LOOP ( 'NONE', ( #647, #1714 ) ) ;
#2800 = VECTOR ( 'NONE', #2903, 1000.000000000000000 ) ;
#2801 = DIRECTION ( 'NONE',  ( -0.000000000000000000, 1.000000000000000000, -0.000000000000000000 ) ) ;
#2802 = CARTESIAN_POINT ( 'NONE',  ( -7.750000000000156319, -12.99999999999999822, 6.576606241341290904 ) ) ;
#2803 = CIRCLE ( 'NONE', #216, 1.500000000000001332 ) ;
#2804 = ORIENTED_EDGE ( 'NONE', *, *, #2555, .T. ) ;
#2805 = CIRCLE ( 'NONE', #91, 18.59999999999999787 ) ;
#2806 = FACE_OUTER_BOUND ( 'NONE', #242, .T. ) ;
#2807 = CIRCLE ( 'NONE', #219, 1.475000000000001865 ) ;
#2808 = CARTESIAN_POINT ( 'NONE',  ( 16.46503912826093341, -15.19688348173925796, 21.14861538329180490 ) ) ;
#2809 = ADVANCED_FACE ( 'NONE', ( #3001 ), #764, .T. ) ;
#2810 = VECTOR ( 'NONE', #2147, 1000.000000000000000 ) ;
#2811 = CARTESIAN_POINT ( 'NONE',  ( -7.749999999999968914, -19.99999999999999645, 33.42339375865881124 ) ) ;
#2812 = DIRECTION ( 'NONE',  ( 0.5000000000000039968, 0.000000000000000000, 0.8660254037844363761 ) ) ;
#2813 = DIRECTION ( 'NONE',  ( 0.000000000000000000, -1.000000000000000000, 0.000000000000000000 ) ) ;
#2814 = VERTEX_POINT ( 'NONE', #1014 ) ;
#2815 = ORIENTED_EDGE ( 'NONE', *, *, #2778, .F. ) ;
#2816 = PLANE ( 'NONE',  #2381 ) ;
#2817 = ORIENTED_EDGE ( 'NONE', *, *, #2201, .F. ) ;
#2818 = CARTESIAN_POINT ( 'NONE',  ( 10.40550410230157397, -16.99999999999999645, 4.977138216446956420 ) ) ;
#2819 = CARTESIAN_POINT ( 'NONE',  ( -30.00000000000000000, 20.00000000000000355, 40.00000000000000000 ) ) ;
#2820 = ADVANCED_FACE ( 'NONE', ( #3590 ), #2154, .F. ) ;
#2821 = LINE ( 'NONE', #1133, #2037 ) ;
#2822 = CARTESIAN_POINT ( 'NONE',  ( 17.00000000000000000, -16.79999999999999716, 20.00000000000000000 ) ) ;
#2823 = EDGE_CURVE ( 'NONE', #1466, #2179, #505, .T. ) ;
#2824 = DIRECTION ( 'NONE',  ( 0.000000000000000000, -1.000000000000000000, 0.000000000000000000 ) ) ;
#2825 = VERTEX_POINT ( 'NONE', #1639 ) ;
#2826 = FACE_OUTER_BOUND ( 'NONE', #3312, .T. ) ;
#2827 = ORIENTED_EDGE ( 'NONE', *, *, #1500, .F. ) ;
#2828 = VERTEX_POINT ( 'NONE', #452 ) ;
#2829 = CARTESIAN_POINT ( 'NONE',  ( 13.99999999999999822, -16.08426242211007207, 20.00000000000000000 ) ) ;
#2830 = DIRECTION ( 'NONE',  ( 0.000000000000000000, 1.000000000000000000, 0.000000000000000000 ) ) ;
#2831 = VERTEX_POINT ( 'NONE', #195 ) ;
#2832 = EDGE_LOOP ( 'NONE', ( #749, #1775 ) ) ;
#2833 = EDGE_CURVE ( 'NONE', #1405, #869, #1700, .T. ) ;
#2834 = CARTESIAN_POINT ( 'NONE',  ( 7.807427890948242855, -16.80000000000000071, 3.477138216446983066 ) ) ;
#2835 = CIRCLE ( 'NONE', #2788, 1.475000000000001865 ) ;
#2836 = FACE_OUTER_BOUND ( 'NONE', #965, .T. ) ;
#2837 = DIRECTION ( 'NONE',  ( 0.000000000000000000, 1.000000000000000000, 0.000000000000000000 ) ) ;
#2838 = AXIS2_PLACEMENT_3D ( 'NONE', #2638, #2890, #2659 ) ;
#2839 = ADVANCED_FACE ( 'NONE', ( #1056 ), #1321, .F. ) ;
#2840 = DIRECTION ( 'NONE',  ( 0.000000000000000000, 0.000000000000000000, 1.000000000000000000 ) ) ;
#2841 = DIRECTION ( 'NONE',  ( -1.000000000000000000, 0.000000000000000000, 0.000000000000000000 ) ) ;
#2842 = ORIENTED_EDGE ( 'NONE', *, *, #47, .F. ) ;
#2843 = DIRECTION ( 'NONE',  ( -0.4999999999999919509, 0.000000000000000000, 0.8660254037844432595 ) ) ;
#2844 = ORIENTED_EDGE ( 'NONE', *, *, #2728, .F. ) ;
#2845 = VECTOR ( 'NONE', #1516, 1000.000000000000000 ) ;
#2846 = CIRCLE ( 'NONE', #1262, 3.100000000000003642 ) ;
#2847 = EDGE_CURVE ( 'NONE', #24, #2608, #459, .T. ) ;
#2848 = ORIENTED_EDGE ( 'NONE', *, *, #1708, .T. ) ;
#2849 = DIRECTION ( 'NONE',  ( 0.000000000000000000, 0.000000000000000000, -1.000000000000000000 ) ) ;
#2850 = FACE_OUTER_BOUND ( 'NONE', #1834, .T. ) ;
#2851 = ORIENTED_EDGE ( 'NONE', *, *, #1302, .F. ) ;
#2852 = EDGE_LOOP ( 'NONE', ( #2433, #3205 ) ) ;
#2853 = FACE_OUTER_BOUND ( 'NONE', #3596, .T. ) ;
#2854 = DIRECTION ( 'NONE',  ( 0.000000000000000000, 1.000000000000000000, 0.000000000000000000 ) ) ;
#2855 = CARTESIAN_POINT ( 'NONE',  ( 0.000000000000000000, -12.99999999999999822, 20.00000000000000000 ) ) ;
#2856 = DIRECTION ( 'NONE',  ( -1.000000000000000000, 0.000000000000000000, 0.000000000000000000 ) ) ;
#2857 = CIRCLE ( 'NONE', #1273, 1.475000000000001865 ) ;
#2858 = ADVANCED_FACE ( 'NONE', ( #2467, #2558, #33, #1154, #601, #2301, #2265, #3650 ), #3430, .T. ) ;
#2859 = VECTOR ( 'NONE', #2185, 1000.000000000000000 ) ;
#2860 = CARTESIAN_POINT ( 'NONE',  ( -14.36199181730283669, -16.33363998086372959, 20.98882564409672113 ) ) ;
#2861 = CARTESIAN_POINT ( 'NONE',  ( 16.11508551292995506, -14.02978490060194261, 21.36999092541564238 ) ) ;
#2862 = CIRCLE ( 'NONE', #976, 3.100000000000003197 ) ;
#2863 = FACE_BOUND ( 'NONE', #3423, .T. ) ;
#2864 = FACE_OUTER_BOUND ( 'NONE', #1288, .T. ) ;
#2865 = CIRCLE ( 'NONE', #2342, 1.475000000000002309 ) ;
#2866 = ORIENTED_EDGE ( 'NONE', *, *, #1387, .T. ) ;
#2867 = LINE ( 'NONE', #1161, #3161 ) ;
#2868 = ORIENTED_EDGE ( 'NONE', *, *, #3082, .T. ) ;
#2869 = B_SPLINE_CURVE_WITH_KNOTS ( 'NONE', 3,
 ( #2441, #2478, #2786, #482, #1028, #1355, #3361, #1336, #2462, #2213 ),
 .UNSPECIFIED., .F., .F.,
 ( 4, 2, 2, 2, 4 ),
 ( 0.000000000000000000, 0.0009412614647553275244, 0.001411892197132989064, 0.001647207563321819021, 0.001882522929510649194 ),
 .UNSPECIFIED. ) ;
#2870 = CIRCLE ( 'NONE', #2469, 3.100000000000003197 ) ;
#2871 = ORIENTED_EDGE ( 'NONE', *, *, #3515, .T. ) ;
#2872 = CARTESIAN_POINT ( 'NONE',  ( 13.99999999999999822, -13.91573757788992083, 20.00000000000000000 ) ) ;
#2873 = EDGE_CURVE ( 'NONE', #1636, #230, #1519, .T. ) ;
#2874 = CARTESIAN_POINT ( 'NONE',  ( -16.42565223289305365, -15.39072934043629814, 21.18059326643646756 ) ) ;
#2875 = ORIENTED_EDGE ( 'NONE', *, *, #395, .F. ) ;
#2876 = CARTESIAN_POINT ( 'NONE',  ( 18.21293199325010903, -16.99999999999999645, 18.50000000000000000 ) ) ;
#2877 = DIRECTION ( 'NONE',  ( 0.000000000000000000, -1.000000000000000000, 0.000000000000000000 ) ) ;
#2878 = ADVANCED_FACE ( 'NONE', ( #1707 ), #1111, .F. ) ;
#2879 = CARTESIAN_POINT ( 'NONE',  ( 25.00000000000000000, -14.99999999999999645, 40.00000000000000000 ) ) ;
#2880 = DIRECTION ( 'NONE',  ( -0.000000000000000000, 0.000000000000000000, -1.000000000000000000 ) ) ;
#2881 = DIRECTION ( 'NONE',  ( 0.000000000000000000, -1.000000000000000000, 0.000000000000000000 ) ) ;
#2882 = LINE ( 'NONE', #2603, #332 ) ;
#2883 = ADVANCED_FACE ( 'NONE', ( #582 ), #857, .F. ) ;
#2884 = CARTESIAN_POINT ( 'NONE',  ( 7.750000000000062172, -16.80000000000000071, 33.42339375865876150 ) ) ;
#2885 = ORIENTED_EDGE ( 'NONE', *, *, #852, .T. ) ;
#2886 = LINE ( 'NONE', #353, #980 ) ;
#2887 = VERTEX_POINT ( 'NONE', #824 ) ;
#2888 = PLANE ( 'NONE',  #1404 ) ;
#2889 = VERTEX_POINT ( 'NONE', #3417 ) ;
#2890 = DIRECTION ( 'NONE',  ( 0.000000000000000000, -1.000000000000000000, 0.000000000000000000 ) ) ;
#2891 = DIRECTION ( 'NONE',  ( 0.000000000000000000, -1.000000000000000000, 0.000000000000000000 ) ) ;
#2892 = ADVANCED_FACE ( 'NONE', ( #1406 ), #1987, .F. ) ;
#2893 = EDGE_LOOP ( 'NONE', ( #323, #1925, #2674 ) ) ;
#2894 = FACE_OUTER_BOUND ( 'NONE', #2006, .T. ) ;
#2895 = DIRECTION ( 'NONE',  ( 0.000000000000000000, 1.000000000000000000, 0.000000000000000000 ) ) ;
#2896 = CARTESIAN_POINT ( 'NONE',  ( 2.086322874286545392, -19.99999999999999645, 18.73212498679405513 ) ) ;
#2897 = DIRECTION ( 'NONE',  ( -0.000000000000000000, -1.000000000000000000, -0.000000000000000000 ) ) ;
#2898 = ADVANCED_FACE ( 'NONE', ( #2529 ), #1688, .F. ) ;
#2899 = ORIENTED_EDGE ( 'NONE', *, *, #549, .T. ) ;
#2900 = CARTESIAN_POINT ( 'NONE',  ( -10.85000000000015774, -19.99999999999999645, 6.576606241341290904 ) ) ;
#2901 = CYLINDRICAL_SURFACE ( 'NONE', #3625, 1.475000000000001865 ) ;
#2902 = VECTOR ( 'NONE', #112, 1000.000000000000000 ) ;
#2903 = DIRECTION ( 'NONE',  ( -8.673617379884035472E-17, -1.000000000000000000, 0.000000000000000000 ) ) ;
#2904 = ORIENTED_EDGE ( 'NONE', *, *, #2739, .F. ) ;
#2905 = LINE ( 'NONE', #60, #2635 ) ;
#2906 = VERTEX_POINT ( 'NONE', #872 ) ;
#2907 = AXIS2_PLACEMENT_3D ( 'NONE', #3304, #493, #2139 ) ;
#2908 = CARTESIAN_POINT ( 'NONE',  ( -18.21293199325010903, -16.80000000000000071, 21.50000000000000000 ) ) ;
#2909 = EDGE_LOOP ( 'NONE', ( #3210, #3623, #3360, #101, #2932, #888, #1624, #2453, #1116 ) ) ;
#2910 = AXIS2_PLACEMENT_3D ( 'NONE', #3529, #1633, #2108 ) ;
#2911 = DIRECTION ( 'NONE',  ( 1.000000000000000000, 0.000000000000000000, 0.000000000000000000 ) ) ;
#2912 = CIRCLE ( 'NONE', #1626, 3.100000000000000089 ) ;
#2913 = CARTESIAN_POINT ( 'NONE',  ( -16.47488149330804319, -15.10020794666359301, 21.14000267451213944 ) ) ;
#2914 = ORIENTED_EDGE ( 'NONE', *, *, #2535, .F. ) ;
#2915 = ORIENTED_EDGE ( 'NONE', *, *, #2778, .T. ) ;
#2916 = CARTESIAN_POINT ( 'NONE',  ( 18.21293199325010903, -16.99999999999999645, 21.50000000000000000 ) ) ;
#2917 = CARTESIAN_POINT ( 'NONE',  ( -15.74909512639940168, -13.71406390591809021, 18.50956571514362636 ) ) ;
#2918 = CARTESIAN_POINT ( 'NONE',  ( -15.50000000000000000, -16.80000000000000071, 20.00000000000000000 ) ) ;
#2919 = CYLINDRICAL_SURFACE ( 'NONE', #983, 1.475000000000002309 ) ;
#2920 = ORIENTED_EDGE ( 'NONE', *, *, #1302, .T. ) ;
#2921 = CARTESIAN_POINT ( 'NONE',  ( 15.09396307402061588, -16.47500000000001208, 21.44743452578365250 ) ) ;
#2922 = VECTOR ( 'NONE', #430, 1000.000000000000000 ) ;
#2923 = CIRCLE ( 'NONE', #1750, 3.100000000000000977 ) ;
#2924 = CARTESIAN_POINT ( 'NONE',  ( 7.692572109051651452, -16.80000000000000071, 30.32392573376461797 ) ) ;
#2925 = ORIENTED_EDGE ( 'NONE', *, *, #1500, .T. ) ;
#2926 = AXIS2_PLACEMENT_3D ( 'NONE', #83, #651, #3444 ) ;
#2927 = ORIENTED_EDGE ( 'NONE', *, *, #877, .F. ) ;
#2928 = CARTESIAN_POINT ( 'NONE',  ( 7.750000000000062172, -16.99999999999999645, 33.42339375865876150 ) ) ;
#2929 = ORIENTED_EDGE ( 'NONE', *, *, #3394, .F. ) ;
#2930 = CARTESIAN_POINT ( 'NONE',  ( 7.749999999999874767, -19.99999999999999645, 6.576606241341130143 ) ) ;
#2931 = CARTESIAN_POINT ( 'NONE',  ( -16.11491818977133761, -15.97041667803027210, 21.37007046139692079 ) ) ;
#2932 = ORIENTED_EDGE ( 'NONE', *, *, #466, .F. ) ;
#2933 = AXIS2_PLACEMENT_3D ( 'NONE', #3253, #717, #1860 ) ;
#2934 = ORIENTED_EDGE ( 'NONE', *, *, #3171, .T. ) ;
#2935 = CIRCLE ( 'NONE', #626, 1.500000000000001332 ) ;
#2936 = DIRECTION ( 'NONE',  ( 0.000000000000000000, -1.000000000000000000, 0.000000000000000000 ) ) ;
#2937 = DIRECTION ( 'NONE',  ( -0.000000000000000000, 1.000000000000000000, -0.000000000000000000 ) ) ;
#2938 = DIRECTION ( 'NONE',  ( 0.000000000000000000, 0.000000000000000000, -1.000000000000000000 ) ) ;
#2939 = CARTESIAN_POINT ( 'NONE',  ( -30.00000000000000355, -19.99999999999999645, 0.000000000000000000 ) ) ;
#2940 = VERTEX_POINT ( 'NONE', #3635 ) ;
#2941 = CARTESIAN_POINT ( 'NONE',  ( 18.59999999999999787, 20.00000000000000355, 20.00000000000000355 ) ) ;
#2942 = CARTESIAN_POINT ( 'NONE',  ( 10.40550410230157397, -16.80000000000000071, 4.977138216446956420 ) ) ;
#2943 = EDGE_CURVE ( 'NONE', #2940, #2194, #2002, .T. ) ;
#2944 = DIRECTION ( 'NONE',  ( 0.000000000000000000, 0.000000000000000000, 1.000000000000000000 ) ) ;
#2945 = ORIENTED_EDGE ( 'NONE', *, *, #2021, .F. ) ;
#2946 = ORIENTED_EDGE ( 'NONE', *, *, #3043, .F. ) ;
#2947 = ADVANCED_FACE ( 'NONE', ( #2806 ), #1419, .F. ) ;
#2948 = CARTESIAN_POINT ( 'NONE',  ( 5.094495897698339881, -16.80000000000000071, 31.82392573376462863 ) ) ;
#2949 = ORIENTED_EDGE ( 'NONE', *, *, #3336, .T. ) ;
#2950 = DIRECTION ( 'NONE',  ( -0.000000000000000000, 1.000000000000000000, -0.000000000000000000 ) ) ;
#2951 = PLANE ( 'NONE',  #1640 ) ;
#2952 = ORIENTED_EDGE ( 'NONE', *, *, #3109, .F. ) ;
#2953 = ORIENTED_EDGE ( 'NONE', *, *, #979, .T. ) ;
#2954 = DIRECTION ( 'NONE',  ( 0.000000000000000000, -1.000000000000000000, 0.000000000000000000 ) ) ;
#2955 = CARTESIAN_POINT ( 'NONE',  ( -15.50000000000000000, -16.80000000000000071, 20.00000000000000000 ) ) ;
#2956 = DIRECTION ( 'NONE',  ( -1.000000000000000000, 0.000000000000000000, 0.000000000000000000 ) ) ;
#2957 = ORIENTED_EDGE ( 'NONE', *, *, #240, .F. ) ;
#2958 = CARTESIAN_POINT ( 'NONE',  ( 7.807427890948473781, -16.99999999999999645, 36.52286178355291213 ) ) ;
#2959 = DIRECTION ( 'NONE',  ( -0.000000000000000000, 0.000000000000000000, -1.000000000000000000 ) ) ;
#2960 = DIRECTION ( 'NONE',  ( 0.4999999999999980571, 0.000000000000000000, -0.8660254037844395958 ) ) ;
#2961 = DIRECTION ( 'NONE',  ( 0.000000000000000000, -1.000000000000000000, 0.000000000000000000 ) ) ;
#2962 = EDGE_LOOP ( 'NONE', ( #141, #2379 ) ) ;
#2963 = ORIENTED_EDGE ( 'NONE', *, *, #338, .F. ) ;
#2964 = EDGE_CURVE ( 'NONE', #1716, #1527, #2865, .T. ) ;
#2965 = CIRCLE ( 'NONE', #1015, 1.475000000000002309 ) ;
#2966 = DIRECTION ( 'NONE',  ( 1.000000000000000000, 0.000000000000000000, -1.387778780781444413E-14 ) ) ;
#2967 = LINE ( 'NONE', #439, #2153 ) ;
#2968 = DIRECTION ( 'NONE',  ( 0.000000000000000000, -1.000000000000000000, 0.000000000000000000 ) ) ;
#2969 = CARTESIAN_POINT ( 'NONE',  ( 2.180690873395531693, -25.81382660708156251, 39.00000000000000000 ) ) ;
#2970 = ORIENTED_EDGE ( 'NONE', *, *, #733, .F. ) ;
#2971 = VECTOR ( 'NONE', #106, 1000.000000000000000 ) ;
#2972 = ADVANCED_FACE ( 'NONE', ( #1458 ), #2541, .F. ) ;
#2973 = VECTOR ( 'NONE', #66, 1000.000000000000000 ) ;
#2974 = EDGE_LOOP ( 'NONE', ( #2769, #3510, #312, #2168, #2071 ) ) ;
#2975 = DIRECTION ( 'NONE',  ( 0.000000000000000000, 0.000000000000000000, -1.000000000000000000 ) ) ;
#2976 = CARTESIAN_POINT ( 'NONE',  ( 18.21293199325010903, -16.99999999999999645, 18.50000000000000000 ) ) ;
#2977 = DIRECTION ( 'NONE',  ( 0.000000000000000000, 1.000000000000000000, 0.000000000000000000 ) ) ;
#2978 = ORIENTED_EDGE ( 'NONE', *, *, #136, .F. ) ;
#2979 = DIRECTION ( 'NONE',  ( 0.000000000000000000, 1.000000000000000000, 0.000000000000000000 ) ) ;
#2980 = LINE ( 'NONE', #1301, #1940 ) ;
#2981 = PLANE ( 'NONE',  #98 ) ;
#2982 =( NAMED_UNIT ( * ) SI_UNIT ( $, .STERADIAN. ) SOLID_ANGLE_UNIT ( ) );
#2983 = EDGE_LOOP ( 'NONE', ( #3541, #1738, #2142, #2310 ) ) ;
#2984 = CIRCLE ( 'NONE', #3342, 1.500000000000001332 ) ;
#2985 = CARTESIAN_POINT ( 'NONE',  ( -0.5260990984306727070, -19.99999999999999645, 19.30000000000000426 ) ) ;
#2986 = CIRCLE ( 'NONE', #2041, 1.475000000000002309 ) ;
#2987 = CARTESIAN_POINT ( 'NONE',  ( -7.807427890948357430, -16.99999999999999645, 36.52286178355296187 ) ) ;
#2988 = CARTESIAN_POINT ( 'NONE',  ( -10.40550410230188838, -16.80000000000000071, 4.977138216447176688 ) ) ;
#2989 = VERTEX_POINT ( 'NONE', #277 ) ;
#2990 = AXIS2_PLACEMENT_3D ( 'NONE', #2214, #531, #2830 ) ;
#2991 = EDGE_CURVE ( 'NONE', #3476, #3376, #3399, .T. ) ;
#2992 = ORIENTED_EDGE ( 'NONE', *, *, #1875, .T. ) ;
#2993 = DIRECTION ( 'NONE',  ( 0.000000000000000000, -1.000000000000000000, 0.000000000000000000 ) ) ;
#2994 = CARTESIAN_POINT ( 'NONE',  ( -15.00000000000000178, -13.52499999999999325, 18.58578643762690419 ) ) ;
#2995 = AXIS2_PLACEMENT_3D ( 'NONE', #43, #3457, #2631 ) ;
#2996 = CARTESIAN_POINT ( 'NONE',  ( -25.00000000000000000, -3.524999999999993694, 40.00000000000000000 ) ) ;
#2997 = VECTOR ( 'NONE', #2070, 1000.000000000000000 ) ;
#2998 = EDGE_CURVE ( 'NONE', #1527, #1716, #3400, .T. ) ;
#2999 = EDGE_LOOP ( 'NONE', ( #580, #1040, #134, #752, #3080 ) ) ;
#3000 = DIRECTION ( 'NONE',  ( -0.4999999999999920619, 0.000000000000000000, 0.8660254037844432595 ) ) ;
#3001 = FACE_OUTER_BOUND ( 'NONE', #1048, .T. ) ;
#3002 = AXIS2_PLACEMENT_3D ( 'NONE', #234, #746, #1606 ) ;
#3003 = SHAPE_DEFINITION_REPRESENTATION ( #1194, #2584 ) ;
#3004 = ORIENTED_EDGE ( 'NONE', *, *, #928, .F. ) ;
#3005 = EDGE_CURVE ( 'NONE', #1333, #1879, #1972, .T. ) ;
#3006 = CARTESIAN_POINT ( 'NONE',  ( -7.749999999999968914, -16.99999999999999645, 33.42339375865881124 ) ) ;
#3007 = DIRECTION ( 'NONE',  ( -0.4999999999999917843, 0.000000000000000000, 0.8660254037844433705 ) ) ;
#3008 = CARTESIAN_POINT ( 'NONE',  ( 0.5260990984306863627, -24.21111084794840096, 19.30000000000000071 ) ) ;
#3009 = ORIENTED_EDGE ( 'NONE', *, *, #1119, .T. ) ;
#3010 = ORIENTED_EDGE ( 'NONE', *, *, #2833, .T. ) ;
#3011 = DIRECTION ( 'NONE',  ( -1.000000000000000000, 0.000000000000000000, 0.000000000000000000 ) ) ;
#3012 = CARTESIAN_POINT ( 'NONE',  ( 25.00000000000000000, 15.00000000000000355, 40.00000000000000000 ) ) ;
#3013 = LINE ( 'NONE', #2996, #1521 ) ;
#3014 = EDGE_CURVE ( 'NONE', #3071, #669, #3449, .T. ) ;
#3015 = EDGE_LOOP ( 'NONE', ( #2402, #2242, #2233, #2963, #3607, #3026, #2088, #3619, #3232 ) ) ;
#3016 = CARTESIAN_POINT ( 'NONE',  ( -30.00000000000000355, -19.99999999999999645, 40.00000000000000000 ) ) ;
#3017 = DIRECTION ( 'NONE',  ( 0.000000000000000000, -1.000000000000000000, 0.000000000000000000 ) ) ;
#3018 = EDGE_CURVE ( 'NONE', #3579, #1220, #953, .T. ) ;
#3019 = EDGE_CURVE ( 'NONE', #384, #1121, #520, .T. ) ;
#3020 =( NAMED_UNIT ( * ) PLANE_ANGLE_UNIT ( ) SI_UNIT ( $, .RADIAN. ) );
#3021 = DIRECTION ( 'NONE',  ( 0.000000000000000000, -1.000000000000000000, 0.000000000000000000 ) ) ;
#3022 = ORIENTED_EDGE ( 'NONE', *, *, #2073, .F. ) ;
#3023 = ORIENTED_EDGE ( 'NONE', *, *, #1965, .F. ) ;
#3024 = CARTESIAN_POINT ( 'NONE',  ( -14.02562746815740091, -13.89100271939329190, 19.68440913559699368 ) ) ;
#3025 = DIRECTION ( 'NONE',  ( 0.000000000000000000, 0.000000000000000000, -1.000000000000000000 ) ) ;
#3026 = ORIENTED_EDGE ( 'NONE', *, *, #2224, .T. ) ;
#3027 = EDGE_CURVE ( 'NONE', #461, #2716, #1647, .T. ) ;
#3028 = VECTOR ( 'NONE', #155, 1000.000000000000000 ) ;
#3029 = ORIENTED_EDGE ( 'NONE', *, *, #3313, .T. ) ;
#3030 = CARTESIAN_POINT ( 'NONE',  ( -30.00000000000000000, 20.00000000000000355, 0.000000000000000000 ) ) ;
#3031 = MECHANICAL_DESIGN_GEOMETRIC_PRESENTATION_REPRESENTATION (  '', ( #3083 ), #367 ) ;
#3032 = DIRECTION ( 'NONE',  ( 0.000000000000000000, 0.000000000000000000, 1.000000000000000000 ) ) ;
#3033 = AXIS2_PLACEMENT_3D ( 'NONE', #3645, #2801, #3372 ) ;
#3034 = ORIENTED_EDGE ( 'NONE', *, *, #1360, .F. ) ;
#3035 = DIRECTION ( 'NONE',  ( 0.5000000000000102141, 0.000000000000000000, 0.8660254037844327124 ) ) ;
#3036 = CARTESIAN_POINT ( 'NONE',  ( -25.00000000000000000, -4.999999999999995559, 0.000000000000000000 ) ) ;
#3037 = AXIS2_PLACEMENT_3D ( 'NONE', #2403, #1296, #3546 ) ;
#3038 = CIRCLE ( 'NONE', #1616, 1.475000000000002309 ) ;
#3039 = LINE ( 'NONE', #1067, #164 ) ;
#3040 = EDGE_CURVE ( 'NONE', #2594, #1552, #90, .T. ) ;
#3041 = DIRECTION ( 'NONE',  ( 1.000000000000000000, 0.000000000000000000, 0.000000000000000000 ) ) ;
#3042 = ORIENTED_EDGE ( 'NONE', *, *, #605, .T. ) ;
#3043 = EDGE_CURVE ( 'NONE', #1370, #177, #640, .T. ) ;
#3044 = LINE ( 'NONE', #1872, #3231 ) ;
#3045 = DIRECTION ( 'NONE',  ( 0.000000000000000000, -1.000000000000000000, 0.000000000000000000 ) ) ;
#3046 = PLANE ( 'NONE',  #2907 ) ;
#3047 = CARTESIAN_POINT ( 'NONE',  ( -30.00000000000000000, 20.00000000000000355, 40.00000000000000000 ) ) ;
#3048 = AXIS2_PLACEMENT_3D ( 'NONE', #2477, #1115, #3599 ) ;
#3049 = EDGE_LOOP ( 'NONE', ( #476, #1672, #2866, #2297 ) ) ;
#3050 = CIRCLE ( 'NONE', #557, 1.475000000000002309 ) ;
#3051 = VERTEX_POINT ( 'NONE', #2111 ) ;
#3052 = ADVANCED_FACE ( 'NONE', ( #1189 ), #2919, .F. ) ;
#3053 = PLANE ( 'NONE',  #1122 ) ;
#3054 = CARTESIAN_POINT ( 'NONE',  ( -7.749999999999968914, -16.80000000000000071, 33.42339375865881124 ) ) ;
#3055 = VECTOR ( 'NONE', #2813, 1000.000000000000000 ) ;
#3056 = ORIENTED_EDGE ( 'NONE', *, *, #1477, .F. ) ;
#3057 = AXIS2_PLACEMENT_3D ( 'NONE', #646, #2078, #2293 ) ;
#3058 = DIRECTION ( 'NONE',  ( 0.000000000000000000, 1.000000000000000000, 0.000000000000000000 ) ) ;
#3059 = CARTESIAN_POINT ( 'NONE',  ( 14.99999999999999822, -13.52499999999999325, 40.00000000000000000 ) ) ;
#3060 = CIRCLE ( 'NONE', #102, 3.100000000000002309 ) ;
#3061 = DIRECTION ( 'NONE',  ( 0.000000000000000000, -1.000000000000000000, 0.000000000000000000 ) ) ;
#3062 = EDGE_CURVE ( 'NONE', #206, #607, #2870, .T. ) ;
#3063 = DIRECTION ( 'NONE',  ( -0.000000000000000000, 1.000000000000000000, -0.000000000000000000 ) ) ;
#3064 = CYLINDRICAL_SURFACE ( 'NONE', #2542, 1.475000000000002309 ) ;
#3065 = CARTESIAN_POINT ( 'NONE',  ( 14.02542705476180274, -16.10883175393769307, 19.68508510223723107 ) ) ;
#3066 = DIRECTION ( 'NONE',  ( -0.000000000000000000, 1.000000000000000000, -0.000000000000000000 ) ) ;
#3067 = VERTEX_POINT ( 'NONE', #1539 ) ;
#3068 = ORIENTED_EDGE ( 'NONE', *, *, #2136, .F. ) ;
#3069 = CARTESIAN_POINT ( 'NONE',  ( 13.99999999999999822, -16.08426242211007562, 20.15641081535069290 ) ) ;
#3070 = CYLINDRICAL_SURFACE ( 'NONE', #2990, 1.475000000000000533 ) ;
#3071 = VERTEX_POINT ( 'NONE', #348 ) ;
#3072 = DIRECTION ( 'NONE',  ( -0.000000000000000000, -1.000000000000000000, -0.000000000000000000 ) ) ;
#3073 = DIRECTION ( 'NONE',  ( -0.4999999999999980016, 0.000000000000000000, 0.8660254037844397068 ) ) ;
#3074 = EDGE_CURVE ( 'NONE', #1026, #3071, #2092, .T. ) ;
#3075 = CARTESIAN_POINT ( 'NONE',  ( 14.99999999999999822, -13.52499999999999325, 21.41421356237309226 ) ) ;
#3076 = CARTESIAN_POINT ( 'NONE',  ( 14.99999999999999822, -14.99999999999999645, 40.00000000000000000 ) ) ;
#3077 = VERTEX_POINT ( 'NONE', #365 ) ;
#3078 = CARTESIAN_POINT ( 'NONE',  ( -9.049038105676808996, -16.79999999999999716, 7.326606241341307779 ) ) ;
#3079 = ORIENTED_EDGE ( 'NONE', *, *, #3521, .F. ) ;
#3080 = ORIENTED_EDGE ( 'NONE', *, *, #2518, .T. ) ;
#3081 = CARTESIAN_POINT ( 'NONE',  ( 25.00000000000000000, 16.47500000000000497, 40.00000000000000000 ) ) ;
#3082 = EDGE_CURVE ( 'NONE', #2669, #1569, #3585, .T. ) ;
#3083 = STYLED_ITEM ( 'NONE', ( #3217 ), #238 ) ;
#3084 = EDGE_LOOP ( 'NONE', ( #611, #781, #1786 ) ) ;
#3085 = DIRECTION ( 'NONE',  ( 0.000000000000000000, 1.000000000000000000, 0.000000000000000000 ) ) ;
#3086 = DIRECTION ( 'NONE',  ( 8.673617379884035472E-17, 1.000000000000000000, 0.000000000000000000 ) ) ;
#3087 = VECTOR ( 'NONE', #3443, 1000.000000000000000 ) ;
#3088 = AXIS2_PLACEMENT_3D ( 'NONE', #879, #3145, #2547 ) ;
#3089 = CARTESIAN_POINT ( 'NONE',  ( 15.47668829725366457, -13.60069860345110193, 21.50256325060511031 ) ) ;
#3090 = DIRECTION ( 'NONE',  ( 0.000000000000000000, -1.000000000000000000, 0.000000000000000000 ) ) ;
#3091 = DIRECTION ( 'NONE',  ( -0.5000000000000037748, 0.000000000000000000, -0.8660254037844364872 ) ) ;
#3092 = VERTEX_POINT ( 'NONE', #1235 ) ;
#3093 = DIRECTION ( 'NONE',  ( -1.000000000000000000, 0.000000000000000000, 0.000000000000000000 ) ) ;
#3094 = ORIENTED_EDGE ( 'NONE', *, *, #473, .F. ) ;
#3095 = AXIS2_PLACEMENT_3D ( 'NONE', #2672, #2629, #2076 ) ;
#3096 = CARTESIAN_POINT ( 'NONE',  ( 14.11923426530488968, -13.81530130907795240, 19.39434549960906651 ) ) ;
#3097 = ORIENTED_EDGE ( 'NONE', *, *, #2657, .T. ) ;
#3098 = VECTOR ( 'NONE', #639, 1000.000000000000000 ) ;
#3099 = EDGE_CURVE ( 'NONE', #472, #3413, #3296, .T. ) ;
#3100 = ORIENTED_EDGE ( 'NONE', *, *, #1981, .F. ) ;
#3101 = CARTESIAN_POINT ( 'NONE',  ( 15.50000000000000000, -16.79999999999999716, 20.00000000000000000 ) ) ;
#3102 = DIRECTION ( 'NONE',  ( 1.000000000000000000, 0.000000000000000000, 0.000000000000000000 ) ) ;
#3103 = VECTOR ( 'NONE', #2209, 1000.000000000000000 ) ;
#3104 = CARTESIAN_POINT ( 'NONE',  ( 6.250000000000061284, 20.00000000000000355, 33.42339375865876150 ) ) ;
#3105 = EDGE_CURVE ( 'NONE', #1401, #2692, #3508, .T. ) ;
#3106 = AXIS2_PLACEMENT_3D ( 'NONE', #892, #1099, #2285 ) ;
#3107 = CARTESIAN_POINT ( 'NONE',  ( 15.90805656467859563, -16.16638523616667200, 21.44576942264719577 ) ) ;
#3108 = CIRCLE ( 'NONE', #3404, 3.100000000000000977 ) ;
#3109 = EDGE_CURVE ( 'NONE', #2714, #2724, #3193, .T. ) ;
#3110 = AXIS2_PLACEMENT_3D ( 'NONE', #2449, #3061, #1016 ) ;
#3111 = CARTESIAN_POINT ( 'NONE',  ( -13.99999999999952038, -13.91573757788573573, 19.99999999999417710 ) ) ;
#3112 = DIRECTION ( 'NONE',  ( 0.000000000000000000, 0.000000000000000000, -1.000000000000000000 ) ) ;
#3113 = VERTEX_POINT ( 'NONE', #1475 ) ;
#3114 = DIRECTION ( 'NONE',  ( 0.000000000000000000, -1.000000000000000000, 0.000000000000000000 ) ) ;
#3115 = ORIENTED_EDGE ( 'NONE', *, *, #2178, .F. ) ;
#3116 = CIRCLE ( 'NONE', #2280, 3.100000000000000977 ) ;
#3117 = ORIENTED_EDGE ( 'NONE', *, *, #281, .T. ) ;
#3118 = CARTESIAN_POINT ( 'NONE',  ( -13.99999999999998757, -16.08426242211027457, 19.99999999999981171 ) ) ;
#3119 = CARTESIAN_POINT ( 'NONE',  ( -9.250000000000158096, 20.00000000000000355, 6.576606241341290904 ) ) ;
#3120 = ORIENTED_EDGE ( 'NONE', *, *, #473, .T. ) ;
#3121 = CARTESIAN_POINT ( 'NONE',  ( 0.000000000000000000, -72.60874452027914572, 20.00000000000000000 ) ) ;
#3122 = CARTESIAN_POINT ( 'NONE',  ( 25.00000000000000000, 5.000000000000004441, 40.00000000000000000 ) ) ;
#3123 = EDGE_CURVE ( 'NONE', #3556, #344, #2598, .T. ) ;
#3124 = CARTESIAN_POINT ( 'NONE',  ( -15.00000000000000178, -16.47499999999999787, 21.41421356237309581 ) ) ;
#3125 = CARTESIAN_POINT ( 'NONE',  ( 16.47489614312593531, -14.89997518126093823, 21.13999014403912824 ) ) ;
#3126 = EDGE_CURVE ( 'NONE', #2126, #3201, #2323, .T. ) ;
#3127 = CARTESIAN_POINT ( 'NONE',  ( -18.60000000000000142, -16.99999999999999645, 20.00000000000000000 ) ) ;
#3128 = CARTESIAN_POINT ( 'NONE',  ( -15.00000000000209077, -16.47500000000614762, 18.58578643762012206 ) ) ;
#3129 = ORIENTED_EDGE ( 'NONE', *, *, #3197, .T. ) ;
#3130 = LINE ( 'NONE', #2275, #1284 ) ;
#3131 = ORIENTED_EDGE ( 'NONE', *, *, #3374, .T. ) ;
#3132 = CARTESIAN_POINT ( 'NONE',  ( -7.807427890948584803, -16.99999999999999645, 3.477138216447146046 ) ) ;
#3133 = DIRECTION ( 'NONE',  ( 0.000000000000000000, -1.000000000000000000, 0.000000000000000000 ) ) ;
#3134 = ORIENTED_EDGE ( 'NONE', *, *, #196, .T. ) ;
#3135 = DIRECTION ( 'NONE',  ( 0.000000000000000000, -1.000000000000000000, 0.000000000000000000 ) ) ;
#3136 = CARTESIAN_POINT ( 'NONE',  ( 0.000000000000000000, 20.00000000000000355, 20.00000000000000000 ) ) ;
#3137 = DIRECTION ( 'NONE',  ( -1.000000000000000000, 0.000000000000000000, 0.000000000000000000 ) ) ;
#3138 = DIRECTION ( 'NONE',  ( 1.000000000000000000, 0.000000000000000000, 0.000000000000000000 ) ) ;
#3139 = COLOUR_RGB ( '',0.7921568627450980005, 0.8196078431372548767, 0.9333333333333333481 ) ;
#3140 = CARTESIAN_POINT ( 'NONE',  ( 7.750000000000062172, -16.80000000000000071, 33.42339375865876150 ) ) ;
#3141 = CARTESIAN_POINT ( 'NONE',  ( 13.99999999999999822, -16.79999999999999716, 20.00000000000000000 ) ) ;
#3142 = VECTOR ( 'NONE', #2703, 1000.000000000000114 ) ;
#3143 = EDGE_CURVE ( 'NONE', #3067, #406, #170, .T. ) ;
#3144 = DIRECTION ( 'NONE',  ( 0.000000000000000000, 1.000000000000000000, 0.000000000000000000 ) ) ;
#3145 = DIRECTION ( 'NONE',  ( 0.000000000000000000, -1.000000000000000000, 0.000000000000000000 ) ) ;
#3146 = ORIENTED_EDGE ( 'NONE', *, *, #1816, .T. ) ;
#3147 = DIRECTION ( 'NONE',  ( 0.000000000000000000, 0.000000000000000000, -1.000000000000000000 ) ) ;
#3148 = EDGE_CURVE ( 'NONE', #1105, #1931, #1255, .T. ) ;
#3149 = VERTEX_POINT ( 'NONE', #1278 ) ;
#3150 = DIRECTION ( 'NONE',  ( -1.000000000000000000, 0.000000000000000000, 0.000000000000000000 ) ) ;
#3151 = CARTESIAN_POINT ( 'NONE',  ( -25.00000000000000000, 13.52500000000000036, 0.000000000000000000 ) ) ;
#3152 = ORIENTED_EDGE ( 'NONE', *, *, #3535, .T. ) ;
#3153 = CARTESIAN_POINT ( 'NONE',  ( -25.00000000000000000, 16.47500000000000497, 0.000000000000000000 ) ) ;
#3154 = CARTESIAN_POINT ( 'NONE',  ( 16.46510539151768882, -14.80336762778093451, 18.85143718665663570 ) ) ;
#3155 = CARTESIAN_POINT ( 'NONE',  ( 25.00000000000000000, -13.52499999999999325, 0.000000000000000000 ) ) ;
#3156 = CARTESIAN_POINT ( 'NONE',  ( -25.00000000000000000, -14.99999999999999645, 40.00000000000000000 ) ) ;
#3157 = AXIS2_PLACEMENT_3D ( 'NONE', #698, #2938, #3191 ) ;
#3158 = LINE ( 'NONE', #71, #1927 ) ;
#3159 = CARTESIAN_POINT ( 'NONE',  ( -15.50000000000000000, -16.79999999999999716, 18.50000000000000000 ) ) ;
#3160 = CYLINDRICAL_SURFACE ( 'NONE', #1625, 1.475000000000002309 ) ;
#3161 = VECTOR ( 'NONE', #881, 1000.000000000000000 ) ;
#3162 = VERTEX_POINT ( 'NONE', #2405 ) ;
#3163 = CARTESIAN_POINT ( 'NONE',  ( -4.649999999999967493, -16.99999999999999645, 33.42339375865881124 ) ) ;
#3164 = ORIENTED_EDGE ( 'NONE', *, *, #322, .T. ) ;
#3165 = EDGE_CURVE ( 'NONE', #3592, #2426, #1453, .T. ) ;
#3166 = CIRCLE ( 'NONE', #564, 3.100000000000001865 ) ;
#3167 = VERTEX_POINT ( 'NONE', #1883 ) ;
#3168 = CARTESIAN_POINT ( 'NONE',  ( 7.692572109051509344, -16.99999999999999645, 9.676074266235277221 ) ) ;
#3169 = CARTESIAN_POINT ( 'NONE',  ( -16.32434239140682664, -15.65627166927392011, 21.25397190969444949 ) ) ;
#3170 = ORIENTED_EDGE ( 'NONE', *, *, #3311, .F. ) ;
#3171 = EDGE_CURVE ( 'NONE', #316, #230, #2165, .T. ) ;
#3172 = ORIENTED_EDGE ( 'NONE', *, *, #3018, .T. ) ;
#3173 = CARTESIAN_POINT ( 'NONE',  ( 14.11946187670370456, -13.81512145265580216, 20.60629239938234747 ) ) ;
#3174 = DIRECTION ( 'NONE',  ( -1.000000000000000000, 0.000000000000000000, 0.000000000000000000 ) ) ;
#3175 = FACE_OUTER_BOUND ( 'NONE', #236, .T. ) ;
#3176 = CARTESIAN_POINT ( 'NONE',  ( -15.00000000000000178, -13.52499999999999325, 40.00000000000000000 ) ) ;
#3177 = LINE ( 'NONE', #603, #1737 ) ;
#3178 = DIRECTION ( 'NONE',  ( 0.000000000000000000, -1.000000000000000000, 0.000000000000000000 ) ) ;
#3179 = ORIENTED_EDGE ( 'NONE', *, *, #1632, .F. ) ;
#3180 = CARTESIAN_POINT ( 'NONE',  ( -25.00000000000000000, -14.99999999999999645, 40.00000000000000000 ) ) ;
#3181 = VERTEX_POINT ( 'NONE', #3295 ) ;
#3182 = DIRECTION ( 'NONE',  ( 0.4999999999999978351, 0.000000000000000000, -0.8660254037844399289 ) ) ;
#3183 = VERTEX_POINT ( 'NONE', #2182 ) ;
#3184 = FACE_OUTER_BOUND ( 'NONE', #1848, .T. ) ;
#3185 = CARTESIAN_POINT ( 'NONE',  ( -16.27949115131221447, -14.26015685346147066, 21.28294543027586982 ) ) ;
#3186 = ORIENTED_EDGE ( 'NONE', *, *, #2747, .T. ) ;
#3187 = EDGE_CURVE ( 'NONE', #849, #428, #808, .T. ) ;
#3188 = EDGE_LOOP ( 'NONE', ( #2536, #169, #2617, #1368, #3194 ) ) ;
#3189 = CYLINDRICAL_SURFACE ( 'NONE', #74, 3.100000000000001865 ) ;
#3190 = CARTESIAN_POINT ( 'NONE',  ( -16.28751237410308761, -14.25574369296976229, 18.72022870514860671 ) ) ;
#3191 = DIRECTION ( 'NONE',  ( 0.000000000000000000, 1.000000000000000000, 0.000000000000000000 ) ) ;
#3192 = EDGE_CURVE ( 'NONE', #2010, #1339, #3310, .T. ) ;
#3193 = LINE ( 'NONE', #3214, #331 ) ;
#3194 = ORIENTED_EDGE ( 'NONE', *, *, #1950, .T. ) ;
#3195 = FACE_OUTER_BOUND ( 'NONE', #3265, .T. ) ;
#3196 = DIRECTION ( 'NONE',  ( -0.5000000000000037748, 0.000000000000000000, -0.8660254037844364872 ) ) ;
#3197 = EDGE_CURVE ( 'NONE', #1063, #522, #2644, .T. ) ;
#3198 = DIRECTION ( 'NONE',  ( -0.5000000000000101030, 0.000000000000000000, -0.8660254037844328234 ) ) ;
#3199 = VECTOR ( 'NONE', #2146, 1000.000000000000000 ) ;
#3200 = PLANE ( 'NONE',  #2625 ) ;
#3201 = VERTEX_POINT ( 'NONE', #1902 ) ;
#3202 = CARTESIAN_POINT ( 'NONE',  ( 15.50000000000000000, -16.79999999999999716, 18.50000000000000000 ) ) ;
#3203 = EDGE_LOOP ( 'NONE', ( #2899, #2970, #3456, #3249, #597 ) ) ;
#3204 = DIRECTION ( 'NONE',  ( 0.5000000000000099920, 0.000000000000000000, 0.8660254037844328234 ) ) ;
#3205 = ORIENTED_EDGE ( 'NONE', *, *, #642, .F. ) ;
#3206 = FACE_OUTER_BOUND ( 'NONE', #3084, .T. ) ;
#3207 = CLOSED_SHELL ( 'NONE', ( #3459, #3355, #1547, #1052, #3486, #797, #1263, #2820, #3052, #1671, #3549, #2009, #610, #3388, #1694, #2710, #2211, #181, #726, #1410, #2972, #2361, #1102, #1246, #1602, #153, #1553, #2883, #382, #2655, #1306, #1429, #2839, #1134, #3259, #3648, #718, #103, #738, #245, #591, #2504, #567, #2892, #1071, #3379, #1664, #2947, #1575, #2281, #2428, #1849, #2878, #2479, #3480, #1470, #3639, #176, #2858, #2794, #2362, #659, #813, #2687, #3293, #2784, #199, #263, #2624, #1107, #2580, #2753, #3215, #899, #1655, #1025, #1100, #3318, #2898, #1456, #1031, #3240, #1, #653, #1969, #537, #1903, #2809, #2628, #2241, #1975, #2458, #2260, #1591, #835, #1422, #2431, #2679, #109, #2335, #1826 ) ) ;
#3208 = CARTESIAN_POINT ( 'NONE',  ( 7.750000000000062172, -16.99999999999999645, 33.42339375865876150 ) ) ;
#3209 = EDGE_LOOP ( 'NONE', ( #1733, #1513, #2312, #1166 ) ) ;
#3210 = ORIENTED_EDGE ( 'NONE', *, *, #3192, .F. ) ;
#3211 = CARTESIAN_POINT ( 'NONE',  ( 7.750000000000062172, -16.80000000000000071, 33.42339375865876150 ) ) ;
#3212 = CARTESIAN_POINT ( 'NONE',  ( -7.692572109051724283, -16.99999999999999645, 9.676074266235438870 ) ) ;
#3213 = FACE_OUTER_BOUND ( 'NONE', #1754, .T. ) ;
#3214 = CARTESIAN_POINT ( 'NONE',  ( -4.649999999999967493, -16.99999999999999645, 33.42339375865881124 ) ) ;
#3215 = ADVANCED_FACE ( 'NONE', ( #2129 ), #1615, .F. ) ;
#3216 = ORIENTED_EDGE ( 'NONE', *, *, #471, .T. ) ;
#3217 = PRESENTATION_STYLE_ASSIGNMENT (( #661 ) ) ;
#3218 = CARTESIAN_POINT ( 'NONE',  ( 18.21293199325010903, -16.80000000000000071, 18.50000000000000000 ) ) ;
#3219 = CIRCLE ( 'NONE', #157, 3.100000000000001865 ) ;
#3220 = VECTOR ( 'NONE', #3507, 1000.000000000000000 ) ;
#3221 = FACE_BOUND ( 'NONE', #458, .T. ) ;
#3222 = VERTEX_POINT ( 'NONE', #2425 ) ;
#3223 = CIRCLE ( 'NONE', #558, 1.475000000000000533 ) ;
#3224 = ORIENTED_EDGE ( 'NONE', *, *, #2302, .T. ) ;
#3225 = VECTOR ( 'NONE', #3409, 1000.000000000000114 ) ;
#3226 = LINE ( 'NONE', #2948, #1892 ) ;
#3227 = ORIENTED_EDGE ( 'NONE', *, *, #3014, .F. ) ;
#3228 = DIRECTION ( 'NONE',  ( 1.000000000000000000, 0.000000000000000000, -4.625929269271481378E-15 ) ) ;
#3229 = DIRECTION ( 'NONE',  ( -1.000000000000000000, 0.000000000000000000, 0.000000000000000000 ) ) ;
#3230 = ORIENTED_EDGE ( 'NONE', *, *, #3436, .F. ) ;
#3231 = VECTOR ( 'NONE', #3261, 1000.000000000000000 ) ;
#3232 = ORIENTED_EDGE ( 'NONE', *, *, #3335, .F. ) ;
#3233 = CARTESIAN_POINT ( 'NONE',  ( -25.00000000000000000, 13.52500000000000036, 40.00000000000000000 ) ) ;
#3234 = CARTESIAN_POINT ( 'NONE',  ( 25.00000000000000000, -6.474999999999997868, 0.000000000000000000 ) ) ;
#3235 = DIRECTION ( 'NONE',  ( 0.000000000000000000, -1.000000000000000000, 0.000000000000000000 ) ) ;
#3236 = CARTESIAN_POINT ( 'NONE',  ( -2.180690873395531693, -25.81382660708156251, 39.00000000000000000 ) ) ;
#3237 = ORIENTED_EDGE ( 'NONE', *, *, #3278, .F. ) ;
#3238 = EDGE_CURVE ( 'NONE', #183, #1697, #3013, .T. ) ;
#3239 = CARTESIAN_POINT ( 'NONE',  ( 7.750000000000062172, -16.99999999999999645, 33.42339375865876150 ) ) ;
#3240 = ADVANCED_FACE ( 'NONE', ( #2740 ), #1011, .F. ) ;
#3241 = DIRECTION ( 'NONE',  ( -0.000000000000000000, 1.000000000000000000, -0.000000000000000000 ) ) ;
#3242 = ORIENTED_EDGE ( 'NONE', *, *, #2230, .T. ) ;
#3243 = VERTEX_POINT ( 'NONE', #448 ) ;
#3244 = EDGE_CURVE ( 'NONE', #1636, #3077, #209, .T. ) ;
#3245 = DIRECTION ( 'NONE',  ( 0.000000000000000000, 1.000000000000000000, 0.000000000000000000 ) ) ;
#3246 = EDGE_LOOP ( 'NONE', ( #996, #419, #1177 ) ) ;
#3247 = CARTESIAN_POINT ( 'NONE',  ( 0.000000000000000000, 20.00000000000000355, 13.00000000000000178 ) ) ;
#3248 = DIRECTION ( 'NONE',  ( -1.000000000000000000, 8.673617379884035472E-17, 0.000000000000000000 ) ) ;
#3249 = ORIENTED_EDGE ( 'NONE', *, *, #1192, .F. ) ;
#3250 = ORIENTED_EDGE ( 'NONE', *, *, #2468, .F. ) ;
#3251 = DIRECTION ( 'NONE',  ( 0.000000000000000000, 0.000000000000000000, -1.000000000000000000 ) ) ;
#3252 = DIRECTION ( 'NONE',  ( -0.000000000000000000, 1.000000000000000000, -0.000000000000000000 ) ) ;
#3253 = CARTESIAN_POINT ( 'NONE',  ( 7.807427890948473781, -16.80000000000000071, 36.52286178355291213 ) ) ;
#3254 = ORIENTED_EDGE ( 'NONE', *, *, #1529, .T. ) ;
#3255 = DIRECTION ( 'NONE',  ( 1.000000000000000000, 0.000000000000000000, 0.000000000000000000 ) ) ;
#3256 = DIRECTION ( 'NONE',  ( -0.5000000000000039968, -0.000000000000000000, -0.8660254037844363761 ) ) ;
#3257 = DIRECTION ( 'NONE',  ( 0.000000000000000000, -1.000000000000000000, 0.000000000000000000 ) ) ;
#3258 = ORIENTED_EDGE ( 'NONE', *, *, #3187, .F. ) ;
#3259 = ADVANCED_FACE ( 'NONE', ( #1579 ), #3273, .T. ) ;
#3260 = AXIS2_PLACEMENT_3D ( 'NONE', #1673, #2466, #3035 ) ;
#3261 = DIRECTION ( 'NONE',  ( -0.000000000000000000, 0.000000000000000000, -1.000000000000000000 ) ) ;
#3262 = PLANE ( 'NONE',  #303 ) ;
#3263 = DIRECTION ( 'NONE',  ( 0.000000000000000000, -1.000000000000000000, 0.000000000000000000 ) ) ;
#3264 = DIRECTION ( 'NONE',  ( 0.5000000000000101030, 0.000000000000000000, 0.8660254037844328234 ) ) ;
#3265 = EDGE_LOOP ( 'NONE', ( #2106, #1582, #882, #2118 ) ) ;
#3266 = AXIS2_PLACEMENT_3D ( 'NONE', #2554, #2537, #3150 ) ;
#3267 = EDGE_CURVE ( 'NONE', #3598, #3612, #3108, .T. ) ;
#3268 = VECTOR ( 'NONE', #2954, 1000.000000000000000 ) ;
#3269 = ORIENTED_EDGE ( 'NONE', *, *, #2468, .T. ) ;
#3270 = LINE ( 'NONE', #1275, #1565 ) ;
#3271 = CARTESIAN_POINT ( 'NONE',  ( -16.42626945870746269, -15.38844741422809825, 18.81989528181248517 ) ) ;
#3272 = CARTESIAN_POINT ( 'NONE',  ( -25.00000000000000000, 13.52500000000000036, 40.00000000000000000 ) ) ;
#3273 = PLANE ( 'NONE',  #3636 ) ;
#3274 = EDGE_CURVE ( 'NONE', #316, #299, #1588, .T. ) ;
#3275 = EDGE_LOOP ( 'NONE', ( #285, #1576, #838, #1772 ) ) ;
#3276 = FACE_BOUND ( 'NONE', #645, .T. ) ;
#3277 = DIRECTION ( 'NONE',  ( 1.000000000000000000, 0.000000000000000000, 0.000000000000000000 ) ) ;
#3278 = EDGE_CURVE ( 'NONE', #3556, #2318, #401, .T. ) ;
#3279 = AXIS2_PLACEMENT_3D ( 'NONE', #705, #396, #962 ) ;
#3280 = CYLINDRICAL_SURFACE ( 'NONE', #3002, 1.475000000000002309 ) ;
#3281 = EDGE_LOOP ( 'NONE', ( #1970, #62 ) ) ;
#3282 = CIRCLE ( 'NONE', #2626, 3.100000000000000977 ) ;
#3283 = FACE_OUTER_BOUND ( 'NONE', #3424, .T. ) ;
#3284 = AXIS2_PLACEMENT_3D ( 'NONE', #463, #3560, #692 ) ;
#3285 = CARTESIAN_POINT ( 'NONE',  ( -14.85211264951044541, -13.52499999999999503, 18.63807251181834346 ) ) ;
#3286 = EDGE_CURVE ( 'NONE', #1018, #2079, #356, .T. ) ;
#3287 = FACE_OUTER_BOUND ( 'NONE', #1334, .T. ) ;
#3288 = ORIENTED_EDGE ( 'NONE', *, *, #2306, .T. ) ;
#3289 = AXIS2_PLACEMENT_3D ( 'NONE', #2141, #1629, #713 ) ;
#3290 = EDGE_LOOP ( 'NONE', ( #725, #1266, #1128 ) ) ;
#3291 = DIRECTION ( 'NONE',  ( 1.000000000000000000, 0.000000000000000000, 0.000000000000000000 ) ) ;
#3292 = FACE_OUTER_BOUND ( 'NONE', #1047, .T. ) ;
#3293 = ADVANCED_FACE ( 'NONE', ( #3477 ), #2888, .F. ) ;
#3294 = AXIS2_PLACEMENT_3D ( 'NONE', #2448, #3352, #1604 ) ;
#3295 = CARTESIAN_POINT ( 'NONE',  ( 10.84999999999987708, -16.99999999999999645, 6.576606241341130143 ) ) ;
#3296 = CIRCLE ( 'NONE', #279, 1.475000000000001865 ) ;
#3297 = ORIENTED_EDGE ( 'NONE', *, *, #1935, .F. ) ;
#3298 = DIRECTION ( 'NONE',  ( 0.000000000000000000, -1.000000000000000000, 0.000000000000000000 ) ) ;
#3299 = DIRECTION ( 'NONE',  ( 0.000000000000000000, 0.000000000000000000, -1.000000000000000000 ) ) ;
#3300 = CARTESIAN_POINT ( 'NONE',  ( 15.50000000000000000, -16.99999999999999645, 20.00000000000000000 ) ) ;
#3301 = ORIENTED_EDGE ( 'NONE', *, *, #136, .T. ) ;
#3302 = DIRECTION ( 'NONE',  ( -0.000000000000000000, 1.000000000000000000, -0.000000000000000000 ) ) ;
#3303 = EDGE_LOOP ( 'NONE', ( #707, #171, #502, #1231 ) ) ;
#3304 = CARTESIAN_POINT ( 'NONE',  ( -7.749999999999968914, -16.99999999999999645, 33.42339375865881124 ) ) ;
#3305 = CARTESIAN_POINT ( 'NONE',  ( 10.40550410230157397, -16.80000000000000071, 4.977138216446956420 ) ) ;
#3306 = VERTEX_POINT ( 'NONE', #648 ) ;
#3307 = ORIENTED_EDGE ( 'NONE', *, *, #3082, .F. ) ;
#3308 = LINE ( 'NONE', #771, #1496 ) ;
#3309 = DIRECTION ( 'NONE',  ( 1.000000000000000000, 0.000000000000000000, 2.891205793294675861E-15 ) ) ;
#3310 = LINE ( 'NONE', #3550, #1218 ) ;
#3311 = EDGE_CURVE ( 'NONE', #28, #2000, #2081, .T. ) ;
#3312 = EDGE_LOOP ( 'NONE', ( #354, #1352, #2143, #2155, #897, #2199, #3146, #3445 ) ) ;
#3313 = EDGE_CURVE ( 'NONE', #3518, #461, #1824, .T. ) ;
#3314 = LINE ( 'NONE', #1919, #1087 ) ;
#3315 = FACE_OUTER_BOUND ( 'NONE', #1894, .T. ) ;
#3316 = CARTESIAN_POINT ( 'NONE',  ( -15.50000000000000000, -19.99999999999999645, 20.00000000000000000 ) ) ;
#3317 = VERTEX_POINT ( 'NONE', #1224 ) ;
#3318 = ADVANCED_FACE ( 'NONE', ( #438 ), #2416, .F. ) ;
#3319 = CARTESIAN_POINT ( 'NONE',  ( -25.00000000000000000, -16.47499999999999787, 40.00000000000000000 ) ) ;
#3320 = ORIENTED_EDGE ( 'NONE', *, *, #3148, .T. ) ;
#3321 = CARTESIAN_POINT ( 'NONE',  ( 7.749999999999874767, -16.80000000000000071, 6.576606241341130143 ) ) ;
#3322 = PLANE ( 'NONE',  #2514 ) ;
#3323 = VERTEX_POINT ( 'NONE', #1810 ) ;
#3324 = CIRCLE ( 'NONE', #1322, 1.500000000000001332 ) ;
#3325 = ORIENTED_EDGE ( 'NONE', *, *, #1984, .T. ) ;
#3326 = LINE ( 'NONE', #1544, #1988 ) ;
#3327 = AXIS2_PLACEMENT_3D ( 'NONE', #300, #901, #3425 ) ;
#3328 = LINE ( 'NONE', #208, #1324 ) ;
#3329 = CARTESIAN_POINT ( 'NONE',  ( -10.40550410230167877, -16.80000000000000071, 35.02286178355297608 ) ) ;
#3330 = VECTOR ( 'NONE', #2841, 1000.000000000000000 ) ;
#3331 = UNCERTAINTY_MEASURE_WITH_UNIT (LENGTH_MEASURE( 1.000000000000000082E-05 ), #2409, 'distance_accuracy_value', 'NONE');
#3332 = ORIENTED_EDGE ( 'NONE', *, *, #842, .F. ) ;
#3333 = LINE ( 'NONE', #2446, #2459 ) ;
#3334 = DIRECTION ( 'NONE',  ( 0.000000000000000000, -1.000000000000000000, 0.000000000000000000 ) ) ;
#3335 = EDGE_CURVE ( 'NONE', #1686, #3464, #1850, .T. ) ;
#3336 = EDGE_CURVE ( 'NONE', #3077, #1089, #3166, .T. ) ;
#3337 = VERTEX_POINT ( 'NONE', #2611 ) ;
#3338 = EDGE_CURVE ( 'NONE', #2465, #1911, #3060, .T. ) ;
#3339 = ORIENTED_EDGE ( 'NONE', *, *, #2492, .T. ) ;
#3340 = DIRECTION ( 'NONE',  ( 1.000000000000000000, 0.000000000000000000, 0.000000000000000000 ) ) ;
#3341 = DIRECTION ( 'NONE',  ( 1.000000000000000000, 0.000000000000000000, 1.156482317317870344E-15 ) ) ;
#3342 = AXIS2_PLACEMENT_3D ( 'NONE', #2056, #156, #2035 ) ;
#3343 = ORIENTED_EDGE ( 'NONE', *, *, #1253, .F. ) ;
#3344 = AXIS2_PLACEMENT_3D ( 'NONE', #2579, #2347, #2666 ) ;
#3345 = ORIENTED_EDGE ( 'NONE', *, *, #1392, .F. ) ;
#3346 = DIRECTION ( 'NONE',  ( 1.000000000000000000, 0.000000000000000000, 0.000000000000000000 ) ) ;
#3347 = DIRECTION ( 'NONE',  ( -1.000000000000000000, 0.000000000000000000, 0.000000000000000000 ) ) ;
#3348 = AXIS2_PLACEMENT_3D ( 'NONE', #2802, #1403, #519 ) ;
#3349 = ORIENTED_EDGE ( 'NONE', *, *, #27, .T. ) ;
#3350 = AXIS2_PLACEMENT_3D ( 'NONE', #2567, #313, #941 ) ;
#3351 = CARTESIAN_POINT ( 'NONE',  ( -7.807427890948584803, -16.80000000000000071, 3.477138216447146046 ) ) ;
#3352 = DIRECTION ( 'NONE',  ( -0.000000000000000000, 0.000000000000000000, -1.000000000000000000 ) ) ;
#3353 = CIRCLE ( 'NONE', #685, 1.500000000000001332 ) ;
#3354 = EDGE_CURVE ( 'NONE', #1686, #2010, #3353, .T. ) ;
#3355 = ADVANCED_FACE ( 'NONE', ( #1507 ), #2137, .F. ) ;
#3356 = LINE ( 'NONE', #3127, #2524 ) ;
#3357 = EDGE_LOOP ( 'NONE', ( #715, #222 ) ) ;
#3358 = DIRECTION ( 'NONE',  ( 0.000000000000000000, -1.000000000000000000, 0.000000000000000000 ) ) ;
#3359 = ORIENTED_EDGE ( 'NONE', *, *, #1065, .F. ) ;
#3360 = ORIENTED_EDGE ( 'NONE', *, *, #3335, .T. ) ;
#3361 = CARTESIAN_POINT ( 'NONE',  ( -14.03094735913969338, -13.88787047909454309, 20.31299703974077175 ) ) ;
#3362 = EDGE_CURVE ( 'NONE', #1215, #3149, #2112, .T. ) ;
#3363 = ORIENTED_EDGE ( 'NONE', *, *, #621, .T. ) ;
#3364 = CARTESIAN_POINT ( 'NONE',  ( -25.00000000000000000, 5.000000000000004441, 40.00000000000000000 ) ) ;
#3365 = DIRECTION ( 'NONE',  ( 0.000000000000000000, 1.000000000000000000, 0.000000000000000000 ) ) ;
#3366 = CYLINDRICAL_SURFACE ( 'NONE', #85, 1.475000000000002309 ) ;
#3367 = DIRECTION ( 'NONE',  ( -0.000000000000000000, 0.000000000000000000, -1.000000000000000000 ) ) ;
#3368 = ORIENTED_EDGE ( 'NONE', *, *, #3515, .F. ) ;
#3369 = CYLINDRICAL_SURFACE ( 'NONE', #1092, 3.100000000000001865 ) ;
#3370 = EDGE_CURVE ( 'NONE', #2906, #3602, #3226, .T. ) ;
#3371 = ORIENTED_EDGE ( 'NONE', *, *, #1945, .F. ) ;
#3372 = DIRECTION ( 'NONE',  ( 1.000000000000000000, 0.000000000000000000, 0.000000000000000000 ) ) ;
#3373 = CARTESIAN_POINT ( 'NONE',  ( 13.99999999999999822, 20.00000000000000355, 20.00000000000000000 ) ) ;
#3374 = EDGE_CURVE ( 'NONE', #192, #3612, #2337, .T. ) ;
#3375 = AXIS2_PLACEMENT_3D ( 'NONE', #2404, #1820, #2109 ) ;
#3376 = VERTEX_POINT ( 'NONE', #418 ) ;
#3377 = CARTESIAN_POINT ( 'NONE',  ( -2.180690873395531693, 20.00000000000000355, 39.00000000000000000 ) ) ;
#3378 = CARTESIAN_POINT ( 'NONE',  ( -7.807427890948357430, -16.80000000000000071, 36.52286178355296187 ) ) ;
#3379 = ADVANCED_FACE ( 'NONE', ( #1267 ), #2395, .F. ) ;
#3380 = CIRCLE ( 'NONE', #3327, 1.475000000000001865 ) ;
#3381 = VECTOR ( 'NONE', #1594, 1000.000000000000000 ) ;
#3382 = CIRCLE ( 'NONE', #960, 1.475000000000002309 ) ;
#3383 = FACE_OUTER_BOUND ( 'NONE', #2174, .T. ) ;
#3384 = EDGE_CURVE ( 'NONE', #166, #472, #3044, .T. ) ;
#3385 = CARTESIAN_POINT ( 'NONE',  ( 7.749999999999874767, -16.80000000000000071, 6.576606241341130143 ) ) ;
#3386 = CARTESIAN_POINT ( 'NONE',  ( -0.5260990984306727070, -12.99999999999999822, 19.30000000000000426 ) ) ;
#3387 = EDGE_LOOP ( 'NONE', ( #963, #1443, #903, #1199, #1962, #2868 ) ) ;
#3388 = ADVANCED_FACE ( 'NONE', ( #1947 ), #2485, .F. ) ;
#3389 = ORIENTED_EDGE ( 'NONE', *, *, #1512, .T. ) ;
#3390 = FACE_OUTER_BOUND ( 'NONE', #817, .T. ) ;
#3391 = LINE ( 'NONE', #1999, #2270 ) ;
#3392 = EDGE_LOOP ( 'NONE', ( #1898, #490, #3495, #3068 ) ) ;
#3393 = VECTOR ( 'NONE', #1494, 1000.000000000000000 ) ;
#3394 = EDGE_CURVE ( 'NONE', #1531, #1570, #1828, .T. ) ;
#3395 = ORIENTED_EDGE ( 'NONE', *, *, #2492, .F. ) ;
#3396 = FACE_OUTER_BOUND ( 'NONE', #76, .T. ) ;
#3397 = PLANE ( 'NONE',  #1812 ) ;
#3398 = CIRCLE ( 'NONE', #2043, 1.475000000000001865 ) ;
#3399 = LINE ( 'NONE', #1131, #95 ) ;
#3400 = CIRCLE ( 'NONE', #2169, 1.475000000000002309 ) ;
#3401 = B_SPLINE_CURVE_WITH_KNOTS ( 'NONE', 3,
 ( #8, #560, #1998, #834, #3096, #1684, #1180, #2872 ),
 .UNSPECIFIED., .F., .F.,
 ( 4, 2, 2, 4 ),
 ( 0.01316870943131064411, 0.01410544012590586420, 0.01457380547320347164, 0.01504217082050107734 ),
 .UNSPECIFIED. ) ;
#3402 = DIRECTION ( 'NONE',  ( -0.000000000000000000, 0.000000000000000000, -1.000000000000000000 ) ) ;
#3403 = CARTESIAN_POINT ( 'NONE',  ( 16.42571167292966905, -14.60944420288845258, 21.18054700509718558 ) ) ;
#3404 = AXIS2_PLACEMENT_3D ( 'NONE', #1317, #3568, #3586 ) ;
#3405 = AXIS2_PLACEMENT_3D ( 'NONE', #1239, #2307, #704 ) ;
#3406 = DIRECTION ( 'NONE',  ( -0.000000000000000000, 1.000000000000000000, -0.000000000000000000 ) ) ;
#3407 = DIRECTION ( 'NONE',  ( 0.000000000000000000, 1.000000000000000000, 0.000000000000000000 ) ) ;
#3408 = EDGE_LOOP ( 'NONE', ( #935, #3371 ) ) ;
#3409 = DIRECTION ( 'NONE',  ( 0.4999999999999979461, 0.000000000000000000, -0.8660254037844397068 ) ) ;
#3410 = ORIENTED_EDGE ( 'NONE', *, *, #1369, .T. ) ;
#3411 = VERTEX_POINT ( 'NONE', #3319 ) ;
#3412 = DIRECTION ( 'NONE',  ( 0.000000000000000000, -1.000000000000000000, 0.000000000000000000 ) ) ;
#3413 = VERTEX_POINT ( 'NONE', #751 ) ;
#3414 = CYLINDRICAL_SURFACE ( 'NONE', #3037, 1.500000000000001332 ) ;
#3415 = CARTESIAN_POINT ( 'NONE',  ( 16.46498858200956050, -15.19729361597037531, 18.85134093139805600 ) ) ;
#3416 = CARTESIAN_POINT ( 'NONE',  ( 0.000000000000000000, 20.00000000000000355, 20.00000000000000000 ) ) ;
#3417 = CARTESIAN_POINT ( 'NONE',  ( 9.049038105676716626, -16.79999999999999716, 32.67339375865875439 ) ) ;
#3418 = EDGE_CURVE ( 'NONE', #230, #1405, #1524, .T. ) ;
#3419 = DIRECTION ( 'NONE',  ( 0.000000000000000000, 0.000000000000000000, -1.000000000000000000 ) ) ;
#3420 = CARTESIAN_POINT ( 'NONE',  ( 30.00000000000000000, 20.00000000000000355, 0.000000000000000000 ) ) ;
#3421 = DIRECTION ( 'NONE',  ( 0.000000000000000000, -1.000000000000000000, 0.000000000000000000 ) ) ;
#3422 = CARTESIAN_POINT ( 'NONE',  ( 5.094495897698177345, -16.99999999999999645, 8.176074266235303867 ) ) ;
#3423 = EDGE_LOOP ( 'NONE', ( #1160, #757 ) ) ;
#3424 = EDGE_LOOP ( 'NONE', ( #2376, #1450, #2851, #3345, #1589 ) ) ;
#3425 = DIRECTION ( 'NONE',  ( 0.000000000000000000, 1.000000000000000000, 0.000000000000000000 ) ) ;
#3426 = CARTESIAN_POINT ( 'NONE',  ( -15.47620506326006939, -16.39947137884945505, 21.50256062139482793 ) ) ;
#3427 = ORIENTED_EDGE ( 'NONE', *, *, #1476, .T. ) ;
#3428 = LINE ( 'NONE', #1232, #727 ) ;
#3429 = LINE ( 'NONE', #1762, #1034 ) ;
#3430 = PLANE ( 'NONE',  #3106 ) ;
#3431 = CIRCLE ( 'NONE', #2440, 6.100000000000001421 ) ;
#3432 = CARTESIAN_POINT ( 'NONE',  ( -13.99999999999998757, -16.08426242211027457, 19.99999999999981171 ) ) ;
#3433 = EDGE_CURVE ( 'NONE', #304, #1895, #728, .T. ) ;
#3434 = CIRCLE ( 'NONE', #1490, 1.475000000000000533 ) ;
#3435 = AXIS2_PLACEMENT_3D ( 'NONE', #2423, #2993, #3291 ) ;
#3436 = EDGE_CURVE ( 'NONE', #3113, #2828, #2228, .T. ) ;
#3437 = CARTESIAN_POINT ( 'NONE',  ( 7.807427890948242855, -16.99999999999999645, 3.477138216446983066 ) ) ;
#3438 = EDGE_LOOP ( 'NONE', ( #864, #1815, #3441, #1681, #2013 ) ) ;
#3439 = CYLINDRICAL_SURFACE ( 'NONE', #1890, 3.100000000000001865 ) ;
#3440 = ORIENTED_EDGE ( 'NONE', *, *, #2662, .T. ) ;
#3441 = ORIENTED_EDGE ( 'NONE', *, *, #423, .F. ) ;
#3442 = B_SPLINE_CURVE_WITH_KNOTS ( 'NONE', 3,
 ( #3432, #1782, #1478, #308, #2780, #2860, #329, #1132, #1156, #3124 ),
 .UNSPECIFIED., .F., .F.,
 ( 4, 2, 2, 2, 4 ),
 ( 0.01034722347093061309, 0.01081660734882245248, 0.01128599122671429186, 0.01175537510460613125, 0.01222475898249797063 ),
 .UNSPECIFIED. ) ;
#3443 = DIRECTION ( 'NONE',  ( 0.5000000000000101030, 0.000000000000000000, 0.8660254037844328234 ) ) ;
#3444 = DIRECTION ( 'NONE',  ( 0.000000000000000000, 1.000000000000000000, 0.000000000000000000 ) ) ;
#3445 = ORIENTED_EDGE ( 'NONE', *, *, #54, .T. ) ;
#3446 = CARTESIAN_POINT ( 'NONE',  ( 29.99999999999999645, -19.99999999999999645, 40.00000000000000000 ) ) ;
#3447 = DIRECTION ( 'NONE',  ( 0.000000000000000000, 0.000000000000000000, -1.000000000000000000 ) ) ;
#3448 = LINE ( 'NONE', #2091, #2697 ) ;
#3449 = LINE ( 'NONE', #678, #224 ) ;
#3450 = VECTOR ( 'NONE', #2204, 1000.000000000000000 ) ;
#3451 = VECTOR ( 'NONE', #1029, 1000.000000000000114 ) ;
#3452 = DIRECTION ( 'NONE',  ( -0.5000000000000038858, 0.000000000000000000, -0.8660254037844363761 ) ) ;
#3453 = VECTOR ( 'NONE', #2226, 1000.000000000000000 ) ;
#3454 = CARTESIAN_POINT ( 'NONE',  ( 10.40550410230178180, -16.80000000000000071, 35.02286178355289792 ) ) ;
#3455 = AXIS2_PLACEMENT_3D ( 'NONE', #2248, #2234, #1674 ) ;
#3456 = ORIENTED_EDGE ( 'NONE', *, *, #3005, .F. ) ;
#3457 = DIRECTION ( 'NONE',  ( -0.3420201433256640500, 0.000000000000000000, 0.9396926207859100932 ) ) ;
#3458 = ORIENTED_EDGE ( 'NONE', *, *, #1646, .F. ) ;
#3459 = ADVANCED_FACE ( 'NONE', ( #1910 ), #491, .F. ) ;
#3460 = DIRECTION ( 'NONE',  ( 0.000000000000000000, -1.000000000000000000, 0.000000000000000000 ) ) ;
#3461 = EDGE_LOOP ( 'NONE', ( #2700, #975, #3117, #1058 ) ) ;
#3462 = LINE ( 'NONE', #711, #1561 ) ;
#3463 = DIRECTION ( 'NONE',  ( 0.000000000000000000, 0.000000000000000000, -1.000000000000000000 ) ) ;
#3464 = VERTEX_POINT ( 'NONE', #2822 ) ;
#3465 = PRODUCT_DEFINITION ( 'UNKNOWN', '', #809, #2245 ) ;
#3466 = ORIENTED_EDGE ( 'NONE', *, *, #1654, .T. ) ;
#3467 = CARTESIAN_POINT ( 'NONE',  ( 14.99999999999999822, -13.52499999999999325, 21.41421356237309226 ) ) ;
#3468 = DIRECTION ( 'NONE',  ( 1.000000000000000000, 0.000000000000000000, 0.000000000000000000 ) ) ;
#3469 = DIRECTION ( 'NONE',  ( 0.000000000000000000, 1.000000000000000000, 0.000000000000000000 ) ) ;
#3470 = DIRECTION ( 'NONE',  ( 0.000000000000000000, 0.000000000000000000, -1.000000000000000000 ) ) ;
#3471 = EDGE_LOOP ( 'NONE', ( #2503, #1825, #140, #964 ) ) ;
#3472 = PLANE ( 'NONE',  #1114 ) ;
#3473 = CARTESIAN_POINT ( 'NONE',  ( -12.78706800674989097, -16.99999999999999645, 21.50000000000000000 ) ) ;
#3474 = ORIENTED_EDGE ( 'NONE', *, *, #1020, .T. ) ;
#3475 = DIRECTION ( 'NONE',  ( 1.000000000000000000, 0.000000000000000000, 0.000000000000000000 ) ) ;
#3476 = VERTEX_POINT ( 'NONE', #2290 ) ;
#3477 = FACE_OUTER_BOUND ( 'NONE', #378, .T. ) ;
#3478 = VERTEX_POINT ( 'NONE', #19 ) ;
#3479 = PLANE ( 'NONE',  #1976 ) ;
#3480 = ADVANCED_FACE ( 'NONE', ( #1103, #294, #57, #2223, #2585, #2863, #878, #538, #1712, #1158, #2252 ), #844, .T. ) ;
#3481 = CARTESIAN_POINT ( 'NONE',  ( -16.32402401303679440, -14.34293281453375357, 21.25419852190206527 ) ) ;
#3482 = ORIENTED_EDGE ( 'NONE', *, *, #2750, .T. ) ;
#3483 = ORIENTED_EDGE ( 'NONE', *, *, #2306, .F. ) ;
#3484 = DIRECTION ( 'NONE',  ( 0.4999999999999979461, 0.000000000000000000, -0.8660254037844397068 ) ) ;
#3485 = CARTESIAN_POINT ( 'NONE',  ( -16.28754535011469073, -15.74420099947530716, 18.72024938993061127 ) ) ;
#3486 = ADVANCED_FACE ( 'NONE', ( #310 ), #1423, .F. ) ;
#3487 = DIRECTION ( 'NONE',  ( 0.000000000000000000, 1.000000000000000000, 0.000000000000000000 ) ) ;
#3488 = CARTESIAN_POINT ( 'NONE',  ( 7.750000000000062172, -16.99999999999999645, 33.42339375865876150 ) ) ;
#3489 = ORIENTED_EDGE ( 'NONE', *, *, #3286, .T. ) ;
#3490 = DIRECTION ( 'NONE',  ( 0.000000000000000000, 1.000000000000000000, 0.000000000000000000 ) ) ;
#3491 = CARTESIAN_POINT ( 'NONE',  ( -25.00000000000000000, 5.000000000000004441, 40.00000000000000000 ) ) ;
#3492 = VECTOR ( 'NONE', #1357, 1000.000000000000000 ) ;
#3493 = FACE_BOUND ( 'NONE', #302, .T. ) ;
#3494 = ORIENTED_EDGE ( 'NONE', *, *, #320, .F. ) ;
#3495 = ORIENTED_EDGE ( 'NONE', *, *, #1417, .F. ) ;
#3496 = AXIS2_PLACEMENT_3D ( 'NONE', #1634, #3032, #791 ) ;
#3497 = CARTESIAN_POINT ( 'NONE',  ( -5.094495897698419817, -16.80000000000000071, 8.176074266235408672 ) ) ;
#3498 = ORIENTED_EDGE ( 'NONE', *, *, #1143, .F. ) ;
#3499 = CIRCLE ( 'NONE', #2910, 1.475000000000000533 ) ;
#3500 = CARTESIAN_POINT ( 'NONE',  ( 6.361574665857324895, -12.99999999999999822, 37.47828274661793557 ) ) ;
#3501 = AXIS2_PLACEMENT_3D ( 'NONE', #2600, #2017, #369 ) ;
#3502 = LINE ( 'NONE', #2436, #2336 ) ;
#3503 = EDGE_LOOP ( 'NONE', ( #214, #1522, #492, #666, #3056 ) ) ;
#3504 = ORIENTED_EDGE ( 'NONE', *, *, #1803, .F. ) ;
#3505 = CARTESIAN_POINT ( 'NONE',  ( 15.50000000000000000, -16.99999999999999645, 20.00000000000000000 ) ) ;
#3506 = CARTESIAN_POINT ( 'NONE',  ( -16.42629483623590403, -14.61168235452587005, 18.81991596586769688 ) ) ;
#3507 = DIRECTION ( 'NONE',  ( -0.000000000000000000, 0.000000000000000000, -1.000000000000000000 ) ) ;
#3508 = LINE ( 'NONE', #2367, #854 ) ;
#3509 = EDGE_CURVE ( 'NONE', #1716, #853, #1136, .T. ) ;
#3510 = ORIENTED_EDGE ( 'NONE', *, *, #1581, .F. ) ;
#3511 = EDGE_CURVE ( 'NONE', #1701, #344, #2271, .T. ) ;
#3512 = FACE_OUTER_BOUND ( 'NONE', #2355, .T. ) ;
#3513 = LINE ( 'NONE', #2942, #1574 ) ;
#3514 = CIRCLE ( 'NONE', #317, 1.475000000000002309 ) ;
#3515 = EDGE_CURVE ( 'NONE', #1370, #177, #2470, .T. ) ;
#3516 = AXIS2_PLACEMENT_3D ( 'NONE', #2879, #933, #3487 ) ;
#3517 = CARTESIAN_POINT ( 'NONE',  ( -25.00000000000000000, 3.525000000000002576, 40.00000000000000000 ) ) ;
#3518 = VERTEX_POINT ( 'NONE', #2020 ) ;
#3519 = AXIS2_PLACEMENT_3D ( 'NONE', #2474, #574, #1104 ) ;
#3520 = ORIENTED_EDGE ( 'NONE', *, *, #938, .T. ) ;
#3521 = EDGE_CURVE ( 'NONE', #2606, #2831, #2935, .T. ) ;
#3522 = CARTESIAN_POINT ( 'NONE',  ( -25.00000000000000000, 5.000000000000004441, 40.00000000000000000 ) ) ;
#3523 = EDGE_LOOP ( 'NONE', ( #2550, #2372, #188, #3368, #1658, #283, #3216, #533 ) ) ;
#3524 = CARTESIAN_POINT ( 'NONE',  ( -6.249999999999967137, -12.99999999999999822, 33.42339375865881124 ) ) ;
#3525 = CARTESIAN_POINT ( 'NONE',  ( 0.000000000000000000, -12.99999999999999822, 13.00000000000000178 ) ) ;
#3526 = VERTEX_POINT ( 'NONE', #3111 ) ;
#3527 = VERTEX_POINT ( 'NONE', #1961 ) ;
#3528 = AXIS2_PLACEMENT_3D ( 'NONE', #1661, #1380, #460 ) ;
#3529 = CARTESIAN_POINT ( 'NONE',  ( 25.00000000000000000, 15.00000000000000355, 0.000000000000000000 ) ) ;
#3530 = CARTESIAN_POINT ( 'NONE',  ( 15.50000000000000000, -16.79999999999999716, 20.00000000000000000 ) ) ;
#3531 = CARTESIAN_POINT ( 'NONE',  ( -7.750000000000156319, -16.99999999999999645, 6.576606241341290904 ) ) ;
#3532 = ORIENTED_EDGE ( 'NONE', *, *, #841, .T. ) ;
#3533 = DIRECTION ( 'NONE',  ( 0.000000000000000000, 1.000000000000000000, 0.000000000000000000 ) ) ;
#3534 = CARTESIAN_POINT ( 'NONE',  ( 7.692572109051509344, -16.80000000000000071, 9.676074266235277221 ) ) ;
#3535 = EDGE_CURVE ( 'NONE', #3598, #144, #2520, .T. ) ;
#3536 = FACE_OUTER_BOUND ( 'NONE', #1957, .T. ) ;
#3537 = CYLINDRICAL_SURFACE ( 'NONE', #1936, 6.100000000000001421 ) ;
#3538 = EDGE_CURVE ( 'NONE', #1911, #2768, #2546, .T. ) ;
#3539 = ORIENTED_EDGE ( 'NONE', *, *, #3433, .F. ) ;
#3540 = DIRECTION ( 'NONE',  ( 0.000000000000000000, -1.000000000000000000, 0.000000000000000000 ) ) ;
#3541 = ORIENTED_EDGE ( 'NONE', *, *, #2991, .F. ) ;
#3542 = CARTESIAN_POINT ( 'NONE',  ( -15.50000000000000000, -16.99999999999999645, 20.00000000000000000 ) ) ;
#3543 = DIRECTION ( 'NONE',  ( 0.000000000000000000, 1.000000000000000000, 0.000000000000000000 ) ) ;
#3544 = ORIENTED_EDGE ( 'NONE', *, *, #3043, .T. ) ;
#3545 = ORIENTED_EDGE ( 'NONE', *, *, #1223, .F. ) ;
#3546 = DIRECTION ( 'NONE',  ( 1.000000000000000000, 0.000000000000000000, 0.000000000000000000 ) ) ;
#3547 = DIRECTION ( 'NONE',  ( 0.000000000000000000, -1.000000000000000000, 0.000000000000000000 ) ) ;
#3548 = CARTESIAN_POINT ( 'NONE',  ( -10.40550410230167877, -16.80000000000000071, 35.02286178355297608 ) ) ;
#3549 = ADVANCED_FACE ( 'NONE', ( #3638 ), #1977, .F. ) ;
#3550 = CARTESIAN_POINT ( 'NONE',  ( 13.99999999999999822, 20.00000000000000355, 20.00000000000000000 ) ) ;
#3551 = ORIENTED_EDGE ( 'NONE', *, *, #423, .T. ) ;
#3552 = FILL_AREA_STYLE ('',( #956 ) ) ;
#3553 = DIRECTION ( 'NONE',  ( 0.000000000000000000, 1.000000000000000000, 0.000000000000000000 ) ) ;
#3554 = FACE_OUTER_BOUND ( 'NONE', #3246, .T. ) ;
#3555 = EDGE_CURVE ( 'NONE', #3527, #1627, #3356, .T. ) ;
#3556 = VERTEX_POINT ( 'NONE', #1678 ) ;
#3557 = EDGE_CURVE ( 'NONE', #3181, #804, #916, .T. ) ;
#3558 = ORIENTED_EDGE ( 'NONE', *, *, #787, .T. ) ;
#3559 = FACE_OUTER_BOUND ( 'NONE', #3290, .T. ) ;
#3560 = DIRECTION ( 'NONE',  ( 0.000000000000000000, 0.000000000000000000, -1.000000000000000000 ) ) ;
#3561 = ORIENTED_EDGE ( 'NONE', *, *, #1272, .T. ) ;
#3562 = CIRCLE ( 'NONE', #3033, 1.500000000000001332 ) ;
#3563 = CIRCLE ( 'NONE', #3088, 3.100000000000001865 ) ;
#3564 = ORIENTED_EDGE ( 'NONE', *, *, #3313, .F. ) ;
#3565 = DIRECTION ( 'NONE',  ( 1.000000000000000000, 0.000000000000000000, 0.000000000000000000 ) ) ;
#3566 = DIRECTION ( 'NONE',  ( -0.000000000000000000, 1.000000000000000000, -0.000000000000000000 ) ) ;
#3567 = CARTESIAN_POINT ( 'NONE',  ( -0.5260990984306727070, -19.99999999999999645, 19.30000000000000426 ) ) ;
#3568 = DIRECTION ( 'NONE',  ( 0.000000000000000000, -1.000000000000000000, 0.000000000000000000 ) ) ;
#3569 = ORIENTED_EDGE ( 'NONE', *, *, #2873, .F. ) ;
#3570 = CARTESIAN_POINT ( 'NONE',  ( 7.749999999999874767, 20.00000000000000355, 6.576606241341130143 ) ) ;
#3571 = AXIS2_PLACEMENT_3D ( 'NONE', #3239, #2074, #3196 ) ;
#3572 = DIRECTION ( 'NONE',  ( -0.5000000000000101030, 0.000000000000000000, -0.8660254037844328234 ) ) ;
#3573 = VERTEX_POINT ( 'NONE', #2795 ) ;
#3574 = AXIS2_PLACEMENT_3D ( 'NONE', #68, #3235, #2069 ) ;
#3575 = EDGE_LOOP ( 'NONE', ( #3504, #543, #3224 ) ) ;
#3576 = AXIS2_PLACEMENT_3D ( 'NONE', #2733, #754, #1023 ) ;
#3577 = CARTESIAN_POINT ( 'NONE',  ( -13.99999999999999822, -16.79999999999999716, 20.00000000000000000 ) ) ;
#3578 = PLANE ( 'NONE',  #457 ) ;
#3579 = VERTEX_POINT ( 'NONE', #554 ) ;
#3580 = EDGE_CURVE ( 'NONE', #2724, #1931, #758, .T. ) ;
#3581 = AXIS2_PLACEMENT_3D ( 'NONE', #811, #3334, #1082 ) ;
#3582 = ORIENTED_EDGE ( 'NONE', *, *, #223, .F. ) ;
#3583 = LINE ( 'NONE', #3233, #2256 ) ;
#3584 = CARTESIAN_POINT ( 'NONE',  ( 14.18779047777479008, -16.23521719497913907, 20.74197021450676814 ) ) ;
#3585 = CIRCLE ( 'NONE', #38, 6.100000000000001421 ) ;
#3586 = DIRECTION ( 'NONE',  ( 0.5000000000000102141, 0.000000000000000000, 0.8660254037844327124 ) ) ;
#3587 = VECTOR ( 'NONE', #3367, 1000.000000000000000 ) ;
#3588 = VERTEX_POINT ( 'NONE', #981 ) ;
#3589 = DIRECTION ( 'NONE',  ( 1.000000000000000000, 0.000000000000000000, 0.000000000000000000 ) ) ;
#3590 = FACE_OUTER_BOUND ( 'NONE', #3461, .T. ) ;
#3591 = CARTESIAN_POINT ( 'NONE',  ( -5.094495897698425146, -16.99999999999999645, 8.176074266235406895 ) ) ;
#3592 = VERTEX_POINT ( 'NONE', #2671 ) ;
#3593 = DIRECTION ( 'NONE',  ( 0.000000000000000000, 1.000000000000000000, 0.000000000000000000 ) ) ;
#3594 = CARTESIAN_POINT ( 'NONE',  ( 4.649999999999874234, -16.99999999999999645, 6.576606241341130143 ) ) ;
#3595 = DIRECTION ( 'NONE',  ( 0.4999999999999980571, 0.000000000000000000, -0.8660254037844395958 ) ) ;
#3596 = EDGE_LOOP ( 'NONE', ( #766, #10, #2444, #1562 ) ) ;
#3597 = EDGE_CURVE ( 'NONE', #2156, #1721, #229, .T. ) ;
#3598 = VERTEX_POINT ( 'NONE', #683 ) ;
#3599 = DIRECTION ( 'NONE',  ( 1.000000000000000000, 0.000000000000000000, 0.000000000000000000 ) ) ;
#3600 = LINE ( 'NONE', #760, #256 ) ;
#3601 = EDGE_CURVE ( 'NONE', #384, #1106, #2627, .T. ) ;
#3602 = VERTEX_POINT ( 'NONE', #1804 ) ;
#3603 = DIRECTION ( 'NONE',  ( 0.000000000000000000, -1.000000000000000000, 0.000000000000000000 ) ) ;
#3604 = PLANE ( 'NONE',  #1822 ) ;
#3605 = CARTESIAN_POINT ( 'NONE',  ( -7.750000000000156319, -19.99999999999999645, 6.576606241341290904 ) ) ;
#3606 = DIRECTION ( 'NONE',  ( 0.000000000000000000, -1.000000000000000000, 0.000000000000000000 ) ) ;
#3607 = ORIENTED_EDGE ( 'NONE', *, *, #974, .F. ) ;
#3608 = EDGE_CURVE ( 'NONE', #1768, #2126, #2882, .T. ) ;
#3609 = ORIENTED_EDGE ( 'NONE', *, *, #2305, .T. ) ;
#3610 = DIRECTION ( 'NONE',  ( 0.4999999999999980571, 0.000000000000000000, -0.8660254037844395958 ) ) ;
#3611 = LINE ( 'NONE', #266, #3453 ) ;
#3612 = VERTEX_POINT ( 'NONE', #3591 ) ;
#3613 = CIRCLE ( 'NONE', #1069, 1.475000000000002309 ) ;
#3614 = ORIENTED_EDGE ( 'NONE', *, *, #2728, .T. ) ;
#3615 = AXIS2_PLACEMENT_3D ( 'NONE', #1269, #2950, #3228 ) ;
#3616 = DIRECTION ( 'NONE',  ( -0.000000000000000000, 0.000000000000000000, -1.000000000000000000 ) ) ;
#3617 = DIRECTION ( 'NONE',  ( -0.4999999999999920619, 0.000000000000000000, 0.8660254037844432595 ) ) ;
#3618 = EDGE_CURVE ( 'NONE', #144, #99, #3116, .T. ) ;
#3619 = ORIENTED_EDGE ( 'NONE', *, *, #634, .F. ) ;
#3620 = LINE ( 'NONE', #31, #29 ) ;
#3621 = DIRECTION ( 'NONE',  ( -0.5000000000000039968, -0.000000000000000000, -0.8660254037844363761 ) ) ;
#3622 = PRODUCT_RELATED_PRODUCT_CATEGORY ( 'part', '', ( #2324 ) ) ;
#3623 = ORIENTED_EDGE ( 'NONE', *, *, #2075, .T. ) ;
#3624 = CARTESIAN_POINT ( 'NONE',  ( 7.749999999999874767, -19.99999999999999645, 6.576606241341130143 ) ) ;
#3625 = AXIS2_PLACEMENT_3D ( 'NONE', #1845, #1499, #2601 ) ;
#3626 = ORIENTED_EDGE ( 'NONE', *, *, #2329, .T. ) ;
#3627 = AXIS2_PLACEMENT_3D ( 'NONE', #742, #2132, #1905 ) ;
#3628 = ORIENTED_EDGE ( 'NONE', *, *, #96, .T. ) ;
#3629 = DIRECTION ( 'NONE',  ( 0.5000000000000102141, 0.000000000000000000, 0.8660254037844327124 ) ) ;
#3630 = FACE_OUTER_BOUND ( 'NONE', #443, .T. ) ;
#3631 = VECTOR ( 'NONE', #2526, 1000.000000000000000 ) ;
#3632 = EDGE_LOOP ( 'NONE', ( #79, #1125, #2227, #1851 ) ) ;
#3633 = AXIS2_PLACEMENT_3D ( 'NONE', #2726, #1035, #1906 ) ;
#3634 = CARTESIAN_POINT ( 'NONE',  ( -18.21293199325010903, -16.80000000000000071, 21.50000000000000000 ) ) ;
#3635 = CARTESIAN_POINT ( 'NONE',  ( 6.250000000000061284, -12.99999999999999822, 33.42339375865876150 ) ) ;
#3636 = AXIS2_PLACEMENT_3D ( 'NONE', #737, #470, #191 ) ;
#3637 = CARTESIAN_POINT ( 'NONE',  ( 18.60000000000000142, -16.80000000000000071, 20.00000000000000000 ) ) ;
#3638 = FACE_OUTER_BOUND ( 'NONE', #3049, .T. ) ;
#3639 = ADVANCED_FACE ( 'NONE', ( #3536 ), #3280, .F. ) ;
#3640 = EDGE_LOOP ( 'NONE', ( #3134, #968, #1241, #3539 ) ) ;
#3641 = DIRECTION ( 'NONE',  ( -0.000000000000000000, 0.000000000000000000, -1.000000000000000000 ) ) ;
#3642 = ORIENTED_EDGE ( 'NONE', *, *, #366, .T. ) ;
#3643 = VERTEX_POINT ( 'NONE', #1641 ) ;
#3644 = EDGE_CURVE ( 'NONE', #3181, #1952, #1361, .T. ) ;
#3645 = CARTESIAN_POINT ( 'NONE',  ( 15.50000000000000000, -16.79999999999999716, 20.00000000000000000 ) ) ;
#3646 = LINE ( 'NONE', #3373, #1514 ) ;
#3647 = ORIENTED_EDGE ( 'NONE', *, *, #3027, .T. ) ;
#3648 = ADVANCED_FACE ( 'NONE', ( #1891 ), #1869, .T. ) ;
#3649 = CARTESIAN_POINT ( 'NONE',  ( 14.99999999999999822, -13.52499999999999325, 18.58578643762690774 ) ) ;
#3650 = FACE_BOUND ( 'NONE', #1291, .T. ) ;
#3651 = CARTESIAN_POINT ( 'NONE',  ( 0.000000000000000000, -72.60874452027914572, 20.00000000000000000 ) ) ;
ENDSEC;
END-ISO-10303-21;
