ISO-10303-21;
HEADER;
FILE_DESCRIPTION (( 'STEP AP214' ),
    '1' );
FILE_NAME ('ServoBracket.STEP',
    '2026-09-12T21:58:47',
    ( '' ),
    ( '' ),
    'SwSTEP 2.0',
    'SolidWorks 2026',
    '' );
FILE_SCHEMA (( 'AUTOMOTIVE_DESIGN' ));
ENDSEC;

DATA;
#1 = CARTESIAN_POINT ( 'NONE',  ( 21.00000000000019185, -19.49999999999985079, 4.999999999999861444 ) ) ;
#2 = CARTESIAN_POINT ( 'NONE',  ( 1.681321886725329007, -5.190481468493865158, 5.500000000000000000 ) ) ;
#3 = CARTESIAN_POINT ( 'NONE',  ( 0.1819261412857484661, -14.43744742198848563, 6.000000000000000000 ) ) ;
#4 = ORIENTED_EDGE ( 'NONE', *, *, #218, .T. ) ;
#5 = ORIENTED_EDGE ( 'NONE', *, *, #5094, .T. ) ;
#6 = DIRECTION ( 'NONE',  ( 6.982962677686265922E-15, 4.876176775795934672E-29, 1.000000000000000000 ) ) ;
#7 = DIRECTION ( 'NONE',  ( 0.1429229027406662689, -0.9897338247590521387, 2.189528850507527159E-47 ) ) ;
#8 = EDGE_CURVE ( 'NONE', #4870, #3296, #6328, .T. ) ;
#9 = DIRECTION ( 'NONE',  ( -7.888609052210118054E-31, -5.605193857299268284E-45, 1.000000000000000000 ) ) ;
#10 = VECTOR ( 'NONE', #167, 1000.000000000000000 ) ;
#11 = DIRECTION ( 'NONE',  ( -6.867314445954479045E-15, -4.797243844499407540E-29, -1.000000000000000000 ) ) ;
#12 = ORIENTED_EDGE ( 'NONE', *, *, #1559, .T. ) ;
#13 = LINE ( 'NONE', #5243, #5827 ) ;
#14 = CARTESIAN_POINT ( 'NONE',  ( 1.476345291781183011, -11.77725406415421716, 5.500000000000000000 ) ) ;
#15 = EDGE_CURVE ( 'NONE', #7428, #4017, #6019, .T. ) ;
#16 = CARTESIAN_POINT ( 'NONE',  ( 2.580482831287405521, -9.401175411783805558, 5.500000000000000000 ) ) ;
#17 = CARTESIAN_POINT ( 'NONE',  ( 2.131134802074233558, -3.780289814661022874, 5.500000000000000888 ) ) ;
#18 = CARTESIAN_POINT ( 'NONE',  ( 3.687478813498450858, 4.350000000000025402, 0.8000000000000007105 ) ) ;
#19 = CARTESIAN_POINT ( 'NONE',  ( 0.6774350997232655436, -14.04301928125185661, 5.500000000000000888 ) ) ;
#20 = ORIENTED_EDGE ( 'NONE', *, *, #3666, .T. ) ;
#21 = CARTESIAN_POINT ( 'NONE',  ( 2.628205128205213903, -8.957572115384596856, 6.000000000000000000 ) ) ;
#22 = AXIS2_PLACEMENT_3D ( 'NONE', #1402, #3377, #5300 ) ;
#23 = CARTESIAN_POINT ( 'NONE',  ( -0.06180129879206130994, -6.644001139827767410, 5.999999999999999112 ) ) ;
#24 = EDGE_LOOP ( 'NONE', ( #2343, #6595, #7387, #4404 ) ) ;
#25 = CARTESIAN_POINT ( 'NONE',  ( 0.9185142678580902054, -6.595335244646038042, 5.500000000000000888 ) ) ;
#26 = DIRECTION ( 'NONE',  ( -7.888609052210118054E-31, -5.605193857299268284E-45, 1.000000000000000000 ) ) ;
#27 = EDGE_CURVE ( 'NONE', #4908, #6881, #6726, .T. ) ;
#28 = ORIENTED_EDGE ( 'NONE', *, *, #1953, .F. ) ;
#29 = CIRCLE ( 'NONE', #174, 1.549999999999999378 ) ;
#30 = FACE_OUTER_BOUND ( 'NONE', #930, .T. ) ;
#31 = DIRECTION ( 'NONE',  ( 6.867314445954479045E-15, 4.797243844499407540E-29, 1.000000000000000000 ) ) ;
#32 = CARTESIAN_POINT ( 'NONE',  ( 1.729937690639378411, -4.911015123396387239, 5.500000000000000000 ) ) ;
#33 = CARTESIAN_POINT ( 'NONE',  ( 1.728006989474413668, -14.66643204458283378, 5.500000000000000000 ) ) ;
#34 = ORIENTED_EDGE ( 'NONE', *, *, #2529, .F. ) ;
#35 = LINE ( 'NONE', #4628, #1462 ) ;
#36 = VECTOR ( 'NONE', #6061, 1000.000000000000227 ) ;
#37 = ORIENTED_EDGE ( 'NONE', *, *, #393, .F. ) ;
#38 = LINE ( 'NONE', #4541, #5351 ) ;
#39 = LINE ( 'NONE', #5318, #2387 ) ;
#40 = CIRCLE ( 'NONE', #4983, 4.000000000000000000 ) ;
#41 = CARTESIAN_POINT ( 'NONE',  ( 1.842339940676698484, -16.23866844869148451, 5.999999999999999112 ) ) ;
#42 = CARTESIAN_POINT ( 'NONE',  ( 1.385975296699152537, -15.37174766144695504, 5.500000000000000888 ) ) ;
#43 = CARTESIAN_POINT ( 'NONE',  ( 0.2148964409209754012, -14.37842260403748185, 6.000000000000000000 ) ) ;
#44 = ORIENTED_EDGE ( 'NONE', *, *, #4264, .F. ) ;
#45 = ORIENTED_EDGE ( 'NONE', *, *, #7879, .T. ) ;
#46 = CARTESIAN_POINT ( 'NONE',  ( 1.728006989474413668, -14.66643204458283378, 5.500000000000000000 ) ) ;
#47 = CARTESIAN_POINT ( 'NONE',  ( 1.980606027916740342, -12.28410898750091107, 5.500000000000000000 ) ) ;
#48 = VECTOR ( 'NONE', #4565, 1000.000000000000000 ) ;
#49 = DIRECTION ( 'NONE',  ( -7.888609052210118054E-31, -5.508586259044128230E-45, 1.000000000000000000 ) ) ;
#50 = ORIENTED_EDGE ( 'NONE', *, *, #4680, .F. ) ;
#51 = CIRCLE ( 'NONE', #6374, 3.099999999999998757 ) ;
#52 = CARTESIAN_POINT ( 'NONE',  ( 1.474358974359079699, -11.74102564102563484, 5.500000000000000000 ) ) ;
#53 = ORIENTED_EDGE ( 'NONE', *, *, #6203, .F. ) ;
#54 = LINE ( 'NONE', #662, #3913 ) ;
#55 = LINE ( 'NONE', #5121, #7609 ) ;
#56 = EDGE_CURVE ( 'NONE', #4305, #4164, #6619, .T. ) ;
#57 = LINE ( 'NONE', #101, #4689 ) ;
#58 = EDGE_CURVE ( 'NONE', #7033, #1995, #4265, .T. ) ;
#59 = AXIS2_PLACEMENT_3D ( 'NONE', #6548, #5946, #7269 ) ;
#60 = VECTOR ( 'NONE', #3661, 1000.000000000000000 ) ;
#61 = CARTESIAN_POINT ( 'NONE',  ( -55.00000000000013500, 23.19999999999961915, 3.736546064168835993E-13 ) ) ;
#62 = EDGE_CURVE ( 'NONE', #4765, #6925, #5493, .T. ) ;
#63 = LINE ( 'NONE', #3281, #3210 ) ;
#64 = CARTESIAN_POINT ( 'NONE',  ( 0.4065742163340346771, -14.16847286538229511, 5.500000000000000888 ) ) ;
#65 = ORIENTED_EDGE ( 'NONE', *, *, #3860, .F. ) ;
#66 = AXIS2_PLACEMENT_3D ( 'NONE', #472, #4413, #3865 ) ;
#67 = B_SPLINE_SURFACE_WITH_KNOTS ( 'NONE', 3, 1, ( 
 ( #1342, #4074 ),
 ( #4672, #6054 ),
 ( #7293, #6612 ),
 ( #7223, #728 ),
 ( #126, #3347 ),
 ( #6657, #1419 ),
 ( #5931, #88 ),
 ( #7901, #1467 ),
 ( #5229, #2103 ),
 ( #2148, #3958 ),
 ( #3991, #5274 ),
 ( #5396, #7381 ),
 ( #2630, #684 ),
 ( #4033, #41 ),
 ( #3392, #2756 ),
 ( #1505, #2025 ),
 ( #649, #4713 ),
 ( #3267, #6699 ),
 ( #7259, #5889 ) ),
 .UNSPECIFIED., .F., .F., .F.,
 ( 4, 1, 1, 1, 1, 1, 1, 1, 1, 1, 1, 1, 1, 1, 1, 1, 4 ),
 ( 2, 2 ),
 ( 0.000000000000000000, 0.06593481762567698912, 0.1300372587941651947, 0.1923620702496511292, 0.2538195214289182267, 0.3141994357375422764, 0.3746698781567776027, 0.4351541180379872031, 0.4964786684939703765, 0.5578092661396401031, 0.6190309229821123749, 0.6796911875192903629, 0.7409612864102639307, 0.8033752905051766424, 0.8668176884999613252, 0.9323179771745061517, 1.000000000000000000 ),
 ( 0.000000000000000000, 1.000000000000000000 ),
 .UNSPECIFIED. ) ;
#68 = CIRCLE ( 'NONE', #8015, 1.550000000000002709 ) ;
#69 = CARTESIAN_POINT ( 'NONE',  ( -0.4136713454845279414, -7.825754680710063305, 6.000000000000000000 ) ) ;
#70 = SURFACE_SIDE_STYLE ('',( #7837 ) ) ;
#71 = ORIENTED_EDGE ( 'NONE', *, *, #6354, .T. ) ;
#72 = DIRECTION ( 'NONE',  ( -7.888609052210118054E-31, -5.605193857299268284E-45, 1.000000000000000000 ) ) ;
#73 = CARTESIAN_POINT ( 'NONE',  ( 1.713745292340373538, -16.30618074904262471, 6.000000000000000000 ) ) ;
#74 = ORIENTED_EDGE ( 'NONE', *, *, #8416, .T. ) ;
#75 = VECTOR ( 'NONE', #974, 1000.000000000000000 ) ;
#76 = VECTOR ( 'NONE', #6184, 1000.000000000000114 ) ;
#77 = DIRECTION ( 'NONE',  ( 0.8676178079094024609, 0.4972316757794933983, 7.888609052210117178E-31 ) ) ;
#78 = CARTESIAN_POINT ( 'NONE',  ( 39.90000000000018332, -19.49999999999971934, 2.999999999999727329 ) ) ;
#79 = LINE ( 'NONE', #2710, #2635 ) ;
#80 = CARTESIAN_POINT ( 'NONE',  ( 2.627448061714548810, -4.890375083862992689, 6.000000000000000000 ) ) ;
#81 = ORIENTED_EDGE ( 'NONE', *, *, #5153, .T. ) ;
#82 = VECTOR ( 'NONE', #2091, 1000.000000000000000 ) ;
#83 = FACE_OUTER_BOUND ( 'NONE', #2810, .T. ) ;
#84 = CIRCLE ( 'NONE', #6806, 1.099999999999996758 ) ;
#85 = VERTEX_POINT ( 'NONE', #1977 ) ;
#86 = CARTESIAN_POINT ( 'NONE',  ( 1.630269756378728063, -12.12781518995247154, 6.000000000000000000 ) ) ;
#87 = CARTESIAN_POINT ( 'NONE',  ( 43.99999999999988631, 10.00000000000028066, -9.676776322722650647 ) ) ;
#88 = CARTESIAN_POINT ( 'NONE',  ( 2.490080443816653055, -15.50402084129378899, 5.999999999999999112 ) ) ;
#89 = LINE ( 'NONE', #4714, #627 ) ;
#90 = CARTESIAN_POINT ( 'NONE',  ( 0.4065742163340347326, -14.16847286538229511, 6.000000000000000000 ) ) ;
#91 = VERTEX_POINT ( 'NONE', #3264 ) ;
#92 = ORIENTED_EDGE ( 'NONE', *, *, #3112, .T. ) ;
#93 = SURFACE_STYLE_USAGE ( .BOTH. , #4841 ) ;
#94 = DIRECTION ( 'NONE',  ( -7.888609052210118054E-31, -5.605193857299268284E-45, 1.000000000000000000 ) ) ;
#95 = CARTESIAN_POINT ( 'NONE',  ( -9.549999999999780442, -27.50000000000006395, 3.000000000000000000 ) ) ;
#96 = ORIENTED_EDGE ( 'NONE', *, *, #4774, .T. ) ;
#97 = CARTESIAN_POINT ( 'NONE',  ( -0.5848758940496029402, -6.621577599574523632, 5.500000000000000888 ) ) ;
#98 = VERTEX_POINT ( 'NONE', #8372 ) ;
#99 = CARTESIAN_POINT ( 'NONE',  ( -0.7211538461537594369, -9.110817307692313349, 5.500000000000000888 ) ) ;
#100 = CARTESIAN_POINT ( 'NONE',  ( 1.272682175554596729, -4.328622062151054273, 5.500000000000000888 ) ) ;
#101 = CARTESIAN_POINT ( 'NONE',  ( 0.6445262415350371255, 5.832257562274801188, 6.000000000000000000 ) ) ;
#102 = CARTESIAN_POINT ( 'NONE',  ( 1.603244849439691588, -8.503648897186623756, 6.000000000000000000 ) ) ;
#103 = EDGE_CURVE ( 'NONE', #2333, #1477, #5886, .T. ) ;
#104 = EDGE_CURVE ( 'NONE', #1072, #2463, #5216, .T. ) ;
#105 = DIRECTION ( 'NONE',  ( -6.982962677686265922E-15, -4.876176775795934672E-29, -1.000000000000000000 ) ) ;
#106 = CARTESIAN_POINT ( 'NONE',  ( 0.2981557378203172348, -14.26657693251808645, 5.500000000000000888 ) ) ;
#107 = ORIENTED_EDGE ( 'NONE', *, *, #6853, .T. ) ;
#108 = CARTESIAN_POINT ( 'NONE',  ( 0.3733089833663622015, -9.389868667784012857, 6.000000000000000000 ) ) ;
#109 = CARTESIAN_POINT ( 'NONE',  ( 2.127069218349248558, -7.770839264203570629, 5.500000000000000888 ) ) ;
#110 = CARTESIAN_POINT ( 'NONE',  ( 0.7132979613540466612, -7.290002791617403055, 6.000000000000000000 ) ) ;
#111 = PLANE ( 'NONE',  #4592 ) ;
#112 = CARTESIAN_POINT ( 'NONE',  ( 0.8497967345310829534, 5.415405419811681220, 6.000000000000000000 ) ) ;
#113 = CARTESIAN_POINT ( 'NONE',  ( 1.433246906124564291, -16.41505728105040518, 6.000000000000000000 ) ) ;
#114 = VERTEX_POINT ( 'NONE', #2541 ) ;
#115 = EDGE_CURVE ( 'NONE', #3248, #1679, #1340, .T. ) ;
#116 = DIRECTION ( 'NONE',  ( -6.982962677686265133E-15, 1.000000000000000000, 0.000000000000000000 ) ) ;
#117 = EDGE_CURVE ( 'NONE', #3883, #4040, #1521, .T. ) ;
#118 = PLANE ( 'NONE',  #157 ) ;
#119 = CARTESIAN_POINT ( 'NONE',  ( 2.565332381299653353, -4.435835696401769113, 6.000000000000000000 ) ) ;
#120 = ORIENTED_EDGE ( 'NONE', *, *, #638, .T. ) ;
#121 = CARTESIAN_POINT ( 'NONE',  ( 17.00000000000017764, -16.49999999999987921, 4.999999999999881872 ) ) ;
#122 = ORIENTED_EDGE ( 'NONE', *, *, #440, .F. ) ;
#123 = EDGE_CURVE ( 'NONE', #2333, #2302, #5928, .T. ) ;
#124 = LINE ( 'NONE', #6779, #153 ) ;
#125 = CARTESIAN_POINT ( 'NONE',  ( -0.5764824686905981599, -5.724718118872326400, 5.500000000000000888 ) ) ;
#126 = CARTESIAN_POINT ( 'NONE',  ( 2.580482831287447265, -15.23450874511714126, 5.500000000000000000 ) ) ;
#127 = DIRECTION ( 'NONE',  ( -1.000000000000000000, -6.715058616684416976E-15, 6.854955671198676173E-15 ) ) ;
#128 = CARTESIAN_POINT ( 'NONE',  ( -0.8959985705278815660, 5.767690442349400648, 6.000000000000000000 ) ) ;
#129 = CARTESIAN_POINT ( 'NONE',  ( 2.368028746103339355, -5.853942330972240704, 5.500000000000000888 ) ) ;
#130 = VERTEX_POINT ( 'NONE', #3868 ) ;
#131 = ORIENTED_EDGE ( 'NONE', *, *, #3368, .F. ) ;
#132 = CARTESIAN_POINT ( 'NONE',  ( 2.562227354452459860, -11.77728861948167527, 6.000000000000000000 ) ) ;
#133 = CARTESIAN_POINT ( 'NONE',  ( -2.499999999999925393, -7.350000000000018296, 6.000000000000000000 ) ) ;
#134 = EDGE_CURVE ( 'NONE', #6357, #2248, #38, .T. ) ;
#135 = CARTESIAN_POINT ( 'NONE',  ( 2.427699548837122023, -15.63027509381726254, 5.500000000000000000 ) ) ;
#136 = VERTEX_POINT ( 'NONE', #5848 ) ;
#137 = CARTESIAN_POINT ( 'NONE',  ( -0.8704017733203573970, -6.590198176212185288, 5.500000000000000888 ) ) ;
#138 = B_SPLINE_CURVE_WITH_KNOTS ( 'NONE', 3,
 ( #3152, #5120, #6459, #6378, #7746, #1060, #5735, #8346, #1824, #1188, #3802, #3678, #1873, #3718, #3028, #4474, #1226, #3840, #7948 ),
 .UNSPECIFIED., .F., .F.,
 ( 4, 1, 1, 1, 1, 1, 1, 1, 1, 1, 1, 1, 1, 1, 1, 1, 4 ),
 ( 0.000000000000000000, 0.06340052940042857632, 0.1249764099331402284, 0.1844921876584958154, 0.2434736282965418164, 0.3022637321141443678, 0.3613835718304159728, 0.4214817654110644130, 0.4834545367577930408, 0.5459360688045383769, 0.6081426980855852982, 0.6698202920949500871, 0.7323322942692658266, 0.7960922343214101859, 0.8616426668792320775, 0.9294352318828829063, 1.000000000000000000 ),
 .UNSPECIFIED. ) ;
#139 = VERTEX_POINT ( 'NONE', #2627 ) ;
#140 = CARTESIAN_POINT ( 'NONE',  ( 0.6774350997232655436, -14.04301928125185661, 5.500000000000000888 ) ) ;
#141 = CARTESIAN_POINT ( 'NONE',  ( 0.4474438444037930895, -4.157622263290524423, 5.500000000000000000 ) ) ;
#142 = CARTESIAN_POINT ( 'NONE',  ( -2.628205128205070018, -4.961177884615405986, 5.500000000000000000 ) ) ;
#143 = CARTESIAN_POINT ( 'NONE',  ( 1.718325709722916983, -8.761402547277144848, 5.500000000000000000 ) ) ;
#144 = CARTESIAN_POINT ( 'NONE',  ( 0.2744391025641971238, -10.21458333333333179, 6.000000000000000000 ) ) ;
#145 = ORIENTED_EDGE ( 'NONE', *, *, #2496, .T. ) ;
#146 = CARTESIAN_POINT ( 'NONE',  ( 0.4477163461539355738, -9.459374999999997868, 6.000000000000000000 ) ) ;
#147 = CARTESIAN_POINT ( 'NONE',  ( 2.559900063643732793, -8.463705605716423719, 5.999999999999999112 ) ) ;
#148 = DIRECTION ( 'NONE',  ( -7.888609052210118054E-31, -5.605193857299268284E-45, 1.000000000000000000 ) ) ;
#149 = CARTESIAN_POINT ( 'NONE',  ( 3.131316011514056098E-15, 2.799999999999999822, 6.000000000000000000 ) ) ;
#150 = SURFACE_STYLE_USAGE ( .BOTH. , #70 ) ;
#151 = CARTESIAN_POINT ( 'NONE',  ( 1.603244849439691588, -8.503648897186623756, 6.000000000000000000 ) ) ;
#152 = DIRECTION ( 'NONE',  ( -7.888609052210118054E-31, -5.605193857299268284E-45, 1.000000000000000000 ) ) ;
#153 = VECTOR ( 'NONE', #4710, 1000.000000000000000 ) ;
#154 = ORIENTED_EDGE ( 'NONE', *, *, #6218, .T. ) ;
#155 = B_SPLINE_CURVE_WITH_KNOTS ( 'NONE', 3,
 ( #5897, #8382, #7737, #6501, #1219, #6453, #7859, #2557, #1988, #4507, #7137, #1258, #7181, #5861, #4639, #4599, #2031, #7229, #2598 ),
 .UNSPECIFIED., .F., .F.,
 ( 4, 1, 1, 1, 1, 1, 1, 1, 1, 1, 1, 1, 1, 1, 1, 1, 4 ),
 ( 0.000000000000000000, 0.07290044517819341263, 0.1420035572776732757, 0.2092423139433871593, 0.2745916364776392338, 0.3384167658000737933, 0.4016927893975340558, 0.4649339725645671995, 0.5282564202501486283, 0.5906850240741919889, 0.6509338176697205824, 0.7096511349919869538, 0.7671803338107786585, 0.8241642198597903812, 0.8817508553548629724, 0.9399466216156897591, 1.000000000000000000 ),
 .UNSPECIFIED. ) ;
#156 = CARTESIAN_POINT ( 'NONE',  ( -0.7680124966468758752, -14.58148925177405175, 6.000000000000000000 ) ) ;
#157 = AXIS2_PLACEMENT_3D ( 'NONE', #642, #7807, #6007 ) ;
#158 = CARTESIAN_POINT ( 'NONE',  ( 2.628205128205213903, -8.957572115384596856, 5.500000000000000888 ) ) ;
#159 = CARTESIAN_POINT ( 'NONE',  ( -1.519822226779669494, -4.482649952413367167, 6.000000000000000000 ) ) ;
#160 = EDGE_CURVE ( 'NONE', #1424, #495, #5226, .T. ) ;
#161 = DIRECTION ( 'NONE',  ( -7.888609052210118054E-31, -5.605193857299268284E-45, 1.000000000000000000 ) ) ;
#162 = CARTESIAN_POINT ( 'NONE',  ( 2.033940751358780386, -3.706043126202814619, 6.000000000000000000 ) ) ;
#163 = ORIENTED_EDGE ( 'NONE', *, *, #2562, .F. ) ;
#164 = CARTESIAN_POINT ( 'NONE',  ( 1.842339940676658516, -10.40533511535816302, 5.999999999999999112 ) ) ;
#165 = EDGE_LOOP ( 'NONE', ( #7376, #6388, #1393, #357 ) ) ;
#166 = EDGE_CURVE ( 'NONE', #2610, #7228, #6829, .T. ) ;
#167 = DIRECTION ( 'NONE',  ( -6.888341397178440152E-15, 1.000000000000000000, 0.000000000000000000 ) ) ;
#168 = PRESENTATION_LAYER_ASSIGNMENT (  '', '', ( #305 ) ) ;
#169 = EDGE_CURVE ( 'NONE', #3924, #7575, #1547, .T. ) ;
#170 = CARTESIAN_POINT ( 'NONE',  ( -0.5848758940496029402, -6.621577599574523632, 6.000000000000000000 ) ) ;
#171 = CARTESIAN_POINT ( 'NONE',  ( 3.131316011514059253E-15, 2.799999999999999822, 3.000000000000000000 ) ) ;
#172 = CARTESIAN_POINT ( 'NONE',  ( 1.282051282051413166, -15.42692307692306564, 6.000000000000000000 ) ) ;
#173 = EDGE_CURVE ( 'NONE', #3801, #1129, #811, .T. ) ;
#174 = AXIS2_PLACEMENT_3D ( 'NONE', #1867, #7690, #6892 ) ;
#175 = CARTESIAN_POINT ( 'NONE',  ( 1.555078288816384768, -15.22477593725594147, 5.500000000000000000 ) ) ;
#176 = CARTESIAN_POINT ( 'NONE',  ( 1.932517927150822601, -6.256437941748127507, 5.500000000000000000 ) ) ;
#177 = ORIENTED_EDGE ( 'NONE', *, *, #1428, .T. ) ;
#178 = CARTESIAN_POINT ( 'NONE',  ( 16.99999999999986144, 23.70000000000011653, -1.187103655206667360E-13 ) ) ;
#179 = CARTESIAN_POINT ( 'NONE',  ( 25.69999999999971863, 18.85000000000018616, -26.31292458089768260 ) ) ;
#180 = VECTOR ( 'NONE', #3100, 1000.000000000000000 ) ;
#181 = LINE ( 'NONE', #2807, #596 ) ;
#182 = ORIENTED_EDGE ( 'NONE', *, *, #7140, .T. ) ;
#183 = DIRECTION ( 'NONE',  ( -6.982962677686265133E-15, 1.000000000000000000, 0.000000000000000000 ) ) ;
#184 = EDGE_LOOP ( 'NONE', ( #5465, #8112, #4909, #2269 ) ) ;
#185 = CARTESIAN_POINT ( 'NONE',  ( 1.378369055473338545, 0.02329354325785108412, 2.288478284718790334 ) ) ;
#186 = CARTESIAN_POINT ( 'NONE',  ( 1.350235251940472114, -4.371038190989288807, 5.500000000000000000 ) ) ;
#187 = AXIS2_PLACEMENT_3D ( 'NONE', #2629, #3300, #7851 ) ;
#188 = CARTESIAN_POINT ( 'NONE',  ( -0.7285882378181303132, -14.91754033913798061, 6.000000000000000000 ) ) ;
#189 = VECTOR ( 'NONE', #7273, 1000.000000000000000 ) ;
#190 = CARTESIAN_POINT ( 'NONE',  ( 1.730769230769316103, -8.906490384615372236, 6.000000000000000000 ) ) ;
#191 = CARTESIAN_POINT ( 'NONE',  ( -46.99999999999985789, -16.50000000000032685, 3.316686928032079729E-13 ) ) ;
#192 = ORIENTED_EDGE ( 'NONE', *, *, #3163, .F. ) ;
#193 = CARTESIAN_POINT ( 'NONE',  ( 1.717026522606101224, -7.473490875549176238, 5.500000000000000000 ) ) ;
#194 = CARTESIAN_POINT ( 'NONE',  ( 43.99999999999988631, 19.70000000000029772, -3.072503578181958867E-13 ) ) ;
#195 = CARTESIAN_POINT ( 'NONE',  ( 1.729411099374901228, -14.77530424905697615, 6.000000000000000000 ) ) ;
#196 = CARTESIAN_POINT ( 'NONE',  ( -1.730769230769173106, -4.939142628205143382, 5.500000000000000888 ) ) ;
#197 = CARTESIAN_POINT ( 'NONE',  ( 2.017227564102666015, -11.19615384615383746, 5.500000000000000888 ) ) ;
#198 = FACE_OUTER_BOUND ( 'NONE', #7333, .T. ) ;
#199 = CARTESIAN_POINT ( 'NONE',  ( -1.725216523434134119, -5.055380598290178717, 5.500000000000000888 ) ) ;
#200 = ORIENTED_EDGE ( 'NONE', *, *, #3947, .F. ) ;
#201 = AXIS2_PLACEMENT_3D ( 'NONE', #7791, #8437, #3884 ) ;
#202 = VECTOR ( 'NONE', #1685, 1000.000000000000000 ) ;
#203 = CYLINDRICAL_SURFACE ( 'NONE', #7328, 1.550000000000002709 ) ;
#204 = CARTESIAN_POINT ( 'NONE',  ( -49.00000000000003553, 9.299999999999659650, 3.317568303507659991E-13 ) ) ;
#205 = CARTESIAN_POINT ( 'NONE',  ( 2.625970601980214703, -4.803021100966444301, 6.000000000000000000 ) ) ;
#206 = VERTEX_POINT ( 'NONE', #4796 ) ;
#207 = CARTESIAN_POINT ( 'NONE',  ( 1.282051282051379193, -10.61923076923076081, 5.500000000000000888 ) ) ;
#208 = EDGE_LOOP ( 'NONE', ( #4618, #4419, #7392, #3141 ) ) ;
#209 = VECTOR ( 'NONE', #7549, 1000.000000000000000 ) ;
#210 = CARTESIAN_POINT ( 'NONE',  ( 0.1726739287056641425, 0.05542649682225633118, 2.261978873243720933 ) ) ;
#211 = VECTOR ( 'NONE', #2366, 1000.000000000000000 ) ;
#212 = EDGE_CURVE ( 'NONE', #3817, #4654, #4156, .T. ) ;
#213 = CARTESIAN_POINT ( 'NONE',  ( -1.646091130994188800, -5.271597984160343309, 5.500000000000000000 ) ) ;
#214 = DIRECTION ( 'NONE',  ( 0.6509997011806765155, 0.7590779861533792916, 7.888609052210117178E-31 ) ) ;
#215 = VECTOR ( 'NONE', #4498, 1000.000000000000000 ) ;
#216 = DIRECTION ( 'NONE',  ( 6.982962677686265922E-15, 4.876176775795934672E-29, 1.000000000000000000 ) ) ;
#217 = ORIENTED_EDGE ( 'NONE', *, *, #5306, .T. ) ;
#218 = EDGE_CURVE ( 'NONE', #7808, #2333, #4669, .T. ) ;
#219 = CIRCLE ( 'NONE', #1191, 1.549999999999999378 ) ;
#220 = CARTESIAN_POINT ( 'NONE',  ( 2.409843370120617223, 4.124822603779735530, 6.000000000000000000 ) ) ;
#221 = EDGE_CURVE ( 'NONE', #2913, #408, #7337, .T. ) ;
#222 = CARTESIAN_POINT ( 'NONE',  ( -42.99999999999980815, -19.50000000000029843, 5.000000000000304645 ) ) ;
#223 = ORIENTED_EDGE ( 'NONE', *, *, #2646, .T. ) ;
#224 = EDGE_LOOP ( 'NONE', ( #8186, #6825 ) ) ;
#225 = UNCERTAINTY_MEASURE_WITH_UNIT (LENGTH_MEASURE( 1.000000000000000082E-05 ), #4650, 'distance_accuracy_value', 'NONE');
#226 = AXIS2_PLACEMENT_3D ( 'NONE', #8490, #4655, #5258 ) ;
#227 = ADVANCED_FACE ( 'NONE', ( #6092 ), #2754, .T. ) ;
#228 = CARTESIAN_POINT ( 'NONE',  ( 1.713745292340373538, -16.30618074904262471, 5.500000000000000000 ) ) ;
#229 = ORIENTED_EDGE ( 'NONE', *, *, #4898, .T. ) ;
#230 = DIRECTION ( 'NONE',  ( -7.888609052210118054E-31, -5.508586259044128230E-45, 1.000000000000000000 ) ) ;
#231 = ORIENTED_EDGE ( 'NONE', *, *, #5512, .T. ) ;
#232 = DIRECTION ( 'NONE',  ( -7.888609052210118054E-31, -5.605193857299268284E-45, 1.000000000000000000 ) ) ;
#233 = CARTESIAN_POINT ( 'NONE',  ( 0.6469115696644160973, -4.177896167594634669, 5.500000000000000888 ) ) ;
#234 = ORIENTED_EDGE ( 'NONE', *, *, #797, .F. ) ;
#235 = CARTESIAN_POINT ( 'NONE',  ( 1.686201131028890465, -3.512418510459098808, 5.500000000000000000 ) ) ;
#236 = FACE_OUTER_BOUND ( 'NONE', #7436, .T. ) ;
#237 = CARTESIAN_POINT ( 'NONE',  ( 15.00000000000017586, -22.49999999999989342, 6.000000000000000000 ) ) ;
#238 = ORIENTED_EDGE ( 'NONE', *, *, #4214, .T. ) ;
#239 = CARTESIAN_POINT ( 'NONE',  ( 2.628205128205213903, -8.957572115384596856, 5.500000000000000888 ) ) ;
#240 = CARTESIAN_POINT ( 'NONE',  ( 2.469242745875042555, 0.9257427439266795455, 2.337413152810805528 ) ) ;
#241 = LINE ( 'NONE', #5220, #3494 ) ;
#242 = CARTESIAN_POINT ( 'NONE',  ( -1.778747808767212391, -6.336910544657524014, 5.999999999999999112 ) ) ;
#243 = DIRECTION ( 'NONE',  ( 1.000000000000000000, 6.825260543506556831E-15, -6.867314445954479834E-15 ) ) ;
#244 = CARTESIAN_POINT ( 'NONE',  ( 0.002003205128257268611, -4.144871794871797910, 5.500000000000000000 ) ) ;
#245 = CARTESIAN_POINT ( 'NONE',  ( 2.663603693103733239, 3.483897189703370589, 2.253977467919163313 ) ) ;
#246 = ORIENTED_EDGE ( 'NONE', *, *, #715, .T. ) ;
#247 = CARTESIAN_POINT ( 'NONE',  ( 1.387219551282104835, -4.391266025641018977, 6.000000000000000000 ) ) ;
#248 = DIRECTION ( 'NONE',  ( -1.000000000000000000, -6.715058616684402777E-15, 6.715058616684402777E-15 ) ) ;
#249 = CARTESIAN_POINT ( 'NONE',  ( 2.663603693103752779, 2.116102810296704106, 2.253977467919163313 ) ) ;
#250 = CARTESIAN_POINT ( 'NONE',  ( 1.315310803901141190, -14.09717109109274347, 6.000000000000000000 ) ) ;
#251 = ORIENTED_EDGE ( 'NONE', *, *, #5632, .F. ) ;
#252 = CARTESIAN_POINT ( 'NONE',  ( 1.713745292340331794, -10.47284741570929079, 5.999999999999999112 ) ) ;
#253 = DIRECTION ( 'NONE',  ( -1.000000000000000000, -6.982962677686265922E-15, -7.888609052210118054E-31 ) ) ;
#254 = ORIENTED_EDGE ( 'NONE', *, *, #8364, .T. ) ;
#255 = FACE_OUTER_BOUND ( 'NONE', #7866, .T. ) ;
#256 = CARTESIAN_POINT ( 'NONE',  ( -1.217558999713361567, -5.597253494939058882, 5.500000000000000888 ) ) ;
#257 = CARTESIAN_POINT ( 'NONE',  ( 2.527352045288904669, -5.549293258730264355, 6.000000000000000000 ) ) ;
#258 = VERTEX_POINT ( 'NONE', #850 ) ;
#259 = CARTESIAN_POINT ( 'NONE',  ( 2.600299277223904859, -8.622289631192057158, 6.000000000000000000 ) ) ;
#260 = CARTESIAN_POINT ( 'NONE',  ( 0.7207402304322201303, -6.615947894303424448, 5.500000000000000000 ) ) ;
#261 = ORIENTED_EDGE ( 'NONE', *, *, #3805, .T. ) ;
#262 = ORIENTED_EDGE ( 'NONE', *, *, #4893, .T. ) ;
#263 = CARTESIAN_POINT ( 'NONE',  ( 2.017227564102673565, -12.28589743589742689, 6.000000000000000888 ) ) ;
#264 = EDGE_CURVE ( 'NONE', #114, #2330, #124, .T. ) ;
#265 = FACE_OUTER_BOUND ( 'NONE', #8417, .T. ) ;
#266 = CARTESIAN_POINT ( 'NONE',  ( 0.2074927377459336586, -9.170874645364621713, 5.999999999999999112 ) ) ;
#267 = ORIENTED_EDGE ( 'NONE', *, *, #381, .F. ) ;
#268 = CARTESIAN_POINT ( 'NONE',  ( 0.9482456716280144304, -13.12091517532601337, 6.000000000000000000 ) ) ;
#269 = FACE_OUTER_BOUND ( 'NONE', #5414, .T. ) ;
#270 = ORIENTED_EDGE ( 'NONE', *, *, #3320, .F. ) ;
#271 = DIRECTION ( 'NONE',  ( 6.982962677686265922E-15, 4.876176775795934672E-29, 1.000000000000000000 ) ) ;
#272 = ORIENTED_EDGE ( 'NONE', *, *, #3528, .T. ) ;
#273 = CARTESIAN_POINT ( 'NONE',  ( 2.527555743674612110, -4.325698719819643934, 5.500000000000000888 ) ) ;
#274 = ADVANCED_FACE ( 'NONE', ( #255 ), #5349, .F. ) ;
#275 = ADVANCED_FACE ( 'NONE', ( #7975 ), #5972, .F. ) ;
#276 = DIRECTION ( 'NONE',  ( -7.888609052210118054E-31, -5.605193857299268284E-45, 1.000000000000000000 ) ) ;
#277 = DIRECTION ( 'NONE',  ( -0.5733331131405949854, -0.8193223671891997073, 0.000000000000000000 ) ) ;
#278 = ORIENTED_EDGE ( 'NONE', *, *, #1953, .T. ) ;
#279 = LINE ( 'NONE', #5377, #8253 ) ;
#280 = EDGE_CURVE ( 'NONE', #1944, #7745, #2234, .T. ) ;
#281 = FACE_OUTER_BOUND ( 'NONE', #2788, .T. ) ;
#282 = CARTESIAN_POINT ( 'NONE',  ( 3.131316011514059253E-15, 2.799999999999999822, 3.000000000000000000 ) ) ;
#283 = CARTESIAN_POINT ( 'NONE',  ( 0.04907852564109516091, -6.644871794871797910, 5.500000000000000888 ) ) ;
#284 = LINE ( 'NONE', #8142, #82 ) ;
#285 = DIRECTION ( 'NONE',  ( -7.888609052210119806E-31, -5.605193857299269528E-45, 1.000000000000000000 ) ) ;
#286 = DIRECTION ( 'NONE',  ( -7.888609052210118054E-31, -5.605193857299268284E-45, 1.000000000000000000 ) ) ;
#287 = EDGE_CURVE ( 'NONE', #5456, #3827, #2210, .T. ) ;
#288 = VECTOR ( 'NONE', #4372, 1000.000000000000000 ) ;
#289 = FACE_OUTER_BOUND ( 'NONE', #2761, .T. ) ;
#290 = CARTESIAN_POINT ( 'NONE',  ( -10.99999999999978151, -27.50000000000007461, 3.000000000000000000 ) ) ;
#291 = ORIENTED_EDGE ( 'NONE', *, *, #1749, .T. ) ;
#292 = CARTESIAN_POINT ( 'NONE',  ( 2.627430199775223851, -4.979895263726410448, 5.500000000000000888 ) ) ;
#293 = CARTESIAN_POINT ( 'NONE',  ( -3.018094598906804649, 3.507887697342980449, 2.257672572958874468 ) ) ;
#294 = ORIENTED_EDGE ( 'NONE', *, *, #5780, .T. ) ;
#295 = DIRECTION ( 'NONE',  ( 1.000000000000000000, 6.391086490440871606E-15, -6.982962677686276966E-15 ) ) ;
#296 = AXIS2_PLACEMENT_3D ( 'NONE', #1334, #2054, #6529 ) ;
#297 = DIRECTION ( 'NONE',  ( -1.000000000000000000, -7.178166107490237014E-15, 0.000000000000000000 ) ) ;
#298 = LINE ( 'NONE', #2191, #4724 ) ;
#299 = EDGE_LOOP ( 'NONE', ( #37, #1720, #1638, #5486 ) ) ;
#300 = CARTESIAN_POINT ( 'NONE',  ( 1.729411099374901228, -14.77530424905697615, 5.500000000000000000 ) ) ;
#301 = ORIENTED_EDGE ( 'NONE', *, *, #6325, .F. ) ;
#302 = CARTESIAN_POINT ( 'NONE',  ( 1.668255819642864957, -9.212318206982835989, 5.500000000000000888 ) ) ;
#303 = CARTESIAN_POINT ( 'NONE',  ( 0.1292793429747352285, -8.799876433018562594, 5.500000000000000888 ) ) ;
#304 = ORIENTED_EDGE ( 'NONE', *, *, #1708, .F. ) ;
#305 = STYLED_ITEM ( 'NONE', ( #7465 ), #1658 ) ;
#306 = VERTEX_POINT ( 'NONE', #2146 ) ;
#307 = CARTESIAN_POINT ( 'NONE',  ( -2.985803957072745263, 3.633651443907292666, 2.260366788867223864 ) ) ;
#308 = DIRECTION ( 'NONE',  ( -0.9782753810969029296, 0.2073096204707087498, -7.888609052210117178E-31 ) ) ;
#309 = CIRCLE ( 'NONE', #998, 4.000000000000000000 ) ;
#310 = CARTESIAN_POINT ( 'NONE',  ( -0.2594013143301329150, -0.2891278636734667118, 6.000000000000000000 ) ) ;
#311 = ORIENTED_EDGE ( 'NONE', *, *, #7664, .F. ) ;
#312 = DIRECTION ( 'NONE',  ( 6.982962677686265922E-15, 4.876176775795934672E-29, 1.000000000000000000 ) ) ;
#313 =( LENGTH_UNIT ( ) NAMED_UNIT ( * ) SI_UNIT ( .MILLI., .METRE. ) );
#314 = ORIENTED_EDGE ( 'NONE', *, *, #1599, .F. ) ;
#315 = VERTEX_POINT ( 'NONE', #2715 ) ;
#316 = CARTESIAN_POINT ( 'NONE',  ( -0.7674176176608434874, -14.70901653339351611, 6.000000000000000000 ) ) ;
#317 = AXIS2_PLACEMENT_3D ( 'NONE', #6967, #358, #1126 ) ;
#318 = B_SPLINE_CURVE_WITH_KNOTS ( 'NONE', 3,
 ( #2800, #3395, #6017, #3923, #7981, #7385, #6540, #4076, #3270, #129, #5894, #5356, #4715, #6702, #176, #5232, #7856, #1983, #1604, #398, #4803, #6188, #260, #6923, #2241, #2841, #4851 ),
 .UNSPECIFIED., .F., .F.,
 ( 4, 1, 1, 1, 1, 1, 1, 1, 1, 1, 1, 1, 1, 1, 1, 1, 1, 1, 1, 1, 1, 1, 1, 1, 4 ),
 ( 0.000000000000000000, 0.03821658268426064015, 0.07486572344797987055, 0.1101559045115487190, 0.1447283782661478169, 0.1780829500235387997, 0.2111733423684231947, 0.2436889813736914656, 0.2758730245419418470, 0.3083761647425949937, 0.3412633237069642722, 0.3751496685363219230, 0.4096539078528212974, 0.4451553130168938721, 0.4820706831605550136, 0.5205722112579805883, 0.5605493458582420097, 0.6031023994109102615, 0.6486826326874111093, 0.6979406275461326192, 0.7508050410762786564, 0.8073132105681859461, 0.8676581862989451999, 0.9318625687184259876, 1.000000000000000000 ),
 .UNSPECIFIED. ) ;
#319 = CARTESIAN_POINT ( 'NONE',  ( -2.562864058206675733, -4.468320378207510046, 6.000000000000000888 ) ) ;
#320 = ORIENTED_EDGE ( 'NONE', *, *, #2803, .T. ) ;
#321 = AXIS2_PLACEMENT_3D ( 'NONE', #6504, #4512, #5769 ) ;
#322 = LINE ( 'NONE', #2941, #611 ) ;
#323 = ORIENTED_EDGE ( 'NONE', *, *, #5741, .T. ) ;
#324 = CYLINDRICAL_SURFACE ( 'NONE', #2080, 1.449999999999999956 ) ;
#325 = CARTESIAN_POINT ( 'NONE',  ( -20.99999999999982947, -19.50000000000014211, 3.000000000000149214 ) ) ;
#326 = EDGE_CURVE ( 'NONE', #1336, #3962, #4720, .T. ) ;
#327 = EDGE_CURVE ( 'NONE', #8425, #1311, #2382, .T. ) ;
#328 = CARTESIAN_POINT ( 'NONE',  ( -1.727302714469883371, -4.853885693643693600, 5.500000000000000888 ) ) ;
#329 = DIRECTION ( 'NONE',  ( 0.04506627997404807906, -0.9989839990757112265, 4.930380657631323236E-32 ) ) ;
#330 = LINE ( 'NONE', #457, #4607 ) ;
#331 = PLANE ( 'NONE',  #3054 ) ;
#332 = ORIENTED_EDGE ( 'NONE', *, *, #8087, .T. ) ;
#333 = VECTOR ( 'NONE', #6426, 1000.000000000000000 ) ;
#334 = ADVANCED_FACE ( 'NONE', ( #7510 ), #8156, .F. ) ;
#335 = EDGE_CURVE ( 'NONE', #7004, #258, #5580, .T. ) ;
#336 = CARTESIAN_POINT ( 'NONE',  ( 0.6469115696644160973, -4.177896167594634669, 6.000000000000000000 ) ) ;
#337 = CARTESIAN_POINT ( 'NONE',  ( 0.4911257817680768634, -5.735556636061516222, 5.500000000000000000 ) ) ;
#338 = DIRECTION ( 'NONE',  ( 1.000000000000000000, 6.715058616684410666E-15, -6.994852725712927481E-15 ) ) ;
#339 = VECTOR ( 'NONE', #1695, 1000.000000000000000 ) ;
#340 = CARTESIAN_POINT ( 'NONE',  ( 1.729411099374859928, -8.941970915723643998, 5.500000000000000000 ) ) ;
#341 = CARTESIAN_POINT ( 'NONE',  ( 0.9194711538462754241, -14.01666666666665861, 6.000000000000000888 ) ) ;
#342 = ORIENTED_EDGE ( 'NONE', *, *, #212, .F. ) ;
#343 = CARTESIAN_POINT ( 'NONE',  ( 2.036127494760032963, -6.185944509191687146, 6.000000000000000000 ) ) ;
#344 = FACE_OUTER_BOUND ( 'NONE', #3952, .T. ) ;
#345 = VERTEX_POINT ( 'NONE', #6274 ) ;
#346 = CARTESIAN_POINT ( 'NONE',  ( 2.527689673817295368, -11.95142624784340057, 5.500000000000000888 ) ) ;
#347 = AXIS2_PLACEMENT_3D ( 'NONE', #3725, #5084, #8279 ) ;
#348 = VECTOR ( 'NONE', #3779, 1000.000000000000000 ) ;
#349 = EDGE_LOOP ( 'NONE', ( #6755, #6651, #2658, #3570 ) ) ;
#350 = CARTESIAN_POINT ( 'NONE',  ( 2.545562548314526996, 1.030787940178321760, 2.276695463209204906 ) ) ;
#351 = ORIENTED_EDGE ( 'NONE', *, *, #4589, .F. ) ;
#352 = CARTESIAN_POINT ( 'NONE',  ( 0.2744391025641970683, -10.21458333333333179, 5.500000000000000888 ) ) ;
#353 = CARTESIAN_POINT ( 'NONE',  ( 0.1282051282052131536, -8.869431089743587293, 5.500000000000000888 ) ) ;
#354 = VERTEX_POINT ( 'NONE', #1075 ) ;
#355 = VECTOR ( 'NONE', #6226, 1000.000000000000000 ) ;
#356 = CIRCLE ( 'NONE', #2128, 3.100000000000001865 ) ;
#357 = ORIENTED_EDGE ( 'NONE', *, *, #7714, .T. ) ;
#358 = DIRECTION ( 'NONE',  ( -0.9788066078233537137, -0.2047867780920912817, -7.888609052210118054E-31 ) ) ;
#359 = AXIS2_PLACEMENT_3D ( 'NONE', #3790, #3181, #6446 ) ;
#360 = AXIS2_PLACEMENT_3D ( 'NONE', #2757, #4593, #3435 ) ;
#361 = DIRECTION ( 'NONE',  ( 1.000000000000000000, 6.982962677686265922E-15, 7.888609052210118054E-31 ) ) ;
#362 = EDGE_LOOP ( 'NONE', ( #3359, #2851, #2782, #1052, #7202 ) ) ;
#363 = DIRECTION ( 'NONE',  ( 6.825260543506556042E-15, -1.000000000000000000, 1.101228117168384694E-30 ) ) ;
#364 =( NAMED_UNIT ( * ) PLANE_ANGLE_UNIT ( ) SI_UNIT ( $, .RADIAN. ) );
#365 = ORIENTED_EDGE ( 'NONE', *, *, #1024, .F. ) ;
#366 = ORIENTED_EDGE ( 'NONE', *, *, #7295, .F. ) ;
#367 = AXIS2_PLACEMENT_3D ( 'NONE', #5374, #8002, #2123 ) ;
#368 = CARTESIAN_POINT ( 'NONE',  ( -48.99999999999981526, -22.50000000000034106, 3.317568303507659991E-13 ) ) ;
#369 = CARTESIAN_POINT ( 'NONE',  ( 3.999999999999992450, 4.350000000000027178, 0.8000000000000001554 ) ) ;
#370 = ORIENTED_EDGE ( 'NONE', *, *, #264, .F. ) ;
#371 = CARTESIAN_POINT ( 'NONE',  ( -2.985803957072744819, 3.633651443907292666, 6.000000000000000000 ) ) ;
#372 = ORIENTED_EDGE ( 'NONE', *, *, #3946, .F. ) ;
#373 = PLANE ( 'NONE',  #2497 ) ;
#374 = CARTESIAN_POINT ( 'NONE',  ( -2.499999999999909406, -9.626642628205145158, 5.500000000000000000 ) ) ;
#375 = LINE ( 'NONE', #8229, #2119 ) ;
#376 = CARTESIAN_POINT ( 'NONE',  ( 2.227981349045868420, -11.23353219699344940, 5.999999999999999112 ) ) ;
#377 = LINE ( 'NONE', #4920, #2693 ) ;
#378 = CARTESIAN_POINT ( 'NONE',  ( -0.2788754767729530459, -5.742564641860097296, 5.500000000000000000 ) ) ;
#379 = VERTEX_POINT ( 'NONE', #7553 ) ;
#380 = EDGE_CURVE ( 'NONE', #6653, #5660, #7906, .T. ) ;
#381 = EDGE_CURVE ( 'NONE', #7550, #3412, #7688, .T. ) ;
#382 = CARTESIAN_POINT ( 'NONE',  ( 1.561532611812908700, -11.43652615691555319, 5.500000000000000000 ) ) ;
#383 = LINE ( 'NONE', #2998, #7068 ) ;
#384 = CARTESIAN_POINT ( 'NONE',  ( 1.527768504724007492, -5.404377910044832589, 5.500000000000000888 ) ) ;
#385 = DIRECTION ( 'NONE',  ( -7.888609052210118054E-31, -5.605193857299268284E-45, 1.000000000000000000 ) ) ;
#386 = CARTESIAN_POINT ( 'NONE',  ( 0.1468519028335288357, -14.85498505581341355, 6.000000000000000000 ) ) ;
#387 = DIRECTION ( 'NONE',  ( -1.000000000000000000, -6.715058616684416976E-15, 6.994852725712934581E-15 ) ) ;
#388 = VERTEX_POINT ( 'NONE', #4932 ) ;
#389 = CARTESIAN_POINT ( 'NONE',  ( -1.605883729056722053, 5.451629206497557334, 3.000000000000000000 ) ) ;
#390 = EDGE_CURVE ( 'NONE', #5270, #6130, #2364, .T. ) ;
#391 = ORIENTED_EDGE ( 'NONE', *, *, #5348, .T. ) ;
#392 = CARTESIAN_POINT ( 'NONE',  ( 2.322888131161961134, -12.19821267974552370, 5.500000000000000000 ) ) ;
#393 = EDGE_CURVE ( 'NONE', #6295, #4036, #5078, .T. ) ;
#394 = CARTESIAN_POINT ( 'NONE',  ( -31.99999999999980815, -22.50000000000022027, 3.000000000000226041 ) ) ;
#395 = ORIENTED_EDGE ( 'NONE', *, *, #1331, .T. ) ;
#396 = LINE ( 'NONE', #430, #476 ) ;
#397 = CARTESIAN_POINT ( 'NONE',  ( 1.998807928985419036, -7.656910438609284775, 6.000000000000000000 ) ) ;
#398 = CARTESIAN_POINT ( 'NONE',  ( 1.271309186050286089, -6.529587531969508696, 5.500000000000000888 ) ) ;
#399 = ORIENTED_EDGE ( 'NONE', *, *, #5837, .T. ) ;
#400 = EDGE_CURVE ( 'NONE', #4164, #5176, #6957, .T. ) ;
#401 = ADVANCED_FACE ( 'NONE', ( #5530 ), #1680, .T. ) ;
#402 = ORIENTED_EDGE ( 'NONE', *, *, #3393, .T. ) ;
#403 = FACE_OUTER_BOUND ( 'NONE', #506, .T. ) ;
#404 = CARTESIAN_POINT ( 'NONE',  ( 1.474358974359079699, -11.74102564102563484, 5.500000000000000000 ) ) ;
#405 = VERTEX_POINT ( 'NONE', #3008 ) ;
#406 = CARTESIAN_POINT ( 'NONE',  ( 1.564963387258391236, -13.23901729331793575, 6.000000000000000000 ) ) ;
#407 = DIRECTION ( 'NONE',  ( -6.982962677686265133E-15, 1.000000000000000000, 0.000000000000000000 ) ) ;
#408 = VERTEX_POINT ( 'NONE', #7596 ) ;
#409 = VERTEX_POINT ( 'NONE', #1723 ) ;
#410 = CARTESIAN_POINT ( 'NONE',  ( 2.469242745875042111, 0.9257427439266795455, 3.000000000000000000 ) ) ;
#411 = CARTESIAN_POINT ( 'NONE',  ( 1.089041879867743257, -8.194969670078975810, 6.000000000000000000 ) ) ;
#412 = DIRECTION ( 'NONE',  ( -7.888609052210118054E-31, -5.605193857299268284E-45, 1.000000000000000000 ) ) ;
#413 = ORIENTED_EDGE ( 'NONE', *, *, #426, .T. ) ;
#414 = CARTESIAN_POINT ( 'NONE',  ( -3.687478813498444641, 1.249999999999974465, 14.31370849898475939 ) ) ;
#415 = LINE ( 'NONE', #7698, #4731 ) ;
#416 = CARTESIAN_POINT ( 'NONE',  ( 0.2074927377459336586, -9.170874645364621713, 5.500000000000000000 ) ) ;
#417 = CARTESIAN_POINT ( 'NONE',  ( 2.409843370120654527, 1.475177396220332060, 3.000000000000000000 ) ) ;
#418 = CARTESIAN_POINT ( 'NONE',  ( -2.214865306861645511, 0.6310436444085253394, 2.318931217520891597 ) ) ;
#419 = DIRECTION ( 'NONE',  ( -6.982962677686265133E-15, 1.000000000000000000, 0.000000000000000000 ) ) ;
#420 = DIRECTION ( 'NONE',  ( -7.888609052210118054E-31, -5.508586259044128230E-45, 1.000000000000000000 ) ) ;
#421 = CARTESIAN_POINT ( 'NONE',  ( 2.025603872369317049, 5.146684672520454917, 2.337413152810810857 ) ) ;
#422 = ORIENTED_EDGE ( 'NONE', *, *, #6573, .F. ) ;
#423 = CARTESIAN_POINT ( 'NONE',  ( 31.99999999999970868, 23.70000000000021956, -22.50000000000021672 ) ) ;
#424 = VERTEX_POINT ( 'NONE', #5018 ) ;
#425 = DIRECTION ( 'NONE',  ( 0.6236474483051200890, -0.7817057376164719962, 7.888609052210117178E-31 ) ) ;
#426 = EDGE_CURVE ( 'NONE', #4370, #3866, #7640, .T. ) ;
#427 = CARTESIAN_POINT ( 'NONE',  ( 1.453421768577693562, -5.466771612313175766, 6.000000000000000000 ) ) ;
#428 = AXIS2_PLACEMENT_3D ( 'NONE', #5405, #8033, #4766 ) ;
#429 = LINE ( 'NONE', #8289, #1567 ) ;
#430 = CARTESIAN_POINT ( 'NONE',  ( 2.017227564102666015, -11.19615384615383746, 5.500000000000000888 ) ) ;
#431 = CARTESIAN_POINT ( 'NONE',  ( -42.99999999999982236, -19.50000000000029843, 3.000000000000302869 ) ) ;
#432 = CARTESIAN_POINT ( 'NONE',  ( 2.434258557892104768, -13.99873758561663983, 5.500000000000000000 ) ) ;
#433 = DIRECTION ( 'NONE',  ( -6.982962677686265922E-15, 1.000000000000000000, -0.000000000000000000 ) ) ;
#434 = VERTEX_POINT ( 'NONE', #6993 ) ;
#435 = EDGE_CURVE ( 'NONE', #2887, #7196, #7363, .T. ) ;
#437 = ORIENTED_EDGE ( 'NONE', *, *, #8506, .F. ) ;
#436 = EDGE_CURVE ( 'NONE', #4677, #85, #2480, .T. ) ;
#438 = DIRECTION ( 'NONE',  ( -7.888609052210118054E-31, -5.605193857299268284E-45, 1.000000000000000000 ) ) ;
#439 = VECTOR ( 'NONE', #3794, 1000.000000000000000 ) ;
#440 = EDGE_CURVE ( 'NONE', #4981, #4164, #2169, .T. ) ;
#441 = EDGE_CURVE ( 'NONE', #2596, #4677, #2775, .T. ) ;
#442 = FACE_BOUND ( 'NONE', #5496, .T. ) ;
#443 = ORIENTED_EDGE ( 'NONE', *, *, #651, .F. ) ;
#444 = CARTESIAN_POINT ( 'NONE',  ( 0.8884214743590894692, -13.11923076923075904, 6.000000000000000000 ) ) ;
#445 = AXIS2_PLACEMENT_3D ( 'NONE', #2281, #253, #6873 ) ;
#446 = ORIENTED_EDGE ( 'NONE', *, *, #1807, .T. ) ;
#447 = ORIENTED_EDGE ( 'NONE', *, *, #651, .T. ) ;
#448 = DIRECTION ( 'NONE',  ( -7.888609052210118054E-31, -5.605193857299268284E-45, 1.000000000000000000 ) ) ;
#449 = VECTOR ( 'NONE', #702, 1000.000000000000000 ) ;
#450 = DIRECTION ( 'NONE',  ( -6.888341397178440152E-15, 1.000000000000000000, -6.607368703010305184E-31 ) ) ;
#451 = EDGE_LOOP ( 'NONE', ( #983, #8200, #1360, #6199 ) ) ;
#452 = DIRECTION ( 'NONE',  ( -6.982962677686264344E-15, 1.000000000000000000, 0.000000000000000000 ) ) ;
#453 = ORIENTED_EDGE ( 'NONE', *, *, #7107, .F. ) ;
#454 = FACE_OUTER_BOUND ( 'NONE', #1091, .T. ) ;
#455 = VECTOR ( 'NONE', #4670, 1000.000000000000000 ) ;
#456 = DIRECTION ( 'NONE',  ( -6.982962677686264344E-15, 1.000000000000000000, 0.000000000000000000 ) ) ;
#457 = CARTESIAN_POINT ( 'NONE',  ( 3.999999999999992450, 4.350000000000027178, 0.9999999999999997780 ) ) ;
#458 = CARTESIAN_POINT ( 'NONE',  ( -1.484443964493470158, -5.454732601127710190, 6.000000000000000000 ) ) ;
#459 = DIRECTION ( 'NONE',  ( -7.888609052210118054E-31, -5.605193857299268284E-45, 1.000000000000000000 ) ) ;
#460 = CARTESIAN_POINT ( 'NONE',  ( 2.017227564102673565, -12.28589743589742689, 6.000000000000000000 ) ) ;
#461 = CARTESIAN_POINT ( 'NONE',  ( 3.999999999999992450, 4.350000000000027178, 0.8000000000000001554 ) ) ;
#462 = CARTESIAN_POINT ( 'NONE',  ( 0.1723349018212390893, -14.92984517787428977, 6.000000000000000000 ) ) ;
#463 = CARTESIAN_POINT ( 'NONE',  ( 2.406055790313988307, -12.12780954782422960, 6.000000000000000000 ) ) ;
#464 = EDGE_LOOP ( 'NONE', ( #5172, #6924, #527, #4007 ) ) ;
#465 = CARTESIAN_POINT ( 'NONE',  ( 2.127069218349288970, -13.60417259753689301, 5.500000000000000888 ) ) ;
#466 = CIRCLE ( 'NONE', #5249, 3.100000000000000089 ) ;
#467 = VERTEX_POINT ( 'NONE', #6073 ) ;
#468 = AXIS2_PLACEMENT_3D ( 'NONE', #4090, #6714, #7397 ) ;
#469 = CARTESIAN_POINT ( 'NONE',  ( 2.131978951687544033, -6.110797700290708789, 6.000000000000000000 ) ) ;
#470 = FACE_OUTER_BOUND ( 'NONE', #3867, .T. ) ;
#471 = CARTESIAN_POINT ( 'NONE',  ( -1.666666666666592134, -7.350000000000012079, 6.000000000000000000 ) ) ;
#472 = CARTESIAN_POINT ( 'NONE',  ( -1.666666666666540175, -14.74883814102565083, 5.500000000000000000 ) ) ;
#473 = VERTEX_POINT ( 'NONE', #3498 ) ;
#474 = ORIENTED_EDGE ( 'NONE', *, *, #3994, .F. ) ;
#475 = EDGE_CURVE ( 'NONE', #6602, #4642, #279, .T. ) ;
#476 = VECTOR ( 'NONE', #2922, 1000.000000000000000 ) ;
#477 = DIRECTION ( 'NONE',  ( 1.000000000000000000, 6.715058616684416976E-15, -6.854955671198676173E-15 ) ) ;
#478 = EDGE_CURVE ( 'NONE', #7268, #3546, #8101, .T. ) ;
#479 = DIRECTION ( 'NONE',  ( -7.888609052210118054E-31, -5.605193857299268284E-45, 1.000000000000000000 ) ) ;
#480 = EDGE_CURVE ( 'NONE', #779, #5825, #1488, .T. ) ;
#481 = VERTEX_POINT ( 'NONE', #2259 ) ;
#482 = AXIS2_PLACEMENT_3D ( 'NONE', #710, #1450, #7243 ) ;
#483 = CARTESIAN_POINT ( 'NONE',  ( -0.5152986151107692425, 5.501289939503887894, 3.000000000000000000 ) ) ;
#484 = VECTOR ( 'NONE', #6717, 1000.000000000000000 ) ;
#485 = CARTESIAN_POINT ( 'NONE',  ( 0.4911257817680768634, -5.735556636061516222, 5.999999999999999112 ) ) ;
#486 = ORIENTED_EDGE ( 'NONE', *, *, #5599, .T. ) ;
#487 = ORIENTED_EDGE ( 'NONE', *, *, #8364, .F. ) ;
#488 = ADVANCED_FACE ( 'NONE', ( #4871, #7495 ), #2858, .T. ) ;
#489 = CARTESIAN_POINT ( 'NONE',  ( -1.911356201305077995, -3.634973154823162744, 5.500000000000000000 ) ) ;
#490 = EDGE_CURVE ( 'NONE', #3531, #518, #4530, .T. ) ;
#491 = VECTOR ( 'NONE', #2589, 1000.000000000000000 ) ;
#492 = CIRCLE ( 'NONE', #6396, 4.000000000000000000 ) ;
#493 = CARTESIAN_POINT ( 'NONE',  ( -1.911356201305077995, -3.634973154823162744, 6.000000000000000000 ) ) ;
#494 = LINE ( 'NONE', #3070, #7054 ) ;
#495 = VERTEX_POINT ( 'NONE', #4092 ) ;
#496 = AXIS2_PLACEMENT_3D ( 'NONE', #1102, #6863, #7543 ) ;
#497 = CARTESIAN_POINT ( 'NONE',  ( -15.00000000000012967, 22.49999999999989697, -2.063301313030405599E-16 ) ) ;
#498 = CIRCLE ( 'NONE', #6260, 3.100000000000000089 ) ;
#499 = DIRECTION ( 'NONE',  ( 6.982962677686265922E-15, 4.876176775795934672E-29, 1.000000000000000000 ) ) ;
#500 = B_SPLINE_CURVE_WITH_KNOTS ( 'NONE', 3,
 ( #4139, #3418, #6038, #6765, #5515, #6817, #3552, #151, #6078, #5380, #7960, #882, #2780, #8010, #1493, #4099, #6001, #7369, #2862 ),
 .UNSPECIFIED., .F., .F.,
 ( 4, 1, 1, 1, 1, 1, 1, 1, 1, 1, 1, 1, 1, 1, 1, 1, 4 ),
 ( 0.000000000000000000, 0.06116154996539596711, 0.1203363801759606694, 0.1783898341784805885, 0.2358655101693931111, 0.2941823526725293458, 0.3532419669828836817, 0.4136922142579403383, 0.4761376879043047183, 0.5394336096482432730, 0.6023842390965556959, 0.6644303114771669128, 0.7277262332211056339, 0.7924691057685016027, 0.8591605019104374685, 0.9281559975465448753, 1.000000000000000000 ),
 .UNSPECIFIED. ) ;
#501 = CARTESIAN_POINT ( 'NONE',  ( 0.3733089833663621460, -9.389868667784012857, 5.500000000000000888 ) ) ;
#502 = DIRECTION ( 'NONE',  ( 0.7410040726247886234, -0.6715005319085585178, 0.000000000000000000 ) ) ;
#503 = ADVANCED_FACE ( 'NONE', ( #970 ), #6682, .F. ) ;
#504 = DIRECTION ( 'NONE',  ( -0.2047867780920638314, -0.9788066078233593759, -1.972152263052529295E-31 ) ) ;
#505 = LINE ( 'NONE', #418, #4704 ) ;
#506 = EDGE_LOOP ( 'NONE', ( #2742, #3497, #722, #5322 ) ) ;
#507 = DIRECTION ( 'NONE',  ( -7.888609052210118054E-31, -5.605193857299268284E-45, 1.000000000000000000 ) ) ;
#508 = CARTESIAN_POINT ( 'NONE',  ( 0.1311058630887481646, -14.77921131274705147, 6.000000000000000000 ) ) ;
#509 = DIRECTION ( 'NONE',  ( 0.8676178079094163387, -0.4972316757794689734, 7.888609052210118054E-31 ) ) ;
#510 = ORIENTED_EDGE ( 'NONE', *, *, #2430, .T. ) ;
#511 = CARTESIAN_POINT ( 'NONE',  ( 2.565504850932298631, -5.437132187319972942, 5.500000000000000000 ) ) ;
#512 = LINE ( 'NONE', #2526, #1408 ) ;
#513 = ORIENTED_EDGE ( 'NONE', *, *, #4666, .T. ) ;
#514 = CARTESIAN_POINT ( 'NONE',  ( 1.266980391713545595, -5.579789429292077330, 6.000000000000000000 ) ) ;
#515 = CARTESIAN_POINT ( 'NONE',  ( 0.1723349018211978723, -9.096511844540955849, 6.000000000000000000 ) ) ;
#516 = LINE ( 'NONE', #5668, #5785 ) ;
#517 = CARTESIAN_POINT ( 'NONE',  ( 0.2148964409209754012, -14.37842260403748185, 5.999999999999999112 ) ) ;
#518 = VERTEX_POINT ( 'NONE', #2735 ) ;
#519 = ORIENTED_EDGE ( 'NONE', *, *, #2968, .T. ) ;
#520 = CARTESIAN_POINT ( 'NONE',  ( -0.7674176176608434874, -14.70901653339351611, 5.999999999999999112 ) ) ;
#521 = DIRECTION ( 'NONE',  ( 0.8847194585835870262, -0.4661238886857920205, 7.888609052210117178E-31 ) ) ;
#522 = ORIENTED_EDGE ( 'NONE', *, *, #3154, .T. ) ;
#523 = CARTESIAN_POINT ( 'NONE',  ( 0.08150322895404027435, -7.451221520006853005, 5.500000000000000000 ) ) ;
#524 = CARTESIAN_POINT ( 'NONE',  ( -43.78102496759046858, -22.50000000000030553, 3.000000000000308198 ) ) ;
#525 = FACE_OUTER_BOUND ( 'NONE', #5551, .T. ) ;
#526 = ORIENTED_EDGE ( 'NONE', *, *, #2049, .F. ) ;
#527 = ORIENTED_EDGE ( 'NONE', *, *, #173, .F. ) ;
#528 = CARTESIAN_POINT ( 'NONE',  ( -1.948116987179420390, -6.234214743589761021, 5.500000000000000888 ) ) ;
#529 = LINE ( 'NONE', #410, #5800 ) ;
#530 = ADVANCED_FACE ( 'NONE', ( #8471 ), #6256, .T. ) ;
#531 = CARTESIAN_POINT ( 'NONE',  ( -1.230305949196291104, -3.362346523852247415, 6.000000000000000888 ) ) ;
#532 = EDGE_CURVE ( 'NONE', #4249, #1902, #6900, .T. ) ;
#533 = DIRECTION ( 'NONE',  ( -1.000000000000000000, -6.715058616684416976E-15, 6.854955671198676173E-15 ) ) ;
#534 = ORIENTED_EDGE ( 'NONE', *, *, #1798, .T. ) ;
#535 = CARTESIAN_POINT ( 'NONE',  ( 0.4477163461539355183, -9.459374999999997868, 5.500000000000000000 ) ) ;
#536 = LINE ( 'NONE', #5819, #617 ) ;
#537 = CARTESIAN_POINT ( 'NONE',  ( -40.00000000000012079, 23.69999999999971863, 2.827879540594038787E-13 ) ) ;
#538 = ADVANCED_FACE ( 'NONE', ( #1178, #5808 ), #373, .T. ) ;
#539 = CARTESIAN_POINT ( 'NONE',  ( -0.8303434907143657506, -5.693558551459973138, 6.000000000000000000 ) ) ;
#540 = ADVANCED_FACE ( 'NONE', ( #1901 ), #609, .T. ) ;
#541 = CARTESIAN_POINT ( 'NONE',  ( 0.2398129105161337649, -3.248841230219304155, 6.000000000000000000 ) ) ;
#542 = EDGE_CURVE ( 'NONE', #3858, #4040, #1254, .T. ) ;
#543 = CARTESIAN_POINT ( 'NONE',  ( -20.99999999999982947, -19.50000000000014211, 3.000000000000149214 ) ) ;
#544 = ORIENTED_EDGE ( 'NONE', *, *, #3573, .F. ) ;
#545 = PLANE ( 'NONE',  #347 ) ;
#546 = DIRECTION ( 'NONE',  ( 0.9967550144548029678, -0.08049497598735953774, 7.888609052210118054E-31 ) ) ;
#547 = CARTESIAN_POINT ( 'NONE',  ( 2.564102564102670012, -11.74102564102562773, 6.000000000000000000 ) ) ;
#548 = ORIENTED_EDGE ( 'NONE', *, *, #4510, .F. ) ;
#549 = CARTESIAN_POINT ( 'NONE',  ( 0.1288816258766188327, -6.644385295427484017, 6.000000000000000000 ) ) ;
#550 = VERTEX_POINT ( 'NONE', #3875 ) ;
#551 = CARTESIAN_POINT ( 'NONE',  ( 0.2838814083088676554, -6.643440378402961422, 6.000000000000000000 ) ) ;
#552 = CARTESIAN_POINT ( 'NONE',  ( 0.1291706833797351128, -8.894877637898376932, 6.000000000000000000 ) ) ;
#553 = CARTESIAN_POINT ( 'NONE',  ( -1.019486604889647818, 5.727566747736176467, 6.000000000000000000 ) ) ;
#554 = DIRECTION ( 'NONE',  ( -0.9728446671890084163, -0.2314589672531777997, -7.888609052210119806E-31 ) ) ;
#555 = DIRECTION ( 'NONE',  ( -7.140664811865975012E-15, -4.984807389725283065E-29, -1.000000000000000000 ) ) ;
#556 = EDGE_LOOP ( 'NONE', ( #1096, #2048, #474, #487 ) ) ;
#557 = ORIENTED_EDGE ( 'NONE', *, *, #593, .F. ) ;
#558 = CARTESIAN_POINT ( 'NONE',  ( -0.5152986151107692425, 5.501289939503887894, 6.000000000000000000 ) ) ;
#559 = FACE_OUTER_BOUND ( 'NONE', #1974, .T. ) ;
#560 = ORIENTED_EDGE ( 'NONE', *, *, #7087, .F. ) ;
#561 = CARTESIAN_POINT ( 'NONE',  ( -1.666666666666540175, -14.74883814102565083, 5.500000000000000000 ) ) ;
#562 = CARTESIAN_POINT ( 'NONE',  ( 0.8555968945877530096, -5.694061671414943682, 5.999999999999999112 ) ) ;
#563 = CARTESIAN_POINT ( 'NONE',  ( -47.00000000000006395, 16.69999999999964757, 5.000000000000332179 ) ) ;
#564 = ORIENTED_EDGE ( 'NONE', *, *, #3843, .F. ) ;
#565 = CLOSED_SHELL ( 'NONE', ( #2716, #2958, #751, #8248, #1001, #926, #503, #5206 ) ) ;
#566 = ORIENTED_EDGE ( 'NONE', *, *, #3313, .T. ) ;
#567 = CARTESIAN_POINT ( 'NONE',  ( -11.00000000000013145, 22.49999999999992895, 3.000000000000000000 ) ) ;
#568 = CARTESIAN_POINT ( 'NONE',  ( 1.282051282051420493, -16.45256410256408941, 5.500000000000000888 ) ) ;
#569 = VECTOR ( 'NONE', #3135, 1000.000000000000227 ) ;
#570 = CARTESIAN_POINT ( 'NONE',  ( -1.535450598547713597, -3.453339881561341418, 5.500000000000000000 ) ) ;
#571 = CARTESIAN_POINT ( 'NONE',  ( 0.2981557378202768227, -8.433243599184757855, 6.000000000000000000 ) ) ;
#572 = VERTEX_POINT ( 'NONE', #2595 ) ;
#573 = DIRECTION ( 'NONE',  ( -6.982962677686265922E-15, -4.876176775795934672E-29, -1.000000000000000000 ) ) ;
#574 = CARTESIAN_POINT ( 'NONE',  ( -0.4330878365113807749, -5.733787660365335270, 6.000000000000000000 ) ) ;
#575 = AXIS2_PLACEMENT_3D ( 'NONE', #7670, #6345, #7588 ) ;
#576 = EDGE_CURVE ( 'NONE', #6627, #8260, #1942, .T. ) ;
#577 = CARTESIAN_POINT ( 'NONE',  ( 1.404941898078522433, -3.406507269476483746, 6.000000000000000888 ) ) ;
#578 = EDGE_CURVE ( 'NONE', #5670, #1203, #1681, .T. ) ;
#579 = VECTOR ( 'NONE', #5370, 1000.000000000000000 ) ;
#580 = ADVANCED_FACE ( 'NONE', ( #7578 ), #1863, .F. ) ;
#581 = LINE ( 'NONE', #3809, #333 ) ;
#582 = LINE ( 'NONE', #5654, #2015 ) ;
#583 = VERTEX_POINT ( 'NONE', #6210 ) ;
#584 = CARTESIAN_POINT ( 'NONE',  ( 1.564963387258349714, -7.405683959984601827, 5.999999999999999112 ) ) ;
#585 = CARTESIAN_POINT ( 'NONE',  ( -0.1851409416627704529, -7.614382189356711628, 6.000000000000000000 ) ) ;
#586 = DIRECTION ( 'NONE',  ( 1.000000000000000000, 7.304098846218139203E-15, -6.982962677686276966E-15 ) ) ;
#587 = ORIENTED_EDGE ( 'NONE', *, *, #6582, .F. ) ;
#588 = CARTESIAN_POINT ( 'NONE',  ( 1.271309186050286089, -6.529587531969508696, 5.500000000000000888 ) ) ;
#589 = ORIENTED_EDGE ( 'NONE', *, *, #3581, .T. ) ;
#590 = CARTESIAN_POINT ( 'NONE',  ( 2.600299277223947492, -14.45562296452539286, 5.500000000000000000 ) ) ;
#591 = ORIENTED_EDGE ( 'NONE', *, *, #2110, .F. ) ;
#592 = EDGE_CURVE ( 'NONE', #4922, #91, #4549, .T. ) ;
#593 = EDGE_CURVE ( 'NONE', #4315, #4971, #1301, .T. ) ;
#594 = VECTOR ( 'NONE', #7221, 1000.000000000000000 ) ;
#595 = DIRECTION ( 'NONE',  ( -6.982962677686265133E-15, 1.000000000000000000, 0.000000000000000000 ) ) ;
#596 = VECTOR ( 'NONE', #3441, 1000.000000000000000 ) ;
#597 = DIRECTION ( 'NONE',  ( 6.982962677686265922E-15, -1.000000000000000000, 0.000000000000000000 ) ) ;
#598 = CARTESIAN_POINT ( 'NONE',  ( 3.066744232185274921, 2.347142611456577654, 3.000000000000000000 ) ) ;
#599 = ORIENTED_EDGE ( 'NONE', *, *, #7731, .F. ) ;
#600 = DIRECTION ( 'NONE',  ( 6.982962677686265922E-15, 4.876176775795934672E-29, 1.000000000000000000 ) ) ;
#601 = ORIENTED_EDGE ( 'NONE', *, *, #5621, .F. ) ;
#602 = EDGE_CURVE ( 'NONE', #6186, #3801, #4422, .T. ) ;
#603 = VECTOR ( 'NONE', #828, 1000.000000000000000 ) ;
#604 = CARTESIAN_POINT ( 'NONE',  ( -1.019486604889566328, -0.1275667477362047164, 3.000000000000000000 ) ) ;
#605 = CARTESIAN_POINT ( 'NONE',  ( 3.131316011514059253E-15, 2.799999999999999822, 3.000000000000000000 ) ) ;
#606 = VERTEX_POINT ( 'NONE', #5559 ) ;
#607 = DIRECTION ( 'NONE',  ( 0.5507286755606269901, -0.8346843271053060453, 7.888609052210118054E-31 ) ) ;
#608 = LINE ( 'NONE', #7006, #4588 ) ;
#609 = PLANE ( 'NONE',  #6604 ) ;
#610 = ORIENTED_EDGE ( 'NONE', *, *, #8259, .F. ) ;
#611 = VECTOR ( 'NONE', #412, 1000.000000000000000 ) ;
#612 = ORIENTED_EDGE ( 'NONE', *, *, #7508, .F. ) ;
#613 = DIRECTION ( 'NONE',  ( 1.000000000000000000, 6.715058616684410666E-15, -6.994852725712927481E-15 ) ) ;
#614 = DIRECTION ( 'NONE',  ( 0.9941829972169000662, 0.1077040762683629249, 7.888609052210117178E-31 ) ) ;
#615 = ADVANCED_FACE ( 'NONE', ( #525 ), #324, .F. ) ;
#616 = AXIS2_PLACEMENT_3D ( 'NONE', #2910, #7547, #5522 ) ;
#617 = VECTOR ( 'NONE', #3841, 1000.000000000000000 ) ;
#618 = CARTESIAN_POINT ( 'NONE',  ( -2.303748958979892070, 0.7256951202875105977, 2.302585434167871981 ) ) ;
#619 = DIRECTION ( 'NONE',  ( -6.982962677686265133E-15, 1.000000000000000000, 0.000000000000000000 ) ) ;
#620 = VERTEX_POINT ( 'NONE', #2503 ) ;
#621 = CARTESIAN_POINT ( 'NONE',  ( 1.806392689537322349, -12.24896354596685200, 5.999999999999999112 ) ) ;
#622 = VECTOR ( 'NONE', #891, 1000.000000000000000 ) ;
#623 = CARTESIAN_POINT ( 'NONE',  ( -1.389425475054151260, -3.403884835708600676, 6.000000000000000000 ) ) ;
#624 = AXIS2_PLACEMENT_3D ( 'NONE', #2116, #7394, #3404 ) ;
#625 = CARTESIAN_POINT ( 'NONE',  ( 2.298443768346371208, -3.941204757701495698, 6.000000000000000000 ) ) ;
#626 = AXIS2_PLACEMENT_3D ( 'NONE', #7727, #8420, #7089 ) ;
#627 = VECTOR ( 'NONE', #3992, 1000.000000000000000 ) ;
#628 = CARTESIAN_POINT ( 'NONE',  ( 1.681321886725329007, -5.190481468493865158, 5.500000000000000000 ) ) ;
#629 = DIRECTION ( 'NONE',  ( -1.000000000000000000, -6.308085367188407793E-15, 6.308085367188407793E-15 ) ) ;
#630 = ORIENTED_EDGE ( 'NONE', *, *, #1480, .T. ) ;
#631 = CARTESIAN_POINT ( 'NONE',  ( 1.474358974359079699, -11.74102564102563484, 6.000000000000000000 ) ) ;
#632 = CARTESIAN_POINT ( 'NONE',  ( 31.99999999999988987, 21.20000000000022666, -2.199853587340071225E-13 ) ) ;
#633 = ORIENTED_EDGE ( 'NONE', *, *, #693, .F. ) ;
#634 = CARTESIAN_POINT ( 'NONE',  ( 2.354002799544623770, -15.75104495238606184, 6.000000000000000000 ) ) ;
#635 = ORIENTED_EDGE ( 'NONE', *, *, #2552, .T. ) ;
#636 = CIRCLE ( 'NONE', #3515, 0.9499999999999995115 ) ;
#637 = EDGE_CURVE ( 'NONE', #3967, #1072, #5194, .T. ) ;
#638 = EDGE_CURVE ( 'NONE', #3677, #4870, #4465, .T. ) ;
#639 = CARTESIAN_POINT ( 'NONE',  ( 3.131316011514062409E-15, 2.799999999999999822, 0.9999999999999991118 ) ) ;
#640 = B_SPLINE_CURVE_WITH_KNOTS ( 'NONE', 3,
 ( #6628, #4770, #3360, #97, #137, #1516, #2847, #4173, #2726, #4124, #3316 ),
 .UNSPECIFIED., .F., .F.,
 ( 4, 1, 1, 1, 1, 1, 1, 1, 4 ),
 ( 0.000000000000000000, 0.1610658343667282777, 0.3107786020643437119, 0.4498890489726594111, 0.5782757976059884619, 0.6966271750068685487, 0.8059936940939378403, 0.9065647718062151972, 1.000000000000000000 ),
 .UNSPECIFIED. ) ;
#641 = CARTESIAN_POINT ( 'NONE',  ( -61.00000000000000711, 5.299999999999573497, 4.155523824830011491E-13 ) ) ;
#642 = CARTESIAN_POINT ( 'NONE',  ( -60.99999999999981526, -22.50000000000042633, 4.155523824830011996E-13 ) ) ;
#643 = EDGE_LOOP ( 'NONE', ( #6270, #1812 ) ) ;
#644 = CARTESIAN_POINT ( 'NONE',  ( -2.499999999999868106, -15.45997596153847553, 5.500000000000000000 ) ) ;
#645 = ORIENTED_EDGE ( 'NONE', *, *, #5699, .F. ) ;
#646 = UNCERTAINTY_MEASURE_WITH_UNIT (LENGTH_MEASURE( 1.000000000000000082E-05 ), #2484, 'distance_accuracy_value', 'NONE');
#647 = EDGE_CURVE ( 'NONE', #3397, #7004, #6197, .T. ) ;
#648 = CARTESIAN_POINT ( 'NONE',  ( 1.712259564100237830, -11.28270605706520691, 6.000000000000000000 ) ) ;
#649 = CARTESIAN_POINT ( 'NONE',  ( 1.433246906124564291, -16.41505728105040518, 5.500000000000000000 ) ) ;
#650 = LINE ( 'NONE', #1174, #6533 ) ;
#651 = EDGE_CURVE ( 'NONE', #5179, #5691, #6450, .T. ) ;
#652 = CARTESIAN_POINT ( 'NONE',  ( 1.147458232311274529, -5.623305372090624310, 6.000000000000000000 ) ) ;
#653 = CARTESIAN_POINT ( 'NONE',  ( 0.1292793429747762513, -14.63320976635188764, 6.000000000000000000 ) ) ;
#654 = VERTEX_POINT ( 'NONE', #7226 ) ;
#655 = ORIENTED_EDGE ( 'NONE', *, *, #7457, .T. ) ;
#656 = CARTESIAN_POINT ( 'NONE',  ( 43.99999999999992184, 19.70000000000029772, 4.999999999999693578 ) ) ;
#657 = CARTESIAN_POINT ( 'NONE',  ( 39.90000000000019753, -19.49999999999971934, 4.999999999999729106 ) ) ;
#658 = CARTESIAN_POINT ( 'NONE',  ( -1.389425475054151260, -3.403884835708600676, 6.000000000000000000 ) ) ;
#659 = ADVANCED_FACE ( 'NONE', ( #1381 ), #6617, .T. ) ;
#660 = CARTESIAN_POINT ( 'NONE',  ( 21.00000000000017764, -19.49999999999985079, 2.999999999999859668 ) ) ;
#661 = ORIENTED_EDGE ( 'NONE', *, *, #7192, .F. ) ;
#662 = CARTESIAN_POINT ( 'NONE',  ( 2.857775769924374654, 1.598701681998529578, 6.000000000000000000 ) ) ;
#663 = CARTESIAN_POINT ( 'NONE',  ( 2.564102564102670012, -11.74102564102562773, 5.500000000000000000 ) ) ;
#664 = CARTESIAN_POINT ( 'NONE',  ( -2.019237580609386296, -3.705987933263395817, 6.000000000000000000 ) ) ;
#665 = CARTESIAN_POINT ( 'NONE',  ( 2.625970601980214703, -4.803021100966444301, 5.500000000000000888 ) ) ;
#666 = DIRECTION ( 'NONE',  ( -7.888609052210118054E-31, -5.605193857299268284E-45, 1.000000000000000000 ) ) ;
#667 = CARTESIAN_POINT ( 'NONE',  ( 0.5343457804302976788, -14.09323400544527161, 5.500000000000000888 ) ) ;
#668 = ORIENTED_EDGE ( 'NONE', *, *, #7150, .T. ) ;
#669 = B_SPLINE_CURVE_WITH_KNOTS ( 'NONE', 3,
 ( #6299, #1785, #5697, #5123, #5649, #7627, #6981, #458, #7021, #4393, #1145, #3764, #3121, #2471, #1193, #539, #8391, #5077, #574, #7750, #2353, #7699, #1828 ),
 .UNSPECIFIED., .F., .F.,
 ( 4, 1, 1, 1, 1, 1, 1, 1, 1, 1, 1, 1, 1, 1, 1, 1, 1, 1, 1, 1, 4 ),
 ( 0.000000000000000000, 0.05384107006395685152, 0.1055570778902908263, 0.1576598550386147379, 0.2116004015064497090, 0.2398238189631962114, 0.2697149096324073514, 0.3010045387829047292, 0.3345039043075249685, 0.3701851682565435731, 0.4079947395610690752, 0.4485928039685280755, 0.4919866939927481919, 0.5385879323590513357, 0.5903019076030817658, 0.6463263058801921312, 0.7071888705370239503, 0.7729156939026263773, 0.8436211978520827826, 0.9192973113689119069, 1.000000000000000000 ),
 .UNSPECIFIED. ) ;
#670 = CARTESIAN_POINT ( 'NONE',  ( 2.025603872369317049, 5.146684672520454917, 6.000000000000000000 ) ) ;
#671 = LINE ( 'NONE', #8009, #4866 ) ;
#672 = ORIENTED_EDGE ( 'NONE', *, *, #287, .T. ) ;
#673 = CARTESIAN_POINT ( 'NONE',  ( 0.2838814083088675999, -6.643440378402961422, 5.500000000000000888 ) ) ;
#674 = DIRECTION ( 'NONE',  ( 1.000000000000000000, 6.825260543506556042E-15, -6.982962677686265922E-15 ) ) ;
#675 = ORIENTED_EDGE ( 'NONE', *, *, #5102, .F. ) ;
#676 = CARTESIAN_POINT ( 'NONE',  ( -48.99999999999984368, -18.50000000000033751, 3.317568303507659991E-13 ) ) ;
#677 = CARTESIAN_POINT ( 'NONE',  ( -9.549999999999815969, -22.50000000000006040, 3.000000000000000000 ) ) ;
#678 = CARTESIAN_POINT ( 'NONE',  ( 1.645994864032787497, -4.628348987521022195, 5.500000000000000888 ) ) ;
#679 = CARTESIAN_POINT ( 'NONE',  ( 1.699965765326864275, -14.52631171061453053, 6.000000000000000000 ) ) ;
#680 = ORIENTED_EDGE ( 'NONE', *, *, #2550, .T. ) ;
#681 = CARTESIAN_POINT ( 'NONE',  ( 2.405971266291876187, -11.35334503502793879, 6.000000000000000000 ) ) ;
#682 = ORIENTED_EDGE ( 'NONE', *, *, #4165, .T. ) ;
#683 = CARTESIAN_POINT ( 'NONE',  ( -1.730769230769173106, -4.939142628205143382, 6.000000000000000000 ) ) ;
#684 = CARTESIAN_POINT ( 'NONE',  ( 1.962122421163328800, -16.16023264141778526, 5.999999999999999112 ) ) ;
#685 = DIRECTION ( 'NONE',  ( 6.982962677686265922E-15, 4.876176775795934672E-29, 1.000000000000000000 ) ) ;
#686 = EDGE_CURVE ( 'NONE', #4668, #779, #2633, .T. ) ;
#687 = EDGE_CURVE ( 'NONE', #1279, #4347, #7966, .T. ) ;
#688 = CARTESIAN_POINT ( 'NONE',  ( 0.7548344204370105448, -14.02902731344576814, 6.000000000000000000 ) ) ;
#689 = EDGE_LOOP ( 'NONE', ( #922, #5437, #5799, #6402 ) ) ;
#690 = DIRECTION ( 'NONE',  ( 6.825260543506556042E-15, -1.000000000000000000, 1.101228117168384694E-30 ) ) ;
#691 = CARTESIAN_POINT ( 'NONE',  ( 0.9194711538462754241, -14.01666666666665861, 6.000000000000000000 ) ) ;
#692 = CARTESIAN_POINT ( 'NONE',  ( 2.628205128205255203, -14.79090544871792723, 6.000000000000000000 ) ) ;
#693 = EDGE_CURVE ( 'NONE', #1609, #354, #1862, .T. ) ;
#694 = EDGE_CURVE ( 'NONE', #1833, #5069, #5401, .T. ) ;
#695 = CARTESIAN_POINT ( 'NONE',  ( 1.962122421163328800, -16.16023264141778526, 5.500000000000000000 ) ) ;
#696 = ORIENTED_EDGE ( 'NONE', *, *, #2155, .F. ) ;
#697 = AXIS2_PLACEMENT_3D ( 'NONE', #1115, #6310, #947 ) ;
#698 = CARTESIAN_POINT ( 'NONE',  ( 0.1414048369820250228, -8.732247550473946518, 6.000000000000000000 ) ) ;
#699 = EDGE_LOOP ( 'NONE', ( #4707, #668, #7809, #8292 ) ) ;
#700 = CARTESIAN_POINT ( 'NONE',  ( -0.7285882378181716135, -9.084207005804646684, 5.500000000000000888 ) ) ;
#701 = FACE_OUTER_BOUND ( 'NONE', #3577, .T. ) ;
#702 = DIRECTION ( 'NONE',  ( 6.888341397178440152E-15, -1.000000000000000000, 6.607368703010305184E-31 ) ) ;
#703 = VECTOR ( 'NONE', #6485, 1000.000000000000000 ) ;
#704 = CARTESIAN_POINT ( 'NONE',  ( 1.642595037696804816, -8.564039857484011975, 6.000000000000000888 ) ) ;
#705 = DIRECTION ( 'NONE',  ( -6.982962677686265133E-15, 1.000000000000000000, 0.000000000000000000 ) ) ;
#706 = CARTESIAN_POINT ( 'NONE',  ( -2.590552459085835757, -5.345533281438135553, 6.000000000000000000 ) ) ;
#707 = EDGE_LOOP ( 'NONE', ( #6639, #4155, #7085, #342 ) ) ;
#708 = CIRCLE ( 'NONE', #5362, 3.100000000000001865 ) ;
#709 = CARTESIAN_POINT ( 'NONE',  ( -1.585812863945655904, -6.418381915867382936, 5.500000000000000888 ) ) ;
#710 = CARTESIAN_POINT ( 'NONE',  ( 17.00000000000017764, -16.49999999999987921, 4.999999999999881872 ) ) ;
#711 = VERTEX_POINT ( 'NONE', #2107 ) ;
#712 = CARTESIAN_POINT ( 'NONE',  ( 0.5094133165081674575, -6.633576842738277968, 5.500000000000000888 ) ) ;
#713 = FACE_OUTER_BOUND ( 'NONE', #4934, .T. ) ;
#714 = VERTEX_POINT ( 'NONE', #7902 ) ;
#715 = EDGE_CURVE ( 'NONE', #2459, #7386, #3436, .T. ) ;
#716 = VECTOR ( 'NONE', #3681, 1000.000000000000227 ) ;
#717 = CARTESIAN_POINT ( 'NONE',  ( 3.131316011514059253E-15, 2.799999999999999822, 3.000000000000000000 ) ) ;
#718 = LINE ( 'NONE', #78, #6636 ) ;
#719 = DIRECTION ( 'NONE',  ( -7.888609052210118054E-31, -5.605193857299268284E-45, 1.000000000000000000 ) ) ;
#720 = LINE ( 'NONE', #3984, #6331 ) ;
#721 = CARTESIAN_POINT ( 'NONE',  ( 0.08150322895408114443, -13.28455485334019315, 6.000000000000000000 ) ) ;
#722 = ORIENTED_EDGE ( 'NONE', *, *, #1958, .F. ) ;
#723 = LINE ( 'NONE', #3342, #1874 ) ;
#724 = VECTOR ( 'NONE', #308, 1000.000000000000114 ) ;
#725 = VERTEX_POINT ( 'NONE', #7299 ) ;
#726 = LINE ( 'NONE', #8465, #594 ) ;
#727 = VECTOR ( 'NONE', #2121, 999.9999999999998863 ) ;
#728 = CARTESIAN_POINT ( 'NONE',  ( 2.608484153170429476, -15.09133955081386524, 6.000000000000000000 ) ) ;
#729 = CARTESIAN_POINT ( 'NONE',  ( -22.55000000000019966, -19.50000000000015277, -49.99999999999984368 ) ) ;
#730 = DIRECTION ( 'NONE',  ( 0.8193223671891995963, -0.5733331131405949854, 7.888609052210119806E-31 ) ) ;
#731 = CARTESIAN_POINT ( 'NONE',  ( 3.131316011514059253E-15, 2.799999999999999822, 3.000000000000000000 ) ) ;
#732 = ORIENTED_EDGE ( 'NONE', *, *, #2271, .F. ) ;
#733 = ORIENTED_EDGE ( 'NONE', *, *, #6275, .T. ) ;
#734 = PRESENTATION_STYLE_ASSIGNMENT (( #1721 ) ) ;
#735 = CARTESIAN_POINT ( 'NONE',  ( 3.131316011514059253E-15, 2.799999999999999822, 3.000000000000000000 ) ) ;
#736 = VECTOR ( 'NONE', #8366, 1000.000000000000000 ) ;
#737 = ADVANCED_FACE ( 'NONE', ( #4635, #5979 ), #6662, .T. ) ;
#738 = EDGE_CURVE ( 'NONE', #6916, #7485, #318, .T. ) ;
#739 = FACE_OUTER_BOUND ( 'NONE', #1053, .T. ) ;
#740 = VERTEX_POINT ( 'NONE', #1041 ) ;
#741 = VECTOR ( 'NONE', #5241, 1000.000000000000114 ) ;
#742 = LINE ( 'NONE', #2684, #2937 ) ;
#743 = VERTEX_POINT ( 'NONE', #8163 ) ;
#744 = CARTESIAN_POINT ( 'NONE',  ( 1.260883593535027325, -0.03199091869204372107, 3.000000000000000000 ) ) ;
#745 = EDGE_CURVE ( 'NONE', #1407, #5456, #3613, .T. ) ;
#746 = FACE_OUTER_BOUND ( 'NONE', #1005, .T. ) ;
#747 = ADVANCED_FACE ( 'NONE', ( #7427 ), #5759, .T. ) ;
#748 = CARTESIAN_POINT ( 'NONE',  ( 1.713745292340331794, -10.47284741570929079, 5.500000000000000000 ) ) ;
#749 = AXIS2_PLACEMENT_3D ( 'NONE', #4836, #7459, #1584 ) ;
#750 = VECTOR ( 'NONE', #8270, 1000.000000000000000 ) ;
#751 = ADVANCED_FACE ( 'NONE', ( #5587, #4940 ), #7558, .F. ) ;
#752 = CARTESIAN_POINT ( 'NONE',  ( 1.699965765326822753, -8.692978377281193048, 5.500000000000000000 ) ) ;
#753 = DIRECTION ( 'NONE',  ( -1.000000000000000000, -6.888341397178440152E-15, 6.982962677686265922E-15 ) ) ;
#754 = CARTESIAN_POINT ( 'NONE',  ( 0.4694579632508651401, -14.12931102188495913, 5.500000000000000000 ) ) ;
#755 = VERTEX_POINT ( 'NONE', #3662 ) ;
#756 = CIRCLE ( 'NONE', #5553, 1.550000000000002709 ) ;
#757 = EDGE_CURVE ( 'NONE', #2887, #4950, #4676, .T. ) ;
#758 = VECTOR ( 'NONE', #8409, 1000.000000000000000 ) ;
#759 = CARTESIAN_POINT ( 'NONE',  ( -0.7211538461537183586, -14.94415064102564372, 5.500000000000000888 ) ) ;
#760 = CARTESIAN_POINT ( 'NONE',  ( -1.948116987179420390, -6.234214743589761021, 6.000000000000000000 ) ) ;
#761 = CARTESIAN_POINT ( 'NONE',  ( 1.473523686192222293, 5.121901795130555435, 6.000000000000000000 ) ) ;
#762 = CARTESIAN_POINT ( 'NONE',  ( 2.176086816420588210, -15.97323501298501114, 6.000000000000000000 ) ) ;
#763 = ORIENTED_EDGE ( 'NONE', *, *, #6732, .T. ) ;
#764 = AXIS2_PLACEMENT_3D ( 'NONE', #3534, #7650, #1773 ) ;
#765 = VECTOR ( 'NONE', #216, 1000.000000000000000 ) ;
#766 = CARTESIAN_POINT ( 'NONE',  ( -0.7692307692306432632, -14.63465544871795210, 6.000000000000000000 ) ) ;
#767 = FACE_OUTER_BOUND ( 'NONE', #7135, .T. ) ;
#768 = CARTESIAN_POINT ( 'NONE',  ( 0.6830828777937901775, -3.276052298045980304, 6.000000000000000000 ) ) ;
#769 = ORIENTED_EDGE ( 'NONE', *, *, #2955, .F. ) ;
#770 = CARTESIAN_POINT ( 'NONE',  ( 1.597120936567178795, -4.561336337248528494, 5.500000000000000000 ) ) ;
#771 = ORIENTED_EDGE ( 'NONE', *, *, #5462, .T. ) ;
#772 = DIRECTION ( 'NONE',  ( -7.888609052210118054E-31, -5.605193857299268284E-45, 1.000000000000000000 ) ) ;
#773 = CARTESIAN_POINT ( 'NONE',  ( -0.2788754767729530459, -5.742564641860097296, 5.999999999999999112 ) ) ;
#774 = PRODUCT_DEFINITION_FORMATION_WITH_SPECIFIED_SOURCE ( 'ANY', '', #8502, .NOT_KNOWN. ) ;
#775 = CARTESIAN_POINT ( 'NONE',  ( 2.004663725408921682, 0.9174954586961460157, 3.000000000000000000 ) ) ;
#776 = CARTESIAN_POINT ( 'NONE',  ( -24.00000000000033751, 23.69999999999983231, -22.49999999999983302 ) ) ;
#777 = DIRECTION ( 'NONE',  ( -1.000000000000000000, -6.825260543506556042E-15, 6.867314445954479045E-15 ) ) ;
#778 = EDGE_LOOP ( 'NONE', ( #3420, #4503, #5446, #5943 ) ) ;
#779 = VERTEX_POINT ( 'NONE', #8071 ) ;
#780 = CARTESIAN_POINT ( 'NONE',  ( 32.00000000000011369, -6.599999999999771383, 4.999999999999777067 ) ) ;
#781 = LINE ( 'NONE', #1389, #1704 ) ;
#782 = VERTEX_POINT ( 'NONE', #7645 ) ;
#783 = CARTESIAN_POINT ( 'NONE',  ( 17.00000000000022027, -22.49999999999987921, 4.999999999999881872 ) ) ;
#784 = VERTEX_POINT ( 'NONE', #2582 ) ;
#785 = FACE_OUTER_BOUND ( 'NONE', #5391, .T. ) ;
#786 = DIRECTION ( 'NONE',  ( 0.9782753810969029296, -0.2073096204707087220, 7.888609052210118054E-31 ) ) ;
#787 = CARTESIAN_POINT ( 'NONE',  ( -0.7576399020706063858, -14.78560768261096925, 6.000000000000000000 ) ) ;
#788 = EDGE_CURVE ( 'NONE', #2704, #6877, #3089, .T. ) ;
#789 = CARTESIAN_POINT ( 'NONE',  ( 2.628205128205185925, -4.935136217948702608, 5.500000000000000888 ) ) ;
#790 = FACE_BOUND ( 'NONE', #3361, .T. ) ;
#791 = CARTESIAN_POINT ( 'NONE',  ( 0.9194711538462754241, -14.01666666666665861, 5.500000000000000888 ) ) ;
#792 = ORIENTED_EDGE ( 'NONE', *, *, #7950, .T. ) ;
#793 = CARTESIAN_POINT ( 'NONE',  ( 0.1291706833797351128, -8.894877637898376932, 6.000000000000000000 ) ) ;
#794 = CARTESIAN_POINT ( 'NONE',  ( 2.559900063643732793, -8.463705605716423719, 5.500000000000000000 ) ) ;
#795 = FACE_OUTER_BOUND ( 'NONE', #184, .T. ) ;
#796 = EDGE_CURVE ( 'NONE', #5859, #6514, #7419, .T. ) ;
#797 = EDGE_CURVE ( 'NONE', #379, #2951, #1730, .T. ) ;
#798 = CARTESIAN_POINT ( 'NONE',  ( 0.9194711538462342348, -8.183333333333326465, 5.500000000000000888 ) ) ;
#799 = LINE ( 'NONE', #6598, #1313 ) ;
#800 = CARTESIAN_POINT ( 'NONE',  ( 0.9943474218166837852, -4.237896282243026391, 5.999999999999999112 ) ) ;
#801 = CARTESIAN_POINT ( 'NONE',  ( 1.962122421163328800, -16.16023264141778526, 6.000000000000000000 ) ) ;
#802 = ORIENTED_EDGE ( 'NONE', *, *, #1480, .F. ) ;
#803 = EDGE_CURVE ( 'NONE', #5111, #2153, #2905, .T. ) ;
#804 = LINE ( 'NONE', #1409, #7208 ) ;
#805 = CARTESIAN_POINT ( 'NONE',  ( -1.354937736003153592, -4.362517784494604811, 5.500000000000000888 ) ) ;
#806 = CARTESIAN_POINT ( 'NONE',  ( -17.00000000000014211, 23.69999999999988205, 1.221798124726199716E-13 ) ) ;
#807 = CARTESIAN_POINT ( 'NONE',  ( -0.7069070778344437311, -14.17656879635625344, 6.000000000000000000 ) ) ;
#808 = ORIENTED_EDGE ( 'NONE', *, *, #8264, .T. ) ;
#809 = CARTESIAN_POINT ( 'NONE',  ( 2.608484153170389508, -9.258006217480540201, 5.500000000000000888 ) ) ;
#810 = ORIENTED_EDGE ( 'NONE', *, *, #757, .T. ) ;
#811 = LINE ( 'NONE', #2189, #2628 ) ;
#812 = CARTESIAN_POINT ( 'NONE',  ( -0.2757453482545741408, -6.642321199705596868, 6.000000000000000000 ) ) ;
#813 = CYLINDRICAL_SURFACE ( 'NONE', #8306, 3.099999999999998757 ) ;
#814 = DIRECTION ( 'NONE',  ( -7.888609052210119806E-31, -5.605193857299269528E-45, 1.000000000000000000 ) ) ;
#815 = CARTESIAN_POINT ( 'NONE',  ( 0.1282051282052543151, -14.70276442307691944, 6.000000000000000000 ) ) ;
#816 = VERTEX_POINT ( 'NONE', #1803 ) ;
#817 = DIRECTION ( 'NONE',  ( 6.982962677686265922E-15, 4.876176775795934672E-29, 1.000000000000000000 ) ) ;
#818 = PLANE ( 'NONE',  #6767 ) ;
#819 = EDGE_LOOP ( 'NONE', ( #3675, #6050, #2857, #351 ) ) ;
#820 = CARTESIAN_POINT ( 'NONE',  ( 11.00000000000021849, -27.49999999999992184, 2.999999999999997335 ) ) ;
#821 = ORIENTED_EDGE ( 'NONE', *, *, #327, .T. ) ;
#822 = DIRECTION ( 'NONE',  ( -1.000000000000000000, -6.715058616684402777E-15, 6.715058616684402777E-15 ) ) ;
#823 = CARTESIAN_POINT ( 'NONE',  ( 0.2304785177807270602, -4.147324464839866387, 5.500000000000000000 ) ) ;
#824 = CARTESIAN_POINT ( 'NONE',  ( -2.626292505737315430, -4.832324226253096100, 5.500000000000000000 ) ) ;
#825 = B_SPLINE_CURVE_WITH_KNOTS ( 'NONE', 3,
 ( #3957, #2545, #5151, #7810, #7172, #1296, #648, #2717, #5888, #7774, #8503 ),
 .UNSPECIFIED., .F., .F.,
 ( 4, 1, 1, 1, 1, 1, 1, 1, 4 ),
 ( 0.000000000000000000, 0.1270595051330053182, 0.2501582211420698698, 0.3728213857810744325, 0.5001667879735015587, 0.6273612302796138795, 0.7494693424423128914, 0.8717739731331586306, 0.9999999999999998890 ),
 .UNSPECIFIED. ) ;
#826 = AXIS2_PLACEMENT_3D ( 'NONE', #6858, #1574, #7956 ) ;
#827 = PLANE ( 'NONE',  #3756 ) ;
#828 = DIRECTION ( 'NONE',  ( -7.888609052210118054E-31, -5.605193857299268284E-45, 1.000000000000000000 ) ) ;
#829 = ORIENTED_EDGE ( 'NONE', *, *, #436, .T. ) ;
#830 = CARTESIAN_POINT ( 'NONE',  ( 1.861501712986905366, -7.557718172117372291, 5.500000000000000888 ) ) ;
#831 = DIRECTION ( 'NONE',  ( 1.000000000000000000, 6.715058616684416976E-15, -6.854955671198676173E-15 ) ) ;
#832 = CARTESIAN_POINT ( 'NONE',  ( 21.78102496759086648, -22.49999999999984723, 4.999999999999856115 ) ) ;
#833 = DIRECTION ( 'NONE',  ( -0.1077040762683351138, -0.9941829972169030638, -9.860761315262647568E-32 ) ) ;
#834 = CYLINDRICAL_SURFACE ( 'NONE', #8304, 3.100000000000000089 ) ;
#835 = CARTESIAN_POINT ( 'NONE',  ( 0.4474438444037930895, -4.157622263290524423, 5.500000000000000000 ) ) ;
#836 = AXIS2_PLACEMENT_3D ( 'NONE', #7052, #5158, #5605 ) ;
#837 = ORIENTED_EDGE ( 'NONE', *, *, #4517, .T. ) ;
#838 = EDGE_CURVE ( 'NONE', #4311, #2418, #2771, .T. ) ;
#839 = EDGE_CURVE ( 'NONE', #388, #3020, #8290, .T. ) ;
#840 = DIRECTION ( 'NONE',  ( -6.867314445954479045E-15, -4.797243844499407540E-29, -1.000000000000000000 ) ) ;
#841 = VECTOR ( 'NONE', #6727, 1000.000000000000000 ) ;
#842 = CARTESIAN_POINT ( 'NONE',  ( -0.8247689642794034937, -4.197423305668517735, 5.500000000000000888 ) ) ;
#843 = DIRECTION ( 'NONE',  ( -0.7410040726247695275, -0.6715005319085796121, -7.888609052210117178E-31 ) ) ;
#844 = CARTESIAN_POINT ( 'NONE',  ( -0.5152986151107692425, 5.501289939503887894, 6.000000000000000000 ) ) ;
#845 = VERTEX_POINT ( 'NONE', #2491 ) ;
#846 = ADVANCED_FACE ( 'NONE', ( #6317 ), #4412, .T. ) ;
#847 = CARTESIAN_POINT ( 'NONE',  ( 2.072915762085890012, -10.23778586692800907, 5.999999999999999112 ) ) ;
#848 = EDGE_CURVE ( 'NONE', #1014, #1407, #1122, .T. ) ;
#849 = ORIENTED_EDGE ( 'NONE', *, *, #3148, .T. ) ;
#850 = CARTESIAN_POINT ( 'NONE',  ( -2.224796734531076847, 1.183590556195663224, 3.000000000000000000 ) ) ;
#851 = VECTOR ( 'NONE', #4244, 1000.000000000000000 ) ;
#852 = CARTESIAN_POINT ( 'NONE',  ( -1.217558999713361567, -5.597253494939058882, 6.000000000000000000 ) ) ;
#853 = CARTESIAN_POINT ( 'NONE',  ( 2.625912126377379696, -5.067577576158011077, 6.000000000000000000 ) ) ;
#854 = DIRECTION ( 'NONE',  ( -7.888609052210118054E-31, -5.605193857299268284E-45, 1.000000000000000000 ) ) ;
#855 = VERTEX_POINT ( 'NONE', #3094 ) ;
#856 = CIRCLE ( 'NONE', #3741, 3.099999999999998757 ) ;
#857 = CARTESIAN_POINT ( 'NONE',  ( 1.668255819642904925, -15.04565154031616281, 5.500000000000000888 ) ) ;
#858 = CARTESIAN_POINT ( 'NONE',  ( 0.8910490309017429222, -8.183738561212411611, 5.500000000000000888 ) ) ;
#859 = ORIENTED_EDGE ( 'NONE', *, *, #6481, .F. ) ;
#860 = VERTEX_POINT ( 'NONE', #1889 ) ;
#861 = CARTESIAN_POINT ( 'NONE',  ( 2.125418386480051325, -12.28064928723193461, 6.000000000000000888 ) ) ;
#862 = DIRECTION ( 'NONE',  ( 1.000000000000000000, 6.982962677686265922E-15, 7.888609052210118054E-31 ) ) ;
#863 = VECTOR ( 'NONE', #2032, 1000.000000000000000 ) ;
#864 = CARTESIAN_POINT ( 'NONE',  ( -2.214865306861705463, 4.968956355591413576, 3.000000000000000000 ) ) ;
#865 = VERTEX_POINT ( 'NONE', #3864 ) ;
#866 = DIRECTION ( 'NONE',  ( 6.982962677686265922E-15, 4.876176775795934672E-29, 1.000000000000000000 ) ) ;
#867 = ORIENTED_EDGE ( 'NONE', *, *, #5711, .F. ) ;
#868 = CARTESIAN_POINT ( 'NONE',  ( 0.4694579632508651401, -14.12931102188495913, 5.999999999999999112 ) ) ;
#869 = CARTESIAN_POINT ( 'NONE',  ( -1.170893051803905793, 0.3117256057184265572, 6.000000000000000000 ) ) ;
#870 = AXIS2_PLACEMENT_3D ( 'NONE', #369, #5555, #1095 ) ;
#871 = EDGE_LOOP ( 'NONE', ( #7096, #2801 ) ) ;
#872 = CARTESIAN_POINT ( 'NONE',  ( 0.8840432797533901432, -3.298239978619769364, 5.500000000000000888 ) ) ;
#873 = VECTOR ( 'NONE', #7360, 1000.000000000000114 ) ;
#874 = CARTESIAN_POINT ( 'NONE',  ( 1.089041879867743257, -8.194969670078975810, 5.500000000000000000 ) ) ;
#875 = CARTESIAN_POINT ( 'NONE',  ( 2.268361150903560723E-14, 1.583988125627303051E-28, 0.8000000000000003775 ) ) ;
#876 = EDGE_LOOP ( 'NONE', ( #402, #2042, #961, #6835 ) ) ;
#877 = CARTESIAN_POINT ( 'NONE',  ( 2.600299277223904859, -8.622289631192057158, 5.500000000000000000 ) ) ;
#878 = CARTESIAN_POINT ( 'NONE',  ( 1.925558118862802370, 0.3705502822899269799, 6.000000000000000000 ) ) ;
#879 = DIRECTION ( 'NONE',  ( -6.982962677686265133E-15, 1.000000000000000000, 0.000000000000000000 ) ) ;
#880 = LINE ( 'NONE', #8230, #75 ) ;
#881 = AXIS2_PLACEMENT_3D ( 'NONE', #6074, #4783, #7400 ) ;
#882 = CARTESIAN_POINT ( 'NONE',  ( 1.382173127287487313, -8.300681034048082552, 6.000000000000000000 ) ) ;
#883 = CARTESIAN_POINT ( 'NONE',  ( 2.905574167424892718, 1.719426653302442043, 6.000000000000000000 ) ) ;
#884 =( GEOMETRIC_REPRESENTATION_CONTEXT ( 3 ) GLOBAL_UNCERTAINTY_ASSIGNED_CONTEXT ( ( #2626 ) ) GLOBAL_UNIT_ASSIGNED_CONTEXT ( ( #1650, #364, #2886 ) ) REPRESENTATION_CONTEXT ( 'NONE', 'WORKASPACE' ) );
#885 = AXIS2_PLACEMENT_3D ( 'NONE', #5524, #1071, #387 ) ;
#886 = VECTOR ( 'NONE', #4375, 1000.000000000000000 ) ;
#887 = CARTESIAN_POINT ( 'NONE',  ( 0.08013744626672442140, -4.145710561671123173, 6.000000000000000000 ) ) ;
#888 = DIRECTION ( 'NONE',  ( -6.982962677686265922E-15, 1.000000000000000000, -0.000000000000000000 ) ) ;
#889 = CARTESIAN_POINT ( 'NONE',  ( 1.632987169242360981, -12.12602272266158820, 5.500000000000000888 ) ) ;
#890 = DIRECTION ( 'NONE',  ( 0.6236474483051200890, -0.7817057376164719962, 7.888609052210117178E-31 ) ) ;
#891 = DIRECTION ( 'NONE',  ( 6.867314445954479045E-15, 4.797243844499407540E-29, 1.000000000000000000 ) ) ;
#892 = EDGE_LOOP ( 'NONE', ( #1209, #2625, #6111, #1774 ) ) ;
#893 = CARTESIAN_POINT ( 'NONE',  ( 2.628205128205213903, -8.957572115384596856, 6.000000000000000000 ) ) ;
#894 = CARTESIAN_POINT ( 'NONE',  ( 1.315310803901141190, -14.09717109109274347, 5.500000000000000000 ) ) ;
#896 = VERTEX_POINT ( 'NONE', #2413 ) ;
#895 = EDGE_CURVE ( 'NONE', #5801, #354, #516, .T. ) ;
#897 = STYLED_ITEM ( 'NONE', ( #2779 ), #7372 ) ;
#898 = DIRECTION ( 'NONE',  ( 1.000000000000000000, 6.888341397178440152E-15, -6.982962677686265922E-15 ) ) ;
#899 = B_SPLINE_SURFACE_WITH_KNOTS ( 'NONE', 3, 1, ( 
 ( #4226, #4310 ),
 ( #1056, #3674 ),
 ( #5037, #966 ),
 ( #4181, #6205 ),
 ( #2895, #1010 ),
 ( #7657, #319 ),
 ( #2309, #4911 ),
 ( #6807, #3543 ),
 ( #5504, #8131 ),
 ( #6161, #6292 ),
 ( #3627, #5163 ),
 ( #4427, #6456 ),
 ( #3192, #4387 ),
 ( #5732, #8386 ),
 ( #7742, #493 ),
 ( #1870, #8343 ),
 ( #4471, #7821 ),
 ( #570, #2465 ),
 ( #7101, #658 ),
 ( #2602, #531 ),
 ( #3239, #1223 ),
 ( #6375, #5116 ),
 ( #7788, #3930 ),
 ( #3275, #5815 ),
 ( #7693, #5071 ),
 ( #1821, #7058 ),
 ( #3881, #1309 ) ),
 .UNSPECIFIED., .F., .F., .F.,
 ( 4, 1, 1, 1, 1, 1, 1, 1, 1, 1, 1, 1, 1, 1, 1, 1, 1, 1, 1, 1, 1, 1, 1, 1, 4 ),
 ( 2, 2 ),
 ( 0.000000000000000000, 0.03662864639230636876, 0.07202170524524863227, 0.1066077978238738067, 0.1402817809553496831, 0.1735898796805011024, 0.2063904904366577198, 0.2392744174985869388, 0.2720846989590902654, 0.3050360901861425278, 0.3385128265642535217, 0.3725941710793054251, 0.4076935718855412283, 0.4438580630750675882, 0.4814442591193111576, 0.5202391350467975295, 0.5610320860075223015, 0.6041364360509974274, 0.6501785507834917377, 0.6996677785668725669, 0.7524047451481801208, 0.8088213064168179312, 0.8689765472924566581, 0.9326861945134095055, 1.000000000000000000 ),
 ( 0.000000000000000000, 1.000000000000000000 ),
 .UNSPECIFIED. ) ;
#900 = CIRCLE ( 'NONE', #3503, 3.100000000000000089 ) ;
#901 = CARTESIAN_POINT ( 'NONE',  ( -1.484443964493470158, -5.454732601127710190, 5.500000000000000000 ) ) ;
#902 = CARTESIAN_POINT ( 'NONE',  ( 2.614182998674241531, -5.196239236740053613, 6.000000000000000000 ) ) ;
#903 = CIRCLE ( 'NONE', #6532, 1.549999999999999822 ) ;
#904 = CARTESIAN_POINT ( 'NONE',  ( 0.1468519028335288357, -14.85498505581341355, 5.500000000000000888 ) ) ;
#905 = VERTEX_POINT ( 'NONE', #3173 ) ;
#906 = CIRCLE ( 'NONE', #6660, 3.100000000000000089 ) ;
#907 = DIRECTION ( 'NONE',  ( -0.1077040762683629249, 0.9941829972169000662, -9.860761315262647568E-32 ) ) ;
#908 = CARTESIAN_POINT ( 'NONE',  ( 0.3502575528615078371, -8.382833029368619293, 5.999999999999999112 ) ) ;
#909 = ORIENTED_EDGE ( 'NONE', *, *, #592, .F. ) ;
#910 = EDGE_CURVE ( 'NONE', #4908, #1390, #1847, .T. ) ;
#912 = ORIENTED_EDGE ( 'NONE', *, *, #3013, .F. ) ;
#911 = EDGE_CURVE ( 'NONE', #5680, #5053, #5099, .T. ) ;
#913 = FACE_OUTER_BOUND ( 'NONE', #4936, .T. ) ;
#914 = CIRCLE ( 'NONE', #2565, 4.000000000000000000 ) ;
#915 = EDGE_CURVE ( 'NONE', #3248, #8222, #3217, .T. ) ;
#916 = EDGE_CURVE ( 'NONE', #5809, #6833, #5964, .T. ) ;
#917 = PLANE ( 'NONE',  #764 ) ;
#918 = CARTESIAN_POINT ( 'NONE',  ( 2.545562548314526996, 1.030787940178321316, 6.000000000000000000 ) ) ;
#919 = EDGE_LOOP ( 'NONE', ( #587, #4716, #7162, #3063 ) ) ;
#920 = DIRECTION ( 'NONE',  ( 7.888609052210118054E-31, 5.605193857299268284E-45, -1.000000000000000000 ) ) ;
#921 = SURFACE_SIDE_STYLE ('',( #5597 ) ) ;
#922 = ORIENTED_EDGE ( 'NONE', *, *, #1006, .F. ) ;
#923 = CARTESIAN_POINT ( 'NONE',  ( -0.7560922526646388642, -14.79108045219724588, 5.500000000000000000 ) ) ;
#924 = ORIENTED_EDGE ( 'NONE', *, *, #2790, .F. ) ;
#925 = CARTESIAN_POINT ( 'NONE',  ( -2.612557928614915870, -4.706526261310103543, 5.500000000000000888 ) ) ;
#926 = ADVANCED_FACE ( 'NONE', ( #2621 ), #2665, .F. ) ;
#927 = LINE ( 'NONE', #6332, #4563 ) ;
#928 = ORIENTED_EDGE ( 'NONE', *, *, #4510, .T. ) ;
#929 = FACE_OUTER_BOUND ( 'NONE', #4229, .T. ) ;
#930 = EDGE_LOOP ( 'NONE', ( #3277, #3452, #4078, #5644 ) ) ;
#931 = CARTESIAN_POINT ( 'NONE',  ( -60.99999999999984368, -18.50000000000042277, 4.155523824830011996E-13 ) ) ;
#932 = DIRECTION ( 'NONE',  ( -0.01774937233854305407, 0.9998424674825469038, -2.465190328815661345E-32 ) ) ;
#933 = CARTESIAN_POINT ( 'NONE',  ( -2.224796734531122588, 4.416409443804272250, 3.000000000000000000 ) ) ;
#934 = CARTESIAN_POINT ( 'NONE',  ( 1.473523686192222515, 5.121901795130555435, 3.000000000000000000 ) ) ;
#935 = LINE ( 'NONE', #7581, #5975 ) ;
#936 = LINE ( 'NONE', #6170, #1054 ) ;
#937 = CARTESIAN_POINT ( 'NONE',  ( -1.217558999713361567, -5.597253494939058882, 5.500000000000000888 ) ) ;
#938 = CARTESIAN_POINT ( 'NONE',  ( -0.1851409416627292914, -13.44771552269004644, 6.000000000000000000 ) ) ;
#939 = CARTESIAN_POINT ( 'NONE',  ( 1.282051282051379193, -10.61923076923076081, 5.500000000000000888 ) ) ;
#940 = CARTESIAN_POINT ( 'NONE',  ( 46.10000000000017906, -19.49999999999967670, 2.999999999999684697 ) ) ;
#941 = CARTESIAN_POINT ( 'NONE',  ( 0.9194711538462754241, -14.01666666666665861, 5.500000000000000888 ) ) ;
#942 = CARTESIAN_POINT ( 'NONE',  ( -12.44999999999978080, -27.50000000000008171, 3.000000000000000000 ) ) ;
#943 = VERTEX_POINT ( 'NONE', #4581 ) ;
#944 = CARTESIAN_POINT ( 'NONE',  ( 2.626898622862724242, -9.008690806110021043, 6.000000000000000000 ) ) ;
#945 = LINE ( 'NONE', #389, #851 ) ;
#946 = ORIENTED_EDGE ( 'NONE', *, *, #5685, .T. ) ;
#947 = DIRECTION ( 'NONE',  ( -6.982962677686265133E-15, 1.000000000000000000, 0.000000000000000000 ) ) ;
#948 = CARTESIAN_POINT ( 'NONE',  ( -1.893062146606375729, -6.267596856016062645, 6.000000000000000000 ) ) ;
#949 = CARTESIAN_POINT ( 'NONE',  ( 2.750000000000002665, 2.800000000000018918, 2.263451893019722938 ) ) ;
#950 = ORIENTED_EDGE ( 'NONE', *, *, #2236, .F. ) ;
#951 = CARTESIAN_POINT ( 'NONE',  ( 0.3733089833664033352, -15.22320200111734145, 5.500000000000000888 ) ) ;
#952 = ORIENTED_EDGE ( 'NONE', *, *, #4667, .F. ) ;
#953 = CARTESIAN_POINT ( 'NONE',  ( 2.244321669889776771, -7.894643545919691086, 6.000000000000000000 ) ) ;
#954 = CARTESIAN_POINT ( 'NONE',  ( 0.1414048369820250228, -8.732247550473946518, 6.000000000000000000 ) ) ;
#955 = ORIENTED_EDGE ( 'NONE', *, *, #166, .F. ) ;
#956 = EDGE_LOOP ( 'NONE', ( #645, #4481, #4657, #2069 ) ) ;
#957 = EDGE_CURVE ( 'NONE', #3827, #6514, #3294, .T. ) ;
#958 = EDGE_CURVE ( 'NONE', #3219, #7556, #3339, .T. ) ;
#959 = LINE ( 'NONE', #5594, #7753 ) ;
#960 = EDGE_CURVE ( 'NONE', #4171, #5111, #720, .T. ) ;
#961 = ORIENTED_EDGE ( 'NONE', *, *, #838, .F. ) ;
#962 = CARTESIAN_POINT ( 'NONE',  ( 22.55000000000019256, -19.49999999999984013, 4.999999999999850786 ) ) ;
#963 = ORIENTED_EDGE ( 'NONE', *, *, #6422, .F. ) ;
#964 = EDGE_LOOP ( 'NONE', ( #7530, #946, #1950, #950 ) ) ;
#965 = CARTESIAN_POINT ( 'NONE',  ( 2.219709014295833338, -3.858124176506576131, 5.500000000000000000 ) ) ;
#966 = CARTESIAN_POINT ( 'NONE',  ( -2.626292505737315430, -4.832324226253096100, 6.000000000000000000 ) ) ;
#967 = ORIENTED_EDGE ( 'NONE', *, *, #578, .T. ) ;
#968 = CARTESIAN_POINT ( 'NONE',  ( -2.556885336192701974, 3.812342519882829794, 3.000000000000000000 ) ) ;
#969 = ORIENTED_EDGE ( 'NONE', *, *, #5907, .F. ) ;
#970 = FACE_OUTER_BOUND ( 'NONE', #3466, .T. ) ;
#971 = DIRECTION ( 'NONE',  ( -1.000000000000000000, -6.888341397178440152E-15, 6.982962677686265922E-15 ) ) ;
#972 = CARTESIAN_POINT ( 'NONE',  ( -2.747231095616744945, 1.363782291128396995, 6.000000000000000000 ) ) ;
#973 = CARTESIAN_POINT ( 'NONE',  ( -1.778747808767212391, -6.336910544657524014, 5.500000000000000000 ) ) ;
#974 = DIRECTION ( 'NONE',  ( -6.961935726462304815E-15, -4.861825333742020699E-29, -1.000000000000000000 ) ) ;
#975 = DIRECTION ( 'NONE',  ( 0.4096521052252176109, -0.9122418279626007820, 0.000000000000000000 ) ) ;
#976 = CARTESIAN_POINT ( 'NONE',  ( -1.354937736003153592, -4.362517784494604811, 6.000000000000000000 ) ) ;
#977 = B_SPLINE_CURVE_WITH_KNOTS ( 'NONE', 3,
 ( #2267, #7370, #199, #8097, #1626, #7544, #2904, #2949, #4879, #6129, #2222, #937, #5516, #8143, #6262, #4274, #1020, #6907, #7501, #378, #2996, #2132, #2827 ),
 .UNSPECIFIED., .F., .F.,
 ( 4, 1, 1, 1, 1, 1, 1, 1, 1, 1, 1, 1, 1, 1, 1, 1, 1, 1, 1, 1, 4 ),
 ( 0.000000000000000000, 0.05384107006395685152, 0.1055570778902908263, 0.1576598550386147379, 0.2116004015064497090, 0.2398238189631962114, 0.2697149096324073514, 0.3010045387829047292, 0.3345039043075249685, 0.3701851682565435731, 0.4079947395610690752, 0.4485928039685280755, 0.4919866939927481919, 0.5385879323590513357, 0.5903019076030817658, 0.6463263058801921312, 0.7071888705370239503, 0.7729156939026263773, 0.8436211978520827826, 0.9192973113689119069, 1.000000000000000000 ),
 .UNSPECIFIED. ) ;
#978 = CARTESIAN_POINT ( 'NONE',  ( 0.8884214743590894692, -13.11923076923075904, 5.500000000000000888 ) ) ;
#979 = CARTESIAN_POINT ( 'NONE',  ( 0.5169831148199649506, -0.2565877149185573081, 2.261978873243720933 ) ) ;
#980 = DIRECTION ( 'NONE',  ( 6.982962677686265922E-15, 4.876176775795934672E-29, 1.000000000000000000 ) ) ;
#981 = CARTESIAN_POINT ( 'NONE',  ( 1.282051282051372088, -9.593589743589737040, 5.500000000000000888 ) ) ;
#982 = CARTESIAN_POINT ( 'NONE',  ( 0.9485465016126524151, -14.01714956324859962, 5.500000000000000000 ) ) ;
#983 = ORIENTED_EDGE ( 'NONE', *, *, #694, .T. ) ;
#984 = CARTESIAN_POINT ( 'NONE',  ( 2.592237828190545379, -5.319101991341073976, 5.999999999999999112 ) ) ;
#985 = ORIENTED_EDGE ( 'NONE', *, *, #2739, .T. ) ;
#986 = CARTESIAN_POINT ( 'NONE',  ( 1.561876755481640400, -12.04465100753749063, 6.000000000000000000 ) ) ;
#987 = AXIS2_PLACEMENT_3D ( 'NONE', #7039, #1244, #6998 ) ;
#988 = DIRECTION ( 'NONE',  ( -7.888609052210118054E-31, -5.605193857299268284E-45, 1.000000000000000000 ) ) ;
#989 = CARTESIAN_POINT ( 'NONE',  ( 1.726721576465250152, -14.84556674475642346, 5.500000000000000000 ) ) ;
#990 = ORIENTED_EDGE ( 'NONE', *, *, #4053, .T. ) ;
#991 = CARTESIAN_POINT ( 'NONE',  ( 1.317358923961465367, -9.574844183976063405, 5.500000000000000000 ) ) ;
#992 = CARTESIAN_POINT ( 'NONE',  ( 0.1579298740744360385, -8.666970277227001418, 5.500000000000000888 ) ) ;
#993 = ORIENTED_EDGE ( 'NONE', *, *, #4204, .T. ) ;
#994 = VECTOR ( 'NONE', #5235, 1000.000000000000000 ) ;
#995 = VERTEX_POINT ( 'NONE', #5966 ) ;
#996 = CYLINDRICAL_SURFACE ( 'NONE', #7079, 1.549999999999999378 ) ;
#997 = DIRECTION ( 'NONE',  ( -7.888609052210118054E-31, -5.605193857299268284E-45, 1.000000000000000000 ) ) ;
#998 = AXIS2_PLACEMENT_3D ( 'NONE', #1615, #8045, #7997 ) ;
#999 = FACE_OUTER_BOUND ( 'NONE', #5536, .T. ) ;
#1000 = EDGE_LOOP ( 'NONE', ( #5588, #4747, #7275, #3272 ) ) ;
#1001 = ADVANCED_FACE ( 'NONE', ( #2019 ), #118, .F. ) ;
#1002 = DIRECTION ( 'NONE',  ( 7.888609052210118054E-31, 5.605193857299268284E-45, -1.000000000000000000 ) ) ;
#1003 = LINE ( 'NONE', #3620, #1170 ) ;
#1004 = ORIENTED_EDGE ( 'NONE', *, *, #3702, .T. ) ;
#1005 = EDGE_LOOP ( 'NONE', ( #4205, #675, #7552, #7577 ) ) ;
#1006 = EDGE_CURVE ( 'NONE', #6609, #6777, #1369, .T. ) ;
#1007 = CARTESIAN_POINT ( 'NONE',  ( -1.670072600836855603, -3.508621821328021362, 5.500000000000000000 ) ) ;
#1008 = AXIS2_PLACEMENT_3D ( 'NONE', #735, #5199, #6544 ) ;
#1009 = EDGE_CURVE ( 'NONE', #409, #7838, #79, .T. ) ;
#1010 = CARTESIAN_POINT ( 'NONE',  ( -2.591814885491188214, -4.585345096389854547, 6.000000000000000888 ) ) ;
#1011 = EDGE_CURVE ( 'NONE', #7091, #8072, #7285, .T. ) ;
#1012 = AXIS2_PLACEMENT_3D ( 'NONE', #6592, #1398, #2692 ) ;
#1013 = DIRECTION ( 'NONE',  ( -6.982962677686265133E-15, 1.000000000000000000, 0.000000000000000000 ) ) ;
#1014 = VERTEX_POINT ( 'NONE', #2095 ) ;
#1015 = DIRECTION ( 'NONE',  ( -7.888609052210118054E-31, -5.605193857299268284E-45, 1.000000000000000000 ) ) ;
#1016 = CYLINDRICAL_SURFACE ( 'NONE', #1439, 3.099999999999998757 ) ;
#1017 = CARTESIAN_POINT ( 'NONE',  ( 1.730769230769357403, -14.73982371794870438, 6.000000000000000000 ) ) ;
#1018 = CARTESIAN_POINT ( 'NONE',  ( 2.053868110614655684, -11.19790628931121113, 5.500000000000000000 ) ) ;
#1019 = CARTESIAN_POINT ( 'NONE',  ( -0.1298145265605374354, 5.897280773306460055, 3.000000000000000000 ) ) ;
#1020 = CARTESIAN_POINT ( 'NONE',  ( -0.7087255150782174606, -5.710452864953973418, 5.500000000000000888 ) ) ;
#1021 = EDGE_CURVE ( 'NONE', #4567, #1739, #5311, .T. ) ;
#1022 = CIRCLE ( 'NONE', #2252, 0.9499999999999995115 ) ;
#1023 = CARTESIAN_POINT ( 'NONE',  ( 1.509697667624030348, -11.53022489447021748, 6.000000000000000888 ) ) ;
#1024 = EDGE_CURVE ( 'NONE', #7590, #7527, #5343, .T. ) ;
#1025 = CARTESIAN_POINT ( 'NONE',  ( -0.05577673652065905097, -13.35971380878615911, 6.000000000000000000 ) ) ;
#1026 = DIRECTION ( 'NONE',  ( 6.982962677686265922E-15, 4.876176775795934672E-29, 1.000000000000000000 ) ) ;
#1027 = CARTESIAN_POINT ( 'NONE',  ( -3.687478813498466401, 4.349999999999973888, 14.31370849898475939 ) ) ;
#1028 = CIRCLE ( 'NONE', #7605, 3.100000000000000089 ) ;
#1029 = LINE ( 'NONE', #4281, #2372 ) ;
#1030 = CYLINDRICAL_SURFACE ( 'NONE', #4179, 3.100000000000000089 ) ;
#1031 = ORIENTED_EDGE ( 'NONE', *, *, #4735, .F. ) ;
#1032 = CARTESIAN_POINT ( 'NONE',  ( 1.089041879867784557, -14.02830300341230974, 5.500000000000000000 ) ) ;
#1033 = ORIENTED_EDGE ( 'NONE', *, *, #1388, .F. ) ;
#1034 = CARTESIAN_POINT ( 'NONE',  ( -0.7211538461537183586, -14.94415064102564372, 5.500000000000000888 ) ) ;
#1035 = VECTOR ( 'NONE', #1707, 1000.000000000000000 ) ;
#1036 = AXIS2_PLACEMENT_3D ( 'NONE', #497, #5736, #8189 ) ;
#1037 = CARTESIAN_POINT ( 'NONE',  ( -55.00000000000000000, 7.299999999999617017, 2.500000000000372591 ) ) ;
#1038 = EDGE_LOOP ( 'NONE', ( #3334, #3653, #2363, #7418 ) ) ;
#1039 = CARTESIAN_POINT ( 'NONE',  ( 1.619473181055726796, -15.13878759594478041, 6.000000000000000000 ) ) ;
#1040 = LINE ( 'NONE', #2293, #7329 ) ;
#1041 = CARTESIAN_POINT ( 'NONE',  ( 43.78102496759088069, -22.49999999999969802, 4.999999999999702460 ) ) ;
#1042 = VERTEX_POINT ( 'NONE', #7251 ) ;
#1043 = VECTOR ( 'NONE', #6954, 1000.000000000000227 ) ;
#1044 = AXIS2_PLACEMENT_3D ( 'NONE', #171, #6014, #1378 ) ;
#1045 = ORIENTED_EDGE ( 'NONE', *, *, #532, .F. ) ;
#1046 = DIRECTION ( 'NONE',  ( -6.867314445954479045E-15, -4.797243844499407540E-29, -1.000000000000000000 ) ) ;
#1047 = AXIS2_PLACEMENT_3D ( 'NONE', #2828, #2957, #7373 ) ;
#1048 = DIRECTION ( 'NONE',  ( 6.982962677686265922E-15, -1.000000000000000000, 0.000000000000000000 ) ) ;
#1049 = ORIENTED_EDGE ( 'NONE', *, *, #1482, .T. ) ;
#1050 = PLANE ( 'NONE',  #4334 ) ;
#1051 = CARTESIAN_POINT ( 'NONE',  ( 38.30000000000005400, -4.249999999999729994, -2.639780236034306154E-13 ) ) ;
#1052 = ORIENTED_EDGE ( 'NONE', *, *, #6613, .T. ) ;
#1053 = EDGE_LOOP ( 'NONE', ( #6786, #7478, #3308, #1703 ) ) ;
#1054 = VECTOR ( 'NONE', #2740, 1000.000000000000000 ) ;
#1055 = CARTESIAN_POINT ( 'NONE',  ( -0.4595878662819365967, -3.259309091477761378, 5.500000000000000888 ) ) ;
#1056 = CARTESIAN_POINT ( 'NONE',  ( -2.627560337175887994, -4.917738217671182355, 5.500000000000000000 ) ) ;
#1057 = VERTEX_POINT ( 'NONE', #3950 ) ;
#1058 = CARTESIAN_POINT ( 'NONE',  ( 1.771981865430113092E-13, -22.49999999999999645, 6.000000000000000000 ) ) ;
#1059 = ORIENTED_EDGE ( 'NONE', *, *, #7524, .T. ) ;
#1060 = CARTESIAN_POINT ( 'NONE',  ( -0.6556976821604344474, -14.03671903661030562, 5.500000000000000000 ) ) ;
#1061 = CARTESIAN_POINT ( 'NONE',  ( 1.243786431126749914, -14.06853287218177329, 6.000000000000000000 ) ) ;
#1062 = CARTESIAN_POINT ( 'NONE',  ( 2.476084572762805802, -11.43617997106550987, 5.500000000000000000 ) ) ;
#1063 = LINE ( 'NONE', #4477, #716 ) ;
#1064 = CARTESIAN_POINT ( 'NONE',  ( 1.712259564100237830, -11.28270605706520691, 5.500000000000000000 ) ) ;
#1065 = ADVANCED_FACE ( 'NONE', ( #767 ), #7930, .T. ) ;
#1066 = ADVANCED_FACE ( 'NONE', ( #7847 ), #1411, .T. ) ;
#1067 = DIRECTION ( 'NONE',  ( 6.867314445954479045E-15, 4.797243844499407540E-29, 1.000000000000000000 ) ) ;
#1068 = DIRECTION ( 'NONE',  ( 6.982962677686265922E-15, 4.876176775795934672E-29, 1.000000000000000000 ) ) ;
#1069 = CARTESIAN_POINT ( 'NONE',  ( 1.861501712986905366, -7.557718172117372291, 5.500000000000000888 ) ) ;
#1070 = CARTESIAN_POINT ( 'NONE',  ( 0.4223472673303823033, -15.26901025353764574, 6.000000000000000000 ) ) ;
#1071 = DIRECTION ( 'NONE',  ( -6.867314445954479045E-15, -4.797243844499407540E-29, -1.000000000000000000 ) ) ;
#1072 = VERTEX_POINT ( 'NONE', #3257 ) ;
#1073 = EDGE_LOOP ( 'NONE', ( #8404, #5447 ) ) ;
#1074 = EDGE_CURVE ( 'NONE', #6289, #4506, #6563, .T. ) ;
#1075 = CARTESIAN_POINT ( 'NONE',  ( 0.1282051282052543151, -14.70276442307691944, 6.000000000000000000 ) ) ;
#1076 = ADVANCED_FACE ( 'NONE', ( #5922 ), #7740, .T. ) ;
#1077 = CARTESIAN_POINT ( 'NONE',  ( 0.1352232446033330426, -5.746522075447234812, 6.000000000000000000 ) ) ;
#1078 = CARTESIAN_POINT ( 'NONE',  ( -2.224796734531076403, 1.183590556195663224, 2.302585434167871981 ) ) ;
#1079 = CARTESIAN_POINT ( 'NONE',  ( 41.45000000000015916, -19.49999999999970868, -2.894438029900959003E-13 ) ) ;
#1080 = CARTESIAN_POINT ( 'NONE',  ( 1.619473181055685052, -9.305454262611450034, 5.500000000000000888 ) ) ;
#1081 = CARTESIAN_POINT ( 'NONE',  ( 2.559900063643773649, -14.29703893904975232, 5.500000000000000000 ) ) ;
#1082 = PLANE ( 'NONE',  #7063 ) ;
#1083 = EDGE_LOOP ( 'NONE', ( #859, #7487, #6577, #8269, #733 ) ) ;
#1084 = ORIENTED_EDGE ( 'NONE', *, *, #2705, .F. ) ;
#1085 = DIRECTION ( 'NONE',  ( -7.888609052210118054E-31, -5.605193857299268284E-45, 1.000000000000000000 ) ) ;
#1086 = EDGE_CURVE ( 'NONE', #7568, #8285, #5523, .T. ) ;
#1087 = FACE_OUTER_BOUND ( 'NONE', #2527, .T. ) ;
#1088 = ORIENTED_EDGE ( 'NONE', *, *, #7563, .T. ) ;
#1089 = CARTESIAN_POINT ( 'NONE',  ( 2.434258557892104768, -13.99873758561663983, 6.000000000000000000 ) ) ;
#1090 = CARTESIAN_POINT ( 'NONE',  ( 2.409843370120617223, 4.124822603779735530, 6.000000000000000000 ) ) ;
#1091 = EDGE_LOOP ( 'NONE', ( #1884, #301, #4301, #6799 ) ) ;
#1092 = ORIENTED_EDGE ( 'NONE', *, *, #4948, .T. ) ;
#1093 = CARTESIAN_POINT ( 'NONE',  ( 0.2744391025641970683, -10.21458333333333179, 5.500000000000000888 ) ) ;
#1094 = B_SPLINE_CURVE_WITH_KNOTS ( 'NONE', 3,
 ( #7635, #5175, #1793, #5749, #2481, #3165, #5087, #1200, #7801, #1922, #3250, #7760, #4527, #5873, #1883, #7115, #1237, #1759, #4366 ),
 .UNSPECIFIED., .F., .F.,
 ( 4, 1, 1, 1, 1, 1, 1, 1, 1, 1, 1, 1, 1, 1, 1, 1, 4 ),
 ( 0.000000000000000000, 0.06116154996539596711, 0.1203363801759606694, 0.1783898341784805885, 0.2358655101693931111, 0.2941823526725293458, 0.3532419669828836817, 0.4136922142579403383, 0.4761376879043047183, 0.5394336096482432730, 0.6023842390965556959, 0.6644303114771669128, 0.7277262332211056339, 0.7924691057685016027, 0.8591605019104374685, 0.9281559975465448753, 1.000000000000000000 ),
 .UNSPECIFIED. ) ;
#1095 = DIRECTION ( 'NONE',  ( 1.000000000000000000, 6.982962677686265922E-15, 7.888609052210118054E-31 ) ) ;
#1096 = ORIENTED_EDGE ( 'NONE', *, *, #6983, .F. ) ;
#1097 = DIRECTION ( 'NONE',  ( 7.888609052210118054E-31, 5.605193857299268284E-45, -1.000000000000000000 ) ) ;
#1098 = ORIENTED_EDGE ( 'NONE', *, *, #6309, .T. ) ;
#1099 = CARTESIAN_POINT ( 'NONE',  ( 2.564102564102670012, -11.74102564102562773, 5.500000000000000000 ) ) ;
#1100 = CARTESIAN_POINT ( 'NONE',  ( 0.8497967345310829534, 5.415405419811681220, 6.000000000000000000 ) ) ;
#1101 = CARTESIAN_POINT ( 'NONE',  ( -2.684678751731726098, 1.249999999999948708, 2.302585434167871981 ) ) ;
#1102 = CARTESIAN_POINT ( 'NONE',  ( 3.131316011514059253E-15, 2.799999999999999822, 3.000000000000000000 ) ) ;
#1103 = PLANE ( 'NONE',  #6615 ) ;
#1104 = CARTESIAN_POINT ( 'NONE',  ( -1.519822226779669494, -4.482649952413367167, 6.000000000000000000 ) ) ;
#1105 = CARTESIAN_POINT ( 'NONE',  ( 0.8555968945877530096, -5.694061671414943682, 5.500000000000000000 ) ) ;
#1106 = CARTESIAN_POINT ( 'NONE',  ( -2.461447685859127876, -5.688771189845509113, 5.500000000000000888 ) ) ;
#1107 = LINE ( 'NONE', #5127, #5403 ) ;
#1108 = ADVANCED_FACE ( 'NONE', ( #2184 ), #3464, .T. ) ;
#1109 = CARTESIAN_POINT ( 'NONE',  ( 0.1291706833797762466, -14.72821097123170730, 5.500000000000000888 ) ) ;
#1110 = CARTESIAN_POINT ( 'NONE',  ( 0.002003205128257268611, -4.144871794871797910, 5.500000000000000000 ) ) ;
#1111 = ORIENTED_EDGE ( 'NONE', *, *, #1228, .F. ) ;
#1112 = CARTESIAN_POINT ( 'NONE',  ( 1.239809690051751456, -13.14619769088631251, 5.999999999999999112 ) ) ;
#1113 = ORIENTED_EDGE ( 'NONE', *, *, #7090, .F. ) ;
#1114 = EDGE_CURVE ( 'NONE', #5558, #409, #7415, .T. ) ;
#1115 = CARTESIAN_POINT ( 'NONE',  ( 3.131316011514059253E-15, 2.799999999999999822, 3.000000000000000000 ) ) ;
#1116 = EDGE_CURVE ( 'NONE', #2748, #1609, #3556, .T. ) ;
#1117 = CARTESIAN_POINT ( 'NONE',  ( 0.4911257817680768634, -5.735556636061516222, 6.000000000000000000 ) ) ;
#1118 = VECTOR ( 'NONE', #5661, 1000.000000000000000 ) ;
#1119 = CARTESIAN_POINT ( 'NONE',  ( 31.05000000000007887, -6.599999999999776712, -2.133515441902051123E-13 ) ) ;
#1120 = EDGE_CURVE ( 'NONE', #7120, #5210, #6176, .T. ) ;
#1121 = PLANE ( 'NONE',  #5698 ) ;
#1122 = LINE ( 'NONE', #3051, #6472 ) ;
#1123 = CARTESIAN_POINT ( 'NONE',  ( 0.7548344204370105448, -14.02902731344576814, 5.500000000000000888 ) ) ;
#1124 = VERTEX_POINT ( 'NONE', #8151 ) ;
#1125 = ORIENTED_EDGE ( 'NONE', *, *, #647, .T. ) ;
#1126 = DIRECTION ( 'NONE',  ( -0.2047867780920912817, 0.9788066078233537137, -1.972152263052529514E-31 ) ) ;
#1127 = VECTOR ( 'NONE', #4269, 1000.000000000000000 ) ;
#1128 = PLANE ( 'NONE',  #6116 ) ;
#1129 = VERTEX_POINT ( 'NONE', #204 ) ;
#1130 = CARTESIAN_POINT ( 'NONE',  ( -0.5084190896582093666, -7.944802990829669120, 5.500000000000000000 ) ) ;
#1131 = VECTOR ( 'NONE', #2737, 999.9999999999998863 ) ;
#1132 = DIRECTION ( 'NONE',  ( 0.9897338247590520277, 0.1429229027406662411, 7.888609052210117178E-31 ) ) ;
#1133 = ORIENTED_EDGE ( 'NONE', *, *, #5841, .F. ) ;
#1134 = ORIENTED_EDGE ( 'NONE', *, *, #7256, .T. ) ;
#1135 = CARTESIAN_POINT ( 'NONE',  ( -2.728315428614805693, 2.455333607698125142, 6.000000000000000000 ) ) ;
#1136 = VECTOR ( 'NONE', #3844, 1000.000000000000000 ) ;
#1137 = LINE ( 'NONE', #3757, #7312 ) ;
#1138 = ADVANCED_FACE ( 'NONE', ( #289 ), #6134, .T. ) ;
#1139 = DIRECTION ( 'NONE',  ( -0.6509997011806980538, 0.7590779861533607509, 0.000000000000000000 ) ) ;
#1140 = ORIENTED_EDGE ( 'NONE', *, *, #2441, .T. ) ;
#1141 = DIRECTION ( 'NONE',  ( -0.9640164883807839091, 0.2658424535885526852, -7.888609052210117178E-31 ) ) ;
#1142 = VECTOR ( 'NONE', #3190, 1000.000000000000000 ) ;
#1143 = CARTESIAN_POINT ( 'NONE',  ( 16.99999999999986144, 23.70000000000011653, -1.187103655206667360E-13 ) ) ;
#1144 = CARTESIAN_POINT ( 'NONE',  ( 0.3074683087755569200, -9.317823609062537926, 5.500000000000000888 ) ) ;
#1145 = CARTESIAN_POINT ( 'NONE',  ( -1.293835313677233145, -5.564166740290809265, 6.000000000000000000 ) ) ;
#1146 = VECTOR ( 'NONE', #3226, 1000.000000000000114 ) ;
#1147 = CARTESIAN_POINT ( 'NONE',  ( 1.980592670643791076, -11.19791785085035052, 5.500000000000000000 ) ) ;
#1148 = CARTESIAN_POINT ( 'NONE',  ( -0.8959985705278816770, 5.767690442349401536, 6.000000000000000000 ) ) ;
#1149 = CARTESIAN_POINT ( 'NONE',  ( -1.948116987179420168, -6.234214743589760133, 5.500000000000000888 ) ) ;
#1150 = ORIENTED_EDGE ( 'NONE', *, *, #4576, .T. ) ;
#1151 = FACE_OUTER_BOUND ( 'NONE', #1984, .T. ) ;
#1152 = CARTESIAN_POINT ( 'NONE',  ( 0.1311058630887481646, -14.77921131274705147, 6.000000000000000000 ) ) ;
#1153 = CARTESIAN_POINT ( 'NONE',  ( 43.00000000000019895, -19.49999999999969802, 4.999999999999707789 ) ) ;
#1154 = ORIENTED_EDGE ( 'NONE', *, *, #2000, .T. ) ;
#1155 = CARTESIAN_POINT ( 'NONE',  ( 2.527352045288904669, -5.549293258730264355, 6.000000000000000000 ) ) ;
#1156 = CARTESIAN_POINT ( 'NONE',  ( 1.717026522606142525, -13.30682420888250839, 5.500000000000000000 ) ) ;
#1157 = VECTOR ( 'NONE', #1026, 1000.000000000000000 ) ;
#1158 = VERTEX_POINT ( 'NONE', #4837 ) ;
#1159 = B_SPLINE_CURVE_WITH_KNOTS ( 'NONE', 3,
 ( #4962, #7237, #6510, #7146, #16, #5292, #2730, #2079, #2606, #1357, #3197, #7271, #7313, #5821, #748, #1438, #3887, #8440, #8480 ),
 .UNSPECIFIED., .F., .F.,
 ( 4, 1, 1, 1, 1, 1, 1, 1, 1, 1, 1, 1, 1, 1, 1, 1, 4 ),
 ( 0.000000000000000000, 0.06593481762567697524, 0.1300372587941651947, 0.1923620702496511015, 0.2538195214289181711, 0.3141994357375422764, 0.3746698781567775471, 0.4351541180379871476, 0.4964786684939708761, 0.5578092661396401031, 0.6190309229821128190, 0.6796911875192904740, 0.7409612864102641527, 0.8033752905051765314, 0.8668176884999612142, 0.9323179771745062627, 1.000000000000000000 ),
 .UNSPECIFIED. ) ;
#1160 = CARTESIAN_POINT ( 'NONE',  ( 0.5094133165081674575, -6.633576842738277968, 6.000000000000000000 ) ) ;
#1161 = CARTESIAN_POINT ( 'NONE',  ( 24.10000000000017906, -19.49999999999982947, 2.999999999999838352 ) ) ;
#1162 = DIRECTION ( 'NONE',  ( 0.4661238886857920205, 0.8847194585835870262, 3.944304526105059027E-31 ) ) ;
#1163 = EDGE_CURVE ( 'NONE', #3429, #2415, #7503, .T. ) ;
#1164 = DIRECTION ( 'NONE',  ( -7.888609052210118054E-31, -5.605193857299268284E-45, 1.000000000000000000 ) ) ;
#1165 = LINE ( 'NONE', #7769, #7479 ) ;
#1166 = VERTEX_POINT ( 'NONE', #6912 ) ;
#1167 = EDGE_LOOP ( 'NONE', ( #6547, #3016 ) ) ;
#1168 = AXIS2_PLACEMENT_3D ( 'NONE', #3660, #2238, #6278 ) ;
#1169 = LINE ( 'NONE', #3786, #180 ) ;
#1170 = VECTOR ( 'NONE', #7653, 1000.000000000000000 ) ;
#1171 = LINE ( 'NONE', #1896, #1454 ) ;
#1172 = ORIENTED_EDGE ( 'NONE', *, *, #5837, .F. ) ;
#1173 = VECTOR ( 'NONE', #7368, 1000.000000000000000 ) ;
#1174 = CARTESIAN_POINT ( 'NONE',  ( -1.666666666666540175, -14.74883814102565083, 5.500000000000000000 ) ) ;
#1175 = EDGE_CURVE ( 'NONE', #7514, #5159, #4927, .T. ) ;
#1176 = CARTESIAN_POINT ( 'NONE',  ( 0.6445262415350371255, 5.832257562274801188, 3.000000000000000000 ) ) ;
#1177 = EDGE_CURVE ( 'NONE', #7734, #8340, #2831, .T. ) ;
#1178 = FACE_BOUND ( 'NONE', #224, .T. ) ;
#1179 = EDGE_LOOP ( 'NONE', ( #5490, #3085, #1218, #7053 ) ) ;
#1180 = ORIENTED_EDGE ( 'NONE', *, *, #6414, .F. ) ;
#1181 = LINE ( 'NONE', #4992, #4554 ) ;
#1182 = CIRCLE ( 'NONE', #6795, 3.099999999999998757 ) ;
#1183 = VECTOR ( 'NONE', #8241, 1000.000000000000000 ) ;
#1184 = EDGE_CURVE ( 'NONE', #6556, #3176, #1029, .T. ) ;
#1185 = CARTESIAN_POINT ( 'NONE',  ( -2.499999999999909406, -9.626642628205145158, 5.500000000000000000 ) ) ;
#1186 = CARTESIAN_POINT ( 'NONE',  ( 21.00000000000017764, -19.49999999999985079, 2.999999999999859668 ) ) ;
#1187 = EDGE_LOOP ( 'NONE', ( #2935, #1636, #8363, #7227 ) ) ;
#1188 = CARTESIAN_POINT ( 'NONE',  ( -0.3047447784968336792, -13.54893172369067855, 5.500000000000000000 ) ) ;
#1189 = AXIS2_PLACEMENT_3D ( 'NONE', #3379, #4062, #6686 ) ;
#1190 = CARTESIAN_POINT ( 'NONE',  ( 1.712555667977651908, -12.19813672834541052, 5.999999999999999112 ) ) ;
#1191 = AXIS2_PLACEMENT_3D ( 'NONE', #2864, #1583, #6222 ) ;
#1192 = CARTESIAN_POINT ( 'NONE',  ( 21.00000000000017764, -19.49999999999985079, 2.999999999999859668 ) ) ;
#1193 = CARTESIAN_POINT ( 'NONE',  ( -0.9410415836313309468, -5.673966946163640834, 6.000000000000000000 ) ) ;
#1194 = CARTESIAN_POINT ( 'NONE',  ( 2.368964994705053062, -4.028289084338397608, 6.000000000000000888 ) ) ;
#1195 = DIRECTION ( 'NONE',  ( 6.867314445954479834E-15, 4.797243844499408100E-29, 1.000000000000000000 ) ) ;
#1196 = CARTESIAN_POINT ( 'NONE',  ( -2.246771105496572218, -5.986761001288781081, 5.500000000000000000 ) ) ;
#1197 = ORIENTED_EDGE ( 'NONE', *, *, #8134, .T. ) ;
#1198 = CARTESIAN_POINT ( 'NONE',  ( 0.8884214743590482799, -7.285897435897429553, 6.000000000000000000 ) ) ;
#1199 = PLANE ( 'NONE',  #7429 ) ;
#1200 = CARTESIAN_POINT ( 'NONE',  ( 1.603244849439691588, -8.503648897186623756, 5.500000000000000000 ) ) ;
#1201 = ORIENTED_EDGE ( 'NONE', *, *, #2792, .F. ) ;
#1202 = ORIENTED_EDGE ( 'NONE', *, *, #6149, .T. ) ;
#1203 = VERTEX_POINT ( 'NONE', #6268 ) ;
#1204 = CARTESIAN_POINT ( 'NONE',  ( 1.698638979280617578, -6.381219541639287840, 6.000000000000000000 ) ) ;
#1205 = CARTESIAN_POINT ( 'NONE',  ( 3.131316011514059253E-15, 2.799999999999999822, 3.000000000000000000 ) ) ;
#1206 = DIRECTION ( 'NONE',  ( -6.982962677686265133E-15, 1.000000000000000000, 0.000000000000000000 ) ) ;
#1207 = LINE ( 'NONE', #3823, #6654 ) ;
#1208 = ORIENTED_EDGE ( 'NONE', *, *, #3848, .T. ) ;
#1209 = ORIENTED_EDGE ( 'NONE', *, *, #7989, .F. ) ;
#1210 = DIRECTION ( 'NONE',  ( -6.982962677686265922E-15, -4.876176775795934672E-29, -1.000000000000000000 ) ) ;
#1211 = LINE ( 'NONE', #5804, #215 ) ;
#1212 = ORIENTED_EDGE ( 'NONE', *, *, #838, .T. ) ;
#1213 = CARTESIAN_POINT ( 'NONE',  ( 0.7132979613540466612, -7.290002791617403055, 5.500000000000000000 ) ) ;
#1214 = FACE_OUTER_BOUND ( 'NONE', #6394, .T. ) ;
#1215 = DIRECTION ( 'NONE',  ( -6.982962677686265133E-15, 1.000000000000000000, 0.000000000000000000 ) ) ;
#1216 = ORIENTED_EDGE ( 'NONE', *, *, #7295, .T. ) ;
#1217 = ADVANCED_FACE ( 'NONE', ( #8018 ), #2140, .F. ) ;
#1218 = ORIENTED_EDGE ( 'NONE', *, *, #3554, .T. ) ;
#1219 = CARTESIAN_POINT ( 'NONE',  ( 0.6774350997232242433, -8.209685947918528015, 5.500000000000000888 ) ) ;
#1220 = CARTESIAN_POINT ( 'NONE',  ( 1.476345291781183011, -11.77725406415421716, 5.500000000000000000 ) ) ;
#1221 = EDGE_CURVE ( 'NONE', #8256, #6777, #708, .T. ) ;
#1222 = EDGE_CURVE ( 'NONE', #354, #1881, #3651, .T. ) ;
#1223 = CARTESIAN_POINT ( 'NONE',  ( -1.058206081058251646, -3.326234323324540387, 6.000000000000000888 ) ) ;
#1224 = CARTESIAN_POINT ( 'NONE',  ( 1.260883593535026215, -0.03199091869204306882, 2.255915264206802995 ) ) ;
#1225 = ORIENTED_EDGE ( 'NONE', *, *, #435, .T. ) ;
#1226 = CARTESIAN_POINT ( 'NONE',  ( 0.7132979613540875174, -13.12333612495073076, 5.500000000000000000 ) ) ;
#1227 = FACE_BOUND ( 'NONE', #1073, .T. ) ;
#1228 = EDGE_CURVE ( 'NONE', #1902, #3290, #5656, .T. ) ;
#1229 = LINE ( 'NONE', #8272, #2688 ) ;
#1230 = CARTESIAN_POINT ( 'NONE',  ( -61.00000000000003553, 9.299999999999574385, 4.155523824830011491E-13 ) ) ;
#1231 = CARTESIAN_POINT ( 'NONE',  ( -1.727302714469883371, -4.853885693643693600, 6.000000000000000000 ) ) ;
#1232 = DIRECTION ( 'NONE',  ( 0.9640164883807764706, 0.2658424535885801077, 7.888609052210118054E-31 ) ) ;
#1233 = CARTESIAN_POINT ( 'NONE',  ( -2.728315428614815463, 3.144666392301799007, 6.000000000000000000 ) ) ;
#1234 = ORIENTED_EDGE ( 'NONE', *, *, #5629, .T. ) ;
#1235 = DIRECTION ( 'NONE',  ( -7.888609052210118054E-31, -5.605193857299268284E-45, 1.000000000000000000 ) ) ;
#1236 = CARTESIAN_POINT ( 'NONE',  ( 0.1282051282052543428, -14.70276442307692122, 5.500000000000000888 ) ) ;
#1237 = CARTESIAN_POINT ( 'NONE',  ( 1.005544403265557385, -8.184762876954792432, 5.500000000000000888 ) ) ;
#1238 = ORIENTED_EDGE ( 'NONE', *, *, #381, .T. ) ;
#1239 = CARTESIAN_POINT ( 'NONE',  ( -60.99999999999979394, -22.50000000000042633, 2.500000000000414335 ) ) ;
#1240 = ORIENTED_EDGE ( 'NONE', *, *, #4589, .T. ) ;
#1241 = DIRECTION ( 'NONE',  ( -7.888609052210118054E-31, -5.605193857299268284E-45, 1.000000000000000000 ) ) ;
#1242 = EDGE_CURVE ( 'NONE', #467, #4171, #2501, .T. ) ;
#1243 = CARTESIAN_POINT ( 'NONE',  ( 2.527429715606134497, -11.53043994279131645, 5.500000000000000888 ) ) ;
#1244 = DIRECTION ( 'NONE',  ( -0.9788066078233594869, 0.2047867780920638592, -7.888609052210119806E-31 ) ) ;
#1245 = CARTESIAN_POINT ( 'NONE',  ( 3.131316011514059253E-15, 2.799999999999999822, 3.000000000000000000 ) ) ;
#1246 = EDGE_LOOP ( 'NONE', ( #7857, #2979, #4445, #7438 ) ) ;
#1247 = ORIENTED_EDGE ( 'NONE', *, *, #3532, .F. ) ;
#1248 = CARTESIAN_POINT ( 'NONE',  ( -60.99999999999981526, -22.50000000000042633, 4.155523824830011996E-13 ) ) ;
#1249 = DIRECTION ( 'NONE',  ( 6.825260543506556042E-15, -1.000000000000000000, -1.751623080406021339E-46 ) ) ;
#1250 = CARTESIAN_POINT ( 'NONE',  ( 1.260883593535026215, -0.03199091869204306882, 3.000000000000000000 ) ) ;
#1251 = ORIENTED_EDGE ( 'NONE', *, *, #2306, .T. ) ;
#1252 = CARTESIAN_POINT ( 'NONE',  ( 0.8292723943247524154, -7.287284045895614959, 5.500000000000000000 ) ) ;
#1253 = CARTESIAN_POINT ( 'NONE',  ( 1.453421768577693562, -5.466771612313175766, 5.500000000000000000 ) ) ;
#1254 = LINE ( 'NONE', #7178, #3178 ) ;
#1255 = EDGE_LOOP ( 'NONE', ( #2966, #6672, #3053, #5958 ) ) ;
#1256 = AXIS2_PLACEMENT_3D ( 'NONE', #4805, #1511, #7430 ) ;
#1257 = ORIENTED_EDGE ( 'NONE', *, *, #27, .T. ) ;
#1258 = CARTESIAN_POINT ( 'NONE',  ( 0.2526678981406557112, -8.487551720725436510, 5.500000000000000000 ) ) ;
#1259 = PLANE ( 'NONE',  #1553 ) ;
#1260 = VECTOR ( 'NONE', #161, 1000.000000000000000 ) ;
#1261 = DIRECTION ( 'NONE',  ( 6.982962677686265922E-15, 4.876176775795934672E-29, 1.000000000000000000 ) ) ;
#1262 = CARTESIAN_POINT ( 'NONE',  ( -61.00000000000000711, 5.299999999999573497, 4.155523824830011491E-13 ) ) ;
#1263 = VERTEX_POINT ( 'NONE', #3687 ) ;
#1264 = CARTESIAN_POINT ( 'NONE',  ( -0.7686358029449814611, -8.825722909607886635, 5.500000000000000000 ) ) ;
#1265 = CARTESIAN_POINT ( 'NONE',  ( 1.630269756378728063, -12.12781518995247154, 6.000000000000000000 ) ) ;
#1266 = ADVANCED_FACE ( 'NONE', ( #6303 ), #1199, .T. ) ;
#1267 = EDGE_CURVE ( 'NONE', #5112, #6369, #4278, .T. ) ;
#1268 = CARTESIAN_POINT ( 'NONE',  ( 2.527689673817295368, -11.95142624784340057, 5.500000000000000888 ) ) ;
#1269 = CARTESIAN_POINT ( 'NONE',  ( -2.626292505737315430, -4.832324226253096100, 6.000000000000000000 ) ) ;
#1270 = AXIS2_PLACEMENT_3D ( 'NONE', #8238, #6228, #1678 ) ;
#1271 = CARTESIAN_POINT ( 'NONE',  ( 0.002003205128251001922, -3.247435897435900110, 6.000000000000000000 ) ) ;
#1272 = VECTOR ( 'NONE', #7638, 1000.000000000000000 ) ;
#1273 = DIRECTION ( 'NONE',  ( -7.888609052210118054E-31, -5.605193857299268284E-45, 1.000000000000000000 ) ) ;
#1274 = CARTESIAN_POINT ( 'NONE',  ( -0.7686358029449814611, -8.825722909607886635, 5.999999999999999112 ) ) ;
#1275 = VERTEX_POINT ( 'NONE', #6953 ) ;
#1276 = ADVANCED_FACE ( 'NONE', ( #8325 ), #2542, .T. ) ;
#1277 = CARTESIAN_POINT ( 'NONE',  ( -0.3047447784968741469, -7.715598390357355285, 6.000000000000000000 ) ) ;
#1278 = CARTESIAN_POINT ( 'NONE',  ( 2.017227564102673565, -12.28589743589742689, 6.000000000000000000 ) ) ;
#1279 = VERTEX_POINT ( 'NONE', #5706 ) ;
#1280 = DIRECTION ( 'NONE',  ( 6.982962677686265922E-15, 4.876176775795934672E-29, 1.000000000000000000 ) ) ;
#1281 = ORIENTED_EDGE ( 'NONE', *, *, #2338, .F. ) ;
#1282 = CIRCLE ( 'NONE', #4293, 3.100000000000000089 ) ;
#1283 = ADVANCED_FACE ( 'NONE', ( #4968 ), #8359, .T. ) ;
#1284 = DIRECTION ( 'NONE',  ( -1.000000000000000000, -6.308085367188407793E-15, 6.982962677686258822E-15 ) ) ;
#1285 = FACE_OUTER_BOUND ( 'NONE', #2834, .T. ) ;
#1286 = VECTOR ( 'NONE', #3180, 1000.000000000000114 ) ;
#1287 = CARTESIAN_POINT ( 'NONE',  ( 2.564102564102670012, -11.74102564102562773, 5.500000000000000000 ) ) ;
#1288 = CARTESIAN_POINT ( 'NONE',  ( -24.09999999999983089, -19.50000000000016342, 3.000000000000170974 ) ) ;
#1289 = CARTESIAN_POINT ( 'NONE',  ( 0.1282051282052543151, -14.70276442307691944, 6.000000000000000000 ) ) ;
#1290 = EDGE_LOOP ( 'NONE', ( #7049, #443, #6965, #5217 ) ) ;
#1291 = CARTESIAN_POINT ( 'NONE',  ( 1.387219551282104835, -4.391266025641018977, 5.500000000000000888 ) ) ;
#1292 = ORIENTED_EDGE ( 'NONE', *, *, #1009, .F. ) ;
#1293 = DIRECTION ( 'NONE',  ( -7.888609052210118054E-31, -5.605193857299268284E-45, 1.000000000000000000 ) ) ;
#1294 = VECTOR ( 'NONE', #4692, 1000.000000000000114 ) ;
#1295 = EDGE_CURVE ( 'NONE', #3194, #6009, #1792, .T. ) ;
#1296 = CARTESIAN_POINT ( 'NONE',  ( 1.630354456228680249, -11.35333913754252144, 6.000000000000000000 ) ) ;
#1297 = DIRECTION ( 'NONE',  ( -7.888609052210118054E-31, -5.605193857299268284E-45, 1.000000000000000000 ) ) ;
#1298 = ORIENTED_EDGE ( 'NONE', *, *, #2155, .T. ) ;
#1299 = CYLINDRICAL_SURFACE ( 'NONE', #1869, 3.099999999999998757 ) ;
#1300 = CARTESIAN_POINT ( 'NONE',  ( 1.010667977848346055, -5.662546407983636954, 6.000000000000000000 ) ) ;
#1301 = LINE ( 'NONE', #6498, #439 ) ;
#1302 = ORIENTED_EDGE ( 'NONE', *, *, #2792, .T. ) ;
#1303 = CIRCLE ( 'NONE', #5263, 1.550000000000002709 ) ;
#1304 = ORIENTED_EDGE ( 'NONE', *, *, #103, .T. ) ;
#1305 = CARTESIAN_POINT ( 'NONE',  ( -2.628205128205070018, -4.961177884615405986, 5.500000000000000000 ) ) ;
#1306 = CYLINDRICAL_SURFACE ( 'NONE', #1008, 3.100000000000000089 ) ;
#1307 = AXIS2_PLACEMENT_3D ( 'NONE', #7113, #1235, #7706 ) ;
#1308 = CIRCLE ( 'NONE', #4718, 3.100000000000000089 ) ;
#1309 = CARTESIAN_POINT ( 'NONE',  ( 0.002003205128251001922, -3.247435897435900110, 6.000000000000000000 ) ) ;
#1310 = DIRECTION ( 'NONE',  ( 1.000000000000000000, 6.715058616684410666E-15, -6.994852725712927481E-15 ) ) ;
#1311 = VERTEX_POINT ( 'NONE', #631 ) ;
#1312 = DIRECTION ( 'NONE',  ( 0.9122418279626124393, -0.4096521052251916872, 7.888609052210117178E-31 ) ) ;
#1313 = VECTOR ( 'NONE', #4614, 1000.000000000000114 ) ;
#1314 = CARTESIAN_POINT ( 'NONE',  ( 2.564102564102670012, -11.74102564102562773, 6.000000000000000000 ) ) ;
#1315 = CARTESIAN_POINT ( 'NONE',  ( 0.002003205128251001922, -3.247435897435900110, 6.000000000000000000 ) ) ;
#1316 = AXIS2_PLACEMENT_3D ( 'NONE', #5095, #1241, #6483 ) ;
#1317 = CARTESIAN_POINT ( 'NONE',  ( 2.614058297903629313, -4.674718752223831153, 6.000000000000000888 ) ) ;
#1318 = VECTOR ( 'NONE', #329, 1000.000000000000114 ) ;
#1319 = LINE ( 'NONE', #7831, #48 ) ;
#1320 = ORIENTED_EDGE ( 'NONE', *, *, #4667, .T. ) ;
#1321 = FACE_OUTER_BOUND ( 'NONE', #8161, .T. ) ;
#1322 = CARTESIAN_POINT ( 'NONE',  ( 0.08150322895404027435, -7.451221520006853005, 6.000000000000000000 ) ) ;
#1323 = FACE_OUTER_BOUND ( 'NONE', #7246, .T. ) ;
#1324 = ORIENTED_EDGE ( 'NONE', *, *, #803, .F. ) ;
#1325 = EDGE_CURVE ( 'NONE', #3962, #2142, #7014, .T. ) ;
#1326 = CARTESIAN_POINT ( 'NONE',  ( 1.101823124038279644, -6.564635932794629092, 5.500000000000000000 ) ) ;
#1327 = CARTESIAN_POINT ( 'NONE',  ( -0.7211538461537594369, -9.110817307692313349, 5.500000000000000888 ) ) ;
#1328 = ORIENTED_EDGE ( 'NONE', *, *, #4658, .F. ) ;
#1329 = VECTOR ( 'NONE', #2659, 1000.000000000000000 ) ;
#1330 = EDGE_CURVE ( 'NONE', #1129, #3536, #7800, .T. ) ;
#1331 = EDGE_CURVE ( 'NONE', #3924, #2248, #3044, .T. ) ;
#1332 = FACE_OUTER_BOUND ( 'NONE', #5313, .T. ) ;
#1333 = CARTESIAN_POINT ( 'NONE',  ( -1.709563522345625364, -4.771175904835240011, 6.000000000000000888 ) ) ;
#1334 = CARTESIAN_POINT ( 'NONE',  ( -60.99999999999981526, -22.50000000000042633, 4.155523824830011996E-13 ) ) ;
#1335 = CARTESIAN_POINT ( 'NONE',  ( 1.927233933905388330, -3.636549710977123429, 6.000000000000000000 ) ) ;
#1336 = VERTEX_POINT ( 'NONE', #3976 ) ;
#1337 = EDGE_CURVE ( 'NONE', #4654, #3815, #4697, .T. ) ;
#1338 = ORIENTED_EDGE ( 'NONE', *, *, #6366, .T. ) ;
#1339 = UNCERTAINTY_MEASURE_WITH_UNIT (LENGTH_MEASURE( 1.000000000000000082E-05 ), #313, 'distance_accuracy_value', 'NONE');
#1340 = LINE ( 'NONE', #1248, #6193 ) ;
#1341 = CARTESIAN_POINT ( 'NONE',  ( -54.99999999999983658, -20.50000000000038369, 3.736546064168836498E-13 ) ) ;
#1342 = CARTESIAN_POINT ( 'NONE',  ( 2.628205128205255203, -14.79090544871792723, 5.500000000000000888 ) ) ;
#1343 = LINE ( 'NONE', #2718, #5147 ) ;
#1344 = CARTESIAN_POINT ( 'NONE',  ( 1.709785374559882998, -5.110369770587852578, 5.999999999999999112 ) ) ;
#1345 = CARTESIAN_POINT ( 'NONE',  ( -1.715513802654330400, 0.2179441537986704369, 6.000000000000000000 ) ) ;
#1346 = ORIENTED_EDGE ( 'NONE', *, *, #1242, .T. ) ;
#1347 = EDGE_CURVE ( 'NONE', #5270, #860, #4759, .T. ) ;
#1348 = ORIENTED_EDGE ( 'NONE', *, *, #287, .F. ) ;
#1349 = LINE ( 'NONE', #1866, #7835 ) ;
#1350 = CARTESIAN_POINT ( 'NONE',  ( -1.752915971808859386, 0.6810885823665517869, 3.000000000000000000 ) ) ;
#1351 = LINE ( 'NONE', #6749, #4299 ) ;
#1352 = VERTEX_POINT ( 'NONE', #7836 ) ;
#1353 = DIRECTION ( 'NONE',  ( 1.000000000000000000, 6.888341397178440152E-15, -6.982962677686265922E-15 ) ) ;
#1354 = ORIENTED_EDGE ( 'NONE', *, *, #578, .F. ) ;
#1355 = CYLINDRICAL_SURFACE ( 'NONE', #201, 3.100000000000000089 ) ;
#1356 = LINE ( 'NONE', #3803, #5702 ) ;
#1357 = CARTESIAN_POINT ( 'NONE',  ( 2.270335163401764778, -10.03265414306578940, 5.500000000000000888 ) ) ;
#1358 = CARTESIAN_POINT ( 'NONE',  ( 1.927233933905388330, -3.636549710977123429, 5.500000000000000000 ) ) ;
#1359 = CARTESIAN_POINT ( 'NONE',  ( 1.642279046331109660, -5.266531140604866934, 5.500000000000000888 ) ) ;
#1360 = ORIENTED_EDGE ( 'NONE', *, *, #3470, .T. ) ;
#1361 = CARTESIAN_POINT ( 'NONE',  ( -0.7656110130113841228, -8.643353632297630540, 6.000000000000000000 ) ) ;
#1362 = CARTESIAN_POINT ( 'NONE',  ( -19.45000000000019824, -19.50000000000013145, -49.99999999999987210 ) ) ;
#1363 = VERTEX_POINT ( 'NONE', #6555 ) ;
#1364 = FACE_BOUND ( 'NONE', #1167, .T. ) ;
#1365 = ORIENTED_EDGE ( 'NONE', *, *, #5891, .F. ) ;
#1366 = EDGE_CURVE ( 'NONE', #5053, #8260, #5912, .T. ) ;
#1367 = LINE ( 'NONE', #1970, #5137 ) ;
#1368 = CARTESIAN_POINT ( 'NONE',  ( -0.9854727030934693488, -4.227946489444667222, 6.000000000000000888 ) ) ;
#1369 = LINE ( 'NONE', #1288, #5498 ) ;
#1370 = CARTESIAN_POINT ( 'NONE',  ( 2.131134802074233558, -3.780289814661022874, 6.000000000000000000 ) ) ;
#1371 = ORIENTED_EDGE ( 'NONE', *, *, #4410, .F. ) ;
#1372 = FACE_OUTER_BOUND ( 'NONE', #6162, .T. ) ;
#1373 = ADVANCED_FACE ( 'NONE', ( #7958 ), #2089, .F. ) ;
#1375 = EDGE_LOOP ( 'NONE', ( #8167, #6217, #12, #3387 ) ) ;
#1374 = ADVANCED_FACE ( 'NONE', ( #2009 ), #6444, .T. ) ;
#1376 = CARTESIAN_POINT ( 'NONE',  ( -1.725216523434134119, -5.055380598290178717, 6.000000000000000000 ) ) ;
#1377 = EDGE_CURVE ( 'NONE', #1363, #4291, #7421, .T. ) ;
#1378 = DIRECTION ( 'NONE',  ( -6.982962677686265133E-15, 1.000000000000000000, 0.000000000000000000 ) ) ;
#1379 = LINE ( 'NONE', #776, #3789 ) ;
#1380 = DIRECTION ( 'NONE',  ( 1.000000000000000000, 6.888341397178440152E-15, -6.982962677686265922E-15 ) ) ;
#1381 = FACE_OUTER_BOUND ( 'NONE', #8421, .T. ) ;
#1382 = VERTEX_POINT ( 'NONE', #4097 ) ;
#1383 = CARTESIAN_POINT ( 'NONE',  ( 3.131316011514056098E-15, 2.799999999999999822, 6.000000000000000000 ) ) ;
#1384 = CARTESIAN_POINT ( 'NONE',  ( 1.674621644223586614, -14.46058916286033558, 5.500000000000000888 ) ) ;
#1385 = DIRECTION ( 'NONE',  ( 6.982962677686266711E-15, -1.000000000000000000, 0.000000000000000000 ) ) ;
#1386 = ADVANCED_FACE ( 'NONE', ( #6684 ), #4826, .T. ) ;
#1387 = B_SPLINE_CURVE_WITH_KNOTS ( 'NONE', 3,
 ( #1967, #6558, #1406, #4019, #3900, #7884, #2047, #1452, #634, #5259, #762, #4063, #801, #3944, #73, #1925, #113, #6039, #4529 ),
 .UNSPECIFIED., .F., .F.,
 ( 4, 1, 1, 1, 1, 1, 1, 1, 1, 1, 1, 1, 1, 1, 1, 1, 4 ),
 ( 0.000000000000000000, 0.06593481762567698912, 0.1300372587941651947, 0.1923620702496511292, 0.2538195214289182267, 0.3141994357375422764, 0.3746698781567776027, 0.4351541180379872031, 0.4964786684939703765, 0.5578092661396401031, 0.6190309229821123749, 0.6796911875192903629, 0.7409612864102639307, 0.8033752905051766424, 0.8668176884999613252, 0.9323179771745061517, 1.000000000000000000 ),
 .UNSPECIFIED. ) ;
#1388 = EDGE_CURVE ( 'NONE', #3715, #1352, #4965, .T. ) ;
#1389 = CARTESIAN_POINT ( 'NONE',  ( -1.715513802654330178, 0.2179441537986704369, 3.000000000000000000 ) ) ;
#1390 = VERTEX_POINT ( 'NONE', #6035 ) ;
#1391 = VECTOR ( 'NONE', #4132, 1000.000000000000000 ) ;
#1392 = LINE ( 'NONE', #7910, #4711 ) ;
#1393 = ORIENTED_EDGE ( 'NONE', *, *, #2474, .T. ) ;
#1394 = CARTESIAN_POINT ( 'NONE',  ( 0.05909455128211449360, -5.747435897435900110, 6.000000000000000000 ) ) ;
#1395 = DIRECTION ( 'NONE',  ( 7.888609052210118054E-31, 5.508586259044128230E-45, -1.000000000000000000 ) ) ;
#1396 = CARTESIAN_POINT ( 'NONE',  ( -0.2331467941627889673, -3.248728729892522704, 6.000000000000000000 ) ) ;
#1397 = VECTOR ( 'NONE', #8424, 1000.000000000000000 ) ;
#1398 = DIRECTION ( 'NONE',  ( -1.000000000000000000, -7.013817443069253186E-15, 6.867314445954479045E-15 ) ) ;
#1399 = PLANE ( 'NONE',  #5386 ) ;
#1400 = CARTESIAN_POINT ( 'NONE',  ( -2.590552459085835757, -5.345533281438135553, 5.500000000000000888 ) ) ;
#1401 = ORIENTED_EDGE ( 'NONE', *, *, #5365, .F. ) ;
#1402 = CARTESIAN_POINT ( 'NONE',  ( 3.131316011514056098E-15, 2.799999999999999822, 6.000000000000000000 ) ) ;
#1403 = DIRECTION ( 'NONE',  ( -6.982962677686265133E-15, 1.000000000000000000, 0.000000000000000000 ) ) ;
#1404 = ORIENTED_EDGE ( 'NONE', *, *, #3430, .T. ) ;
#1405 = LINE ( 'NONE', #3458, #5568 ) ;
#1406 = CARTESIAN_POINT ( 'NONE',  ( 2.624321920909911565, -14.94284089536158788, 6.000000000000000000 ) ) ;
#1407 = VERTEX_POINT ( 'NONE', #934 ) ;
#1408 = VECTOR ( 'NONE', #1795, 1000.000000000000000 ) ;
#1409 = CARTESIAN_POINT ( 'NONE',  ( 3.066744232185273145, 2.347142611456577210, 3.000000000000000000 ) ) ;
#1410 = CARTESIAN_POINT ( 'NONE',  ( 43.00000000000018474, -19.49999999999969802, 2.999999999999706013 ) ) ;
#1411 = PLANE ( 'NONE',  #5085 ) ;
#1412 = CARTESIAN_POINT ( 'NONE',  ( 0.002003205128251001922, -3.247435897435900110, 6.000000000000000000 ) ) ;
#1413 = ORIENTED_EDGE ( 'NONE', *, *, #4321, .F. ) ;
#1414 = VECTOR ( 'NONE', #2154, 1000.000000000000000 ) ;
#1415 = ORIENTED_EDGE ( 'NONE', *, *, #2534, .F. ) ;
#1416 = CARTESIAN_POINT ( 'NONE',  ( -0.7211538461537594369, -9.110817307692313349, 6.000000000000000000 ) ) ;
#1417 = DIRECTION ( 'NONE',  ( 7.888609052210118054E-31, 5.605193857299268284E-45, -1.000000000000000000 ) ) ;
#1418 = VECTOR ( 'NONE', #9, 1000.000000000000000 ) ;
#1419 = CARTESIAN_POINT ( 'NONE',  ( 2.539957668225790943, -15.37158840610430133, 6.000000000000000000 ) ) ;
#1420 = ADVANCED_FACE ( 'NONE', ( #4785 ), #4136, .F. ) ;
#1421 = CYLINDRICAL_SURFACE ( 'NONE', #3656, 1.099999999999996758 ) ;
#1422 = CARTESIAN_POINT ( 'NONE',  ( 1.730769230769288347, -4.939142628205118513, 5.500000000000000000 ) ) ;
#1423 = DIRECTION ( 'NONE',  ( 6.867314445954479045E-15, 4.797243844499407540E-29, 1.000000000000000000 ) ) ;
#1424 = VERTEX_POINT ( 'NONE', #6720 ) ;
#1425 = EDGE_LOOP ( 'NONE', ( #8003, #5883, #2876, #3068 ) ) ;
#1426 = DIRECTION ( 'NONE',  ( 1.000000000000000000, 6.982962677686265922E-15, 7.888609052210118054E-31 ) ) ;
#1427 = AXIS2_PLACEMENT_3D ( 'NONE', #543, #5781, #5125 ) ;
#1428 = EDGE_CURVE ( 'NONE', #4668, #6401, #1688, .T. ) ;
#1429 = ADVANCED_FACE ( 'NONE', ( #2315 ), #4060, .T. ) ;
#1430 = CARTESIAN_POINT ( 'NONE',  ( 1.925558118862734425, 5.229449717710128454, 6.000000000000000000 ) ) ;
#1431 = VERTEX_POINT ( 'NONE', #7404 ) ;
#1432 = STYLED_ITEM ( 'NONE', ( #4987 ), #4349 ) ;
#1433 = CARTESIAN_POINT ( 'NONE',  ( 32.95000000000005258, -6.599999999999765166, -2.687005768509107106 ) ) ;
#1434 = VERTEX_POINT ( 'NONE', #4233 ) ;
#1435 = DIRECTION ( 'NONE',  ( 0.7071067811865431318, 0.7071067811865519026, -4.937700262164534632E-15 ) ) ;
#1436 = DIRECTION ( 'NONE',  ( 0.2073096204707087498, 0.9782753810969030406, 1.972152263052530389E-31 ) ) ;
#1437 = EDGE_CURVE ( 'NONE', #7808, #7481, #6076, .T. ) ;
#1438 = CARTESIAN_POINT ( 'NONE',  ( 1.577853993702490243, -10.53271870109523611, 5.500000000000000000 ) ) ;
#1439 = AXIS2_PLACEMENT_3D ( 'NONE', #3632, #6166, #831 ) ;
#1440 = VECTOR ( 'NONE', #1622, 1000.000000000000114 ) ;
#1441 = LINE ( 'NONE', #8000, #6353 ) ;
#1442 = LINE ( 'NONE', #3451, #189 ) ;
#1443 = CARTESIAN_POINT ( 'NONE',  ( 1.980592670643791076, -11.19791785085035052, 5.500000000000000000 ) ) ;
#1444 = ORIENTED_EDGE ( 'NONE', *, *, #7145, .F. ) ;
#1445 = CARTESIAN_POINT ( 'NONE',  ( 1.998807928985419036, -7.656910438609284775, 5.500000000000000888 ) ) ;
#1446 = CIRCLE ( 'NONE', #1732, 3.100000000000000089 ) ;
#1447 = CARTESIAN_POINT ( 'NONE',  ( 1.726721576465250152, -14.84556674475642346, 6.000000000000000000 ) ) ;
#1448 = VECTOR ( 'NONE', #2064, 1000.000000000000000 ) ;
#1449 = DIRECTION ( 'NONE',  ( -6.982962677686265922E-15, -4.876176775795934672E-29, -1.000000000000000000 ) ) ;
#1450 = DIRECTION ( 'NONE',  ( -6.867314445954479045E-15, -4.797243844499407540E-29, -1.000000000000000000 ) ) ;
#1451 = CARTESIAN_POINT ( 'NONE',  ( 0.002003205128257268611, -4.144871794871797910, 5.999999999999999112 ) ) ;
#1452 = CARTESIAN_POINT ( 'NONE',  ( 2.427699548837122023, -15.63027509381726254, 6.000000000000000000 ) ) ;
#1453 = ORIENTED_EDGE ( 'NONE', *, *, #7408, .T. ) ;
#1454 = VECTOR ( 'NONE', #6404, 1000.000000000000114 ) ;
#1455 = VECTOR ( 'NONE', #6324, 1000.000000000000114 ) ;
#1456 = DIRECTION ( 'NONE',  ( -6.982962677686265922E-15, -4.876176775795934672E-29, -1.000000000000000000 ) ) ;
#1457 = CARTESIAN_POINT ( 'NONE',  ( -0.1851409416627704529, -7.614382189356711628, 5.500000000000000000 ) ) ;
#1458 = FACE_OUTER_BOUND ( 'NONE', #3663, .T. ) ;
#1459 = CARTESIAN_POINT ( 'NONE',  ( -0.5152986151106941914, 0.09871006049609683253, 2.254564340789526611 ) ) ;
#1460 = CARTESIAN_POINT ( 'NONE',  ( 1.551259928885979855, -3.457608344904498310, 6.000000000000000000 ) ) ;
#1461 = ORIENTED_EDGE ( 'NONE', *, *, #4323, .F. ) ;
#1462 = VECTOR ( 'NONE', #7288, 1000.000000000000000 ) ;
#1463 = DIRECTION ( 'NONE',  ( 6.825260543506556042E-15, -1.000000000000000000, 1.101228117168384694E-30 ) ) ;
#1464 = ORIENTED_EDGE ( 'NONE', *, *, #2217, .F. ) ;
#1465 = CARTESIAN_POINT ( 'NONE',  ( 2.004663725408922126, 0.9174954586961460157, 2.337413152810805528 ) ) ;
#1466 = CARTESIAN_POINT ( 'NONE',  ( -1.364341977307068188, -5.530891931618650226, 6.000000000000000000 ) ) ;
#1467 = CARTESIAN_POINT ( 'NONE',  ( 2.427699548837122023, -15.63027509381726254, 5.999999999999999112 ) ) ;
#1468 = CARTESIAN_POINT ( 'NONE',  ( 1.282051282051413166, -15.42692307692306564, 5.500000000000000888 ) ) ;
#1469 = CARTESIAN_POINT ( 'NONE',  ( 1.282051282051413166, -15.42692307692306564, 5.500000000000000888 ) ) ;
#1470 = CARTESIAN_POINT ( 'NONE',  ( 0.1285669302982592743, -14.67933799002521944, 6.000000000000000000 ) ) ;
#1471 = ORIENTED_EDGE ( 'NONE', *, *, #5198, .F. ) ;
#1472 = ORIENTED_EDGE ( 'NONE', *, *, #958, .F. ) ;
#1473 = LINE ( 'NONE', #6667, #1826 ) ;
#1474 = CARTESIAN_POINT ( 'NONE',  ( 1.577853993702531765, -16.36605203442857004, 5.500000000000000000 ) ) ;
#1475 = VERTEX_POINT ( 'NONE', #798 ) ;
#1476 = DIRECTION ( 'NONE',  ( -7.888609052210118054E-31, -5.605193857299268284E-45, 1.000000000000000000 ) ) ;
#1477 = VERTEX_POINT ( 'NONE', #6168 ) ;
#1478 = CARTESIAN_POINT ( 'NONE',  ( -2.684678751731726098, 1.249999999999948264, 6.000000000000000000 ) ) ;
#1479 = DIRECTION ( 'NONE',  ( -0.9361639956103178228, 0.3515636120575122980, -7.888609052210118054E-31 ) ) ;
#1480 = EDGE_CURVE ( 'NONE', #1477, #2610, #7022, .T. ) ;
#1481 = CARTESIAN_POINT ( 'NONE',  ( -2.562864058206675733, -4.468320378207510046, 5.500000000000000888 ) ) ;
#1482 = EDGE_CURVE ( 'NONE', #1124, #6897, #4876, .T. ) ;
#1483 = CARTESIAN_POINT ( 'NONE',  ( 1.729838404953034425, -8.881758705889808425, 6.000000000000000000 ) ) ;
#1484 = B_SPLINE_CURVE_WITH_KNOTS ( 'NONE', 3,
 ( #6538, #5890, #6406, #5156, #7005, #2591, #2631, #1130, #4546, #5230, #7686, #6363, #523, #3142, #7729, #7132, #1213, #1252, #3873 ),
 .UNSPECIFIED., .F., .F.,
 ( 4, 1, 1, 1, 1, 1, 1, 1, 1, 1, 1, 1, 1, 1, 1, 1, 4 ),
 ( 0.000000000000000000, 0.06340052940042789631, 0.1249764099331409223, 0.1844921876584958154, 0.2434736282965412058, 0.3022637321141443678, 0.3613835718304160283, 0.4214817654110650236, 0.4834545367577930963, 0.5459360688045383769, 0.6081426980855852982, 0.6698202920949499761, 0.7323322942692658266, 0.7960922343214101859, 0.8616426668792320775, 0.9294352318828829063, 1.000000000000000000 ),
 .UNSPECIFIED. ) ;
#1485 = FACE_BOUND ( 'NONE', #7909, .T. ) ;
#1486 = CARTESIAN_POINT ( 'NONE',  ( 31.99999999999992539, 21.20000000000022666, 4.999999999999777067 ) ) ;
#1487 = EDGE_LOOP ( 'NONE', ( #4384, #4839, #5268, #1987 ) ) ;
#1488 = LINE ( 'NONE', #4185, #4533 ) ;
#1489 = PLANE ( 'NONE',  #4859 ) ;
#1490 = LINE ( 'NONE', #878, #1440 ) ;
#1491 = CARTESIAN_POINT ( 'NONE',  ( -1.443741075481483449, -4.420752606073987678, 5.500000000000000888 ) ) ;
#1492 = DIRECTION ( 'NONE',  ( 1.000000000000000000, 6.888341397178440152E-15, -6.982962677686265922E-15 ) ) ;
#1493 = CARTESIAN_POINT ( 'NONE',  ( 1.168395091777576722, -8.212089351660683434, 6.000000000000000000 ) ) ;
#1494 = ORIENTED_EDGE ( 'NONE', *, *, #8427, .T. ) ;
#1495 = CARTESIAN_POINT ( 'NONE',  ( 0.8291676095855388118, -4.204415329704998427, 6.000000000000000000 ) ) ;
#1496 = CARTESIAN_POINT ( 'NONE',  ( -49.00000000000001421, 9.299999999999659650, 2.500000000000330402 ) ) ;
#1497 = CARTESIAN_POINT ( 'NONE',  ( -1.250483333017447629, -4.309916812113450568, 6.000000000000000000 ) ) ;
#1498 = DIRECTION ( 'NONE',  ( 1.000000000000000000, 6.825260543506556042E-15, -6.867314445954479045E-15 ) ) ;
#1499 = CARTESIAN_POINT ( 'NONE',  ( 0.5433044292088544669, -13.14349829996081986, 6.000000000000000000 ) ) ;
#1500 = EDGE_LOOP ( 'NONE', ( #4150, #7705, #7947, #3970 ) ) ;
#1501 = CARTESIAN_POINT ( 'NONE',  ( 1.577853993702490243, -10.53271870109523611, 5.500000000000000000 ) ) ;
#1502 = ORIENTED_EDGE ( 'NONE', *, *, #5793, .T. ) ;
#1503 = CARTESIAN_POINT ( 'NONE',  ( -0.7686358029449814611, -8.825722909607886635, 6.000000000000000000 ) ) ;
#1504 = CARTESIAN_POINT ( 'NONE',  ( -1.715513802654402564, 5.382055846201282634, 6.000000000000000000 ) ) ;
#1505 = CARTESIAN_POINT ( 'NONE',  ( 1.577853993702531765, -16.36605203442857004, 5.500000000000000000 ) ) ;
#1506 = EDGE_CURVE ( 'NONE', #5261, #424, #7541, .T. ) ;
#1507 = DIRECTION ( 'NONE',  ( 1.000000000000000000, 6.715058616684416976E-15, -6.994852725712934581E-15 ) ) ;
#1508 = ORIENTED_EDGE ( 'NONE', *, *, #3012, .F. ) ;
#1509 = CARTESIAN_POINT ( 'NONE',  ( 1.378369055473261495, 5.576706456742188678, 3.000000000000000000 ) ) ;
#1510 = EDGE_LOOP ( 'NONE', ( #6880, #4545, #5853, #3341 ) ) ;
#1511 = DIRECTION ( 'NONE',  ( -6.982962677686265922E-15, -4.876176775795934672E-29, -1.000000000000000000 ) ) ;
#1512 = CARTESIAN_POINT ( 'NONE',  ( 2.125418386480051325, -12.28064928723193461, 5.500000000000000888 ) ) ;
#1513 = CARTESIAN_POINT ( 'NONE',  ( 0.2744391025642382576, -16.04791666666666217, 6.000000000000000000 ) ) ;
#1514 = CARTESIAN_POINT ( 'NONE',  ( 2.270335163401804746, -15.86598747639911977, 5.500000000000000888 ) ) ;
#1515 = ORIENTED_EDGE ( 'NONE', *, *, #1347, .F. ) ;
#1516 = CARTESIAN_POINT ( 'NONE',  ( -1.132667981431175086, -6.547242156572318450, 5.500000000000000000 ) ) ;
#1517 = VERTEX_POINT ( 'NONE', #8179 ) ;
#1518 = CARTESIAN_POINT ( 'NONE',  ( 1.387219551282104835, -4.391266025641018977, 5.500000000000000888 ) ) ;
#1519 = DIRECTION ( 'NONE',  ( -7.888609052210118054E-31, -5.605193857299268284E-45, 1.000000000000000000 ) ) ;
#1520 = CARTESIAN_POINT ( 'NONE',  ( 0.4683319164841044935, -3.258837825034729185, 5.500000000000000000 ) ) ;
#1521 = CIRCLE ( 'NONE', #5917, 1.099999999999996758 ) ;
#1522 = CARTESIAN_POINT ( 'NONE',  ( 1.504068256435534101, -8.392440855827672408, 6.000000000000000888 ) ) ;
#1523 = EDGE_CURVE ( 'NONE', #5159, #1517, #7163, .T. ) ;
#1524 = EDGE_CURVE ( 'NONE', #3128, #6609, #7700, .T. ) ;
#1525 = CARTESIAN_POINT ( 'NONE',  ( 3.066744232185274477, 2.347142611456576766, 6.000000000000000000 ) ) ;
#1526 = ORIENTED_EDGE ( 'NONE', *, *, #6982, .F. ) ;
#1527 = CARTESIAN_POINT ( 'NONE',  ( 1.564963387258349714, -7.405683959984601827, 5.500000000000000000 ) ) ;
#1528 = FACE_OUTER_BOUND ( 'NONE', #3731, .T. ) ;
#1529 = CARTESIAN_POINT ( 'NONE',  ( 3.131316011514056098E-15, 2.799999999999999822, 6.000000000000000000 ) ) ;
#1530 = CARTESIAN_POINT ( 'NONE',  ( -1.893062146606375729, -6.267596856016062645, 5.500000000000000000 ) ) ;
#1531 = CARTESIAN_POINT ( 'NONE',  ( 2.558575852945990103, -11.63324785350845936, 5.999999999999999112 ) ) ;
#1532 = PLANE ( 'NONE',  #1189 ) ;
#1533 = CARTESIAN_POINT ( 'NONE',  ( 1.473523686192287574, 0.4780982048694860098, 3.000000000000000000 ) ) ;
#1534 = AXIS2_PLACEMENT_3D ( 'NONE', #3426, #8496, #4705 ) ;
#1535 = EDGE_LOOP ( 'NONE', ( #2371, #2341, #1573, #4341 ) ) ;
#1536 = LINE ( 'NONE', #6131, #5019 ) ;
#1537 = COLOUR_RGB ( '',0.7921568627450980005, 0.8196078431372548767, 0.9333333333333333481 ) ;
#1538 = EDGE_CURVE ( 'NONE', #2418, #3176, #2637, .T. ) ;
#1539 = CARTESIAN_POINT ( 'NONE',  ( 0.8292723943247524154, -7.287284045895614959, 5.500000000000000000 ) ) ;
#1540 = DIRECTION ( 'NONE',  ( 0.7167035096919981418, 0.6973780030909865202, 7.888609052210117178E-31 ) ) ;
#1541 = CARTESIAN_POINT ( 'NONE',  ( 1.385975296699110570, -9.538414328113615781, 5.500000000000000888 ) ) ;
#1542 = DIRECTION ( 'NONE',  ( 0.04506627997401949082, 0.9989839990757125587, 4.930380657631323236E-32 ) ) ;
#1543 = ORIENTED_EDGE ( 'NONE', *, *, #335, .T. ) ;
#1544 = CARTESIAN_POINT ( 'NONE',  ( 2.490080443816611311, -9.670687507960455065, 5.500000000000000000 ) ) ;
#1545 = VERTEX_POINT ( 'NONE', #7097 ) ;
#1546 = ADVANCED_FACE ( 'NONE', ( #8474 ), #2679, .F. ) ;
#1547 = LINE ( 'NONE', #5317, #5777 ) ;
#1548 = VECTOR ( 'NONE', #5339, 1000.000000000000000 ) ;
#1549 = CARTESIAN_POINT ( 'NONE',  ( 0.05909455128211449360, -5.747435897435900110, 6.000000000000000000 ) ) ;
#1550 = CARTESIAN_POINT ( 'NONE',  ( 2.627430199775223851, -4.979895263726410448, 6.000000000000000000 ) ) ;
#1551 = CARTESIAN_POINT ( 'NONE',  ( 1.473523686192222293, 5.121901795130555435, 6.000000000000000000 ) ) ;
#1552 = EDGE_LOOP ( 'NONE', ( #8302, #1180, #6969, #4524 ) ) ;
#1553 = AXIS2_PLACEMENT_3D ( 'NONE', #3879, #7, #6502 ) ;
#1554 = CARTESIAN_POINT ( 'NONE',  ( 1.406341796260455190, -7.350863593358266890, 6.000000000000000000 ) ) ;
#1555 = CARTESIAN_POINT ( 'NONE',  ( 0.8356852734701435415, -8.184527908934468243, 5.500000000000000000 ) ) ;
#1556 = ORIENTED_EDGE ( 'NONE', *, *, #2639, .F. ) ;
#1557 = ORIENTED_EDGE ( 'NONE', *, *, #6415, .T. ) ;
#1558 = DIRECTION ( 'NONE',  ( 6.961935726462304815E-15, 4.861825333742020699E-29, 1.000000000000000000 ) ) ;
#1559 = EDGE_CURVE ( 'NONE', #1475, #2596, #155, .T. ) ;
#1560 = VECTOR ( 'NONE', #4610, 1000.000000000000000 ) ;
#1561 = DIRECTION ( 'NONE',  ( 6.982962677686265922E-15, 4.876176775795934672E-29, 1.000000000000000000 ) ) ;
#1562 = CARTESIAN_POINT ( 'NONE',  ( 0.2074927377459336586, -9.170874645364621713, 5.500000000000000000 ) ) ;
#1563 = ORIENTED_EDGE ( 'NONE', *, *, #839, .F. ) ;
#1564 = CARTESIAN_POINT ( 'NONE',  ( 1.378369055473339433, 0.02329354325785043187, 3.000000000000000000 ) ) ;
#1565 = ORIENTED_EDGE ( 'NONE', *, *, #3155, .F. ) ;
#1566 = CARTESIAN_POINT ( 'NONE',  ( -20.99999999999982947, -19.50000000000014211, 3.000000000000149214 ) ) ;
#1567 = VECTOR ( 'NONE', #7677, 1000.000000000000000 ) ;
#1568 = VERTEX_POINT ( 'NONE', #3878 ) ;
#1569 = CARTESIAN_POINT ( 'NONE',  ( -0.7433387117994165738, -14.86474320611805133, 6.000000000000000000 ) ) ;
#1570 = AXIS2_PLACEMENT_3D ( 'NONE', #4326, #1067, #5049 ) ;
#1571 = CARTESIAN_POINT ( 'NONE',  ( 1.674621644223545758, -8.627255829527005204, 6.000000000000000888 ) ) ;
#1572 = DIRECTION ( 'NONE',  ( 6.982962677686265922E-15, 4.876176775795934672E-29, 1.000000000000000000 ) ) ;
#1573 = ORIENTED_EDGE ( 'NONE', *, *, #7787, .T. ) ;
#1574 = DIRECTION ( 'NONE',  ( 6.867314445954479045E-15, -1.000000000000000000, -1.751623080406021339E-46 ) ) ;
#1575 = DIRECTION ( 'NONE',  ( -1.000000000000000000, -7.096596038086958767E-15, 6.982962677686304576E-15 ) ) ;
#1576 = CARTESIAN_POINT ( 'NONE',  ( -2.499999999999909406, -9.626642628205145158, 5.500000000000000000 ) ) ;
#1577 = CARTESIAN_POINT ( 'NONE',  ( 3.131316011514062409E-15, 2.799999999999999822, 0.9999999999999991118 ) ) ;
#1578 = CARTESIAN_POINT ( 'NONE',  ( 2.562242602970847383, -11.70475407010890478, 5.500000000000000000 ) ) ;
#1579 = VECTOR ( 'NONE', #7758, 1000.000000000000000 ) ;
#1580 = CARTESIAN_POINT ( 'NONE',  ( 0.6469115696644160973, -4.177896167594634669, 6.000000000000000000 ) ) ;
#1581 = LINE ( 'NONE', #6216, #5662 ) ;
#1582 = AXIS2_PLACEMENT_3D ( 'NONE', #7426, #3093, #2452 ) ;
#1583 = DIRECTION ( 'NONE',  ( 6.867314445954479045E-15, 4.797243844499407540E-29, 1.000000000000000000 ) ) ;
#1584 = DIRECTION ( 'NONE',  ( -6.982962677686265133E-15, 1.000000000000000000, 0.000000000000000000 ) ) ;
#1585 = CARTESIAN_POINT ( 'NONE',  ( 1.668255819642864957, -9.212318206982835989, 6.000000000000000000 ) ) ;
#1586 = CARTESIAN_POINT ( 'NONE',  ( 1.445110554477882614, -14.17708380402264545, 6.000000000000000000 ) ) ;
#1587 = ORIENTED_EDGE ( 'NONE', *, *, #3994, .T. ) ;
#1588 = CARTESIAN_POINT ( 'NONE',  ( 2.624321920909869821, -9.109507562028253957, 6.000000000000000000 ) ) ;
#1589 = VERTEX_POINT ( 'NONE', #656 ) ;
#1590 = EDGE_CURVE ( 'NONE', #6147, #2833, #4407, .T. ) ;
#1591 = CARTESIAN_POINT ( 'NONE',  ( -0.7674176176608846767, -8.875683200060183964, 6.000000000000000000 ) ) ;
#1592 = B_SPLINE_SURFACE_WITH_KNOTS ( 'NONE', 3, 1, ( 
 ( #4516, #7188 ),
 ( #6460, #3319 ),
 ( #8438, #7143 ),
 ( #3195, #621 ),
 ( #8389, #1190 ),
 ( #2647, #1265 ),
 ( #5772, #7792 ),
 ( #1996, #1952 ),
 ( #5905, #4646 ),
 ( #14, #3243 ),
 ( #4608, #1911 ) ),
 .UNSPECIFIED., .F., .F., .F.,
 ( 4, 1, 1, 1, 1, 1, 1, 1, 4 ),
 ( 2, 2 ),
 ( 0.000000000000000000, 0.1282866987618464516, 0.2506491995582647569, 0.3733704039480724712, 0.5006250300408716658, 0.6280306874487195934, 0.7497234130807245434, 0.8728803749276717872, 1.000000000000000000 ),
 ( 0.000000000000000000, 1.000000000000000000 ),
 .UNSPECIFIED. ) ;
#1593 = CIRCLE ( 'NONE', #8441, 0.9499999999999995115 ) ;
#1594 = EDGE_CURVE ( 'NONE', #6335, #865, #1349, .T. ) ;
#1595 = CARTESIAN_POINT ( 'NONE',  ( -1.041652183810082732, -5.650757392627247633, 5.500000000000000000 ) ) ;
#1596 = DIRECTION ( 'NONE',  ( 7.140664811865975012E-15, 4.984807389725283065E-29, 1.000000000000000000 ) ) ;
#1597 = VECTOR ( 'NONE', #7215, 1000.000000000000000 ) ;
#1598 = CARTESIAN_POINT ( 'NONE',  ( 1.729411099374901228, -14.77530424905697615, 5.999999999999999112 ) ) ;
#1599 = EDGE_CURVE ( 'NONE', #782, #4315, #6819, .T. ) ;
#1600 = EDGE_LOOP ( 'NONE', ( #5055, #2152 ) ) ;
#1601 = VECTOR ( 'NONE', #814, 1000.000000000000000 ) ;
#1602 = EDGE_CURVE ( 'NONE', #6369, #5112, #6340, .T. ) ;
#1603 = CARTESIAN_POINT ( 'NONE',  ( 1.477005619848393847, -9.469061039872283203, 5.500000000000000000 ) ) ;
#1604 = CARTESIAN_POINT ( 'NONE',  ( 1.426335598448851050, -6.486072937415531925, 5.500000000000000888 ) ) ;
#1605 = ORIENTED_EDGE ( 'NONE', *, *, #5899, .T. ) ;
#1606 = ORIENTED_EDGE ( 'NONE', *, *, #3179, .F. ) ;
#1607 = DIRECTION ( 'NONE',  ( -7.888609052210119806E-31, -5.605193857299269528E-45, 1.000000000000000000 ) ) ;
#1608 = LINE ( 'NONE', #404, #8443 ) ;
#1609 = VERTEX_POINT ( 'NONE', #691 ) ;
#1610 = CARTESIAN_POINT ( 'NONE',  ( 2.623465986256073634, -14.62128201183739584, 6.000000000000000000 ) ) ;
#1611 = SURFACE_SIDE_STYLE ('',( #1738 ) ) ;
#1612 = ORIENTED_EDGE ( 'NONE', *, *, #6410, .F. ) ;
#1613 = FACE_OUTER_BOUND ( 'NONE', #8375, .T. ) ;
#1614 = ORIENTED_EDGE ( 'NONE', *, *, #6089, .F. ) ;
#1615 = CARTESIAN_POINT ( 'NONE',  ( 3.131316011514062409E-15, 2.799999999999999822, 0.8000000000000003775 ) ) ;
#1616 = FACE_OUTER_BOUND ( 'NONE', #1083, .T. ) ;
#1617 = ORIENTED_EDGE ( 'NONE', *, *, #3406, .T. ) ;
#1618 = EDGE_CURVE ( 'NONE', #4896, #2748, #3751, .T. ) ;
#1619 = DIRECTION ( 'NONE',  ( -6.982962677686265133E-15, 1.000000000000000000, 0.000000000000000000 ) ) ;
#1620 = VERTEX_POINT ( 'NONE', #5527 ) ;
#1621 = DIRECTION ( 'NONE',  ( -7.888609052210119806E-31, -5.508586259044129474E-45, 1.000000000000000000 ) ) ;
#1622 = DIRECTION ( 'NONE',  ( -0.9728446671890147446, 0.2314589672531505715, -7.888609052210117178E-31 ) ) ;
#1623 = CARTESIAN_POINT ( 'NONE',  ( -0.2285027664034000594, -4.145836342792082796, 5.500000000000000888 ) ) ;
#1624 = DIRECTION ( 'NONE',  ( -7.888609052210118054E-31, -5.605193857299268284E-45, 1.000000000000000000 ) ) ;
#1625 = DIRECTION ( 'NONE',  ( 6.888341397178440152E-15, -1.000000000000000000, 6.607368703010305184E-31 ) ) ;
#1626 = CARTESIAN_POINT ( 'NONE',  ( -1.646091130994188800, -5.271597984160343309, 5.500000000000000000 ) ) ;
#1627 = CARTESIAN_POINT ( 'NONE',  ( 1.480210362961308590, -11.63344407891874077, 5.500000000000000000 ) ) ;
#1628 = CARTESIAN_POINT ( 'NONE',  ( 1.350235251940472114, -4.371038190989288807, 6.000000000000000000 ) ) ;
#1629 = CARTESIAN_POINT ( 'NONE',  ( 0.1726739287055863437, 5.544573503177748108, 3.000000000000000000 ) ) ;
#1630 = DIRECTION ( 'NONE',  ( -6.982962677686265922E-15, 1.000000000000000000, 0.000000000000000000 ) ) ;
#1631 = ORIENTED_EDGE ( 'NONE', *, *, #3946, .T. ) ;
#1632 = CARTESIAN_POINT ( 'NONE',  ( 2.592237828190545379, -5.319101991341073976, 5.500000000000000000 ) ) ;
#1633 = ORIENTED_EDGE ( 'NONE', *, *, #4515, .F. ) ;
#1634 = DIRECTION ( 'NONE',  ( -6.982962677686265922E-15, -4.876176775795934672E-29, -1.000000000000000000 ) ) ;
#1635 = DIRECTION ( 'NONE',  ( 6.867314445954479045E-15, 4.797243844499407540E-29, 1.000000000000000000 ) ) ;
#1636 = ORIENTED_EDGE ( 'NONE', *, *, #2475, .T. ) ;
#1637 = CARTESIAN_POINT ( 'NONE',  ( 1.555078288816384768, -15.22477593725594147, 5.999999999999999112 ) ) ;
#1638 = ORIENTED_EDGE ( 'NONE', *, *, #7456, .T. ) ;
#1639 = ADVANCED_FACE ( 'NONE', ( #3652 ), #6271, .T. ) ;
#1640 = CARTESIAN_POINT ( 'NONE',  ( 2.623465986256033666, -8.787948678504067246, 6.000000000000000000 ) ) ;
#1641 = EDGE_CURVE ( 'NONE', #7120, #7255, #2870, .T. ) ;
#1642 = CARTESIAN_POINT ( 'NONE',  ( 0.8910490309017429222, -8.183738561212411611, 6.000000000000000000 ) ) ;
#1643 = ORIENTED_EDGE ( 'NONE', *, *, #5146, .F. ) ;
#1644 = ORIENTED_EDGE ( 'NONE', *, *, #5512, .F. ) ;
#1645 = DIRECTION ( 'NONE',  ( 0.7071067811865522357, -0.7071067811865426878, -4.937700262164529898E-15 ) ) ;
#1646 = ADVANCED_FACE ( 'NONE', ( #6180, #4889 ), #5481, .F. ) ;
#1647 = CARTESIAN_POINT ( 'NONE',  ( -0.7692307692306433742, -14.63465544871795387, 5.500000000000000000 ) ) ;
#1648 = ORIENTED_EDGE ( 'NONE', *, *, #1655, .F. ) ;
#1649 = CARTESIAN_POINT ( 'NONE',  ( -0.5152986151106941914, 0.09871006049609683253, 6.000000000000000000 ) ) ;
#1650 =( LENGTH_UNIT ( ) NAMED_UNIT ( * ) SI_UNIT ( .MILLI., .METRE. ) );
#1651 = ADVANCED_FACE ( 'NONE', ( #344 ), #8107, .T. ) ;
#1652 = ORIENTED_EDGE ( 'NONE', *, *, #1523, .T. ) ;
#1653 = EDGE_LOOP ( 'NONE', ( #6436, #5035, #2793, #8357 ) ) ;
#1654 = CARTESIAN_POINT ( 'NONE',  ( 2.430694294536202005, -4.121493268421118294, 5.500000000000000000 ) ) ;
#1655 = EDGE_CURVE ( 'NONE', #5634, #434, #945, .T. ) ;
#1656 = CARTESIAN_POINT ( 'NONE',  ( -53.89999999999983515, -20.50000000000037659, 3.659733474714287943E-13 ) ) ;
#1657 = ORIENTED_EDGE ( 'NONE', *, *, #4619, .F. ) ;
#1658 = MANIFOLD_SOLID_BREP ( 'Body-Move/Copy5 Rotate to XY plane[5]', #2764 ) ;
#1659 = DIRECTION ( 'NONE',  ( -7.888609052210118054E-31, -5.605193857299268284E-45, 1.000000000000000000 ) ) ;
#1660 = SHAPE_DEFINITION_REPRESENTATION ( #4797, #8384 ) ;
#1661 = ORIENTED_EDGE ( 'NONE', *, *, #104, .T. ) ;
#1662 = CARTESIAN_POINT ( 'NONE',  ( -61.00000000000000711, 5.299999999999573497, 4.155523824830011491E-13 ) ) ;
#1663 = CARTESIAN_POINT ( 'NONE',  ( 32.95000000000010942, -6.599999999999765166, 4.999999999999769962 ) ) ;
#1664 = CARTESIAN_POINT ( 'NONE',  ( 0.9194711538462754241, -14.01666666666665861, 6.000000000000000000 ) ) ;
#1665 = PLANE ( 'NONE',  #4187 ) ;
#1666 = CARTESIAN_POINT ( 'NONE',  ( -60.99999999999984368, -18.50000000000042277, 4.155523824830011996E-13 ) ) ;
#1667 = CARTESIAN_POINT ( 'NONE',  ( 22.55000000000017835, -19.49999999999984013, 2.999999999999848566 ) ) ;
#1668 = EDGE_CURVE ( 'NONE', #3194, #1903, #7976, .T. ) ;
#1669 = CARTESIAN_POINT ( 'NONE',  ( 1.474358974359079699, -11.74102564102563484, 5.500000000000000000 ) ) ;
#1670 = CARTESIAN_POINT ( 'NONE',  ( -47.00000000000009948, 16.69999999999964757, 3.316686928032079729E-13 ) ) ;
#1671 = CARTESIAN_POINT ( 'NONE',  ( 1.842339940676658516, -10.40533511535816302, 6.000000000000000000 ) ) ;
#1672 = CARTESIAN_POINT ( 'NONE',  ( 0.05909455128211449360, -5.747435897435900110, 5.500000000000000888 ) ) ;
#1673 = DIRECTION ( 'NONE',  ( -6.982962677686265922E-15, 1.000000000000000000, -0.000000000000000000 ) ) ;
#1674 = DIRECTION ( 'NONE',  ( -7.888609052210118054E-31, -5.605193857299268284E-45, 1.000000000000000000 ) ) ;
#1675 = EDGE_LOOP ( 'NONE', ( #1933, #4812, #7875, #5910 ) ) ;
#1676 = MANIFOLD_SOLID_BREP ( 'Body-Move/Copy5 Rotate to XY plane[3]', #2894 ) ;
#1677 = CARTESIAN_POINT ( 'NONE',  ( 2.297541534615521908, -5.944085001361783860, 5.500000000000000888 ) ) ;
#1678 = DIRECTION ( 'NONE',  ( 1.000000000000000000, 6.715058616684416976E-15, -6.994852725712934581E-15 ) ) ;
#1679 = VERTEX_POINT ( 'NONE', #1239 ) ;
#1680 = PLANE ( 'NONE',  #3443 ) ;
#1681 = CIRCLE ( 'NONE', #836, 3.100000000000000089 ) ;
#1682 = LINE ( 'NONE', #8206, #5840 ) ;
#1683 = ORIENTED_EDGE ( 'NONE', *, *, #2749, .T. ) ;
#1684 = CYLINDRICAL_SURFACE ( 'NONE', #3929, 3.100000000000000089 ) ;
#1685 = DIRECTION ( 'NONE',  ( -7.888609052210119806E-31, -5.605193857299269528E-45, 1.000000000000000000 ) ) ;
#1686 = CARTESIAN_POINT ( 'NONE',  ( -55.00000000000011369, 23.19999999999961915, 2.500000000000372591 ) ) ;
#1687 = ORIENTED_EDGE ( 'NONE', *, *, #6491, .F. ) ;
#1688 = CIRCLE ( 'NONE', #2226, 3.100000000000000089 ) ;
#1689 = ORIENTED_EDGE ( 'NONE', *, *, #7683, .T. ) ;
#1690 = CARTESIAN_POINT ( 'NONE',  ( -0.7692307692306433742, -14.63465544871795387, 5.999999999999999112 ) ) ;
#1691 = VECTOR ( 'NONE', #285, 1000.000000000000000 ) ;
#1692 = DIRECTION ( 'NONE',  ( 0.6715005319085585178, 0.7410040726247886234, 0.000000000000000000 ) ) ;
#1693 = EDGE_LOOP ( 'NONE', ( #2683, #3796, #4416, #8041 ) ) ;
#1694 = DIRECTION ( 'NONE',  ( -6.982962677686265133E-15, 1.000000000000000000, 0.000000000000000000 ) ) ;
#1695 = DIRECTION ( 'NONE',  ( -6.888341397178440152E-15, 1.000000000000000000, -6.607368703010305184E-31 ) ) ;
#1696 = ORIENTED_EDGE ( 'NONE', *, *, #6354, .F. ) ;
#1697 = ORIENTED_EDGE ( 'NONE', *, *, #4041, .T. ) ;
#1698 = CARTESIAN_POINT ( 'NONE',  ( 3.687478813498472618, 1.250000000000025979, 0.8000000000000007105 ) ) ;
#1699 = VECTOR ( 'NONE', #7785, 1000.000000000000114 ) ;
#1700 = ADVANCED_FACE ( 'NONE', ( #7592 ), #8454, .T. ) ;
#1701 = ADVANCED_FACE ( 'NONE', ( #5090 ), #3691, .T. ) ;
#1702 = CARTESIAN_POINT ( 'NONE',  ( 0.9194711538462342348, -8.183333333333326465, 6.000000000000000888 ) ) ;
#1703 = ORIENTED_EDGE ( 'NONE', *, *, #2648, .T. ) ;
#1704 = VECTOR ( 'NONE', #4004, 999.9999999999998863 ) ;
#1705 = PLANE ( 'NONE',  #8426 ) ;
#1706 = VERTEX_POINT ( 'NONE', #5015 ) ;
#1707 = DIRECTION ( 'NONE',  ( -0.2236320174572654085, -0.9746736483397883122, -1.972152263052529514E-31 ) ) ;
#1708 = EDGE_CURVE ( 'NONE', #518, #3531, #3608, .T. ) ;
#1709 = CARTESIAN_POINT ( 'NONE',  ( -1.715513802654331066, 0.2179441537986691324, 3.000000000000000000 ) ) ;
#1710 = CARTESIAN_POINT ( 'NONE',  ( -2.747231095616744501, 1.363782291128397439, 3.000000000000000000 ) ) ;
#1711 = FACE_OUTER_BOUND ( 'NONE', #4754, .T. ) ;
#1712 = VECTOR ( 'NONE', #2708, 999.9999999999998863 ) ;
#1713 = CARTESIAN_POINT ( 'NONE',  ( -0.07680685473083724568, -4.145201574091094798, 6.000000000000000000 ) ) ;
#1714 = CYLINDRICAL_SURFACE ( 'NONE', #8418, 3.100000000000000089 ) ;
#1715 = CARTESIAN_POINT ( 'NONE',  ( -21.00000000000019895, -19.50000000000014211, -49.99999999999985789 ) ) ;
#1716 = FACE_OUTER_BOUND ( 'NONE', #4651, .T. ) ;
#1717 = VECTOR ( 'NONE', #3487, 1000.000000000000000 ) ;
#1718 = CARTESIAN_POINT ( 'NONE',  ( 0.2535032513423434164, -15.07733527827253184, 5.999999999999999112 ) ) ;
#1719 = CARTESIAN_POINT ( 'NONE',  ( -2.556885336192672664, 1.787657480117097242, 6.000000000000000000 ) ) ;
#1720 = ORIENTED_EDGE ( 'NONE', *, *, #5841, .T. ) ;
#1721 = SURFACE_STYLE_USAGE ( .BOTH. , #4203 ) ;
#1722 = ORIENTED_EDGE ( 'NONE', *, *, #5000, .F. ) ;
#1723 = CARTESIAN_POINT ( 'NONE',  ( -2.499999999999884093, -13.18333333333334956, 6.000000000000000000 ) ) ;
#1724 = VECTOR ( 'NONE', #7799, 1000.000000000000000 ) ;
#1725 = AXIS2_PLACEMENT_3D ( 'NONE', #6860, #8051, #2172 ) ;
#1726 = DIRECTION ( 'NONE',  ( -0.3258489703726049069, 0.9454218362758040062, 0.000000000000000000 ) ) ;
#1727 = CARTESIAN_POINT ( 'NONE',  ( 0.3074683087755569200, -9.317823609062537926, 5.500000000000000888 ) ) ;
#1728 = FACE_OUTER_BOUND ( 'NONE', #919, .T. ) ;
#1729 = CARTESIAN_POINT ( 'NONE',  ( 2.347463941177804880, -8.026479271656114634, 6.000000000000000000 ) ) ;
#1730 = LINE ( 'NONE', #6355, #4963 ) ;
#1731 = ORIENTED_EDGE ( 'NONE', *, *, #7512, .T. ) ;
#1732 = AXIS2_PLACEMENT_3D ( 'NONE', #5707, #6475, #3205 ) ;
#1733 = ORIENTED_EDGE ( 'NONE', *, *, #4774, .F. ) ;
#1734 = CARTESIAN_POINT ( 'NONE',  ( 43.00000000000019895, -19.49999999999969802, 4.999999999999707789 ) ) ;
#1735 = AXIS2_PLACEMENT_3D ( 'NONE', #2065, #3959, #127 ) ;
#1736 = LINE ( 'NONE', #1647, #5144 ) ;
#1737 = EDGE_LOOP ( 'NONE', ( #2978, #564, #5242, #7489 ) ) ;
#1738 = SURFACE_STYLE_FILL_AREA ( #8220 ) ;
#1739 = VERTEX_POINT ( 'NONE', #5835 ) ;
#1740 = ORIENTED_EDGE ( 'NONE', *, *, #6325, .T. ) ;
#1741 = AXIS2_PLACEMENT_3D ( 'NONE', #4243, #8063, #4202 ) ;
#1742 = CARTESIAN_POINT ( 'NONE',  ( -1.389425475054151260, -3.403884835708600676, 5.500000000000000000 ) ) ;
#1743 = EDGE_CURVE ( 'NONE', #6142, #1434, #7032, .T. ) ;
#1744 = CARTESIAN_POINT ( 'NONE',  ( 0.9194711538462342348, -8.183333333333326465, 5.500000000000000888 ) ) ;
#1745 = ORIENTED_EDGE ( 'NONE', *, *, #5731, .T. ) ;
#1746 = CARTESIAN_POINT ( 'NONE',  ( 1.385975296699110570, -9.538414328113615781, 6.000000000000000000 ) ) ;
#1747 = ORIENTED_EDGE ( 'NONE', *, *, #3108, .T. ) ;
#1748 = CYLINDRICAL_SURFACE ( 'NONE', #4441, 3.100000000000001865 ) ;
#1749 = EDGE_CURVE ( 'NONE', #6925, #306, #512, .T. ) ;
#1750 = ADVANCED_FACE ( 'NONE', ( #3129 ), #5129, .T. ) ;
#1751 = CARTESIAN_POINT ( 'NONE',  ( 2.857775769924375098, 1.598701681998529356, 3.000000000000000000 ) ) ;
#1752 = DIRECTION ( 'NONE',  ( -6.982962677686265922E-15, -4.876176775795934672E-29, -1.000000000000000000 ) ) ;
#1753 = CARTESIAN_POINT ( 'NONE',  ( -40.00000000000008527, 23.69999999999971863, 5.000000000000283329 ) ) ;
#1754 = EDGE_CURVE ( 'NONE', #3428, #755, #7245, .T. ) ;
#1755 = CARTESIAN_POINT ( 'NONE',  ( 0.05909455128211449360, -5.747435897435900110, 5.500000000000000888 ) ) ;
#1756 = CARTESIAN_POINT ( 'NONE',  ( -0.7285882378181716135, -9.084207005804646684, 6.000000000000000000 ) ) ;
#1757 = DIRECTION ( 'NONE',  ( -7.888609052210118054E-31, -5.605193857299268284E-45, 1.000000000000000000 ) ) ;
#1758 = CARTESIAN_POINT ( 'NONE',  ( 0.1282051282052543428, -14.70276442307692122, 6.000000000000000000 ) ) ;
#1759 = CARTESIAN_POINT ( 'NONE',  ( 0.9485465016126112259, -8.183816229915271023, 5.500000000000000000 ) ) ;
#1760 = ORIENTED_EDGE ( 'NONE', *, *, #4462, .T. ) ;
#1761 = CARTESIAN_POINT ( 'NONE',  ( 2.297541534615521908, -5.944085001361783860, 6.000000000000000000 ) ) ;
#1762 = VERTEX_POINT ( 'NONE', #1327 ) ;
#1763 =( NAMED_UNIT ( * ) PLANE_ANGLE_UNIT ( ) SI_UNIT ( $, .RADIAN. ) );
#1764 = EDGE_LOOP ( 'NONE', ( #4781, #3939, #4685, #3187 ) ) ;
#1765 = CARTESIAN_POINT ( 'NONE',  ( 25.70000000000006324, -4.249999999999817035, -1.759926938645836296E-13 ) ) ;
#1766 = CARTESIAN_POINT ( 'NONE',  ( -20.99999999999981526, -19.50000000000014211, 5.000000000000150990 ) ) ;
#1767 = CARTESIAN_POINT ( 'NONE',  ( 0.1468519028334876464, -9.021651722480084956, 6.000000000000000000 ) ) ;
#1768 = CARTESIAN_POINT ( 'NONE',  ( 1.066296300295537458, -13.12423900092758267, 5.500000000000000000 ) ) ;
#1769 = DIRECTION ( 'NONE',  ( -7.888609052210118054E-31, -5.508586259044128230E-45, 1.000000000000000000 ) ) ;
#1770 = VERTEX_POINT ( 'NONE', #4700 ) ;
#1771 = ORIENTED_EDGE ( 'NONE', *, *, #7889, .T. ) ;
#1772 = CARTESIAN_POINT ( 'NONE',  ( -15.40000000000010694, 15.09999999999986642, 1.110070721883221215E-13 ) ) ;
#1773 = DIRECTION ( 'NONE',  ( 0.1699168137789590083, -0.9854584092670815032, 1.972152263052529951E-31 ) ) ;
#1774 = ORIENTED_EDGE ( 'NONE', *, *, #400, .T. ) ;
#1775 = LINE ( 'NONE', #1090, #8158 ) ;
#1776 = VERTEX_POINT ( 'NONE', #5959 ) ;
#1777 = ORIENTED_EDGE ( 'NONE', *, *, #6890, .F. ) ;
#1778 = DIRECTION ( 'NONE',  ( -0.2920876579271786677, -0.9563915516599963418, -3.944304526105059903E-31 ) ) ;
#1779 = CARTESIAN_POINT ( 'NONE',  ( -2.747231095616785801, 4.236217708871524046, 2.260366788867223864 ) ) ;
#1780 = CARTESIAN_POINT ( 'NONE',  ( 43.00000000000018474, -19.49999999999969802, 2.999999999999706013 ) ) ;
#1781 = ORIENTED_EDGE ( 'NONE', *, *, #2162, .F. ) ;
#1782 = LINE ( 'NONE', #7104, #6781 ) ;
#1783 = DIRECTION ( 'NONE',  ( 6.982962677686265922E-15, 4.876176775795934672E-29, 1.000000000000000000 ) ) ;
#1784 = DIRECTION ( 'NONE',  ( 6.867314445954479045E-15, 4.797243844499407540E-29, 1.000000000000000000 ) ) ;
#1785 = CARTESIAN_POINT ( 'NONE',  ( -1.728893652486066079, -4.978405171539315610, 6.000000000000000000 ) ) ;
#1786 = EDGE_CURVE ( 'NONE', #6972, #1770, #2235, .T. ) ;
#1787 = DIRECTION ( 'NONE',  ( -7.888609052210118054E-31, -5.605193857299268284E-45, 1.000000000000000000 ) ) ;
#1788 = CARTESIAN_POINT ( 'NONE',  ( 1.962122421163285946, -10.32689930808445133, 6.000000000000000000 ) ) ;
#1789 = CARTESIAN_POINT ( 'NONE',  ( -0.7674176176608846767, -8.875683200060183964, 5.999999999999999112 ) ) ;
#1790 = ORIENTED_EDGE ( 'NONE', *, *, #2110, .T. ) ;
#1791 = CARTESIAN_POINT ( 'NONE',  ( 1.861501712986905366, -7.557718172117372291, 6.000000000000000000 ) ) ;
#1792 = LINE ( 'NONE', #8399, #1814 ) ;
#1793 = CARTESIAN_POINT ( 'NONE',  ( 1.728006989474372368, -8.833098711249498081, 5.500000000000000000 ) ) ;
#1794 = ORIENTED_EDGE ( 'NONE', *, *, #2338, .T. ) ;
#1795 = DIRECTION ( 'NONE',  ( 6.982962677686265922E-15, 4.876176775795934672E-29, 1.000000000000000000 ) ) ;
#1796 = ORIENTED_EDGE ( 'NONE', *, *, #3012, .T. ) ;
#1797 = EDGE_CURVE ( 'NONE', #1833, #7041, #6002, .T. ) ;
#1798 = EDGE_CURVE ( 'NONE', #2373, #8293, #1387, .T. ) ;
#1799 = CARTESIAN_POINT ( 'NONE',  ( 2.218793256249282919, -6.029767119556383115, 6.000000000000000000 ) ) ;
#1800 = VECTOR ( 'NONE', #3471, 1000.000000000000000 ) ;
#1801 = LINE ( 'NONE', #6398, #736 ) ;
#1802 = CARTESIAN_POINT ( 'NONE',  ( 2.053868110614655684, -11.19790628931121113, 5.500000000000000000 ) ) ;
#1803 = CARTESIAN_POINT ( 'NONE',  ( -2.556885336192673108, 1.787657480117097242, 3.000000000000000000 ) ) ;
#1804 = CARTESIAN_POINT ( 'NONE',  ( -1.170893051803905793, 0.3117256057184265572, 6.000000000000000000 ) ) ;
#1805 = ORIENTED_EDGE ( 'NONE', *, *, #2534, .T. ) ;
#1806 = EDGE_CURVE ( 'NONE', #725, #7428, #7161, .T. ) ;
#1807 = EDGE_CURVE ( 'NONE', #6009, #6665, #7849, .T. ) ;
#1808 = VERTEX_POINT ( 'NONE', #5215 ) ;
#1809 = CARTESIAN_POINT ( 'NONE',  ( -0.7285882378181303132, -14.91754033913798061, 5.500000000000000888 ) ) ;
#1810 = VECTOR ( 'NONE', #6693, 1000.000000000000000 ) ;
#1811 = CARTESIAN_POINT ( 'NONE',  ( -3.099320118772017185, 2.735078498361539712, 3.000000000000000000 ) ) ;
#1812 = ORIENTED_EDGE ( 'NONE', *, *, #7879, .F. ) ;
#1813 = FACE_OUTER_BOUND ( 'NONE', #5083, .T. ) ;
#1814 = VECTOR ( 'NONE', #4328, 1000.000000000000000 ) ;
#1815 = CARTESIAN_POINT ( 'NONE',  ( 0.6821968441626133917, -5.717196183774606588, 6.000000000000000000 ) ) ;
#1816 = CARTESIAN_POINT ( 'NONE',  ( 20.21897503240954563, -22.49999999999985434, 2.999999999999864553 ) ) ;
#1817 = ORIENTED_EDGE ( 'NONE', *, *, #4666, .F. ) ;
#1818 = ORIENTED_EDGE ( 'NONE', *, *, #173, .T. ) ;
#1819 = CARTESIAN_POINT ( 'NONE',  ( 2.545562548314476814, 4.569212059821749605, 6.000000000000000000 ) ) ;
#1820 = VECTOR ( 'NONE', #3722, 1000.000000000000000 ) ;
#1821 = CARTESIAN_POINT ( 'NONE',  ( -0.07780449946830836350, -3.247874672647900862, 5.500000000000000888 ) ) ;
#1822 = CARTESIAN_POINT ( 'NONE',  ( 0.6774350997232242433, -8.209685947918528015, 6.000000000000000000 ) ) ;
#1823 = ORIENTED_EDGE ( 'NONE', *, *, #4001, .F. ) ;
#1824 = CARTESIAN_POINT ( 'NONE',  ( -0.4136713454844855864, -13.65908801404339989, 5.500000000000000000 ) ) ;
#1825 = DIRECTION ( 'NONE',  ( 1.000000000000000000, 6.715058616684410666E-15, -6.994852725712927481E-15 ) ) ;
#1826 = VECTOR ( 'NONE', #3398, 1000.000000000000000 ) ;
#1827 = FACE_BOUND ( 'NONE', #2133, .T. ) ;
#1828 = CARTESIAN_POINT ( 'NONE',  ( 0.05909455128211449360, -5.747435897435900110, 6.000000000000000000 ) ) ;
#1829 = VECTOR ( 'NONE', #7492, 1000.000000000000000 ) ;
#1830 = CARTESIAN_POINT ( 'NONE',  ( 1.244758017724588717, -3.364224745499469371, 6.000000000000000000 ) ) ;
#1831 = CARTESIAN_POINT ( 'NONE',  ( 2.608484153170389508, -9.258006217480540201, 6.000000000000000000 ) ) ;
#1832 = CARTESIAN_POINT ( 'NONE',  ( -32.00000000000002132, 12.49999999999977973, 8.111269837221030343 ) ) ;
#1833 = VERTEX_POINT ( 'NONE', #4617 ) ;
#1834 = LINE ( 'NONE', #2521, #6101 ) ;
#1835 = DIRECTION ( 'NONE',  ( -0.08049497598735952386, -0.9967550144548028568, -9.860761315262645378E-32 ) ) ;
#1836 = LINE ( 'NONE', #8488, #5007 ) ;
#1837 = ORIENTED_EDGE ( 'NONE', *, *, #5685, .F. ) ;
#1838 = CARTESIAN_POINT ( 'NONE',  ( 2.131978951687544033, -6.110797700290708789, 5.500000000000000888 ) ) ;
#1839 = EDGE_LOOP ( 'NONE', ( #633, #3130, #2186, #6470 ) ) ;
#1840 = CARTESIAN_POINT ( 'NONE',  ( 1.066296300295537458, -13.12423900092758267, 5.999999999999999112 ) ) ;
#1841 = VECTOR ( 'NONE', #7631, 1000.000000000000000 ) ;
#1842 = ORIENTED_EDGE ( 'NONE', *, *, #8315, .T. ) ;
#1843 = AXIS2_PLACEMENT_3D ( 'NONE', #7351, #230, #6112 ) ;
#1844 = CARTESIAN_POINT ( 'NONE',  ( 1.727140237337606132, -5.026018209334445430, 6.000000000000000000 ) ) ;
#1845 = DIRECTION ( 'NONE',  ( 0.6509997011806765155, 0.7590779861533792916, 7.888609052210117178E-31 ) ) ;
#1846 = CARTESIAN_POINT ( 'NONE',  ( 2.323182634922793532, -11.28262737328012122, 5.500000000000000000 ) ) ;
#1847 = LINE ( 'NONE', #5719, #569 ) ;
#1848 = DIRECTION ( 'NONE',  ( 6.937904925063491558E-15, -1.000000000000000000, 3.146366049052527946E-31 ) ) ;
#1849 = ORIENTED_EDGE ( 'NONE', *, *, #3837, .F. ) ;
#1850 = EDGE_CURVE ( 'NONE', #2330, #3020, #3289, .T. ) ;
#1852 = VERTEX_POINT ( 'NONE', #3419 ) ;
#1851 = PRODUCT_RELATED_PRODUCT_CATEGORY ( 'part', '', ( #8502 ) ) ;
#1853 = AXIS2_PLACEMENT_3D ( 'NONE', #6822, #4967, #1540 ) ;
#1854 = AXIS2_PLACEMENT_3D ( 'NONE', #3752, #7855, #8470 ) ;
#1855 = EDGE_CURVE ( 'NONE', #379, #7481, #1960, .T. ) ;
#1856 = EDGE_CURVE ( 'NONE', #8039, #5825, #2918, .T. ) ;
#1857 = DIRECTION ( 'NONE',  ( 7.888609052210118054E-31, 5.605193857299268284E-45, -1.000000000000000000 ) ) ;
#1858 = ORIENTED_EDGE ( 'NONE', *, *, #6455, .T. ) ;
#1859 = VECTOR ( 'NONE', #1848, 1000.000000000000000 ) ;
#1860 = LINE ( 'NONE', #3229, #3367 ) ;
#1861 = CARTESIAN_POINT ( 'NONE',  ( 1.266980391713545595, -5.579789429292077330, 5.500000000000000888 ) ) ;
#1863 = CYLINDRICAL_SURFACE ( 'NONE', #7692, 0.9499999999999995115 ) ;
#1862 = B_SPLINE_CURVE_WITH_KNOTS ( 'NONE', 3,
 ( #3961, #6576, #2759, #688, #4596, #3305, #5279, #2068, #90, #3995, #5934, #7343, #43, #3, #2674, #3349, #653, #1470, #815 ),
 .UNSPECIFIED., .F., .F.,
 ( 4, 1, 1, 1, 1, 1, 1, 1, 1, 1, 1, 1, 1, 1, 1, 1, 4 ),
 ( 0.000000000000000000, 0.07290044517819349590, 0.1420035572776733868, 0.2092423139433873813, 0.2745916364776390672, 0.3384167658000736822, 0.4016927893975340003, 0.4649339725645671439, 0.5282564202501486283, 0.5906850240741919889, 0.6509338176697216927, 0.7096511349919868428, 0.7671803338107785475, 0.8241642198597889379, 0.8817508553548629724, 0.9399466216156897591, 1.000000000000000000 ),
 .UNSPECIFIED. ) ;
#1864 = ORIENTED_EDGE ( 'NONE', *, *, #7642, .F. ) ;
#1865 = ORIENTED_EDGE ( 'NONE', *, *, #3860, .T. ) ;
#1866 = CARTESIAN_POINT ( 'NONE',  ( -31.99999999999982592, -22.50000000000022027, 2.269242526379139975E-13 ) ) ;
#1867 = CARTESIAN_POINT ( 'NONE',  ( 21.00000000000015987, -19.49999999999985079, -1.431727692794581634E-13 ) ) ;
#1868 = AXIS2_PLACEMENT_3D ( 'NONE', #7526, #361, #1048 ) ;
#1869 = AXIS2_PLACEMENT_3D ( 'NONE', #5319, #5397, #1507 ) ;
#1870 = CARTESIAN_POINT ( 'NONE',  ( -1.795331913733362983, -3.568900437279742821, 5.500000000000000000 ) ) ;
#1871 = FACE_OUTER_BOUND ( 'NONE', #3774, .T. ) ;
#1872 = VERTEX_POINT ( 'NONE', #5381 ) ;
#1873 = CARTESIAN_POINT ( 'NONE',  ( 0.08150322895408114443, -13.28455485334019315, 5.500000000000000000 ) ) ;
#1874 = VECTOR ( 'NONE', #6566, 1000.000000000000000 ) ;
#1875 = DIRECTION ( 'NONE',  ( -7.888609052210118054E-31, -5.605193857299268284E-45, 1.000000000000000000 ) ) ;
#1876 = FACE_BOUND ( 'NONE', #7398, .T. ) ;
#1877 = FACE_BOUND ( 'NONE', #6253, .T. ) ;
#1878 = CARTESIAN_POINT ( 'NONE',  ( 0.8840432797533901432, -3.298239978619769364, 6.000000000000000888 ) ) ;
#1879 = FACE_OUTER_BOUND ( 'NONE', #699, .T. ) ;
#1880 = LINE ( 'NONE', #4480, #2428 ) ;
#1881 = VERTEX_POINT ( 'NONE', #5876 ) ;
#1882 = DIRECTION ( 'NONE',  ( 0.2236320174572653807, 0.9746736483397883122, 1.972152263052529295E-31 ) ) ;
#1883 = CARTESIAN_POINT ( 'NONE',  ( 1.168395091777576722, -8.212089351660683434, 5.500000000000000888 ) ) ;
#1884 = ORIENTED_EDGE ( 'NONE', *, *, #6037, .F. ) ;
#1885 = CARTESIAN_POINT ( 'NONE',  ( 0.2838814083088675999, -6.643440378402961422, 6.000000000000000000 ) ) ;
#1886 = CARTESIAN_POINT ( 'NONE',  ( 1.066296300295537458, -13.12423900092758267, 5.500000000000000000 ) ) ;
#1887 = ORIENTED_EDGE ( 'NONE', *, *, #3009, .T. ) ;
#1888 = DIRECTION ( 'NONE',  ( 6.982962677686265922E-15, 4.876176775795934672E-29, 1.000000000000000000 ) ) ;
#1889 = CARTESIAN_POINT ( 'NONE',  ( -0.7692307692306433742, -14.63465544871795387, 5.500000000000000000 ) ) ;
#1890 = CARTESIAN_POINT ( 'NONE',  ( -0.7692307692306845635, -8.801322115384621725, 5.500000000000000000 ) ) ;
#1891 = ORIENTED_EDGE ( 'NONE', *, *, #3158, .F. ) ;
#1892 = CARTESIAN_POINT ( 'NONE',  ( 1.684428247439253346, -4.699698587307818087, 5.500000000000000000 ) ) ;
#1893 = VERTEX_POINT ( 'NONE', #8491 ) ;
#1894 = FACE_OUTER_BOUND ( 'NONE', #7940, .T. ) ;
#1895 = ADVANCED_FACE ( 'NONE', ( #1364, #713 ), #5303, .T. ) ;
#1896 = CARTESIAN_POINT ( 'NONE',  ( 0.2744391025642382020, -16.04791666666666217, 5.500000000000000888 ) ) ;
#1897 = EDGE_CURVE ( 'NONE', #4446, #855, #7580, .T. ) ;
#1898 = ORIENTED_EDGE ( 'NONE', *, *, #3580, .T. ) ;
#1899 = LINE ( 'NONE', #483, #7754 ) ;
#1900 = CARTESIAN_POINT ( 'NONE',  ( 1.147458232311274529, -5.623305372090624310, 5.500000000000000888 ) ) ;
#1901 = FACE_OUTER_BOUND ( 'NONE', #3151, .T. ) ;
#1902 = VERTEX_POINT ( 'NONE', #1533 ) ;
#1903 = VERTEX_POINT ( 'NONE', #1667 ) ;
#1904 = CARTESIAN_POINT ( 'NONE',  ( -2.626000817718353364, -5.027400475744353336, 5.500000000000000000 ) ) ;
#1905 = DIRECTION ( 'NONE',  ( 1.000000000000000000, 6.715058616684402777E-15, -6.982962677686256455E-15 ) ) ;
#1906 = EDGE_CURVE ( 'NONE', #6178, #4446, #6864, .T. ) ;
#1907 = EDGE_CURVE ( 'NONE', #4028, #779, #4100, .T. ) ;
#1908 = CARTESIAN_POINT ( 'NONE',  ( -48.99999999999981526, -22.50000000000034106, 3.317568303507659991E-13 ) ) ;
#1909 = LINE ( 'NONE', #5733, #741 ) ;
#1910 = ORIENTED_EDGE ( 'NONE', *, *, #958, .T. ) ;
#1911 = CARTESIAN_POINT ( 'NONE',  ( 1.474358974359079699, -11.74102564102563484, 5.999999999999999112 ) ) ;
#1912 = B_SPLINE_CURVE_WITH_KNOTS ( 'NONE', 3,
 ( #760, #5256, #2738, #3286, #2044, #3378, #2613, #6721, #3330, #3417, #2130 ),
 .UNSPECIFIED., .F., .F.,
 ( 4, 1, 1, 1, 1, 1, 1, 1, 4 ),
 ( 0.000000000000000000, 0.1323140339085642492, 0.2587000085531551141, 0.3809118214856536677, 0.5005348689728935652, 0.6209226176484483606, 0.7423757653984728311, 0.8682808341788563755, 1.000000000000000000 ),
 .UNSPECIFIED. ) ;
#1913 = ADVANCED_FACE ( 'NONE', ( #5473 ), #5431, .T. ) ;
#1914 = CARTESIAN_POINT ( 'NONE',  ( -39.89999999999982094, -19.50000000000027711, 3.000000000000281108 ) ) ;
#1915 = CARTESIAN_POINT ( 'NONE',  ( -2.627560337175887994, -4.917738217671182355, 6.000000000000000000 ) ) ;
#1916 = CARTESIAN_POINT ( 'NONE',  ( -1.730769230769173106, -4.939142628205143382, 6.000000000000000000 ) ) ;
#1917 = CARTESIAN_POINT ( 'NONE',  ( 1.727140237337606132, -5.026018209334445430, 5.500000000000000000 ) ) ;
#1918 = CARTESIAN_POINT ( 'NONE',  ( -0.7692307692306845635, -8.801322115384621725, 5.500000000000000000 ) ) ;
#1919 = ORIENTED_EDGE ( 'NONE', *, *, #6004, .T. ) ;
#1920 = CARTESIAN_POINT ( 'NONE',  ( 1.260883593534947167, 5.631990918692078907, 6.000000000000000000 ) ) ;
#1921 = CARTESIAN_POINT ( 'NONE',  ( -0.2757453482545741963, -6.642321199705596868, 5.500000000000000000 ) ) ;
#1922 = CARTESIAN_POINT ( 'NONE',  ( 1.504068256435534101, -8.392440855827672408, 5.500000000000000888 ) ) ;
#1923 = EDGE_LOOP ( 'NONE', ( #2307, #3381, #3975, #5133 ) ) ;
#1924 = LINE ( 'NONE', #8452, #6668 ) ;
#1925 = CARTESIAN_POINT ( 'NONE',  ( 1.577853993702531765, -16.36605203442857004, 6.000000000000000000 ) ) ;
#1926 = EDGE_CURVE ( 'NONE', #1620, #855, #7454, .T. ) ;
#1927 = ORIENTED_EDGE ( 'NONE', *, *, #1926, .T. ) ;
#1928 = FACE_OUTER_BOUND ( 'NONE', #3228, .T. ) ;
#1929 = DIRECTION ( 'NONE',  ( 0.2920876579271787232, 0.9563915516599963418, 3.944304526105059027E-31 ) ) ;
#1930 = DIRECTION ( 'NONE',  ( -0.9998424674825473479, 0.01774937233851449359, -7.888609052210117178E-31 ) ) ;
#1931 = DIRECTION ( 'NONE',  ( -7.888609052210118054E-31, -5.605193857299268284E-45, 1.000000000000000000 ) ) ;
#1932 = CARTESIAN_POINT ( 'NONE',  ( 0.1292793429747762513, -14.63320976635188764, 6.000000000000000000 ) ) ;
#1933 = ORIENTED_EDGE ( 'NONE', *, *, #5569, .F. ) ;
#1934 = CARTESIAN_POINT ( 'NONE',  ( 1.645994864032787497, -4.628348987521022195, 6.000000000000000888 ) ) ;
#1935 = ORIENTED_EDGE ( 'NONE', *, *, #5893, .F. ) ;
#1936 = CARTESIAN_POINT ( 'NONE',  ( 3.131316011514059253E-15, 2.799999999999999822, 3.000000000000000000 ) ) ;
#1937 = PLANE ( 'NONE',  #5372 ) ;
#1938 = CARTESIAN_POINT ( 'NONE',  ( -1.666666666666551055, -13.18333333333334423, 6.000000000000000000 ) ) ;
#1939 = ORIENTED_EDGE ( 'NONE', *, *, #4451, .T. ) ;
#1940 = CARTESIAN_POINT ( 'NONE',  ( 23.99999999999973355, 23.70000000000016627, -22.50000000000016342 ) ) ;
#1941 = CARTESIAN_POINT ( 'NONE',  ( 1.589700238839736324, -5.336959360999038893, 5.500000000000000000 ) ) ;
#1942 = LINE ( 'NONE', #3830, #1397 ) ;
#1943 = VECTOR ( 'NONE', #7733, 1000.000000000000114 ) ;
#1944 = VERTEX_POINT ( 'NONE', #7407 ) ;
#1945 = CARTESIAN_POINT ( 'NONE',  ( -2.365500341773639104, -5.844165852873457467, 5.500000000000000888 ) ) ;
#1946 = DIRECTION ( 'NONE',  ( -7.888609052210118054E-31, -5.605193857299268284E-45, 1.000000000000000000 ) ) ;
#1947 = AXIS2_PLACEMENT_3D ( 'NONE', #5012, #8235, #3813 ) ;
#1948 = LINE ( 'NONE', #618, #5115 ) ;
#1949 = DIRECTION ( 'NONE',  ( -1.000000000000000000, -6.715058616684416976E-15, 6.854955671198676173E-15 ) ) ;
#1950 = ORIENTED_EDGE ( 'NONE', *, *, #1295, .T. ) ;
#1951 = DIRECTION ( 'NONE',  ( 6.982962677686263555E-15, -1.000000000000000000, 0.000000000000000000 ) ) ;
#1952 = CARTESIAN_POINT ( 'NONE',  ( 1.509441271321872557, -11.95164009611350941, 6.000000000000000000 ) ) ;
#1953 = EDGE_CURVE ( 'NONE', #2926, #139, #1581, .T. ) ;
#1954 = CARTESIAN_POINT ( 'NONE',  ( -2.117546881683954219, -3.783270413784029618, 6.000000000000000000 ) ) ;
#1955 = PRESENTATION_LAYER_ASSIGNMENT (  '', '', ( #5652 ) ) ;
#1956 = ADVANCED_FACE ( 'NONE', ( #6766 ), #331, .T. ) ;
#1957 = CARTESIAN_POINT ( 'NONE',  ( 2.527555743674612110, -4.325698719819643934, 6.000000000000000888 ) ) ;
#1958 = EDGE_CURVE ( 'NONE', #5859, #6238, #6079, .T. ) ;
#1959 = B_SPLINE_CURVE_WITH_KNOTS ( 'NONE', 3,
 ( #2997, #1713, #3034, #8276, #4237, #2272, #6984, #5651, #2398, #976, #7630, #1104, #6384, #8145, #7752, #7873, #1231, #8482, #1916 ),
 .UNSPECIFIED., .F., .F.,
 ( 4, 1, 1, 1, 1, 1, 1, 1, 1, 1, 1, 1, 1, 1, 1, 1, 4 ),
 ( 0.000000000000000000, 0.1121189577322309200, 0.2158098539625156187, 0.3102142080600072682, 0.3960076258587223452, 0.4734278052872866738, 0.5427985700809889735, 0.6045704650941846614, 0.6593817431227548820, 0.7087906733763352785, 0.7553835472296086540, 0.7987166436891676158, 0.8404257596978478295, 0.8801989997644277253, 0.9197303684836828364, 0.9590470856505567410, 1.000000000000000000 ),
 .UNSPECIFIED. ) ;
#1960 = CIRCLE ( 'NONE', #3191, 3.100000000000000089 ) ;
#1961 = FACE_OUTER_BOUND ( 'NONE', #7319, .T. ) ;
#1962 = CARTESIAN_POINT ( 'NONE',  ( -2.626000817718353364, -5.027400475744353336, 5.999999999999999112 ) ) ;
#1963 = ORIENTED_EDGE ( 'NONE', *, *, #7151, .F. ) ;
#1964 = CARTESIAN_POINT ( 'NONE',  ( 2.347463941177804880, -8.026479271656114634, 5.999999999999999112 ) ) ;
#1965 = CARTESIAN_POINT ( 'NONE',  ( 0.5433044292088131666, -7.310164966627487715, 6.000000000000000000 ) ) ;
#1966 = EDGE_LOOP ( 'NONE', ( #5591, #3488, #5298, #1240 ) ) ;
#1967 = CARTESIAN_POINT ( 'NONE',  ( 2.628205128205255203, -14.79090544871792723, 6.000000000000000000 ) ) ;
#1968 = ORIENTED_EDGE ( 'NONE', *, *, #5146, .T. ) ;
#1969 = CIRCLE ( 'NONE', #7443, 1.449999999999999956 ) ;
#1970 = CARTESIAN_POINT ( 'NONE',  ( -1.170893051803905571, 0.3117256057184265572, 3.000000000000000000 ) ) ;
#1971 = FACE_OUTER_BOUND ( 'NONE', #3795, .T. ) ;
#1972 = CIRCLE ( 'NONE', #7996, 1.099999999999996758 ) ;
#1973 = CARTESIAN_POINT ( 'NONE',  ( 1.711597901696619850, -4.775640344237395141, 5.500000000000000000 ) ) ;
#1974 = EDGE_LOOP ( 'NONE', ( #3403, #7505, #3785, #7647 ) ) ;
#1975 = CARTESIAN_POINT ( 'NONE',  ( 1.730769230769288347, -4.939142628205118513, 5.500000000000000000 ) ) ;
#1976 = VERTEX_POINT ( 'NONE', #3507 ) ;
#1977 = CARTESIAN_POINT ( 'NONE',  ( 0.4477163461539355738, -9.459374999999997868, 6.000000000000000000 ) ) ;
#1978 = VECTOR ( 'NONE', #4104, 1000.000000000000000 ) ;
#1979 = DIRECTION ( 'NONE',  ( -7.888609052210118054E-31, -5.605193857299268284E-45, 1.000000000000000000 ) ) ;
#1980 = DIRECTION ( 'NONE',  ( -6.982962677686265922E-15, -4.876176775795934672E-29, -1.000000000000000000 ) ) ;
#1981 = CARTESIAN_POINT ( 'NONE',  ( 3.131316011514059253E-15, 2.799999999999999822, 3.000000000000000000 ) ) ;
#1982 = CARTESIAN_POINT ( 'NONE',  ( 1.367476753227667707, -5.525228678014316941, 6.000000000000000000 ) ) ;
#1983 = CARTESIAN_POINT ( 'NONE',  ( 1.568365608699826552, -6.437343708424839939, 5.500000000000000000 ) ) ;
#1984 = EDGE_LOOP ( 'NONE', ( #6091, #5567, #6098, #2927 ) ) ;
#1985 = AXIS2_PLACEMENT_3D ( 'NONE', #5173, #1757, #419 ) ;
#1986 = PRESENTATION_LAYER_ASSIGNMENT (  '', '', ( #3082 ) ) ;
#1987 = ORIENTED_EDGE ( 'NONE', *, *, #6207, .T. ) ;
#1988 = CARTESIAN_POINT ( 'NONE',  ( 0.4065742163339936543, -8.335139532048970068, 5.500000000000000888 ) ) ;
#1989 = CARTESIAN_POINT ( 'NONE',  ( 1.712555667977651908, -12.19813672834541052, 5.500000000000000000 ) ) ;
#1990 = CIRCLE ( 'NONE', #2126, 3.100000000000000089 ) ;
#1991 = AXIS2_PLACEMENT_3D ( 'NONE', #7122, #3134, #5796 ) ;
#1992 = CARTESIAN_POINT ( 'NONE',  ( 0.1282051282052131813, -8.869431089743589069, 5.500000000000000888 ) ) ;
#1993 = ORIENTED_EDGE ( 'NONE', *, *, #576, .F. ) ;
#1994 = CARTESIAN_POINT ( 'NONE',  ( -17.00000000000009948, 16.69999999999984652, 1.221798124726199968E-13 ) ) ;
#1995 = VERTEX_POINT ( 'NONE', #883 ) ;
#1996 = CARTESIAN_POINT ( 'NONE',  ( 1.509441271321872557, -11.95164009611350941, 5.500000000000000888 ) ) ;
#1997 = CIRCLE ( 'NONE', #4454, 1.099999999999996758 ) ;
#1998 = CARTESIAN_POINT ( 'NONE',  ( -33.10000000000007248, 12.49999999999977263, 2.346055115833688530E-13 ) ) ;
#1999 = VECTOR ( 'NONE', #3382, 1000.000000000000000 ) ;
#2000 = EDGE_CURVE ( 'NONE', #4291, #5068, #977, .T. ) ;
#2001 = CARTESIAN_POINT ( 'NONE',  ( -60.99999999999982236, -18.50000000000042277, 2.500000000000414335 ) ) ;
#2002 = ADVANCED_FACE ( 'NONE', ( #4746 ), #8055, .T. ) ;
#2003 = AXIS2_PLACEMENT_3D ( 'NONE', #7050, #7854, #607 ) ;
#2004 = ADVANCED_FACE ( 'NONE', ( #4319 ), #1103, .F. ) ;
#2005 = DIRECTION ( 'NONE',  ( 1.000000000000000000, 6.391086490440871606E-15, -7.304098846218139203E-15 ) ) ;
#2006 = CARTESIAN_POINT ( 'NONE',  ( 0.2148964409209754012, -14.37842260403748185, 5.500000000000000000 ) ) ;
#2007 = ORIENTED_EDGE ( 'NONE', *, *, #4515, .T. ) ;
#2008 = CARTESIAN_POINT ( 'NONE',  ( 2.434258557892062580, -8.165404252283305908, 5.500000000000000000 ) ) ;
#2009 = FACE_OUTER_BOUND ( 'NONE', #4174, .T. ) ;
#2010 = DIRECTION ( 'NONE',  ( 6.982962677686265922E-15, 4.876176775795934672E-29, 1.000000000000000000 ) ) ;
#2011 = ORIENTED_EDGE ( 'NONE', *, *, #2640, .T. ) ;
#2012 = DIRECTION ( 'NONE',  ( 7.013817443069253975E-15, -1.000000000000000000, -1.936514030829103434E-31 ) ) ;
#2013 = CARTESIAN_POINT ( 'NONE',  ( 2.628205128205255203, -14.79090544871792723, 6.000000000000000000 ) ) ;
#2014 = VERTEX_POINT ( 'NONE', #3806 ) ;
#2015 = VECTOR ( 'NONE', #8278, 1000.000000000000000 ) ;
#2016 = ADVANCED_FACE ( 'NONE', ( #1877, #1711 ), #5775, .T. ) ;
#2017 = LINE ( 'NONE', #7164, #5554 ) ;
#2018 = CARTESIAN_POINT ( 'NONE',  ( -0.7692307692306844524, -8.801322115384619948, 6.000000000000000000 ) ) ;
#2019 = FACE_OUTER_BOUND ( 'NONE', #6290, .T. ) ;
#2020 = CARTESIAN_POINT ( 'NONE',  ( -0.5084190896581688435, -13.77813632416300038, 6.000000000000000000 ) ) ;
#2021 = ORIENTED_EDGE ( 'NONE', *, *, #1506, .T. ) ;
#2022 = DIRECTION ( 'NONE',  ( -6.982962677686265922E-15, 1.000000000000000000, -0.000000000000000000 ) ) ;
#2023 = ORIENTED_EDGE ( 'NONE', *, *, #2529, .T. ) ;
#2024 = DIRECTION ( 'NONE',  ( -1.000000000000000000, -6.308085367188407793E-15, 6.982962677686258822E-15 ) ) ;
#2025 = CARTESIAN_POINT ( 'NONE',  ( 1.577853993702531765, -16.36605203442857004, 5.999999999999999112 ) ) ;
#2026 = CARTESIAN_POINT ( 'NONE',  ( -20.99999999999982947, -19.50000000000014211, 3.000000000000149214 ) ) ;
#2027 = EDGE_LOOP ( 'NONE', ( #867, #6442, #7232, #6586 ) ) ;
#2028 = DIRECTION ( 'NONE',  ( -7.888609052210118054E-31, -5.605193857299268284E-45, 1.000000000000000000 ) ) ;
#2029 = VERTEX_POINT ( 'NONE', #1753 ) ;
#2030 = EDGE_LOOP ( 'NONE', ( #7447, #680, #6347, #3306, #8119, #5091, #952, #4597, #4849, #1225, #8329, #5088, #7519, #1887 ) ) ;
#2031 = CARTESIAN_POINT ( 'NONE',  ( 0.1292793429747352285, -8.799876433018562594, 5.500000000000000888 ) ) ;
#2032 = DIRECTION ( 'NONE',  ( -6.982962677686265922E-15, -4.876176775795934672E-29, -1.000000000000000000 ) ) ;
#2033 = DIRECTION ( 'NONE',  ( -6.982962677686265922E-15, 1.000000000000000000, 0.000000000000000000 ) ) ;
#2034 = CARTESIAN_POINT ( 'NONE',  ( -1.730769230769173106, -4.939142628205143382, 5.500000000000000888 ) ) ;
#2035 = EDGE_LOOP ( 'NONE', ( #4072, #5682, #6476, #928 ) ) ;
#2036 = DIRECTION ( 'NONE',  ( -1.000000000000000000, -6.982962677686265922E-15, -7.888609052210118054E-31 ) ) ;
#2037 = CARTESIAN_POINT ( 'NONE',  ( 3.131316011514059253E-15, 2.799999999999999822, 3.000000000000000000 ) ) ;
#2038 = CARTESIAN_POINT ( 'NONE',  ( -2.562864058206675733, -4.468320378207510046, 6.000000000000000000 ) ) ;
#2039 = CARTESIAN_POINT ( 'NONE',  ( 2.627448061714548810, -4.890375083862992689, 6.000000000000000888 ) ) ;
#2040 = CARTESIAN_POINT ( 'NONE',  ( 1.260883593534946945, 5.631990918692079795, 3.000000000000000000 ) ) ;
#2041 = CARTESIAN_POINT ( 'NONE',  ( 1.806694633951519302, -11.23331379798186092, 5.500000000000000000 ) ) ;
#2042 = ORIENTED_EDGE ( 'NONE', *, *, #1538, .F. ) ;
#2043 = CARTESIAN_POINT ( 'NONE',  ( -0.7433387117994165738, -14.86474320611805133, 5.500000000000000000 ) ) ;
#2044 = CARTESIAN_POINT ( 'NONE',  ( -2.365500341773639104, -5.844165852873457467, 6.000000000000000000 ) ) ;
#2045 = ORIENTED_EDGE ( 'NONE', *, *, #2844, .F. ) ;
#2046 = CARTESIAN_POINT ( 'NONE',  ( 1.426335598448851050, -6.486072937415531925, 5.500000000000000888 ) ) ;
#2047 = CARTESIAN_POINT ( 'NONE',  ( 2.490080443816653055, -15.50402084129378899, 6.000000000000000000 ) ) ;
#2048 = ORIENTED_EDGE ( 'NONE', *, *, #7730, .T. ) ;
#2049 = EDGE_CURVE ( 'NONE', #4804, #6556, #8231, .T. ) ;
#2050 = CARTESIAN_POINT ( 'NONE',  ( -22.54999999999982663, -19.50000000000015277, 3.000000000000159872 ) ) ;
#2051 = CARTESIAN_POINT ( 'NONE',  ( -0.7069070778344852535, -8.343235463022928400, 5.500000000000000888 ) ) ;
#2052 = CARTESIAN_POINT ( 'NONE',  ( -0.07680685473083724568, -4.145201574091094798, 5.500000000000000888 ) ) ;
#2053 = ADVANCED_FACE ( 'NONE', ( #3075 ), #2396, .T. ) ;
#2054 = DIRECTION ( 'NONE',  ( 1.000000000000000000, 6.888341397178440152E-15, -6.982962677686265922E-15 ) ) ;
#2055 = CARTESIAN_POINT ( 'NONE',  ( -0.7428130999804779533, -14.32337452005882383, 6.000000000000000000 ) ) ;
#2056 = VERTEX_POINT ( 'NONE', #4433 ) ;
#2057 = CARTESIAN_POINT ( 'NONE',  ( 1.728309638461676068, -4.855944966455037815, 5.500000000000000000 ) ) ;
#2058 = ORIENTED_EDGE ( 'NONE', *, *, #4561, .F. ) ;
#2059 = EDGE_CURVE ( 'NONE', #3817, #1263, #7064, .T. ) ;
#2060 = CARTESIAN_POINT ( 'NONE',  ( 1.282051282051413166, -15.42692307692306564, 5.500000000000000888 ) ) ;
#2061 = B_SPLINE_SURFACE_WITH_KNOTS ( 'NONE', 3, 1, ( 
 ( #4398, #1198 ),
 ( #3080, #4525 ),
 ( #2444, #3768 ),
 ( #5705, #3812 ),
 ( #5784, #5050 ),
 ( #8398, #584 ),
 ( #6987, #7669 ),
 ( #1069, #1791 ),
 ( #5996, #7155 ),
 ( #109, #6596 ),
 ( #8005, #5299 ),
 ( #2736, #1964 ),
 ( #2008, #5335 ),
 ( #7957, #2086 ),
 ( #794, #147 ),
 ( #3414, #6032 ),
 ( #3896, #5911 ),
 ( #7197, #6515 ),
 ( #8486, #21 ) ),
 .UNSPECIFIED., .F., .F., .F.,
 ( 4, 1, 1, 1, 1, 1, 1, 1, 1, 1, 1, 1, 1, 1, 1, 1, 4 ),
 ( 2, 2 ),
 ( 0.000000000000000000, 0.06675771127909888025, 0.1317324785734523551, 0.1948167910261858204, 0.2570269751173335226, 0.3187274376799378306, 0.3803299566842556212, 0.4433052533380152371, 0.5074457357281488834, 0.5714909223970685570, 0.6333486697152077571, 0.6939309794721829627, 0.7539203747855195425, 0.8137951195536999860, 0.8745193245299823781, 0.9362197870925862420, 1.000000000000000000 ),
 ( 0.000000000000000000, 1.000000000000000000 ),
 .UNSPECIFIED. ) ;
#2062 = EDGE_CURVE ( 'NONE', #2610, #816, #1063, .T. ) ;
#2063 = DIRECTION ( 'NONE',  ( 6.982962677686265922E-15, 4.876176775795934672E-29, 1.000000000000000000 ) ) ;
#2064 = DIRECTION ( 'NONE',  ( -7.888609052210118054E-31, -5.605193857299268284E-45, 1.000000000000000000 ) ) ;
#2065 = CARTESIAN_POINT ( 'NONE',  ( 43.00000000000018474, -19.49999999999969802, 2.999999999999706013 ) ) ;
#2066 = EDGE_CURVE ( 'NONE', #654, #7590, #7583, .T. ) ;
#2067 = EDGE_CURVE ( 'NONE', #2879, #3182, #6424, .T. ) ;
#2068 = CARTESIAN_POINT ( 'NONE',  ( 0.4694579632508651956, -14.12931102188495913, 6.000000000000000000 ) ) ;
#2069 = ORIENTED_EDGE ( 'NONE', *, *, #7257, .T. ) ;
#2070 = ORIENTED_EDGE ( 'NONE', *, *, #796, .T. ) ;
#2071 = CARTESIAN_POINT ( 'NONE',  ( -3.687478813498444197, 1.249999999999974465, 0.8000000000000000444 ) ) ;
#2072 = DIRECTION ( 'NONE',  ( -7.888609052210118054E-31, -5.605193857299268284E-45, 1.000000000000000000 ) ) ;
#2073 = EDGE_CURVE ( 'NONE', #130, #6745, #669, .T. ) ;
#2074 = VECTOR ( 'NONE', #3390, 1000.000000000000000 ) ;
#2075 = DIRECTION ( 'NONE',  ( 1.000000000000000000, 6.715058616684416976E-15, -6.994852725712934581E-15 ) ) ;
#2076 = ORIENTED_EDGE ( 'NONE', *, *, #3903, .T. ) ;
#2077 = DIRECTION ( 'NONE',  ( -7.888609052210118054E-31, -5.605193857299268284E-45, 1.000000000000000000 ) ) ;
#2078 = CARTESIAN_POINT ( 'NONE',  ( 42.21897503240953142, -22.49999999999970512, 2.999999999999711342 ) ) ;
#2079 = CARTESIAN_POINT ( 'NONE',  ( 2.427699548837081611, -9.796941760483933948, 5.500000000000000000 ) ) ;
#2080 = AXIS2_PLACEMENT_3D ( 'NONE', #3231, #5764, #8378 ) ;
#2081 = CARTESIAN_POINT ( 'NONE',  ( 1.445110554477841314, -8.343750470689315080, 6.000000000000000000 ) ) ;
#2082 = DIRECTION ( 'NONE',  ( -6.982962677686265922E-15, -4.876176775795934672E-29, -1.000000000000000000 ) ) ;
#2083 = CARTESIAN_POINT ( 'NONE',  ( 1.480210362961308590, -11.63344407891874077, 5.500000000000000000 ) ) ;
#2084 = ORIENTED_EDGE ( 'NONE', *, *, #2224, .T. ) ;
#2085 = CARTESIAN_POINT ( 'NONE',  ( 2.244321669889776771, -7.894643545919691086, 5.500000000000000888 ) ) ;
#2086 = CARTESIAN_POINT ( 'NONE',  ( 2.504402971497370345, -8.311425980912378719, 6.000000000000000000 ) ) ;
#2087 = CARTESIAN_POINT ( 'NONE',  ( 0.5169831148199648396, -0.2565877149185573081, 6.000000000000000000 ) ) ;
#2088 = AXIS2_PLACEMENT_3D ( 'NONE', #567, #5197, #5282 ) ;
#2089 = PLANE ( 'NONE',  #2777 ) ;
#2090 = CARTESIAN_POINT ( 'NONE',  ( 0.8884214743590482799, -7.285897435897429553, 5.500000000000000888 ) ) ;
#2091 = DIRECTION ( 'NONE',  ( 1.000000000000000000, 6.982962677686265922E-15, 7.888609052210118054E-31 ) ) ;
#2092 = CARTESIAN_POINT ( 'NONE',  ( 2.626608055058718971, -14.73374298366200819, 5.500000000000000888 ) ) ;
#2093 = ORIENTED_EDGE ( 'NONE', *, *, #1708, .T. ) ;
#2094 = CARTESIAN_POINT ( 'NONE',  ( -0.7656110130113432666, -14.47668696563096447, 5.500000000000000000 ) ) ;
#2095 = CARTESIAN_POINT ( 'NONE',  ( 1.925558118862735757, 5.229449717710127565, 3.000000000000000000 ) ) ;
#2096 = CARTESIAN_POINT ( 'NONE',  ( 0.7132979613540875174, -13.12333612495073076, 6.000000000000000000 ) ) ;
#2097 = ORIENTED_EDGE ( 'NONE', *, *, #1797, .T. ) ;
#2098 = CARTESIAN_POINT ( 'NONE',  ( 2.490080443816611311, -9.670687507960455065, 5.999999999999999112 ) ) ;
#2099 = ORIENTED_EDGE ( 'NONE', *, *, #4948, .F. ) ;
#2100 = DIRECTION ( 'NONE',  ( 6.867314445954479045E-15, 4.797243844499407540E-29, 1.000000000000000000 ) ) ;
#2101 = EDGE_CURVE ( 'NONE', #3801, #473, #7108, .T. ) ;
#2102 = VECTOR ( 'NONE', #1261, 1000.000000000000000 ) ;
#2103 = CARTESIAN_POINT ( 'NONE',  ( 2.354002799544623770, -15.75104495238606184, 6.000000000000000000 ) ) ;
#2104 = CARTESIAN_POINT ( 'NONE',  ( -54.99999999999983658, -20.50000000000038369, 3.736546064168836498E-13 ) ) ;
#2105 = EDGE_CURVE ( 'NONE', #3546, #1275, #1159, .T. ) ;
#2106 = EDGE_CURVE ( 'NONE', #1129, #315, #7914, .T. ) ;
#2107 = CARTESIAN_POINT ( 'NONE',  ( 32.94999999999992468, 21.20000000000023377, 4.999999999999769962 ) ) ;
#2108 = ORIENTED_EDGE ( 'NONE', *, *, #6830, .T. ) ;
#2109 = EDGE_LOOP ( 'NONE', ( #2253, #8215, #3469, #4991 ) ) ;
#2110 = EDGE_CURVE ( 'NONE', #4971, #7621, #3399, .T. ) ;
#2111 = FACE_BOUND ( 'NONE', #4980, .T. ) ;
#2112 = AXIS2_PLACEMENT_3D ( 'NONE', #3444, #6023, #183 ) ;
#2113 = CARTESIAN_POINT ( 'NONE',  ( -2.628205128205070018, -4.961177884615405986, 5.500000000000000000 ) ) ;
#2114 = ORIENTED_EDGE ( 'NONE', *, *, #2296, .T. ) ;
#2115 = CARTESIAN_POINT ( 'NONE',  ( 2.564102564102670012, -11.74102564102562773, 6.000000000000000000 ) ) ;
#2116 = CARTESIAN_POINT ( 'NONE',  ( -11.00000000000013145, 22.49999999999992895, 3.000000000000000000 ) ) ;
#2117 = PLANE ( 'NONE',  #2509 ) ;
#2118 = CIRCLE ( 'NONE', #749, 3.100000000000000089 ) ;
#2119 = VECTOR ( 'NONE', #3885, 1000.000000000000000 ) ;
#2120 = EDGE_CURVE ( 'NONE', #4950, #714, #856, .T. ) ;
#2121 = DIRECTION ( 'NONE',  ( 0.6236474483050984396, 0.7817057376164893157, 0.000000000000000000 ) ) ;
#2122 = CARTESIAN_POINT ( 'NONE',  ( 2.750000000000002665, 2.800000000000018918, 3.000000000000000000 ) ) ;
#2123 = DIRECTION ( 'NONE',  ( 1.000000000000000000, 0.000000000000000000, 0.000000000000000000 ) ) ;
#2124 = ORIENTED_EDGE ( 'NONE', *, *, #2270, .F. ) ;
#2125 = CARTESIAN_POINT ( 'NONE',  ( 2.623465986256033666, -8.787948678504067246, 5.500000000000000888 ) ) ;
#2126 = AXIS2_PLACEMENT_3D ( 'NONE', #6530, #5720, #3258 ) ;
#2127 = DIRECTION ( 'NONE',  ( -6.982962677686265133E-15, 1.000000000000000000, 0.000000000000000000 ) ) ;
#2128 = AXIS2_PLACEMENT_3D ( 'NONE', #1766, #1888, #6959 ) ;
#2129 = DIRECTION ( 'NONE',  ( -7.888609052210118054E-31, -5.605193857299268284E-45, 1.000000000000000000 ) ) ;
#2130 = CARTESIAN_POINT ( 'NONE',  ( -2.628205128205070018, -4.961177884615405986, 6.000000000000000000 ) ) ;
#2131 = CARTESIAN_POINT ( 'NONE',  ( 0.2304785177807270602, -4.147324464839866387, 5.999999999999999112 ) ) ;
#2132 = CARTESIAN_POINT ( 'NONE',  ( 0.0003343235726989973603, -5.746865349989086269, 5.500000000000000000 ) ) ;
#2133 = EDGE_LOOP ( 'NONE', ( #1794, #792 ) ) ;
#2134 = ADVANCED_FACE ( 'NONE', ( #4688 ), #6634, .T. ) ;
#2135 = AXIS2_PLACEMENT_3D ( 'NONE', #4807, #1692, #4300 ) ;
#2136 = AXIS2_PLACEMENT_3D ( 'NONE', #1981, #3105, #8339 ) ;
#2137 = CARTESIAN_POINT ( 'NONE',  ( -0.5084190896581688435, -13.77813632416300038, 6.000000000000000000 ) ) ;
#2138 = CARTESIAN_POINT ( 'NONE',  ( 0.3814531427013605480, -7.344260132792273410, 6.000000000000000888 ) ) ;
#2139 = CARTESIAN_POINT ( 'NONE',  ( -1.638412643883273345, -4.618460859050371070, 5.500000000000000000 ) ) ;
#2140 = PLANE ( 'NONE',  #2641 ) ;
#2141 = CARTESIAN_POINT ( 'NONE',  ( 0.08280889828486702464, -3.247913417432376271, 6.000000000000000000 ) ) ;
#2142 = VERTEX_POINT ( 'NONE', #5950 ) ;
#2143 = AXIS2_PLACEMENT_3D ( 'NONE', #7662, #5738, #6338 ) ;
#2144 = CARTESIAN_POINT ( 'NONE',  ( 1.962122421163285946, -10.32689930808445133, 5.500000000000000000 ) ) ;
#2145 = EDGE_LOOP ( 'NONE', ( #2045, #4756 ) ) ;
#2146 = CARTESIAN_POINT ( 'NONE',  ( -44.54999999999982663, -19.50000000000030909, 3.000000000000313527 ) ) ;
#2147 = CARTESIAN_POINT ( 'NONE',  ( -1.132667981431175086, -6.547242156572318450, 6.000000000000000000 ) ) ;
#2148 = CARTESIAN_POINT ( 'NONE',  ( 2.270335163401804746, -15.86598747639911977, 5.500000000000000888 ) ) ;
#2149 = CARTESIAN_POINT ( 'NONE',  ( 2.905574167424862519, 3.880573346697641313, 3.000000000000000000 ) ) ;
#2150 = CARTESIAN_POINT ( 'NONE',  ( 1.730769230769288347, -4.939142628205118513, 5.999999999999999112 ) ) ;
#2151 = CARTESIAN_POINT ( 'NONE',  ( 16.99999999999986144, 23.70000000000011653, -1.187103655206667360E-13 ) ) ;
#2152 = ORIENTED_EDGE ( 'NONE', *, *, #7150, .F. ) ;
#2153 = VERTEX_POINT ( 'NONE', #1998 ) ;
#2154 = DIRECTION ( 'NONE',  ( 7.888609052210118054E-31, 5.605193857299268284E-45, -1.000000000000000000 ) ) ;
#2155 = EDGE_CURVE ( 'NONE', #2493, #1881, #4609, .T. ) ;
#2156 = EDGE_CURVE ( 'NONE', #5670, #8184, #57, .T. ) ;
#2157 = CARTESIAN_POINT ( 'NONE',  ( 2.539957668225790943, -15.37158840610430133, 5.500000000000000888 ) ) ;
#2158 = ORIENTED_EDGE ( 'NONE', *, *, #115, .T. ) ;
#2159 = CARTESIAN_POINT ( 'NONE',  ( -3.687478813498465957, 4.349999999999973888, 0.9999999999999988898 ) ) ;
#2160 = ORIENTED_EDGE ( 'NONE', *, *, #3891, .F. ) ;
#2161 = DIRECTION ( 'NONE',  ( 0.4417723297375645286, 0.8971271976025720907, 3.944304526105058589E-31 ) ) ;
#2162 = EDGE_CURVE ( 'NONE', #1852, #4981, #4225, .T. ) ;
#2163 = CARTESIAN_POINT ( 'NONE',  ( 1.925558118862734869, 5.229449717710128454, 2.288478284718786782 ) ) ;
#2164 = CARTESIAN_POINT ( 'NONE',  ( 2.131134802074233558, -3.780289814661022874, 5.500000000000000888 ) ) ;
#2165 = EDGE_CURVE ( 'NONE', #2494, #2926, #309, .T. ) ;
#2166 = CARTESIAN_POINT ( 'NONE',  ( 1.315310803901099890, -8.263837757759411318, 5.500000000000000000 ) ) ;
#2167 = DIRECTION ( 'NONE',  ( 6.982962677686265922E-15, -1.000000000000000000, 0.000000000000000000 ) ) ;
#2168 = VERTEX_POINT ( 'NONE', #4733 ) ;
#2169 = LINE ( 'NONE', #4057, #3582 ) ;
#2170 = CARTESIAN_POINT ( 'NONE',  ( 1.729937690639378411, -4.911015123396387239, 6.000000000000000000 ) ) ;
#2171 = ADVANCED_FACE ( 'NONE', ( #6117 ), #3448, .F. ) ;
#2172 = DIRECTION ( 'NONE',  ( 0.2236320174572653807, 0.9746736483397883122, 1.972152263052529295E-31 ) ) ;
#2173 = ADVANCED_FACE ( 'NONE', ( #6852 ), #2117, .T. ) ;
#2174 = DIRECTION ( 'NONE',  ( -6.982962677686265133E-15, 1.000000000000000000, 0.000000000000000000 ) ) ;
#2175 = CARTESIAN_POINT ( 'NONE',  ( 2.527429715606134497, -11.53043994279131645, 6.000000000000000000 ) ) ;
#2176 = CARTESIAN_POINT ( 'NONE',  ( 0.8291676095855388118, -4.204415329704998427, 5.500000000000000000 ) ) ;
#2177 = DIRECTION ( 'NONE',  ( -0.7167035096920078008, 0.6973780030909765282, -7.888609052210117178E-31 ) ) ;
#2178 = B_SPLINE_CURVE_WITH_KNOTS ( 'NONE', 3,
 ( #4605, #4472, #3276, #7102, #1822, #7186, #2563, #6417, #8387, #4429, #571, #8435, #5865, #7233, #6585, #698, #7141, #7694, #3150 ),
 .UNSPECIFIED., .F., .F.,
 ( 4, 1, 1, 1, 1, 1, 1, 1, 1, 1, 1, 1, 1, 1, 1, 1, 4 ),
 ( 0.000000000000000000, 0.07290044517819341263, 0.1420035572776732757, 0.2092423139433871593, 0.2745916364776392338, 0.3384167658000737933, 0.4016927893975340558, 0.4649339725645671995, 0.5282564202501486283, 0.5906850240741919889, 0.6509338176697205824, 0.7096511349919869538, 0.7671803338107786585, 0.8241642198597903812, 0.8817508553548629724, 0.9399466216156897591, 1.000000000000000000 ),
 .UNSPECIFIED. ) ;
#2179 = CARTESIAN_POINT ( 'NONE',  ( 0.5433044292088544669, -13.14349829996081986, 5.500000000000000888 ) ) ;
#2180 = CARTESIAN_POINT ( 'NONE',  ( -0.4136713454845279969, -7.825754680710063305, 5.500000000000000000 ) ) ;
#2181 = DIRECTION ( 'NONE',  ( 1.000000000000000000, 6.715058616684416976E-15, -8.953411488912557020E-15 ) ) ;
#2182 = CARTESIAN_POINT ( 'NONE',  ( 1.282051282051379193, -10.61923076923076081, 6.000000000000000000 ) ) ;
#2183 = EDGE_CURVE ( 'NONE', #206, #6916, #8007, .T. ) ;
#2184 = FACE_OUTER_BOUND ( 'NONE', #6934, .T. ) ;
#2185 = CARTESIAN_POINT ( 'NONE',  ( 1.718325709722958061, -14.59473588061047344, 6.000000000000000000 ) ) ;
#2186 = ORIENTED_EDGE ( 'NONE', *, *, #8481, .T. ) ;
#2187 = CARTESIAN_POINT ( 'NONE',  ( 2.354002799544582469, -9.917711619052731464, 6.000000000000000000 ) ) ;
#2188 = ORIENTED_EDGE ( 'NONE', *, *, #915, .F. ) ;
#2189 = CARTESIAN_POINT ( 'NONE',  ( -61.00000000000003553, 9.299999999999574385, 4.155523824830011491E-13 ) ) ;
#2190 = CARTESIAN_POINT ( 'NONE',  ( -1.427300638446920678, -5.493493243755562361, 5.500000000000000000 ) ) ;
#2191 = CARTESIAN_POINT ( 'NONE',  ( 2.628205128205185925, -4.935136217948702608, 5.500000000000000888 ) ) ;
#2192 = CARTESIAN_POINT ( 'NONE',  ( 0.1282051282052543151, -14.70276442307691944, 5.500000000000000888 ) ) ;
#2193 = ORIENTED_EDGE ( 'NONE', *, *, #7088, .T. ) ;
#2194 = PLANE ( 'NONE',  #6245 ) ;
#2195 = CARTESIAN_POINT ( 'NONE',  ( 0.1819261412857066940, -8.604114088655149928, 6.000000000000000000 ) ) ;
#2196 = EDGE_LOOP ( 'NONE', ( #1563, #769, #6011, #7970 ) ) ;
#2197 = ORIENTED_EDGE ( 'NONE', *, *, #686, .T. ) ;
#2198 = CARTESIAN_POINT ( 'NONE',  ( 2.053854981828608928, -12.28412070355327046, 6.000000000000000000 ) ) ;
#2199 = LINE ( 'NONE', #4855, #4977 ) ;
#2200 = B_SPLINE_SURFACE_WITH_KNOTS ( 'NONE', 3, 1, ( 
 ( #6826, #893 ),
 ( #7377, #944 ),
 ( #4708, #1588 ),
 ( #809, #2789 ),
 ( #3467, #5438 ),
 ( #2280, #4888 ),
 ( #1544, #2098 ),
 ( #6048, #4151 ),
 ( #4071, #2187 ),
 ( #8154, #7506 ),
 ( #6775, #2750 ),
 ( #3559, #847 ),
 ( #2144, #4109 ),
 ( #5390, #164 ),
 ( #4794, #252 ),
 ( #1501, #6730 ),
 ( #6179, #5346 ),
 ( #7334, #6088 ),
 ( #207, #5526 ) ),
 .UNSPECIFIED., .F., .F., .F.,
 ( 4, 1, 1, 1, 1, 1, 1, 1, 1, 1, 1, 1, 1, 1, 1, 1, 4 ),
 ( 2, 2 ),
 ( 0.000000000000000000, 0.06593481762567697524, 0.1300372587941651947, 0.1923620702496511015, 0.2538195214289181711, 0.3141994357375422764, 0.3746698781567775471, 0.4351541180379871476, 0.4964786684939708761, 0.5578092661396401031, 0.6190309229821128190, 0.6796911875192904740, 0.7409612864102641527, 0.8033752905051765314, 0.8668176884999612142, 0.9323179771745062627, 1.000000000000000000 ),
 ( 0.000000000000000000, 1.000000000000000000 ),
 .UNSPECIFIED. ) ;
#2201 = PLANE ( 'NONE',  #7214 ) ;
#2202 = DIRECTION ( 'NONE',  ( -6.982962677686265133E-15, 1.000000000000000000, 0.000000000000000000 ) ) ;
#2203 = ORIENTED_EDGE ( 'NONE', *, *, #6890, .T. ) ;
#2204 = FACE_OUTER_BOUND ( 'NONE', #5233, .T. ) ;
#2205 = VERTEX_POINT ( 'NONE', #5460 ) ;
#2206 = CARTESIAN_POINT ( 'NONE',  ( 43.00000000000019895, -19.49999999999969802, 4.999999999999707789 ) ) ;
#2207 = FACE_OUTER_BOUND ( 'NONE', #8218, .T. ) ;
#2208 = VERTEX_POINT ( 'NONE', #5552 ) ;
#2209 = DIRECTION ( 'NONE',  ( 6.982962677686263555E-15, -1.000000000000000000, 0.000000000000000000 ) ) ;
#2210 = CIRCLE ( 'NONE', #6052, 3.100000000000000089 ) ;
#2211 = CARTESIAN_POINT ( 'NONE',  ( 1.728006989474372368, -8.833098711249498081, 5.500000000000000000 ) ) ;
#2212 = DIRECTION ( 'NONE',  ( -6.982962677686265133E-15, 1.000000000000000000, 0.000000000000000000 ) ) ;
#2213 = ORIENTED_EDGE ( 'NONE', *, *, #2475, .F. ) ;
#2214 = CARTESIAN_POINT ( 'NONE',  ( 2.347463941177804880, -8.026479271656114634, 5.500000000000000000 ) ) ;
#2215 = CARTESIAN_POINT ( 'NONE',  ( 2.469242745875042555, 0.9257427439266795455, 6.000000000000000000 ) ) ;
#2216 = CARTESIAN_POINT ( 'NONE',  ( 41.45000000000018048, -19.49999999999970868, 2.999999999999716671 ) ) ;
#2217 = EDGE_CURVE ( 'NONE', #6130, #5765, #3106, .T. ) ;
#2218 = EDGE_CURVE ( 'NONE', #4315, #206, #4520, .T. ) ;
#2219 = CARTESIAN_POINT ( 'NONE',  ( -1.729598128940863511, -4.910340065828193268, 5.500000000000000888 ) ) ;
#2220 = FACE_BOUND ( 'NONE', #8455, .T. ) ;
#2221 = DIRECTION ( 'NONE',  ( -6.982962677686265133E-15, 1.000000000000000000, 0.000000000000000000 ) ) ;
#2222 = CARTESIAN_POINT ( 'NONE',  ( -1.293835313677233145, -5.564166740290809265, 5.500000000000000000 ) ) ;
#2223 = VECTOR ( 'NONE', #4764, 1000.000000000000114 ) ;
#2224 = EDGE_CURVE ( 'NONE', #5289, #2360, #529, .T. ) ;
#2225 = CARTESIAN_POINT ( 'NONE',  ( -0.1851409416627292914, -13.44771552269004644, 5.500000000000000000 ) ) ;
#2226 = AXIS2_PLACEMENT_3D ( 'NONE', #149, #3504, #4190 ) ;
#2227 = CARTESIAN_POINT ( 'NONE',  ( -1.605883729056648113, 0.1483707935023976243, 6.000000000000000000 ) ) ;
#2228 = CARTESIAN_POINT ( 'NONE',  ( 1.555078288816344134, -9.391442603922609322, 5.500000000000000000 ) ) ;
#2229 = FACE_OUTER_BOUND ( 'NONE', #24, .T. ) ;
#2230 = ORIENTED_EDGE ( 'NONE', *, *, #8157, .T. ) ;
#2231 = CARTESIAN_POINT ( 'NONE',  ( 2.628205128205185925, -4.935136217948702608, 5.500000000000000888 ) ) ;
#2232 = FILL_AREA_STYLE_COLOUR ( '', #4547 ) ;
#2233 = ORIENTED_EDGE ( 'NONE', *, *, #6676, .F. ) ;
#2234 = LINE ( 'NONE', #6051, #10 ) ;
#2235 = CIRCLE ( 'NONE', #6489, 3.100000000000000089 ) ;
#2236 = EDGE_CURVE ( 'NONE', #6665, #6009, #29, .T. ) ;
#2237 = CARTESIAN_POINT ( 'NONE',  ( 10.99999999999986677, 22.50000000000008171, 2.999999999999997335 ) ) ;
#2238 = DIRECTION ( 'NONE',  ( 6.867314445954479045E-15, -1.000000000000000000, -1.751623080406021339E-46 ) ) ;
#2239 = VECTOR ( 'NONE', #614, 999.9999999999998863 ) ;
#2240 = CARTESIAN_POINT ( 'NONE',  ( 1.385975296699110570, -9.538414328113615781, 5.500000000000000888 ) ) ;
#2241 = CARTESIAN_POINT ( 'NONE',  ( 0.2838814083088675999, -6.643440378402961422, 5.500000000000000888 ) ) ;
#2242 = EDGE_LOOP ( 'NONE', ( #1471, #7680, #4201, #6103, #5030 ) ) ;
#2243 = EDGE_LOOP ( 'NONE', ( #2760, #34 ) ) ;
#2244 = DIRECTION ( 'NONE',  ( -1.000000000000000000, -6.825260543506556042E-15, 6.961935726462304815E-15 ) ) ;
#2245 = LINE ( 'NONE', #5361, #5519 ) ;
#2246 = AXIS2_PLACEMENT_3D ( 'NONE', #5802, #1979, #3870 ) ;
#2247 = CARTESIAN_POINT ( 'NONE',  ( 2.268361150903560092E-14, 1.583988125627302602E-28, 6.000000000000000000 ) ) ;
#2248 = VERTEX_POINT ( 'NONE', #3024 ) ;
#2249 = CARTESIAN_POINT ( 'NONE',  ( 1.406341796260496269, -13.18419692669159637, 6.000000000000000000 ) ) ;
#2250 =( NAMED_UNIT ( * ) SI_UNIT ( $, .STERADIAN. ) SOLID_ANGLE_UNIT ( ) );
#2251 = EDGE_LOOP ( 'NONE', ( #3232, #5340, #8464, #7071 ) ) ;
#2252 = AXIS2_PLACEMENT_3D ( 'NONE', #5909, #2653, #2005 ) ;
#2253 = ORIENTED_EDGE ( 'NONE', *, *, #326, .F. ) ;
#2254 = CARTESIAN_POINT ( 'NONE',  ( 1.244758017724588717, -3.364224745499469371, 5.500000000000000000 ) ) ;
#2255 = AXIS2_PLACEMENT_3D ( 'NONE', #2391, #1097, #452 ) ;
#2256 = FACE_OUTER_BOUND ( 'NONE', #6349, .T. ) ;
#2257 = CARTESIAN_POINT ( 'NONE',  ( 1.730769230769316103, -8.906490384615372236, 6.000000000000000000 ) ) ;
#2258 = ORIENTED_EDGE ( 'NONE', *, *, #4819, .F. ) ;
#2259 = CARTESIAN_POINT ( 'NONE',  ( 1.730769230769316103, -8.906490384615372236, 6.000000000000000000 ) ) ;
#2260 = DIRECTION ( 'NONE',  ( -7.888609052210118054E-31, -5.605193857299268284E-45, 1.000000000000000000 ) ) ;
#2261 = DIRECTION ( 'NONE',  ( -0.7410040726247886234, 0.6715005319085585178, 0.000000000000000000 ) ) ;
#2262 = DIRECTION ( 'NONE',  ( -6.982962677686265133E-15, 1.000000000000000000, 0.000000000000000000 ) ) ;
#2263 = CARTESIAN_POINT ( 'NONE',  ( 2.663603693103753223, 2.116102810296704106, 6.000000000000000000 ) ) ;
#2264 = ADVANCED_FACE ( 'NONE', ( #8262 ), #5730, .F. ) ;
#2265 = CIRCLE ( 'NONE', #3637, 3.100000000000001865 ) ;
#2266 = LINE ( 'NONE', #761, #5983 ) ;
#2267 = CARTESIAN_POINT ( 'NONE',  ( -1.730769230769173106, -4.939142628205143382, 5.500000000000000888 ) ) ;
#2268 = VECTOR ( 'NONE', #5646, 1000.000000000000000 ) ;
#2269 = ORIENTED_EDGE ( 'NONE', *, *, #8088, .T. ) ;
#2270 = EDGE_CURVE ( 'NONE', #2056, #1872, #2345, .T. ) ;
#2271 = EDGE_CURVE ( 'NONE', #2493, #2423, #1181, .T. ) ;
#2272 = CARTESIAN_POINT ( 'NONE',  ( -0.8247689642794034937, -4.197423305668517735, 6.000000000000000000 ) ) ;
#2273 = VECTOR ( 'NONE', #8326, 1000.000000000000000 ) ;
#2274 = LINE ( 'NONE', #5571, #4195 ) ;
#2275 = LINE ( 'NONE', #2182, #7871 ) ;
#2276 = CARTESIAN_POINT ( 'NONE',  ( -2.728315428614815907, 3.144666392301799007, 3.000000000000000000 ) ) ;
#2277 = CARTESIAN_POINT ( 'NONE',  ( 3.131316011514059253E-15, 2.799999999999999822, 3.000000000000000000 ) ) ;
#2278 = VERTEX_POINT ( 'NONE', #368 ) ;
#2279 = ADVANCED_FACE ( 'NONE', ( #7738 ), #5684, .F. ) ;
#2280 = CARTESIAN_POINT ( 'NONE',  ( 2.539957668225749199, -9.538255072770970955, 5.500000000000000888 ) ) ;
#2281 = CARTESIAN_POINT ( 'NONE',  ( -1.666666666666592134, -7.350000000000012079, 5.500000000000000000 ) ) ;
#2282 = EDGE_CURVE ( 'NONE', #4557, #4570, #6973, .T. ) ;
#2283 = ORIENTED_EDGE ( 'NONE', *, *, #3581, .F. ) ;
#2284 = AXIS2_PLACEMENT_3D ( 'NONE', #3119, #7062, #456 ) ;
#2285 = DIRECTION ( 'NONE',  ( -6.982962677686265133E-15, 1.000000000000000000, 0.000000000000000000 ) ) ;
#2286 = EDGE_CURVE ( 'NONE', #4036, #606, #6330, .T. ) ;
#2287 = CARTESIAN_POINT ( 'NONE',  ( -0.1135262451270845491, -5.745759791700824515, 5.500000000000000888 ) ) ;
#2288 = PLANE ( 'NONE',  #8025 ) ;
#2289 = CIRCLE ( 'NONE', #496, 1.549999999999999822 ) ;
#2290 = CARTESIAN_POINT ( 'NONE',  ( 1.555078288816384768, -15.22477593725594147, 5.500000000000000000 ) ) ;
#2291 = VERTEX_POINT ( 'NONE', #1698 ) ;
#2292 = VECTOR ( 'NONE', #312, 1000.000000000000000 ) ;
#2293 = CARTESIAN_POINT ( 'NONE',  ( 25.69999999999993179, 18.85000000000018616, 4.999999999999821476 ) ) ;
#2294 = CARTESIAN_POINT ( 'NONE',  ( 0.9194711538462342348, -8.183333333333326465, 5.500000000000000888 ) ) ;
#2295 = ORIENTED_EDGE ( 'NONE', *, *, #6042, .T. ) ;
#2296 = EDGE_CURVE ( 'NONE', #5771, #4506, #3065, .T. ) ;
#2297 = EDGE_CURVE ( 'NONE', #2616, #2168, #1969, .T. ) ;
#2298 = ORIENTED_EDGE ( 'NONE', *, *, #7778, .T. ) ;
#2299 = DIRECTION ( 'NONE',  ( 0.6020522008633227840, -0.7984567285931213343, 7.888609052210121557E-31 ) ) ;
#2300 = CARTESIAN_POINT ( 'NONE',  ( -2.985803957072721726, 1.966348556092622157, 3.000000000000000000 ) ) ;
#2301 = LINE ( 'NONE', #4169, #4873 ) ;
#2302 = VERTEX_POINT ( 'NONE', #1135 ) ;
#2303 = CYLINDRICAL_SURFACE ( 'NONE', #7080, 0.9499999999999995115 ) ;
#2304 = SURFACE_STYLE_USAGE ( .BOTH. , #1611 ) ;
#2305 = VERTEX_POINT ( 'NONE', #6413 ) ;
#2306 = EDGE_CURVE ( 'NONE', #8108, #3943, #5940, .T. ) ;
#2307 = ORIENTED_EDGE ( 'NONE', *, *, #4142, .F. ) ;
#2308 = CARTESIAN_POINT ( 'NONE',  ( 1.404941898078522433, -3.406507269476483746, 5.500000000000000888 ) ) ;
#2309 = CARTESIAN_POINT ( 'NONE',  ( -2.524625938003435266, -4.356244603530224246, 5.500000000000000000 ) ) ;
#2310 = ORIENTED_EDGE ( 'NONE', *, *, #1559, .F. ) ;
#2311 = CYLINDRICAL_SURFACE ( 'NONE', #8150, 3.100000000000000089 ) ;
#2312 = ORIENTED_EDGE ( 'NONE', *, *, #7257, .F. ) ;
#2313 = CARTESIAN_POINT ( 'NONE',  ( 3.083017875641648420, 3.124038236129737189, 3.000000000000000000 ) ) ;
#2314 = CARTESIAN_POINT ( 'NONE',  ( -2.628205128205070018, -4.961177884615405986, 6.000000000000000000 ) ) ;
#2315 = FACE_OUTER_BOUND ( 'NONE', #7790, .T. ) ;
#2316 = DIRECTION ( 'NONE',  ( 6.982962677686265922E-15, 4.876176775795934672E-29, 1.000000000000000000 ) ) ;
#2317 = DIRECTION ( 'NONE',  ( -6.982962677686265922E-15, -4.876176775795934672E-29, -1.000000000000000000 ) ) ;
#2318 = DIRECTION ( 'NONE',  ( -0.6973780030909765282, -0.7167035096920078008, -7.888609052210116302E-31 ) ) ;
#2319 = CARTESIAN_POINT ( 'NONE',  ( -55.00000000000002132, 7.299999999999617017, 3.736546064168835993E-13 ) ) ;
#2320 = DIRECTION ( 'NONE',  ( -6.982962677686265922E-15, 1.000000000000000000, 0.000000000000000000 ) ) ;
#2321 = CARTESIAN_POINT ( 'NONE',  ( 44.55000000000016769, -19.49999999999968736, -3.110909872909233397E-13 ) ) ;
#2322 = CARTESIAN_POINT ( 'NONE',  ( -1.730769230769173106, -4.939142628205143382, 5.500000000000000888 ) ) ;
#2323 = DIRECTION ( 'NONE',  ( -7.888609052210118054E-31, -5.605193857299268284E-45, 1.000000000000000000 ) ) ;
#2324 = LINE ( 'NONE', #8152, #209 ) ;
#2325 = VERTEX_POINT ( 'NONE', #8383 ) ;
#2326 = EDGE_LOOP ( 'NONE', ( #7335, #223, #6148, #251, #7783, #4615, #278, #2505 ) ) ;
#2327 = CARTESIAN_POINT ( 'NONE',  ( 32.00000000000007816, -6.599999999999771383, -2.199853587340070720E-13 ) ) ;
#2328 = LINE ( 'NONE', #8111, #211 ) ;
#2329 = ORIENTED_EDGE ( 'NONE', *, *, #1797, .F. ) ;
#2330 = VERTEX_POINT ( 'NONE', #3755 ) ;
#2331 = CARTESIAN_POINT ( 'NONE',  ( 2.559900063643732793, -8.463705605716423719, 6.000000000000000000 ) ) ;
#2332 = CARTESIAN_POINT ( 'NONE',  ( 0.2526678981406557112, -8.487551720725436510, 5.999999999999999112 ) ) ;
#2333 = VERTEX_POINT ( 'NONE', #2464 ) ;
#2334 = EDGE_CURVE ( 'NONE', #4245, #7120, #6219, .T. ) ;
#2336 = EDGE_LOOP ( 'NONE', ( #5097, #3672, #7918, #7234, #5424, #5359, #5712, #2097 ) ) ;
#2335 = EDGE_CURVE ( 'NONE', #6293, #2205, #7585, .T. ) ;
#2337 = LINE ( 'NONE', #5064, #3468 ) ;
#2338 = EDGE_CURVE ( 'NONE', #6156, #3664, #5237, .T. ) ;
#2339 = EDGE_CURVE ( 'NONE', #5721, #6142, #5862, .T. ) ;
#2340 = DIRECTION ( 'NONE',  ( -0.5507286755606269901, 0.8346843271053060453, -7.888609052210116302E-31 ) ) ;
#2341 = ORIENTED_EDGE ( 'NONE', *, *, #5997, .T. ) ;
#2342 = CARTESIAN_POINT ( 'NONE',  ( -2.529039341888995646E-14, 6.800000000000000711, 14.31370849898475939 ) ) ;
#2343 = ORIENTED_EDGE ( 'NONE', *, *, #5348, .F. ) ;
#2344 = ORIENTED_EDGE ( 'NONE', *, *, #3573, .T. ) ;
#2345 = LINE ( 'NONE', #4951, #4973 ) ;
#2346 = LINE ( 'NONE', #6938, #4021 ) ;
#2347 = VERTEX_POINT ( 'NONE', #5162 ) ;
#2348 = DIRECTION ( 'NONE',  ( 0.9230960361052031882, 0.3845695101368039603, 7.888609052210118054E-31 ) ) ;
#2349 = ORIENTED_EDGE ( 'NONE', *, *, #3158, .T. ) ;
#2350 = DIRECTION ( 'NONE',  ( 6.982962677686265922E-15, 4.876176775795934672E-29, 1.000000000000000000 ) ) ;
#2351 = FACE_BOUND ( 'NONE', #8251, .T. ) ;
#2352 = CARTESIAN_POINT ( 'NONE',  ( 3.131316011514056098E-15, 2.799999999999999822, 6.000000000000000000 ) ) ;
#2353 = CARTESIAN_POINT ( 'NONE',  ( -0.1135262451270845491, -5.745759791700824515, 6.000000000000000000 ) ) ;
#2354 = FACE_OUTER_BOUND ( 'NONE', #5444, .T. ) ;
#2355 = FACE_OUTER_BOUND ( 'NONE', #7307, .T. ) ;
#2356 = DIRECTION ( 'NONE',  ( -6.982962677686265922E-15, 1.000000000000000000, -0.000000000000000000 ) ) ;
#2357 = VECTOR ( 'NONE', #4782, 1000.000000000000000 ) ;
#2358 = CARTESIAN_POINT ( 'NONE',  ( 0.3074683087755980537, -15.15115694239586652, 5.500000000000000888 ) ) ;
#2359 = CARTESIAN_POINT ( 'NONE',  ( 1.089041879867784557, -14.02830300341230974, 6.000000000000000000 ) ) ;
#2360 = VERTEX_POINT ( 'NONE', #3355 ) ;
#2361 = CARTESIAN_POINT ( 'NONE',  ( 2.131978951687544033, -6.110797700290708789, 6.000000000000000000 ) ) ;
#2362 = CARTESIAN_POINT ( 'NONE',  ( 1.556818638489782414, -14.27971895445483952, 5.500000000000000000 ) ) ;
#2363 = ORIENTED_EDGE ( 'NONE', *, *, #8427, .F. ) ;
#2364 = LINE ( 'NONE', #1034, #7822 ) ;
#2365 = VECTOR ( 'NONE', #1931, 1000.000000000000000 ) ;
#2366 = DIRECTION ( 'NONE',  ( 1.000000000000000000, 6.888341397178440152E-15, -6.982962677686265922E-15 ) ) ;
#2367 = DIRECTION ( 'NONE',  ( -7.888609052210118054E-31, -5.605193857299268284E-45, 1.000000000000000000 ) ) ;
#2368 = CARTESIAN_POINT ( 'NONE',  ( 0.2074927377459748201, -15.00420797869795031, 5.500000000000000000 ) ) ;
#2369 = CARTESIAN_POINT ( 'NONE',  ( 0.2744391025641970683, -10.21458333333333179, 5.500000000000000888 ) ) ;
#2370 = CARTESIAN_POINT ( 'NONE',  ( 0.8356852734701435415, -8.184527908934468243, 5.999999999999999112 ) ) ;
#2371 = ORIENTED_EDGE ( 'NONE', *, *, #5295, .F. ) ;
#2372 = VECTOR ( 'NONE', #3648, 1000.000000000000227 ) ;
#2373 = VERTEX_POINT ( 'NONE', #692 ) ;
#2374 = CARTESIAN_POINT ( 'NONE',  ( 3.131316011514062409E-15, 2.799999999999999822, 0.8000000000000003775 ) ) ;
#2375 = EDGE_CURVE ( 'NONE', #2926, #2291, #3747, .T. ) ;
#2376 = AXIS2_PLACEMENT_3D ( 'NONE', #2781, #26, #2660 ) ;
#2377 = DIRECTION ( 'NONE',  ( -6.867314445954479045E-15, 1.000000000000000000, 1.751623080406021339E-46 ) ) ;
#2378 = EDGE_CURVE ( 'NONE', #5159, #2205, #3927, .T. ) ;
#2379 = ORIENTED_EDGE ( 'NONE', *, *, #7716, .F. ) ;
#2380 = PLANE ( 'NONE',  #2694 ) ;
#2381 = LINE ( 'NONE', #962, #7470 ) ;
#2382 = B_SPLINE_CURVE_WITH_KNOTS ( 'NONE', 3,
 ( #6733, #2835, #5440, #8065, #4206, #86, #986, #2917, #4892, #4288, #3562 ),
 .UNSPECIFIED., .F., .F.,
 ( 4, 1, 1, 1, 1, 1, 1, 1, 4 ),
 ( 0.000000000000000000, 0.1282866987618464516, 0.2506491995582647569, 0.3733704039480724712, 0.5006250300408716658, 0.6280306874487195934, 0.7497234130807245434, 0.8728803749276717872, 1.000000000000000000 ),
 .UNSPECIFIED. ) ;
#2383 = ORIENTED_EDGE ( 'NONE', *, *, #3968, .F. ) ;
#2384 = ORIENTED_EDGE ( 'NONE', *, *, #3108, .F. ) ;
#2385 = DIRECTION ( 'NONE',  ( 1.000000000000000000, 6.888341397178440152E-15, -6.982962677686265922E-15 ) ) ;
#2386 = EDGE_CURVE ( 'NONE', #3754, #8293, #7230, .T. ) ;
#2387 = VECTOR ( 'NONE', #7937, 1000.000000000000000 ) ;
#2388 = PLANE ( 'NONE',  #870 ) ;
#2389 = ORIENTED_EDGE ( 'NONE', *, *, #5169, .F. ) ;
#2390 = CIRCLE ( 'NONE', #8133, 3.100000000000000089 ) ;
#2391 = CARTESIAN_POINT ( 'NONE',  ( 3.131316011514062409E-15, 2.799999999999999822, 1.000000000000000000 ) ) ;
#2392 = VERTEX_POINT ( 'NONE', #5898 ) ;
#2393 = FACE_OUTER_BOUND ( 'NONE', #8341, .T. ) ;
#2394 = CARTESIAN_POINT ( 'NONE',  ( 3.131316011514056098E-15, 2.799999999999999822, 6.000000000000000000 ) ) ;
#2395 = LINE ( 'NONE', #5565, #3242 ) ;
#2396 = PLANE ( 'NONE',  #7170 ) ;
#2397 = VECTOR ( 'NONE', #3598, 999.9999999999998863 ) ;
#2398 = CARTESIAN_POINT ( 'NONE',  ( -1.250483333017447629, -4.309916812113450568, 6.000000000000000000 ) ) ;
#2399 = CARTESIAN_POINT ( 'NONE',  ( 1.433246906124523212, -10.58172394771707481, 6.000000000000000000 ) ) ;
#2400 = CYLINDRICAL_SURFACE ( 'NONE', #1307, 3.100000000000000089 ) ;
#2401 = VECTOR ( 'NONE', #5118, 1000.000000000000000 ) ;
#2402 = DIRECTION ( 'NONE',  ( -0.9746736483397883122, 0.2236320174572653807, -7.888609052210117178E-31 ) ) ;
#2403 = CARTESIAN_POINT ( 'NONE',  ( 1.005544403265598463, -14.01809621028812991, 5.500000000000000888 ) ) ;
#2404 = EDGE_LOOP ( 'NONE', ( #6024, #7757, #234, #4644 ) ) ;
#2405 = ORIENTED_EDGE ( 'NONE', *, *, #8170, .F. ) ;
#2406 = CARTESIAN_POINT ( 'NONE',  ( 0.9482456716280144304, -13.12091517532601337, 5.500000000000000000 ) ) ;
#2407 = ORIENTED_EDGE ( 'NONE', *, *, #7973, .F. ) ;
#2408 = CARTESIAN_POINT ( 'NONE',  ( -2.728315428614815907, 3.144666392301799007, 2.257672572958874468 ) ) ;
#2409 = VECTOR ( 'NONE', #719, 1000.000000000000000 ) ;
#2410 = VECTOR ( 'NONE', #4802, 1000.000000000000000 ) ;
#2411 = CARTESIAN_POINT ( 'NONE',  ( 2.368028746103339355, -5.853942330972240704, 6.000000000000000000 ) ) ;
#2412 = CARTESIAN_POINT ( 'NONE',  ( 2.004663725408868835, 4.682504541303909917, 6.000000000000000000 ) ) ;
#2413 = CARTESIAN_POINT ( 'NONE',  ( 0.1726739287055863437, 5.544573503177748108, 6.000000000000000000 ) ) ;
#2414 = CARTESIAN_POINT ( 'NONE',  ( 0.8910490309017843336, -14.01707189454574198, 5.500000000000000888 ) ) ;
#2415 = VERTEX_POINT ( 'NONE', #5938 ) ;
#2416 = VECTOR ( 'NONE', #3728, 1000.000000000000000 ) ;
#2417 = AXIS2_PLACEMENT_3D ( 'NONE', #2450, #7717, #595 ) ;
#2418 = VERTEX_POINT ( 'NONE', #2558 ) ;
#2419 = CARTESIAN_POINT ( 'NONE',  ( 0.1282051282052131536, -8.869431089743587293, 5.500000000000000888 ) ) ;
#2420 = VECTOR ( 'NONE', #4877, 1000.000000000000000 ) ;
#2421 = VECTOR ( 'NONE', #6496, 1000.000000000000000 ) ;
#2422 = DIRECTION ( 'NONE',  ( -0.5207560941095101814, -0.8537055056913986917, -7.888609052210117178E-31 ) ) ;
#2423 = VERTEX_POINT ( 'NONE', #4469 ) ;
#2424 = CARTESIAN_POINT ( 'NONE',  ( -15.00000000000016342, 27.49999999999990052, -2.063301313030405599E-16 ) ) ;
#2425 = FACE_OUTER_BOUND ( 'NONE', #7154, .T. ) ;
#2426 = EDGE_LOOP ( 'NONE', ( #969, #6308, #1557, #3003 ) ) ;
#2427 = EDGE_LOOP ( 'NONE', ( #990, #7695, #422, #6992 ) ) ;
#2428 = VECTOR ( 'NONE', #7111, 1000.000000000000114 ) ;
#2429 = DIRECTION ( 'NONE',  ( -6.888341397178440152E-15, 1.000000000000000000, -6.607368703010313066E-31 ) ) ;
#2430 = EDGE_CURVE ( 'NONE', #5234, #1995, #6580, .T. ) ;
#2431 = CARTESIAN_POINT ( 'NONE',  ( -46.99999999999978684, -22.50000000000033040, 5.000000000000332179 ) ) ;
#2432 = ORIENTED_EDGE ( 'NONE', *, *, #7508, .T. ) ;
#2433 = DIRECTION ( 'NONE',  ( 0.1429229027406382080, 0.9897338247590561355, -2.189528850507526673E-47 ) ) ;
#2434 = ORIENTED_EDGE ( 'NONE', *, *, #6207, .F. ) ;
#2435 = CARTESIAN_POINT ( 'NONE',  ( 1.382173127287528391, -14.13401436738141470, 6.000000000000000000 ) ) ;
#2436 = PLANE ( 'NONE',  #5417 ) ;
#2437 = ADVANCED_FACE ( 'NONE', ( #7138 ), #2599, .F. ) ;
#2438 = DIRECTION ( 'NONE',  ( -1.000000000000000000, -6.982962677686265922E-15, -7.888609052210118054E-31 ) ) ;
#2439 = ADVANCED_FACE ( 'NONE', ( #2723 ), #1259, .T. ) ;
#2440 = CARTESIAN_POINT ( 'NONE',  ( 3.131316011514059253E-15, 2.799999999999999822, 3.000000000000000000 ) ) ;
#2441 = EDGE_CURVE ( 'NONE', #8136, #4028, #4640, .T. ) ;
#2442 = ADVANCED_FACE ( 'NONE', ( #7265 ), #1306, .F. ) ;
#2443 = LINE ( 'NONE', #979, #1841 ) ;
#2444 = CARTESIAN_POINT ( 'NONE',  ( 1.066296300295496602, -7.290905667594252293, 5.500000000000000000 ) ) ;
#2445 = CARTESIAN_POINT ( 'NONE',  ( 0.1468519028335288357, -14.85498505581341355, 5.500000000000000888 ) ) ;
#2446 = CARTESIAN_POINT ( 'NONE',  ( -21.78102496759045081, -22.50000000000015277, 5.000000000000156319 ) ) ;
#2447 = ORIENTED_EDGE ( 'NONE', *, *, #4561, .T. ) ;
#2448 = CARTESIAN_POINT ( 'NONE',  ( 1.564963387258391236, -13.23901729331793575, 5.500000000000000000 ) ) ;
#2449 = VERTEX_POINT ( 'NONE', #657 ) ;
#2450 = CARTESIAN_POINT ( 'NONE',  ( 3.131316011514059253E-15, 2.799999999999999822, 3.000000000000000000 ) ) ;
#2451 = CARTESIAN_POINT ( 'NONE',  ( 0.2535032513423021716, -9.244001944939199689, 5.999999999999999112 ) ) ;
#2452 = DIRECTION ( 'NONE',  ( -1.000000000000000000, -6.715058616684416976E-15, 6.994852725712934581E-15 ) ) ;
#2453 = CARTESIAN_POINT ( 'NONE',  ( 2.504402971497410313, -14.14475931424571442, 5.500000000000000888 ) ) ;
#2454 = CARTESIAN_POINT ( 'NONE',  ( 0.4065742163340346771, -14.16847286538229511, 6.000000000000000000 ) ) ;
#2455 = ORIENTED_EDGE ( 'NONE', *, *, #221, .F. ) ;
#2456 = ORIENTED_EDGE ( 'NONE', *, *, #166, .T. ) ;
#2457 = CARTESIAN_POINT ( 'NONE',  ( 3.131316011514056098E-15, 2.799999999999999822, 6.000000000000000000 ) ) ;
#2458 = CARTESIAN_POINT ( 'NONE',  ( -54.99999999999983658, -20.50000000000038369, 3.736546064168836498E-13 ) ) ;
#2459 = VERTEX_POINT ( 'NONE', #5325 ) ;
#2460 = CARTESIAN_POINT ( 'NONE',  ( -2.499999999999884093, -13.18333333333334956, 5.500000000000000000 ) ) ;
#2461 = CARTESIAN_POINT ( 'NONE',  ( 0.6821968441626133917, -5.717196183774606588, 5.500000000000000888 ) ) ;
#2462 = ORIENTED_EDGE ( 'NONE', *, *, #1114, .T. ) ;
#2463 = VERTEX_POINT ( 'NONE', #3274 ) ;
#2464 = CARTESIAN_POINT ( 'NONE',  ( -2.728315428614806137, 2.455333607698125142, 3.000000000000000000 ) ) ;
#2465 = CARTESIAN_POINT ( 'NONE',  ( -1.535450598547713597, -3.453339881561341418, 6.000000000000000000 ) ) ;
#2466 = DIRECTION ( 'NONE',  ( 6.982962677686265922E-15, 4.876176775795934672E-29, 1.000000000000000000 ) ) ;
#2467 = EDGE_LOOP ( 'NONE', ( #7383, #3902, #3375, #5585 ) ) ;
#2468 = CARTESIAN_POINT ( 'NONE',  ( -39.89999999999981384, -19.50000000000027711, 5.000000000000282441 ) ) ;
#2469 = DIRECTION ( 'NONE',  ( -7.888609052210118054E-31, -5.605193857299268284E-45, 1.000000000000000000 ) ) ;
#2470 = CARTESIAN_POINT ( 'NONE',  ( -2.556885336192701974, 3.812342519882829794, 2.260366788867223864 ) ) ;
#2471 = CARTESIAN_POINT ( 'NONE',  ( -1.041652183810082732, -5.650757392627247633, 6.000000000000000000 ) ) ;
#2472 = EDGE_CURVE ( 'NONE', #467, #2153, #3965, .T. ) ;
#2473 = CARTESIAN_POINT ( 'NONE',  ( 2.527555743674612110, -4.325698719819643934, 5.500000000000000888 ) ) ;
#2474 = EDGE_CURVE ( 'NONE', #5660, #4268, #5544, .T. ) ;
#2475 = EDGE_CURVE ( 'NONE', #1382, #550, #5812, .T. ) ;
#2476 = CARTESIAN_POINT ( 'NONE',  ( -0.7211538461537594369, -9.110817307692313349, 5.500000000000000888 ) ) ;
#2477 = ORIENTED_EDGE ( 'NONE', *, *, #117, .F. ) ;
#2478 = CARTESIAN_POINT ( 'NONE',  ( -2.499999999999925393, -7.350000000000018296, 5.500000000000000000 ) ) ;
#2479 = DIRECTION ( 'NONE',  ( -7.888609052210118054E-31, -5.605193857299268284E-45, 1.000000000000000000 ) ) ;
#2480 = B_SPLINE_CURVE_WITH_KNOTS ( 'NONE', 3,
 ( #4695, #793, #8049, #5334, #3547, #5507, #8091, #6761, #108, #7448, #146 ),
 .UNSPECIFIED., .F., .F.,
 ( 4, 1, 1, 1, 1, 1, 1, 1, 4 ),
 ( 0.000000000000000000, 0.1103603399843302718, 0.2211857967812667358, 0.3343638213725845243, 0.4529765798274158484, 0.5772343082002682202, 0.7088043240432450043, 0.8493551270704502443, 1.000000000000000000 ),
 .UNSPECIFIED. ) ;
#2481 = CARTESIAN_POINT ( 'NONE',  ( 1.699965765326822753, -8.692978377281193048, 5.500000000000000000 ) ) ;
#2482 = EDGE_LOOP ( 'NONE', ( #7841, #3614, #2883, #6935 ) ) ;
#2483 = B_SPLINE_CURVE_WITH_KNOTS ( 'NONE', 3,
 ( #4411, #1802, #7767, #5059, #1846, #4450, #7083, #1243, #3863, #6484, #1287 ),
 .UNSPECIFIED., .F., .F.,
 ( 4, 1, 1, 1, 1, 1, 1, 1, 4 ),
 ( 0.000000000000000000, 0.1278414629307421113, 0.2497792886028959436, 0.3725532691609884095, 0.5002612830658909049, 0.6279692969707912908, 0.7502645813084201087, 0.8733215602763094720, 1.000000000000000000 ),
 .UNSPECIFIED. ) ;
#2484 =( LENGTH_UNIT ( ) NAMED_UNIT ( * ) SI_UNIT ( .MILLI., .METRE. ) );
#2485 = ORIENTED_EDGE ( 'NONE', *, *, #6994, .F. ) ;
#2486 = ADVANCED_FACE ( 'NONE', ( #3572 ), #8120, .F. ) ;
#2487 = EDGE_CURVE ( 'NONE', #2392, #6433, #6843, .T. ) ;
#2488 = CARTESIAN_POINT ( 'NONE',  ( 1.709785374559882998, -5.110369770587852578, 6.000000000000000000 ) ) ;
#2489 = CARTESIAN_POINT ( 'NONE',  ( 0.4477163461539355183, -9.459374999999997868, 5.500000000000000000 ) ) ;
#2490 = CARTESIAN_POINT ( 'NONE',  ( -1.715513802654330844, 0.2179441537986699928, 6.000000000000000000 ) ) ;
#2491 = CARTESIAN_POINT ( 'NONE',  ( -2.499999999999868106, -15.45997596153847553, 5.500000000000000000 ) ) ;
#2492 = CARTESIAN_POINT ( 'NONE',  ( 0.2526678981406979552, -14.32088505405877044, 5.999999999999999112 ) ) ;
#2493 = VERTEX_POINT ( 'NONE', #5406 ) ;
#2494 = VERTEX_POINT ( 'NONE', #2071 ) ;
#2495 = DIRECTION ( 'NONE',  ( 6.982962677686265922E-15, 4.876176775795934672E-29, 1.000000000000000000 ) ) ;
#2496 = EDGE_CURVE ( 'NONE', #98, #8340, #2245, .T. ) ;
#2497 = AXIS2_PLACEMENT_3D ( 'NONE', #2991, #2350, #8228 ) ;
#2498 = CARTESIAN_POINT ( 'NONE',  ( -42.99999999999982236, -19.50000000000029843, 3.000000000000302869 ) ) ;
#2499 = ORIENTED_EDGE ( 'NONE', *, *, #1120, .T. ) ;
#2500 = FACE_OUTER_BOUND ( 'NONE', #1923, .T. ) ;
#2501 = CIRCLE ( 'NONE', #575, 1.099999999999996758 ) ;
#2502 = CARTESIAN_POINT ( 'NONE',  ( 0.05909455128211449360, -5.747435897435900110, 6.000000000000000000 ) ) ;
#2503 = CARTESIAN_POINT ( 'NONE',  ( 1.282051282051372088, -9.593589743589737040, 5.500000000000000888 ) ) ;
#2504 = ORIENTED_EDGE ( 'NONE', *, *, #3956, .T. ) ;
#2505 = ORIENTED_EDGE ( 'NONE', *, *, #7922, .T. ) ;
#2506 = CARTESIAN_POINT ( 'NONE',  ( 1.642595037696846338, -14.39737319081734057, 5.500000000000000888 ) ) ;
#2507 = CARTESIAN_POINT ( 'NONE',  ( 3.131316011514059253E-15, 2.799999999999999822, 3.000000000000000000 ) ) ;
#2508 = EDGE_CURVE ( 'NONE', #1352, #2291, #2929, .T. ) ;
#2509 = AXIS2_PLACEMENT_3D ( 'NONE', #6756, #2892, #6202 ) ;
#2510 = CARTESIAN_POINT ( 'NONE',  ( 17.90000000000019043, -19.49999999999987210, 4.999999999999882760 ) ) ;
#2511 = CARTESIAN_POINT ( 'NONE',  ( -30.90000000000004121, 12.49999999999978684, 5.000000000000220268 ) ) ;
#2512 = EDGE_LOOP ( 'NONE', ( #3832, #1643, #4424, #3317 ) ) ;
#2513 = CARTESIAN_POINT ( 'NONE',  ( 14.99999999999986855, 22.50000000000010658, 6.000000000000000000 ) ) ;
#2514 = AXIS2_PLACEMENT_3D ( 'NONE', #7943, #2680, #1905 ) ;
#2515 = CARTESIAN_POINT ( 'NONE',  ( -1.019486604889566550, -0.1275667477362047164, 2.267306776996586226 ) ) ;
#2516 = VECTOR ( 'NONE', #2642, 1000.000000000000000 ) ;
#2517 = CARTESIAN_POINT ( 'NONE',  ( 1.686201131028890465, -3.512418510459098808, 5.500000000000000000 ) ) ;
#2518 = DIRECTION ( 'NONE',  ( 6.982962677686265922E-15, -1.000000000000000000, 0.000000000000000000 ) ) ;
#2519 = CARTESIAN_POINT ( 'NONE',  ( -0.7686358029449814611, -8.825722909607886635, 5.500000000000000000 ) ) ;
#2520 = ORIENTED_EDGE ( 'NONE', *, *, #7256, .F. ) ;
#2521 = CARTESIAN_POINT ( 'NONE',  ( 0.1726739287055863437, 5.544573503177748108, 6.000000000000000000 ) ) ;
#2522 = CARTESIAN_POINT ( 'NONE',  ( 0.4223472673303822478, -15.26901025353764574, 5.500000000000000888 ) ) ;
#2523 = CARTESIAN_POINT ( 'NONE',  ( 2.527689673817295368, -11.95142624784340057, 6.000000000000000000 ) ) ;
#2524 = ORIENTED_EDGE ( 'NONE', *, *, #8, .T. ) ;
#2525 = CARTESIAN_POINT ( 'NONE',  ( 3.131316011514059253E-15, 2.799999999999999822, 3.000000000000000000 ) ) ;
#2526 = CARTESIAN_POINT ( 'NONE',  ( -44.55000000000019611, -19.50000000000030909, -49.99999999999968736 ) ) ;
#2527 = EDGE_LOOP ( 'NONE', ( #3851, #5678, #2007, #3283 ) ) ;
#2528 = EDGE_CURVE ( 'NONE', #2330, #1762, #7346, .T. ) ;
#2529 = EDGE_CURVE ( 'NONE', #405, #6554, #5105, .T. ) ;
#2530 = VECTOR ( 'NONE', #8078, 1000.000000000000000 ) ;
#2531 = DIRECTION ( 'NONE',  ( -7.888609052210118054E-31, -5.605193857299268284E-45, 1.000000000000000000 ) ) ;
#2532 = CARTESIAN_POINT ( 'NONE',  ( -0.6556976821604745265, -8.203385703276968144, 6.000000000000000000 ) ) ;
#2533 = EDGE_CURVE ( 'NONE', #6715, #2843, #1473, .T. ) ;
#2534 = EDGE_CURVE ( 'NONE', #8340, #388, #4080, .T. ) ;
#2535 = CARTESIAN_POINT ( 'NONE',  ( 1.239809690051751456, -13.14619769088631251, 5.500000000000000000 ) ) ;
#2536 = CARTESIAN_POINT ( 'NONE',  ( -0.7692307692306433742, -14.63465544871795387, 6.000000000000000000 ) ) ;
#2537 = ORIENTED_EDGE ( 'NONE', *, *, #7525, .T. ) ;
#2538 = CARTESIAN_POINT ( 'NONE',  ( 2.545562548314476814, 4.569212059821750493, 3.000000000000000000 ) ) ;
#2539 = ORIENTED_EDGE ( 'NONE', *, *, #2769, .T. ) ;
#2540 = VECTOR ( 'NONE', #7496, 1000.000000000000227 ) ;
#2541 = CARTESIAN_POINT ( 'NONE',  ( -1.666666666666592134, -7.350000000000012079, 5.500000000000000000 ) ) ;
#2542 = B_SPLINE_SURFACE_WITH_KNOTS ( 'NONE', 3, 1, ( 
 ( #1236, #1758 ),
 ( #1109, #5786 ),
 ( #3727, #508 ),
 ( #2445, #4400 ),
 ( #3164, #462 ),
 ( #3853, #3126 ),
 ( #5748, #1718 ),
 ( #2358, #5086 ),
 ( #6390, #3770 ),
 ( #2522, #7707 ),
 ( #3083, #5131 ) ),
 .UNSPECIFIED., .F., .F., .F.,
 ( 4, 1, 1, 1, 1, 1, 1, 1, 4 ),
 ( 2, 2 ),
 ( 0.000000000000000000, 0.1103603399843302718, 0.2211857967812667358, 0.3343638213725845243, 0.4529765798274158484, 0.5772343082002682202, 0.7088043240432450043, 0.8493551270704502443, 1.000000000000000000 ),
 ( 0.000000000000000000, 1.000000000000000000 ),
 .UNSPECIFIED. ) ;
#2543 = VECTOR ( 'NONE', #3501, 1000.000000000000000 ) ;
#2544 = EDGE_CURVE ( 'NONE', #725, #6333, #3439, .T. ) ;
#2545 = CARTESIAN_POINT ( 'NONE',  ( 1.476329917102099154, -11.70478858457095050, 6.000000000000000000 ) ) ;
#2546 = DIRECTION ( 'NONE',  ( 1.000000000000000000, 6.715058616684416976E-15, -6.994852725712934581E-15 ) ) ;
#2547 = ORIENTED_EDGE ( 'NONE', *, *, #4819, .T. ) ;
#2548 = VECTOR ( 'NONE', #5657, 1000.000000000000000 ) ;
#2549 = DIRECTION ( 'NONE',  ( 0.08049497598738737658, -0.9967550144548006363, 9.860761315262645378E-32 ) ) ;
#2550 = EDGE_CURVE ( 'NONE', #4970, #1893, #5449, .T. ) ;
#2551 = AXIS2_PLACEMENT_3D ( 'NONE', #7270, #1395, #4008 ) ;
#2552 = EDGE_CURVE ( 'NONE', #258, #5315, #6105, .T. ) ;
#2553 = FACE_OUTER_BOUND ( 'NONE', #8164, .T. ) ;
#2554 = DIRECTION ( 'NONE',  ( 0.9782753810969029296, -0.2073096204707087220, 7.888609052210118054E-31 ) ) ;
#2555 = ORIENTED_EDGE ( 'NONE', *, *, #134, .T. ) ;
#2556 = ORIENTED_EDGE ( 'NONE', *, *, #3220, .F. ) ;
#2557 = CARTESIAN_POINT ( 'NONE',  ( 0.4694579632508239508, -8.295977688551630536, 5.500000000000000000 ) ) ;
#2558 = CARTESIAN_POINT ( 'NONE',  ( -2.303748958979951578, 4.874304879712423322, 3.000000000000000000 ) ) ;
#2559 = VECTOR ( 'NONE', #6423, 1000.000000000000227 ) ;
#2560 = VECTOR ( 'NONE', #3793, 1000.000000000000000 ) ;
#2561 = CARTESIAN_POINT ( 'NONE',  ( -2.214865306861705019, 4.968956355591413576, 6.000000000000000000 ) ) ;
#2562 = EDGE_CURVE ( 'NONE', #5634, #6602, #2199, .T. ) ;
#2563 = CARTESIAN_POINT ( 'NONE',  ( 0.5343457804302563785, -8.259900672111946562, 6.000000000000000000 ) ) ;
#2564 = ORIENTED_EDGE ( 'NONE', *, *, #7521, .F. ) ;
#2565 = AXIS2_PLACEMENT_3D ( 'NONE', #3227, #1857, #5852 ) ;
#2566 = DIRECTION ( 'NONE',  ( -1.000000000000000000, -6.888341397178440152E-15, 6.982962677686265922E-15 ) ) ;
#2567 = CARTESIAN_POINT ( 'NONE',  ( -1.230305949196291104, -3.362346523852247415, 6.000000000000000000 ) ) ;
#2568 = CARTESIAN_POINT ( 'NONE',  ( 2.219709014295833338, -3.858124176506576131, 6.000000000000000000 ) ) ;
#2569 = LINE ( 'NONE', #6552, #6368 ) ;
#2570 = CARTESIAN_POINT ( 'NONE',  ( -2.246771105496572218, -5.986761001288781081, 5.999999999999999112 ) ) ;
#2571 = EDGE_LOOP ( 'NONE', ( #8468, #5126, #96, #8032 ) ) ;
#2572 = CARTESIAN_POINT ( 'NONE',  ( -42.21897503240913352, -22.50000000000029488, 3.000000000000297540 ) ) ;
#2573 = DIRECTION ( 'NONE',  ( -0.6509997011806765155, -0.7590779861533792916, -7.888609052210118054E-31 ) ) ;
#2574 = CARTESIAN_POINT ( 'NONE',  ( 2.053854981828608928, -12.28412070355327046, 6.000000000000000000 ) ) ;
#2575 = ORIENTED_EDGE ( 'NONE', *, *, #6893, .T. ) ;
#2576 = LINE ( 'NONE', #7883, #3933 ) ;
#2577 = CARTESIAN_POINT ( 'NONE',  ( 1.406341796260496269, -13.18419692669159637, 5.500000000000000888 ) ) ;
#2578 = ORIENTED_EDGE ( 'NONE', *, *, #5316, .T. ) ;
#2579 = FACE_OUTER_BOUND ( 'NONE', #4996, .T. ) ;
#2580 = DIRECTION ( 'NONE',  ( 7.888609052210118054E-31, 5.605193857299268284E-45, -1.000000000000000000 ) ) ;
#2581 = LINE ( 'NONE', #5718, #886 ) ;
#2582 = CARTESIAN_POINT ( 'NONE',  ( -0.1298145265605378518, 5.897280773306459167, 6.000000000000000000 ) ) ;
#2583 = CARTESIAN_POINT ( 'NONE',  ( 0.2526678981406979552, -14.32088505405877044, 5.500000000000000000 ) ) ;
#2584 = ORIENTED_EDGE ( 'NONE', *, *, #8462, .T. ) ;
#2585 = DIRECTION ( 'NONE',  ( 1.000000000000000000, 6.715058616684402777E-15, -6.982962677686256455E-15 ) ) ;
#2586 = VERTEX_POINT ( 'NONE', #4168 ) ;
#2587 = ADVANCED_FACE ( 'NONE', ( #913 ), #3835, .T. ) ;
#2588 = LINE ( 'NONE', #604, #1146 ) ;
#2589 = DIRECTION ( 'NONE',  ( 7.888609052210118054E-31, 5.605193857299268284E-45, -1.000000000000000000 ) ) ;
#2590 = ORIENTED_EDGE ( 'NONE', *, *, #4627, .T. ) ;
#2591 = CARTESIAN_POINT ( 'NONE',  ( -0.6556976821604745265, -8.203385703276968144, 5.500000000000000000 ) ) ;
#2592 = ADVANCED_FACE ( 'NONE', ( #403 ), #6883, .T. ) ;
#2593 = CARTESIAN_POINT ( 'NONE',  ( 1.527768504724007492, -5.404377910044832589, 6.000000000000000000 ) ) ;
#2594 = EDGE_CURVE ( 'NONE', #85, #7217, #8216, .T. ) ;
#2595 = CARTESIAN_POINT ( 'NONE',  ( -0.5152986151107692425, 5.501289939503887894, 3.000000000000000000 ) ) ;
#2596 = VERTEX_POINT ( 'NONE', #2419 ) ;
#2597 = VERTEX_POINT ( 'NONE', #8252 ) ;
#2598 = CARTESIAN_POINT ( 'NONE',  ( 0.1282051282052131536, -8.869431089743587293, 5.500000000000000888 ) ) ;
#2599 = CYLINDRICAL_SURFACE ( 'NONE', #7034, 0.9499999999999995115 ) ;
#2600 = EDGE_CURVE ( 'NONE', #473, #3536, #2337, .T. ) ;
#2601 = EDGE_CURVE ( 'NONE', #5636, #8184, #7682, .T. ) ;
#2602 = CARTESIAN_POINT ( 'NONE',  ( -1.230305949196291104, -3.362346523852247415, 5.500000000000000888 ) ) ;
#2603 = CARTESIAN_POINT ( 'NONE',  ( 0.04907852564109516091, -6.644871794871797910, 6.000000000000000000 ) ) ;
#2604 = EDGE_LOOP ( 'NONE', ( #7848, #5595, #4801, #7882 ) ) ;
#2605 = CARTESIAN_POINT ( 'NONE',  ( -2.747231095616744501, 1.363782291128397439, 2.260366788867224752 ) ) ;
#2606 = CARTESIAN_POINT ( 'NONE',  ( 2.354002799544582469, -9.917711619052731464, 5.500000000000000888 ) ) ;
#2607 = CARTESIAN_POINT ( 'NONE',  ( 0.4683319164841044935, -3.258837825034729185, 5.500000000000000000 ) ) ;
#2608 = CARTESIAN_POINT ( 'NONE',  ( -20.21897503240914773, -22.50000000000014211, 3.000000000000143885 ) ) ;
#2609 = CARTESIAN_POINT ( 'NONE',  ( 0.1414048369820665452, -14.56558088380728222, 5.500000000000000888 ) ) ;
#2610 = VERTEX_POINT ( 'NONE', #2300 ) ;
#2611 = B_SPLINE_SURFACE_WITH_KNOTS ( 'NONE', 3, 1, ( 
 ( #8377, #2502 ),
 ( #3829, #7133 ),
 ( #7093, #5892 ),
 ( #3922, #485 ),
 ( #2461, #1815 ),
 ( #7732, #562 ),
 ( #6539, #1300 ),
 ( #1900, #652 ),
 ( #1861, #4463 ),
 ( #3185, #1982 ),
 ( #1253, #3230 ),
 ( #5857, #2593 ),
 ( #1941, #4548 ),
 ( #7177, #3269 ),
 ( #2, #2632 ),
 ( #7297, #1344 ),
 ( #5399, #4634 ),
 ( #5978, #2758 ),
 ( #1422, #2150 ) ),
 .UNSPECIFIED., .F., .F., .F.,
 ( 4, 1, 1, 1, 1, 1, 1, 1, 1, 1, 1, 1, 1, 1, 1, 1, 4 ),
 ( 2, 2 ),
 ( 0.000000000000000000, 0.1107529993405873409, 0.2123770877825402192, 0.3055537685572882745, 0.3899007399344691649, 0.4667693486981459583, 0.5354846284785267363, 0.5968213492275967758, 0.6513608763089899778, 0.7013391554855926691, 0.7478559223166781900, 0.7921917188561055090, 0.8342559937812547011, 0.8753128158421644711, 0.9160205555409863809, 0.9576451221380060108, 1.000000000000000000 ),
 ( 0.000000000000000000, 1.000000000000000000 ),
 .UNSPECIFIED. ) ;
#2612 = CARTESIAN_POINT ( 'NONE',  ( 0.1726739287056641425, 0.05542649682225633118, 6.000000000000000000 ) ) ;
#2613 = CARTESIAN_POINT ( 'NONE',  ( -2.537111769194970279, -5.523034643533975441, 6.000000000000000000 ) ) ;
#2614 = ORIENTED_EDGE ( 'NONE', *, *, #7787, .F. ) ;
#2615 = CARTESIAN_POINT ( 'NONE',  ( 2.600299277223947492, -14.45562296452539286, 5.999999999999999112 ) ) ;
#2616 = VERTEX_POINT ( 'NONE', #6926 ) ;
#2617 = DIRECTION ( 'NONE',  ( -7.888609052210118054E-31, -5.605193857299268284E-45, 1.000000000000000000 ) ) ;
#2618 = CARTESIAN_POINT ( 'NONE',  ( -0.7656110130113841228, -8.643353632297630540, 6.000000000000000000 ) ) ;
#2619 = CARTESIAN_POINT ( 'NONE',  ( -0.2285027664034000594, -4.145836342792082796, 6.000000000000000888 ) ) ;
#2620 = DIRECTION ( 'NONE',  ( -6.982962677686265133E-15, 1.000000000000000000, 0.000000000000000000 ) ) ;
#2621 = FACE_OUTER_BOUND ( 'NONE', #4296, .T. ) ;
#2622 = LINE ( 'NONE', #3136, #1859 ) ;
#2623 = ORIENTED_EDGE ( 'NONE', *, *, #2601, .F. ) ;
#2624 = CARTESIAN_POINT ( 'NONE',  ( 1.597120936567178795, -4.561336337248528494, 6.000000000000000000 ) ) ;
#2625 = ORIENTED_EDGE ( 'NONE', *, *, #6520, .T. ) ;
#2626 = UNCERTAINTY_MEASURE_WITH_UNIT (LENGTH_MEASURE( 1.000000000000000082E-05 ), #1650, 'distance_accuracy_value', 'NONE');
#2627 = CARTESIAN_POINT ( 'NONE',  ( 3.106316672225912728E-14, -1.200000000000000178, -1.583988125627303051E-28 ) ) ;
#2628 = VECTOR ( 'NONE', #3519, 1000.000000000000000 ) ;
#2629 = CARTESIAN_POINT ( 'NONE',  ( 3.131316011514056098E-15, 2.799999999999999822, 6.000000000000000000 ) ) ;
#2630 = CARTESIAN_POINT ( 'NONE',  ( 1.962122421163328800, -16.16023264141778526, 5.500000000000000000 ) ) ;
#2631 = CARTESIAN_POINT ( 'NONE',  ( -0.5890473310330636147, -8.070628521930858668, 5.500000000000000888 ) ) ;
#2632 = CARTESIAN_POINT ( 'NONE',  ( 1.681321886725329007, -5.190481468493865158, 5.999999999999999112 ) ) ;
#2633 = LINE ( 'NONE', #1345, #2223 ) ;
#2634 = ORIENTED_EDGE ( 'NONE', *, *, #8263, .T. ) ;
#2635 = VECTOR ( 'NONE', #7166, 1000.000000000000000 ) ;
#2636 = EDGE_LOOP ( 'NONE', ( #1247, #6750, #3539 ) ) ;
#2637 = LINE ( 'NONE', #8429, #994 ) ;
#2638 = DIRECTION ( 'NONE',  ( 6.867314445954479834E-15, 4.797243844499408100E-29, 1.000000000000000000 ) ) ;
#2639 = EDGE_CURVE ( 'NONE', #3219, #4114, #5631, .T. ) ;
#2640 = EDGE_CURVE ( 'NONE', #2597, #740, #3886, .T. ) ;
#2641 = AXIS2_PLACEMENT_3D ( 'NONE', #4752, #420, #3038 ) ;
#2642 = DIRECTION ( 'NONE',  ( 6.888341397178440152E-15, -1.000000000000000000, 6.607368703010305184E-31 ) ) ;
#2643 = EDGE_LOOP ( 'NONE', ( #3703, #5752, #7060, #1133 ) ) ;
#2644 = DIRECTION ( 'NONE',  ( -7.888609052210118054E-31, -5.605193857299268284E-45, 1.000000000000000000 ) ) ;
#2645 = ORIENTED_EDGE ( 'NONE', *, *, #803, .T. ) ;
#2646 = EDGE_CURVE ( 'NONE', #4626, #6534, #4154, .T. ) ;
#2647 = CARTESIAN_POINT ( 'NONE',  ( 1.630269756378728063, -12.12781518995247154, 5.500000000000000888 ) ) ;
#2648 = EDGE_CURVE ( 'NONE', #8178, #85, #3744, .T. ) ;
#2649 = CARTESIAN_POINT ( 'NONE',  ( -1.670072600836855603, -3.508621821328021362, 6.000000000000000000 ) ) ;
#2650 = MECHANICAL_DESIGN_GEOMETRIC_PRESENTATION_REPRESENTATION (  '', ( #5652 ), #3323 ) ;
#2651 = CARTESIAN_POINT ( 'NONE',  ( 0.08280889828486702464, -3.247913417432376271, 5.500000000000000000 ) ) ;
#2652 = VECTOR ( 'NONE', #5492, 1000.000000000000000 ) ;
#2653 = DIRECTION ( 'NONE',  ( 6.867314445954479045E-15, 4.797243844499407540E-29, 1.000000000000000000 ) ) ;
#2654 = CARTESIAN_POINT ( 'NONE',  ( 0.6042115278615280971, -14.06563777755127020, 5.500000000000000000 ) ) ;
#2655 = ORIENTED_EDGE ( 'NONE', *, *, #27, .F. ) ;
#2656 = CARTESIAN_POINT ( 'NONE',  ( -0.7674176176608434874, -14.70901653339351611, 5.500000000000000000 ) ) ;
#2657 = DIRECTION ( 'NONE',  ( -0.7071067811865466846, -0.7071067811865483499, 4.922831962366417850E-15 ) ) ;
#2658 = ORIENTED_EDGE ( 'NONE', *, *, #4451, .F. ) ;
#2659 = DIRECTION ( 'NONE',  ( -7.888609052210118054E-31, -5.605193857299268284E-45, 1.000000000000000000 ) ) ;
#2660 = DIRECTION ( 'NONE',  ( -6.982962677686265133E-15, 1.000000000000000000, 0.000000000000000000 ) ) ;
#2661 = ORIENTED_EDGE ( 'NONE', *, *, #5998, .F. ) ;
#2662 = VECTOR ( 'NONE', #6896, 1000.000000000000000 ) ;
#2663 = CARTESIAN_POINT ( 'NONE',  ( -1.727302714469883371, -4.853885693643693600, 6.000000000000000888 ) ) ;
#2664 = EDGE_CURVE ( 'NONE', #2347, #1545, #5673, .T. ) ;
#2665 = PLANE ( 'NONE',  #296 ) ;
#2666 = CARTESIAN_POINT ( 'NONE',  ( 1.603244849439732223, -14.33698223051995946, 5.500000000000000000 ) ) ;
#2667 = ORIENTED_EDGE ( 'NONE', *, *, #7988, .T. ) ;
#2668 = LINE ( 'NONE', #5269, #6804 ) ;
#2669 = ORIENTED_EDGE ( 'NONE', *, *, #5672, .T. ) ;
#2670 = AXIS2_PLACEMENT_3D ( 'NONE', #3849, #2695, #5296 ) ;
#2671 = LINE ( 'NONE', #558, #1286 ) ;
#2672 = LINE ( 'NONE', #4632, #3921 ) ;
#2673 = CARTESIAN_POINT ( 'NONE',  ( -12.45000000000013074, 22.49999999999991829, 3.000000000000000000 ) ) ;
#2674 = CARTESIAN_POINT ( 'NONE',  ( 0.1579298740744764784, -14.50030361056032824, 6.000000000000000000 ) ) ;
#2675 = ORIENTED_EDGE ( 'NONE', *, *, #5420, .F. ) ;
#2676 = AXIS2_PLACEMENT_3D ( 'NONE', #5508, #7449, #1575 ) ;
#2677 = CIRCLE ( 'NONE', #8295, 3.099999999999998757 ) ;
#2678 = ORIENTED_EDGE ( 'NONE', *, *, #1907, .T. ) ;
#2679 = PLANE ( 'NONE',  #6482 ) ;
#2680 = DIRECTION ( 'NONE',  ( 6.982962677686265922E-15, 4.876176775795934672E-29, 1.000000000000000000 ) ) ;
#2681 = VECTOR ( 'NONE', #2849, 1000.000000000000227 ) ;
#2682 = DIRECTION ( 'NONE',  ( -6.982962677686265922E-15, -4.876176775795934672E-29, -1.000000000000000000 ) ) ;
#2683 = ORIENTED_EDGE ( 'NONE', *, *, #8307, .F. ) ;
#2684 = CARTESIAN_POINT ( 'NONE',  ( -1.666666666666540175, -14.74883814102565083, 5.500000000000000000 ) ) ;
#2685 = ORIENTED_EDGE ( 'NONE', *, *, #5794, .T. ) ;
#2686 = CARTESIAN_POINT ( 'NONE',  ( -30.90000000000007674, 12.49999999999978684, 2.192429936924591167E-13 ) ) ;
#2687 = ADVANCED_FACE ( 'NONE', ( #5028 ), #7649, .F. ) ;
#2688 = VECTOR ( 'NONE', #2469, 1000.000000000000000 ) ;
#2689 = DIRECTION ( 'NONE',  ( 0.4417723297375898417, -0.8971271976025596562, 3.944304526105058151E-31 ) ) ;
#2690 = VECTOR ( 'NONE', #5416, 1000.000000000000000 ) ;
#2691 = EDGE_CURVE ( 'NONE', #845, #5558, #1169, .T. ) ;
#2692 = DIRECTION ( 'NONE',  ( 7.013817443069253186E-15, -1.000000000000000000, -1.936514030829104748E-31 ) ) ;
#2693 = VECTOR ( 'NONE', #6980, 1000.000000000000114 ) ;
#2694 = AXIS2_PLACEMENT_3D ( 'NONE', #2424, #5635, #6244 ) ;
#2695 = DIRECTION ( 'NONE',  ( -7.888609052210118054E-31, -5.605193857299268284E-45, 1.000000000000000000 ) ) ;
#2696 = CARTESIAN_POINT ( 'NONE',  ( 0.1819261412857484661, -14.43744742198848563, 5.500000000000000888 ) ) ;
#2697 = EDGE_LOOP ( 'NONE', ( #6846, #5818, #1150, #5489 ) ) ;
#2698 = EDGE_CURVE ( 'NONE', #4438, #5670, #5723, .T. ) ;
#2699 = EDGE_CURVE ( 'NONE', #4210, #7228, #1282, .T. ) ;
#2700 = CARTESIAN_POINT ( 'NONE',  ( 0.2275522840423961357, -7.391442685406629742, 6.000000000000000000 ) ) ;
#2701 = ORIENTED_EDGE ( 'NONE', *, *, #2508, .T. ) ;
#2702 = CARTESIAN_POINT ( 'NONE',  ( 1.819967283515125045, -6.321543604101798053, 5.500000000000000000 ) ) ;
#2703 = CARTESIAN_POINT ( 'NONE',  ( 3.131316011514056098E-15, 2.799999999999999822, 6.000000000000000000 ) ) ;
#2704 = VERTEX_POINT ( 'NONE', #6240 ) ;
#2705 = EDGE_CURVE ( 'NONE', #3701, #3715, #726, .T. ) ;
#2706 = ADVANCED_FACE ( 'NONE', ( #1894 ), #1937, .F. ) ;
#2707 = LINE ( 'NONE', #676, #3098 ) ;
#2708 = DIRECTION ( 'NONE',  ( -0.8676178079094164497, 0.4972316757794690845, 0.000000000000000000 ) ) ;
#2709 = CARTESIAN_POINT ( 'NONE',  ( -0.4462800840703869398, -4.157482529281845807, 6.000000000000000888 ) ) ;
#2710 = CARTESIAN_POINT ( 'NONE',  ( -2.499999999999884093, -13.18333333333334956, 6.000000000000000000 ) ) ;
#2711 = CARTESIAN_POINT ( 'NONE',  ( 1.730769230769357181, -14.73982371794870261, 5.500000000000000000 ) ) ;
#2712 = EDGE_LOOP ( 'NONE', ( #6971, #7772, #1154, #7804 ) ) ;
#2713 = CARTESIAN_POINT ( 'NONE',  ( 0.8497967345311563392, 0.1845945801883431547, 6.000000000000000000 ) ) ;
#2714 = VERTEX_POINT ( 'NONE', #6535 ) ;
#2715 = CARTESIAN_POINT ( 'NONE',  ( -49.00000000000000711, 5.299999999999656985, 3.317568303507659991E-13 ) ) ;
#2716 = ADVANCED_FACE ( 'NONE', ( #3990 ), #5850, .F. ) ;
#2717 = CARTESIAN_POINT ( 'NONE',  ( 1.806694633951519302, -11.23331379798186092, 6.000000000000000000 ) ) ;
#2718 = CARTESIAN_POINT ( 'NONE',  ( -17.00000000000014211, 23.69999999999988205, 1.221798124726199716E-13 ) ) ;
#2719 = CARTESIAN_POINT ( 'NONE',  ( -0.8959985705278815660, 5.767690442349400648, 2.254564340789526611 ) ) ;
#2720 = DIRECTION ( 'NONE',  ( -7.888609052210118054E-31, -5.605193857299268284E-45, 1.000000000000000000 ) ) ;
#2721 = ORIENTED_EDGE ( 'NONE', *, *, #1806, .F. ) ;
#2722 = CARTESIAN_POINT ( 'NONE',  ( -55.00000000000011369, 23.19999999999961915, 2.500000000000372591 ) ) ;
#2723 = FACE_OUTER_BOUND ( 'NONE', #349, .T. ) ;
#2724 = CARTESIAN_POINT ( 'NONE',  ( 1.433246906124564291, -16.41505728105040518, 5.500000000000000000 ) ) ;
#2725 = ORIENTED_EDGE ( 'NONE', *, *, #6633, .F. ) ;
#2726 = CARTESIAN_POINT ( 'NONE',  ( -1.778747808767212391, -6.336910544657524014, 5.500000000000000000 ) ) ;
#2727 = ORIENTED_EDGE ( 'NONE', *, *, #6778, .F. ) ;
#2728 = CARTESIAN_POINT ( 'NONE',  ( 3.131316011514056098E-15, 2.799999999999999822, 6.000000000000000000 ) ) ;
#2729 = LINE ( 'NONE', #869, #2690 ) ;
#2730 = CARTESIAN_POINT ( 'NONE',  ( 2.490080443816611311, -9.670687507960455065, 5.500000000000000000 ) ) ;
#2731 = CARTESIAN_POINT ( 'NONE',  ( 1.674621644223545758, -8.627255829527005204, 5.500000000000000888 ) ) ;
#2732 = LINE ( 'NONE', #2818, #3901 ) ;
#2733 = CARTESIAN_POINT ( 'NONE',  ( 0.1285669302982592743, -14.67933799002521944, 5.500000000000000888 ) ) ;
#2734 = ORIENTED_EDGE ( 'NONE', *, *, #3372, .T. ) ;
#2735 = CARTESIAN_POINT ( 'NONE',  ( -12.44999999999981455, -22.50000000000008171, 3.000000000000000000 ) ) ;
#2736 = CARTESIAN_POINT ( 'NONE',  ( 2.347463941177804880, -8.026479271656114634, 5.500000000000000000 ) ) ;
#2737 = DIRECTION ( 'NONE',  ( -0.04506627997401949082, -0.9989839990757126698, -4.930380657631324879E-32 ) ) ;
#2738 = CARTESIAN_POINT ( 'NONE',  ( -2.107946925962100426, -6.119485458134279909, 6.000000000000000000 ) ) ;
#2739 = EDGE_CURVE ( 'NONE', #4330, #7838, #39, .T. ) ;
#2740 = DIRECTION ( 'NONE',  ( 6.982962677686265922E-15, 4.876176775795934672E-29, 1.000000000000000000 ) ) ;
#2741 = CARTESIAN_POINT ( 'NONE',  ( 21.00000000000015987, -19.49999999999985079, -1.431727692794581634E-13 ) ) ;
#2742 = ORIENTED_EDGE ( 'NONE', *, *, #745, .F. ) ;
#2743 = EDGE_CURVE ( 'NONE', #5039, #2586, #4543, .T. ) ;
#2744 = EDGE_CURVE ( 'NONE', #2415, #896, #5187, .T. ) ;
#2745 = FACE_OUTER_BOUND ( 'NONE', #1510, .T. ) ;
#2746 = CARTESIAN_POINT ( 'NONE',  ( -7.882096392767491182E-15, 4.349999999999999645, 6.000000000000000000 ) ) ;
#2747 = CARTESIAN_POINT ( 'NONE',  ( -0.6556976821604344474, -14.03671903661030562, 6.000000000000000000 ) ) ;
#2748 = VERTEX_POINT ( 'NONE', #5228 ) ;
#2749 = EDGE_CURVE ( 'NONE', #1434, #2014, #4426, .T. ) ;
#2750 = CARTESIAN_POINT ( 'NONE',  ( 2.176086816420545134, -10.13990167965167899, 5.999999999999999112 ) ) ;
#2751 = ADVANCED_FACE ( 'NONE', ( #7292 ), #5930, .F. ) ;
#2752 = EDGE_LOOP ( 'NONE', ( #6458, #7300, #8473, #5623 ) ) ;
#2753 = B_SPLINE_CURVE_WITH_KNOTS ( 'NONE', 3,
 ( #5760, #8467, #5189, #7811, #4544, #681, #8499, #6652, #3987, #4029, #7254 ),
 .UNSPECIFIED., .F., .F.,
 ( 4, 1, 1, 1, 1, 1, 1, 1, 4 ),
 ( 0.000000000000000000, 0.1278414629307421113, 0.2497792886028959436, 0.3725532691609884095, 0.5002612830658909049, 0.6279692969707912908, 0.7502645813084201087, 0.8733215602763094720, 1.000000000000000000 ),
 .UNSPECIFIED. ) ;
#2754 = PLANE ( 'NONE',  #7414 ) ;
#2755 = CARTESIAN_POINT ( 'NONE',  ( -0.1135262451270845491, -5.745759791700824515, 6.000000000000000000 ) ) ;
#2756 = CARTESIAN_POINT ( 'NONE',  ( 1.713745292340373538, -16.30618074904262471, 5.999999999999999112 ) ) ;
#2757 = CARTESIAN_POINT ( 'NONE',  ( 2.268361150903560723E-14, 1.583988125627303051E-28, 0.8000000000000003775 ) ) ;
#2758 = CARTESIAN_POINT ( 'NONE',  ( 1.729552573484577138, -4.968268558200394480, 5.999999999999999112 ) ) ;
#2759 = CARTESIAN_POINT ( 'NONE',  ( 0.8356852734701847307, -14.01786124226779506, 6.000000000000000000 ) ) ;
#2760 = ORIENTED_EDGE ( 'NONE', *, *, #3711, .F. ) ;
#2761 = EDGE_LOOP ( 'NONE', ( #7287, #510, #6195, #7253 ) ) ;
#2762 = CARTESIAN_POINT ( 'NONE',  ( 1.282051282051420493, -16.45256410256408941, 5.500000000000000888 ) ) ;
#2763 = VERTEX_POINT ( 'NONE', #3346 ) ;
#2764 = CLOSED_SHELL ( 'NONE', ( #7786, #6372, #2437, #580, #5461, #2687, #5305, #6560, #7615, #7356, #1700, #8353, #4832, #5581, #8085, #5779, #3799, #5743, #8148, #4937, #275, #737, #7934, #2016, #6844, #2486, #5856, #4464, #2940, #7365 ) ) ;
#2765 = PLANE ( 'NONE',  #1843 ) ;
#2766 = ORIENTED_EDGE ( 'NONE', *, *, #6004, .F. ) ;
#2767 = CARTESIAN_POINT ( 'NONE',  ( 0.5343457804302976788, -14.09323400544527161, 6.000000000000000000 ) ) ;
#2768 = PLANE ( 'NONE',  #6386 ) ;
#2769 = EDGE_CURVE ( 'NONE', #7010, #5063, #2671, .T. ) ;
#2770 = CARTESIAN_POINT ( 'NONE',  ( -2.591814885491188214, -4.585345096389854547, 5.500000000000000888 ) ) ;
#2771 = CIRCLE ( 'NONE', #4810, 3.100000000000000089 ) ;
#2772 = CARTESIAN_POINT ( 'NONE',  ( 1.556818638489741113, -8.446385621121512699, 6.000000000000000000 ) ) ;
#2773 = CARTESIAN_POINT ( 'NONE',  ( -53.89999999999981384, -20.50000000000037659, 2.500000000000364597 ) ) ;
#2774 = EDGE_LOOP ( 'NONE', ( #5149, #7473, #2984, #3481 ) ) ;
#2775 = LINE ( 'NONE', #4822, #2357 ) ;
#2776 = CARTESIAN_POINT ( 'NONE',  ( 1.668255819642904925, -15.04565154031616281, 6.000000000000000000 ) ) ;
#2777 = AXIS2_PLACEMENT_3D ( 'NONE', #6474, #7322, #1449 ) ;
#2778 = CARTESIAN_POINT ( 'NONE',  ( -1.893062146606375729, -6.267596856016062645, 5.999999999999999112 ) ) ;
#2779 = PRESENTATION_STYLE_ASSIGNMENT (( #150 ) ) ;
#2780 = CARTESIAN_POINT ( 'NONE',  ( 1.315310803901099890, -8.263837757759411318, 6.000000000000000000 ) ) ;
#2781 = CARTESIAN_POINT ( 'NONE',  ( 3.131316011514056098E-15, 2.799999999999999822, 6.000000000000000000 ) ) ;
#2782 = ORIENTED_EDGE ( 'NONE', *, *, #5518, .T. ) ;
#2783 = AXIS2_PLACEMENT_3D ( 'NONE', #7924, #4656, #4829 ) ;
#2784 = CARTESIAN_POINT ( 'NONE',  ( -0.7069070778344437311, -14.17656879635625344, 6.000000000000000888 ) ) ;
#2785 = LINE ( 'NONE', #4750, #1978 ) ;
#2786 = CARTESIAN_POINT ( 'NONE',  ( 1.729411099374859928, -8.941970915723643998, 5.999999999999999112 ) ) ;
#2787 = CARTESIAN_POINT ( 'NONE',  ( 2.614058297903629313, -4.674718752223831153, 6.000000000000000000 ) ) ;
#2788 = EDGE_LOOP ( 'NONE', ( #122, #1657, #612, #4110, #2898, #6811, #1413, #1328, #1371, #909, #8013, #6323 ) ) ;
#2789 = CARTESIAN_POINT ( 'NONE',  ( 2.608484153170389508, -9.258006217480540201, 6.000000000000000000 ) ) ;
#2790 = EDGE_CURVE ( 'NONE', #6578, #139, #40, .T. ) ;
#2791 = VECTOR ( 'NONE', #7045, 1000.000000000000000 ) ;
#2793 = ORIENTED_EDGE ( 'NONE', *, *, #5794, .F. ) ;
#2792 = EDGE_CURVE ( 'NONE', #7983, #583, #4497, .T. ) ;
#2794 = DIRECTION ( 'NONE',  ( 1.000000000000000000, 6.715058616684402777E-15, -8.953411488912536510E-15 ) ) ;
#2795 = CARTESIAN_POINT ( 'NONE',  ( -0.7087255150782174606, -5.710452864953973418, 5.500000000000000888 ) ) ;
#2796 = EDGE_CURVE ( 'NONE', #6731, #2879, #2588, .T. ) ;
#2797 = VECTOR ( 'NONE', #2846, 1000.000000000000114 ) ;
#2798 = CARTESIAN_POINT ( 'NONE',  ( 31.99999999999988987, 21.20000000000022666, -2.199853587340071225E-13 ) ) ;
#2799 = CARTESIAN_POINT ( 'NONE',  ( -2.214865306861705019, 4.968956355591414464, 6.000000000000000000 ) ) ;
#2800 = CARTESIAN_POINT ( 'NONE',  ( 2.628205128205185925, -4.935136217948702608, 5.500000000000000888 ) ) ;
#2801 = ORIENTED_EDGE ( 'NONE', *, *, #117, .T. ) ;
#2803 = EDGE_CURVE ( 'NONE', #1311, #995, #825, .T. ) ;
#2802 = ORIENTED_EDGE ( 'NONE', *, *, #2796, .F. ) ;
#2804 = DIRECTION ( 'NONE',  ( -7.888609052210118054E-31, -5.605193857299268284E-45, 1.000000000000000000 ) ) ;
#2805 = VECTOR ( 'NONE', #888, 1000.000000000000000 ) ;
#2806 = ADVANCED_FACE ( 'NONE', ( #5974 ), #8432, .T. ) ;
#2807 = CARTESIAN_POINT ( 'NONE',  ( -0.2594013143302190683, 5.889127863673458307, 2.254564340789526611 ) ) ;
#2808 = AXIS2_PLACEMENT_3D ( 'NONE', #1262, #7823, #7059 ) ;
#2809 = CARTESIAN_POINT ( 'NONE',  ( -3.018094598906785553, 2.092112302656934819, 6.000000000000000000 ) ) ;
#2810 = EDGE_LOOP ( 'NONE', ( #4906, #5195, #5766, #7522 ) ) ;
#2811 = CARTESIAN_POINT ( 'NONE',  ( -1.666666666666540175, -14.74883814102565083, 6.000000000000000000 ) ) ;
#2812 = DIRECTION ( 'NONE',  ( -1.000000000000000000, -6.308085367188407793E-15, 6.982962677686258822E-15 ) ) ;
#2813 = DIRECTION ( 'NONE',  ( 7.888609052210118054E-31, 5.605193857299268284E-45, -1.000000000000000000 ) ) ;
#2814 = VECTOR ( 'NONE', #5692, 1000.000000000000114 ) ;
#2815 = AXIS2_PLACEMENT_3D ( 'NONE', #2605, #1312, #4558 ) ;
#2816 = EDGE_CURVE ( 'NONE', #4056, #943, #5863, .T. ) ;
#2817 = CARTESIAN_POINT ( 'NONE',  ( -1.666666666666592134, -7.350000000000012079, 5.500000000000000000 ) ) ;
#2818 = CARTESIAN_POINT ( 'NONE',  ( 1.730769230769288347, -4.939142628205118513, 5.500000000000000000 ) ) ;
#2819 = ORIENTED_EDGE ( 'NONE', *, *, #2496, .F. ) ;
#2820 = DIRECTION ( 'NONE',  ( 0.3258489703725783726, 0.9454218362758131100, 3.944304526105059027E-31 ) ) ;
#2821 = CARTESIAN_POINT ( 'NONE',  ( 3.131316011514059253E-15, 2.799999999999999822, 3.000000000000000000 ) ) ;
#2822 = CIRCLE ( 'NONE', #5408, 0.9499999999999995115 ) ;
#2823 = CARTESIAN_POINT ( 'NONE',  ( -42.21897503240913352, -22.50000000000029488, 3.000000000000297540 ) ) ;
#2824 = CARTESIAN_POINT ( 'NONE',  ( -1.948116987179420390, -6.234214743589761021, 5.500000000000000888 ) ) ;
#2825 = CARTESIAN_POINT ( 'NONE',  ( 2.125457166559236999, -11.20133024891813989, 5.500000000000000888 ) ) ;
#2826 = CARTESIAN_POINT ( 'NONE',  ( 1.387219551282104835, -4.391266025641018977, 5.500000000000000888 ) ) ;
#2827 = CARTESIAN_POINT ( 'NONE',  ( 0.05909455128211449360, -5.747435897435900110, 5.500000000000000888 ) ) ;
#2828 = CARTESIAN_POINT ( 'NONE',  ( -42.99999999999982236, -19.50000000000029843, 3.000000000000302869 ) ) ;
#2829 = CARTESIAN_POINT ( 'NONE',  ( 0.2275522840423961357, -7.391442685406629742, 5.500000000000000000 ) ) ;
#2830 = CARTESIAN_POINT ( 'NONE',  ( 43.00000000000019895, -19.49999999999969802, 4.999999999999707789 ) ) ;
#2831 = LINE ( 'NONE', #5477, #5227 ) ;
#2832 = CARTESIAN_POINT ( 'NONE',  ( 1.718325709722958061, -14.59473588061047344, 5.500000000000000000 ) ) ;
#2833 = VERTEX_POINT ( 'NONE', #4894 ) ;
#2834 = EDGE_LOOP ( 'NONE', ( #7709, #8436, #6990, #3710 ) ) ;
#2835 = CARTESIAN_POINT ( 'NONE',  ( 1.980606027916740342, -12.28410898750091107, 6.000000000000000000 ) ) ;
#2836 = DIRECTION ( 'NONE',  ( 1.000000000000000000, 7.304098846218139203E-15, -6.982962677686276966E-15 ) ) ;
#2837 = VERTEX_POINT ( 'NONE', #7511 ) ;
#2838 = DIRECTION ( 'NONE',  ( -7.140664811865975012E-15, -4.984807389725283065E-29, -1.000000000000000000 ) ) ;
#2839 = VERTEX_POINT ( 'NONE', #8110 ) ;
#2840 = CARTESIAN_POINT ( 'NONE',  ( 1.726721576465250152, -14.84556674475642346, 5.500000000000000000 ) ) ;
#2841 = CARTESIAN_POINT ( 'NONE',  ( 0.1288816258766188327, -6.644385295427484017, 5.500000000000000888 ) ) ;
#2842 = ORIENTED_EDGE ( 'NONE', *, *, #6732, .F. ) ;
#2843 = VERTEX_POINT ( 'NONE', #1504 ) ;
#2844 = EDGE_CURVE ( 'NONE', #3943, #8108, #3889, .T. ) ;
#2845 = ADVANCED_FACE ( 'NONE', ( #6736 ), #8194, .F. ) ;
#2846 = DIRECTION ( 'NONE',  ( 0.9361639956103178228, -0.3515636120575122425, 7.888609052210119806E-31 ) ) ;
#2847 = CARTESIAN_POINT ( 'NONE',  ( -1.371161179736037683, -6.489385079046153137, 5.500000000000000888 ) ) ;
#2848 = VERTEX_POINT ( 'NONE', #6950 ) ;
#2849 = DIRECTION ( 'NONE',  ( 0.9793242484501311074, -0.2022968521692459498, 7.888609052210118054E-31 ) ) ;
#2850 = CARTESIAN_POINT ( 'NONE',  ( 0.08013744626672442140, -4.145710561671123173, 5.500000000000000000 ) ) ;
#2851 = ORIENTED_EDGE ( 'NONE', *, *, #2073, .T. ) ;
#2852 = CARTESIAN_POINT ( 'NONE',  ( 2.592510841945879552, -4.552777580947548586, 5.500000000000000000 ) ) ;
#2853 = ADVANCED_FACE ( 'NONE', ( #2354 ), #5006, .F. ) ;
#2854 = B_SPLINE_CURVE_WITH_KNOTS ( 'NONE', 3,
 ( #7874, #4566, #2083, #5253, #7240, #5297, #7917, #2041, #7318, #1443, #3411 ),
 .UNSPECIFIED., .F., .F.,
 ( 4, 1, 1, 1, 1, 1, 1, 1, 4 ),
 ( 0.000000000000000000, 0.1270595051330053182, 0.2501582211420698698, 0.3728213857810744325, 0.5001667879735015587, 0.6273612302796138795, 0.7494693424423128914, 0.8717739731331586306, 0.9999999999999998890 ),
 .UNSPECIFIED. ) ;
#2855 = CARTESIAN_POINT ( 'NONE',  ( 3.106316672225911466E-14, -1.200000000000000178, 0.8000000000000003775 ) ) ;
#2856 = CARTESIAN_POINT ( 'NONE',  ( 3.131316011514056098E-15, 2.799999999999999822, 6.000000000000000000 ) ) ;
#2857 = ORIENTED_EDGE ( 'NONE', *, *, #3682, .F. ) ;
#2858 = PLANE ( 'NONE',  #8242 ) ;
#2859 = LINE ( 'NONE', #2215, #2814 ) ;
#2860 = CARTESIAN_POINT ( 'NONE',  ( 1.282051282051413166, -15.42692307692306564, 6.000000000000000000 ) ) ;
#2861 = CARTESIAN_POINT ( 'NONE',  ( -1.585322163427358877, -4.548316859980396920, 5.500000000000000888 ) ) ;
#2862 = CARTESIAN_POINT ( 'NONE',  ( 0.9194711538462342348, -8.183333333333326465, 6.000000000000000000 ) ) ;
#2863 = DIRECTION ( 'NONE',  ( -7.888609052210118054E-31, -5.605193857299268284E-45, 1.000000000000000000 ) ) ;
#2864 = CARTESIAN_POINT ( 'NONE',  ( 21.00000000000017764, -19.49999999999985079, 2.999999999999859668 ) ) ;
#2865 = DIRECTION ( 'NONE',  ( 7.888609052210118054E-31, 5.605193857299268284E-45, -1.000000000000000000 ) ) ;
#2866 = DIRECTION ( 'NONE',  ( -0.8537055056913840367, -0.5207560941095344953, -7.888609052210117178E-31 ) ) ;
#2867 = DIRECTION ( 'NONE',  ( -6.982962677686265922E-15, 1.000000000000000000, 0.000000000000000000 ) ) ;
#2868 = ORIENTED_EDGE ( 'NONE', *, *, #2386, .T. ) ;
#2869 = CARTESIAN_POINT ( 'NONE',  ( 2.627430199775223851, -4.979895263726410448, 6.000000000000000000 ) ) ;
#2870 = LINE ( 'NONE', #293, #4003 ) ;
#2871 = ORIENTED_EDGE ( 'NONE', *, *, #8205, .T. ) ;
#2872 = CARTESIAN_POINT ( 'NONE',  ( 43.00000000000018474, -19.49999999999969802, 2.999999999999706013 ) ) ;
#2873 = CARTESIAN_POINT ( 'NONE',  ( -1.132966532427845952, -5.624209674478934495, 5.500000000000000000 ) ) ;
#2874 = LINE ( 'NONE', #4247, #76 ) ;
#2875 = CARTESIAN_POINT ( 'NONE',  ( 1.730769230769357403, -14.73982371794870438, 5.999999999999999112 ) ) ;
#2876 = ORIENTED_EDGE ( 'NONE', *, *, #134, .F. ) ;
#2877 = FACE_OUTER_BOUND ( 'NONE', #1653, .T. ) ;
#2878 = CARTESIAN_POINT ( 'NONE',  ( 0.2981557378202767672, -8.433243599184757855, 5.500000000000000888 ) ) ;
#2879 = VERTEX_POINT ( 'NONE', #8320 ) ;
#2880 = ORIENTED_EDGE ( 'NONE', *, *, #393, .T. ) ;
#2881 = DIRECTION ( 'NONE',  ( 6.982962677686265922E-15, -1.000000000000000000, 0.000000000000000000 ) ) ;
#2882 = CARTESIAN_POINT ( 'NONE',  ( 0.1311058630887069754, -8.945877979413715764, 5.500000000000000888 ) ) ;
#2883 = ORIENTED_EDGE ( 'NONE', *, *, #2156, .F. ) ;
#2884 = ADVANCED_FACE ( 'NONE', ( #4395 ), #7128, .T. ) ;
#2885 = CARTESIAN_POINT ( 'NONE',  ( 1.861501712986946666, -13.39105150545070266, 6.000000000000000000 ) ) ;
#2886 =( NAMED_UNIT ( * ) SI_UNIT ( $, .STERADIAN. ) SOLID_ANGLE_UNIT ( ) );
#2887 = VERTEX_POINT ( 'NONE', #5700 ) ;
#2888 = CARTESIAN_POINT ( 'NONE',  ( 0.6774350997232655436, -14.04301928125185661, 6.000000000000000000 ) ) ;
#2889 = B_SPLINE_CURVE_WITH_KNOTS ( 'NONE', 3,
 ( #2976, #4899, #7517, #3612, #1554, #6922, #4162, #6279, #397, #6878, #953, #1729, #6236, #7476, #2331, #259, #1640, #5586, #4338 ),
 .UNSPECIFIED., .F., .F.,
 ( 4, 1, 1, 1, 1, 1, 1, 1, 1, 1, 1, 1, 1, 1, 1, 1, 4 ),
 ( 0.000000000000000000, 0.06675771127909888025, 0.1317324785734523551, 0.1948167910261858204, 0.2570269751173335226, 0.3187274376799378306, 0.3803299566842556212, 0.4433052533380152371, 0.5074457357281488834, 0.5714909223970685570, 0.6333486697152077571, 0.6939309794721829627, 0.7539203747855195425, 0.8137951195536999860, 0.8745193245299823781, 0.9362197870925862420, 1.000000000000000000 ),
 .UNSPECIFIED. ) ;
#2890 = ORIENTED_EDGE ( 'NONE', *, *, #6090, .T. ) ;
#2891 = EDGE_CURVE ( 'NONE', #2763, #130, #1959, .T. ) ;
#2892 = DIRECTION ( 'NONE',  ( 0.2314589672531777997, -0.9728446671890084163, 0.000000000000000000 ) ) ;
#2893 = EDGE_CURVE ( 'NONE', #3290, #5191, #5908, .T. ) ;
#2894 = CLOSED_SHELL ( 'NONE', ( #8305, #8393, #8463, #6836, #4088, #5677, #4312, #538, #5941, #1895, #4993, #2264, #6466, #5047, #6049, #2971, #2706, #3847, #7665, #274, #7743, #3916 ) ) ;
#2895 = CARTESIAN_POINT ( 'NONE',  ( -2.591814885491188214, -4.585345096389854547, 5.500000000000000888 ) ) ;
#2896 = EDGE_CURVE ( 'NONE', #2704, #1431, #7149, .T. ) ;
#2897 = DIRECTION ( 'NONE',  ( -0.8193223671891997073, 0.5733331131405949854, -7.888609052210118054E-31 ) ) ;
#2898 = ORIENTED_EDGE ( 'NONE', *, *, #2378, .F. ) ;
#2899 = CARTESIAN_POINT ( 'NONE',  ( 0.8884214743590482799, -7.285897435897429553, 5.500000000000000888 ) ) ;
#2900 = FACE_OUTER_BOUND ( 'NONE', #8048, .T. ) ;
#2901 = CYLINDRICAL_SURFACE ( 'NONE', #4320, 3.100000000000000089 ) ;
#2902 = CARTESIAN_POINT ( 'NONE',  ( -2.214865306861705463, 4.968956355591413576, 2.318931217520895149 ) ) ;
#2903 = CARTESIAN_POINT ( 'NONE',  ( 0.4477163461539355183, -9.459374999999997868, 5.500000000000000000 ) ) ;
#2904 = CARTESIAN_POINT ( 'NONE',  ( -1.533301970205888987, -5.411453734468349985, 5.500000000000000000 ) ) ;
#2905 = CIRCLE ( 'NONE', #3997, 1.099999999999996758 ) ;
#2906 = CARTESIAN_POINT ( 'NONE',  ( 2.017227564102666015, -11.19615384615383746, 6.000000000000000888 ) ) ;
#2907 = CARTESIAN_POINT ( 'NONE',  ( -0.3047447784968336792, -13.54893172369067855, 6.000000000000000000 ) ) ;
#2908 = VECTOR ( 'NONE', #6412, 1000.000000000000227 ) ;
#2909 = CARTESIAN_POINT ( 'NONE',  ( -0.5084190896582093666, -7.944802990829669120, 6.000000000000000000 ) ) ;
#2910 = CARTESIAN_POINT ( 'NONE',  ( 0.8497967345311563392, 0.1845945801883431547, 2.255915264206802995 ) ) ;
#2911 = CARTESIAN_POINT ( 'NONE',  ( 1.477005619848393847, -9.469061039872283203, 5.999999999999999112 ) ) ;
#2912 = CARTESIAN_POINT ( 'NONE',  ( 1.243786431126749914, -14.06853287218177329, 6.000000000000000000 ) ) ;
#2913 = VERTEX_POINT ( 'NONE', #2001 ) ;
#2914 = DIRECTION ( 'NONE',  ( -0.04506627997404807906, 0.9989839990757112265, -4.930380657631323236E-32 ) ) ;
#2915 = DIRECTION ( 'NONE',  ( 6.982962677686265922E-15, -1.000000000000000000, 0.000000000000000000 ) ) ;
#2916 = ORIENTED_EDGE ( 'NONE', *, *, #5672, .F. ) ;
#2917 = CARTESIAN_POINT ( 'NONE',  ( 1.509441271321872557, -11.95164009611350941, 6.000000000000000000 ) ) ;
#2918 = CIRCLE ( 'NONE', #2376, 3.100000000000000089 ) ;
#2919 = CARTESIAN_POINT ( 'NONE',  ( -1.132966532427845952, -5.624209674478934495, 5.999999999999999112 ) ) ;
#2920 = LINE ( 'NONE', #3010, #1183 ) ;
#2921 = ADVANCED_FACE ( 'NONE', ( #5124 ), #5828, .T. ) ;
#2922 = DIRECTION ( 'NONE',  ( -7.888609052210118054E-31, -5.605193857299268284E-45, 1.000000000000000000 ) ) ;
#2923 = EDGE_LOOP ( 'NONE', ( #4852, #2537, #6418, #6087 ) ) ;
#2924 = CARTESIAN_POINT ( 'NONE',  ( 1.726721576465209518, -9.012233411423091312, 5.500000000000000000 ) ) ;
#2925 = CARTESIAN_POINT ( 'NONE',  ( 0.6042115278614871299, -8.232304444217934503, 5.999999999999999112 ) ) ;
#2926 = VERTEX_POINT ( 'NONE', #2855 ) ;
#2927 = ORIENTED_EDGE ( 'NONE', *, *, #6982, .T. ) ;
#2928 = LINE ( 'NONE', #307, #6536 ) ;
#2929 = LINE ( 'NONE', #4217, #1414 ) ;
#2930 = VECTOR ( 'NONE', #1249, 1000.000000000000000 ) ;
#2931 = CARTESIAN_POINT ( 'NONE',  ( 15.00000000000018474, -22.49999999999989342, 2.063301313026461295E-16 ) ) ;
#2932 = ORIENTED_EDGE ( 'NONE', *, *, #4735, .T. ) ;
#2933 = EDGE_LOOP ( 'NONE', ( #3792, #81, #4379, #1771 ) ) ;
#2934 = VECTOR ( 'NONE', #8483, 1000.000000000000000 ) ;
#2935 = ORIENTED_EDGE ( 'NONE', *, *, #6893, .F. ) ;
#2936 = CARTESIAN_POINT ( 'NONE',  ( 2.368964994705053062, -4.028289084338397608, 5.500000000000000888 ) ) ;
#2937 = VECTOR ( 'NONE', #1476, 1000.000000000000000 ) ;
#2938 = CARTESIAN_POINT ( 'NONE',  ( 0.9485465016126112259, -8.183816229915271023, 5.500000000000000000 ) ) ;
#2939 = ORIENTED_EDGE ( 'NONE', *, *, #6422, .T. ) ;
#2940 = ADVANCED_FACE ( 'NONE', ( #5952 ), #3495, .F. ) ;
#2941 = CARTESIAN_POINT ( 'NONE',  ( 1.473523686192222515, 5.121901795130555435, 2.288478284718786782 ) ) ;
#2942 = ORIENTED_EDGE ( 'NONE', *, *, #1184, .F. ) ;
#2943 = DIRECTION ( 'NONE',  ( -6.867314445954479045E-15, -4.797243844499407540E-29, -1.000000000000000000 ) ) ;
#2944 = CARTESIAN_POINT ( 'NONE',  ( -1.666666666666581254, -8.915504807692320455, 6.000000000000000000 ) ) ;
#2945 = FACE_BOUND ( 'NONE', #2145, .T. ) ;
#2946 = CARTESIAN_POINT ( 'NONE',  ( 0.002003205128257268611, -4.144871794871797910, 5.500000000000000000 ) ) ;
#2947 = CARTESIAN_POINT ( 'NONE',  ( -3.099320118772016297, 2.735078498361539712, 6.000000000000000000 ) ) ;
#2948 = CARTESIAN_POINT ( 'NONE',  ( -48.99999999999981526, -22.50000000000034106, 3.317568303507659991E-13 ) ) ;
#2949 = CARTESIAN_POINT ( 'NONE',  ( -1.484443964493470158, -5.454732601127710190, 5.500000000000000000 ) ) ;
#2950 = VECTOR ( 'NONE', #730, 999.9999999999998863 ) ;
#2951 = VERTEX_POINT ( 'NONE', #5293 ) ;
#2952 = EDGE_CURVE ( 'NONE', #5456, #5859, #1441, .T. ) ;
#2953 = DIRECTION ( 'NONE',  ( 6.982962677686265922E-15, 4.876176775795934672E-29, 1.000000000000000000 ) ) ;
#2954 = AXIS2_PLACEMENT_3D ( 'NONE', #1245, #8414, #5843 ) ;
#2955 = EDGE_CURVE ( 'NONE', #114, #388, #3450, .T. ) ;
#2956 = AXIS2_PLACEMENT_3D ( 'NONE', #3982, #6603, #116 ) ;
#2957 = DIRECTION ( 'NONE',  ( 6.982962677686265922E-15, 4.876176775795934672E-29, 1.000000000000000000 ) ) ;
#2958 = ADVANCED_FACE ( 'NONE', ( #7915, #4648 ), #827, .T. ) ;
#2959 = DIRECTION ( 'NONE',  ( -7.888609052210119806E-31, -5.605193857299269528E-45, 1.000000000000000000 ) ) ;
#2960 = CARTESIAN_POINT ( 'NONE',  ( -20.99999999999982947, -19.50000000000014211, 3.000000000000149214 ) ) ;
#2961 = DIRECTION ( 'NONE',  ( 6.982962677686265922E-15, -1.000000000000000000, 0.000000000000000000 ) ) ;
#2962 = CARTESIAN_POINT ( 'NONE',  ( 1.445110554477882614, -14.17708380402264545, 5.500000000000000000 ) ) ;
#2963 = ORIENTED_EDGE ( 'NONE', *, *, #8083, .T. ) ;
#2964 = CARTESIAN_POINT ( 'NONE',  ( 1.932517927150822601, -6.256437941748127507, 5.500000000000000000 ) ) ;
#2965 = SURFACE_STYLE_FILL_AREA ( #7507 ) ;
#2966 = ORIENTED_EDGE ( 'NONE', *, *, #5543, .T. ) ;
#2967 = AXIS2_PLACEMENT_3D ( 'NONE', #2352, #6947, #6862 ) ;
#2968 = EDGE_CURVE ( 'NONE', #4210, #2302, #6070, .T. ) ;
#2969 = CARTESIAN_POINT ( 'NONE',  ( 2.017227564102673565, -12.28589743589742689, 5.500000000000000888 ) ) ;
#2970 = AXIS2_PLACEMENT_3D ( 'NONE', #1940, #4420, #3268 ) ;
#2971 = ADVANCED_FACE ( 'NONE', ( #8086 ), #6711, .F. ) ;
#2972 = LINE ( 'NONE', #6141, #5008 ) ;
#2973 = AXIS2_PLACEMENT_3D ( 'NONE', #1832, #5010, #629 ) ;
#2974 = CARTESIAN_POINT ( 'NONE',  ( 1.668255819642904925, -15.04565154031616281, 5.500000000000000888 ) ) ;
#2975 = ORIENTED_EDGE ( 'NONE', *, *, #4321, .T. ) ;
#2976 = CARTESIAN_POINT ( 'NONE',  ( 0.8884214743590482799, -7.285897435897429553, 6.000000000000000000 ) ) ;
#2977 = CARTESIAN_POINT ( 'NONE',  ( 0.1282051282052131536, -8.869431089743587293, 6.000000000000000000 ) ) ;
#2978 = ORIENTED_EDGE ( 'NONE', *, *, #3733, .T. ) ;
#2979 = ORIENTED_EDGE ( 'NONE', *, *, #2286, .T. ) ;
#2980 = DIRECTION ( 'NONE',  ( -7.888609052210118054E-31, -5.605193857299268284E-45, 1.000000000000000000 ) ) ;
#2981 = ADVANCED_FACE ( 'NONE', ( #236 ), #4511, .T. ) ;
#2982 = DIRECTION ( 'NONE',  ( -6.982962677686265133E-15, 1.000000000000000000, 0.000000000000000000 ) ) ;
#2983 = DIRECTION ( 'NONE',  ( 6.867314445954479834E-15, 4.797243844499408100E-29, 1.000000000000000000 ) ) ;
#2984 = ORIENTED_EDGE ( 'NONE', *, *, #7247, .F. ) ;
#2985 = EDGE_LOOP ( 'NONE', ( #4122, #2456, #453, #4242 ) ) ;
#2986 = CARTESIAN_POINT ( 'NONE',  ( 10.99999999999986677, 22.50000000000008171, 2.999999999999997335 ) ) ;
#2987 = CARTESIAN_POINT ( 'NONE',  ( 1.005544403265557385, -8.184762876954792432, 5.500000000000000888 ) ) ;
#2988 = ORIENTED_EDGE ( 'NONE', *, *, #1114, .F. ) ;
#2989 = DIRECTION ( 'NONE',  ( -7.888609052210118054E-31, -5.605193857299268284E-45, 1.000000000000000000 ) ) ;
#2990 = ORIENTED_EDGE ( 'NONE', *, *, #3848, .F. ) ;
#2991 = CARTESIAN_POINT ( 'NONE',  ( -42.99999999999982236, -19.50000000000029843, 3.000000000000302869 ) ) ;
#2992 = CARTESIAN_POINT ( 'NONE',  ( -24.09999999999983089, -19.50000000000016342, 3.000000000000170974 ) ) ;
#2993 = CARTESIAN_POINT ( 'NONE',  ( 1.315310803901141190, -14.09717109109274347, 6.000000000000000000 ) ) ;
#2994 = CARTESIAN_POINT ( 'NONE',  ( 2.323182634922793532, -11.28262737328012122, 5.999999999999999112 ) ) ;
#2995 = FACE_OUTER_BOUND ( 'NONE', #6411, .T. ) ;
#2996 = CARTESIAN_POINT ( 'NONE',  ( -0.1135262451270845491, -5.745759791700824515, 5.500000000000000888 ) ) ;
#2997 = CARTESIAN_POINT ( 'NONE',  ( 0.002003205128257268611, -4.144871794871797910, 6.000000000000000000 ) ) ;
#2998 = CARTESIAN_POINT ( 'NONE',  ( 44.55000000000020322, -19.49999999999968736, 4.999999999999697131 ) ) ;
#2999 = LINE ( 'NONE', #7703, #6084 ) ;
#3000 = DIRECTION ( 'NONE',  ( -0.9230960361052030771, -0.3845695101368039603, -7.888609052210115427E-31 ) ) ;
#3001 = CARTESIAN_POINT ( 'NONE',  ( 0.2535032513423434719, -15.07733527827253184, 6.000000000000000000 ) ) ;
#3002 = CARTESIAN_POINT ( 'NONE',  ( 1.556818638489782414, -14.27971895445483952, 6.000000000000000000 ) ) ;
#3003 = ORIENTED_EDGE ( 'NONE', *, *, #3212, .F. ) ;
#3004 = B_SPLINE_CURVE_WITH_KNOTS ( 'NONE', 3,
 ( #1469, #6741, #5320, #6701, #175, #7384, #857, #3479, #2840, #8070, #7225 ),
 .UNSPECIFIED., .F., .F.,
 ( 4, 1, 1, 1, 1, 1, 1, 1, 4 ),
 ( 0.000000000000000000, 0.1381355455281888245, 0.2684506686800448572, 0.3942530064338323204, 0.5180986679418645435, 0.6385184547224836971, 0.7569658908781726758, 0.8772747938537108769, 0.9999999999999998890 ),
 .UNSPECIFIED. ) ;
#3005 = CARTESIAN_POINT ( 'NONE',  ( 2.368028746103339355, -5.853942330972240704, 6.000000000000000000 ) ) ;
#3006 = ORIENTED_EDGE ( 'NONE', *, *, #5780, .F. ) ;
#3007 = ADVANCED_FACE ( 'NONE', ( #1616 ), #2388, .F. ) ;
#3008 = CARTESIAN_POINT ( 'NONE',  ( 31.05000000000011084, -6.599999999999776712, 4.999999999999784173 ) ) ;
#3009 = EDGE_CURVE ( 'NONE', #2714, #1776, #2346, .T. ) ;
#3010 = CARTESIAN_POINT ( 'NONE',  ( 1.282051282051372088, -9.593589743589737040, 5.500000000000000888 ) ) ;
#3011 = CARTESIAN_POINT ( 'NONE',  ( 0.1723349018212390893, -14.92984517787428977, 5.500000000000000888 ) ) ;
#3012 = EDGE_CURVE ( 'NONE', #4887, #6156, #4995, .T. ) ;
#3013 = EDGE_CURVE ( 'NONE', #5184, #2843, #927, .T. ) ;
#3014 = PLANE ( 'NONE',  #4039 ) ;
#3015 = CARTESIAN_POINT ( 'NONE',  ( 0.1285669302982181406, -8.846004656691887291, 6.000000000000000000 ) ) ;
#3016 = ORIENTED_EDGE ( 'NONE', *, *, #5991, .F. ) ;
#3017 = EDGE_LOOP ( 'NONE', ( #4694, #3042, #8261, #6495 ) ) ;
#3018 = CARTESIAN_POINT ( 'NONE',  ( -0.7433387117994165738, -14.86474320611805133, 5.500000000000000000 ) ) ;
#3019 = DIRECTION ( 'NONE',  ( -1.000000000000000000, -6.825260543506556042E-15, 6.867314445954479045E-15 ) ) ;
#3020 = VERTEX_POINT ( 'NONE', #5602 ) ;
#3021 = CARTESIAN_POINT ( 'NONE',  ( 1.717026522606142525, -13.30682420888250839, 6.000000000000000000 ) ) ;
#3022 = ORIENTED_EDGE ( 'NONE', *, *, #2059, .F. ) ;
#3023 = EDGE_LOOP ( 'NONE', ( #3729, #4166, #7213, #4220 ) ) ;
#3024 = CARTESIAN_POINT ( 'NONE',  ( 3.083017875641653749, 2.475961763870305976, 6.000000000000000000 ) ) ;
#3025 = CARTESIAN_POINT ( 'NONE',  ( 1.005544403265557385, -8.184762876954792432, 6.000000000000000888 ) ) ;
#3026 = FACE_OUTER_BOUND ( 'NONE', #1966, .T. ) ;
#3027 = ORIENTED_EDGE ( 'NONE', *, *, #3408, .F. ) ;
#3028 = CARTESIAN_POINT ( 'NONE',  ( 0.3814531427014014597, -13.17759346612560201, 5.500000000000000888 ) ) ;
#3029 = LINE ( 'NONE', #3762, #2268 ) ;
#3030 = DIRECTION ( 'NONE',  ( -0.8193223671891997073, 0.5733331131405949854, -7.888609052210118054E-31 ) ) ;
#3031 = DIRECTION ( 'NONE',  ( 0.9728446671890083053, 0.2314589672531777720, 7.888609052210117178E-31 ) ) ;
#3032 = DIRECTION ( 'NONE',  ( 0.3258489703726049069, -0.9454218362758040062, 0.000000000000000000 ) ) ;
#3033 = VECTOR ( 'NONE', #3177, 999.9999999999998863 ) ;
#3034 = CARTESIAN_POINT ( 'NONE',  ( -0.2285027664034000594, -4.145836342792082796, 6.000000000000000000 ) ) ;
#3035 = CARTESIAN_POINT ( 'NONE',  ( 2.624321920909869821, -9.109507562028253957, 6.000000000000000000 ) ) ;
#3036 = DIRECTION ( 'NONE',  ( -7.888609052210118054E-31, -5.605193857299268284E-45, 1.000000000000000000 ) ) ;
#3037 = AXIS2_PLACEMENT_3D ( 'NONE', #3737, #4452, #1206 ) ;
#3038 = DIRECTION ( 'NONE',  ( -6.982962677686265922E-15, 1.000000000000000000, 0.000000000000000000 ) ) ;
#3039 = CARTESIAN_POINT ( 'NONE',  ( -15.00000000000016342, 27.49999999999990052, 6.000000000000000000 ) ) ;
#3040 = VERTEX_POINT ( 'NONE', #1656 ) ;
#3041 = CARTESIAN_POINT ( 'NONE',  ( 0.8884214743590894692, -13.11923076923075904, 5.500000000000000888 ) ) ;
#3042 = ORIENTED_EDGE ( 'NONE', *, *, #2648, .F. ) ;
#3043 = CARTESIAN_POINT ( 'NONE',  ( 2.562227354452459860, -11.77728861948167527, 5.500000000000000000 ) ) ;
#3044 = CIRCLE ( 'NONE', #22, 3.100000000000000089 ) ;
#3045 = DIRECTION ( 'NONE',  ( 0.4096521052252176109, -0.9122418279626007820, 0.000000000000000000 ) ) ;
#3046 = PLANE ( 'NONE',  #8144 ) ;
#3047 = DIRECTION ( 'NONE',  ( -0.9793242484501311074, 0.2022968521692459221, -7.888609052210117178E-31 ) ) ;
#3048 = EDGE_CURVE ( 'NONE', #3546, #1057, #4351, .T. ) ;
#3049 = DIRECTION ( 'NONE',  ( 6.982962677686265922E-15, 4.876176775795934672E-29, 1.000000000000000000 ) ) ;
#3050 = EDGE_CURVE ( 'NONE', #6178, #1568, #2390, .T. ) ;
#3051 = CARTESIAN_POINT ( 'NONE',  ( 1.473523686192222515, 5.121901795130555435, 3.000000000000000000 ) ) ;
#3052 = CARTESIAN_POINT ( 'NONE',  ( 15.00000000000018474, -22.49999999999989342, 2.063301313026461295E-16 ) ) ;
#3053 = ORIENTED_EDGE ( 'NONE', *, *, #4620, .T. ) ;
#3054 = AXIS2_PLACEMENT_3D ( 'NONE', #245, #4236, #4140 ) ;
#3055 = EDGE_LOOP ( 'NONE', ( #3561, #4064, #1049, #229, #2701 ) ) ;
#3056 = EDGE_CURVE ( 'NONE', #3628, #473, #3583, .T. ) ;
#3057 = VECTOR ( 'NONE', #3713, 1000.000000000000114 ) ;
#3058 = CYLINDRICAL_SURFACE ( 'NONE', #6258, 3.100000000000000089 ) ;
#3059 = ORIENTED_EDGE ( 'NONE', *, *, #3311, .T. ) ;
#3060 = CARTESIAN_POINT ( 'NONE',  ( 32.00000000000005684, -6.599999999999771383, -2.687005768509100445 ) ) ;
#3061 = LINE ( 'NONE', #6198, #339 ) ;
#3062 = EDGE_CURVE ( 'NONE', #3827, #5636, #3714, .T. ) ;
#3063 = ORIENTED_EDGE ( 'NONE', *, *, #6201, .T. ) ;
#3064 = ORIENTED_EDGE ( 'NONE', *, *, #490, .F. ) ;
#3065 = LINE ( 'NONE', #1819, #3066 ) ;
#3066 = VECTOR ( 'NONE', #1778, 1000.000000000000114 ) ;
#3067 = CARTESIAN_POINT ( 'NONE',  ( 2.545562548314476370, 4.569212059821749605, 3.000000000000000000 ) ) ;
#3068 = ORIENTED_EDGE ( 'NONE', *, *, #5350, .F. ) ;
#3069 = AXIS2_PLACEMENT_3D ( 'NONE', #2440, #1787, #4923 ) ;
#3070 = CARTESIAN_POINT ( 'NONE',  ( 0.8884214743590482799, -7.285897435897429553, 5.500000000000000888 ) ) ;
#3071 = ORIENTED_EDGE ( 'NONE', *, *, #542, .T. ) ;
#3072 = CARTESIAN_POINT ( 'NONE',  ( 1.699965765326864275, -14.52631171061453053, 6.000000000000000000 ) ) ;
#3073 = PLANE ( 'NONE',  #8312 ) ;
#3074 = DIRECTION ( 'NONE',  ( -1.000000000000000000, -6.982962677686265922E-15, -7.888609052210118054E-31 ) ) ;
#3075 = FACE_OUTER_BOUND ( 'NONE', #5556, .T. ) ;
#3076 = AXIS2_PLACEMENT_3D ( 'NONE', #4808, #5453, #7643 ) ;
#3077 = DIRECTION ( 'NONE',  ( -1.000000000000000000, -7.096596038086958767E-15, 6.982962677686304576E-15 ) ) ;
#3078 = CARTESIAN_POINT ( 'NONE',  ( 2.490080443816611311, -9.670687507960455065, 6.000000000000000000 ) ) ;
#3079 = CARTESIAN_POINT ( 'NONE',  ( -2.537111769194970279, -5.523034643533975441, 5.500000000000000000 ) ) ;
#3080 = CARTESIAN_POINT ( 'NONE',  ( 0.9482456716279732412, -7.287581841992681220, 5.500000000000000000 ) ) ;
#3081 = VECTOR ( 'NONE', #5040, 1000.000000000000114 ) ;
#3082 = STYLED_ITEM ( 'NONE', ( #6848 ), #4359 ) ;
#3083 = CARTESIAN_POINT ( 'NONE',  ( 0.4477163461539767075, -15.29270833333332824, 5.500000000000000000 ) ) ;
#3084 = DIRECTION ( 'NONE',  ( -7.888609052210118054E-31, -5.605193857299268284E-45, 1.000000000000000000 ) ) ;
#3085 = ORIENTED_EDGE ( 'NONE', *, *, #2335, .T. ) ;
#3086 = DIRECTION ( 'NONE',  ( -6.825260543506556042E-15, 1.000000000000000000, -1.101228117168383643E-30 ) ) ;
#3087 = ORIENTED_EDGE ( 'NONE', *, *, #2059, .T. ) ;
#3088 = VECTOR ( 'NONE', #2261, 999.9999999999998863 ) ;
#3089 = B_SPLINE_CURVE_WITH_KNOTS ( 'NONE', 3,
 ( #7602, #6439, #1768, #2535, #7768, #5024, #4376, #4491, #3780, #6399, #5060, #8332, #432, #2453, #1081, #7084, #7679, #5141, #5755 ),
 .UNSPECIFIED., .F., .F.,
 ( 4, 1, 1, 1, 1, 1, 1, 1, 1, 1, 1, 1, 1, 1, 1, 1, 4 ),
 ( 0.000000000000000000, 0.06675771127909888025, 0.1317324785734523274, 0.1948167910261857927, 0.2570269751173334671, 0.3187274376799378306, 0.3803299566842555657, 0.4433052533380151816, 0.5074457357281488834, 0.5714909223970684460, 0.6333486697152077571, 0.6939309794721829627, 0.7539203747855203197, 0.8137951195537000970, 0.8745193245299817120, 0.9362197870925862420, 1.000000000000000000 ),
 .UNSPECIFIED. ) ;
#3090 = CARTESIAN_POINT ( 'NONE',  ( 1.010667977848346055, -5.662546407983636954, 6.000000000000000000 ) ) ;
#3091 = DIRECTION ( 'NONE',  ( 0.6020522008633004685, 0.7984567285931379876, 7.888609052210118054E-31 ) ) ;
#3092 = VERTEX_POINT ( 'NONE', #4955 ) ;
#3093 = DIRECTION ( 'NONE',  ( -6.867314445954479045E-15, -4.797243844499407540E-29, -1.000000000000000000 ) ) ;
#3094 = CARTESIAN_POINT ( 'NONE',  ( -2.747231095616786245, 4.236217708871524046, 6.000000000000000000 ) ) ;
#3095 = CARTESIAN_POINT ( 'NONE',  ( -0.7656110130113432666, -14.47668696563096447, 6.000000000000000000 ) ) ;
#3096 = ORIENTED_EDGE ( 'NONE', *, *, #7964, .F. ) ;
#3097 = AXIS2_PLACEMENT_3D ( 'NONE', #2458, #5065, #4418 ) ;
#3098 = VECTOR ( 'NONE', #4065, 1000.000000000000000 ) ;
#3099 = ORIENTED_EDGE ( 'NONE', *, *, #280, .T. ) ;
#3100 = DIRECTION ( 'NONE',  ( -6.982962677686265922E-15, 1.000000000000000000, -0.000000000000000000 ) ) ;
#3101 = AXIS2_PLACEMENT_3D ( 'NONE', #1486, #7274, #3974 ) ;
#3102 = AXIS2_PLACEMENT_3D ( 'NONE', #1, #7777, #5854 ) ;
#3103 = CARTESIAN_POINT ( 'NONE',  ( -1.730769230769173106, -4.939142628205143382, 5.500000000000000888 ) ) ;
#3104 = ORIENTED_EDGE ( 'NONE', *, *, #5907, .T. ) ;
#3105 = DIRECTION ( 'NONE',  ( -7.888609052210118054E-31, -5.605193857299268284E-45, 1.000000000000000000 ) ) ;
#3106 = B_SPLINE_CURVE_WITH_KNOTS ( 'NONE', 3,
 ( #4865, #188, #1569, #787, #316, #4178, #6805 ),
 .UNSPECIFIED., .F., .F.,
 ( 4, 1, 1, 1, 4 ),
 ( 0.000000000000000000, 0.2636630635207401485, 0.5231302484245144990, 0.7670950153782087888, 1.000000000000000000 ),
 .UNSPECIFIED. ) ;
#3107 = EDGE_LOOP ( 'NONE', ( #7858, #6058 ) ) ;
#3108 = EDGE_CURVE ( 'NONE', #6289, #7932, #8224, .T. ) ;
#3109 = ORIENTED_EDGE ( 'NONE', *, *, #2472, .F. ) ;
#3110 = CIRCLE ( 'NONE', #3101, 0.9499999999999995115 ) ;
#3111 = CARTESIAN_POINT ( 'NONE',  ( -1.230305949196291104, -3.362346523852247415, 5.500000000000000888 ) ) ;
#3112 = EDGE_CURVE ( 'NONE', #865, #2056, #8308, .T. ) ;
#3113 = PRODUCT_DEFINITION ( 'UNKNOWN', '', #774, #6666 ) ;
#3114 = DIRECTION ( 'NONE',  ( 0.9941829972169029528, -0.1077040762683351000, 7.888609052210117178E-31 ) ) ;
#3115 = FACE_OUTER_BOUND ( 'NONE', #819, .T. ) ;
#3116 = ORIENTED_EDGE ( 'NONE', *, *, #2430, .F. ) ;
#3117 = CARTESIAN_POINT ( 'NONE',  ( 1.089041879867784557, -14.02830300341230974, 6.000000000000000000 ) ) ;
#3118 = ADVANCED_FACE ( 'NONE', ( #2256 ), #899, .T. ) ;
#3119 = CARTESIAN_POINT ( 'NONE',  ( 3.131316011514059253E-15, 2.799999999999999822, 3.000000000000000000 ) ) ;
#3120 = CARTESIAN_POINT ( 'NONE',  ( 0.4223472673303409475, -9.435676920204313589, 5.500000000000000888 ) ) ;
#3121 = CARTESIAN_POINT ( 'NONE',  ( -1.132966532427845952, -5.624209674478934495, 6.000000000000000000 ) ) ;
#3122 = CARTESIAN_POINT ( 'NONE',  ( 1.551259928885979855, -3.457608344904498310, 5.500000000000000888 ) ) ;
#3123 = CARTESIAN_POINT ( 'NONE',  ( 1.713745292340331794, -10.47284741570929079, 6.000000000000000000 ) ) ;
#3124 = ORIENTED_EDGE ( 'NONE', *, *, #5308, .T. ) ;
#3125 = CARTESIAN_POINT ( 'NONE',  ( 3.131316011514056098E-15, 2.799999999999999822, 6.000000000000000000 ) ) ;
#3126 = CARTESIAN_POINT ( 'NONE',  ( 0.2074927377459748201, -15.00420797869795031, 5.999999999999999112 ) ) ;
#3127 = CARTESIAN_POINT ( 'NONE',  ( -3.018094598906805093, 3.507887697342980449, 6.000000000000000000 ) ) ;
#3128 = VERTEX_POINT ( 'NONE', #3836 ) ;
#3129 = FACE_OUTER_BOUND ( 'NONE', #4213, .T. ) ;
#3130 = ORIENTED_EDGE ( 'NONE', *, *, #1116, .F. ) ;
#3131 = CARTESIAN_POINT ( 'NONE',  ( 1.681321886725329007, -5.190481468493865158, 6.000000000000000000 ) ) ;
#3132 = CARTESIAN_POINT ( 'NONE',  ( 0.4223472673303409475, -9.435676920204313589, 5.500000000000000888 ) ) ;
#3133 = EDGE_CURVE ( 'NONE', #4570, #7734, #8434, .T. ) ;
#3134 = DIRECTION ( 'NONE',  ( 6.982962677686265922E-15, 4.876176775795934672E-29, 1.000000000000000000 ) ) ;
#3135 = DIRECTION ( 'NONE',  ( 0.4096521052251916317, 0.9122418279626123283, 3.944304526105059027E-31 ) ) ;
#3136 = CARTESIAN_POINT ( 'NONE',  ( 38.29999999999989768, 18.85000000000027143, -2.674474705553842296E-13 ) ) ;
#3137 = ORIENTED_EDGE ( 'NONE', *, *, #7887, .F. ) ;
#3138 = ORIENTED_EDGE ( 'NONE', *, *, #3791, .F. ) ;
#3139 = CARTESIAN_POINT ( 'NONE',  ( -0.7686358029449402718, -14.65905624294121701, 5.999999999999999112 ) ) ;
#3140 = CARTESIAN_POINT ( 'NONE',  ( -15.00000000000012967, 22.49999999999989697, -2.063301313030405599E-16 ) ) ;
#3141 = ORIENTED_EDGE ( 'NONE', *, *, #1523, .F. ) ;
#3142 = CARTESIAN_POINT ( 'NONE',  ( 0.2275522840423961357, -7.391442685406629742, 5.500000000000000000 ) ) ;
#3143 = CARTESIAN_POINT ( 'NONE',  ( 0.2744391025641970683, -10.21458333333333179, 5.500000000000000888 ) ) ;
#3144 = ORIENTED_EDGE ( 'NONE', *, *, #593, .T. ) ;
#3145 = ORIENTED_EDGE ( 'NONE', *, *, #8203, .T. ) ;
#3146 = CARTESIAN_POINT ( 'NONE',  ( 1.718325709722958061, -14.59473588061047344, 5.500000000000000000 ) ) ;
#3147 = DIRECTION ( 'NONE',  ( -6.982962677686265922E-15, 1.000000000000000000, -0.000000000000000000 ) ) ;
#3148 = EDGE_CURVE ( 'NONE', #7116, #1545, #3198, .T. ) ;
#3149 = LINE ( 'NONE', #1908, #4158 ) ;
#3150 = CARTESIAN_POINT ( 'NONE',  ( 0.1282051282052131536, -8.869431089743587293, 6.000000000000000000 ) ) ;
#3151 = EDGE_LOOP ( 'NONE', ( #8174, #261, #8132, #3578 ) ) ;
#3152 = CARTESIAN_POINT ( 'NONE',  ( -0.7692307692306433742, -14.63465544871795387, 5.500000000000000000 ) ) ;
#3153 = DIRECTION ( 'NONE',  ( -7.888609052210118054E-31, -5.605193857299268284E-45, 1.000000000000000000 ) ) ;
#3154 = EDGE_CURVE ( 'NONE', #5315, #8039, #1948, .T. ) ;
#3155 = EDGE_CURVE ( 'NONE', #6018, #5184, #6545, .T. ) ;
#3156 = CARTESIAN_POINT ( 'NONE',  ( 2.663603693103753223, 2.116102810296704106, 6.000000000000000000 ) ) ;
#3157 = CARTESIAN_POINT ( 'NONE',  ( -1.019486604889566550, -0.1275667477362047164, 2.267306776996586226 ) ) ;
#3158 = EDGE_CURVE ( 'NONE', #743, #2278, #3149, .T. ) ;
#3159 = CARTESIAN_POINT ( 'NONE',  ( 2.565332381299653353, -4.435835696401769113, 6.000000000000000000 ) ) ;
#3160 = CARTESIAN_POINT ( 'NONE',  ( 1.729552573484577138, -4.968268558200394480, 5.500000000000000000 ) ) ;
#3161 = ORIENTED_EDGE ( 'NONE', *, *, #7206, .T. ) ;
#3162 = DIRECTION ( 'NONE',  ( 0.1699168137789589805, -0.9854584092670813922, 1.972152263052529514E-31 ) ) ;
#3163 = EDGE_CURVE ( 'NONE', #8222, #2913, #4555, .T. ) ;
#3164 = CARTESIAN_POINT ( 'NONE',  ( 0.1723349018212390893, -14.92984517787428977, 5.500000000000000888 ) ) ;
#3165 = CARTESIAN_POINT ( 'NONE',  ( 1.674621644223545758, -8.627255829527005204, 5.500000000000000888 ) ) ;
#3166 = ORIENTED_EDGE ( 'NONE', *, *, #62, .F. ) ;
#3167 = CARTESIAN_POINT ( 'NONE',  ( 38.29999999999972005, 18.85000000000027143, -26.31292458089776787 ) ) ;
#3168 = VERTEX_POINT ( 'NONE', #2510 ) ;
#3169 = EDGE_CURVE ( 'NONE', #1568, #855, #5864, .T. ) ;
#3170 = LINE ( 'NONE', #5663, #758 ) ;
#3171 = AXIS2_PLACEMENT_3D ( 'NONE', #2872, #2100, #6697 ) ;
#3172 = CARTESIAN_POINT ( 'NONE',  ( 2.004663725408868391, 4.682504541303909917, 3.000000000000000000 ) ) ;
#3173 = CARTESIAN_POINT ( 'NONE',  ( 2.663603693103752779, 2.116102810296704106, 3.000000000000000000 ) ) ;
#3174 = CARTESIAN_POINT ( 'NONE',  ( 0.1282051282052543151, -14.70276442307691944, 5.500000000000000888 ) ) ;
#3175 = ORIENTED_EDGE ( 'NONE', *, *, #123, .F. ) ;
#3176 = VERTEX_POINT ( 'NONE', #8476 ) ;
#3177 = DIRECTION ( 'NONE',  ( -0.6236474483050984396, -0.7817057376164893157, 0.000000000000000000 ) ) ;
#3178 = VECTOR ( 'NONE', #7538, 1000.000000000000000 ) ;
#3179 = EDGE_CURVE ( 'NONE', #3536, #3610, #6416, .T. ) ;
#3180 = DIRECTION ( 'NONE',  ( 0.5507286755606038975, 0.8346843271053212554, 7.888609052210117178E-31 ) ) ;
#3181 = DIRECTION ( 'NONE',  ( -7.888609052210118054E-31, -5.605193857299268284E-45, 1.000000000000000000 ) ) ;
#3182 = VERTEX_POINT ( 'NONE', #5238 ) ;
#3183 = PLANE ( 'NONE',  #8172 ) ;
#3184 =( GEOMETRIC_REPRESENTATION_CONTEXT ( 3 ) GLOBAL_UNCERTAINTY_ASSIGNED_CONTEXT ( ( #3914 ) ) GLOBAL_UNIT_ASSIGNED_CONTEXT ( ( #5618, #4930, #6620 ) ) REPRESENTATION_CONTEXT ( 'NONE', 'WORKASPACE' ) );
#3185 = CARTESIAN_POINT ( 'NONE',  ( 1.367476753227667707, -5.525228678014316941, 5.500000000000000888 ) ) ;
#3186 = DIRECTION ( 'NONE',  ( -7.077583958194091691E-15, -4.941355144153543820E-29, -1.000000000000000000 ) ) ;
#3187 = ORIENTED_EDGE ( 'NONE', *, *, #1330, .T. ) ;
#3188 = ORIENTED_EDGE ( 'NONE', *, *, #7926, .F. ) ;
#3189 = CARTESIAN_POINT ( 'NONE',  ( -2.246771105496572218, -5.986761001288781081, 5.500000000000000000 ) ) ;
#3190 = DIRECTION ( 'NONE',  ( -7.888609052210118054E-31, -5.605193857299268284E-45, 1.000000000000000000 ) ) ;
#3191 = AXIS2_PLACEMENT_3D ( 'NONE', #2703, #152, #3253 ) ;
#3192 = CARTESIAN_POINT ( 'NONE',  ( -2.117546881683954219, -3.783270413784029618, 5.500000000000000888 ) ) ;
#3193 = CYLINDRICAL_SURFACE ( 'NONE', #3486, 3.100000000000000089 ) ;
#3194 = VERTEX_POINT ( 'NONE', #7013 ) ;
#3195 = CARTESIAN_POINT ( 'NONE',  ( 1.806392689537322349, -12.24896354596685200, 5.500000000000000000 ) ) ;
#3196 = AXIS2_PLACEMENT_3D ( 'NONE', #7002, #6359, #477 ) ;
#3197 = CARTESIAN_POINT ( 'NONE',  ( 2.176086816420545134, -10.13990167965167899, 5.500000000000000000 ) ) ;
#3198 = CIRCLE ( 'NONE', #321, 1.099999999999996758 ) ;
#3199 = CARTESIAN_POINT ( 'NONE',  ( 1.810779763245690122, -3.573286486701114928, 6.000000000000000000 ) ) ;
#3200 = PLANE ( 'NONE',  #7597 ) ;
#3201 = FACE_OUTER_BOUND ( 'NONE', #4222, .T. ) ;
#3202 = EDGE_LOOP ( 'NONE', ( #8460, #5287, #6428, #5412 ) ) ;
#3203 = LINE ( 'NONE', #6302, #3371 ) ;
#3204 = CARTESIAN_POINT ( 'NONE',  ( -0.7428130999805196977, -8.490041186725491684, 6.000000000000000000 ) ) ;
#3205 = DIRECTION ( 'NONE',  ( -6.982962677686265133E-15, 1.000000000000000000, 0.000000000000000000 ) ) ;
#3206 = ORIENTED_EDGE ( 'NONE', *, *, #4058, .F. ) ;
#3207 = CARTESIAN_POINT ( 'NONE',  ( 0.7207402304322201303, -6.615947894303424448, 5.500000000000000000 ) ) ;
#3208 = ORIENTED_EDGE ( 'NONE', *, *, #5998, .T. ) ;
#3209 = DIRECTION ( 'NONE',  ( 6.867314445954479045E-15, -1.000000000000000000, -1.751623080406021339E-46 ) ) ;
#3210 = VECTOR ( 'NONE', #5252, 1000.000000000000114 ) ;
#3211 = ORIENTED_EDGE ( 'NONE', *, *, #2165, .F. ) ;
#3212 = EDGE_CURVE ( 'NONE', #7595, #5834, #1137, .T. ) ;
#3213 = ADVANCED_FACE ( 'NONE', ( #4726, #2111 ), #818, .T. ) ;
#3214 = AXIS2_PLACEMENT_3D ( 'NONE', #6800, #866, #2075 ) ;
#3215 = CARTESIAN_POINT ( 'NONE',  ( 0.04907852564109516091, -6.644871794871797910, 6.000000000000000000 ) ) ;
#3216 = CYLINDRICAL_SURFACE ( 'NONE', #3338, 1.549999999999999600 ) ;
#3217 = LINE ( 'NONE', #5842, #7567 ) ;
#3218 = CARTESIAN_POINT ( 'NONE',  ( 0.1819261412857484661, -14.43744742198848563, 6.000000000000000000 ) ) ;
#3219 = VERTEX_POINT ( 'NONE', #7231 ) ;
#3220 = EDGE_CURVE ( 'NONE', #6877, #3754, #4953, .T. ) ;
#3221 = CARTESIAN_POINT ( 'NONE',  ( 1.730769230769288347, -4.939142628205118513, 6.000000000000000000 ) ) ;
#3222 = EDGE_CURVE ( 'NONE', #6925, #4765, #5674, .T. ) ;
#3223 = ORIENTED_EDGE ( 'NONE', *, *, #5138, .F. ) ;
#3224 = CIRCLE ( 'NONE', #1985, 3.100000000000000089 ) ;
#3225 = DIRECTION ( 'NONE',  ( 0.7167035096920078008, -0.6973780030909765282, 7.888609052210117178E-31 ) ) ;
#3226 = DIRECTION ( 'NONE',  ( 0.3258489703726049069, -0.9454218362758040062, 0.000000000000000000 ) ) ;
#3227 = CARTESIAN_POINT ( 'NONE',  ( 3.131316011514062409E-15, 2.799999999999999822, -1.583988125627303051E-28 ) ) ;
#3228 = EDGE_LOOP ( 'NONE', ( #1683, #7898, #2766, #4929 ) ) ;
#3229 = CARTESIAN_POINT ( 'NONE',  ( 15.00000000000017586, -22.49999999999989342, 2.063301313027077592E-16 ) ) ;
#3230 = CARTESIAN_POINT ( 'NONE',  ( 1.453421768577693562, -5.466771612313175766, 5.999999999999999112 ) ) ;
#3231 = CARTESIAN_POINT ( 'NONE',  ( 11.00000000000021849, -27.49999999999992184, 2.999999999999997335 ) ) ;
#3232 = ORIENTED_EDGE ( 'NONE', *, *, #103, .F. ) ;
#3233 = EDGE_CURVE ( 'NONE', #2347, #5280, #1972, .T. ) ;
#3234 = VERTEX_POINT ( 'NONE', #1430 ) ;
#3235 = CARTESIAN_POINT ( 'NONE',  ( -49.00000000000000711, 5.299999999999656985, 3.317568303507659991E-13 ) ) ;
#3236 = CARTESIAN_POINT ( 'NONE',  ( 43.00000000000018474, -19.49999999999969802, 2.999999999999706013 ) ) ;
#3237 = CIRCLE ( 'NONE', #2284, 1.549999999999999822 ) ;
#3238 = AXIS2_PLACEMENT_3D ( 'NONE', #2104, #8068, #6055 ) ;
#3239 = CARTESIAN_POINT ( 'NONE',  ( -1.058206081058251646, -3.326234323324540387, 5.500000000000000888 ) ) ;
#3240 = CARTESIAN_POINT ( 'NONE',  ( -1.715513802654330178, 0.2179441537986704369, 2.318931217520891597 ) ) ;
#3241 = ORIENTED_EDGE ( 'NONE', *, *, #3528, .F. ) ;
#3242 = VECTOR ( 'NONE', #1625, 1000.000000000000000 ) ;
#3243 = CARTESIAN_POINT ( 'NONE',  ( 1.476345291781183011, -11.77725406415421716, 5.999999999999999112 ) ) ;
#3244 = CARTESIAN_POINT ( 'NONE',  ( -2.612557928614915870, -4.706526261310103543, 6.000000000000000000 ) ) ;
#3245 = CARTESIAN_POINT ( 'NONE',  ( 1.927233933905388330, -3.636549710977123429, 6.000000000000000000 ) ) ;
#3246 = CARTESIAN_POINT ( 'NONE',  ( 1.709785374559882998, -5.110369770587852578, 5.500000000000000000 ) ) ;
#3247 = CARTESIAN_POINT ( 'NONE',  ( 2.469242745874989708, 4.674257256073390820, 6.000000000000000000 ) ) ;
#3248 = VERTEX_POINT ( 'NONE', #4045 ) ;
#3249 = CARTESIAN_POINT ( 'NONE',  ( -0.8704017733203573970, -6.590198176212185288, 6.000000000000000000 ) ) ;
#3250 = CARTESIAN_POINT ( 'NONE',  ( 1.445110554477841314, -8.343750470689315080, 5.500000000000000000 ) ) ;
#3251 = ORIENTED_EDGE ( 'NONE', *, *, #5776, .T. ) ;
#3252 = CARTESIAN_POINT ( 'NONE',  ( 1.101823124038279644, -6.564635932794629092, 5.999999999999999112 ) ) ;
#3253 = DIRECTION ( 'NONE',  ( -6.982962677686265133E-15, 1.000000000000000000, 0.000000000000000000 ) ) ;
#3254 = ORIENTED_EDGE ( 'NONE', *, *, #7725, .F. ) ;
#3255 = DIRECTION ( 'NONE',  ( -6.982962677686265133E-15, 1.000000000000000000, 0.000000000000000000 ) ) ;
#3256 = CARTESIAN_POINT ( 'NONE',  ( -0.7692307692306844524, -8.801322115384619948, 5.500000000000000000 ) ) ;
#3257 = CARTESIAN_POINT ( 'NONE',  ( 3.083017875641648864, 3.124038236129737633, 3.000000000000000000 ) ) ;
#3258 = DIRECTION ( 'NONE',  ( -6.982962677686265133E-15, 1.000000000000000000, 0.000000000000000000 ) ) ;
#3259 = ORIENTED_EDGE ( 'NONE', *, *, #5997, .F. ) ;
#3260 = CARTESIAN_POINT ( 'NONE',  ( 1.729937690639378411, -4.911015123396387239, 5.500000000000000000 ) ) ;
#3261 = EDGE_CURVE ( 'NONE', #3531, #2833, #5326, .T. ) ;
#3263 = ORIENTED_EDGE ( 'NONE', *, *, #5251, .F. ) ;
#3262 = EDGE_CURVE ( 'NONE', #3610, #3628, #6669, .T. ) ;
#3264 = CARTESIAN_POINT ( 'NONE',  ( 20.21897503240954563, -22.49999999999985434, 2.999999999999864553 ) ) ;
#3265 = DIRECTION ( 'NONE',  ( -6.867314445954478256E-15, -9.462128050787488872E-17, -1.000000000000000000 ) ) ;
#3266 = EDGE_CURVE ( 'NONE', #3412, #405, #1351, .T. ) ;
#3267 = CARTESIAN_POINT ( 'NONE',  ( 1.332997238753961255, -16.43992603240431905, 5.500000000000000000 ) ) ;
#3268 = DIRECTION ( 'NONE',  ( -7.025016580134188924E-15, -4.904879659903762618E-29, -1.000000000000000000 ) ) ;
#3269 = CARTESIAN_POINT ( 'NONE',  ( 1.642279046331109660, -5.266531140604866934, 6.000000000000000000 ) ) ;
#3270 = CARTESIAN_POINT ( 'NONE',  ( 2.429484173347395082, -5.757932974761481582, 5.500000000000000000 ) ) ;
#3271 = EDGE_LOOP ( 'NONE', ( #4125, #2675, #6738, #1098 ) ) ;
#3272 = ORIENTED_EDGE ( 'NONE', *, *, #390, .T. ) ;
#3273 = DIRECTION ( 'NONE',  ( -1.000000000000000000, -6.715058616684416976E-15, 6.854955671198676173E-15 ) ) ;
#3274 = CARTESIAN_POINT ( 'NONE',  ( 3.066744232185262486, 3.252857388543509032, 3.000000000000000000 ) ) ;
#3275 = CARTESIAN_POINT ( 'NONE',  ( -0.4595878662819365967, -3.259309091477761378, 5.500000000000000888 ) ) ;
#3276 = CARTESIAN_POINT ( 'NONE',  ( 0.8356852734701435415, -8.184527908934468243, 6.000000000000000000 ) ) ;
#3277 = ORIENTED_EDGE ( 'NONE', *, *, #1806, .T. ) ;
#3278 = CARTESIAN_POINT ( 'NONE',  ( 23.99999999999988987, 23.70000000000016627, -1.641216573125171655E-13 ) ) ;
#3279 = CARTESIAN_POINT ( 'NONE',  ( -0.8722292868266594557, -3.297794949762650418, 6.000000000000000000 ) ) ;
#3280 = CARTESIAN_POINT ( 'NONE',  ( 2.625970601980214703, -4.803021100966444301, 6.000000000000000888 ) ) ;
#3281 = CARTESIAN_POINT ( 'NONE',  ( -0.5152986151106941914, 0.09871006049609683253, 3.000000000000000000 ) ) ;
#3282 = CARTESIAN_POINT ( 'NONE',  ( 0.2526678981406979552, -14.32088505405877044, 5.500000000000000000 ) ) ;
#3283 = ORIENTED_EDGE ( 'NONE', *, *, #160, .T. ) ;
#3284 = B_SPLINE_SURFACE_WITH_KNOTS ( 'NONE', 3, 1, ( 
 ( #2826, #4018 ),
 ( #5338, #7453 ),
 ( #6722, #8054 ),
 ( #6642, #4878 ),
 ( #7324, #800 ),
 ( #2176, #4745 ),
 ( #8096, #1580 ),
 ( #835, #5472 ),
 ( #5430, #2131 ),
 ( #4787, #7406 ),
 ( #244, #1451 ) ),
 .UNSPECIFIED., .F., .F., .F.,
 ( 4, 1, 1, 1, 1, 1, 1, 1, 4 ),
 ( 2, 2 ),
 ( 0.000000000000000000, 0.08887459959301113877, 0.1863628278403541561, 0.2940904553567278423, 0.4121094147631924054, 0.5417581983971517801, 0.6826887949347061335, 0.8350891744828353724, 1.000000000000000000 ),
 ( 0.000000000000000000, 1.000000000000000000 ),
 .UNSPECIFIED. ) ;
#3285 = CARTESIAN_POINT ( 'NONE',  ( -0.06180129879206130994, -6.644001139827767410, 5.500000000000000000 ) ) ;
#3286 = CARTESIAN_POINT ( 'NONE',  ( -2.246771105496572218, -5.986761001288781081, 6.000000000000000000 ) ) ;
#3287 = ORIENTED_EDGE ( 'NONE', *, *, #647, .F. ) ;
#3288 = CARTESIAN_POINT ( 'NONE',  ( 31.04999999999992610, 21.20000000000021956, 4.999999999999784173 ) ) ;
#3289 = LINE ( 'NONE', #5916, #1548 ) ;
#3290 = VERTEX_POINT ( 'NONE', #7944 ) ;
#3291 = CARTESIAN_POINT ( 'NONE',  ( -0.7428130999804779533, -14.32337452005882383, 5.500000000000000000 ) ) ;
#3292 = CARTESIAN_POINT ( 'NONE',  ( -0.7680124966469170644, -8.748155918440721379, 5.500000000000000000 ) ) ;
#3293 = CARTESIAN_POINT ( 'NONE',  ( -0.6451835506723566649, -4.173700709604267090, 5.500000000000000000 ) ) ;
#3294 = LINE ( 'NONE', #6605, #1260 ) ;
#3295 = CARTESIAN_POINT ( 'NONE',  ( 1.674621644223586614, -14.46058916286033558, 6.000000000000000888 ) ) ;
#3296 = VERTEX_POINT ( 'NONE', #4641 ) ;
#3297 = CARTESIAN_POINT ( 'NONE',  ( 1.537591692291900625, -4.498988153061262985, 5.500000000000000888 ) ) ;
#3298 = ORIENTED_EDGE ( 'NONE', *, *, #4637, .F. ) ;
#3299 = VECTOR ( 'NONE', #772, 1000.000000000000000 ) ;
#3300 = DIRECTION ( 'NONE',  ( -7.888609052210118054E-31, -5.605193857299268284E-45, 1.000000000000000000 ) ) ;
#3301 = DIRECTION ( 'NONE',  ( -7.888609052210118054E-31, -5.605193857299268284E-45, 1.000000000000000000 ) ) ;
#3302 = EDGE_CURVE ( 'NONE', #5345, #5063, #181, .T. ) ;
#3303 = DIRECTION ( 'NONE',  ( 1.000000000000000000, 6.715058616684416976E-15, -6.994852725712934581E-15 ) ) ;
#3304 = DIRECTION ( 'NONE',  ( -7.888609052210118054E-31, -5.605193857299268284E-45, 1.000000000000000000 ) ) ;
#3305 = CARTESIAN_POINT ( 'NONE',  ( 0.6042115278615280971, -14.06563777755127020, 6.000000000000000000 ) ) ;
#3306 = ORIENTED_EDGE ( 'NONE', *, *, #5570, .T. ) ;
#3307 = VECTOR ( 'NONE', #597, 1000.000000000000000 ) ;
#3308 = ORIENTED_EDGE ( 'NONE', *, *, #8246, .T. ) ;
#3309 = CARTESIAN_POINT ( 'NONE',  ( 1.729838404953075948, -14.71509203922313880, 5.500000000000000000 ) ) ;
#3310 = CARTESIAN_POINT ( 'NONE',  ( 1.509441271321872557, -11.95164009611350941, 5.500000000000000888 ) ) ;
#3311 = EDGE_CURVE ( 'NONE', #6329, #4311, #5411, .T. ) ;
#3312 = VECTOR ( 'NONE', #6126, 1000.000000000000000 ) ;
#3313 = EDGE_CURVE ( 'NONE', #4028, #4985, #781, .T. ) ;
#3314 = DIRECTION ( 'NONE',  ( 1.000000000000000000, 7.096596038086958767E-15, -6.982962677686304576E-15 ) ) ;
#3315 = ORIENTED_EDGE ( 'NONE', *, *, #6203, .T. ) ;
#3316 = CARTESIAN_POINT ( 'NONE',  ( -1.948116987179420390, -6.234214743589761021, 5.500000000000000888 ) ) ;
#3317 = ORIENTED_EDGE ( 'NONE', *, *, #7628, .T. ) ;
#3318 = DIRECTION ( 'NONE',  ( 7.888609052210118054E-31, 5.605193857299268284E-45, -1.000000000000000000 ) ) ;
#3319 = CARTESIAN_POINT ( 'NONE',  ( 1.980606027916740342, -12.28410898750091107, 5.999999999999999112 ) ) ;
#3320 = EDGE_CURVE ( 'NONE', #1158, #6602, #8038, .T. ) ;
#3321 = CARTESIAN_POINT ( 'NONE',  ( -2.478464130600909421, -4.248214081737019754, 6.000000000000000000 ) ) ;
#3322 = ADVANCED_FACE ( 'NONE', ( #739 ), #6034, .T. ) ;
#3323 =( GEOMETRIC_REPRESENTATION_CONTEXT ( 3 ) GLOBAL_UNCERTAINTY_ASSIGNED_CONTEXT ( ( #646 ) ) GLOBAL_UNIT_ASSIGNED_CONTEXT ( ( #2484, #1763, #6435 ) ) REPRESENTATION_CONTEXT ( 'NONE', 'WORKASPACE' ) );
#3324 = CARTESIAN_POINT ( 'NONE',  ( 1.642595037696804816, -8.564039857484011975, 5.500000000000000888 ) ) ;
#3325 = AXIS2_PLACEMENT_3D ( 'NONE', #7182, #1946, #1385 ) ;
#3326 = CARTESIAN_POINT ( 'NONE',  ( 23.99999999999992539, 23.70000000000016627, 4.999999999999833911 ) ) ;
#3327 = CARTESIAN_POINT ( 'NONE',  ( -2.626000817718353364, -5.027400475744353336, 5.500000000000000000 ) ) ;
#3328 = ORIENTED_EDGE ( 'NONE', *, *, #1347, .T. ) ;
#3329 = CARTESIAN_POINT ( 'NONE',  ( -1.585812863945655904, -6.418381915867382936, 6.000000000000000000 ) ) ;
#3330 = CARTESIAN_POINT ( 'NONE',  ( -2.621689495228384903, -5.156922586263108066, 6.000000000000000000 ) ) ;
#3331 = ORIENTED_EDGE ( 'NONE', *, *, #2562, .T. ) ;
#3332 = DIRECTION ( 'NONE',  ( -6.937904925063491558E-15, 1.000000000000000000, -3.276637284468331116E-31 ) ) ;
#3333 = DIRECTION ( 'NONE',  ( -6.982962677686265133E-15, 1.000000000000000000, 0.000000000000000000 ) ) ;
#3334 = ORIENTED_EDGE ( 'NONE', *, *, #1120, .F. ) ;
#3335 = VECTOR ( 'NONE', #504, 1000.000000000000114 ) ;
#3336 = FACE_OUTER_BOUND ( 'NONE', #2985, .T. ) ;
#3337 = CARTESIAN_POINT ( 'NONE',  ( -1.127282913594402469, -4.265567207093421409, 5.500000000000000000 ) ) ;
#3338 = AXIS2_PLACEMENT_3D ( 'NONE', #3949, #2580, #3862 ) ;
#3339 = LINE ( 'NONE', #806, #4123 ) ;
#3340 = CARTESIAN_POINT ( 'NONE',  ( 2.857775769924375542, 1.598701681998529134, 6.000000000000000000 ) ) ;
#3341 = ORIENTED_EDGE ( 'NONE', *, *, #1906, .T. ) ;
#3342 = CARTESIAN_POINT ( 'NONE',  ( 1.730769230769357403, -14.73982371794870438, 5.500000000000000000 ) ) ;
#3343 = ORIENTED_EDGE ( 'NONE', *, *, #5450, .T. ) ;
#3344 = CARTESIAN_POINT ( 'NONE',  ( -60.99999999999982236, -18.50000000000042277, 2.500000000000414335 ) ) ;
#3345 = CIRCLE ( 'NONE', #5542, 3.100000000000001865 ) ;
#3346 = CARTESIAN_POINT ( 'NONE',  ( 0.002003205128257268611, -4.144871794871797910, 6.000000000000000000 ) ) ;
#3347 = CARTESIAN_POINT ( 'NONE',  ( 2.580482831287447265, -15.23450874511714126, 5.999999999999999112 ) ) ;
#3348 = FACE_OUTER_BOUND ( 'NONE', #8361, .T. ) ;
#3349 = CARTESIAN_POINT ( 'NONE',  ( 0.1414048369820665452, -14.56558088380728222, 6.000000000000000000 ) ) ;
#3350 = ORIENTED_EDGE ( 'NONE', *, *, #1618, .F. ) ;
#3351 = CIRCLE ( 'NONE', #881, 3.100000000000000089 ) ;
#3352 = VECTOR ( 'NONE', #4850, 1000.000000000000000 ) ;
#3353 = ORIENTED_EDGE ( 'NONE', *, *, #5518, .F. ) ;
#3354 = CARTESIAN_POINT ( 'NONE',  ( 1.445110554477882614, -14.17708380402264545, 5.500000000000000000 ) ) ;
#3355 = CARTESIAN_POINT ( 'NONE',  ( 2.469242745875042555, 0.9257427439266786573, 3.000000000000000000 ) ) ;
#3356 = AXIS2_PLACEMENT_3D ( 'NONE', #421, #8281, #1542 ) ;
#3357 = AXIS2_PLACEMENT_3D ( 'NONE', #4895, #1635, #6737 ) ;
#3358 = CARTESIAN_POINT ( 'NONE',  ( 2.490080443816653055, -15.50402084129378899, 5.500000000000000000 ) ) ;
#3359 = ORIENTED_EDGE ( 'NONE', *, *, #2891, .T. ) ;
#3360 = CARTESIAN_POINT ( 'NONE',  ( -0.2757453482545741963, -6.642321199705596868, 5.500000000000000000 ) ) ;
#3361 = EDGE_LOOP ( 'NONE', ( #3166, #6743 ) ) ;
#3362 = CARTESIAN_POINT ( 'NONE',  ( 17.90000000000017621, -19.49999999999987210, 2.999999999999880984 ) ) ;
#3363 = DIRECTION ( 'NONE',  ( -7.888609052210118054E-31, -5.605193857299268284E-45, 1.000000000000000000 ) ) ;
#3364 = VECTOR ( 'NONE', #2316, 1000.000000000000000 ) ;
#3365 = EDGE_CURVE ( 'NONE', #5680, #1014, #7861, .T. ) ;
#3366 = DIRECTION ( 'NONE',  ( -0.8971271976025597672, -0.4417723297375897862, -7.888609052210119806E-31 ) ) ;
#3367 = VECTOR ( 'NONE', #5192, 1000.000000000000000 ) ;
#3368 = EDGE_CURVE ( 'NONE', #8260, #8498, #4170, .T. ) ;
#3369 = DIRECTION ( 'NONE',  ( -7.888609052210118054E-31, -5.605193857299268284E-45, 1.000000000000000000 ) ) ;
#3370 = VECTOR ( 'NONE', #8356, 1000.000000000000000 ) ;
#3371 = VECTOR ( 'NONE', #507, 1000.000000000000000 ) ;
#3372 = EDGE_CURVE ( 'NONE', #6833, #1042, #5096, .T. ) ;
#3373 = CARTESIAN_POINT ( 'NONE',  ( 25.70000000000005969, -4.249999999999817035, -1.759926938645836044E-13 ) ) ;
#3374 = CARTESIAN_POINT ( 'NONE',  ( 0.3502575528615491929, -14.21616636270195499, 5.500000000000000000 ) ) ;
#3375 = ORIENTED_EDGE ( 'NONE', *, *, #4943, .T. ) ;
#3376 = APPLICATION_CONTEXT ( 'automotive_design' ) ;
#3377 = DIRECTION ( 'NONE',  ( -7.888609052210118054E-31, -5.605193857299268284E-45, 1.000000000000000000 ) ) ;
#3378 = CARTESIAN_POINT ( 'NONE',  ( -2.461447685859127876, -5.688771189845509113, 6.000000000000000000 ) ) ;
#3379 = CARTESIAN_POINT ( 'NONE',  ( 25.69999999999987850, -4.249999999999817035, -26.31292458089768260 ) ) ;
#3380 = DIRECTION ( 'NONE',  ( 6.867314445954479045E-15, 4.797243844499407540E-29, 1.000000000000000000 ) ) ;
#3381 = ORIENTED_EDGE ( 'NONE', *, *, #6520, .F. ) ;
#3382 = DIRECTION ( 'NONE',  ( 6.982962677686265922E-15, 4.876176775795934672E-29, 1.000000000000000000 ) ) ;
#3383 = CARTESIAN_POINT ( 'NONE',  ( 0.8884214743590482799, -7.285897435897429553, 5.500000000000000888 ) ) ;
#3384 = CARTESIAN_POINT ( 'NONE',  ( 3.083017875641652861, 2.475961763870305976, 2.263451893019722938 ) ) ;
#3385 = DIRECTION ( 'NONE',  ( 0.8193223671891837201, 0.5733331131406177450, 0.000000000000000000 ) ) ;
#3386 = CARTESIAN_POINT ( 'NONE',  ( 2.430694294536202005, -4.121493268421118294, 6.000000000000000000 ) ) ;
#3387 = ORIENTED_EDGE ( 'NONE', *, *, #441, .T. ) ;
#3388 = CARTESIAN_POINT ( 'NONE',  ( 1.466813763270206072, -4.441774652464398621, 6.000000000000000000 ) ) ;
#3389 = ORIENTED_EDGE ( 'NONE', *, *, #5838, .T. ) ;
#3390 = DIRECTION ( 'NONE',  ( -7.888609052210119806E-31, -5.605193857299269528E-45, 1.000000000000000000 ) ) ;
#3391 = CARTESIAN_POINT ( 'NONE',  ( -0.8303434907143657506, -5.693558551459973138, 5.500000000000000888 ) ) ;
#3392 = CARTESIAN_POINT ( 'NONE',  ( 1.713745292340373538, -16.30618074904262471, 5.500000000000000000 ) ) ;
#3393 = EDGE_CURVE ( 'NONE', #6018, #3176, #466, .T. ) ;
#3394 = DIRECTION ( 'NONE',  ( 6.888341397178440152E-15, -1.000000000000000000, 6.607368703010305184E-31 ) ) ;
#3395 = CARTESIAN_POINT ( 'NONE',  ( 2.627430199775223851, -4.979895263726410448, 5.500000000000000888 ) ) ;
#3396 = VERTEX_POINT ( 'NONE', #918 ) ;
#3397 = VERTEX_POINT ( 'NONE', #6960 ) ;
#3398 = DIRECTION ( 'NONE',  ( -7.888609052210118054E-31, -5.605193857299268284E-45, 1.000000000000000000 ) ) ;
#3399 = B_SPLINE_CURVE_WITH_KNOTS ( 'NONE', 3,
 ( #7794, #1915, #1269, #3244, #4052, #2038, #6550, #3321, #6590, #5207, #5330, #4647, #1954, #664, #7951, #7828, #2649, #7189, #623, #2567, #6675, #3279, #5168, #5869, #1396, #4562, #1315 ),
 .UNSPECIFIED., .F., .F.,
 ( 4, 1, 1, 1, 1, 1, 1, 1, 1, 1, 1, 1, 1, 1, 1, 1, 1, 1, 1, 1, 1, 1, 1, 1, 4 ),
 ( 0.000000000000000000, 0.03662864639230636876, 0.07202170524524863227, 0.1066077978238738067, 0.1402817809553496831, 0.1735898796805011024, 0.2063904904366577198, 0.2392744174985869388, 0.2720846989590902654, 0.3050360901861425278, 0.3385128265642535217, 0.3725941710793054251, 0.4076935718855412283, 0.4438580630750675882, 0.4814442591193111576, 0.5202391350467975295, 0.5610320860075223015, 0.6041364360509974274, 0.6501785507834917377, 0.6996677785668725669, 0.7524047451481801208, 0.8088213064168179312, 0.8689765472924566581, 0.9326861945134095055, 1.000000000000000000 ),
 .UNSPECIFIED. ) ;
#3400 = CARTESIAN_POINT ( 'NONE',  ( 2.608484153170429476, -15.09133955081386524, 5.500000000000000888 ) ) ;
#3401 = ORIENTED_EDGE ( 'NONE', *, *, #1958, .T. ) ;
#3402 = CARTESIAN_POINT ( 'NONE',  ( -2.747231095616744501, 1.363782291128397439, 2.260366788867224752 ) ) ;
#3403 = ORIENTED_EDGE ( 'NONE', *, *, #1668, .T. ) ;
#3404 = DIRECTION ( 'NONE',  ( -1.000000000000000000, -7.178166107490237014E-15, 0.000000000000000000 ) ) ;
#3405 = CARTESIAN_POINT ( 'NONE',  ( -2.359858855803570687, -4.046775884045326954, 5.500000000000000888 ) ) ;
#3406 = EDGE_CURVE ( 'NONE', #5289, #1976, #429, .T. ) ;
#3407 = DIRECTION ( 'NONE',  ( 1.000000000000000000, 6.888341397178440152E-15, -6.982962677686265922E-15 ) ) ;
#3408 = EDGE_CURVE ( 'NONE', #258, #7362, #3535, .T. ) ;
#3409 = ADVANCED_FACE ( 'NONE', ( #7435 ), #3696, .T. ) ;
#3410 = LINE ( 'NONE', #2122, #873 ) ;
#3411 = CARTESIAN_POINT ( 'NONE',  ( 2.017227564102666015, -11.19615384615383746, 5.500000000000000888 ) ) ;
#3412 = VERTEX_POINT ( 'NONE', #1119 ) ;
#3413 = CARTESIAN_POINT ( 'NONE',  ( -16.99999999999979039, -22.50000000000011724, 5.000000000000123457 ) ) ;
#3414 = CARTESIAN_POINT ( 'NONE',  ( 2.600299277223904859, -8.622289631192057158, 5.500000000000000000 ) ) ;
#3415 = CARTESIAN_POINT ( 'NONE',  ( 1.477005619848434925, -15.30239437320561180, 6.000000000000000000 ) ) ;
#3416 = CARTESIAN_POINT ( 'NONE',  ( -1.250483333017447629, -4.309916812113450568, 5.500000000000000000 ) ) ;
#3417 = CARTESIAN_POINT ( 'NONE',  ( -2.626000817718353364, -5.027400475744353336, 6.000000000000000000 ) ) ;
#3418 = CARTESIAN_POINT ( 'NONE',  ( 1.729838404953034425, -8.881758705889808425, 6.000000000000000000 ) ) ;
#3419 = CARTESIAN_POINT ( 'NONE',  ( 46.99999999999997868, 7.000000000000261124, -3.281992458512547121E-13 ) ) ;
#3420 = ORIENTED_EDGE ( 'NONE', *, *, #7512, .F. ) ;
#3421 = ADVANCED_FACE ( 'NONE', ( #470 ), #3046, .T. ) ;
#3422 = PLANE ( 'NONE',  #3645 ) ;
#3423 = ADVANCED_FACE ( 'NONE', ( #5716 ), #8331, .T. ) ;
#3424 = CARTESIAN_POINT ( 'NONE',  ( 0.7132979613540466612, -7.290002791617403055, 5.500000000000000000 ) ) ;
#3425 = CARTESIAN_POINT ( 'NONE',  ( -1.250483333017447629, -4.309916812113450568, 5.500000000000000000 ) ) ;
#3426 = CARTESIAN_POINT ( 'NONE',  ( 2.905574167424861187, 3.880573346697639980, 2.253977467919163313 ) ) ;
#3427 = CARTESIAN_POINT ( 'NONE',  ( -0.5890473310330216483, -13.90396185526418371, 6.000000000000000000 ) ) ;
#3428 = VERTEX_POINT ( 'NONE', #1161 ) ;
#3429 = VERTEX_POINT ( 'NONE', #5058 ) ;
#3430 = EDGE_CURVE ( 'NONE', #8039, #7362, #1801, .T. ) ;
#3431 = DIRECTION ( 'NONE',  ( 0.7984567285931379876, -0.6020522008633004685, 0.000000000000000000 ) ) ;
#3432 = B_SPLINE_SURFACE_WITH_KNOTS ( 'NONE', 3, 1, ( 
 ( #2711, #5923 ),
 ( #6694, #7252 ),
 ( #33, #6086 ),
 ( #2832, #2185 ),
 ( #4792, #679 ),
 ( #3985, #3295 ),
 ( #6606, #7931 ),
 ( #2666, #5267 ),
 ( #7894, #3002 ),
 ( #3602, #6177 ),
 ( #2962, #1586 ),
 ( #4329, #7462 ),
 ( #3557, #250 ),
 ( #4200, #2912 ),
 ( #4241, #6871 ),
 ( #5616, #2359 ),
 ( #2403, #8236 ),
 ( #982, #6824 ),
 ( #4282, #341 ) ),
 .UNSPECIFIED., .F., .F., .F.,
 ( 4, 1, 1, 1, 1, 1, 1, 1, 1, 1, 1, 1, 1, 1, 1, 1, 4 ),
 ( 2, 2 ),
 ( 0.000000000000000000, 0.06116154996539596711, 0.1203363801759606694, 0.1783898341784805885, 0.2358655101693931111, 0.2941823526725293458, 0.3532419669828836817, 0.4136922142579403383, 0.4761376879043047183, 0.5394336096482432730, 0.6023842390965556959, 0.6644303114771669128, 0.7277262332211056339, 0.7924691057685016027, 0.8591605019104372465, 0.9281559975465446533, 1.000000000000000000 ),
 ( 0.000000000000000000, 1.000000000000000000 ),
 .UNSPECIFIED. ) ;
#3433 = CARTESIAN_POINT ( 'NONE',  ( -1.589000609142590559, -5.351739220658324747, 6.000000000000000000 ) ) ;
#3434 = DIRECTION ( 'NONE',  ( 6.867314445954479045E-15, 4.797243844499407540E-29, 1.000000000000000000 ) ) ;
#3435 = DIRECTION ( 'NONE',  ( 6.982962677686265922E-15, -1.000000000000000000, 0.000000000000000000 ) ) ;
#3436 = LINE ( 'NONE', #5321, #7012 ) ;
#3437 = ORIENTED_EDGE ( 'NONE', *, *, #2743, .T. ) ;
#3438 = DIRECTION ( 'NONE',  ( -7.888609052210118054E-31, -5.605193857299268284E-45, 1.000000000000000000 ) ) ;
#3439 = LINE ( 'NONE', #179, #7715 ) ;
#3440 = B_SPLINE_CURVE_WITH_KNOTS ( 'NONE', 3,
 ( #2536, #5142, #3095, #2055, #807, #2747, #3427, #2020, #3951, #8019, #4663, #6046, #721, #5312, #3465, #1499, #2096, #4027, #6650 ),
 .UNSPECIFIED., .F., .F.,
 ( 4, 1, 1, 1, 1, 1, 1, 1, 1, 1, 1, 1, 1, 1, 1, 1, 4 ),
 ( 0.000000000000000000, 0.06340052940042857632, 0.1249764099331402284, 0.1844921876584958154, 0.2434736282965418164, 0.3022637321141443678, 0.3613835718304159728, 0.4214817654110644130, 0.4834545367577930408, 0.5459360688045383769, 0.6081426980855852982, 0.6698202920949500871, 0.7323322942692658266, 0.7960922343214101859, 0.8616426668792320775, 0.9294352318828829063, 1.000000000000000000 ),
 .UNSPECIFIED. ) ;
#3441 = DIRECTION ( 'NONE',  ( -7.888609052210118054E-31, -5.605193857299268284E-45, 1.000000000000000000 ) ) ;
#3442 = ORIENTED_EDGE ( 'NONE', *, *, #7778, .F. ) ;
#3443 = AXIS2_PLACEMENT_3D ( 'NONE', #2408, #4972, #425 ) ;
#3444 = CARTESIAN_POINT ( 'NONE',  ( 3.131316011514059253E-15, 2.799999999999999822, 3.000000000000000000 ) ) ;
#3445 = ORIENTED_EDGE ( 'NONE', *, *, #6734, .T. ) ;
#3446 = CARTESIAN_POINT ( 'NONE',  ( -0.5152986151107692425, 5.501289939503887894, 2.254564340789526611 ) ) ;
#3447 = DIRECTION ( 'NONE',  ( 6.982962677686265922E-15, 4.876176775795934672E-29, 1.000000000000000000 ) ) ;
#3448 = CYLINDRICAL_SURFACE ( 'NONE', #8271, 4.000000000000000000 ) ;
#3449 = AXIS2_PLACEMENT_3D ( 'NONE', #5387, #2961, #3512 ) ;
#3450 = LINE ( 'NONE', #2817, #7445 ) ;
#3451 = CARTESIAN_POINT ( 'NONE',  ( -2.728315428614815907, 3.144666392301799007, 2.257672572958874468 ) ) ;
#3452 = ORIENTED_EDGE ( 'NONE', *, *, #15, .T. ) ;
#3453 = CARTESIAN_POINT ( 'NONE',  ( 2.127069218349248558, -7.770839264203570629, 5.500000000000000888 ) ) ;
#3454 = CARTESIAN_POINT ( 'NONE',  ( 1.414286072217456613, -4.408441807286238578, 6.000000000000000000 ) ) ;
#3455 = CARTESIAN_POINT ( 'NONE',  ( 1.730769230769357403, -14.73982371794870438, 6.000000000000000000 ) ) ;
#3456 = DIRECTION ( 'NONE',  ( -0.9941829972169029528, 0.1077040762683351000, -7.888609052210117178E-31 ) ) ;
#3457 = FILL_AREA_STYLE_COLOUR ( '', #6106 ) ;
#3458 = CARTESIAN_POINT ( 'NONE',  ( -1.752915971808918671, 4.918911417633398564, 3.000000000000000000 ) ) ;
#3459 = EDGE_LOOP ( 'NONE', ( #6542, #6139, #7463, #3027 ) ) ;
#3460 = AXIS2_PLACEMENT_3D ( 'NONE', #5247, #3366, #7870 ) ;
#3461 = LINE ( 'NONE', #6081, #5984 ) ;
#3462 = CARTESIAN_POINT ( 'NONE',  ( -0.3047447784968742024, -7.715598390357355285, 6.000000000000000000 ) ) ;
#3463 = CARTESIAN_POINT ( 'NONE',  ( 1.925558118862803703, 0.3705502822899269799, 3.000000000000000000 ) ) ;
#3464 = PLANE ( 'NONE',  #3449 ) ;
#3465 = CARTESIAN_POINT ( 'NONE',  ( 0.3814531427014015152, -13.17759346612560201, 6.000000000000000000 ) ) ;
#3466 = EDGE_LOOP ( 'NONE', ( #4728, #3692, #3712, #5722 ) ) ;
#3467 = CARTESIAN_POINT ( 'NONE',  ( 2.580482831287405521, -9.401175411783805558, 5.500000000000000000 ) ) ;
#3468 = VECTOR ( 'NONE', #4298, 1000.000000000000000 ) ;
#3469 = ORIENTED_EDGE ( 'NONE', *, *, #6713, .T. ) ;
#3470 = EDGE_CURVE ( 'NONE', #4253, #2848, #4449, .T. ) ;
#3471 = DIRECTION ( 'NONE',  ( -7.888609052210118054E-31, -5.605193857299268284E-45, 1.000000000000000000 ) ) ;
#3472 = EDGE_CURVE ( 'NONE', #1517, #2449, #718, .T. ) ;
#3473 = CARTESIAN_POINT ( 'NONE',  ( -1.533301970205888987, -5.411453734468349985, 5.999999999999999112 ) ) ;
#3474 = CARTESIAN_POINT ( 'NONE',  ( 2.592237828190545379, -5.319101991341073976, 6.000000000000000000 ) ) ;
#3475 = ORIENTED_EDGE ( 'NONE', *, *, #3947, .T. ) ;
#3476 = DIRECTION ( 'NONE',  ( 6.982962677686265922E-15, 4.876176775795934672E-29, 1.000000000000000000 ) ) ;
#3477 = ADVANCED_FACE ( 'NONE', ( #1971 ), #3216, .F. ) ;
#3478 = ORIENTED_EDGE ( 'NONE', *, *, #6315, .F. ) ;
#3479 = CARTESIAN_POINT ( 'NONE',  ( 1.705591011689385317, -14.94848811555176660, 5.500000000000000000 ) ) ;
#3480 = CARTESIAN_POINT ( 'NONE',  ( 0.4065742163339936543, -8.335139532048970068, 6.000000000000000000 ) ) ;
#3481 = ORIENTED_EDGE ( 'NONE', *, *, #7834, .F. ) ;
#3482 = ORIENTED_EDGE ( 'NONE', *, *, #2743, .F. ) ;
#3483 = DIRECTION ( 'NONE',  ( -0.7071067811865522357, 0.7071067811865426878, 4.937700262164529898E-15 ) ) ;
#3484 = AXIS2_PLACEMENT_3D ( 'NONE', #5423, #105, #6759 ) ;
#3485 = ORIENTED_EDGE ( 'NONE', *, *, #7725, .T. ) ;
#3486 = AXIS2_PLACEMENT_3D ( 'NONE', #5817, #6506, #619 ) ;
#3487 = DIRECTION ( 'NONE',  ( 6.867314445954479834E-15, 4.797243844499408100E-29, 1.000000000000000000 ) ) ;
#3488 = ORIENTED_EDGE ( 'NONE', *, *, #3302, .F. ) ;
#3489 = CARTESIAN_POINT ( 'NONE',  ( 0.4065742163340346771, -14.16847286538229511, 5.500000000000000888 ) ) ;
#3490 = CARTESIAN_POINT ( 'NONE',  ( -14.99999999999981881, -22.50000000000010303, -2.063301313030035821E-16 ) ) ;
#3491 = ORIENTED_EDGE ( 'NONE', *, *, #3233, .F. ) ;
#3492 = CARTESIAN_POINT ( 'NONE',  ( 2.628205128205185925, -4.935136217948702608, 5.500000000000000888 ) ) ;
#3493 = AXIS2_PLACEMENT_3D ( 'NONE', #3125, #6471, #5747 ) ;
#3494 = VECTOR ( 'NONE', #4094, 1000.000000000000000 ) ;
#3495 = PLANE ( 'NONE',  #1012 ) ;
#3496 = PLANE ( 'NONE',  #468 ) ;
#3497 = ORIENTED_EDGE ( 'NONE', *, *, #4022, .T. ) ;
#3498 = CARTESIAN_POINT ( 'NONE',  ( -61.00000000000001421, 9.299999999999574385, 2.500000000000414335 ) ) ;
#3499 = CARTESIAN_POINT ( 'NONE',  ( 1.387219551282104835, -4.391266025641018977, 6.000000000000000000 ) ) ;
#3500 = VECTOR ( 'NONE', #4098, 1000.000000000000000 ) ;
#3501 = DIRECTION ( 'NONE',  ( -6.982962677686265922E-15, 1.000000000000000000, -0.000000000000000000 ) ) ;
#3502 = B_SPLINE_SURFACE_WITH_KNOTS ( 'NONE', 3, 1, ( 
 ( #1468, #172 ),
 ( #4761, #7382 ),
 ( #42, #6143 ),
 ( #7515, #4935 ),
 ( #2290, #1637 ),
 ( #6185, #1039 ),
 ( #2974, #6314 ),
 ( #5665, #4248 ),
 ( #989, #3609 ),
 ( #300, #1598 ),
 ( #7555, #2875 ) ),
 .UNSPECIFIED., .F., .F., .F.,
 ( 4, 1, 1, 1, 1, 1, 1, 1, 4 ),
 ( 2, 2 ),
 ( 0.000000000000000000, 0.1381355455281888245, 0.2684506686800448572, 0.3942530064338323204, 0.5180986679418645435, 0.6385184547224836971, 0.7569658908781726758, 0.8772747938537108769, 0.9999999999999998890 ),
 ( 0.000000000000000000, 1.000000000000000000 ),
 .UNSPECIFIED. ) ;
#3503 = AXIS2_PLACEMENT_3D ( 'NONE', #6005, #5341, #3255 ) ;
#3504 = DIRECTION ( 'NONE',  ( -7.888609052210118054E-31, -5.605193857299268284E-45, 1.000000000000000000 ) ) ;
#3505 = CARTESIAN_POINT ( 'NONE',  ( 38.29999999999989768, 18.85000000000027143, -2.639780236034306154E-13 ) ) ;
#3506 = CARTESIAN_POINT ( 'NONE',  ( 3.131316011514059253E-15, 2.799999999999999822, 3.000000000000000000 ) ) ;
#3507 = CARTESIAN_POINT ( 'NONE',  ( 2.004663725408922126, 0.9174954586961460157, 6.000000000000000000 ) ) ;
#3508 = CIRCLE ( 'NONE', #3097, 1.099999999999996758 ) ;
#3509 = CIRCLE ( 'NONE', #1168, 1.449999999999999956 ) ;
#3510 = CARTESIAN_POINT ( 'NONE',  ( -0.4136713454844855864, -13.65908801404339989, 6.000000000000000000 ) ) ;
#3511 = CARTESIAN_POINT ( 'NONE',  ( -1.730769230769173106, -4.939142628205143382, 6.000000000000000888 ) ) ;
#3512 = DIRECTION ( 'NONE',  ( -1.000000000000000000, -6.982962677686265922E-15, -7.888609052210118054E-31 ) ) ;
#3513 = LINE ( 'NONE', #6135, #2273 ) ;
#3514 = ORIENTED_EDGE ( 'NONE', *, *, #3013, .T. ) ;
#3515 = AXIS2_PLACEMENT_3D ( 'NONE', #8273, #1752, #4357 ) ;
#3516 = CARTESIAN_POINT ( 'NONE',  ( 2.628205128205185925, -4.935136217948702608, 6.000000000000000000 ) ) ;
#3517 = CARTESIAN_POINT ( 'NONE',  ( 1.382173127287528391, -14.13401436738141470, 5.500000000000000888 ) ) ;
#3518 = ORIENTED_EDGE ( 'NONE', *, *, #1074, .F. ) ;
#3519 = DIRECTION ( 'NONE',  ( 1.000000000000000000, 6.888341397178440152E-15, -6.982962677686265922E-15 ) ) ;
#3520 = EDGE_CURVE ( 'NONE', #2463, #5721, #5181, .T. ) ;
#3521 = CARTESIAN_POINT ( 'NONE',  ( -0.8704017733203573970, -6.590198176212185288, 6.000000000000000000 ) ) ;
#3522 = CARTESIAN_POINT ( 'NONE',  ( -2.303748958979892514, 0.7256951202875092655, 3.000000000000000000 ) ) ;
#3523 = ORIENTED_EDGE ( 'NONE', *, *, #7999, .F. ) ;
#3524 = CARTESIAN_POINT ( 'NONE',  ( 0.4477163461539767075, -15.29270833333332824, 5.500000000000000000 ) ) ;
#3525 = ORIENTED_EDGE ( 'NONE', *, *, #3798, .F. ) ;
#3526 = ADVANCED_FACE ( 'NONE', ( #7283 ), #5309, .T. ) ;
#3527 = DIRECTION ( 'NONE',  ( -0.9563915516599881261, -0.2920876579272058127, -7.888609052210119806E-31 ) ) ;
#3528 = EDGE_CURVE ( 'NONE', #4460, #4887, #7864, .T. ) ;
#3529 = CARTESIAN_POINT ( 'NONE',  ( 0.1579298740744360385, -8.666970277227001418, 6.000000000000000000 ) ) ;
#3530 = ORIENTED_EDGE ( 'NONE', *, *, #169, .T. ) ;
#3531 = VERTEX_POINT ( 'NONE', #677 ) ;
#3532 = EDGE_CURVE ( 'NONE', #3701, #4626, #5533, .T. ) ;
#3533 = ADVANCED_FACE ( 'NONE', ( #1285 ), #8024, .T. ) ;
#3534 = CARTESIAN_POINT ( 'NONE',  ( -2.224796734531122144, 4.416409443804272250, 2.302585434167869316 ) ) ;
#3535 = LINE ( 'NONE', #1078, #5245 ) ;
#3536 = VERTEX_POINT ( 'NONE', #1496 ) ;
#3537 = CARTESIAN_POINT ( 'NONE',  ( 0.1282051282052543151, -14.70276442307691944, 5.500000000000000888 ) ) ;
#3538 = CARTESIAN_POINT ( 'NONE',  ( -1.666666666666551055, -13.18333333333334423, 5.500000000000000000 ) ) ;
#3539 = ORIENTED_EDGE ( 'NONE', *, *, #2646, .F. ) ;
#3540 = LINE ( 'NONE', #3052, #4585 ) ;
#3541 = ORIENTED_EDGE ( 'NONE', *, *, #3580, .F. ) ;
#3542 = CARTESIAN_POINT ( 'NONE',  ( 0.002003205128251001922, -3.247435897435900110, 5.500000000000000000 ) ) ;
#3543 = CARTESIAN_POINT ( 'NONE',  ( -2.478464130600909421, -4.248214081737019754, 6.000000000000000000 ) ) ;
#3544 = ORIENTED_EDGE ( 'NONE', *, *, #4834, .T. ) ;
#3545 = LINE ( 'NONE', #7317, #4846 ) ;
#3546 = VERTEX_POINT ( 'NONE', #158 ) ;
#3547 = CARTESIAN_POINT ( 'NONE',  ( 0.1723349018211978723, -9.096511844540955849, 6.000000000000000000 ) ) ;
#3548 = DIRECTION ( 'NONE',  ( 0.9998424674825467928, 0.01774937233854305060, 7.888609052210116302E-31 ) ) ;
#3549 = DIRECTION ( 'NONE',  ( 1.000000000000000000, 6.982962677686265922E-15, 7.888609052210118054E-31 ) ) ;
#3550 = CARTESIAN_POINT ( 'NONE',  ( -1.127282913594402469, -4.265567207093421409, 5.500000000000000000 ) ) ;
#3551 = DIRECTION ( 'NONE',  ( 6.982962677686265922E-15, -1.000000000000000000, 0.000000000000000000 ) ) ;
#3552 = CARTESIAN_POINT ( 'NONE',  ( 1.642595037696804816, -8.564039857484011975, 6.000000000000000000 ) ) ;
#3553 = DIRECTION ( 'NONE',  ( 0.2047867780920912539, -0.9788066078233537137, 1.972152263052529295E-31 ) ) ;
#3554 = EDGE_CURVE ( 'NONE', #2205, #740, #2785, .T. ) ;
#3555 = CARTESIAN_POINT ( 'NONE',  ( 0.7132979613540875174, -13.12333612495073076, 5.500000000000000000 ) ) ;
#3556 = LINE ( 'NONE', #941, #841 ) ;
#3557 = CARTESIAN_POINT ( 'NONE',  ( 1.315310803901141190, -14.09717109109274347, 5.500000000000000000 ) ) ;
#3558 = VERTEX_POINT ( 'NONE', #4146 ) ;
#3559 = CARTESIAN_POINT ( 'NONE',  ( 2.072915762085890012, -10.23778586692800907, 5.500000000000000000 ) ) ;
#3560 = DIRECTION ( 'NONE',  ( 1.000000000000000000, 6.888341397178440152E-15, -6.982962677686265922E-15 ) ) ;
#3561 = ORIENTED_EDGE ( 'NONE', *, *, #8209, .F. ) ;
#3562 = CARTESIAN_POINT ( 'NONE',  ( 1.474358974359079699, -11.74102564102563484, 6.000000000000000000 ) ) ;
#3563 = CARTESIAN_POINT ( 'NONE',  ( -0.4330878365113808304, -5.733787660365335270, 5.500000000000000000 ) ) ;
#3564 = ORIENTED_EDGE ( 'NONE', *, *, #4096, .F. ) ;
#3565 = CARTESIAN_POINT ( 'NONE',  ( 0.4223472673303822478, -15.26901025353764574, 5.500000000000000888 ) ) ;
#3566 = ORIENTED_EDGE ( 'NONE', *, *, #3266, .T. ) ;
#3567 = CARTESIAN_POINT ( 'NONE',  ( -7.882096392767486449E-15, 4.349999999999999645, 3.000000000000000000 ) ) ;
#3568 = CARTESIAN_POINT ( 'NONE',  ( 0.6774350997232242433, -8.209685947918528015, 5.500000000000000888 ) ) ;
#3569 = ORIENTED_EDGE ( 'NONE', *, *, #5308, .F. ) ;
#3570 = ORIENTED_EDGE ( 'NONE', *, *, #1906, .F. ) ;
#3571 = CARTESIAN_POINT ( 'NONE',  ( 2.228279855033886925, -12.24874452316575635, 5.500000000000000000 ) ) ;
#3572 = FACE_OUTER_BOUND ( 'NONE', #964, .T. ) ;
#3573 = EDGE_CURVE ( 'NONE', #1275, #620, #6821, .T. ) ;
#3574 = DIRECTION ( 'NONE',  ( 6.982962677686265922E-15, 4.876176775795934672E-29, 1.000000000000000000 ) ) ;
#3575 = ORIENTED_EDGE ( 'NONE', *, *, #8203, .F. ) ;
#3576 = CARTESIAN_POINT ( 'NONE',  ( 1.998807928985460558, -13.49024377194261781, 6.000000000000000000 ) ) ;
#3577 = EDGE_LOOP ( 'NONE', ( #6599, #8371, #4118, #2725 ) ) ;
#3578 = ORIENTED_EDGE ( 'NONE', *, *, #7408, .F. ) ;
#3579 = CARTESIAN_POINT ( 'NONE',  ( 2.627448061714548810, -4.890375083862992689, 5.500000000000000888 ) ) ;
#3580 = EDGE_CURVE ( 'NONE', #3040, #3883, #6174, .T. ) ;
#3581 = EDGE_CURVE ( 'NONE', #2839, #5039, #2999, .T. ) ;
#3582 = VECTOR ( 'NONE', #7320, 1000.000000000000000 ) ;
#3583 = LINE ( 'NONE', #4868, #4842 ) ;
#3584 = ORIENTED_EDGE ( 'NONE', *, *, #7147, .T. ) ;
#3585 = CARTESIAN_POINT ( 'NONE',  ( 1.282051282051372088, -9.593589743589737040, 6.000000000000000000 ) ) ;
#3586 = ORIENTED_EDGE ( 'NONE', *, *, #3062, .F. ) ;
#3587 = DIRECTION ( 'NONE',  ( 6.888341397178440152E-15, -1.000000000000000000, 6.607368703010313066E-31 ) ) ;
#3588 = CARTESIAN_POINT ( 'NONE',  ( -1.170893051803975293, 5.288274394281541113, 6.000000000000000000 ) ) ;
#3589 = PLANE ( 'NONE',  #3640 ) ;
#3590 = CARTESIAN_POINT ( 'NONE',  ( -2.499999999999868106, -15.45997596153847553, 5.500000000000000000 ) ) ;
#3591 = FACE_BOUND ( 'NONE', #4423, .T. ) ;
#3592 = CARTESIAN_POINT ( 'NONE',  ( 0.1468519028334876464, -9.021651722480084956, 5.500000000000000888 ) ) ;
#3593 = DIRECTION ( 'NONE',  ( -0.4096521052252176109, 0.9122418279626007820, -3.944304526105059903E-31 ) ) ;
#3594 = AXIS2_PLACEMENT_3D ( 'NONE', #731, #2720, #8031 ) ;
#3595 = EDGE_LOOP ( 'NONE', ( #3137, #246, #4385, #3206 ) ) ;
#3596 = CARTESIAN_POINT ( 'NONE',  ( 1.509697667624030348, -11.53022489447021748, 5.500000000000000888 ) ) ;
#3597 = CARTESIAN_POINT ( 'NONE',  ( 0.8884214743590894692, -13.11923076923075904, 6.000000000000000888 ) ) ;
#3598 = DIRECTION ( 'NONE',  ( 0.6509997011806980538, -0.7590779861533607509, 0.000000000000000000 ) ) ;
#3599 = PLANE ( 'NONE',  #8014 ) ;
#3600 = ADVANCED_FACE ( 'NONE', ( #2355 ), #1714, .F. ) ;
#3601 = CARTESIAN_POINT ( 'NONE',  ( 1.317358923961465367, -9.574844183976063405, 5.999999999999999112 ) ) ;
#3602 = CARTESIAN_POINT ( 'NONE',  ( 1.504068256435575401, -14.22577418916100456, 5.500000000000000888 ) ) ;
#3603 = ORIENTED_EDGE ( 'NONE', *, *, #2896, .T. ) ;
#3604 = CARTESIAN_POINT ( 'NONE',  ( -2.303748958979892070, 0.7256951202875105977, 6.000000000000000000 ) ) ;
#3605 = FILL_AREA_STYLE_COLOUR ( '', #1537 ) ;
#3606 = ORIENTED_EDGE ( 'NONE', *, *, #1786, .T. ) ;
#3607 = CARTESIAN_POINT ( 'NONE',  ( 2.558530543312764749, -11.84877789680051308, 5.500000000000000000 ) ) ;
#3608 = CIRCLE ( 'NONE', #6341, 1.449999999999999956 ) ;
#3609 = CARTESIAN_POINT ( 'NONE',  ( 1.726721576465250152, -14.84556674475642346, 5.999999999999999112 ) ) ;
#3610 = VERTEX_POINT ( 'NONE', #8196 ) ;
#3611 = VECTOR ( 'NONE', #3483, 1000.000000000000114 ) ;
#3612 = CARTESIAN_POINT ( 'NONE',  ( 1.239809690051709934, -7.312864357552980366, 6.000000000000000000 ) ) ;
#3613 = LINE ( 'NONE', #1509, #5358 ) ;
#3614 = ORIENTED_EDGE ( 'NONE', *, *, #2601, .T. ) ;
#3615 = CARTESIAN_POINT ( 'NONE',  ( 2.017227564102673565, -12.28589743589742689, 5.500000000000000888 ) ) ;
#3616 = DIRECTION ( 'NONE',  ( -6.982962677686265133E-15, 1.000000000000000000, 0.000000000000000000 ) ) ;
#3617 = VECTOR ( 'NONE', #7533, 1000.000000000000000 ) ;
#3618 = DIRECTION ( 'NONE',  ( -7.888609052210118054E-31, -5.605193857299268284E-45, 1.000000000000000000 ) ) ;
#3619 = CARTESIAN_POINT ( 'NONE',  ( 25.69999999999971863, 18.85000000000018616, -26.31292458089768260 ) ) ;
#3620 = CARTESIAN_POINT ( 'NONE',  ( 46.99999999999997868, 7.000000000000261124, -3.247297988993010979E-13 ) ) ;
#3621 = EDGE_LOOP ( 'NONE', ( #6891, #2485, #2721, #5936 ) ) ;
#3622 = VECTOR ( 'NONE', #7953, 1000.000000000000000 ) ;
#3623 = ORIENTED_EDGE ( 'NONE', *, *, #960, .T. ) ;
#3624 = CARTESIAN_POINT ( 'NONE',  ( -0.8722292868266594557, -3.297794949762650418, 5.500000000000000888 ) ) ;
#3625 = EDGE_CURVE ( 'NONE', #8072, #711, #4304, .T. ) ;
#3626 = VECTOR ( 'NONE', #2348, 1000.000000000000000 ) ;
#3627 = CARTESIAN_POINT ( 'NONE',  ( -2.288935321409869772, -3.952671670801123582, 5.500000000000000000 ) ) ;
#3628 = VERTEX_POINT ( 'NONE', #3766 ) ;
#3629 = DIRECTION ( 'NONE',  ( 6.867314445954479045E-15, 4.797243844499407540E-29, 1.000000000000000000 ) ) ;
#3630 = ORIENTED_EDGE ( 'NONE', *, *, #788, .T. ) ;
#3631 = CARTESIAN_POINT ( 'NONE',  ( 31.99999999999986855, 21.20000000000022666, -2.687005768509100445 ) ) ;
#3632 = CARTESIAN_POINT ( 'NONE',  ( 21.00000000000017764, -19.49999999999985079, 2.999999999999859668 ) ) ;
#3633 = LINE ( 'NONE', #5607, #5829 ) ;
#3634 = EDGE_CURVE ( 'NONE', #1881, #2392, #3685, .T. ) ;
#3635 = EDGE_CURVE ( 'NONE', #4528, #7808, #6360, .T. ) ;
#3636 = CARTESIAN_POINT ( 'NONE',  ( 2.053868110614655684, -11.19790628931121113, 5.999999999999999112 ) ) ;
#3637 = AXIS2_PLACEMENT_3D ( 'NONE', #2960, #5476, #338 ) ;
#3638 = PLANE ( 'NONE',  #3787 ) ;
#3639 = CARTESIAN_POINT ( 'NONE',  ( 3.131316011514056098E-15, 2.799999999999999822, 6.000000000000000000 ) ) ;
#3640 = AXIS2_PLACEMENT_3D ( 'NONE', #4431, #5041, #3679 ) ;
#3641 = EDGE_CURVE ( 'NONE', #8136, #5825, #505, .T. ) ;
#3642 = EDGE_CURVE ( 'NONE', #1057, #2305, #5150, .T. ) ;
#3643 = CARTESIAN_POINT ( 'NONE',  ( 1.630354456228680249, -11.35333913754252144, 6.000000000000000888 ) ) ;
#3644 = CIRCLE ( 'NONE', #885, 3.099999999999998757 ) ;
#3645 = AXIS2_PLACEMENT_3D ( 'NONE', #8493, #5264, #7890 ) ;
#3646 = CARTESIAN_POINT ( 'NONE',  ( 1.367476753227667707, -5.525228678014316941, 5.500000000000000888 ) ) ;
#3647 = CARTESIAN_POINT ( 'NONE',  ( -22.54999999999984794, -19.50000000000015277, 1.574658083818251944E-13 ) ) ;
#3648 = DIRECTION ( 'NONE',  ( -0.1699168137789589528, 0.9854584092670813922, -1.972152263052529514E-31 ) ) ;
#3649 = LINE ( 'NONE', #3039, #355 ) ;
#3650 = ORIENTED_EDGE ( 'NONE', *, *, #2550, .F. ) ;
#3651 = B_SPLINE_CURVE_WITH_KNOTS ( 'NONE', 3,
 ( #7759, #8280, #1152, #386, #4442, #4483, #3001, #6431, #7114, #1070, #5615 ),
 .UNSPECIFIED., .F., .F.,
 ( 4, 1, 1, 1, 1, 1, 1, 1, 4 ),
 ( 0.000000000000000000, 0.1103603399843302718, 0.2211857967812667358, 0.3343638213725845243, 0.4529765798274158484, 0.5772343082002682202, 0.7088043240432450043, 0.8493551270704502443, 1.000000000000000000 ),
 .UNSPECIFIED. ) ;
#3652 = FACE_OUTER_BOUND ( 'NONE', #2196, .T. ) ;
#3653 = ORIENTED_EDGE ( 'NONE', *, *, #1641, .T. ) ;
#3654 = VECTOR ( 'NONE', #479, 1000.000000000000000 ) ;
#3655 = DIRECTION ( 'NONE',  ( 0.9897338247590561355, -0.1429229027406382080, 7.888609052210117178E-31 ) ) ;
#3656 = AXIS2_PLACEMENT_3D ( 'NONE', #7340, #4633, #4673 ) ;
#3657 = CARTESIAN_POINT ( 'NONE',  ( 0.1726739287056641425, 0.05542649682225633118, 3.000000000000000000 ) ) ;
#3658 = EDGE_LOOP ( 'NONE', ( #8381, #5885, #5810, #4551 ) ) ;
#3659 = CIRCLE ( 'NONE', #8319, 3.100000000000000089 ) ;
#3660 = CARTESIAN_POINT ( 'NONE',  ( 11.00000000000018296, -22.49999999999992184, 2.999999999999997335 ) ) ;
#3661 = DIRECTION ( 'NONE',  ( -7.888609052210118054E-31, -5.605193857299268284E-45, 1.000000000000000000 ) ) ;
#3662 = CARTESIAN_POINT ( 'NONE',  ( 24.10000000000019327, -19.49999999999982947, 4.999999999999839240 ) ) ;
#3663 = EDGE_LOOP ( 'NONE', ( #7159, #2312, #6022, #7651 ) ) ;
#3664 = VERTEX_POINT ( 'NONE', #2321 ) ;
#3665 = CARTESIAN_POINT ( 'NONE',  ( -0.7576399020706063858, -14.78560768261096925, 5.999999999999999112 ) ) ;
#3666 = EDGE_CURVE ( 'NONE', #1263, #5750, #2443, .T. ) ;
#3667 = DIRECTION ( 'NONE',  ( -0.4417723297375897862, 0.8971271976025597672, -3.944304526105058589E-31 ) ) ;
#3668 = EDGE_LOOP ( 'NONE', ( #1842, #6447, #1891, #1234 ) ) ;
#3669 = DIRECTION ( 'NONE',  ( -1.000000000000000000, -6.937904925063491558E-15, 6.867314445954479045E-15 ) ) ;
#3670 = FACE_OUTER_BOUND ( 'NONE', #7125, .T. ) ;
#3671 = VERTEX_POINT ( 'NONE', #1148 ) ;
#3672 = ORIENTED_EDGE ( 'NONE', *, *, #4362, .T. ) ;
#3673 = CARTESIAN_POINT ( 'NONE',  ( -0.6728142664845793153, -3.274517995780905633, 5.500000000000000000 ) ) ;
#3674 = CARTESIAN_POINT ( 'NONE',  ( -2.627560337175887994, -4.917738217671182355, 6.000000000000000000 ) ) ;
#3675 = ORIENTED_EDGE ( 'NONE', *, *, #7348, .F. ) ;
#3676 = CARTESIAN_POINT ( 'NONE',  ( -21.78102496759046502, -22.50000000000015277, 3.000000000000154987 ) ) ;
#3677 = VERTEX_POINT ( 'NONE', #7025 ) ;
#3678 = CARTESIAN_POINT ( 'NONE',  ( -0.05577673652065905097, -13.35971380878615911, 5.500000000000000000 ) ) ;
#3679 = DIRECTION ( 'NONE',  ( 6.867314445954479045E-15, 4.797243844499407540E-29, 1.000000000000000000 ) ) ;
#3680 = CARTESIAN_POINT ( 'NONE',  ( 2.476084572762805802, -11.43617997106550987, 5.999999999999999112 ) ) ;
#3681 = DIRECTION ( 'NONE',  ( 0.9230960361052140684, -0.3845695101367778146, 7.888609052210118054E-31 ) ) ;
#3682 = EDGE_CURVE ( 'NONE', #784, #896, #7667, .T. ) ;
#3683 = EDGE_CURVE ( 'NONE', #5068, #5809, #6690, .T. ) ;
#3684 = CARTESIAN_POINT ( 'NONE',  ( 1.806694633951519302, -11.23331379798186092, 6.000000000000000000 ) ) ;
#3685 = LINE ( 'NONE', #4279, #5951 ) ;
#3686 = LINE ( 'NONE', #6344, #6646 ) ;
#3687 = CARTESIAN_POINT ( 'NONE',  ( 0.5169831148199650617, -0.2565877149185577522, 3.000000000000000000 ) ) ;
#3688 = CARTESIAN_POINT ( 'NONE',  ( -53.90000000000000568, 7.299999999999624123, 2.500000000000364597 ) ) ;
#3689 = ORIENTED_EDGE ( 'NONE', *, *, #7100, .T. ) ;
#3690 = CARTESIAN_POINT ( 'NONE',  ( 2.527352045288904669, -5.549293258730264355, 5.500000000000000888 ) ) ;
#3691 = PLANE ( 'NONE',  #4415 ) ;
#3692 = ORIENTED_EDGE ( 'NONE', *, *, #5629, .F. ) ;
#3693 = CARTESIAN_POINT ( 'NONE',  ( 3.131316011514059253E-15, 2.799999999999999822, 3.000000000000000000 ) ) ;
#3694 = EDGE_CURVE ( 'NONE', #5069, #4253, #5171, .T. ) ;
#3695 = CARTESIAN_POINT ( 'NONE',  ( 1.271309186050286089, -6.529587531969508696, 6.000000000000000000 ) ) ;
#3696 = PLANE ( 'NONE',  #4025 ) ;
#3697 = CARTESIAN_POINT ( 'NONE',  ( -1.666666666666581254, -8.915504807692320455, 5.500000000000000000 ) ) ;
#3698 = CARTESIAN_POINT ( 'NONE',  ( -2.529039341888994700E-14, 6.800000000000000711, 0.8000000000000003775 ) ) ;
#3699 = DIRECTION ( 'NONE',  ( 0.7984567285931213343, 0.6020522008633227840, 7.888609052210119806E-31 ) ) ;
#3700 = LINE ( 'NONE', #7488, #7749 ) ;
#3701 = VERTEX_POINT ( 'NONE', #18 ) ;
#3702 = EDGE_CURVE ( 'NONE', #2714, #1808, #8445, .T. ) ;
#3703 = ORIENTED_EDGE ( 'NONE', *, *, #5042, .F. ) ;
#3704 = B_SPLINE_CURVE_WITH_KNOTS ( 'NONE', 3,
 ( #6673, #186, #100, #4730, #4086, #6114, #233, #141, #823, #2850, #5458 ),
 .UNSPECIFIED., .F., .F.,
 ( 4, 1, 1, 1, 1, 1, 1, 1, 4 ),
 ( 0.000000000000000000, 0.08887459959301113877, 0.1863628278403541561, 0.2940904553567278423, 0.4121094147631924054, 0.5417581983971517801, 0.6826887949347061335, 0.8350891744828353724, 1.000000000000000000 ),
 .UNSPECIFIED. ) ;
#3705 = DIRECTION ( 'NONE',  ( 5.206605838286014668E-15, -1.000000000000000000, 0.000000000000000000 ) ) ;
#3706 = DIRECTION ( 'NONE',  ( -7.888609052210118054E-31, -5.605193857299268284E-45, 1.000000000000000000 ) ) ;
#3707 = EDGE_LOOP ( 'NONE', ( #1238, #3566, #2023, #5119 ) ) ;
#3708 = CARTESIAN_POINT ( 'NONE',  ( 2.559900063643773649, -14.29703893904975232, 6.000000000000000000 ) ) ;
#3709 = CARTESIAN_POINT ( 'NONE',  ( 3.131316011514059253E-15, 2.799999999999999822, 3.000000000000000000 ) ) ;
#3710 = ORIENTED_EDGE ( 'NONE', *, *, #3968, .T. ) ;
#3711 = EDGE_CURVE ( 'NONE', #6554, #405, #1022, .T. ) ;
#3712 = ORIENTED_EDGE ( 'NONE', *, *, #4095, .F. ) ;
#3713 = DIRECTION ( 'NONE',  ( -0.9782753810969029296, 0.2073096204707087498, -7.888609052210117178E-31 ) ) ;
#3714 = LINE ( 'NONE', #7574, #5528 ) ;
#3715 = VERTEX_POINT ( 'NONE', #7796 ) ;
#3716 = CARTESIAN_POINT ( 'NONE',  ( 1.726721576465209518, -9.012233411423091312, 6.000000000000000000 ) ) ;
#3717 = ORIENTED_EDGE ( 'NONE', *, *, #7219, .T. ) ;
#3718 = CARTESIAN_POINT ( 'NONE',  ( 0.2275522840424376025, -13.22477601873996100, 5.500000000000000000 ) ) ;
#3719 = LINE ( 'NONE', #1100, #6516 ) ;
#3720 = DIRECTION ( 'NONE',  ( -7.888609052210118054E-31, -5.605193857299268284E-45, 1.000000000000000000 ) ) ;
#3721 = CARTESIAN_POINT ( 'NONE',  ( 2.004663725408868835, 4.682504541303909917, 6.000000000000000000 ) ) ;
#3722 = DIRECTION ( 'NONE',  ( -7.888609052210118054E-31, -5.605193857299268284E-45, 1.000000000000000000 ) ) ;
#3723 = CARTESIAN_POINT ( 'NONE',  ( 1.476329917102099154, -11.70478858457095050, 6.000000000000000000 ) ) ;
#3724 = CARTESIAN_POINT ( 'NONE',  ( 0.2812056584477720667, -5.744769754030568443, 5.500000000000000888 ) ) ;
#3725 = CARTESIAN_POINT ( 'NONE',  ( -16.99999999999982947, -16.50000000000011724, 5.000000000000123457 ) ) ;
#3726 = VECTOR ( 'NONE', #7814, 1000.000000000000114 ) ;
#3727 = CARTESIAN_POINT ( 'NONE',  ( 0.1311058630887481646, -14.77921131274705147, 5.500000000000000888 ) ) ;
#3728 = DIRECTION ( 'NONE',  ( 6.825260543506556042E-15, -1.000000000000000000, -1.751623080406021339E-46 ) ) ;
#3729 = ORIENTED_EDGE ( 'NONE', *, *, #3642, .F. ) ;
#3730 = CARTESIAN_POINT ( 'NONE',  ( 1.861501712986946666, -13.39105150545070266, 5.500000000000000888 ) ) ;
#3731 = EDGE_LOOP ( 'NONE', ( #3819, #1617, #4740, #3259 ) ) ;
#3732 = AXIS2_PLACEMENT_3D ( 'NONE', #5051, #546, #1835 ) ;
#3733 = EDGE_CURVE ( 'NONE', #7001, #3839, #5816, .T. ) ;
#3734 = CARTESIAN_POINT ( 'NONE',  ( 0.8555968945877530096, -5.694061671414943682, 6.000000000000000000 ) ) ;
#3735 = CARTESIAN_POINT ( 'NONE',  ( 0.1468519028334876464, -9.021651722480084956, 5.500000000000000888 ) ) ;
#3736 = CARTESIAN_POINT ( 'NONE',  ( 1.260883593535026215, -0.03199091869204306882, 2.255915264206802995 ) ) ;
#3737 = CARTESIAN_POINT ( 'NONE',  ( 3.131316011514056098E-15, 2.799999999999999822, 6.000000000000000000 ) ) ;
#3738 = CARTESIAN_POINT ( 'NONE',  ( 0.2981557378203172348, -14.26657693251808645, 6.000000000000000000 ) ) ;
#3739 = ORIENTED_EDGE ( 'NONE', *, *, #1184, .T. ) ;
#3740 = ADVANCED_FACE ( 'NONE', ( #1961 ), #3200, .T. ) ;
#3741 = AXIS2_PLACEMENT_3D ( 'NONE', #3936, #4009, #5906 ) ;
#3743 = ORIENTED_EDGE ( 'NONE', *, *, #480, .T. ) ;
#3742 = ADVANCED_FACE ( 'NONE', ( #7152 ), #5824, .F. ) ;
#3744 = LINE ( 'NONE', #6321, #6350 ) ;
#3745 = EDGE_CURVE ( 'NONE', #5179, #2056, #1319, .T. ) ;
#3746 = ADVANCED_FACE ( 'NONE', ( #7239 ), #7110, .F. ) ;
#3747 = CIRCLE ( 'NONE', #3325, 4.000000000000000000 ) ;
#3748 = DIRECTION ( 'NONE',  ( -6.982962677686265133E-15, 1.000000000000000000, 0.000000000000000000 ) ) ;
#3749 = ORIENTED_EDGE ( 'NONE', *, *, #3169, .T. ) ;
#3750 = FACE_OUTER_BOUND ( 'NONE', #3912, .T. ) ;
#3751 = B_SPLINE_CURVE_WITH_KNOTS ( 'NONE', 3,
 ( #7905, #3309, #46, #3146, #7264, #1384, #2506, #4285, #2362, #7302, #3354, #3517, #894, #4152, #6915, #1032, #6138, #6776, #6827 ),
 .UNSPECIFIED., .F., .F.,
 ( 4, 1, 1, 1, 1, 1, 1, 1, 1, 1, 1, 1, 1, 1, 1, 1, 4 ),
 ( 0.000000000000000000, 0.06116154996539596711, 0.1203363801759606694, 0.1783898341784805885, 0.2358655101693931111, 0.2941823526725293458, 0.3532419669828836817, 0.4136922142579403383, 0.4761376879043047183, 0.5394336096482432730, 0.6023842390965556959, 0.6644303114771669128, 0.7277262332211056339, 0.7924691057685016027, 0.8591605019104372465, 0.9281559975465446533, 1.000000000000000000 ),
 .UNSPECIFIED. ) ;
#3752 = CARTESIAN_POINT ( 'NONE',  ( 14.99999999999983480, 27.50000000000010658, 2.063301313026461295E-16 ) ) ;
#3753 = ORIENTED_EDGE ( 'NONE', *, *, #2952, .T. ) ;
#3754 = VERTEX_POINT ( 'NONE', #7916 ) ;
#3755 = CARTESIAN_POINT ( 'NONE',  ( -1.666666666666581254, -8.915504807692320455, 5.500000000000000000 ) ) ;
#3756 = AXIS2_PLACEMENT_3D ( 'NONE', #61, #7272, #3407 ) ;
#3757 = CARTESIAN_POINT ( 'NONE',  ( -0.8959985705277988544, -0.1676904423494262331, 2.254564340789526611 ) ) ;
#3758 = AXIS2_PLACEMENT_3D ( 'NONE', #6809, #277, #2897 ) ;
#3759 = CARTESIAN_POINT ( 'NONE',  ( 1.729411099374859928, -8.941970915723643998, 6.000000000000000000 ) ) ;
#3760 = ORIENTED_EDGE ( 'NONE', *, *, #212, .T. ) ;
#3761 = CARTESIAN_POINT ( 'NONE',  ( 2.004663725408868391, 4.682504541303909917, 3.000000000000000000 ) ) ;
#3762 = CARTESIAN_POINT ( 'NONE',  ( 2.857775769924374654, 1.598701681998529578, 2.276695463209204906 ) ) ;
#3763 = DIRECTION ( 'NONE',  ( -6.982962677686265922E-15, 1.000000000000000000, -0.000000000000000000 ) ) ;
#3764 = CARTESIAN_POINT ( 'NONE',  ( -1.217558999713361567, -5.597253494939058882, 6.000000000000000000 ) ) ;
#3765 = CARTESIAN_POINT ( 'NONE',  ( 1.980592670643791076, -11.19791785085035052, 6.000000000000000000 ) ) ;
#3766 = CARTESIAN_POINT ( 'NONE',  ( -60.99999999999998579, 5.299999999999573497, 2.500000000000414335 ) ) ;
#3767 = ORIENTED_EDGE ( 'NONE', *, *, #7347, .T. ) ;
#3768 = CARTESIAN_POINT ( 'NONE',  ( 1.066296300295496602, -7.290905667594252293, 5.999999999999999112 ) ) ;
#3769 = CIRCLE ( 'NONE', #59, 1.099999999999996758 ) ;
#3770 = CARTESIAN_POINT ( 'NONE',  ( 0.3733089833664033352, -15.22320200111734145, 6.000000000000000000 ) ) ;
#3771 = DIRECTION ( 'NONE',  ( -6.867314445954479045E-15, -4.797243844499407540E-29, -1.000000000000000000 ) ) ;
#3772 = EDGE_LOOP ( 'NONE', ( #2379, #1733, #7027, #7672 ) ) ;
#3773 = CARTESIAN_POINT ( 'NONE',  ( 1.861501712986946666, -13.39105150545070266, 6.000000000000000000 ) ) ;
#3774 = EDGE_LOOP ( 'NONE', ( #8472, #5239, #7736, #254 ) ) ;
#3775 = CIRCLE ( 'NONE', #7336, 3.099999999999998757 ) ;
#3776 = AXIS2_PLACEMENT_3D ( 'NONE', #7342, #6016, #1380 ) ;
#3777 = CARTESIAN_POINT ( 'NONE',  ( 1.932517927150822601, -6.256437941748127507, 6.000000000000000000 ) ) ;
#3778 = DIRECTION ( 'NONE',  ( -0.7590779861533792916, 0.6509997011806765155, -7.888609052210118054E-31 ) ) ;
#3779 = DIRECTION ( 'NONE',  ( -6.982962677686265922E-15, 1.000000000000000000, -0.000000000000000000 ) ) ;
#3780 = CARTESIAN_POINT ( 'NONE',  ( 1.998807928985460558, -13.49024377194261781, 5.500000000000000888 ) ) ;
#3781 = CARTESIAN_POINT ( 'NONE',  ( 2.628205128205185925, -4.935136217948702608, 5.500000000000000888 ) ) ;
#3782 = EDGE_LOOP ( 'NONE', ( #7076, #4550, #912, #4762 ) ) ;
#3783 = AXIS2_PLACEMENT_3D ( 'NONE', #4219, #1561, #6928 ) ;
#3784 = CIRCLE ( 'NONE', #7338, 1.099999999999996758 ) ;
#3785 = ORIENTED_EDGE ( 'NONE', *, *, #1807, .F. ) ;
#3786 = CARTESIAN_POINT ( 'NONE',  ( -2.499999999999868106, -15.45997596153847553, 5.500000000000000000 ) ) ;
#3787 = AXIS2_PLACEMENT_3D ( 'NONE', #2470, #4235, #975 ) ;
#3788 = EDGE_CURVE ( 'NONE', #6731, #6955, #2569, .T. ) ;
#3789 = VECTOR ( 'NONE', #2838, 1000.000000000000000 ) ;
#3790 = CARTESIAN_POINT ( 'NONE',  ( 3.131316011514056098E-15, 2.799999999999999822, 6.000000000000000000 ) ) ;
#3791 = EDGE_CURVE ( 'NONE', #7595, #5261, #63, .T. ) ;
#3792 = ORIENTED_EDGE ( 'NONE', *, *, #280, .F. ) ;
#3793 = DIRECTION ( 'NONE',  ( -7.888609052210118054E-31, -5.605193857299268284E-45, 1.000000000000000000 ) ) ;
#3794 = DIRECTION ( 'NONE',  ( -7.888609052210118054E-31, -5.605193857299268284E-45, 1.000000000000000000 ) ) ;
#3795 = EDGE_LOOP ( 'NONE', ( #6740, #5627, #1502, #1059 ) ) ;
#3796 = ORIENTED_EDGE ( 'NONE', *, *, #1388, .T. ) ;
#3797 = DIRECTION ( 'NONE',  ( 6.867314445954479045E-15, -1.000000000000000000, -1.751623080406021339E-46 ) ) ;
#3798 = EDGE_CURVE ( 'NONE', #784, #5063, #4990, .T. ) ;
#3799 = ADVANCED_FACE ( 'NONE', ( #1879 ), #4436, .F. ) ;
#3800 = DIRECTION ( 'NONE',  ( -7.888609052210118054E-31, -5.605193857299268284E-45, 1.000000000000000000 ) ) ;
#3801 = VERTEX_POINT ( 'NONE', #6468 ) ;
#3802 = CARTESIAN_POINT ( 'NONE',  ( -0.1851409416627292914, -13.44771552269004644, 5.500000000000000000 ) ) ;
#3803 = CARTESIAN_POINT ( 'NONE',  ( -0.5152986151106941914, 0.09871006049609683253, 6.000000000000000000 ) ) ;
#3804 = CARTESIAN_POINT ( 'NONE',  ( 46.10000000000017906, -19.49999999999967670, 2.999999999999684697 ) ) ;
#3805 = EDGE_CURVE ( 'NONE', #905, #7575, #581, .T. ) ;
#3806 = CARTESIAN_POINT ( 'NONE',  ( 2.857775769924341791, 4.001298318001551557, 6.000000000000000000 ) ) ;
#3807 = EDGE_CURVE ( 'NONE', #7724, #5642, #7998, .T. ) ;
#3808 = CARTESIAN_POINT ( 'NONE',  ( 2.430694294536202005, -4.121493268421118294, 6.000000000000000000 ) ) ;
#3809 = CARTESIAN_POINT ( 'NONE',  ( 2.663603693103752779, 2.116102810296704106, 2.253977467919163313 ) ) ;
#3810 = CYLINDRICAL_SURFACE ( 'NONE', #2973, 1.099999999999996758 ) ;
#3811 = ORIENTED_EDGE ( 'NONE', *, *, #2699, .F. ) ;
#3812 = CARTESIAN_POINT ( 'NONE',  ( 1.239809690051709934, -7.312864357552980366, 5.999999999999999112 ) ) ;
#3813 = DIRECTION ( 'NONE',  ( -1.000000000000000000, -6.715058616684416976E-15, 6.982962677686271444E-15 ) ) ;
#3814 = CARTESIAN_POINT ( 'NONE',  ( 2.322888131161961134, -12.19821267974552370, 6.000000000000000000 ) ) ;
#3815 = VERTEX_POINT ( 'NONE', #6679 ) ;
#3816 = CARTESIAN_POINT ( 'NONE',  ( 1.698638979280617578, -6.381219541639287840, 5.999999999999999112 ) ) ;
#3817 = VERTEX_POINT ( 'NONE', #6029 ) ;
#3818 = CARTESIAN_POINT ( 'NONE',  ( 0.9482456716280144304, -13.12091517532601337, 5.999999999999999112 ) ) ;
#3819 = ORIENTED_EDGE ( 'NONE', *, *, #2224, .F. ) ;
#3820 = CARTESIAN_POINT ( 'NONE',  ( -2.556885336192701974, 3.812342519882829794, 3.000000000000000000 ) ) ;
#3821 = DIRECTION ( 'NONE',  ( 1.000000000000000000, 6.825260543506556042E-15, -6.867314445954479045E-15 ) ) ;
#3822 = DIRECTION ( 'NONE',  ( -7.888609052210118054E-31, -5.605193857299268284E-45, 1.000000000000000000 ) ) ;
#3823 = CARTESIAN_POINT ( 'NONE',  ( 38.29999999999987637, -4.249999999999729994, -26.31292458089776787 ) ) ;
#3824 = ORIENTED_EDGE ( 'NONE', *, *, #2472, .T. ) ;
#3825 = ORIENTED_EDGE ( 'NONE', *, *, #2375, .F. ) ;
#3826 = FACE_OUTER_BOUND ( 'NONE', #299, .T. ) ;
#3827 = VERTEX_POINT ( 'NONE', #2040 ) ;
#3828 = CARTESIAN_POINT ( 'NONE',  ( 2.626608055058718971, -14.73374298366200819, 6.000000000000000000 ) ) ;
#3829 = CARTESIAN_POINT ( 'NONE',  ( 0.1352232446033330426, -5.746522075447234812, 5.500000000000000888 ) ) ;
#3830 = CARTESIAN_POINT ( 'NONE',  ( 2.004663725408868835, 4.682504541303909917, 2.337413152810810857 ) ) ;
#3831 = EDGE_LOOP ( 'NONE', ( #2349, #7815, #4815, #8239 ) ) ;
#3832 = ORIENTED_EDGE ( 'NONE', *, *, #7206, .F. ) ;
#3833 = CARTESIAN_POINT ( 'NONE',  ( -2.002201346417657568, -6.195391855106033852, 5.500000000000000000 ) ) ;
#3834 = CARTESIAN_POINT ( 'NONE',  ( 1.474358974359079699, -11.74102564102563484, 5.500000000000000000 ) ) ;
#3835 = B_SPLINE_SURFACE_WITH_KNOTS ( 'NONE', 3, 1, ( 
 ( #4380, #7561 ),
 ( #1809, #8336 ),
 ( #3018, #4417 ),
 ( #7604, #3665 ),
 ( #8169, #520 ),
 ( #4904, #3139 ),
 ( #5593, #1690 ) ),
 .UNSPECIFIED., .F., .F., .F.,
 ( 4, 1, 1, 1, 4 ),
 ( 2, 2 ),
 ( 0.000000000000000000, 0.2636630635207401485, 0.5231302484245144990, 0.7670950153782087888, 1.000000000000000000 ),
 ( 0.000000000000000000, 1.000000000000000000 ),
 .UNSPECIFIED. ) ;
#3836 = CARTESIAN_POINT ( 'NONE',  ( -17.89999999999982450, -19.50000000000012079, 3.000000000000127454 ) ) ;
#3837 = EDGE_CURVE ( 'NONE', #2208, #6401, #5505, .T. ) ;
#3838 = CARTESIAN_POINT ( 'NONE',  ( -20.99999999999982947, -19.50000000000014211, 3.000000000000149214 ) ) ;
#3839 = VERTEX_POINT ( 'NONE', #4649 ) ;
#3840 = CARTESIAN_POINT ( 'NONE',  ( 0.8292723943247939378, -13.12061737922894444, 5.500000000000000000 ) ) ;
#3841 = DIRECTION ( 'NONE',  ( 6.982962677686265922E-15, 4.876176775795934672E-29, 1.000000000000000000 ) ) ;
#3842 = DIRECTION ( 'NONE',  ( -6.982962677686264344E-15, 1.000000000000000000, 0.000000000000000000 ) ) ;
#3843 = EDGE_CURVE ( 'NONE', #2463, #3839, #8089, .T. ) ;
#3844 = DIRECTION ( 'NONE',  ( 6.982962677686265922E-15, 4.876176775795934672E-29, 1.000000000000000000 ) ) ;
#3845 = EDGE_CURVE ( 'NONE', #5210, #2951, #1442, .T. ) ;
#3846 = CARTESIAN_POINT ( 'NONE',  ( 0.4683319164841044935, -3.258837825034729185, 6.000000000000000000 ) ) ;
#3847 = ADVANCED_FACE ( 'NONE', ( #790, #4738, #6071, #1485 ), #1399, .T. ) ;
#3848 = EDGE_CURVE ( 'NONE', #5809, #3092, #2732, .T. ) ;
#3849 = CARTESIAN_POINT ( 'NONE',  ( 3.131316011514056098E-15, 2.799999999999999822, 6.000000000000000000 ) ) ;
#3850 = LINE ( 'NONE', #1233, #7222 ) ;
#3851 = ORIENTED_EDGE ( 'NONE', *, *, #7988, .F. ) ;
#3852 = FACE_OUTER_BOUND ( 'NONE', #4473, .T. ) ;
#3853 = CARTESIAN_POINT ( 'NONE',  ( 0.2074927377459748201, -15.00420797869795031, 5.500000000000000000 ) ) ;
#3854 = PLANE ( 'NONE',  #6523 ) ;
#3855 = VERTEX_POINT ( 'NONE', #4012 ) ;
#3856 = CARTESIAN_POINT ( 'NONE',  ( 1.932517927150822601, -6.256437941748127507, 5.999999999999999112 ) ) ;
#3857 = CARTESIAN_POINT ( 'NONE',  ( 1.998807928985460558, -13.49024377194261781, 6.000000000000000000 ) ) ;
#3858 = VERTEX_POINT ( 'NONE', #5332 ) ;
#3859 = CARTESIAN_POINT ( 'NONE',  ( 0.1288816258766188327, -6.644385295427484017, 6.000000000000000000 ) ) ;
#3860 = EDGE_CURVE ( 'NONE', #7217, #7734, #4054, .T. ) ;
#3861 = AXIS2_PLACEMENT_3D ( 'NONE', #1936, #1293, #4630 ) ;
#3862 = DIRECTION ( 'NONE',  ( 6.982962677686264344E-15, -1.000000000000000000, 0.000000000000000000 ) ) ;
#3863 = CARTESIAN_POINT ( 'NONE',  ( 2.558575852945990103, -11.63324785350845936, 5.500000000000000000 ) ) ;
#3864 = CARTESIAN_POINT ( 'NONE',  ( -46.99999999999982236, -22.50000000000033040, 3.316686928032079729E-13 ) ) ;
#3865 = DIRECTION ( 'NONE',  ( -0.9793242484501311074, 0.2022968521692459221, -7.888609052210117178E-31 ) ) ;
#3866 = VERTEX_POINT ( 'NONE', #3373 ) ;
#3867 = EDGE_LOOP ( 'NONE', ( #5805, #5746, #6362, #3175 ) ) ;
#3868 = CARTESIAN_POINT ( 'NONE',  ( -1.730769230769173106, -4.939142628205143382, 6.000000000000000000 ) ) ;
#3869 = AXIS2_PLACEMENT_3D ( 'NONE', #3143, #5858, #2554 ) ;
#3870 = DIRECTION ( 'NONE',  ( -6.982962677686265133E-15, 1.000000000000000000, 0.000000000000000000 ) ) ;
#3871 = DIRECTION ( 'NONE',  ( 1.000000000000000000, 6.825260543506556831E-15, -6.867314445954479834E-15 ) ) ;
#3872 = EDGE_LOOP ( 'NONE', ( #4942, #3241 ) ) ;
#3873 = CARTESIAN_POINT ( 'NONE',  ( 0.8884214743590482799, -7.285897435897429553, 5.500000000000000888 ) ) ;
#3874 = VECTOR ( 'NONE', #2479, 1000.000000000000000 ) ;
#3875 = CARTESIAN_POINT ( 'NONE',  ( 0.6445262415351220575, -0.2322575622747834745, 6.000000000000000000 ) ) ;
#3876 = ORIENTED_EDGE ( 'NONE', *, *, #3266, .F. ) ;
#3877 = ORIENTED_EDGE ( 'NONE', *, *, #1009, .T. ) ;
#3878 = CARTESIAN_POINT ( 'NONE',  ( -2.747231095616786245, 4.236217708871525822, 3.000000000000000000 ) ) ;
#3879 = CARTESIAN_POINT ( 'NONE',  ( -2.684678751731770063, 4.349999999999974776, 2.302585434167869316 ) ) ;
#3880 = VECTOR ( 'NONE', #5740, 1000.000000000000227 ) ;
#3881 = CARTESIAN_POINT ( 'NONE',  ( 0.002003205128251001922, -3.247435897435900110, 5.500000000000000000 ) ) ;
#3882 = CARTESIAN_POINT ( 'NONE',  ( 17.00000000000018474, -22.49999999999987921, -1.152409185687131218E-13 ) ) ;
#3883 = VERTEX_POINT ( 'NONE', #2773 ) ;
#3884 = DIRECTION ( 'NONE',  ( -6.982962677686265133E-15, 1.000000000000000000, 0.000000000000000000 ) ) ;
#3885 = DIRECTION ( 'NONE',  ( -7.888609052210118054E-31, -5.605193857299268284E-45, 1.000000000000000000 ) ) ;
#3886 = CIRCLE ( 'NONE', #7852, 3.099999999999998757 ) ;
#3887 = CARTESIAN_POINT ( 'NONE',  ( 1.433246906124523212, -10.58172394771707481, 5.500000000000000000 ) ) ;
#3888 = EDGE_CURVE ( 'NONE', #4253, #6206, #3545, .T. ) ;
#3889 = CIRCLE ( 'NONE', #5813, 1.449999999999999956 ) ;
#3890 = CARTESIAN_POINT ( 'NONE',  ( 0.6830828777937901775, -3.276052298045980304, 5.500000000000000888 ) ) ;
#3891 = EDGE_CURVE ( 'NONE', #4040, #3883, #7185, .T. ) ;
#3892 = ADVANCED_FACE ( 'NONE', ( #8047 ), #8001, .T. ) ;
#3893 = DIRECTION ( 'NONE',  ( -1.000000000000000000, -6.982962677686265922E-15, -7.888609052210118054E-31 ) ) ;
#3894 = CARTESIAN_POINT ( 'NONE',  ( -2.002201346417657568, -6.195391855106033852, 5.999999999999999112 ) ) ;
#3895 = ORIENTED_EDGE ( 'NONE', *, *, #2339, .T. ) ;
#3896 = CARTESIAN_POINT ( 'NONE',  ( 2.623465986256033666, -8.787948678504067246, 5.500000000000000888 ) ) ;
#3897 = CARTESIAN_POINT ( 'NONE',  ( -0.7692307692306845635, -8.801322115384621725, 6.000000000000000000 ) ) ;
#3898 = FACE_OUTER_BOUND ( 'NONE', #1675, .T. ) ;
#3899 = ORIENTED_EDGE ( 'NONE', *, *, #6678, .F. ) ;
#3900 = CARTESIAN_POINT ( 'NONE',  ( 2.580482831287447265, -15.23450874511714126, 6.000000000000000000 ) ) ;
#3901 = VECTOR ( 'NONE', #5994, 1000.000000000000000 ) ;
#3902 = ORIENTED_EDGE ( 'NONE', *, *, #8134, .F. ) ;
#3903 = EDGE_CURVE ( 'NONE', #1770, #3967, #3410, .T. ) ;
#3904 = AXIS2_PLACEMENT_3D ( 'NONE', #820, #5413, #5288 ) ;
#3905 = CARTESIAN_POINT ( 'NONE',  ( -0.7656110130113432666, -14.47668696563096447, 6.000000000000000000 ) ) ;
#3906 = CARTESIAN_POINT ( 'NONE',  ( -0.7656110130113841228, -8.643353632297630540, 5.500000000000000000 ) ) ;
#3907 = CARTESIAN_POINT ( 'NONE',  ( -2.499999999999868106, -15.45997596153847553, 6.000000000000000000 ) ) ;
#3908 = CARTESIAN_POINT ( 'NONE',  ( 1.597120936567178795, -4.561336337248528494, 5.500000000000000000 ) ) ;
#3909 = CARTESIAN_POINT ( 'NONE',  ( -44.54999999999984794, -19.50000000000030909, 3.110909872909230368E-13 ) ) ;
#3910 = ORIENTED_EDGE ( 'NONE', *, *, #58, .F. ) ;
#3911 = CARTESIAN_POINT ( 'NONE',  ( 1.387219551282104835, -4.391266025641018977, 6.000000000000000888 ) ) ;
#3912 = EDGE_LOOP ( 'NONE', ( #8207, #7494, #599, #3263 ) ) ;
#3913 = VECTOR ( 'NONE', #7912, 1000.000000000000114 ) ;
#3914 = UNCERTAINTY_MEASURE_WITH_UNIT (LENGTH_MEASURE( 1.000000000000000082E-05 ), #5618, 'distance_accuracy_value', 'NONE');
#3915 = AXIS2_PLACEMENT_3D ( 'NONE', #8258, #4302, #6933 ) ;
#3916 = ADVANCED_FACE ( 'NONE', ( #4780 ), #3496, .F. ) ;
#3917 = DIRECTION ( 'NONE',  ( 6.888341397178440152E-15, -1.000000000000000000, 6.607368703010313066E-31 ) ) ;
#3918 = CARTESIAN_POINT ( 'NONE',  ( 2.628205128205255203, -14.79090544871792723, 5.500000000000000888 ) ) ;
#3919 = VECTOR ( 'NONE', #7708, 1000.000000000000000 ) ;
#3920 = DIRECTION ( 'NONE',  ( 0.9967550144548007474, 0.08049497598738739046, 7.888609052210119806E-31 ) ) ;
#3921 = VECTOR ( 'NONE', #3301, 1000.000000000000000 ) ;
#3922 = CARTESIAN_POINT ( 'NONE',  ( 0.4911257817680768634, -5.735556636061516222, 5.500000000000000000 ) ) ;
#3923 = CARTESIAN_POINT ( 'NONE',  ( 2.614182998674241531, -5.196239236740053613, 5.500000000000000888 ) ) ;
#3924 = VERTEX_POINT ( 'NONE', #1525 ) ;
#3925 = ORIENTED_EDGE ( 'NONE', *, *, #7348, .T. ) ;
#3926 = CARTESIAN_POINT ( 'NONE',  ( -20.99999999999984723, -19.50000000000014211, 1.466422162314114747E-13 ) ) ;
#3927 = LINE ( 'NONE', #4508, #8130 ) ;
#3928 = VECTOR ( 'NONE', #7775, 1000.000000000000000 ) ;
#3929 = AXIS2_PLACEMENT_3D ( 'NONE', #6234, #4292, #5485 ) ;
#3930 = CARTESIAN_POINT ( 'NONE',  ( -0.6728142664845793153, -3.274517995780905633, 6.000000000000000000 ) ) ;
#3931 = LINE ( 'NONE', #1224, #2401 ) ;
#3932 = EDGE_LOOP ( 'NONE', ( #7344, #732, #7345, #7007, #3350, #5844, #1633, #2556, #7171, #2233, #1515, #5328, #1031, #1935, #5026 ) ) ;
#3933 = VECTOR ( 'NONE', #2012, 1000.000000000000000 ) ;
#3934 = CARTESIAN_POINT ( 'NONE',  ( -19.44999999999985008, -19.50000000000013145, 1.358186240809977550E-13 ) ) ;
#3935 = CARTESIAN_POINT ( 'NONE',  ( 2.475737721541588776, -12.04499541931362394, 5.500000000000000000 ) ) ;
#3936 = CARTESIAN_POINT ( 'NONE',  ( -42.99999999999980815, -19.50000000000029843, 5.000000000000304645 ) ) ;
#3937 = CARTESIAN_POINT ( 'NONE',  ( 0.8884214743590894692, -13.11923076923075904, 5.500000000000000888 ) ) ;
#3938 = CARTESIAN_POINT ( 'NONE',  ( 0.8356852734701847307, -14.01786124226779506, 5.500000000000000000 ) ) ;
#3939 = ORIENTED_EDGE ( 'NONE', *, *, #8205, .F. ) ;
#3940 = CYLINDRICAL_SURFACE ( 'NONE', #2676, 1.099999999999996758 ) ;
#3941 = CARTESIAN_POINT ( 'NONE',  ( -49.00000000000003553, 9.299999999999659650, 3.317568303507659991E-13 ) ) ;
#3942 =( NAMED_UNIT ( * ) PLANE_ANGLE_UNIT ( ) SI_UNIT ( $, .RADIAN. ) );
#3943 = VERTEX_POINT ( 'NONE', #4130 ) ;
#3944 = CARTESIAN_POINT ( 'NONE',  ( 1.842339940676698484, -16.23866844869148451, 6.000000000000000000 ) ) ;
#3945 = VERTEX_POINT ( 'NONE', #237 ) ;
#3946 = EDGE_CURVE ( 'NONE', #5750, #550, #7455, .T. ) ;
#3947 = EDGE_CURVE ( 'NONE', #4821, #714, #4820, .T. ) ;
#3948 = DIRECTION ( 'NONE',  ( 0.3845695101367778146, 0.9230960361052141794, 3.944304526105058589E-31 ) ) ;
#3949 = CARTESIAN_POINT ( 'NONE',  ( 3.131316011514056098E-15, 2.799999999999999822, 6.000000000000000000 ) ) ;
#3950 = CARTESIAN_POINT ( 'NONE',  ( 2.628205128205213903, -8.957572115384596856, 6.000000000000000000 ) ) ;
#3951 = CARTESIAN_POINT ( 'NONE',  ( -0.4136713454844855309, -13.65908801404339989, 6.000000000000000000 ) ) ;
#3952 = EDGE_LOOP ( 'NONE', ( #3478, #7711, #2344, #3343 ) ) ;
#3953 = LINE ( 'NONE', #2713, #4458 ) ;
#3954 = ORIENTED_EDGE ( 'NONE', *, *, #4102, .F. ) ;
#3955 = ADVANCED_FACE ( 'NONE', ( #929 ), #4183, .T. ) ;
#3956 = EDGE_CURVE ( 'NONE', #7044, #481, #6664, .T. ) ;
#3957 = CARTESIAN_POINT ( 'NONE',  ( 1.474358974359079699, -11.74102564102563484, 6.000000000000000000 ) ) ;
#3958 = CARTESIAN_POINT ( 'NONE',  ( 2.270335163401804746, -15.86598747639911977, 6.000000000000000000 ) ) ;
#3959 = DIRECTION ( 'NONE',  ( -6.867314445954479045E-15, -4.797243844499407540E-29, -1.000000000000000000 ) ) ;
#3960 = CARTESIAN_POINT ( 'NONE',  ( -3.099320118772018962, 2.864921501638373336, 3.000000000000000000 ) ) ;
#3961 = CARTESIAN_POINT ( 'NONE',  ( 0.9194711538462754241, -14.01666666666665861, 6.000000000000000000 ) ) ;
#3962 = VERTEX_POINT ( 'NONE', #4869 ) ;
#3963 = ORIENTED_EDGE ( 'NONE', *, *, #4308, .F. ) ;
#3964 = DIRECTION ( 'NONE',  ( -6.982962677686265922E-15, -4.876176775795934672E-29, -1.000000000000000000 ) ) ;
#3965 = LINE ( 'NONE', #5236, #863 ) ;
#3966 = CARTESIAN_POINT ( 'NONE',  ( 2.176086816420588210, -15.97323501298501114, 5.500000000000000000 ) ) ;
#3967 = VERTEX_POINT ( 'NONE', #7576 ) ;
#3968 = EDGE_CURVE ( 'NONE', #7268, #2142, #494, .T. ) ;
#3969 = LINE ( 'NONE', #3240, #4309 ) ;
#3970 = ORIENTED_EDGE ( 'NONE', *, *, #4218, .T. ) ;
#3971 = LINE ( 'NONE', #663, #5277 ) ;
#3972 = CARTESIAN_POINT ( 'NONE',  ( 0.4477163461539767075, -15.29270833333332824, 5.500000000000000000 ) ) ;
#3973 = DIRECTION ( 'NONE',  ( -6.982962677686265922E-15, -4.876176775795934672E-29, -1.000000000000000000 ) ) ;
#3974 = DIRECTION ( 'NONE',  ( 1.000000000000000000, 7.304098846218139203E-15, -7.304098846218139203E-15 ) ) ;
#3975 = ORIENTED_EDGE ( 'NONE', *, *, #3888, .F. ) ;
#3976 = CARTESIAN_POINT ( 'NONE',  ( -0.7211538461537594369, -9.110817307692313349, 6.000000000000000000 ) ) ;
#3977 = DIRECTION ( 'NONE',  ( -7.888609052210118054E-31, -5.605193857299268284E-45, 1.000000000000000000 ) ) ;
#3978 = ORIENTED_EDGE ( 'NONE', *, *, #1337, .T. ) ;
#3979 = PLANE ( 'NONE',  #7765 ) ;
#3980 = DIRECTION ( 'NONE',  ( 1.000000000000000000, 6.715058616684416976E-15, -6.982962677686271444E-15 ) ) ;
#3981 = ORIENTED_EDGE ( 'NONE', *, *, #7572, .F. ) ;
#3982 = CARTESIAN_POINT ( 'NONE',  ( 3.131316011514059253E-15, 2.799999999999999822, 3.000000000000000000 ) ) ;
#3983 = CARTESIAN_POINT ( 'NONE',  ( -1.585322163427358877, -4.548316859980396920, 5.500000000000000888 ) ) ;
#3984 = CARTESIAN_POINT ( 'NONE',  ( -30.90000000000001990, 12.49999999999978684, 8.111269837221025014 ) ) ;
#3985 = CARTESIAN_POINT ( 'NONE',  ( 1.674621644223586614, -14.46058916286033558, 5.500000000000000888 ) ) ;
#3986 = ORIENTED_EDGE ( 'NONE', *, *, #3222, .T. ) ;
#3987 = CARTESIAN_POINT ( 'NONE',  ( 2.558575852945990103, -11.63324785350845936, 6.000000000000000000 ) ) ;
#3988 = EDGE_LOOP ( 'NONE', ( #6227, #4727, #661, #6409 ) ) ;
#3989 = ADVANCED_FACE ( 'NONE', ( #3026 ), #2311, .F. ) ;
#3990 = FACE_OUTER_BOUND ( 'NONE', #5924, .T. ) ;
#3991 = CARTESIAN_POINT ( 'NONE',  ( 2.176086816420588210, -15.97323501298501114, 5.500000000000000000 ) ) ;
#3992 = DIRECTION ( 'NONE',  ( -7.888609052210118054E-31, -5.605193857299268284E-45, 1.000000000000000000 ) ) ;
#3993 = ADVANCED_FACE ( 'NONE', ( #3115 ), #1705, .T. ) ;
#3994 = EDGE_CURVE ( 'NONE', #1706, #1620, #6856, .T. ) ;
#3995 = CARTESIAN_POINT ( 'NONE',  ( 0.3502575528615492484, -14.21616636270195499, 6.000000000000000000 ) ) ;
#3996 = VERTEX_POINT ( 'NONE', #968 ) ;
#3997 = AXIS2_PLACEMENT_3D ( 'NONE', #4339, #6963, #5797 ) ;
#3998 = DIRECTION ( 'NONE',  ( -6.982962677686265133E-15, 1.000000000000000000, 0.000000000000000000 ) ) ;
#3999 = DIRECTION ( 'NONE',  ( -6.982962677686265922E-15, -4.876176775795934672E-29, -1.000000000000000000 ) ) ;
#4000 = DIRECTION ( 'NONE',  ( 1.000000000000000000, 6.825260543506556042E-15, -6.867314445954479045E-15 ) ) ;
#4001 = EDGE_CURVE ( 'NONE', #2325, #3945, #4314, .T. ) ;
#4002 = ADVANCED_FACE ( 'NONE', ( #6208 ), #6334, .F. ) ;
#4003 = VECTOR ( 'NONE', #5577, 1000.000000000000000 ) ;
#4004 = DIRECTION ( 'NONE',  ( 0.08049497598738739046, -0.9967550144548007474, 9.860761315262646473E-32 ) ) ;
#4005 = ORIENTED_EDGE ( 'NONE', *, *, #3313, .F. ) ;
#4006 = CARTESIAN_POINT ( 'NONE',  ( 16.99999999999991118, 16.70000000000009521, -1.187103655206667360E-13 ) ) ;
#4007 = ORIENTED_EDGE ( 'NONE', *, *, #2101, .T. ) ;
#4008 = DIRECTION ( 'NONE',  ( 6.982962677686265922E-15, -1.000000000000000000, 0.000000000000000000 ) ) ;
#4009 = DIRECTION ( 'NONE',  ( 6.982962677686265922E-15, 4.876176775795934672E-29, 1.000000000000000000 ) ) ;
#4010 = CARTESIAN_POINT ( 'NONE',  ( -3.018094598906785109, 2.092112302656934375, 6.000000000000000000 ) ) ;
#4011 = VECTOR ( 'NONE', #94, 1000.000000000000000 ) ;
#4012 = CARTESIAN_POINT ( 'NONE',  ( 2.017227564102666015, -11.19615384615383746, 5.500000000000000888 ) ) ;
#4013 = CARTESIAN_POINT ( 'NONE',  ( 0.1292793429747762513, -14.63320976635188764, 5.500000000000000888 ) ) ;
#4014 = ORIENTED_EDGE ( 'NONE', *, *, #1021, .T. ) ;
#4015 = CARTESIAN_POINT ( 'NONE',  ( -0.7576399020706063858, -14.78560768261096925, 5.500000000000000000 ) ) ;
#4016 = FACE_OUTER_BOUND ( 'NONE', #6629, .T. ) ;
#4017 = VERTEX_POINT ( 'NONE', #5603 ) ;
#4018 = CARTESIAN_POINT ( 'NONE',  ( 1.387219551282104835, -4.391266025641018977, 6.000000000000000000 ) ) ;
#4019 = CARTESIAN_POINT ( 'NONE',  ( 2.608484153170429476, -15.09133955081386524, 6.000000000000000000 ) ) ;
#4020 = VERTEX_POINT ( 'NONE', #3676 ) ;
#4021 = VECTOR ( 'NONE', #5641, 1000.000000000000000 ) ;
#4022 = EDGE_CURVE ( 'NONE', #1407, #6238, #322, .T. ) ;
#4023 = DIRECTION ( 'NONE',  ( -6.982962677686265133E-15, 1.000000000000000000, 0.000000000000000000 ) ) ;
#4024 = CARTESIAN_POINT ( 'NONE',  ( -0.6556976821604745265, -8.203385703276968144, 5.500000000000000000 ) ) ;
#4025 = AXIS2_PLACEMENT_3D ( 'NONE', #7037, #3778, #1845 ) ;
#4026 = DIRECTION ( 'NONE',  ( -0.5733331131406177450, 0.8193223671891837201, -7.888609052210118054E-31 ) ) ;
#4027 = CARTESIAN_POINT ( 'NONE',  ( 0.8292723943247939378, -13.12061737922894444, 6.000000000000000000 ) ) ;
#4028 = VERTEX_POINT ( 'NONE', #8185 ) ;
#4029 = CARTESIAN_POINT ( 'NONE',  ( 2.562242602970847383, -11.70475407010890478, 6.000000000000000000 ) ) ;
#4030 = ORIENTED_EDGE ( 'NONE', *, *, #1524, .T. ) ;
#4031 = DIRECTION ( 'NONE',  ( 6.982962677686265922E-15, 4.876176775795934672E-29, 1.000000000000000000 ) ) ;
#4032 = CARTESIAN_POINT ( 'NONE',  ( -1.427300638446920678, -5.493493243755562361, 5.999999999999999112 ) ) ;
#4033 = CARTESIAN_POINT ( 'NONE',  ( 1.842339940676698484, -16.23866844869148451, 5.500000000000000000 ) ) ;
#4034 = CARTESIAN_POINT ( 'NONE',  ( -0.1298145265604501442, -0.2972807733064638525, 3.000000000000000000 ) ) ;
#4035 = DIRECTION ( 'NONE',  ( -0.3258489703725784281, -0.9454218362758132210, -3.944304526105059903E-31 ) ) ;
#4036 = VERTEX_POINT ( 'NONE', #5643 ) ;
#4037 = ADVANCED_FACE ( 'NONE', ( #6976 ), #4267, .T. ) ;
#4038 = VECTOR ( 'NONE', #7633, 1000.000000000000000 ) ;
#4039 = AXIS2_PLACEMENT_3D ( 'NONE', #6187, #907, #5625 ) ;
#4040 = VERTEX_POINT ( 'NONE', #6376 ) ;
#4041 = EDGE_CURVE ( 'NONE', #4887, #4460, #1303, .T. ) ;
#4042 = EDGE_CURVE ( 'NONE', #1739, #6897, #5822, .T. ) ;
#4043 = AXIS2_PLACEMENT_3D ( 'NONE', #2206, #4223, #822 ) ;
#4044 = VECTOR ( 'NONE', #214, 1000.000000000000114 ) ;
#4045 = CARTESIAN_POINT ( 'NONE',  ( -60.99999999999981526, -22.50000000000042633, 4.155523824830011996E-13 ) ) ;
#4046 = LINE ( 'NONE', #783, #7326 ) ;
#4047 = VERTEX_POINT ( 'NONE', #8226 ) ;
#4048 = DIRECTION ( 'NONE',  ( -6.982962677686265133E-15, 1.000000000000000000, 0.000000000000000000 ) ) ;
#4049 = CARTESIAN_POINT ( 'NONE',  ( 1.378369055473338767, 0.02329354325785043187, 6.000000000000000000 ) ) ;
#4050 = ADVANCED_FACE ( 'NONE', ( #7620 ), #5690, .T. ) ;
#4051 = VECTOR ( 'NONE', #1784, 1000.000000000000000 ) ;
#4052 = CARTESIAN_POINT ( 'NONE',  ( -2.591814885491188214, -4.585345096389854547, 6.000000000000000000 ) ) ;
#4053 = EDGE_CURVE ( 'NONE', #1158, #2843, #1028, .T. ) ;
#4054 = LINE ( 'NONE', #144, #1294 ) ;
#4055 =( NAMED_UNIT ( * ) PLANE_ANGLE_UNIT ( ) SI_UNIT ( $, .RADIAN. ) );
#4056 = VERTEX_POINT ( 'NONE', #2603 ) ;
#4057 = CARTESIAN_POINT ( 'NONE',  ( 32.00000000000018474, -22.49999999999977618, -2.234548056859606862E-13 ) ) ;
#4058 = EDGE_CURVE ( 'NONE', #6760, #7612, #3931, .T. ) ;
#4059 = CARTESIAN_POINT ( 'NONE',  ( -41.44999999999983942, -19.50000000000028777, 2.894438029900955974E-13 ) ) ;
#4060 = PLANE ( 'NONE',  #5503 ) ;
#4061 = CARTESIAN_POINT ( 'NONE',  ( 46.99999999999963052, 7.000000000000261124, -50.00000000000032685 ) ) ;
#4062 = DIRECTION ( 'NONE',  ( 6.825260543506556042E-15, -1.000000000000000000, 1.101228117168383643E-30 ) ) ;
#4063 = CARTESIAN_POINT ( 'NONE',  ( 2.072915762085930869, -16.07111920026134300, 6.000000000000000000 ) ) ;
#4064 = ORIENTED_EDGE ( 'NONE', *, *, #4994, .T. ) ;
#4065 = DIRECTION ( 'NONE',  ( 6.982962677686265922E-15, 4.876176775795934672E-29, 1.000000000000000000 ) ) ;
#4066 = CARTESIAN_POINT ( 'NONE',  ( -0.5084190896582093666, -7.944802990829669120, 5.500000000000000000 ) ) ;
#4067 = CARTESIAN_POINT ( 'NONE',  ( -0.4462800840703869398, -4.157482529281845807, 5.500000000000000888 ) ) ;
#4068 = CARTESIAN_POINT ( 'NONE',  ( 31.04999999999986926, 21.20000000000021956, -2.687005768509094228 ) ) ;
#4069 = CARTESIAN_POINT ( 'NONE',  ( 43.99999999999988631, 19.70000000000029772, -3.072503578181958867E-13 ) ) ;
#4070 = ORIENTED_EDGE ( 'NONE', *, *, #4509, .F. ) ;
#4071 = CARTESIAN_POINT ( 'NONE',  ( 2.354002799544582469, -9.917711619052731464, 5.500000000000000888 ) ) ;
#4072 = ORIENTED_EDGE ( 'NONE', *, *, #6778, .T. ) ;
#4073 = CARTESIAN_POINT ( 'NONE',  ( -1.364341977307068188, -5.530891931618650226, 5.500000000000000888 ) ) ;
#4074 = CARTESIAN_POINT ( 'NONE',  ( 2.628205128205255203, -14.79090544871792723, 6.000000000000000000 ) ) ;
#4075 = CARTESIAN_POINT ( 'NONE',  ( 19.45000000000016271, -19.49999999999986144, -1.323491771290444437E-13 ) ) ;
#4076 = CARTESIAN_POINT ( 'NONE',  ( 2.482820987177001282, -5.656404603776689299, 5.500000000000000000 ) ) ;
#4077 = B_SPLINE_CURVE_WITH_KNOTS ( 'NONE', 3,
 ( #6298, #8192, #4273, #3592, #7582, #416, #5003, #1144, #501, #3120, #5648 ),
 .UNSPECIFIED., .F., .F.,
 ( 4, 1, 1, 1, 1, 1, 1, 1, 4 ),
 ( 0.000000000000000000, 0.1103603399843302718, 0.2211857967812667358, 0.3343638213725845243, 0.4529765798274158484, 0.5772343082002682202, 0.7088043240432450043, 0.8493551270704502443, 1.000000000000000000 ),
 .UNSPECIFIED. ) ;
#4078 = ORIENTED_EDGE ( 'NONE', *, *, #7716, .T. ) ;
#4079 = ORIENTED_EDGE ( 'NONE', *, *, #5248, .T. ) ;
#4080 = LINE ( 'NONE', #133, #6623 ) ;
#4081 = DIRECTION ( 'NONE',  ( -6.982962677686265922E-15, -4.876176775795934672E-29, -1.000000000000000000 ) ) ;
#4082 = ORIENTED_EDGE ( 'NONE', *, *, #745, .T. ) ;
#4083 = LINE ( 'NONE', #5987, #2530 ) ;
#4084 = ORIENTED_EDGE ( 'NONE', *, *, #5739, .T. ) ;
#4085 = CARTESIAN_POINT ( 'NONE',  ( 0.5343457804302976788, -14.09323400544527161, 5.500000000000000888 ) ) ;
#4086 = CARTESIAN_POINT ( 'NONE',  ( 0.9943474218166837852, -4.237896282243026391, 5.500000000000000000 ) ) ;
#4087 = CARTESIAN_POINT ( 'NONE',  ( 2.298443768346371208, -3.941204757701495698, 5.500000000000000000 ) ) ;
#4088 = ADVANCED_FACE ( 'NONE', ( #4513 ), #7744, .F. ) ;
#4089 = CARTESIAN_POINT ( 'NONE',  ( 1.729838404953034425, -8.881758705889808425, 5.500000000000000000 ) ) ;
#4090 = CARTESIAN_POINT ( 'NONE',  ( -40.00000000000027711, 23.69999999999971863, -22.49999999999971934 ) ) ;
#4091 = ORIENTED_EDGE ( 'NONE', *, *, #6568, .T. ) ;
#4092 = CARTESIAN_POINT ( 'NONE',  ( 1.282051282051413166, -15.42692307692306564, 6.000000000000000000 ) ) ;
#4093 = CARTESIAN_POINT ( 'NONE',  ( 1.466813763270206072, -4.441774652464398621, 6.000000000000000000 ) ) ;
#4094 = DIRECTION ( 'NONE',  ( 6.982962677686265922E-15, -1.000000000000000000, 0.000000000000000000 ) ) ;
#4095 = EDGE_CURVE ( 'NONE', #8222, #743, #6546, .T. ) ;
#4096 = EDGE_CURVE ( 'NONE', #4985, #4668, #3969, .T. ) ;
#4097 = CARTESIAN_POINT ( 'NONE',  ( 0.6445262415351227236, -0.2322575622747834745, 3.000000000000000000 ) ) ;
#4098 = DIRECTION ( 'NONE',  ( 6.982962677686265922E-15, 4.876176775795934672E-29, 1.000000000000000000 ) ) ;
#4099 = CARTESIAN_POINT ( 'NONE',  ( 1.089041879867743257, -8.194969670078975810, 6.000000000000000000 ) ) ;
#4100 = LINE ( 'NONE', #6171, #1691 ) ;
#4101 = ORIENTED_EDGE ( 'NONE', *, *, #5393, .F. ) ;
#4102 = EDGE_CURVE ( 'NONE', #3428, #6618, #51, .T. ) ;
#4103 = CARTESIAN_POINT ( 'NONE',  ( 0.2275522840424376025, -13.22477601873996100, 5.500000000000000000 ) ) ;
#4104 = DIRECTION ( 'NONE',  ( 6.867314445954479045E-15, 4.797243844499407540E-29, 1.000000000000000000 ) ) ;
#4105 = CARTESIAN_POINT ( 'NONE',  ( -1.354937736003153592, -4.362517784494604811, 6.000000000000000888 ) ) ;
#4106 = CARTESIAN_POINT ( 'NONE',  ( 1.726721576465209518, -9.012233411423091312, 5.999999999999999112 ) ) ;
#4107 = CARTESIAN_POINT ( 'NONE',  ( 2.628205128205185925, -4.935136217948702608, 6.000000000000000000 ) ) ;
#4108 = ORIENTED_EDGE ( 'NONE', *, *, #4306, .F. ) ;
#4109 = CARTESIAN_POINT ( 'NONE',  ( 1.962122421163285946, -10.32689930808445133, 5.999999999999999112 ) ) ;
#4110 = ORIENTED_EDGE ( 'NONE', *, *, #3554, .F. ) ;
#4111 = CARTESIAN_POINT ( 'NONE',  ( -0.7692307692306845635, -8.801322115384621725, 6.000000000000000000 ) ) ;
#4112 = CARTESIAN_POINT ( 'NONE',  ( -1.646091130994188800, -5.271597984160343309, 5.999999999999999112 ) ) ;
#4113 = FACE_OUTER_BOUND ( 'NONE', #7031, .T. ) ;
#4114 = VERTEX_POINT ( 'NONE', #1994 ) ;
#4115 = LINE ( 'NONE', #6097, #7897 ) ;
#4116 = ORIENTED_EDGE ( 'NONE', *, *, #6734, .F. ) ;
#4117 = DIRECTION ( 'NONE',  ( -0.2047867780920912817, 0.9788066078233537137, -1.972152263052529514E-31 ) ) ;
#4118 = ORIENTED_EDGE ( 'NONE', *, *, #6621, .T. ) ;
#4119 = DIRECTION ( 'NONE',  ( 1.000000000000000000, 6.391086490440871606E-15, -7.304098846218139203E-15 ) ) ;
#4120 = CLOSED_SHELL ( 'NONE', ( #2845, #4505, #1646, #1546, #4153, #7304, #1373, #6526 ) ) ;
#4121 = DIRECTION ( 'NONE',  ( -6.982962677686265922E-15, 1.000000000000000000, 0.000000000000000000 ) ) ;
#4122 = ORIENTED_EDGE ( 'NONE', *, *, #2062, .F. ) ;
#4123 = VECTOR ( 'NONE', #7893, 1000.000000000000000 ) ;
#4124 = CARTESIAN_POINT ( 'NONE',  ( -1.893062146606375729, -6.267596856016062645, 5.500000000000000000 ) ) ;
#4125 = ORIENTED_EDGE ( 'NONE', *, *, #5462, .F. ) ;
#4126 = FACE_OUTER_BOUND ( 'NONE', #3932, .T. ) ;
#4127 = FACE_OUTER_BOUND ( 'NONE', #7636, .T. ) ;
#4128 = CARTESIAN_POINT ( 'NONE',  ( 2.625970601980214703, -4.803021100966444301, 5.500000000000000888 ) ) ;
#4129 = CARTESIAN_POINT ( 'NONE',  ( 2.628205128205185925, -4.935136217948702608, 6.000000000000000888 ) ) ;
#4130 = CARTESIAN_POINT ( 'NONE',  ( 12.44999999999986784, 22.50000000000009237, 2.999999999999997335 ) ) ;
#4131 = ORIENTED_EDGE ( 'NONE', *, *, #7989, .T. ) ;
#4132 = DIRECTION ( 'NONE',  ( 1.000000000000000000, 6.888341397178440152E-15, -6.982962677686265922E-15 ) ) ;
#4133 = CARTESIAN_POINT ( 'NONE',  ( -3.687478813498465957, 4.349999999999973888, 0.8000000000000000444 ) ) ;
#4134 = LINE ( 'NONE', #8139, #5130 ) ;
#4135 = VECTOR ( 'NONE', #4358, 1000.000000000000000 ) ;
#4136 = CYLINDRICAL_SURFACE ( 'NONE', #7291, 3.100000000000000089 ) ;
#4137 = LINE ( 'NONE', #6127, #3364 ) ;
#4138 = EDGE_CURVE ( 'NONE', #3558, #4677, #2178, .T. ) ;
#4139 = CARTESIAN_POINT ( 'NONE',  ( 1.730769230769316103, -8.906490384615372236, 6.000000000000000000 ) ) ;
#4140 = DIRECTION ( 'NONE',  ( -0.8676178079094163387, 0.4972316757794690290, 0.000000000000000000 ) ) ;
#4141 = ORIENTED_EDGE ( 'NONE', *, *, #1175, .T. ) ;
#4142 = EDGE_CURVE ( 'NONE', #4305, #5069, #1909, .T. ) ;
#4143 = AXIS2_PLACEMENT_3D ( 'NONE', #1341, #6445, #2024 ) ;
#4144 = EDGE_CURVE ( 'NONE', #6609, #4020, #3345, .T. ) ;
#4145 = CARTESIAN_POINT ( 'NONE',  ( 0.5433044292088544669, -13.14349829996081986, 6.000000000000000888 ) ) ;
#4146 = CARTESIAN_POINT ( 'NONE',  ( 0.9194711538462342348, -8.183333333333326465, 6.000000000000000000 ) ) ;
#4147 = CARTESIAN_POINT ( 'NONE',  ( -1.752915971808918671, 4.918911417633398564, 3.000000000000000000 ) ) ;
#4148 = CARTESIAN_POINT ( 'NONE',  ( 1.668255819642864957, -9.212318206982835989, 5.500000000000000888 ) ) ;
#4149 = CARTESIAN_POINT ( 'NONE',  ( -3.018094598906805981, 3.507887697342980893, 3.000000000000000000 ) ) ;
#4150 = ORIENTED_EDGE ( 'NONE', *, *, #1855, .T. ) ;
#4151 = CARTESIAN_POINT ( 'NONE',  ( 2.427699548837081611, -9.796941760483933948, 5.999999999999999112 ) ) ;
#4152 = CARTESIAN_POINT ( 'NONE',  ( 1.243786431126749914, -14.06853287218177329, 5.500000000000000000 ) ) ;
#4153 = ADVANCED_FACE ( 'NONE', ( #8477 ), #5072, .F. ) ;
#4154 = CIRCLE ( 'NONE', #5803, 4.000000000000000000 ) ;
#4155 = ORIENTED_EDGE ( 'NONE', *, *, #6633, .T. ) ;
#4156 = LINE ( 'NONE', #210, #2074 ) ;
#4157 = CARTESIAN_POINT ( 'NONE',  ( 0.04907852564109516091, -6.644871794871797910, 6.000000000000000000 ) ) ;
#4158 = VECTOR ( 'NONE', #7139, 1000.000000000000000 ) ;
#4159 = CARTESIAN_POINT ( 'NONE',  ( -2.303748958979892070, 0.7256951202875105977, 2.302585434167871981 ) ) ;
#4160 = CARTESIAN_POINT ( 'NONE',  ( 1.395490816192776910E-14, 1.250000000000000444, 3.000000000000000000 ) ) ;
#4161 = VERTEX_POINT ( 'NONE', #7789 ) ;
#4162 = CARTESIAN_POINT ( 'NONE',  ( 1.717026522606101224, -7.473490875549176238, 6.000000000000000000 ) ) ;
#4163 = CARTESIAN_POINT ( 'NONE',  ( 0.6774350997232242433, -8.209685947918528015, 6.000000000000000000 ) ) ;
#4164 = VERTEX_POINT ( 'NONE', #3882 ) ;
#4165 = EDGE_CURVE ( 'NONE', #91, #6774, #2677, .T. ) ;
#4166 = ORIENTED_EDGE ( 'NONE', *, *, #3048, .F. ) ;
#4167 = CARTESIAN_POINT ( 'NONE',  ( 2.406055790313988307, -12.12780954782422960, 6.000000000000000888 ) ) ;
#4168 = CARTESIAN_POINT ( 'NONE',  ( 43.99999999999995737, 10.00000000000028066, -3.072503578181958867E-13 ) ) ;
#4169 = CARTESIAN_POINT ( 'NONE',  ( 0.6445262415350371255, 5.832257562274801188, 3.000000000000000000 ) ) ;
#4170 = LINE ( 'NONE', #2412, #7593 ) ;
#4171 = VERTEX_POINT ( 'NONE', #2511 ) ;
#4172 = AXIS2_PLACEMENT_3D ( 'NONE', #7825, #3318, #1951 ) ;
#4173 = CARTESIAN_POINT ( 'NONE',  ( -1.585812863945655904, -6.418381915867382936, 5.500000000000000888 ) ) ;
#4174 = EDGE_LOOP ( 'NONE', ( #8237, #8370, #5364, #5529 ) ) ;
#4175 = CARTESIAN_POINT ( 'NONE',  ( 0.8910490309017843336, -14.01707189454574198, 6.000000000000000000 ) ) ;
#4176 = ADVANCED_FACE ( 'NONE', ( #1871 ), #3193, .F. ) ;
#4177 = ORIENTED_EDGE ( 'NONE', *, *, #115, .F. ) ;
#4178 = CARTESIAN_POINT ( 'NONE',  ( -0.7686358029449402718, -14.65905624294121701, 6.000000000000000000 ) ) ;
#4179 = AXIS2_PLACEMENT_3D ( 'NONE', #2277, #1674, #4969 ) ;
#4180 = VECTOR ( 'NONE', #3304, 1000.000000000000000 ) ;
#4181 = CARTESIAN_POINT ( 'NONE',  ( -2.612557928614915870, -4.706526261310103543, 5.500000000000000888 ) ) ;
#4182 = ORIENTED_EDGE ( 'NONE', *, *, #4779, .F. ) ;
#4183 = PLANE ( 'NONE',  #3758 ) ;
#4184 = ORIENTED_EDGE ( 'NONE', *, *, #475, .F. ) ;
#4185 = CARTESIAN_POINT ( 'NONE',  ( -1.752915971808859608, 0.6810885823665517869, 6.000000000000000000 ) ) ;
#4186 = LINE ( 'NONE', #194, #8431 ) ;
#4187 = AXIS2_PLACEMENT_3D ( 'NONE', #6905, #4961, #3551 ) ;
#4188 = LINE ( 'NONE', #6814, #6102 ) ;
#4189 = AXIS2_PLACEMENT_3D ( 'NONE', #717, #2617, #4023 ) ;
#4190 = DIRECTION ( 'NONE',  ( -6.982962677686265133E-15, 1.000000000000000000, 0.000000000000000000 ) ) ;
#4191 = CARTESIAN_POINT ( 'NONE',  ( 2.405971266291876187, -11.35334503502793879, 6.000000000000000000 ) ) ;
#4192 = DIRECTION ( 'NONE',  ( -0.08049497598735952386, -0.9967550144548028568, -9.860761315262645378E-32 ) ) ;
#4193 = CARTESIAN_POINT ( 'NONE',  ( -2.684678751731770063, 4.349999999999974776, 2.302585434167869316 ) ) ;
#4194 = ORIENTED_EDGE ( 'NONE', *, *, #2120, .T. ) ;
#4195 = VECTOR ( 'NONE', #2320, 1000.000000000000000 ) ;
#4196 = FACE_OUTER_BOUND ( 'NONE', #4912, .T. ) ;
#4197 = CARTESIAN_POINT ( 'NONE',  ( 0.3814531427013605480, -7.344260132792273410, 5.500000000000000888 ) ) ;
#4198 = LINE ( 'NONE', #1027, #7198 ) ;
#4199 = CARTESIAN_POINT ( 'NONE',  ( 1.619473181055685052, -9.305454262611450034, 6.000000000000000000 ) ) ;
#4200 = CARTESIAN_POINT ( 'NONE',  ( 1.243786431126749914, -14.06853287218177329, 5.500000000000000000 ) ) ;
#4201 = ORIENTED_EDGE ( 'NONE', *, *, #3683, .F. ) ;
#4202 = DIRECTION ( 'NONE',  ( 1.000000000000000000, 6.715058616684416976E-15, -6.994852725712934581E-15 ) ) ;
#4203 = SURFACE_SIDE_STYLE ('',( #7942 ) ) ;
#4205 = ORIENTED_EDGE ( 'NONE', *, *, #2487, .F. ) ;
#4204 = EDGE_CURVE ( 'NONE', #6774, #3168, #4556, .T. ) ;
#4206 = CARTESIAN_POINT ( 'NONE',  ( 1.712555667977651908, -12.19813672834541052, 6.000000000000000000 ) ) ;
#4207 = CARTESIAN_POINT ( 'NONE',  ( 0.05909455128211449360, -5.747435897435900110, 5.500000000000000888 ) ) ;
#4208 = CARTESIAN_POINT ( 'NONE',  ( 1.378369055473261495, 5.576706456742186901, 3.000000000000000000 ) ) ;
#4209 = CARTESIAN_POINT ( 'NONE',  ( 0.1291706833797762466, -14.72821097123170730, 5.500000000000000888 ) ) ;
#4210 = VERTEX_POINT ( 'NONE', #2809 ) ;
#4211 = CARTESIAN_POINT ( 'NONE',  ( 1.729411099374859928, -8.941970915723643998, 5.500000000000000000 ) ) ;
#4212 = CARTESIAN_POINT ( 'NONE',  ( 0.4065742163339936543, -8.335139532048970068, 5.500000000000000888 ) ) ;
#4213 = EDGE_LOOP ( 'NONE', ( #1172, #5104, #3630, #5439 ) ) ;
#4214 = EDGE_CURVE ( 'NONE', #7556, #2029, #1392, .T. ) ;
#4216 = EDGE_LOOP ( 'NONE', ( #1817, #6405, #7267, #2462 ) ) ;
#4215 = ADVANCED_FACE ( 'NONE', ( #2204 ), #2765, .T. ) ;
#4217 = CARTESIAN_POINT ( 'NONE',  ( 3.687478813498472174, 1.250000000000025979, 14.31370849898475939 ) ) ;
#4218 = EDGE_CURVE ( 'NONE', #4528, #379, #5455, .T. ) ;
#4219 = CARTESIAN_POINT ( 'NONE',  ( -21.00000000000019895, -19.50000000000014211, -49.99999999999985789 ) ) ;
#4220 = ORIENTED_EDGE ( 'NONE', *, *, #5043, .T. ) ;
#4221 = FACE_OUTER_BOUND ( 'NONE', #6939, .T. ) ;
#4222 = EDGE_LOOP ( 'NONE', ( #1346, #3623, #2645, #3109 ) ) ;
#4223 = DIRECTION ( 'NONE',  ( -6.867314445954479045E-15, -4.797243844499407540E-29, -1.000000000000000000 ) ) ;
#4224 = ORIENTED_EDGE ( 'NONE', *, *, #3212, .T. ) ;
#4225 = LINE ( 'NONE', #4910, #579 ) ;
#4226 = CARTESIAN_POINT ( 'NONE',  ( -2.628205128205070018, -4.961177884615405986, 5.500000000000000000 ) ) ;
#4227 = ORIENTED_EDGE ( 'NONE', *, *, #2796, .T. ) ;
#4228 = CARTESIAN_POINT ( 'NONE',  ( 3.131316011514059253E-15, 2.799999999999999822, 3.000000000000000000 ) ) ;
#4229 = EDGE_LOOP ( 'NONE', ( #8117, #6929, #4070, #548 ) ) ;
#4230 = DIRECTION ( 'NONE',  ( -6.982962677686265922E-15, 1.000000000000000000, -0.000000000000000000 ) ) ;
#4231 = DIRECTION ( 'NONE',  ( -7.013817443069253186E-15, 1.000000000000000000, 2.154576750981645398E-31 ) ) ;
#4232 = FACE_OUTER_BOUND ( 'NONE', #5788, .T. ) ;
#4233 = CARTESIAN_POINT ( 'NONE',  ( 2.905574167424862519, 3.880573346697639980, 6.000000000000000000 ) ) ;
#4234 = LINE ( 'NONE', #8095, #1318 ) ;
#4235 = DIRECTION ( 'NONE',  ( 0.9122418279626007820, 0.4096521052252176109, 7.888609052210118054E-31 ) ) ;
#4236 = DIRECTION ( 'NONE',  ( -0.4972316757794690845, -0.8676178079094164497, -3.944304526105059903E-31 ) ) ;
#4237 = CARTESIAN_POINT ( 'NONE',  ( -0.6451835506723566649, -4.173700709604267090, 6.000000000000000000 ) ) ;
#4238 = CARTESIAN_POINT ( 'NONE',  ( 1.141788228449505338, -4.279662521569812306, 6.000000000000000000 ) ) ;
#4239 = DIRECTION ( 'NONE',  ( -6.982962677686265922E-15, 1.000000000000000000, -0.000000000000000000 ) ) ;
#4240 = CARTESIAN_POINT ( 'NONE',  ( 1.705591011689343794, -9.115154782218432672, 5.999999999999999112 ) ) ;
#4241 = CARTESIAN_POINT ( 'NONE',  ( 1.168395091777618022, -14.04542268499401558, 5.500000000000000888 ) ) ;
#4242 = ORIENTED_EDGE ( 'NONE', *, *, #8406, .F. ) ;
#4243 = CARTESIAN_POINT ( 'NONE',  ( -42.99999999999982236, -19.50000000000029843, 3.000000000000302869 ) ) ;
#4244 = DIRECTION ( 'NONE',  ( -0.9361639956103178228, 0.3515636120575122980, -7.888609052210118054E-31 ) ) ;
#4245 = VERTEX_POINT ( 'NONE', #8040 ) ;
#4246 = CARTESIAN_POINT ( 'NONE',  ( 2.125418386480051325, -12.28064928723193461, 5.500000000000000888 ) ) ;
#4247 = CARTESIAN_POINT ( 'NONE',  ( 2.025603872369316605, 5.146684672520454917, 3.000000000000000000 ) ) ;
#4248 = CARTESIAN_POINT ( 'NONE',  ( 1.705591011689385317, -14.94848811555176660, 5.999999999999999112 ) ) ;
#4249 = VERTEX_POINT ( 'NONE', #1564 ) ;
#4250 = CARTESIAN_POINT ( 'NONE',  ( 1.555078288816344134, -9.391442603922609322, 5.500000000000000000 ) ) ;
#4251 = CARTESIAN_POINT ( 'NONE',  ( 0.2148964409209349058, -8.545089270704149698, 5.500000000000000000 ) ) ;
#4252 = ORIENTED_EDGE ( 'NONE', *, *, #7456, .F. ) ;
#4253 = VERTEX_POINT ( 'NONE', #7308 ) ;
#4254 = DIRECTION ( 'NONE',  ( -7.888609052210118054E-31, -5.605193857299268284E-45, 1.000000000000000000 ) ) ;
#4255 = EDGE_CURVE ( 'NONE', #3397, #4908, #4811, .T. ) ;
#4256 = LINE ( 'NONE', #310, #6658 ) ;
#4257 = EDGE_CURVE ( 'NONE', #5871, #345, #742, .T. ) ;
#4258 = ORIENTED_EDGE ( 'NONE', *, *, #4138, .T. ) ;
#4259 = LINE ( 'NONE', #6970, #2292 ) ;
#4260 = DIRECTION ( 'NONE',  ( 1.000000000000000000, 6.825260543506556831E-15, -6.867314445954479834E-15 ) ) ;
#4261 = ORIENTED_EDGE ( 'NONE', *, *, #6572, .T. ) ;
#4262 = ORIENTED_EDGE ( 'NONE', *, *, #6787, .T. ) ;
#4263 = CARTESIAN_POINT ( 'NONE',  ( 2.614058297903629313, -4.674718752223831153, 5.500000000000000888 ) ) ;
#4264 = EDGE_CURVE ( 'NONE', #5261, #5758, #4083, .T. ) ;
#4265 = CIRCLE ( 'NONE', #428, 3.100000000000000089 ) ;
#4266 = CARTESIAN_POINT ( 'NONE',  ( 2.628205128205213903, -8.957572115384596856, 5.500000000000000888 ) ) ;
#4267 = PLANE ( 'NONE',  #6782 ) ;
#4268 = VERTEX_POINT ( 'NONE', #52 ) ;
#4269 = DIRECTION ( 'NONE',  ( 1.000000000000000000, 6.888341397178440152E-15, -6.982962677686265922E-15 ) ) ;
#4270 = CARTESIAN_POINT ( 'NONE',  ( -60.99999999999981526, -22.50000000000042633, 4.155523824830011996E-13 ) ) ;
#4271 = CARTESIAN_POINT ( 'NONE',  ( 1.603244849439732223, -14.33698223051995946, 6.000000000000000000 ) ) ;
#4272 = CARTESIAN_POINT ( 'NONE',  ( 2.017227564102666015, -11.19615384615383746, 6.000000000000000000 ) ) ;
#4273 = CARTESIAN_POINT ( 'NONE',  ( 0.1311058630887069754, -8.945877979413715764, 5.500000000000000888 ) ) ;
#4274 = CARTESIAN_POINT ( 'NONE',  ( -0.8303434907143657506, -5.693558551459973138, 5.500000000000000888 ) ) ;
#4275 = AXIS2_PLACEMENT_3D ( 'NONE', #222, #6280, #8249 ) ;
#4276 = CARTESIAN_POINT ( 'NONE',  ( 1.476329917102099154, -11.70478858457095050, 5.500000000000000000 ) ) ;
#4277 = CARTESIAN_POINT ( 'NONE',  ( 2.663603693103733239, 3.483897189703370589, 3.000000000000000000 ) ) ;
#4278 = CIRCLE ( 'NONE', #1947, 1.549999999999999378 ) ;
#4279 = CARTESIAN_POINT ( 'NONE',  ( 0.4477163461539767630, -15.29270833333332824, 6.000000000000000000 ) ) ;
#4280 = CARTESIAN_POINT ( 'NONE',  ( 46.99999999999963052, 7.000000000000261124, -50.00000000000032685 ) ) ;
#4281 = CARTESIAN_POINT ( 'NONE',  ( -2.224796734531122144, 4.416409443804272250, 6.000000000000000000 ) ) ;
#4282 = CARTESIAN_POINT ( 'NONE',  ( 0.9194711538462754241, -14.01666666666665861, 5.500000000000000888 ) ) ;
#4283 = VERTEX_POINT ( 'NONE', #2159 ) ;
#4284 = CARTESIAN_POINT ( 'NONE',  ( 2.036127494760032963, -6.185944509191687146, 5.500000000000000888 ) ) ;
#4285 = CARTESIAN_POINT ( 'NONE',  ( 1.603244849439732223, -14.33698223051995946, 5.500000000000000000 ) ) ;
#4286 = ADVANCED_FACE ( 'NONE', ( #7391 ), #7437, .F. ) ;
#4287 = ORIENTED_EDGE ( 'NONE', *, *, #4776, .T. ) ;
#4288 = CARTESIAN_POINT ( 'NONE',  ( 1.476345291781183011, -11.77725406415421716, 6.000000000000000000 ) ) ;
#4289 = VECTOR ( 'NONE', #2863, 1000.000000000000000 ) ;
#4290 = CARTESIAN_POINT ( 'NONE',  ( -0.5152986151107692425, 5.501289939503887894, 2.254564340789526611 ) ) ;
#4291 = VERTEX_POINT ( 'NONE', #2034 ) ;
#4292 = DIRECTION ( 'NONE',  ( -7.888609052210118054E-31, -5.605193857299268284E-45, 1.000000000000000000 ) ) ;
#4293 = AXIS2_PLACEMENT_3D ( 'NONE', #2457, #997, #3616 ) ;
#4294 = CARTESIAN_POINT ( 'NONE',  ( 46.99999999999984368, -22.49999999999967315, -50.00000000000032685 ) ) ;
#4295 = DIRECTION ( 'NONE',  ( 1.000000000000000000, 6.888341397178440152E-15, -6.982962677686265922E-15 ) ) ;
#4296 = EDGE_LOOP ( 'NONE', ( #5304, #192, #2188, #2158 ) ) ;
#4297 = ORIENTED_EDGE ( 'NONE', *, *, #6895, .T. ) ;
#4298 = DIRECTION ( 'NONE',  ( 1.000000000000000000, 6.888341397178440152E-15, -6.982962677686265922E-15 ) ) ;
#4299 = VECTOR ( 'NONE', #6063, 1000.000000000000000 ) ;
#4300 = DIRECTION ( 'NONE',  ( 0.7410040726247886234, -0.6715005319085585178, 0.000000000000000000 ) ) ;
#4301 = ORIENTED_EDGE ( 'NONE', *, *, #3702, .F. ) ;
#4302 = DIRECTION ( 'NONE',  ( 7.888609052210118054E-31, 5.605193857299268284E-45, -1.000000000000000000 ) ) ;
#4303 = VERTEX_POINT ( 'NONE', #4643 ) ;
#4304 = CIRCLE ( 'NONE', #1570, 0.9499999999999995115 ) ;
#4305 = VERTEX_POINT ( 'NONE', #4006 ) ;
#4306 = EDGE_CURVE ( 'NONE', #1263, #1382, #7735, .T. ) ;
#4307 = CARTESIAN_POINT ( 'NONE',  ( -0.2331467941627889673, -3.248728729892522704, 5.500000000000000888 ) ) ;
#4308 = EDGE_CURVE ( 'NONE', #7485, #782, #640, .T. ) ;
#4309 = VECTOR ( 'NONE', #5202, 1000.000000000000000 ) ;
#4310 = CARTESIAN_POINT ( 'NONE',  ( -2.628205128205070018, -4.961177884615405986, 6.000000000000000000 ) ) ;
#4311 = VERTEX_POINT ( 'NONE', #5327 ) ;
#4312 = ADVANCED_FACE ( 'NONE', ( #7992 ), #7946, .F. ) ;
#4313 = EDGE_CURVE ( 'NONE', #7550, #6554, #4684, .T. ) ;
#4314 = LINE ( 'NONE', #1058, #4856 ) ;
#4315 = VERTEX_POINT ( 'NONE', #2113 ) ;
#4316 = CARTESIAN_POINT ( 'NONE',  ( 1.718325709722958061, -14.59473588061047344, 6.000000000000000000 ) ) ;
#4317 = FACE_OUTER_BOUND ( 'NONE', #3988, .T. ) ;
#4318 = AXIS2_PLACEMENT_3D ( 'NONE', #3697, #4800, #3047 ) ;
#4319 = FACE_OUTER_BOUND ( 'NONE', #1693, .T. ) ;
#4320 = AXIS2_PLACEMENT_3D ( 'NONE', #6033, #148, #2127 ) ;
#4321 = EDGE_CURVE ( 'NONE', #4843, #7514, #4046, .T. ) ;
#4322 = VECTOR ( 'NONE', #7353, 1000.000000000000000 ) ;
#4323 = EDGE_CURVE ( 'NONE', #1679, #2913, #3061, .T. ) ;
#4324 = CIRCLE ( 'NONE', #624, 1.449999999999999956 ) ;
#4325 = EDGE_CURVE ( 'NONE', #1903, #6665, #2381, .T. ) ;
#4326 = CARTESIAN_POINT ( 'NONE',  ( 31.99999999999992539, 21.20000000000022666, 4.999999999999777067 ) ) ;
#4327 = FACE_OUTER_BOUND ( 'NONE', #5016, .T. ) ;
#4328 = DIRECTION ( 'NONE',  ( -6.867314445954479045E-15, -4.797243844499407540E-29, -1.000000000000000000 ) ) ;
#4329 = CARTESIAN_POINT ( 'NONE',  ( 1.382173127287528391, -14.13401436738141470, 5.500000000000000888 ) ) ;
#4330 = VERTEX_POINT ( 'NONE', #3538 ) ;
#4331 = EDGE_LOOP ( 'NONE', ( #8082, #955, #802, #7603 ) ) ;
#4332 = CIRCLE ( 'NONE', #359, 3.100000000000000089 ) ;
#4333 = CARTESIAN_POINT ( 'NONE',  ( 16.99999999999983302, -22.49999999999987921, -50.00000000000012079 ) ) ;
#4334 = AXIS2_PLACEMENT_3D ( 'NONE', #3619, #3669, #6287 ) ;
#4335 = CARTESIAN_POINT ( 'NONE',  ( 0.2812056584477721222, -5.744769754030568443, 6.000000000000000000 ) ) ;
#4336 = AXIS2_PLACEMENT_3D ( 'NONE', #8168, #2299, #4903 ) ;
#4337 = FACE_OUTER_BOUND ( 'NONE', #2426, .T. ) ;
#4338 = CARTESIAN_POINT ( 'NONE',  ( 2.628205128205213903, -8.957572115384596856, 6.000000000000000000 ) ) ;
#4339 = CARTESIAN_POINT ( 'NONE',  ( -32.00000000000007816, 12.49999999999977973, 2.269242526379139975E-13 ) ) ;
#4340 = ORIENTED_EDGE ( 'NONE', *, *, #4678, .T. ) ;
#4341 = ORIENTED_EDGE ( 'NONE', *, *, #6172, .F. ) ;
#4342 = CARTESIAN_POINT ( 'NONE',  ( 0.8497967345310829534, 5.415405419811681220, 2.255915264206802107 ) ) ;
#4343 = LINE ( 'NONE', #5545, #6385 ) ;
#4344 = ORIENTED_EDGE ( 'NONE', *, *, #4362, .F. ) ;
#4345 = DIRECTION ( 'NONE',  ( -6.982962677686265133E-15, 1.000000000000000000, 0.000000000000000000 ) ) ;
#4346 = DIRECTION ( 'NONE',  ( -6.867314445954479045E-15, -4.797243844499407540E-29, -1.000000000000000000 ) ) ;
#4347 = VERTEX_POINT ( 'NONE', #5032 ) ;
#4348 = ORIENTED_EDGE ( 'NONE', *, *, #7008, .T. ) ;
#4349 = MANIFOLD_SOLID_BREP ( 'Body-Move/Copy5 Rotate to XY plane[4]', #6465 ) ;
#4350 = DIRECTION ( 'NONE',  ( 1.000000000000000000, 7.178166107490237014E-15, 0.000000000000000000 ) ) ;
#4351 = LINE ( 'NONE', #4266, #2662 ) ;
#4352 = ORIENTED_EDGE ( 'NONE', *, *, #687, .T. ) ;
#4353 = DIRECTION ( 'NONE',  ( -0.7590779861533607509, -0.6509997011806980538, -7.888609052210118054E-31 ) ) ;
#4354 = ORIENTED_EDGE ( 'NONE', *, *, #1366, .T. ) ;
#4355 = CARTESIAN_POINT ( 'NONE',  ( 14.99999999999986855, 22.50000000000010658, 2.063301313026461295E-16 ) ) ;
#4356 = CARTESIAN_POINT ( 'NONE',  ( 25.70000000000009521, -4.249999999999817035, 4.999999999999821476 ) ) ;
#4357 = DIRECTION ( 'NONE',  ( 1.000000000000000000, 6.391086490440871606E-15, -6.982962677686276966E-15 ) ) ;
#4358 = DIRECTION ( 'NONE',  ( -7.888609052210118054E-31, -5.605193857299268284E-45, 1.000000000000000000 ) ) ;
#4359 = MANIFOLD_SOLID_BREP ( 'Body-Move/Copy5 Rotate to XY plane[1]', #4120 ) ;
#4360 = CARTESIAN_POINT ( 'NONE',  ( 1.480210362961308590, -11.63344407891874077, 6.000000000000000000 ) ) ;
#4361 = ADVANCED_FACE ( 'NONE', ( #2425 ), #5549, .F. ) ;
#4362 = EDGE_CURVE ( 'NONE', #2586, #1852, #1003, .T. ) ;
#4363 = CARTESIAN_POINT ( 'NONE',  ( 0.1352232446033330426, -5.746522075447234812, 5.500000000000000888 ) ) ;
#4364 = FACE_OUTER_BOUND ( 'NONE', #2035, .T. ) ;
#4365 = DIRECTION ( 'NONE',  ( 6.982962677686265922E-15, 4.876176775795934672E-29, 1.000000000000000000 ) ) ;
#4366 = CARTESIAN_POINT ( 'NONE',  ( 0.9194711538462342348, -8.183333333333326465, 5.500000000000000888 ) ) ;
#4367 = EDGE_LOOP ( 'NONE', ( #560, #2093, #5257, #5866 ) ) ;
#4368 = CARTESIAN_POINT ( 'NONE',  ( 2.218793256249282919, -6.029767119556383115, 5.999999999999999112 ) ) ;
#4369 = CARTESIAN_POINT ( 'NONE',  ( 1.239809690051751456, -13.14619769088631251, 5.500000000000000000 ) ) ;
#4370 = VERTEX_POINT ( 'NONE', #1051 ) ;
#4371 = EDGE_CURVE ( 'NONE', #4506, #2014, #1775, .T. ) ;
#4372 = DIRECTION ( 'NONE',  ( -1.000000000000000000, -6.825260543506556042E-15, 6.982962677686265922E-15 ) ) ;
#4373 = CARTESIAN_POINT ( 'NONE',  ( 1.568365608699826552, -6.437343708424839939, 6.000000000000000000 ) ) ;
#4374 = CARTESIAN_POINT ( 'NONE',  ( 0.4477163461539355183, -9.459374999999997868, 5.999999999999999112 ) ) ;
#4375 = DIRECTION ( 'NONE',  ( 6.867314445954479045E-15, 4.797243844499407540E-29, 1.000000000000000000 ) ) ;
#4376 = CARTESIAN_POINT ( 'NONE',  ( 1.717026522606142525, -13.30682420888250839, 5.500000000000000000 ) ) ;
#4377 = CARTESIAN_POINT ( 'NONE',  ( 1.395490816192777542E-14, 1.250000000000000222, 1.000000000000000000 ) ) ;
#4378 = ORIENTED_EDGE ( 'NONE', *, *, #7950, .F. ) ;
#4379 = ORIENTED_EDGE ( 'NONE', *, *, #7043, .T. ) ;
#4380 = CARTESIAN_POINT ( 'NONE',  ( -0.7211538461537183586, -14.94415064102564372, 5.500000000000000888 ) ) ;
#4381 = CARTESIAN_POINT ( 'NONE',  ( 17.00000000000022027, -22.49999999999987921, 4.999999999999881872 ) ) ;
#4382 = ORIENTED_EDGE ( 'NONE', *, *, #1177, .T. ) ;
#4383 = CARTESIAN_POINT ( 'NONE',  ( 1.730769230769288347, -4.939142628205118513, 5.500000000000000000 ) ) ;
#4384 = ORIENTED_EDGE ( 'NONE', *, *, #2803, .F. ) ;
#4385 = ORIENTED_EDGE ( 'NONE', *, *, #5683, .F. ) ;
#4386 = CARTESIAN_POINT ( 'NONE',  ( 11.00000000000018296, -22.49999999999992184, 2.999999999999997335 ) ) ;
#4387 = CARTESIAN_POINT ( 'NONE',  ( -2.117546881683954219, -3.783270413784029618, 6.000000000000000888 ) ) ;
#4388 = CARTESIAN_POINT ( 'NONE',  ( 3.131316011514056098E-15, 2.799999999999999822, 6.000000000000000000 ) ) ;
#4389 = ORIENTED_EDGE ( 'NONE', *, *, #6676, .T. ) ;
#4390 = LINE ( 'NONE', #414, #750 ) ;
#4391 = FACE_BOUND ( 'NONE', #5155, .T. ) ;
#4392 = LINE ( 'NONE', #7020, #6949 ) ;
#4393 = CARTESIAN_POINT ( 'NONE',  ( -1.364341977307068188, -5.530891931618650226, 6.000000000000000000 ) ) ;
#4394 = VECTOR ( 'NONE', #898, 1000.000000000000000 ) ;
#4395 = FACE_OUTER_BOUND ( 'NONE', #1487, .T. ) ;
#4396 = CARTESIAN_POINT ( 'NONE',  ( 3.131316011514059253E-15, 2.799999999999999822, 3.000000000000000000 ) ) ;
#4397 = ORIENTED_EDGE ( 'NONE', *, *, #911, .T. ) ;
#4398 = CARTESIAN_POINT ( 'NONE',  ( 0.8884214743590482799, -7.285897435897429553, 5.500000000000000888 ) ) ;
#4399 = AXIS2_PLACEMENT_3D ( 'NONE', #6057, #7939, #4035 ) ;
#4400 = CARTESIAN_POINT ( 'NONE',  ( 0.1468519028335288357, -14.85498505581341355, 6.000000000000000000 ) ) ;
#4401 = LINE ( 'NONE', #6432, #7616 ) ;
#4402 = ORIENTED_EDGE ( 'NONE', *, *, #2664, .F. ) ;
#4403 = DIRECTION ( 'NONE',  ( 0.9728446671890147446, -0.2314589672531505715, 7.888609052210117178E-31 ) ) ;
#4404 = ORIENTED_EDGE ( 'NONE', *, *, #911, .F. ) ;
#4405 = ADVANCED_FACE ( 'NONE', ( #3670 ), #6155, .F. ) ;
#4406 = ADVANCED_FACE ( 'NONE', ( #269 ), #8125, .T. ) ;
#4407 = CIRCLE ( 'NONE', #2088, 1.449999999999999956 ) ;
#4408 = FACE_OUTER_BOUND ( 'NONE', #6607, .T. ) ;
#4409 = CARTESIAN_POINT ( 'NONE',  ( 0.3733089833663621460, -9.389868667784012857, 5.500000000000000888 ) ) ;
#4410 = EDGE_CURVE ( 'NONE', #91, #6618, #8423, .T. ) ;
#4411 = CARTESIAN_POINT ( 'NONE',  ( 2.017227564102666015, -11.19615384615383746, 5.500000000000000888 ) ) ;
#4412 = PLANE ( 'NONE',  #987 ) ;
#4413 = DIRECTION ( 'NONE',  ( -0.2022968521692459498, -0.9793242484501312184, -1.972152263052529951E-31 ) ) ;
#4414 = ORIENTED_EDGE ( 'NONE', *, *, #6420, .F. ) ;
#4415 = AXIS2_PLACEMENT_3D ( 'NONE', #5178, #5791, #4403 ) ;
#4416 = ORIENTED_EDGE ( 'NONE', *, *, #4898, .F. ) ;
#4417 = CARTESIAN_POINT ( 'NONE',  ( -0.7433387117994165738, -14.86474320611805133, 5.999999999999999112 ) ) ;
#4418 = DIRECTION ( 'NONE',  ( 1.000000000000000000, 6.308085367188407793E-15, -6.982962677686258822E-15 ) ) ;
#4419 = ORIENTED_EDGE ( 'NONE', *, *, #2335, .F. ) ;
#4420 = DIRECTION ( 'NONE',  ( -0.7071067811865523467, 0.7071067811865427988, 4.967436861760813159E-15 ) ) ;
#4421 = DIRECTION ( 'NONE',  ( 1.000000000000000000, 6.825260543506556042E-15, -6.867314445954479045E-15 ) ) ;
#4422 = LINE ( 'NONE', #1662, #5640 ) ;
#4423 = EDGE_LOOP ( 'NONE', ( #8069, #513, #3877, #5073, #107, #7648, #4348, #399, #534, #2667, #2547, #6886, #6235, #5347, #6327 ) ) ;
#4424 = ORIENTED_EDGE ( 'NONE', *, *, #380, .T. ) ;
#4425 = CARTESIAN_POINT ( 'NONE',  ( 0.002003205128251001922, -3.247435897435900110, 5.500000000000000000 ) ) ;
#4426 = CIRCLE ( 'NONE', #187, 3.100000000000000089 ) ;
#4427 = CARTESIAN_POINT ( 'NONE',  ( -2.206954188581440324, -3.865955341757372654, 5.500000000000000888 ) ) ;
#4428 = VECTOR ( 'NONE', #3821, 1000.000000000000000 ) ;
#4429 = CARTESIAN_POINT ( 'NONE',  ( 0.3502575528615078926, -8.382833029368619293, 6.000000000000000000 ) ) ;
#4430 = ORIENTED_EDGE ( 'NONE', *, *, #1743, .F. ) ;
#4431 = CARTESIAN_POINT ( 'NONE',  ( 32.00000000000002842, -22.49999999999977618, -22.50000000000021672 ) ) ;
#4432 = FACE_OUTER_BOUND ( 'NONE', #5734, .T. ) ;
#4433 = CARTESIAN_POINT ( 'NONE',  ( -46.99999999999978684, -22.50000000000033040, 5.000000000000332179 ) ) ;
#4434 = AXIS2_PLACEMENT_3D ( 'NONE', #3838, #7865, #5903 ) ;
#4435 = CARTESIAN_POINT ( 'NONE',  ( 1.810779763245690122, -3.573286486701114928, 5.500000000000000000 ) ) ;
#4436 = CYLINDRICAL_SURFACE ( 'NONE', #6505, 0.9499999999999995115 ) ;
#4437 = FACE_OUTER_BOUND ( 'NONE', #8128, .T. ) ;
#4438 = VERTEX_POINT ( 'NONE', #1176 ) ;
#4439 = DIRECTION ( 'NONE',  ( 0.7410040726247694165, 0.6715005319085796121, 7.888609052210117178E-31 ) ) ;
#4440 = AXIS2_PLACEMENT_3D ( 'NONE', #2821, #6813, #4872 ) ;
#4441 = AXIS2_PLACEMENT_3D ( 'NONE', #325, #1783, #1825 ) ;
#4442 = CARTESIAN_POINT ( 'NONE',  ( 0.1723349018212390893, -14.92984517787428977, 6.000000000000000000 ) ) ;
#4443 = DIRECTION ( 'NONE',  ( -6.982962677686265922E-15, -4.876176775795934672E-29, -1.000000000000000000 ) ) ;
#4444 = ORIENTED_EDGE ( 'NONE', *, *, #4678, .F. ) ;
#4445 = ORIENTED_EDGE ( 'NONE', *, *, #7402, .F. ) ;
#4446 = VERTEX_POINT ( 'NONE', #6407 ) ;
#4447 = VECTOR ( 'NONE', #3045, 1000.000000000000114 ) ;
#4448 = CARTESIAN_POINT ( 'NONE',  ( 1.729552573484577138, -4.968268558200394480, 6.000000000000000000 ) ) ;
#4449 = LINE ( 'NONE', #7082, #4428 ) ;
#4450 = CARTESIAN_POINT ( 'NONE',  ( 2.405971266291876187, -11.35334503502793879, 5.500000000000000888 ) ) ;
#4451 = EDGE_CURVE ( 'NONE', #4446, #6556, #608, .T. ) ;
#4452 = DIRECTION ( 'NONE',  ( -7.888609052210118054E-31, -5.605193857299268284E-45, 1.000000000000000000 ) ) ;
#4453 = ORIENTED_EDGE ( 'NONE', *, *, #2218, .F. ) ;
#4454 = AXIS2_PLACEMENT_3D ( 'NONE', #5633, #3574, #6150 ) ;
#4455 = CIRCLE ( 'NONE', #4734, 1.549999999999999378 ) ;
#4456 = ORIENTED_EDGE ( 'NONE', *, *, #5739, .F. ) ;
#4457 = ADVANCED_FACE ( 'NONE', ( #1214 ), #5727, .F. ) ;
#4458 = VECTOR ( 'NONE', #5314, 1000.000000000000114 ) ;
#4459 = LINE ( 'NONE', #3103, #3654 ) ;
#4460 = VERTEX_POINT ( 'NONE', #5193 ) ;
#4461 = CARTESIAN_POINT ( 'NONE',  ( 21.00000000000019185, -19.49999999999985079, 4.999999999999861444 ) ) ;
#4462 = EDGE_CURVE ( 'NONE', #3677, #1872, #5109, .T. ) ;
#4463 = CARTESIAN_POINT ( 'NONE',  ( 1.266980391713545595, -5.579789429292077330, 6.000000000000000000 ) ) ;
#4464 = ADVANCED_FACE ( 'NONE', ( #2553 ), #6497, .T. ) ;
#4465 = LINE ( 'NONE', #7094, #1127 ) ;
#4466 = ORIENTED_EDGE ( 'NONE', *, *, #7570, .F. ) ;
#4467 = ORIENTED_EDGE ( 'NONE', *, *, #7926, .T. ) ;
#4468 = CARTESIAN_POINT ( 'NONE',  ( -20.99999999999982947, -19.50000000000014211, 3.000000000000149214 ) ) ;
#4469 = CARTESIAN_POINT ( 'NONE',  ( 0.2744391025642382020, -16.04791666666666217, 5.500000000000000888 ) ) ;
#4470 = ADVANCED_FACE ( 'NONE', ( #6449 ), #2611, .T. ) ;
#4471 = CARTESIAN_POINT ( 'NONE',  ( -1.670072600836855603, -3.508621821328021362, 5.500000000000000000 ) ) ;
#4472 = CARTESIAN_POINT ( 'NONE',  ( 0.8910490309017429222, -8.183738561212411611, 6.000000000000000000 ) ) ;
#4473 = EDGE_LOOP ( 'NONE', ( #2058, #2383, #8388, #8090 ) ) ;
#4474 = CARTESIAN_POINT ( 'NONE',  ( 0.5433044292088544669, -13.14349829996081986, 5.500000000000000888 ) ) ;
#4475 = DIRECTION ( 'NONE',  ( 6.982962677686265922E-15, -1.000000000000000000, 0.000000000000000000 ) ) ;
#4476 = CARTESIAN_POINT ( 'NONE',  ( 1.260883593535026437, -0.03199091869204372107, 6.000000000000000000 ) ) ;
#4477 = CARTESIAN_POINT ( 'NONE',  ( -2.556885336192673108, 1.787657480117097242, 3.000000000000000000 ) ) ;
#4478 = CARTESIAN_POINT ( 'NONE',  ( 0.002003205128251001922, -3.247435897435900110, 5.500000000000000000 ) ) ;
#4479 = DIRECTION ( 'NONE',  ( 1.000000000000000000, 7.304098846218139203E-15, -6.847592668329505010E-15 ) ) ;
#4480 = CARTESIAN_POINT ( 'NONE',  ( -2.684678751731770507, 4.349999999999974776, 3.000000000000000000 ) ) ;
#4481 = ORIENTED_EDGE ( 'NONE', *, *, #3372, .F. ) ;
#4482 = LINE ( 'NONE', #2478, #1724 ) ;
#4483 = CARTESIAN_POINT ( 'NONE',  ( 0.2074927377459748201, -15.00420797869795031, 6.000000000000000000 ) ) ;
#4484 = CARTESIAN_POINT ( 'NONE',  ( 0.2744391025641971238, -10.21458333333333179, 6.000000000000000000 ) ) ;
#4485 = EDGE_LOOP ( 'NONE', ( #1722, #3096, #8338, #5499 ) ) ;
#4486 = CARTESIAN_POINT ( 'NONE',  ( 1.426335598448851050, -6.486072937415531925, 6.000000000000000000 ) ) ;
#4487 = CARTESIAN_POINT ( 'NONE',  ( 2.905574167424861187, 3.880573346697639980, 2.253977467919163313 ) ) ;
#4488 = ORIENTED_EDGE ( 'NONE', *, *, #58, .T. ) ;
#4489 = CARTESIAN_POINT ( 'NONE',  ( 1.730769230769288347, -4.939142628205118513, 6.000000000000000000 ) ) ;
#4490 = LINE ( 'NONE', #3907, #348 ) ;
#4491 = CARTESIAN_POINT ( 'NONE',  ( 1.861501712986946666, -13.39105150545070266, 5.500000000000000888 ) ) ;
#4492 = CARTESIAN_POINT ( 'NONE',  ( 0.1579298740744764784, -14.50030361056032824, 6.000000000000000000 ) ) ;
#4493 = ORIENTED_EDGE ( 'NONE', *, *, #7524, .F. ) ;
#4494 = CARTESIAN_POINT ( 'NONE',  ( 1.466813763270206072, -4.441774652464398621, 5.500000000000000000 ) ) ;
#4495 = EDGE_LOOP ( 'NONE', ( #6277, #7607, #963, #810 ) ) ;
#4496 = DIRECTION ( 'NONE',  ( -7.888609052210118054E-31, -5.605193857299268284E-45, 1.000000000000000000 ) ) ;
#4497 = LINE ( 'NONE', #8419, #2930 ) ;
#4498 = DIRECTION ( 'NONE',  ( -7.888609052210118054E-31, -5.605193857299268284E-45, 1.000000000000000000 ) ) ;
#4499 = ORIENTED_EDGE ( 'NONE', *, *, #7731, .T. ) ;
#4500 = LINE ( 'NONE', #7092, #2560 ) ;
#4501 = CARTESIAN_POINT ( 'NONE',  ( 0.8497967345310829534, 5.415405419811681220, 2.255915264206802107 ) ) ;
#4502 = DIRECTION ( 'NONE',  ( -0.4972316757794933983, 0.8676178079094024609, -3.944304526105057713E-31 ) ) ;
#4503 = ORIENTED_EDGE ( 'NONE', *, *, #8406, .T. ) ;
#4504 = B_SPLINE_CURVE_WITH_KNOTS ( 'NONE', 3,
 ( #247, #1628, #5520, #4238, #5432, #1495, #336, #6820, #6867, #887, #8147 ),
 .UNSPECIFIED., .F., .F.,
 ( 4, 1, 1, 1, 1, 1, 1, 1, 4 ),
 ( 0.000000000000000000, 0.08887459959301113877, 0.1863628278403541561, 0.2940904553567278423, 0.4121094147631924054, 0.5417581983971517801, 0.6826887949347061335, 0.8350891744828353724, 1.000000000000000000 ),
 .UNSPECIFIED. ) ;
#4505 = ADVANCED_FACE ( 'NONE', ( #5278, #7260 ), #4763, .T. ) ;
#4506 = VERTEX_POINT ( 'NONE', #220 ) ;
#4507 = CARTESIAN_POINT ( 'NONE',  ( 0.3502575528615078371, -8.382833029368619293, 5.500000000000000000 ) ) ;
#4508 = CARTESIAN_POINT ( 'NONE',  ( 32.00000000000020606, -22.49999999999977618, 2.999999999999782840 ) ) ;
#4509 = EDGE_CURVE ( 'NONE', #3671, #7010, #6616, .T. ) ;
#4510 = EDGE_CURVE ( 'NONE', #1279, #3671, #4595, .T. ) ;
#4511 = B_SPLINE_SURFACE_WITH_KNOTS ( 'NONE', 3, 1, ( 
 ( #7444, #190 ),
 ( #4089, #1483 ),
 ( #2211, #5421 ),
 ( #143, #4818 ),
 ( #752, #4690 ),
 ( #2731, #1571 ),
 ( #3324, #704 ),
 ( #5993, #102 ),
 ( #7359, #2772 ),
 ( #5331, #1522 ),
 ( #7952, #2081 ),
 ( #8046, #6119 ),
 ( #2166, #4777 ),
 ( #7315, #5371 ),
 ( #7396, #6757 ),
 ( #874, #411 ),
 ( #2987, #3025 ),
 ( #2938, #7618 ),
 ( #1744, #1702 ) ),
 .UNSPECIFIED., .F., .F., .F.,
 ( 4, 1, 1, 1, 1, 1, 1, 1, 1, 1, 1, 1, 1, 1, 1, 1, 4 ),
 ( 2, 2 ),
 ( 0.000000000000000000, 0.06116154996539596711, 0.1203363801759606694, 0.1783898341784805885, 0.2358655101693931111, 0.2941823526725293458, 0.3532419669828836817, 0.4136922142579403383, 0.4761376879043047183, 0.5394336096482432730, 0.6023842390965556959, 0.6644303114771669128, 0.7277262332211056339, 0.7924691057685016027, 0.8591605019104374685, 0.9281559975465448753, 1.000000000000000000 ),
 ( 0.000000000000000000, 1.000000000000000000 ),
 .UNSPECIFIED. ) ;
#4512 = DIRECTION ( 'NONE',  ( -6.982962677686265922E-15, -4.876176775795934672E-29, -1.000000000000000000 ) ) ;
#4513 = FACE_OUTER_BOUND ( 'NONE', #689, .T. ) ;
#4514 = ORIENTED_EDGE ( 'NONE', *, *, #3791, .T. ) ;
#4515 = EDGE_CURVE ( 'NONE', #3754, #1424, #6056, .T. ) ;
#4516 = CARTESIAN_POINT ( 'NONE',  ( 2.017227564102673565, -12.28589743589742689, 5.500000000000000888 ) ) ;
#4517 = EDGE_CURVE ( 'NONE', #1424, #4896, #3004, .T. ) ;
#4518 = CARTESIAN_POINT ( 'NONE',  ( 2.558530543312764749, -11.84877789680051308, 5.500000000000000000 ) ) ;
#4519 = CARTESIAN_POINT ( 'NONE',  ( -49.00000000000000711, 5.299999999999656985, 3.317568303507659991E-13 ) ) ;
#4520 = B_SPLINE_CURVE_WITH_KNOTS ( 'NONE', 3,
 ( #142, #7490, #824, #925, #2770, #1481, #6159, #7357, #6710, #3405, #6027, #7614, #6370, #8303, #489, #7571, #1007, #5070, #1742, #3111, #6291, #3624, #3673, #1055, #4307, #7057, #4425 ),
 .UNSPECIFIED., .F., .F.,
 ( 4, 1, 1, 1, 1, 1, 1, 1, 1, 1, 1, 1, 1, 1, 1, 1, 1, 1, 1, 1, 1, 1, 1, 1, 4 ),
 ( 0.000000000000000000, 0.03662864639230636876, 0.07202170524524863227, 0.1066077978238738067, 0.1402817809553496831, 0.1735898796805011024, 0.2063904904366577198, 0.2392744174985869388, 0.2720846989590902654, 0.3050360901861425278, 0.3385128265642535217, 0.3725941710793054251, 0.4076935718855412283, 0.4438580630750675882, 0.4814442591193111576, 0.5202391350467975295, 0.5610320860075223015, 0.6041364360509974274, 0.6501785507834917377, 0.6996677785668725669, 0.7524047451481801208, 0.8088213064168179312, 0.8689765472924566581, 0.9326861945134095055, 1.000000000000000000 ),
 .UNSPECIFIED. ) ;
#4521 = CARTESIAN_POINT ( 'NONE',  ( 2.483728201859391138, -4.220407334013192013, 5.500000000000000000 ) ) ;
#4522 = CARTESIAN_POINT ( 'NONE',  ( 2.857775769924374654, 1.598701681998529578, 2.276695463209204906 ) ) ;
#4523 = CARTESIAN_POINT ( 'NONE',  ( -2.365500341773639104, -5.844165852873457467, 5.500000000000000888 ) ) ;
#4524 = ORIENTED_EDGE ( 'NONE', *, *, #5420, .T. ) ;
#4525 = CARTESIAN_POINT ( 'NONE',  ( 0.9482456716279732412, -7.287581841992681220, 5.999999999999999112 ) ) ;
#4526 = CARTESIAN_POINT ( 'NONE',  ( 0.04907852564109516091, -6.644871794871797910, 6.000000000000000000 ) ) ;
#4527 = CARTESIAN_POINT ( 'NONE',  ( 1.315310803901099890, -8.263837757759411318, 5.500000000000000000 ) ) ;
#4528 = VERTEX_POINT ( 'NONE', #3960 ) ;
#4529 = CARTESIAN_POINT ( 'NONE',  ( 1.282051282051420493, -16.45256410256408941, 6.000000000000000000 ) ) ;
#4530 = CIRCLE ( 'NONE', #826, 1.449999999999999956 ) ;
#4531 = VERTEX_POINT ( 'NONE', #6316 ) ;
#4532 = CARTESIAN_POINT ( 'NONE',  ( -21.78102496759046502, -22.50000000000015277, 3.000000000000154987 ) ) ;
#4533 = VECTOR ( 'NONE', #6812, 1000.000000000000000 ) ;
#4534 = DIRECTION ( 'NONE',  ( -7.888609052210118054E-31, -5.605193857299268284E-45, 1.000000000000000000 ) ) ;
#4535 = EDGE_CURVE ( 'NONE', #4557, #7217, #6145, .T. ) ;
#4536 = DIRECTION ( 'NONE',  ( -6.982962677686265922E-15, -4.876176775795934672E-29, -1.000000000000000000 ) ) ;
#4537 = CARTESIAN_POINT ( 'NONE',  ( 0.2981557378203172348, -14.26657693251808645, 5.500000000000000888 ) ) ;
#4538 = ORIENTED_EDGE ( 'NONE', *, *, #637, .T. ) ;
#4539 = CARTESIAN_POINT ( 'NONE',  ( 1.414286072217456613, -4.408441807286238578, 5.500000000000000888 ) ) ;
#4540 = EDGE_LOOP ( 'NONE', ( #200, #3442, #4988, #4194 ) ) ;
#4541 = CARTESIAN_POINT ( 'NONE',  ( 2.750000000000003109, 2.800000000000018918, 6.000000000000000000 ) ) ;
#4542 = VECTOR ( 'NONE', #2323, 1000.000000000000000 ) ;
#4543 = LINE ( 'NONE', #87, #4831 ) ;
#4544 = CARTESIAN_POINT ( 'NONE',  ( 2.323182634922793532, -11.28262737328012122, 6.000000000000000000 ) ) ;
#4545 = ORIENTED_EDGE ( 'NONE', *, *, #3169, .F. ) ;
#4546 = CARTESIAN_POINT ( 'NONE',  ( -0.4136713454845279969, -7.825754680710063305, 5.500000000000000000 ) ) ;
#4547 = COLOUR_RGB ( '',0.7921568627450980005, 0.8196078431372548767, 0.9333333333333333481 ) ;
#4548 = CARTESIAN_POINT ( 'NONE',  ( 1.589700238839736324, -5.336959360999038893, 5.999999999999999112 ) ) ;
#4549 = LINE ( 'NONE', #1816, #8109 ) ;
#4550 = ORIENTED_EDGE ( 'NONE', *, *, #2533, .T. ) ;
#4551 = ORIENTED_EDGE ( 'NONE', *, *, #3261, .F. ) ;
#4552 = CARTESIAN_POINT ( 'NONE',  ( -2.461447685859127876, -5.688771189845509113, 5.500000000000000888 ) ) ;
#4553 = DIRECTION ( 'NONE',  ( 1.000000000000000000, 6.391086490440871606E-15, -6.847592668329505010E-15 ) ) ;
#4554 = VECTOR ( 'NONE', #7656, 1000.000000000000000 ) ;
#4555 = LINE ( 'NONE', #5902, #2102 ) ;
#4556 = LINE ( 'NONE', #6706, #5394 ) ;
#4557 = VERTEX_POINT ( 'NONE', #2369 ) ;
#4558 = DIRECTION ( 'NONE',  ( -0.4096521052251916872, -0.9122418279626124393, -3.944304526105059027E-31 ) ) ;
#4559 = EDGE_CURVE ( 'NONE', #5066, #4161, #7601, .T. ) ;
#4560 = AXIS2_PLACEMENT_3D ( 'NONE', #2986, #3147, #5601 ) ;
#4561 = EDGE_CURVE ( 'NONE', #2142, #1057, #2889, .T. ) ;
#4562 = CARTESIAN_POINT ( 'NONE',  ( -0.07780449946830836350, -3.247874672647900862, 6.000000000000000000 ) ) ;
#4563 = VECTOR ( 'NONE', #6854, 1000.000000000000227 ) ;
#4564 = CARTESIAN_POINT ( 'NONE',  ( 2.565332381299653353, -4.435835696401769113, 5.500000000000000000 ) ) ;
#4565 = DIRECTION ( 'NONE',  ( 6.888341397178440152E-15, -1.000000000000000000, 6.607368703010305184E-31 ) ) ;
#4566 = CARTESIAN_POINT ( 'NONE',  ( 1.476329917102099154, -11.70478858457095050, 5.500000000000000000 ) ) ;
#4567 = VERTEX_POINT ( 'NONE', #3567 ) ;
#4568 = ADVANCED_FACE ( 'NONE', ( #5537 ), #3014, .T. ) ;
#4569 = CARTESIAN_POINT ( 'NONE',  ( 0.04907852564109516091, -6.644871794871797910, 5.500000000000000888 ) ) ;
#4570 = VERTEX_POINT ( 'NONE', #7557 ) ;
#4571 = CARTESIAN_POINT ( 'NONE',  ( 1.698638979280617578, -6.381219541639287840, 5.500000000000000000 ) ) ;
#4572 = CARTESIAN_POINT ( 'NONE',  ( 2.623465986256073634, -14.62128201183739584, 6.000000000000000000 ) ) ;
#4573 = AXIS2_PLACEMENT_3D ( 'NONE', #1410, #6562, #7891 ) ;
#4574 = ORIENTED_EDGE ( 'NONE', *, *, #3148, .F. ) ;
#4575 = ADVANCED_FACE ( 'NONE', ( #2877 ), #2194, .T. ) ;
#4576 = EDGE_CURVE ( 'NONE', #620, #7689, #6783, .T. ) ;
#4577 = VECTOR ( 'NONE', #971, 1000.000000000000000 ) ;
#4578 = PRESENTATION_LAYER_ASSIGNMENT (  '', '', ( #1432 ) ) ;
#4579 = PLANE ( 'NONE',  #7751 ) ;
#4580 = CARTESIAN_POINT ( 'NONE',  ( -1.680727110157556714, -4.692613845487351831, 6.000000000000000888 ) ) ;
#4581 = CARTESIAN_POINT ( 'NONE',  ( -1.948116987179420390, -6.234214743589761021, 6.000000000000000000 ) ) ;
#4582 = ORIENTED_EDGE ( 'NONE', *, *, #8087, .F. ) ;
#4583 = CARTESIAN_POINT ( 'NONE',  ( 1.728309638461676068, -4.855944966455037815, 6.000000000000000000 ) ) ;
#4584 = EDGE_LOOP ( 'NONE', ( #7895, #1338, #3569, #4402 ) ) ;
#4585 = VECTOR ( 'NONE', #8042, 1000.000000000000000 ) ;
#4586 = CARTESIAN_POINT ( 'NONE',  ( -3.018094598906785553, 2.092112302656934375, 3.000000000000000000 ) ) ;
#4587 = B_SPLINE_SURFACE_WITH_KNOTS ( 'NONE', 3, 1, ( 
 ( #197, #4272 ),
 ( #1018, #3636 ),
 ( #2825, #5429 ),
 ( #6261, #376 ),
 ( #7452, #2994 ),
 ( #4786, #4191 ),
 ( #1062, #3680 ),
 ( #8053, #2175 ),
 ( #7405, #1531 ),
 ( #1578, #6169 ),
 ( #5122, #5075 ) ),
 .UNSPECIFIED., .F., .F., .F.,
 ( 4, 1, 1, 1, 1, 1, 1, 1, 4 ),
 ( 2, 2 ),
 ( 0.000000000000000000, 0.1278414629307421113, 0.2497792886028959436, 0.3725532691609884095, 0.5002612830658909049, 0.6279692969707912908, 0.7502645813084201087, 0.8733215602763094720, 1.000000000000000000 ),
 ( 0.000000000000000000, 1.000000000000000000 ),
 .UNSPECIFIED. ) ;
#4588 = VECTOR ( 'NONE', #1132, 1000.000000000000114 ) ;
#4589 = EDGE_CURVE ( 'NONE', #8310, #784, #4938, .T. ) ;
#4590 = CARTESIAN_POINT ( 'NONE',  ( -32.00000000000030553, 23.69999999999977547, -22.49999999999977618 ) ) ;
#4591 = FACE_OUTER_BOUND ( 'NONE', #6531, .T. ) ;
#4592 = AXIS2_PLACEMENT_3D ( 'NONE', #4061, #2657, #5337 ) ;
#4593 = DIRECTION ( 'NONE',  ( 7.888609052210118054E-31, 5.508586259044128230E-45, -1.000000000000000000 ) ) ;
#4594 = AXIS2_PLACEMENT_3D ( 'NONE', #6709, #3447, #2812 ) ;
#4595 = LINE ( 'NONE', #2719, #4180 ) ;
#4596 = CARTESIAN_POINT ( 'NONE',  ( 0.6774350997232655436, -14.04301928125185661, 6.000000000000000000 ) ) ;
#4597 = ORIENTED_EDGE ( 'NONE', *, *, #2120, .F. ) ;
#4598 = ORIENTED_EDGE ( 'NONE', *, *, #3056, .T. ) ;
#4599 = CARTESIAN_POINT ( 'NONE',  ( 0.1414048369820250228, -8.732247550473946518, 5.500000000000000888 ) ) ;
#4600 = CARTESIAN_POINT ( 'NONE',  ( 1.561876755481640400, -12.04465100753749063, 5.500000000000000000 ) ) ;
#4601 =( GEOMETRIC_REPRESENTATION_CONTEXT ( 3 ) GLOBAL_UNCERTAINTY_ASSIGNED_CONTEXT ( ( #6570 ) ) GLOBAL_UNIT_ASSIGNED_CONTEXT ( ( #6077, #3942, #5514 ) ) REPRESENTATION_CONTEXT ( 'NONE', 'WORKASPACE' ) );
#4602 = VECTOR ( 'NONE', #920, 1000.000000000000000 ) ;
#4603 = CARTESIAN_POINT ( 'NONE',  ( 0.1282051282052131813, -8.869431089743589069, 6.000000000000000000 ) ) ;
#4604 = ORIENTED_EDGE ( 'NONE', *, *, #4779, .T. ) ;
#4605 = CARTESIAN_POINT ( 'NONE',  ( 0.9194711538462342348, -8.183333333333326465, 6.000000000000000000 ) ) ;
#4606 = ORIENTED_EDGE ( 'NONE', *, *, #6089, .T. ) ;
#4607 = VECTOR ( 'NONE', #3074, 1000.000000000000000 ) ;
#4608 = CARTESIAN_POINT ( 'NONE',  ( 1.474358974359079699, -11.74102564102563484, 5.500000000000000000 ) ) ;
#4609 = LINE ( 'NONE', #3972, #7702 ) ;
#4610 = DIRECTION ( 'NONE',  ( -7.888609052210118054E-31, -5.605193857299268284E-45, 1.000000000000000000 ) ) ;
#4611 = CARTESIAN_POINT ( 'NONE',  ( 3.131316011514059253E-15, 2.799999999999999822, 3.000000000000000000 ) ) ;
#4612 = ORIENTED_EDGE ( 'NONE', *, *, #7730, .F. ) ;
#4613 = CARTESIAN_POINT ( 'NONE',  ( -0.5848758940496029402, -6.621577599574523632, 5.500000000000000888 ) ) ;
#4614 = DIRECTION ( 'NONE',  ( -0.6509997011806980538, 0.7590779861533607509, 0.000000000000000000 ) ) ;
#4615 = ORIENTED_EDGE ( 'NONE', *, *, #2165, .T. ) ;
#4616 = CARTESIAN_POINT ( 'NONE',  ( 0.04907852564109516091, -6.644871794871797910, 6.000000000000000000 ) ) ;
#4617 = CARTESIAN_POINT ( 'NONE',  ( 39.99999999999984368, 23.70000000000027995, -2.793185071074506684E-13 ) ) ;
#4618 = ORIENTED_EDGE ( 'NONE', *, *, #2378, .T. ) ;
#4619 = EDGE_CURVE ( 'NONE', #4303, #4981, #8162, .T. ) ;
#4620 = EDGE_CURVE ( 'NONE', #6333, #7568, #1040, .T. ) ;
#4621 = CARTESIAN_POINT ( 'NONE',  ( -2.499999999999884093, -13.18333333333334956, 5.500000000000000000 ) ) ;
#4622 = CARTESIAN_POINT ( 'NONE',  ( -0.7680124966469170644, -8.748155918440721379, 6.000000000000000000 ) ) ;
#4623 = CARTESIAN_POINT ( 'NONE',  ( -1.729598128940863511, -4.910340065828193268, 6.000000000000000888 ) ) ;
#4624 = CARTESIAN_POINT ( 'NONE',  ( 1.684428247439253346, -4.699698587307818087, 5.500000000000000000 ) ) ;
#4625 = CARTESIAN_POINT ( 'NONE',  ( 2.219709014295833338, -3.858124176506576131, 6.000000000000000000 ) ) ;
#4626 = VERTEX_POINT ( 'NONE', #3698 ) ;
#4627 = EDGE_CURVE ( 'NONE', #306, #7782, #68, .T. ) ;
#4628 = CARTESIAN_POINT ( 'NONE',  ( -0.7692307692306845635, -8.801322115384621725, 5.500000000000000000 ) ) ;
#4629 = ORIENTED_EDGE ( 'NONE', *, *, #4509, .T. ) ;
#4630 = DIRECTION ( 'NONE',  ( -6.982962677686265133E-15, 1.000000000000000000, 0.000000000000000000 ) ) ;
#4631 = CARTESIAN_POINT ( 'NONE',  ( -1.728893652486066079, -4.978405171539315610, 6.000000000000000000 ) ) ;
#4632 = CARTESIAN_POINT ( 'NONE',  ( -0.2594013143301329705, -0.2891278636734667118, 2.254564340789526611 ) ) ;
#4633 = DIRECTION ( 'NONE',  ( -6.982962677686265922E-15, -4.876176775795934672E-29, -1.000000000000000000 ) ) ;
#4634 = CARTESIAN_POINT ( 'NONE',  ( 1.727140237337606132, -5.026018209334445430, 5.999999999999999112 ) ) ;
#4635 = FACE_BOUND ( 'NONE', #3872, .T. ) ;
#4636 = EDGE_LOOP ( 'NONE', ( #6100, #1092, #4488, #3116 ) ) ;
#4637 = EDGE_CURVE ( 'NONE', #7514, #2449, #8300, .T. ) ;
#4638 = EDGE_LOOP ( 'NONE', ( #3138, #4224, #6705, #44 ) ) ;
#4639 = CARTESIAN_POINT ( 'NONE',  ( 0.1579298740744360385, -8.666970277227001418, 5.500000000000000888 ) ) ;
#4640 = LINE ( 'NONE', #1350, #2239 ) ;
#4641 = CARTESIAN_POINT ( 'NONE',  ( -39.89999999999982094, -19.50000000000027711, 3.000000000000281108 ) ) ;
#4642 = VERTEX_POINT ( 'NONE', #553 ) ;
#4643 = CARTESIAN_POINT ( 'NONE',  ( 47.00000000000022027, -22.49999999999967315, 4.999999999999673150 ) ) ;
#4644 = ORIENTED_EDGE ( 'NONE', *, *, #4218, .F. ) ;
#4645 = CARTESIAN_POINT ( 'NONE',  ( -0.7692307692306845635, -8.801322115384621725, 5.500000000000000000 ) ) ;
#4646 = CARTESIAN_POINT ( 'NONE',  ( 1.480256007728146361, -11.84858157227839648, 5.999999999999999112 ) ) ;
#4647 = CARTESIAN_POINT ( 'NONE',  ( -2.206954188581440324, -3.865955341757372654, 6.000000000000000000 ) ) ;
#4648 = FACE_BOUND ( 'NONE', #643, .T. ) ;
#4649 = CARTESIAN_POINT ( 'NONE',  ( 3.066744232185262486, 3.252857388543509032, 6.000000000000000000 ) ) ;
#4650 =( LENGTH_UNIT ( ) NAMED_UNIT ( * ) SI_UNIT ( .MILLI., .METRE. ) );
#4651 = EDGE_LOOP ( 'NONE', ( #5459, #4931, #4444, #8489 ) ) ;
#4652 = CARTESIAN_POINT ( 'NONE',  ( -0.05577673652070037208, -7.526380475452828733, 6.000000000000000000 ) ) ;
#4653 = FACE_BOUND ( 'NONE', #3772, .T. ) ;
#4654 = VERTEX_POINT ( 'NONE', #8367 ) ;
#4655 = DIRECTION ( 'NONE',  ( 6.982962677686265922E-15, 4.876176775795934672E-29, 1.000000000000000000 ) ) ;
#4656 = DIRECTION ( 'NONE',  ( 6.982962677686265922E-15, 4.876176775795934672E-29, 1.000000000000000000 ) ) ;
#4657 = ORIENTED_EDGE ( 'NONE', *, *, #5198, .T. ) ;
#4658 = EDGE_CURVE ( 'NONE', #6618, #4843, #2581, .T. ) ;
#4659 = CARTESIAN_POINT ( 'NONE',  ( -0.7692307692306432632, -14.63465544871795210, 5.500000000000000000 ) ) ;
#4660 = CARTESIAN_POINT ( 'NONE',  ( -0.7069070778344852535, -8.343235463022928400, 6.000000000000000888 ) ) ;
#4661 = CARTESIAN_POINT ( 'NONE',  ( -1.443741075481483449, -4.420752606073987678, 5.500000000000000888 ) ) ;
#4662 = DIRECTION ( 'NONE',  ( 0.9640164883807764706, 0.2658424535885801077, 7.888609052210118054E-31 ) ) ;
#4663 = CARTESIAN_POINT ( 'NONE',  ( -0.1851409416627292914, -13.44771552269004644, 6.000000000000000000 ) ) ;
#4664 = ORIENTED_EDGE ( 'NONE', *, *, #2698, .T. ) ;
#4665 = CARTESIAN_POINT ( 'NONE',  ( 1.537591692291900625, -4.498988153061262985, 6.000000000000000888 ) ) ;
#4666 = EDGE_CURVE ( 'NONE', #6433, #409, #4490, .T. ) ;
#4668 = VERTEX_POINT ( 'NONE', #2490 ) ;
#4667 = EDGE_CURVE ( 'NONE', #714, #1872, #4867, .T. ) ;
#4669 = LINE ( 'NONE', #6012, #8380 ) ;
#4670 = DIRECTION ( 'NONE',  ( -7.888609052210119806E-31, -5.605193857299269528E-45, 1.000000000000000000 ) ) ;
#4671 = EDGE_CURVE ( 'NONE', #7802, #6627, #5098, .T. ) ;
#4672 = CARTESIAN_POINT ( 'NONE',  ( 2.626898622862765986, -14.84202413944335319, 5.500000000000000888 ) ) ;
#4673 = DIRECTION ( 'NONE',  ( -1.000000000000000000, -6.308085367188407793E-15, 6.308085367188407793E-15 ) ) ;
#4674 = DIRECTION ( 'NONE',  ( -1.000000000000000000, -6.825260543506556042E-15, 6.982962677686265922E-15 ) ) ;
#4675 = ORIENTED_EDGE ( 'NONE', *, *, #6491, .T. ) ;
#4676 = CIRCLE ( 'NONE', #4275, 3.099999999999998757 ) ;
#4678 = EDGE_CURVE ( 'NONE', #3855, #6653, #2483, .T. ) ;
#4677 = VERTEX_POINT ( 'NONE', #7678 ) ;
#4679 = FILL_AREA_STYLE ('',( #2232 ) ) ;
#4680 = EDGE_CURVE ( 'NONE', #315, #6186, #7038, .T. ) ;
#4681 = AXIS2_PLACEMENT_3D ( 'NONE', #3590, #8052, #7451 ) ;
#4682 = CARTESIAN_POINT ( 'NONE',  ( 3.131316011514059253E-15, 2.799999999999999822, 3.000000000000000000 ) ) ;
#4683 = ORIENTED_EDGE ( 'NONE', *, *, #797, .T. ) ;
#4684 = LINE ( 'NONE', #1433, #1717 ) ;
#4685 = ORIENTED_EDGE ( 'NONE', *, *, #2106, .F. ) ;
#4686 = LINE ( 'NONE', #7310, #5971 ) ;
#4687 = CARTESIAN_POINT ( 'NONE',  ( -1.752915971808918894, 4.918911417633398564, 6.000000000000000000 ) ) ;
#4688 = FACE_OUTER_BOUND ( 'NONE', #2482, .T. ) ;
#4689 = VECTOR ( 'NONE', #2689, 1000.000000000000000 ) ;
#4690 = CARTESIAN_POINT ( 'NONE',  ( 1.699965765326822753, -8.692978377281193048, 6.000000000000000000 ) ) ;
#4691 = AXIS2_PLACEMENT_3D ( 'NONE', #780, #6020, #4119 ) ;
#4692 = DIRECTION ( 'NONE',  ( -0.9782753810969029296, 0.2073096204707087498, -7.888609052210117178E-31 ) ) ;
#4693 = CARTESIAN_POINT ( 'NONE',  ( -2.621689495228384903, -5.156922586263108066, 5.500000000000000000 ) ) ;
#4694 = ORIENTED_EDGE ( 'NONE', *, *, #2594, .F. ) ;
#4695 = CARTESIAN_POINT ( 'NONE',  ( 0.1282051282052131536, -8.869431089743587293, 6.000000000000000000 ) ) ;
#4696 = CARTESIAN_POINT ( 'NONE',  ( 1.619473181055726796, -15.13878759594478041, 6.000000000000000000 ) ) ;
#4697 = LINE ( 'NONE', #2612, #4817 ) ;
#4698 = PLANE ( 'NONE',  #7207 ) ;
#4699 = FACE_OUTER_BOUND ( 'NONE', #956, .T. ) ;
#4700 = CARTESIAN_POINT ( 'NONE',  ( 3.083017875641653305, 2.475961763870305088, 3.000000000000000000 ) ) ;
#4701 = ORIENTED_EDGE ( 'NONE', *, *, #5102, .T. ) ;
#4702 = VECTOR ( 'NONE', #6626, 1000.000000000000000 ) ;
#4703 = CARTESIAN_POINT ( 'NONE',  ( -0.7428130999804779533, -14.32337452005882383, 6.000000000000000000 ) ) ;
#4704 = VECTOR ( 'NONE', #2959, 1000.000000000000000 ) ;
#4705 = DIRECTION ( 'NONE',  ( 0.5207560941095102924, 0.8537055056913986917, 7.888609052210117178E-31 ) ) ;
#4706 = CARTESIAN_POINT ( 'NONE',  ( 1.686201131028890465, -3.512418510459098808, 6.000000000000000000 ) ) ;
#4707 = ORIENTED_EDGE ( 'NONE', *, *, #1011, .F. ) ;
#4708 = CARTESIAN_POINT ( 'NONE',  ( 2.624321920909869821, -9.109507562028253957, 5.500000000000000888 ) ) ;
#4709 = ORIENTED_EDGE ( 'NONE', *, *, #5350, .T. ) ;
#4710 = DIRECTION ( 'NONE',  ( 6.982962677686265922E-15, -1.000000000000000000, 0.000000000000000000 ) ) ;
#4711 = VECTOR ( 'NONE', #6671, 1000.000000000000000 ) ;
#4712 = CARTESIAN_POINT ( 'NONE',  ( -1.533301970205888987, -5.411453734468349985, 5.500000000000000000 ) ) ;
#4713 = CARTESIAN_POINT ( 'NONE',  ( 1.433246906124564291, -16.41505728105040518, 5.999999999999999112 ) ) ;
#4714 = CARTESIAN_POINT ( 'NONE',  ( 2.469242745875042555, 0.9257427439266795455, 2.337413152810805528 ) ) ;
#4715 = CARTESIAN_POINT ( 'NONE',  ( 2.131978951687544033, -6.110797700290708789, 5.500000000000000888 ) ) ;
#4716 = ORIENTED_EDGE ( 'NONE', *, *, #1850, .F. ) ;
#4717 = CIRCLE ( 'NONE', #4440, 3.100000000000000089 ) ;
#4718 = AXIS2_PLACEMENT_3D ( 'NONE', #1529, #8495, #2620 ) ;
#4719 = DIRECTION ( 'NONE',  ( 6.867314445954479045E-15, 4.797243844499407540E-29, 1.000000000000000000 ) ) ;
#4720 = B_SPLINE_CURVE_WITH_KNOTS ( 'NONE', 3,
 ( #1416, #4757, #7379, #7468, #1591, #1503, #4111 ),
 .UNSPECIFIED., .F., .F.,
 ( 4, 1, 1, 1, 4 ),
 ( 0.000000000000000000, 0.2636630635207401485, 0.5231302484245144990, 0.7670950153782087888, 1.000000000000000000 ),
 .UNSPECIFIED. ) ;
#4721 = VECTOR ( 'NONE', #1630, 1000.000000000000000 ) ;
#4722 = ADVANCED_FACE ( 'NONE', ( #7644 ), #1121, .T. ) ;
#4723 = B_SPLINE_SURFACE_WITH_KNOTS ( 'NONE', 3, 1, ( 
 ( #5360, #1314 ),
 ( #7793, #132 ),
 ( #4518, #7144 ),
 ( #1268, #5868 ),
 ( #3935, #7985 ),
 ( #4767, #4167 ),
 ( #6842, #6882 ),
 ( #3571, #5448 ),
 ( #1512, #861 ),
 ( #6746, #2198 ),
 ( #3615, #263 ) ),
 .UNSPECIFIED., .F., .F., .F.,
 ( 4, 1, 1, 1, 1, 1, 1, 1, 4 ),
 ( 2, 2 ),
 ( 0.000000000000000000, 0.1267387867356627451, 0.2498543875258565639, 0.3711825332970605795, 0.4989513846819700338, 0.6267202360668786554, 0.7501017216641029384, 0.8720976360168700703, 1.000000000000000000 ),
 ( 0.000000000000000000, 1.000000000000000000 ),
 .UNSPECIFIED. ) ;
#4724 = VECTOR ( 'NONE', #8067, 1000.000000000000000 ) ;
#4725 = EDGE_CURVE ( 'NONE', #7362, #6881, #5378, .T. ) ;
#4726 = FACE_OUTER_BOUND ( 'NONE', #5995, .T. ) ;
#4727 = ORIENTED_EDGE ( 'NONE', *, *, #4001, .T. ) ;
#4728 = ORIENTED_EDGE ( 'NONE', *, *, #221, .T. ) ;
#4729 = FACE_OUTER_BOUND ( 'NONE', #5725, .T. ) ;
#4730 = CARTESIAN_POINT ( 'NONE',  ( 1.141788228449505338, -4.279662521569812306, 5.500000000000000888 ) ) ;
#4731 = VECTOR ( 'NONE', #3030, 1000.000000000000000 ) ;
#4732 = EDGE_CURVE ( 'NONE', #5053, #3234, #1308, .T. ) ;
#4733 = CARTESIAN_POINT ( 'NONE',  ( 12.45000000000018403, -22.49999999999991118, 2.999999999999997335 ) ) ;
#4734 = AXIS2_PLACEMENT_3D ( 'NONE', #2026, #685, #3303 ) ;
#4735 = EDGE_CURVE ( 'NONE', #4330, #5871, #241, .T. ) ;
#4736 = DIRECTION ( 'NONE',  ( -7.077583958194091691E-15, -4.941355144153543820E-29, -1.000000000000000000 ) ) ;
#4737 = CIRCLE ( 'NONE', #226, 3.100000000000001865 ) ;
#4738 = FACE_BOUND ( 'NONE', #3107, .T. ) ;
#4739 = CARTESIAN_POINT ( 'NONE',  ( -2.621689495228384903, -5.156922586263108066, 5.999999999999999112 ) ) ;
#4740 = ORIENTED_EDGE ( 'NONE', *, *, #6625, .F. ) ;
#4741 = CARTESIAN_POINT ( 'NONE',  ( 2.626608055058677671, -8.900409650328676037, 5.500000000000000888 ) ) ;
#4742 = LINE ( 'NONE', #8093, #484 ) ;
#4743 = CARTESIAN_POINT ( 'NONE',  ( -1.638412643883273345, -4.618460859050371070, 5.500000000000000000 ) ) ;
#4744 = CARTESIAN_POINT ( 'NONE',  ( -61.00000000000000711, 5.299999999999573497, 4.155523824830011491E-13 ) ) ;
#4745 = CARTESIAN_POINT ( 'NONE',  ( 0.8291676095855388118, -4.204415329704998427, 5.999999999999999112 ) ) ;
#4746 = FACE_OUTER_BOUND ( 'NONE', #7569, .T. ) ;
#4747 = ORIENTED_EDGE ( 'NONE', *, *, #4257, .F. ) ;
#4748 = B_SPLINE_CURVE_WITH_KNOTS ( 'NONE', 3,
 ( #99, #700, #7867, #7235, #6587, #1264, #4645 ),
 .UNSPECIFIED., .F., .F.,
 ( 4, 1, 1, 1, 4 ),
 ( 0.000000000000000000, 0.2636630635207401485, 0.5231302484245144990, 0.7670950153782087888, 1.000000000000000000 ),
 .UNSPECIFIED. ) ;
#4749 = CARTESIAN_POINT ( 'NONE',  ( 0.08150322895408114443, -13.28455485334019315, 6.000000000000000000 ) ) ;
#4750 = CARTESIAN_POINT ( 'NONE',  ( 43.78102496759087359, -22.49999999999969802, 2.999999999999700240 ) ) ;
#4751 = CARTESIAN_POINT ( 'NONE',  ( -1.680727110157556714, -4.692613845487351831, 5.500000000000000888 ) ) ;
#4752 = CARTESIAN_POINT ( 'NONE',  ( 3.131316011514062409E-15, 2.799999999999999822, 1.000000000000000000 ) ) ;
#4753 = CARTESIAN_POINT ( 'NONE',  ( 2.298443768346371208, -3.941204757701495698, 6.000000000000000000 ) ) ;
#4754 = EDGE_LOOP ( 'NONE', ( #7885, #3954, #6752, #6136 ) ) ;
#4755 = LINE ( 'NONE', #121, #5717 ) ;
#4756 = ORIENTED_EDGE ( 'NONE', *, *, #2306, .F. ) ;
#4757 = CARTESIAN_POINT ( 'NONE',  ( -0.7285882378181716135, -9.084207005804646684, 6.000000000000000000 ) ) ;
#4758 = CARTESIAN_POINT ( 'NONE',  ( -1.371161179736037683, -6.489385079046153137, 6.000000000000000000 ) ) ;
#4759 = B_SPLINE_CURVE_WITH_KNOTS ( 'NONE', 3,
 ( #759, #8449, #2043, #4015, #2656, #5211, #5999 ),
 .UNSPECIFIED., .F., .F.,
 ( 4, 1, 1, 1, 4 ),
 ( 0.000000000000000000, 0.2636630635207401485, 0.5231302484245144990, 0.7670950153782087888, 1.000000000000000000 ),
 .UNSPECIFIED. ) ;
#4760 = CARTESIAN_POINT ( 'NONE',  ( -53.90000000000002700, 7.299999999999624123, 3.659733474714287438E-13 ) ) ;
#4761 = CARTESIAN_POINT ( 'NONE',  ( 1.317358923961507111, -15.40817751730939733, 5.500000000000000000 ) ) ;
#4762 = ORIENTED_EDGE ( 'NONE', *, *, #5248, .F. ) ;
#4763 = PLANE ( 'NONE',  #3776 ) ;
#4764 = DIRECTION ( 'NONE',  ( -0.08049497598738737658, 0.9967550144548006363, -9.860761315262646473E-32 ) ) ;
#4765 = VERTEX_POINT ( 'NONE', #4059 ) ;
#4766 = DIRECTION ( 'NONE',  ( -6.982962677686265133E-15, 1.000000000000000000, 0.000000000000000000 ) ) ;
#4767 = CARTESIAN_POINT ( 'NONE',  ( 2.406055790313988307, -12.12780954782422960, 5.500000000000000888 ) ) ;
#4768 = CARTESIAN_POINT ( 'NONE',  ( 0.6445262415351220575, -0.2322575622747828084, 2.255915264206802995 ) ) ;
#4769 = CARTESIAN_POINT ( 'NONE',  ( 2.580482831287447265, -15.23450874511714126, 5.500000000000000000 ) ) ;
#4770 = CARTESIAN_POINT ( 'NONE',  ( -0.06180129879206130994, -6.644001139827767410, 5.500000000000000000 ) ) ;
#4771 = ORIENTED_EDGE ( 'NONE', *, *, #5683, .T. ) ;
#4772 = FACE_OUTER_BOUND ( 'NONE', #1839, .T. ) ;
#4773 = FACE_OUTER_BOUND ( 'NONE', #7309, .T. ) ;
#4774 = EDGE_CURVE ( 'NONE', #8285, #4017, #4742, .T. ) ;
#4775 = CARTESIAN_POINT ( 'NONE',  ( 0.08280889828486702464, -3.247913417432376271, 5.500000000000000000 ) ) ;
#4776 = EDGE_CURVE ( 'NONE', #5750, #4654, #7450, .T. ) ;
#4777 = CARTESIAN_POINT ( 'NONE',  ( 1.315310803901099890, -8.263837757759411318, 6.000000000000000000 ) ) ;
#4778 = ADVANCED_FACE ( 'NONE', ( #795 ), #2901, .F. ) ;
#4779 = EDGE_CURVE ( 'NONE', #4941, #1679, #4134, .T. ) ;
#4780 = FACE_OUTER_BOUND ( 'NONE', #1290, .T. ) ;
#4781 = ORIENTED_EDGE ( 'NONE', *, *, #3179, .T. ) ;
#4782 = DIRECTION ( 'NONE',  ( -7.888609052210118054E-31, -5.605193857299268284E-45, 1.000000000000000000 ) ) ;
#4783 = DIRECTION ( 'NONE',  ( -7.888609052210118054E-31, -5.605193857299268284E-45, 1.000000000000000000 ) ) ;
#4784 = LINE ( 'NONE', #1576, #2543 ) ;
#4785 = FACE_OUTER_BOUND ( 'NONE', #1737, .T. ) ;
#4786 = CARTESIAN_POINT ( 'NONE',  ( 2.405971266291876187, -11.35334503502793879, 5.500000000000000888 ) ) ;
#4787 = CARTESIAN_POINT ( 'NONE',  ( 0.08013744626672442140, -4.145710561671123173, 5.500000000000000000 ) ) ;
#4788 = CARTESIAN_POINT ( 'NONE',  ( 0.7132979613540875174, -13.12333612495073076, 6.000000000000000000 ) ) ;
#4789 = CARTESIAN_POINT ( 'NONE',  ( 0.08150322895404027435, -7.451221520006853005, 5.500000000000000000 ) ) ;
#4790 = LINE ( 'NONE', #7412, #3370 ) ;
#4791 = CARTESIAN_POINT ( 'NONE',  ( 1.619473181055685052, -9.305454262611450034, 5.500000000000000888 ) ) ;
#4792 = CARTESIAN_POINT ( 'NONE',  ( 1.699965765326864275, -14.52631171061453053, 5.500000000000000000 ) ) ;
#4793 = EDGE_LOOP ( 'NONE', ( #3575, #5832, #7103, #6392 ) ) ;
#4794 = CARTESIAN_POINT ( 'NONE',  ( 1.713745292340331794, -10.47284741570929079, 5.500000000000000000 ) ) ;
#4795 = ORIENTED_EDGE ( 'NONE', *, *, #1331, .F. ) ;
#4796 = CARTESIAN_POINT ( 'NONE',  ( 0.002003205128251001922, -3.247435897435900110, 5.500000000000000000 ) ) ;
#4797 = PRODUCT_DEFINITION_SHAPE ( 'NONE', 'NONE',  #3113 ) ;
#4798 = CARTESIAN_POINT ( 'NONE',  ( -0.5764824686905981599, -5.724718118872326400, 6.000000000000000000 ) ) ;
#4799 = LINE ( 'NONE', #7422, #5410 ) ;
#4800 = DIRECTION ( 'NONE',  ( -0.2022968521692459498, -0.9793242484501312184, -1.972152263052529951E-31 ) ) ;
#4801 = ORIENTED_EDGE ( 'NONE', *, *, #7354, .T. ) ;
#4802 = DIRECTION ( 'NONE',  ( -6.961935726462304815E-15, -4.861825333742020699E-29, -1.000000000000000000 ) ) ;
#4803 = CARTESIAN_POINT ( 'NONE',  ( 1.101823124038279644, -6.564635932794629092, 5.500000000000000000 ) ) ;
#4804 = VERTEX_POINT ( 'NONE', #933 ) ;
#4805 = CARTESIAN_POINT ( 'NONE',  ( -42.99999999999984368, -19.50000000000029843, 3.002673951405092918E-13 ) ) ;
#4806 = AXIS2_PLACEMENT_3D ( 'NONE', #2327, #1634, #295 ) ;
#4807 = CARTESIAN_POINT ( 'NONE',  ( 0.5169831148199649506, -0.2565877149185573081, 2.261978873243720933 ) ) ;
#4808 = CARTESIAN_POINT ( 'NONE',  ( 0.1726739287055863437, 5.544573503177748108, 2.261978873243721821 ) ) ;
#4809 = ORIENTED_EDGE ( 'NONE', *, *, #3745, .F. ) ;
#4810 = AXIS2_PLACEMENT_3D ( 'NONE', #7123, #3822, #8368 ) ;
#4811 = LINE ( 'NONE', #3402, #6644 ) ;
#4812 = ORIENTED_EDGE ( 'NONE', *, *, #3837, .T. ) ;
#4813 = CARTESIAN_POINT ( 'NONE',  ( -42.99999999999982236, -19.50000000000029843, 3.000000000000302869 ) ) ;
#4814 = FACE_BOUND ( 'NONE', #6681, .T. ) ;
#4815 = ORIENTED_EDGE ( 'NONE', *, *, #915, .T. ) ;
#4816 = CARTESIAN_POINT ( 'NONE',  ( 2.483728201859391138, -4.220407334013192013, 5.500000000000000000 ) ) ;
#4817 = VECTOR ( 'NONE', #2573, 1000.000000000000000 ) ;
#4818 = CARTESIAN_POINT ( 'NONE',  ( 1.718325709722916983, -8.761402547277144848, 6.000000000000000000 ) ) ;
#4819 = EDGE_CURVE ( 'NONE', #495, #4531, #6588, .T. ) ;
#4820 = LINE ( 'NONE', #7446, #6771 ) ;
#4821 = VERTEX_POINT ( 'NONE', #6683 ) ;
#4822 = CARTESIAN_POINT ( 'NONE',  ( 0.1282051282052131536, -8.869431089743587293, 5.500000000000000888 ) ) ;
#4823 = CARTESIAN_POINT ( 'NONE',  ( 1.728309638461676068, -4.855944966455037815, 6.000000000000000000 ) ) ;
#4824 = DIRECTION ( 'NONE',  ( 1.000000000000000000, 6.825260543506556042E-15, -7.025016580134188924E-15 ) ) ;
#4825 = AXIS2_PLACEMENT_3D ( 'NONE', #6249, #2429, #6936 ) ;
#4826 = PLANE ( 'NONE',  #4681 ) ;
#4827 = DIRECTION ( 'NONE',  ( 0.5207560941095343843, -0.8537055056913840367, 7.888609052210118054E-31 ) ) ;
#4828 = CARTESIAN_POINT ( 'NONE',  ( -2.214865306861645511, 0.6310436444085237850, 3.000000000000000000 ) ) ;
#4829 = DIRECTION ( 'NONE',  ( 1.000000000000000000, 6.888341397178440152E-15, -6.982962677686265922E-15 ) ) ;
#4830 = ORIENTED_EDGE ( 'NONE', *, *, #7466, .F. ) ;
#4831 = VECTOR ( 'NONE', #3265, 1000.000000000000000 ) ;
#4832 = ADVANCED_FACE ( 'NONE', ( #5468 ), #6763, .F. ) ;
#4833 = CARTESIAN_POINT ( 'NONE',  ( 0.8292723943247939378, -13.12061737922894444, 6.000000000000000000 ) ) ;
#4834 = EDGE_CURVE ( 'NONE', #4047, #3290, #1490, .T. ) ;
#4835 = CARTESIAN_POINT ( 'NONE',  ( 0.5433044292088131666, -7.310164966627487715, 5.500000000000000888 ) ) ;
#4836 = CARTESIAN_POINT ( 'NONE',  ( 3.131316011514056098E-15, 2.799999999999999822, 6.000000000000000000 ) ) ;
#4837 = CARTESIAN_POINT ( 'NONE',  ( -1.605883729056722276, 5.451629206497557334, 6.000000000000000000 ) ) ;
#4838 = DIRECTION ( 'NONE',  ( 1.000000000000000000, 7.178166107490237014E-15, 0.000000000000000000 ) ) ;
#4839 = ORIENTED_EDGE ( 'NONE', *, *, #7714, .F. ) ;
#4840 = CARTESIAN_POINT ( 'NONE',  ( 2.614182998674241531, -5.196239236740053613, 5.500000000000000888 ) ) ;
#4841 = SURFACE_SIDE_STYLE ('',( #2965 ) ) ;
#4842 = VECTOR ( 'NONE', #450, 1000.000000000000000 ) ;
#4843 = VERTEX_POINT ( 'NONE', #832 ) ;
#4844 = DIRECTION ( 'NONE',  ( -7.888609052210118054E-31, -5.605193857299268284E-45, 1.000000000000000000 ) ) ;
#4845 = CARTESIAN_POINT ( 'NONE',  ( -0.7087255150782174606, -5.710452864953973418, 6.000000000000000000 ) ) ;
#4846 = VECTOR ( 'NONE', #5373, 1000.000000000000114 ) ;
#4847 = DIRECTION ( 'NONE',  ( -6.982962677686265922E-15, -4.876176775795934672E-29, -1.000000000000000000 ) ) ;
#4848 = LINE ( 'NONE', #350, #7624 ) ;
#4849 = ORIENTED_EDGE ( 'NONE', *, *, #757, .F. ) ;
#4850 = DIRECTION ( 'NONE',  ( -1.000000000000000000, -6.982962677686265922E-15, -7.888609052210118054E-31 ) ) ;
#4851 = CARTESIAN_POINT ( 'NONE',  ( 0.04907852564109516091, -6.644871794871797910, 5.500000000000000888 ) ) ;
#4852 = ORIENTED_EDGE ( 'NONE', *, *, #4204, .F. ) ;
#4853 = ORIENTED_EDGE ( 'NONE', *, *, #6713, .F. ) ;
#4854 = PLANE ( 'NONE',  #4336 ) ;
#4855 = CARTESIAN_POINT ( 'NONE',  ( -1.170893051803975293, 5.288274394281541113, 2.267306776996588003 ) ) ;
#4856 = VECTOR ( 'NONE', #4997, 1000.000000000000000 ) ;
#4857 = DIRECTION ( 'NONE',  ( -7.888609052210118054E-31, -5.605193857299268284E-45, 1.000000000000000000 ) ) ;
#4858 = EDGE_LOOP ( 'NONE', ( #7982, #6247, #3824, #2669 ) ) ;
#4859 = AXIS2_PLACEMENT_3D ( 'NONE', #374, #5467, #5560 ) ;
#4860 = CARTESIAN_POINT ( 'NONE',  ( 2.347463941177844848, -13.85981260498944145, 6.000000000000000000 ) ) ;
#4861 = AXIS2_PLACEMENT_3D ( 'NONE', #7697, #6212, #1141 ) ;
#4862 = ORIENTED_EDGE ( 'NONE', *, *, #4776, .F. ) ;
#4863 = DIRECTION ( 'NONE',  ( -7.888609052210119806E-31, -5.605193857299269528E-45, 1.000000000000000000 ) ) ;
#4864 = ORIENTED_EDGE ( 'NONE', *, *, #5407, .F. ) ;
#4865 = CARTESIAN_POINT ( 'NONE',  ( -0.7211538461537183586, -14.94415064102564372, 6.000000000000000000 ) ) ;
#4866 = VECTOR ( 'NONE', #6641, 1000.000000000000114 ) ;
#4867 = CIRCLE ( 'NONE', #1991, 3.099999999999998757 ) ;
#4868 = CARTESIAN_POINT ( 'NONE',  ( -60.99999999999998579, 5.299999999999573497, 2.500000000000414335 ) ) ;
#4869 = CARTESIAN_POINT ( 'NONE',  ( -0.7692307692306845635, -8.801322115384621725, 6.000000000000000000 ) ) ;
#4870 = VERTEX_POINT ( 'NONE', #2823 ) ;
#4871 = FACE_BOUND ( 'NONE', #2242, .T. ) ;
#4872 = DIRECTION ( 'NONE',  ( -6.982962677686265133E-15, 1.000000000000000000, 0.000000000000000000 ) ) ;
#4873 = VECTOR ( 'NONE', #3667, 1000.000000000000114 ) ;
#4874 = CARTESIAN_POINT ( 'NONE',  ( 1.385975296699152537, -15.37174766144695504, 6.000000000000000000 ) ) ;
#4875 = AXIS2_PLACEMENT_3D ( 'NONE', #4290, #6919, #8160 ) ;
#4876 = LINE ( 'NONE', #6861, #8392 ) ;
#4877 = DIRECTION ( 'NONE',  ( -0.4096521052251916872, -0.9122418279626124393, -3.944304526105059027E-31 ) ) ;
#4878 = CARTESIAN_POINT ( 'NONE',  ( 1.141788228449505338, -4.279662521569812306, 6.000000000000000000 ) ) ;
#4879 = CARTESIAN_POINT ( 'NONE',  ( -1.427300638446920678, -5.493493243755562361, 5.500000000000000000 ) ) ;
#4880 = CIRCLE ( 'NONE', #8030, 3.099999999999998757 ) ;
#4881 = CARTESIAN_POINT ( 'NONE',  ( 1.712259564100237830, -11.28270605706520691, 6.000000000000000000 ) ) ;
#4882 = CARTESIAN_POINT ( 'NONE',  ( 2.025603872369316605, 5.146684672520456694, 3.000000000000000000 ) ) ;
#4883 = CARTESIAN_POINT ( 'NONE',  ( 0.2275522840423961357, -7.391442685406629742, 6.000000000000000000 ) ) ;
#4884 = LINE ( 'NONE', #4280, #6243 ) ;
#4885 = DIRECTION ( 'NONE',  ( -0.5207560941095344953, 0.8537055056913840367, -7.888609052210118054E-31 ) ) ;
#4886 = CARTESIAN_POINT ( 'NONE',  ( 2.469242745874988820, 4.674257256073390820, 2.337413152810810857 ) ) ;
#4887 = VERTEX_POINT ( 'NONE', #2216 ) ;
#4888 = CARTESIAN_POINT ( 'NONE',  ( 2.539957668225749199, -9.538255072770970955, 6.000000000000000000 ) ) ;
#4889 = FACE_BOUND ( 'NONE', #5689, .T. ) ;
#4890 = ORIENTED_EDGE ( 'NONE', *, *, #7409, .T. ) ;
#4891 = ADVANCED_FACE ( 'NONE', ( #4232 ), #5427, .T. ) ;
#4892 = CARTESIAN_POINT ( 'NONE',  ( 1.480256007728146361, -11.84858157227839648, 6.000000000000000000 ) ) ;
#4893 = EDGE_CURVE ( 'NONE', #4570, #98, #4784, .T. ) ;
#4894 = CARTESIAN_POINT ( 'NONE',  ( -9.550000000000132161, 22.49999999999993960, 3.000000000000000000 ) ) ;
#4895 = CARTESIAN_POINT ( 'NONE',  ( 43.00000000000018474, -19.49999999999969802, 2.999999999999706013 ) ) ;
#4896 = VERTEX_POINT ( 'NONE', #6125 ) ;
#4897 = ORIENTED_EDGE ( 'NONE', *, *, #4257, .T. ) ;
#4898 = EDGE_CURVE ( 'NONE', #6897, #1352, #4188, .T. ) ;
#4899 = CARTESIAN_POINT ( 'NONE',  ( 0.9482456716279732412, -7.287581841992681220, 6.000000000000000000 ) ) ;
#4900 = CARTESIAN_POINT ( 'NONE',  ( 0.2981557378202767672, -8.433243599184757855, 6.000000000000000000 ) ) ;
#4901 = EDGE_LOOP ( 'NONE', ( #1606, #4956, #8297, #6115 ) ) ;
#4902 = ORIENTED_EDGE ( 'NONE', *, *, #5042, .T. ) ;
#4903 = DIRECTION ( 'NONE',  ( -0.7984567285931213343, -0.6020522008633227840, -7.888609052210117178E-31 ) ) ;
#4904 = CARTESIAN_POINT ( 'NONE',  ( -0.7686358029449402718, -14.65905624294121701, 5.500000000000000000 ) ) ;
#4905 = FACE_OUTER_BOUND ( 'NONE', #2604, .T. ) ;
#4906 = ORIENTED_EDGE ( 'NONE', *, *, #1754, .F. ) ;
#4907 = DIRECTION ( 'NONE',  ( -7.888609052210118054E-31, -5.605193857299268284E-45, 1.000000000000000000 ) ) ;
#4908 = VERTEX_POINT ( 'NONE', #972 ) ;
#4909 = ORIENTED_EDGE ( 'NONE', *, *, #6455, .F. ) ;
#4910 = CARTESIAN_POINT ( 'NONE',  ( 46.99999999999986500, 23.70000000000032969, -3.281992458512547626E-13 ) ) ;
#4911 = CARTESIAN_POINT ( 'NONE',  ( -2.524625938003435266, -4.356244603530224246, 6.000000000000000000 ) ) ;
#4912 = EDGE_LOOP ( 'NONE', ( #3523, #3475, #1320, #7016 ) ) ;
#4913 = DIRECTION ( 'NONE',  ( -0.9998424674825473479, 0.01774937233851449359, -7.888609052210117178E-31 ) ) ;
#4914 = ORIENTED_EDGE ( 'NONE', *, *, #5632, .T. ) ;
#4915 = DIRECTION ( 'NONE',  ( 6.867314445954479834E-15, 4.797243844499408100E-29, 1.000000000000000000 ) ) ;
#4916 = CARTESIAN_POINT ( 'NONE',  ( 1.711597901696619850, -4.775640344237395141, 6.000000000000000000 ) ) ;
#4917 = CARTESIAN_POINT ( 'NONE',  ( 0.9485465016126524151, -14.01714956324859962, 6.000000000000000000 ) ) ;
#4918 = DIRECTION ( 'NONE',  ( 1.000000000000000000, 6.982962677686265922E-15, 7.888609052210118054E-31 ) ) ;
#4919 = FACE_BOUND ( 'NONE', #6522, .T. ) ;
#4920 = CARTESIAN_POINT ( 'NONE',  ( -2.728315428614805693, 2.455333607698125142, 6.000000000000000000 ) ) ;
#4921 = CARTESIAN_POINT ( 'NONE',  ( 1.378369055473261273, 5.576706456742188678, 6.000000000000000000 ) ) ;
#4922 = VERTEX_POINT ( 'NONE', #6167 ) ;
#4923 = DIRECTION ( 'NONE',  ( -6.982962677686265133E-15, 1.000000000000000000, 0.000000000000000000 ) ) ;
#4924 = CARTESIAN_POINT ( 'NONE',  ( 0.08150322895408114443, -13.28455485334019315, 5.500000000000000000 ) ) ;
#4925 = CARTESIAN_POINT ( 'NONE',  ( 1.010667977848346055, -5.662546407983636954, 5.500000000000000888 ) ) ;
#4926 = FACE_OUTER_BOUND ( 'NONE', #1187, .T. ) ;
#4927 = LINE ( 'NONE', #7548, #8265 ) ;
#4928 = FACE_OUTER_BOUND ( 'NONE', #4793, .T. ) ;
#4929 = ORIENTED_EDGE ( 'NONE', *, *, #1743, .T. ) ;
#4930 =( NAMED_UNIT ( * ) PLANE_ANGLE_UNIT ( ) SI_UNIT ( $, .RADIAN. ) );
#4931 = ORIENTED_EDGE ( 'NONE', *, *, #380, .F. ) ;
#4932 = CARTESIAN_POINT ( 'NONE',  ( -1.666666666666592134, -7.350000000000012079, 6.000000000000000000 ) ) ;
#4933 = FACE_OUTER_BOUND ( 'NONE', #8244, .T. ) ;
#4934 = EDGE_LOOP ( 'NONE', ( #7179, #1740, #4030, #8020 ) ) ;
#4935 = CARTESIAN_POINT ( 'NONE',  ( 1.477005619848434925, -15.30239437320561180, 5.999999999999999112 ) ) ;
#4936 = EDGE_LOOP ( 'NONE', ( #1464, #8478, #3328, #3485 ) ) ;
#4937 = ADVANCED_FACE ( 'NONE', ( #281 ), #3589, .F. ) ;
#4938 = LINE ( 'NONE', #6837, #202 ) ;
#4939 = ADVANCED_FACE ( 'NONE', ( #2393 ), #7660, .T. ) ;
#4940 = FACE_BOUND ( 'NONE', #871, .T. ) ;
#4941 = VERTEX_POINT ( 'NONE', #8313 ) ;
#4942 = ORIENTED_EDGE ( 'NONE', *, *, #4041, .F. ) ;
#4943 = EDGE_CURVE ( 'NONE', #7983, #7745, #4999, .T. ) ;
#4944 = CARTESIAN_POINT ( 'NONE',  ( -24.00000000000033751, 23.69999999999983231, -22.49999999999983302 ) ) ;
#4945 = ORIENTED_EDGE ( 'NONE', *, *, #4725, .T. ) ;
#4946 = CARTESIAN_POINT ( 'NONE',  ( 1.395490816192776279E-14, 1.250000000000000444, 6.000000000000000000 ) ) ;
#4947 =( NAMED_UNIT ( * ) PLANE_ANGLE_UNIT ( ) SI_UNIT ( $, .RADIAN. ) );
#4948 = EDGE_CURVE ( 'NONE', #7527, #7033, #3029, .T. ) ;
#4949 = ORIENTED_EDGE ( 'NONE', *, *, #1163, .F. ) ;
#4950 = VERTEX_POINT ( 'NONE', #2468 ) ;
#4951 = CARTESIAN_POINT ( 'NONE',  ( -16.99999999999979039, -22.50000000000011724, 5.000000000000123457 ) ) ;
#4952 = ADVANCED_FACE ( 'NONE', ( #2351, #6379, #2945 ), #6978, .F. ) ;
#4953 = B_SPLINE_CURVE_WITH_KNOTS ( 'NONE', 3,
 ( #7990, #5942, #7306, #3400, #4769, #2157, #3358, #135, #7389, #1514, #3966, #6583, #695, #7908, #228, #1474, #2724, #5363, #2762 ),
 .UNSPECIFIED., .F., .F.,
 ( 4, 1, 1, 1, 1, 1, 1, 1, 1, 1, 1, 1, 1, 1, 1, 1, 4 ),
 ( 0.000000000000000000, 0.06593481762567698912, 0.1300372587941651947, 0.1923620702496511292, 0.2538195214289182267, 0.3141994357375422764, 0.3746698781567776027, 0.4351541180379872031, 0.4964786684939703765, 0.5578092661396401031, 0.6190309229821123749, 0.6796911875192903629, 0.7409612864102639307, 0.8033752905051766424, 0.8668176884999613252, 0.9323179771745061517, 1.000000000000000000 ),
 .UNSPECIFIED. ) ;
#4954 = VECTOR ( 'NONE', #690, 1000.000000000000000 ) ;
#4955 = CARTESIAN_POINT ( 'NONE',  ( 1.730769230769288347, -4.939142628205118513, 6.000000000000000000 ) ) ;
#4956 = ORIENTED_EDGE ( 'NONE', *, *, #2600, .F. ) ;
#4957 = CARTESIAN_POINT ( 'NONE',  ( 1.317358923961465367, -9.574844183976063405, 6.000000000000000000 ) ) ;
#4958 = ORIENTED_EDGE ( 'NONE', *, *, #4313, .T. ) ;
#4959 = CARTESIAN_POINT ( 'NONE',  ( 1.473523686192287574, 0.4780982048694860098, 3.000000000000000000 ) ) ;
#4960 = CARTESIAN_POINT ( 'NONE',  ( 1.729838404953075948, -14.71509203922313880, 6.000000000000000000 ) ) ;
#4961 = DIRECTION ( 'NONE',  ( 7.888609052210118054E-31, 5.508586259044128230E-45, -1.000000000000000000 ) ) ;
#4962 = CARTESIAN_POINT ( 'NONE',  ( 2.628205128205213903, -8.957572115384596856, 5.500000000000000888 ) ) ;
#4963 = VECTOR ( 'NONE', #3699, 1000.000000000000114 ) ;
#4964 = CARTESIAN_POINT ( 'NONE',  ( 1.909014659751050003, -11.20136439963104280, 6.000000000000000888 ) ) ;
#4965 = CIRCLE ( 'NONE', #5929, 4.000000000000000000 ) ;
#4966 = CARTESIAN_POINT ( 'NONE',  ( 2.628205128205213903, -8.957572115384596856, 6.000000000000000000 ) ) ;
#4967 = DIRECTION ( 'NONE',  ( -0.6973780030909865202, 0.7167035096919981418, -7.888609052210118054E-31 ) ) ;
#4968 = FACE_OUTER_BOUND ( 'NONE', #3782, .T. ) ;
#4969 = DIRECTION ( 'NONE',  ( -6.982962677686265133E-15, 1.000000000000000000, 0.000000000000000000 ) ) ;
#4970 = VERTEX_POINT ( 'NONE', #7540 ) ;
#4971 = VERTEX_POINT ( 'NONE', #2314 ) ;
#4972 = DIRECTION ( 'NONE',  ( 0.7817057376164719962, 0.6236474483051200890, 7.888609052210119806E-31 ) ) ;
#4973 = VECTOR ( 'NONE', #2385, 1000.000000000000000 ) ;
#4974 = FACE_OUTER_BOUND ( 'NONE', #6200, .T. ) ;
#4975 = CARTESIAN_POINT ( 'NONE',  ( 0.1311058630887069754, -8.945877979413715764, 6.000000000000000000 ) ) ;
#4976 = LINE ( 'NONE', #7424, #8298 ) ;
#4977 = VECTOR ( 'NONE', #1607, 1000.000000000000000 ) ;
#4978 = CARTESIAN_POINT ( 'NONE',  ( 1.730769230769316103, -8.906490384615372236, 5.500000000000000000 ) ) ;
#4979 = CARTESIAN_POINT ( 'NONE',  ( 0.9194711538462342348, -8.183333333333326465, 6.000000000000000000 ) ) ;
#4980 = EDGE_LOOP ( 'NONE', ( #7055, #3981 ) ) ;
#4981 = VERTEX_POINT ( 'NONE', #6296 ) ;
#4982 = CARTESIAN_POINT ( 'NONE',  ( 0.4477163461539355738, -9.459374999999997868, 6.000000000000000000 ) ) ;
#4983 = AXIS2_PLACEMENT_3D ( 'NONE', #6492, #1417, #5273 ) ;
#4984 = CARTESIAN_POINT ( 'NONE',  ( -2.499999999999909406, -9.626642628205145158, 6.000000000000000000 ) ) ;
#4985 = VERTEX_POINT ( 'NONE', #1709 ) ;
#4986 = CARTESIAN_POINT ( 'NONE',  ( -2.214865306861645955, 0.6310436444085244512, 6.000000000000000000 ) ) ;
#4987 = PRESENTATION_STYLE_ASSIGNMENT (( #2304 ) ) ;
#4988 = ORIENTED_EDGE ( 'NONE', *, *, #8348, .T. ) ;
#4989 = EDGE_CURVE ( 'NONE', #8184, #6514, #3719, .T. ) ;
#4990 = CIRCLE ( 'NONE', #2670, 3.100000000000000089 ) ;
#4991 = ORIENTED_EDGE ( 'NONE', *, *, #7927, .T. ) ;
#4992 = CARTESIAN_POINT ( 'NONE',  ( 0.4477163461539767075, -15.29270833333332824, 5.500000000000000000 ) ) ;
#4993 = ADVANCED_FACE ( 'NONE', ( #454 ), #1748, .F. ) ;
#4994 = EDGE_CURVE ( 'NONE', #2494, #1124, #4390, .T. ) ;
#4995 = LINE ( 'NONE', #8266, #3617 ) ;
#4996 = EDGE_LOOP ( 'NONE', ( #2070, #5014, #1348, #3753 ) ) ;
#4997 = DIRECTION ( 'NONE',  ( 1.000000000000000000, 6.867314445954479045E-15, 7.888609052210118054E-31 ) ) ;
#4998 = ORIENTED_EDGE ( 'NONE', *, *, #4096, .T. ) ;
#4999 = LINE ( 'NONE', #4355, #6383 ) ;
#5000 = EDGE_CURVE ( 'NONE', #4531, #1609, #5434, .T. ) ;
#5001 = DIRECTION ( 'NONE',  ( -7.888609052210118054E-31, -5.605193857299268284E-45, 1.000000000000000000 ) ) ;
#5002 = VECTOR ( 'NONE', #286, 1000.000000000000000 ) ;
#5003 = CARTESIAN_POINT ( 'NONE',  ( 0.2535032513423021716, -9.244001944939199689, 5.500000000000000000 ) ) ;
#5004 = CARTESIAN_POINT ( 'NONE',  ( 0.5169831148199648396, -0.2565877149185573081, 3.000000000000000000 ) ) ;
#5005 = AXIS2_PLACEMENT_3D ( 'NONE', #8006, #4824, #7366 ) ;
#5006 = CYLINDRICAL_SURFACE ( 'NONE', #3069, 3.100000000000000089 ) ;
#5007 = VECTOR ( 'NONE', #509, 1000.000000000000227 ) ;
#5008 = VECTOR ( 'NONE', #5582, 1000.000000000000000 ) ;
#5009 = CARTESIAN_POINT ( 'NONE',  ( 2.626898622862724242, -9.008690806110021043, 6.000000000000000000 ) ) ;
#5010 = DIRECTION ( 'NONE',  ( -6.982962677686265922E-15, -4.876176775795934672E-29, -1.000000000000000000 ) ) ;
#5011 = DIRECTION ( 'NONE',  ( -7.888609052210118054E-31, -5.605193857299268284E-45, 1.000000000000000000 ) ) ;
#5012 = CARTESIAN_POINT ( 'NONE',  ( -20.99999999999984723, -19.50000000000014211, 1.466422162314114747E-13 ) ) ;
#5013 = DIRECTION ( 'NONE',  ( -6.982962677686265922E-15, 1.000000000000000000, 0.000000000000000000 ) ) ;
#5014 = ORIENTED_EDGE ( 'NONE', *, *, #957, .F. ) ;
#5015 = CARTESIAN_POINT ( 'NONE',  ( -2.985803957072745707, 3.633651443907292666, 6.000000000000000000 ) ) ;
#5016 = EDGE_LOOP ( 'NONE', ( #1697, #1745, #1281, #1508 ) ) ;
#5017 = VECTOR ( 'NONE', #2422, 1000.000000000000114 ) ;
#5018 = CARTESIAN_POINT ( 'NONE',  ( -0.2594013143301329705, -0.2891278636734669338, 3.000000000000000000 ) ) ;
#5019 = VECTOR ( 'NONE', #6768, 1000.000000000000000 ) ;
#5020 = CARTESIAN_POINT ( 'NONE',  ( 1.101823124038279644, -6.564635932794629092, 6.000000000000000000 ) ) ;
#5021 = DIRECTION ( 'NONE',  ( 0.7984567285931379876, -0.6020522008633004685, 0.000000000000000000 ) ) ;
#5022 = CIRCLE ( 'NONE', #1741, 3.099999999999998757 ) ;
#5023 = DIRECTION ( 'NONE',  ( -1.000000000000000000, -6.888341397178440152E-15, 6.982962677686265922E-15 ) ) ;
#5024 = CARTESIAN_POINT ( 'NONE',  ( 1.564963387258391236, -13.23901729331793575, 5.500000000000000000 ) ) ;
#5025 = CARTESIAN_POINT ( 'NONE',  ( 0.8356852734701847307, -14.01786124226779506, 5.500000000000000000 ) ) ;
#5026 = ORIENTED_EDGE ( 'NONE', *, *, #2691, .F. ) ;
#5027 = ORIENTED_EDGE ( 'NONE', *, *, #5153, .F. ) ;
#5028 = FACE_OUTER_BOUND ( 'NONE', #8453, .T. ) ;
#5029 = LINE ( 'NONE', #4381, #5422 ) ;
#5030 = ORIENTED_EDGE ( 'NONE', *, *, #1377, .F. ) ;
#5031 = CARTESIAN_POINT ( 'NONE',  ( 3.131316011514059253E-15, 2.799999999999999822, 3.000000000000000000 ) ) ;
#5032 = CARTESIAN_POINT ( 'NONE',  ( -1.019486604889648040, 5.727566747736176467, 3.000000000000000000 ) ) ;
#5033 = ORIENTED_EDGE ( 'NONE', *, *, #6582, .T. ) ;
#5034 = B_SPLINE_CURVE_WITH_KNOTS ( 'NONE', 3,
 ( #8365, #1077, #4335, #1117, #7036, #3734, #3090, #5180, #514, #6312, #427, #5139, #6351, #5715, #3131, #2488, #1844, #4448, #4489 ),
 .UNSPECIFIED., .F., .F.,
 ( 4, 1, 1, 1, 1, 1, 1, 1, 1, 1, 1, 1, 1, 1, 1, 1, 4 ),
 ( 0.000000000000000000, 0.1107529993405873409, 0.2123770877825402192, 0.3055537685572882745, 0.3899007399344691649, 0.4667693486981459583, 0.5354846284785267363, 0.5968213492275967758, 0.6513608763089899778, 0.7013391554855926691, 0.7478559223166781900, 0.7921917188561055090, 0.8342559937812547011, 0.8753128158421644711, 0.9160205555409863809, 0.9576451221380060108, 1.000000000000000000 ),
 .UNSPECIFIED. ) ;
#5035 = ORIENTED_EDGE ( 'NONE', *, *, #6172, .T. ) ;
#5036 = CARTESIAN_POINT ( 'NONE',  ( 2.025603872369384550, 0.4533153274796024590, 2.337413152810805528 ) ) ;
#5037 = CARTESIAN_POINT ( 'NONE',  ( -2.626292505737315430, -4.832324226253096100, 5.500000000000000000 ) ) ;
#5038 = DIRECTION ( 'NONE',  ( 0.9897338247590561355, -0.1429229027406382080, 7.888609052210117178E-31 ) ) ;
#5039 = VERTEX_POINT ( 'NONE', #6903 ) ;
#5040 = DIRECTION ( 'NONE',  ( -0.7071067811865522357, 0.7071067811865426878, 4.855924613274749550E-15 ) ) ;
#5041 = DIRECTION ( 'NONE',  ( -6.825260543506556042E-15, 1.000000000000000000, -1.101228117168383643E-30 ) ) ;
#5042 = EDGE_CURVE ( 'NONE', #1902, #6295, #3633, .T. ) ;
#5043 = EDGE_CURVE ( 'NONE', #1275, #2305, #375, .T. ) ;
#5044 = DIRECTION ( 'NONE',  ( -1.000000000000000000, -6.715058616684416976E-15, 6.854955671198676173E-15 ) ) ;
#5045 = DIRECTION ( 'NONE',  ( -1.000000000000000000, -6.888341397178440152E-15, 6.982962677686265922E-15 ) ) ;
#5046 = CARTESIAN_POINT ( 'NONE',  ( -2.224796734531122144, 4.416409443804272250, 2.302585434167869316 ) ) ;
#5047 = ADVANCED_FACE ( 'NONE', ( #1227, #5166 ), #7868, .F. ) ;
#5048 = ADVANCED_FACE ( 'NONE', ( #5244 ), #1592, .T. ) ;
#5049 = DIRECTION ( 'NONE',  ( 1.000000000000000000, 7.304098846218139203E-15, -7.304098846218139203E-15 ) ) ;
#5050 = CARTESIAN_POINT ( 'NONE',  ( 1.406341796260455190, -7.350863593358266890, 6.000000000000000000 ) ) ;
#5051 = CARTESIAN_POINT ( 'NONE',  ( -1.752915971808918671, 4.918911417633398564, 2.318931217520895149 ) ) ;
#5052 = CARTESIAN_POINT ( 'NONE',  ( 2.228279855033886925, -12.24874452316575635, 6.000000000000000000 ) ) ;
#5053 = VERTEX_POINT ( 'NONE', #5291 ) ;
#5054 = CARTESIAN_POINT ( 'NONE',  ( 2.347463941177844848, -13.85981260498944145, 5.500000000000000000 ) ) ;
#5055 = ORIENTED_EDGE ( 'NONE', *, *, #5306, .F. ) ;
#5056 = EDGE_CURVE ( 'NONE', #6186, #3628, #536, .T. ) ;
#5057 = CARTESIAN_POINT ( 'NONE',  ( 2.297541534615521908, -5.944085001361783860, 6.000000000000000000 ) ) ;
#5058 = CARTESIAN_POINT ( 'NONE',  ( 0.5169831148198785753, 5.856587714918572551, 3.000000000000000000 ) ) ;
#5059 = CARTESIAN_POINT ( 'NONE',  ( 2.227981349045868420, -11.23353219699344940, 5.500000000000000000 ) ) ;
#5060 = CARTESIAN_POINT ( 'NONE',  ( 2.244321669889818072, -13.72797687925302590, 5.500000000000000888 ) ) ;
#5061 = CARTESIAN_POINT ( 'NONE',  ( 0.3502575528615491929, -14.21616636270195499, 5.999999999999999112 ) ) ;
#5062 = ORIENTED_EDGE ( 'NONE', *, *, #910, .T. ) ;
#5063 = VERTEX_POINT ( 'NONE', #6509 ) ;
#5064 = CARTESIAN_POINT ( 'NONE',  ( -61.00000000000001421, 9.299999999999574385, 2.500000000000414335 ) ) ;
#5065 = DIRECTION ( 'NONE',  ( -6.982962677686265922E-15, -4.876176775795934672E-29, -1.000000000000000000 ) ) ;
#5066 = VERTEX_POINT ( 'NONE', #2513 ) ;
#5067 = DIRECTION ( 'NONE',  ( -0.5507286755606038975, -0.8346843271053212554, -7.888609052210117178E-31 ) ) ;
#5068 = VERTEX_POINT ( 'NONE', #5867 ) ;
#5069 = VERTEX_POINT ( 'NONE', #3278 ) ;
#5070 = CARTESIAN_POINT ( 'NONE',  ( -1.535450598547713597, -3.453339881561341418, 5.500000000000000000 ) ) ;
#5071 = CARTESIAN_POINT ( 'NONE',  ( -0.2331467941627889673, -3.248728729892522704, 6.000000000000000888 ) ) ;
#5072 = PLANE ( 'NONE',  #2808 ) ;
#5073 = ORIENTED_EDGE ( 'NONE', *, *, #5138, .T. ) ;
#5074 = CARTESIAN_POINT ( 'NONE',  ( 1.728006989474413668, -14.66643204458283378, 6.000000000000000000 ) ) ;
#5075 = CARTESIAN_POINT ( 'NONE',  ( 2.564102564102670012, -11.74102564102562773, 5.999999999999999112 ) ) ;
#5076 = FACE_OUTER_BOUND ( 'NONE', #2512, .T. ) ;
#5077 = CARTESIAN_POINT ( 'NONE',  ( -0.5764824686905981599, -5.724718118872326400, 6.000000000000000000 ) ) ;
#5078 = CIRCLE ( 'NONE', #7280, 3.100000000000000089 ) ;
#5079 = ADVANCED_FACE ( 'NONE', ( #8479 ), #5205, .T. ) ;
#5080 = CARTESIAN_POINT ( 'NONE',  ( 0.08280889828486702464, -3.247913417432376271, 6.000000000000000000 ) ) ;
#5081 = DIRECTION ( 'NONE',  ( -7.888609052210118054E-31, -5.605193857299268284E-45, 1.000000000000000000 ) ) ;
#5082 = CARTESIAN_POINT ( 'NONE',  ( -0.7576399020706474641, -8.952274349277638876, 5.999999999999999112 ) ) ;
#5083 = EDGE_LOOP ( 'NONE', ( #4005, #2678, #5402, #3564 ) ) ;
#5084 = DIRECTION ( 'NONE',  ( -1.000000000000000000, -6.888341397178440152E-15, 7.140664811865975012E-15 ) ) ;
#5085 = AXIS2_PLACEMENT_3D ( 'NONE', #1459, #4026, #3385 ) ;
#5086 = CARTESIAN_POINT ( 'NONE',  ( 0.3074683087755980537, -15.15115694239586652, 6.000000000000000000 ) ) ;
#5087 = CARTESIAN_POINT ( 'NONE',  ( 1.642595037696804816, -8.564039857484011975, 5.500000000000000888 ) ) ;
#5088 = ORIENTED_EDGE ( 'NONE', *, *, #1221, .F. ) ;
#5089 = CARTESIAN_POINT ( 'NONE',  ( 2.482820987177001282, -5.656404603776689299, 5.500000000000000000 ) ) ;
#5090 = FACE_OUTER_BOUND ( 'NONE', #2643, .T. ) ;
#5091 = ORIENTED_EDGE ( 'NONE', *, *, #2270, .T. ) ;
#5092 = EDGE_CURVE ( 'NONE', #1477, #4210, #55, .T. ) ;
#5093 = MECHANICAL_DESIGN_GEOMETRIC_PRESENTATION_REPRESENTATION (  '', ( #305 ), #3184 ) ;
#5094 = EDGE_CURVE ( 'NONE', #5758, #5834, #1356, .T. ) ;
#5095 = CARTESIAN_POINT ( 'NONE',  ( 3.131316011514059253E-15, 2.799999999999999822, 3.000000000000000000 ) ) ;
#5096 = LINE ( 'NONE', #6997, #7183 ) ;
#5097 = ORIENTED_EDGE ( 'NONE', *, *, #6568, .F. ) ;
#5098 = LINE ( 'NONE', #3172, #8433 ) ;
#5099 = LINE ( 'NONE', #8413, #703 ) ;
#5100 = FACE_OUTER_BOUND ( 'NONE', #1000, .T. ) ;
#5101 = ORIENTED_EDGE ( 'NONE', *, *, #7899, .T. ) ;
#5102 = EDGE_CURVE ( 'NONE', #2423, #2392, #7913, .T. ) ;
#5103 = AXIS2_PLACEMENT_3D ( 'NONE', #8193, #2318, #2177 ) ;
#5104 = ORIENTED_EDGE ( 'NONE', *, *, #2896, .F. ) ;
#5105 = CIRCLE ( 'NONE', #4691, 0.9499999999999995115 ) ;
#5106 = LINE ( 'NONE', #3140, #491 ) ;
#5107 = ORIENTED_EDGE ( 'NONE', *, *, #5793, .F. ) ;
#5108 = PLANE ( 'NONE',  #2970 ) ;
#5109 = LINE ( 'NONE', #524, #5548 ) ;
#5110 = DIRECTION ( 'NONE',  ( 1.000000000000000000, 7.304098846218139203E-15, -6.847592668329505010E-15 ) ) ;
#5111 = VERTEX_POINT ( 'NONE', #2686 ) ;
#5112 = VERTEX_POINT ( 'NONE', #3934 ) ;
#5113 = CARTESIAN_POINT ( 'NONE',  ( -2.107946925962100426, -6.119485458134279909, 5.500000000000000888 ) ) ;
#5114 = DIRECTION ( 'NONE',  ( -7.888609052210118054E-31, -5.605193857299268284E-45, 1.000000000000000000 ) ) ;
#5115 = VECTOR ( 'NONE', #3800, 1000.000000000000000 ) ;
#5116 = CARTESIAN_POINT ( 'NONE',  ( -0.8722292868266594557, -3.297794949762650418, 6.000000000000000888 ) ) ;
#5117 = AXIS2_PLACEMENT_3D ( 'NONE', #8410, #4534, #7165 ) ;
#5118 = DIRECTION ( 'NONE',  ( -7.888609052210118054E-31, -5.605193857299268284E-45, 1.000000000000000000 ) ) ;
#5119 = ORIENTED_EDGE ( 'NONE', *, *, #4313, .F. ) ;
#5120 = CARTESIAN_POINT ( 'NONE',  ( -0.7680124966468758752, -14.58148925177405175, 5.500000000000000000 ) ) ;
#5121 = CARTESIAN_POINT ( 'NONE',  ( -3.018094598906785553, 2.092112302656934375, 2.257672572958873580 ) ) ;
#5122 = CARTESIAN_POINT ( 'NONE',  ( 2.564102564102670012, -11.74102564102562773, 5.500000000000000000 ) ) ;
#5123 = CARTESIAN_POINT ( 'NONE',  ( -1.694525824979241202, -5.166905657058964429, 6.000000000000000000 ) ) ;
#5124 = FACE_OUTER_BOUND ( 'NONE', #1552, .T. ) ;
#5125 = DIRECTION ( 'NONE',  ( 1.000000000000000000, 6.715058616684416976E-15, -6.994852725712934581E-15 ) ) ;
#5126 = ORIENTED_EDGE ( 'NONE', *, *, #6944, .T. ) ;
#5127 = CARTESIAN_POINT ( 'NONE',  ( -2.224796734531122588, 4.416409443804272250, 3.000000000000000000 ) ) ;
#5128 = AXIS2_PLACEMENT_3D ( 'NONE', #889, #6175, #4239 ) ;
#5129 = B_SPLINE_SURFACE_WITH_KNOTS ( 'NONE', 3, 1, ( 
 ( #3041, #8283 ),
 ( #2406, #3818 ),
 ( #1886, #1840 ),
 ( #4369, #1112 ),
 ( #2577, #8328 ),
 ( #2448, #5659 ),
 ( #1156, #6991 ),
 ( #3730, #3773 ),
 ( #6307, #3857 ),
 ( #465, #7763 ),
 ( #6348, #6393 ),
 ( #5054, #5751 ),
 ( #6479, #7803 ),
 ( #7712, #8362 ),
 ( #7077, #7118 ),
 ( #590, #2615 ),
 ( #7204, #4572 ),
 ( #2092, #7961 ),
 ( #7840, #2013 ) ),
 .UNSPECIFIED., .F., .F., .F.,
 ( 4, 1, 1, 1, 1, 1, 1, 1, 1, 1, 1, 1, 1, 1, 1, 1, 4 ),
 ( 2, 2 ),
 ( 0.000000000000000000, 0.06675771127909888025, 0.1317324785734523274, 0.1948167910261857927, 0.2570269751173334671, 0.3187274376799378306, 0.3803299566842555657, 0.4433052533380151816, 0.5074457357281488834, 0.5714909223970684460, 0.6333486697152077571, 0.6939309794721829627, 0.7539203747855203197, 0.8137951195537000970, 0.8745193245299817120, 0.9362197870925862420, 1.000000000000000000 ),
 ( 0.000000000000000000, 1.000000000000000000 ),
 .UNSPECIFIED. ) ;
#5130 = VECTOR ( 'NONE', #7846, 1000.000000000000000 ) ;
#5131 = CARTESIAN_POINT ( 'NONE',  ( 0.4477163461539767075, -15.29270833333332824, 5.999999999999999112 ) ) ;
#5132 = LINE ( 'NONE', #7671, #3919 ) ;
#5133 = ORIENTED_EDGE ( 'NONE', *, *, #3694, .F. ) ;
#5134 = DIRECTION ( 'NONE',  ( 6.867314445954479045E-15, 4.797243844499407540E-29, 1.000000000000000000 ) ) ;
#5135 = ORIENTED_EDGE ( 'NONE', *, *, #3788, .T. ) ;
#5136 = AXIS2_PLACEMENT_3D ( 'NONE', #2728, #2077, #4048 ) ;
#5137 = VECTOR ( 'NONE', #7330, 1000.000000000000000 ) ;
#5138 = EDGE_CURVE ( 'NONE', #7838, #345, #7747, .T. ) ;
#5139 = CARTESIAN_POINT ( 'NONE',  ( 1.527768504724007492, -5.404377910044832589, 6.000000000000000000 ) ) ;
#5140 = CARTESIAN_POINT ( 'NONE',  ( -0.5890473310330636147, -8.070628521930858668, 5.500000000000000888 ) ) ;
#5141 = CARTESIAN_POINT ( 'NONE',  ( 2.626608055058718971, -14.73374298366200819, 5.500000000000000888 ) ) ;
#5142 = CARTESIAN_POINT ( 'NONE',  ( -0.7680124966468758752, -14.58148925177405175, 6.000000000000000000 ) ) ;
#5143 = EDGE_LOOP ( 'NONE', ( #3022, #3760, #4862, #7863 ) ) ;
#5144 = VECTOR ( 'NONE', #3706, 1000.000000000000000 ) ;
#5145 = CARTESIAN_POINT ( 'NONE',  ( -1.605883729056722276, 5.451629206497557334, 2.267306776996588003 ) ) ;
#5146 = EDGE_CURVE ( 'NONE', #6653, #6840, #3971, .T. ) ;
#5147 = VECTOR ( 'NONE', #7938, 1000.000000000000000 ) ;
#5149 = ORIENTED_EDGE ( 'NONE', *, *, #3520, .F. ) ;
#5148 = ADVANCED_FACE ( 'NONE', ( #701 ), #5947, .F. ) ;
#5150 = B_SPLINE_CURVE_WITH_KNOTS ( 'NONE', 3,
 ( #4966, #5009, #3035, #1831, #8321, #8355, #3078, #5653, #8277, #5703, #5745, #7586, #1788, #1671, #3123, #6868, #2399, #6342, #6224 ),
 .UNSPECIFIED., .F., .F.,
 ( 4, 1, 1, 1, 1, 1, 1, 1, 1, 1, 1, 1, 1, 1, 1, 1, 4 ),
 ( 0.000000000000000000, 0.06593481762567697524, 0.1300372587941651947, 0.1923620702496511015, 0.2538195214289181711, 0.3141994357375422764, 0.3746698781567775471, 0.4351541180379871476, 0.4964786684939708761, 0.5578092661396401031, 0.6190309229821128190, 0.6796911875192904740, 0.7409612864102641527, 0.8033752905051765314, 0.8668176884999612142, 0.9323179771745062627, 1.000000000000000000 ),
 .UNSPECIFIED. ) ;
#5151 = CARTESIAN_POINT ( 'NONE',  ( 1.480210362961308590, -11.63344407891874077, 6.000000000000000000 ) ) ;
#5152 = AXIS2_PLACEMENT_3D ( 'NONE', #7126, #600, #2585 ) ;
#5153 = EDGE_CURVE ( 'NONE', #1944, #2325, #5329, .T. ) ;
#5154 = FACE_OUTER_BOUND ( 'NONE', #2251, .T. ) ;
#5155 = EDGE_LOOP ( 'NONE', ( #446, #5600 ) ) ;
#5156 = CARTESIAN_POINT ( 'NONE',  ( -0.7428130999805196977, -8.490041186725491684, 5.500000000000000000 ) ) ;
#5157 = DIRECTION ( 'NONE',  ( 6.982962677686265922E-15, 4.876176775795934672E-29, 1.000000000000000000 ) ) ;
#5158 = DIRECTION ( 'NONE',  ( -7.888609052210118054E-31, -5.605193857299268284E-45, 1.000000000000000000 ) ) ;
#5159 = VERTEX_POINT ( 'NONE', #2078 ) ;
#5160 = ORIENTED_EDGE ( 'NONE', *, *, #7922, .F. ) ;
#5161 = CARTESIAN_POINT ( 'NONE',  ( -2.621689495228384903, -5.156922586263108066, 5.500000000000000000 ) ) ;
#5162 = CARTESIAN_POINT ( 'NONE',  ( -56.10000000000001563, 7.299999999999609024, 3.813358653623384548E-13 ) ) ;
#5163 = CARTESIAN_POINT ( 'NONE',  ( -2.288935321409869772, -3.952671670801123582, 6.000000000000000000 ) ) ;
#5164 = CARTESIAN_POINT ( 'NONE',  ( -60.99999999999984368, -18.50000000000042277, 4.155523824830011996E-13 ) ) ;
#5165 = ORIENTED_EDGE ( 'NONE', *, *, #3112, .F. ) ;
#5166 = FACE_OUTER_BOUND ( 'NONE', #2030, .T. ) ;
#5167 = DIRECTION ( 'NONE',  ( 6.982962677686265922E-15, 4.876176775795934672E-29, 1.000000000000000000 ) ) ;
#5168 = CARTESIAN_POINT ( 'NONE',  ( -0.6728142664845793153, -3.274517995780905633, 6.000000000000000000 ) ) ;
#5169 = EDGE_CURVE ( 'NONE', #2833, #6147, #4324, .T. ) ;
#5170 = CARTESIAN_POINT ( 'NONE',  ( 2.298443768346371208, -3.941204757701495698, 5.500000000000000000 ) ) ;
#5171 = LINE ( 'NONE', #3326, #2934 ) ;
#5172 = ORIENTED_EDGE ( 'NONE', *, *, #2600, .T. ) ;
#5173 = CARTESIAN_POINT ( 'NONE',  ( 3.131316011514059253E-15, 2.799999999999999822, 3.000000000000000000 ) ) ;
#5174 = CARTESIAN_POINT ( 'NONE',  ( -1.132667981431175086, -6.547242156572318450, 5.500000000000000000 ) ) ;
#5175 = CARTESIAN_POINT ( 'NONE',  ( 1.729838404953034425, -8.881758705889808425, 5.500000000000000000 ) ) ;
#5176 = VERTEX_POINT ( 'NONE', #7949 ) ;
#5177 = DIRECTION ( 'NONE',  ( -7.888609052210118054E-31, -5.605193857299268284E-45, 1.000000000000000000 ) ) ;
#5178 = CARTESIAN_POINT ( 'NONE',  ( 1.925558118862802592, 0.3705502822899269799, 2.288478284718790334 ) ) ;
#5179 = VERTEX_POINT ( 'NONE', #7355 ) ;
#5180 = CARTESIAN_POINT ( 'NONE',  ( 1.147458232311274529, -5.623305372090624310, 6.000000000000000000 ) ) ;
#5181 = LINE ( 'NONE', #6528, #1712 ) ;
#5182 = CARTESIAN_POINT ( 'NONE',  ( 1.537591692291900625, -4.498988153061262985, 5.500000000000000888 ) ) ;
#5183 = CARTESIAN_POINT ( 'NONE',  ( 0.1292793429747762513, -14.63320976635188764, 5.500000000000000888 ) ) ;
#5184 = VERTEX_POINT ( 'NONE', #4687 ) ;
#5185 = CARTESIAN_POINT ( 'NONE',  ( 1.711597901696619850, -4.775640344237395141, 6.000000000000000000 ) ) ;
#5186 = ORIENTED_EDGE ( 'NONE', *, *, #6621, .F. ) ;
#5187 = LINE ( 'NONE', #7129, #455 ) ;
#5188 = ADVANCED_FACE ( 'NONE', ( #4773 ), #2768, .T. ) ;
#5189 = CARTESIAN_POINT ( 'NONE',  ( 2.125457166559236999, -11.20133024891813989, 6.000000000000000000 ) ) ;
#5190 = ADVANCED_FACE ( 'NONE', ( #746 ), #6026, .T. ) ;
#5191 = VERTEX_POINT ( 'NONE', #4049 ) ;
#5192 = DIRECTION ( 'NONE',  ( 7.888609052210118054E-31, 5.605193857299268284E-45, -1.000000000000000000 ) ) ;
#5193 = CARTESIAN_POINT ( 'NONE',  ( 44.55000000000018900, -19.49999999999968736, 2.999999999999695355 ) ) ;
#5194 = LINE ( 'NONE', #2313, #1943 ) ;
#5195 = ORIENTED_EDGE ( 'NONE', *, *, #4102, .T. ) ;
#5196 = ORIENTED_EDGE ( 'NONE', *, *, #6944, .F. ) ;
#5197 = DIRECTION ( 'NONE',  ( -6.982962677686265922E-15, 1.000000000000000000, -0.000000000000000000 ) ) ;
#5198 = EDGE_CURVE ( 'NONE', #6833, #1363, #3704, .T. ) ;
#5199 = DIRECTION ( 'NONE',  ( -7.888609052210118054E-31, -5.605193857299268284E-45, 1.000000000000000000 ) ) ;
#5200 = EDGE_CURVE ( 'NONE', #1014, #3234, #5369, .T. ) ;
#5201 = CARTESIAN_POINT ( 'NONE',  ( -48.99999999999998579, 5.299999999999656985, 2.500000000000330402 ) ) ;
#5202 = DIRECTION ( 'NONE',  ( -7.888609052210119806E-31, -5.605193857299269528E-45, 1.000000000000000000 ) ) ;
#5203 = ORIENTED_EDGE ( 'NONE', *, *, #3133, .F. ) ;
#5204 = CARTESIAN_POINT ( 'NONE',  ( -1.715513802654403008, 5.382055846201282634, 3.000000000000000000 ) ) ;
#5205 = PLANE ( 'NONE',  #2815 ) ;
#5206 = ADVANCED_FACE ( 'NONE', ( #4127 ), #7995, .F. ) ;
#5207 = CARTESIAN_POINT ( 'NONE',  ( -2.359858855803570687, -4.046775884045326954, 6.000000000000000000 ) ) ;
#5208 = CARTESIAN_POINT ( 'NONE',  ( 2.483728201859391138, -4.220407334013192013, 6.000000000000000000 ) ) ;
#5209 = CARTESIAN_POINT ( 'NONE',  ( 3.131316011514056098E-15, 2.799999999999999822, 6.000000000000000000 ) ) ;
#5210 = VERTEX_POINT ( 'NONE', #8081 ) ;
#5211 = CARTESIAN_POINT ( 'NONE',  ( -0.7686358029449402718, -14.65905624294121701, 5.500000000000000000 ) ) ;
#5212 = CARTESIAN_POINT ( 'NONE',  ( 0.8497967345311563392, 0.1845945801883431547, 6.000000000000000000 ) ) ;
#5213 = ORIENTED_EDGE ( 'NONE', *, *, #8315, .F. ) ;
#5214 = DIRECTION ( 'NONE',  ( 1.000000000000000000, 6.937904925063491558E-15, -6.867314445954479045E-15 ) ) ;
#5215 = CARTESIAN_POINT ( 'NONE',  ( -20.21897503240914773, -22.50000000000014211, 3.000000000000143885 ) ) ;
#5216 = CIRCLE ( 'NONE', #3861, 3.100000000000000089 ) ;
#5217 = ORIENTED_EDGE ( 'NONE', *, *, #4214, .F. ) ;
#5218 = DIRECTION ( 'NONE',  ( 7.888609052210118054E-31, 5.605193857299268284E-45, -1.000000000000000000 ) ) ;
#5219 = VECTOR ( 'NONE', #7211, 1000.000000000000000 ) ;
#5220 = CARTESIAN_POINT ( 'NONE',  ( -1.666666666666551055, -13.18333333333334423, 5.500000000000000000 ) ) ;
#5221 = CARTESIAN_POINT ( 'NONE',  ( 2.857775769924374210, 1.598701681998529578, 3.000000000000000000 ) ) ;
#5222 = CARTESIAN_POINT ( 'NONE',  ( -2.684678751731727431, 1.249999999999948264, 3.000000000000000000 ) ) ;
#5223 = ORIENTED_EDGE ( 'NONE', *, *, #3682, .T. ) ;
#5224 = CARTESIAN_POINT ( 'NONE',  ( 14.99999999999986855, 22.50000000000010658, 2.063301313026461295E-16 ) ) ;
#5225 = ORIENTED_EDGE ( 'NONE', *, *, #7869, .F. ) ;
#5226 = LINE ( 'NONE', #2060, #1800 ) ;
#5227 = VECTOR ( 'NONE', #1673, 1000.000000000000000 ) ;
#5228 = CARTESIAN_POINT ( 'NONE',  ( 0.9194711538462754241, -14.01666666666665861, 5.500000000000000888 ) ) ;
#5229 = CARTESIAN_POINT ( 'NONE',  ( 2.354002799544623770, -15.75104495238606184, 5.500000000000000888 ) ) ;
#5230 = CARTESIAN_POINT ( 'NONE',  ( -0.3047447784968742024, -7.715598390357355285, 5.500000000000000000 ) ) ;
#5231 = AXIS2_PLACEMENT_3D ( 'NONE', #8342, #5768, #4350 ) ;
#5232 = CARTESIAN_POINT ( 'NONE',  ( 1.819967283515125045, -6.321543604101798053, 5.500000000000000000 ) ) ;
#5233 = EDGE_LOOP ( 'NONE', ( #6367, #5914, #6282, #2310, #2520, #7776, #544, #6941, #5945, #1365, #4853, #7911, #370, #8250, #6003 ) ) ;
#5234 = VERTEX_POINT ( 'NONE', #5990 ) ;
#5235 = DIRECTION ( 'NONE',  ( -7.888609052210118054E-31, -5.605193857299268284E-45, 1.000000000000000000 ) ) ;
#5236 = CARTESIAN_POINT ( 'NONE',  ( -33.10000000000001563, 12.49999999999977263, 8.111269837221037449 ) ) ;
#5237 = CIRCLE ( 'NONE', #2514, 1.550000000000002709 ) ;
#5238 = CARTESIAN_POINT ( 'NONE',  ( -1.019486604889566550, -0.1275667477362047164, 6.000000000000000000 ) ) ;
#5239 = ORIENTED_EDGE ( 'NONE', *, *, #1641, .F. ) ;
#5240 = EDGE_CURVE ( 'NONE', #6955, #6401, #2729, .T. ) ;
#5241 = DIRECTION ( 'NONE',  ( 0.7071067811865426878, 0.7071067811865522357, -4.937700262164531476E-15 ) ) ;
#5242 = ORIENTED_EDGE ( 'NONE', *, *, #104, .F. ) ;
#5243 = CARTESIAN_POINT ( 'NONE',  ( 3.999999999999992450, 4.350000000000027178, 0.9999999999999997780 ) ) ;
#5244 = FACE_OUTER_BOUND ( 'NONE', #165, .T. ) ;
#5245 = VECTOR ( 'NONE', #6438, 1000.000000000000000 ) ;
#5246 = ADVANCED_FACE ( 'NONE', ( #2207, #4814 ), #7440, .T. ) ;
#5247 = CARTESIAN_POINT ( 'NONE',  ( 0.6445262415350371255, 5.832257562274801188, 2.255915264206802107 ) ) ;
#5248 = EDGE_CURVE ( 'NONE', #6329, #5184, #6631, .T. ) ;
#5249 = AXIS2_PLACEMENT_3D ( 'NONE', #5664, #7599, #5754 ) ;
#5250 = CARTESIAN_POINT ( 'NONE',  ( 1.071108006631308562, -3.328629568172472464, 5.500000000000000000 ) ) ;
#5251 = EDGE_CURVE ( 'NONE', #424, #6452, #2672, .T. ) ;
#5252 = DIRECTION ( 'NONE',  ( 0.8193223671891836091, 0.5733331131406177450, 0.000000000000000000 ) ) ;
#5253 = CARTESIAN_POINT ( 'NONE',  ( 1.509697667624030348, -11.53022489447021748, 5.500000000000000888 ) ) ;
#5254 = ORIENTED_EDGE ( 'NONE', *, *, #2334, .T. ) ;
#5255 = CARTESIAN_POINT ( 'NONE',  ( -1.371161179736037683, -6.489385079046153137, 6.000000000000000000 ) ) ;
#5256 = CARTESIAN_POINT ( 'NONE',  ( -2.002201346417657568, -6.195391855106033852, 6.000000000000000000 ) ) ;
#5257 = ORIENTED_EDGE ( 'NONE', *, *, #3261, .T. ) ;
#5258 = DIRECTION ( 'NONE',  ( 1.000000000000000000, 6.715058616684410666E-15, -6.994852725712927481E-15 ) ) ;
#5259 = CARTESIAN_POINT ( 'NONE',  ( 2.270335163401804746, -15.86598747639911977, 6.000000000000000000 ) ) ;
#5260 = AXIS2_PLACEMENT_3D ( 'NONE', #7806, #7766, #1929 ) ;
#5261 = VERTEX_POINT ( 'NONE', #6574 ) ;
#5262 = VECTOR ( 'NONE', #385, 1000.000000000000000 ) ;
#5263 = AXIS2_PLACEMENT_3D ( 'NONE', #1780, #3629, #6254 ) ;
#5264 = DIRECTION ( 'NONE',  ( -6.825260543506556042E-15, 1.000000000000000000, -1.101228117168383643E-30 ) ) ;
#5265 = CARTESIAN_POINT ( 'NONE',  ( -0.9854727030934693488, -4.227946489444667222, 5.500000000000000888 ) ) ;
#5266 = CARTESIAN_POINT ( 'NONE',  ( 1.387219551282104835, -4.391266025641018977, 5.500000000000000888 ) ) ;
#5267 = CARTESIAN_POINT ( 'NONE',  ( 1.603244849439732223, -14.33698223051995946, 6.000000000000000000 ) ) ;
#5268 = ORIENTED_EDGE ( 'NONE', *, *, #8504, .T. ) ;
#5269 = CARTESIAN_POINT ( 'NONE',  ( 1.282051282051420493, -16.45256410256408941, 6.000000000000000000 ) ) ;
#5270 = VERTEX_POINT ( 'NONE', #7978 ) ;
#5271 = MECHANICAL_DESIGN_GEOMETRIC_PRESENTATION_REPRESENTATION (  '', ( #897 ), #4601 ) ;
#5272 = AXIS2_PLACEMENT_3D ( 'NONE', #3709, #6288, #407 ) ;
#5273 = DIRECTION ( 'NONE',  ( 6.982962677686266711E-15, -1.000000000000000000, 0.000000000000000000 ) ) ;
#5274 = CARTESIAN_POINT ( 'NONE',  ( 2.176086816420588210, -15.97323501298501114, 5.999999999999999112 ) ) ;
#5275 = CIRCLE ( 'NONE', #5561, 3.099999999999998757 ) ;
#5276 = DIRECTION ( 'NONE',  ( -6.982962677686265133E-15, 1.000000000000000000, 0.000000000000000000 ) ) ;
#5277 = VECTOR ( 'NONE', #6589, 1000.000000000000000 ) ;
#5278 = FACE_OUTER_BOUND ( 'NONE', #6480, .T. ) ;
#5279 = CARTESIAN_POINT ( 'NONE',  ( 0.5343457804302976788, -14.09323400544527161, 6.000000000000000000 ) ) ;
#5280 = VERTEX_POINT ( 'NONE', #4760 ) ;
#5281 = EDGE_LOOP ( 'NONE', ( #1045, #5389, #6122, #1111 ) ) ;
#5282 = DIRECTION ( 'NONE',  ( -1.000000000000000000, -7.178166107490237014E-15, 0.000000000000000000 ) ) ;
#5283 = CARTESIAN_POINT ( 'NONE',  ( 1.909054114739532348, -12.28061468011469870, 5.500000000000000888 ) ) ;
#5284 = CIRCLE ( 'NONE', #5152, 1.550000000000002709 ) ;
#5285 = VECTOR ( 'NONE', #3476, 1000.000000000000000 ) ;
#5286 = CARTESIAN_POINT ( 'NONE',  ( -60.99999999999998579, 5.299999999999573497, 2.500000000000414335 ) ) ;
#5287 = ORIENTED_EDGE ( 'NONE', *, *, #6041, .T. ) ;
#5288 = DIRECTION ( 'NONE',  ( 1.000000000000000000, 7.178166107490237014E-15, 0.000000000000000000 ) ) ;
#5289 = VERTEX_POINT ( 'NONE', #775 ) ;
#5290 = FACE_OUTER_BOUND ( 'NONE', #4331, .T. ) ;
#5291 = CARTESIAN_POINT ( 'NONE',  ( 2.025603872369318825, 5.146684672520454917, 6.000000000000000000 ) ) ;
#5292 = CARTESIAN_POINT ( 'NONE',  ( 2.539957668225749199, -9.538255072770970955, 5.500000000000000888 ) ) ;
#5293 = CARTESIAN_POINT ( 'NONE',  ( -2.728315428614815463, 3.144666392301799007, 6.000000000000000000 ) ) ;
#5294 = ADVANCED_FACE ( 'NONE', ( #4591 ), #67, .T. ) ;
#5295 = EDGE_CURVE ( 'NONE', #2360, #654, #6251, .T. ) ;
#5296 = DIRECTION ( 'NONE',  ( -6.982962677686265133E-15, 1.000000000000000000, 0.000000000000000000 ) ) ;
#5297 = CARTESIAN_POINT ( 'NONE',  ( 1.630354456228680249, -11.35333913754252144, 5.500000000000000888 ) ) ;
#5298 = ORIENTED_EDGE ( 'NONE', *, *, #5814, .F. ) ;
#5299 = CARTESIAN_POINT ( 'NONE',  ( 2.244321669889776771, -7.894643545919691086, 6.000000000000000000 ) ) ;
#5300 = DIRECTION ( 'NONE',  ( -6.982962677686265133E-15, 1.000000000000000000, 0.000000000000000000 ) ) ;
#5301 = ORIENTED_EDGE ( 'NONE', *, *, #1655, .T. ) ;
#5302 = DIRECTION ( 'NONE',  ( -6.982962677686265133E-15, 1.000000000000000000, 0.000000000000000000 ) ) ;
#5303 = PLANE ( 'NONE',  #2783 ) ;
#5304 = ORIENTED_EDGE ( 'NONE', *, *, #4323, .T. ) ;
#5305 = ADVANCED_FACE ( 'NONE', ( #4113 ), #813, .F. ) ;
#5306 = EDGE_CURVE ( 'NONE', #1166, #7091, #1593, .T. ) ;
#5307 = DIRECTION ( 'NONE',  ( -5.206605838286014668E-15, 1.000000000000000000, 0.000000000000000000 ) ) ;
#5308 = EDGE_CURVE ( 'NONE', #1545, #7116, #3784, .T. ) ;
#5309 = PLANE ( 'NONE',  #5260 ) ;
#5310 = CARTESIAN_POINT ( 'NONE',  ( -1.127282913594402469, -4.265567207093421409, 6.000000000000000000 ) ) ;
#5311 = LINE ( 'NONE', #2746, #5219 ) ;
#5312 = CARTESIAN_POINT ( 'NONE',  ( 0.2275522840424376025, -13.22477601873996100, 6.000000000000000000 ) ) ;
#5313 = EDGE_LOOP ( 'NONE', ( #7352, #3254, #4389, #3603 ) ) ;
#5314 = DIRECTION ( 'NONE',  ( -0.4417723297375645286, -0.8971271976025720907, -3.944304526105058589E-31 ) ) ;
#5315 = VERTEX_POINT ( 'NONE', #3522 ) ;
#5316 = EDGE_CURVE ( 'NONE', #2029, #1893, #2328, .T. ) ;
#5317 = CARTESIAN_POINT ( 'NONE',  ( 3.066744232185273589, 2.347142611456577210, 6.000000000000000000 ) ) ;
#5318 = CARTESIAN_POINT ( 'NONE',  ( -1.666666666666551055, -13.18333333333334423, 5.500000000000000000 ) ) ;
#5319 = CARTESIAN_POINT ( 'NONE',  ( -42.99999999999982236, -19.50000000000029843, 3.000000000000302869 ) ) ;
#5320 = CARTESIAN_POINT ( 'NONE',  ( 1.385975296699152537, -15.37174766144695504, 5.500000000000000888 ) ) ;
#5321 = CARTESIAN_POINT ( 'NONE',  ( 0.8497967345311563392, 0.1845945801883431547, 2.255915264206802995 ) ) ;
#5322 = ORIENTED_EDGE ( 'NONE', *, *, #2952, .F. ) ;
#5323 = ORIENTED_EDGE ( 'NONE', *, *, #2441, .F. ) ;
#5324 = CARTESIAN_POINT ( 'NONE',  ( 1.282051282051379193, -10.61923076923076081, 5.500000000000000888 ) ) ;
#5325 = CARTESIAN_POINT ( 'NONE',  ( 0.8497967345311563392, 0.1845945801883431547, 3.000000000000000000 ) ) ;
#5326 = LINE ( 'NONE', #95, #6503 ) ;
#5327 = CARTESIAN_POINT ( 'NONE',  ( -2.214865306861706351, 4.968956355591412688, 3.000000000000000000 ) ) ;
#5328 = ORIENTED_EDGE ( 'NONE', *, *, #5855, .F. ) ;
#5329 = LINE ( 'NONE', #3490, #7617 ) ;
#5330 = CARTESIAN_POINT ( 'NONE',  ( -2.288935321409869772, -3.952671670801123582, 6.000000000000000000 ) ) ;
#5331 = CARTESIAN_POINT ( 'NONE',  ( 1.504068256435534101, -8.392440855827672408, 5.500000000000000888 ) ) ;
#5332 = CARTESIAN_POINT ( 'NONE',  ( -56.09999999999983089, -20.50000000000039080, 3.813358653623385053E-13 ) ) ;
#5333 = ORIENTED_EDGE ( 'NONE', *, *, #1074, .T. ) ;
#5334 = CARTESIAN_POINT ( 'NONE',  ( 0.1468519028334876464, -9.021651722480084956, 6.000000000000000000 ) ) ;
#5335 = CARTESIAN_POINT ( 'NONE',  ( 2.434258557892062580, -8.165404252283305908, 5.999999999999999112 ) ) ;
#5336 = CARTESIAN_POINT ( 'NONE',  ( -0.7069070778344852535, -8.343235463022928400, 6.000000000000000000 ) ) ;
#5337 = DIRECTION ( 'NONE',  ( 6.961935726462304815E-15, 4.861825333742020699E-29, 1.000000000000000000 ) ) ;
#5338 = CARTESIAN_POINT ( 'NONE',  ( 1.350235251940472114, -4.371038190989288807, 5.500000000000000000 ) ) ;
#5339 = DIRECTION ( 'NONE',  ( -7.888609052210118054E-31, -5.605193857299268284E-45, 1.000000000000000000 ) ) ;
#5340 = ORIENTED_EDGE ( 'NONE', *, *, #123, .T. ) ;
#5341 = DIRECTION ( 'NONE',  ( -7.888609052210118054E-31, -5.605193857299268284E-45, 1.000000000000000000 ) ) ;
#5342 = CARTESIAN_POINT ( 'NONE',  ( -0.07680685473083724568, -4.145201574091094798, 6.000000000000000888 ) ) ;
#5343 = LINE ( 'NONE', #5221, #6059 ) ;
#5344 = CARTESIAN_POINT ( 'NONE',  ( 1.244758017724588717, -3.364224745499469371, 6.000000000000000000 ) ) ;
#5345 = VERTEX_POINT ( 'NONE', #6233 ) ;
#5346 = CARTESIAN_POINT ( 'NONE',  ( 1.433246906124523212, -10.58172394771707481, 5.999999999999999112 ) ) ;
#5347 = ORIENTED_EDGE ( 'NONE', *, *, #1222, .T. ) ;
#5348 = EDGE_CURVE ( 'NONE', #6627, #5680, #2874, .T. ) ;
#5349 = CYLINDRICAL_SURFACE ( 'NONE', #6884, 1.550000000000002709 ) ;
#5350 = EDGE_CURVE ( 'NONE', #3967, #6357, #6876, .T. ) ;
#5351 = VECTOR ( 'NONE', #3225, 1000.000000000000114 ) ;
#5352 = CARTESIAN_POINT ( 'NONE',  ( -0.06180129879206130994, -6.644001139827767410, 6.000000000000000000 ) ) ;
#5353 = LINE ( 'NONE', #8029, #765 ) ;
#5354 = ADVANCED_FACE ( 'NONE', ( #4933 ), #2288, .T. ) ;
#5355 = DIRECTION ( 'NONE',  ( -6.982962677686265922E-15, 1.000000000000000000, -0.000000000000000000 ) ) ;
#5356 = CARTESIAN_POINT ( 'NONE',  ( 2.218793256249282919, -6.029767119556383115, 5.500000000000000000 ) ) ;
#5357 = EDGE_LOOP ( 'NONE', ( #53, #5708 ) ) ;
#5358 = VECTOR ( 'NONE', #4117, 1000.000000000000000 ) ;
#5359 = ORIENTED_EDGE ( 'NONE', *, *, #4142, .T. ) ;
#5360 = CARTESIAN_POINT ( 'NONE',  ( 2.564102564102670012, -11.74102564102562773, 5.500000000000000000 ) ) ;
#5361 = CARTESIAN_POINT ( 'NONE',  ( -2.499999999999925393, -7.350000000000018296, 5.500000000000000000 ) ) ;
#5362 = AXIS2_PLACEMENT_3D ( 'NONE', #6988, #4365, #7029 ) ;
#5363 = CARTESIAN_POINT ( 'NONE',  ( 1.332997238753961255, -16.43992603240431905, 5.500000000000000000 ) ) ;
#5364 = ORIENTED_EDGE ( 'NONE', *, *, #4308, .T. ) ;
#5365 = EDGE_CURVE ( 'NONE', #7001, #6357, #2972, .T. ) ;
#5366 = DIRECTION ( 'NONE',  ( -7.888609052210118054E-31, -5.605193857299268284E-45, 1.000000000000000000 ) ) ;
#5367 = ORIENTED_EDGE ( 'NONE', *, *, #2062, .T. ) ;
#5368 = DIRECTION ( 'NONE',  ( 6.982962677686265922E-15, 4.876176775795934672E-29, 1.000000000000000000 ) ) ;
#5369 = LINE ( 'NONE', #2163, #5977 ) ;
#5370 = DIRECTION ( 'NONE',  ( 6.825260543506556042E-15, -1.000000000000000000, 1.101228117168384694E-30 ) ) ;
#5371 = CARTESIAN_POINT ( 'NONE',  ( 1.243786431126708836, -8.235199538848439360, 6.000000000000000000 ) ) ;
#5372 = AXIS2_PLACEMENT_3D ( 'NONE', #4590, #3917, #2063 ) ;
#5373 = DIRECTION ( 'NONE',  ( -0.7071067811865426878, -0.7071067811865522357, 4.855924613274751128E-15 ) ) ;
#5374 = CARTESIAN_POINT ( 'NONE',  ( 0.000000000000000000, 0.000000000000000000, 0.000000000000000000 ) ) ;
#5375 = B_SPLINE_CURVE_WITH_KNOTS ( 'NONE', 3,
 ( #547, #7030, #7074, #2523, #5831, #463, #3814, #5052, #8450, #2574, #1278 ),
 .UNSPECIFIED., .F., .F.,
 ( 4, 1, 1, 1, 1, 1, 1, 1, 4 ),
 ( 0.000000000000000000, 0.1267387867356627451, 0.2498543875258565639, 0.3711825332970605795, 0.4989513846819700338, 0.6267202360668786554, 0.7501017216641029384, 0.8720976360168700703, 1.000000000000000000 ),
 .UNSPECIFIED. ) ;
#5376 = ORIENTED_EDGE ( 'NONE', *, *, #7193, .F. ) ;
#5377 = CARTESIAN_POINT ( 'NONE',  ( -1.170893051803975293, 5.288274394281541113, 6.000000000000000000 ) ) ;
#5378 = LINE ( 'NONE', #7401, #7199 ) ;
#5379 = CARTESIAN_POINT ( 'NONE',  ( -1.519822226779669494, -4.482649952413367167, 5.500000000000000000 ) ) ;
#5380 = CARTESIAN_POINT ( 'NONE',  ( 1.504068256435534101, -8.392440855827672408, 6.000000000000000000 ) ) ;
#5381 = CARTESIAN_POINT ( 'NONE',  ( -43.78102496759045437, -22.50000000000030553, 5.000000000000309974 ) ) ;
#5382 = ORIENTED_EDGE ( 'NONE', *, *, #1668, .F. ) ;
#5383 = VECTOR ( 'NONE', #7266, 1000.000000000000114 ) ;
#5384 = CARTESIAN_POINT ( 'NONE',  ( -0.6556976821604344474, -14.03671903661030562, 5.500000000000000000 ) ) ;
#5385 = CARTESIAN_POINT ( 'NONE',  ( -1.585322163427358877, -4.548316859980396920, 6.000000000000000888 ) ) ;
#5386 = AXIS2_PLACEMENT_3D ( 'NONE', #191, #2082, #753 ) ;
#5387 = CARTESIAN_POINT ( 'NONE',  ( -2.499999999999884093, -13.18333333333334956, 5.500000000000000000 ) ) ;
#5388 = CARTESIAN_POINT ( 'NONE',  ( 0.8840432797533901432, -3.298239978619769364, 6.000000000000000000 ) ) ;
#5389 = ORIENTED_EDGE ( 'NONE', *, *, #6849, .T. ) ;
#5390 = CARTESIAN_POINT ( 'NONE',  ( 1.842339940676658516, -10.40533511535816302, 5.500000000000000000 ) ) ;
#5391 = EDGE_LOOP ( 'NONE', ( #5658, #323, #5546, #28, #7112, #6113, #1033, #1084 ) ) ;
#5392 = CARTESIAN_POINT ( 'NONE',  ( 3.131316011514059253E-15, 2.799999999999999822, 3.000000000000000000 ) ) ;
#5393 = EDGE_CURVE ( 'NONE', #3182, #6955, #1682, .T. ) ;
#5394 = VECTOR ( 'NONE', #6064, 1000.000000000000000 ) ;
#5395 = CARTESIAN_POINT ( 'NONE',  ( -1.694525824979241202, -5.166905657058964429, 6.000000000000000000 ) ) ;
#5396 = CARTESIAN_POINT ( 'NONE',  ( 2.072915762085930869, -16.07111920026134300, 5.500000000000000000 ) ) ;
#5397 = DIRECTION ( 'NONE',  ( 6.982962677686265922E-15, 4.876176775795934672E-29, 1.000000000000000000 ) ) ;
#5398 = ADVANCED_FACE ( 'NONE', ( #7554 ), #6832, .T. ) ;
#5399 = CARTESIAN_POINT ( 'NONE',  ( 1.727140237337606132, -5.026018209334445430, 5.500000000000000000 ) ) ;
#5400 = EDGE_CURVE ( 'NONE', #6030, #3817, #5622, .T. ) ;
#5401 = LINE ( 'NONE', #2151, #5920 ) ;
#5402 = ORIENTED_EDGE ( 'NONE', *, *, #686, .F. ) ;
#5403 = VECTOR ( 'NONE', #3162, 1000.000000000000227 ) ;
#5404 = VECTOR ( 'NONE', #4421, 1000.000000000000000 ) ;
#5405 = CARTESIAN_POINT ( 'NONE',  ( 3.131316011514056098E-15, 2.799999999999999822, 6.000000000000000000 ) ) ;
#5406 = CARTESIAN_POINT ( 'NONE',  ( 0.4477163461539767075, -15.29270833333332824, 5.500000000000000000 ) ) ;
#5407 = EDGE_CURVE ( 'NONE', #4020, #1808, #6276, .T. ) ;
#5408 = AXIS2_PLACEMENT_3D ( 'NONE', #632, #4443, #586 ) ;
#5409 = B_SPLINE_SURFACE_WITH_KNOTS ( 'NONE', 3, 1, ( 
 ( #1975, #3221 ),
 ( #3260, #5884 ),
 ( #2057, #4583 ),
 ( #7896, #5185 ),
 ( #1892, #5845 ),
 ( #8461, #1934 ),
 ( #770, #2624 ),
 ( #3297, #4665 ),
 ( #4494, #3388 ),
 ( #4539, #7169 ),
 ( #1291, #3911 ) ),
 .UNSPECIFIED., .F., .F., .F.,
 ( 4, 1, 1, 1, 1, 1, 1, 1, 4 ),
 ( 2, 2 ),
 ( 0.000000000000000000, 0.1240354330026178092, 0.2428459548115296518, 0.3603416824496159521, 0.4790424316556555762, 0.5993341100427890256, 0.7254884757708262022, 0.8585494285274631876, 1.000000000000000000 ),
 ( 0.000000000000000000, 1.000000000000000000 ),
 .UNSPECIFIED. ) ;
#5410 = VECTOR ( 'NONE', #1596, 1000.000000000000000 ) ;
#5411 = LINE ( 'NONE', #864, #5383 ) ;
#5412 = ORIENTED_EDGE ( 'NONE', *, *, #7354, .F. ) ;
#5413 = DIRECTION ( 'NONE',  ( -6.982962677686265922E-15, 1.000000000000000000, 0.000000000000000000 ) ) ;
#5414 = EDGE_LOOP ( 'NONE', ( #3586, #6320, #7187, #2623 ) ) ;
#5415 = CARTESIAN_POINT ( 'NONE',  ( 2.628205128205255203, -14.79090544871792723, 5.500000000000000888 ) ) ;
#5416 = DIRECTION ( 'NONE',  ( -0.9361639956103079419, -0.3515636120575384993, -7.888609052210118054E-31 ) ) ;
#5417 = AXIS2_PLACEMENT_3D ( 'NONE', #7625, #7748, #3763 ) ;
#5418 = CARTESIAN_POINT ( 'NONE',  ( 3.131316011514043870E-15, 2.799999999999999822, 14.31370849898475939 ) ) ;
#5419 = CIRCLE ( 'NONE', #1735, 3.099999999999998757 ) ;
#5420 = EDGE_CURVE ( 'NONE', #6916, #7798, #298, .T. ) ;
#5421 = CARTESIAN_POINT ( 'NONE',  ( 1.728006989474372368, -8.833098711249498081, 6.000000000000000000 ) ) ;
#5422 = VECTOR ( 'NONE', #3871, 1000.000000000000000 ) ;
#5423 = CARTESIAN_POINT ( 'NONE',  ( -54.99999999999981526, -20.50000000000038369, 2.500000000000372591 ) ) ;
#5424 = ORIENTED_EDGE ( 'NONE', *, *, #56, .F. ) ;
#5425 = CARTESIAN_POINT ( 'NONE',  ( 2.434258557892062580, -8.165404252283305908, 5.500000000000000000 ) ) ;
#5426 = CARTESIAN_POINT ( 'NONE',  ( 1.730769230769288347, -4.939142628205118513, 6.000000000000000000 ) ) ;
#5427 = PLANE ( 'NONE',  #1725 ) ;
#5428 = CARTESIAN_POINT ( 'NONE',  ( -0.07680685473083724568, -4.145201574091094798, 5.500000000000000888 ) ) ;
#5429 = CARTESIAN_POINT ( 'NONE',  ( 2.125457166559236999, -11.20133024891813989, 6.000000000000000000 ) ) ;
#5430 = CARTESIAN_POINT ( 'NONE',  ( 0.2304785177807270602, -4.147324464839866387, 5.500000000000000000 ) ) ;
#5431 = PLANE ( 'NONE',  #5103 ) ;
#5432 = CARTESIAN_POINT ( 'NONE',  ( 0.9943474218166837852, -4.237896282243026391, 6.000000000000000000 ) ) ;
#5433 = DIRECTION ( 'NONE',  ( -6.867314445954479045E-15, -4.797243844499407540E-29, -1.000000000000000000 ) ) ;
#5434 = B_SPLINE_CURVE_WITH_KNOTS ( 'NONE', 3,
 ( #1017, #4960, #5074, #4316, #3072, #7623, #5693, #4271, #5562, #7018, #6943, #2435, #2993, #1061, #8347, #3117, #7061, #4917, #1664 ),
 .UNSPECIFIED., .F., .F.,
 ( 4, 1, 1, 1, 1, 1, 1, 1, 1, 1, 1, 1, 1, 1, 1, 1, 4 ),
 ( 0.000000000000000000, 0.06116154996539596711, 0.1203363801759606694, 0.1783898341784805885, 0.2358655101693931111, 0.2941823526725293458, 0.3532419669828836817, 0.4136922142579403383, 0.4761376879043047183, 0.5394336096482432730, 0.6023842390965556959, 0.6644303114771669128, 0.7277262332211056339, 0.7924691057685016027, 0.8591605019104372465, 0.9281559975465446533, 1.000000000000000000 ),
 .UNSPECIFIED. ) ;
#5435 = CARTESIAN_POINT ( 'NONE',  ( 1.477005619848393847, -9.469061039872283203, 5.500000000000000000 ) ) ;
#5436 = CARTESIAN_POINT ( 'NONE',  ( 0.4683319164841045490, -3.258837825034729185, 6.000000000000000000 ) ) ;
#5437 = ORIENTED_EDGE ( 'NONE', *, *, #1524, .F. ) ;
#5438 = CARTESIAN_POINT ( 'NONE',  ( 2.580482831287405521, -9.401175411783805558, 5.999999999999999112 ) ) ;
#5439 = ORIENTED_EDGE ( 'NONE', *, *, #7827, .T. ) ;
#5440 = CARTESIAN_POINT ( 'NONE',  ( 1.909054114739532348, -12.28061468011469870, 6.000000000000000000 ) ) ;
#5441 = CARTESIAN_POINT ( 'NONE',  ( -0.9410415836313309468, -5.673966946163640834, 6.000000000000000000 ) ) ;
#5442 = DIRECTION ( 'NONE',  ( 0.9854584092670862772, -0.1699168137789309752, 7.888609052210118054E-31 ) ) ;
#5443 = ORIENTED_EDGE ( 'NONE', *, *, #2218, .T. ) ;
#5444 = EDGE_LOOP ( 'NONE', ( #967, #1614, #1644, #4664 ) ) ;
#5445 = CARTESIAN_POINT ( 'NONE',  ( 0.5343457804302563785, -8.259900672111946562, 6.000000000000000000 ) ) ;
#5446 = ORIENTED_EDGE ( 'NONE', *, *, #910, .F. ) ;
#5447 = ORIENTED_EDGE ( 'NONE', *, *, #7719, .F. ) ;
#5448 = CARTESIAN_POINT ( 'NONE',  ( 2.228279855033886925, -12.24874452316575635, 6.000000000000000000 ) ) ;
#5449 = LINE ( 'NONE', #6747, #3611 ) ;
#5450 = EDGE_CURVE ( 'NONE', #620, #7044, #2920, .T. ) ;
#5451 = EDGE_CURVE ( 'NONE', #4114, #4970, #4799, .T. ) ;
#5452 = PLANE ( 'NONE',  #8171 ) ;
#5453 = DIRECTION ( 'NONE',  ( 0.6715005319085796121, -0.7410040726247695275, 7.888609052210119806E-31 ) ) ;
#5454 = ORIENTED_EDGE ( 'NONE', *, *, #4535, .F. ) ;
#5455 = LINE ( 'NONE', #5944, #7460 ) ;
#5456 = VERTEX_POINT ( 'NONE', #4208 ) ;
#5457 = DIRECTION ( 'NONE',  ( -7.888609052210118054E-31, -5.605193857299268284E-45, 1.000000000000000000 ) ) ;
#5458 = CARTESIAN_POINT ( 'NONE',  ( 0.002003205128257268611, -4.144871794871797910, 5.500000000000000000 ) ) ;
#5459 = ORIENTED_EDGE ( 'NONE', *, *, #2474, .F. ) ;
#5460 = CARTESIAN_POINT ( 'NONE',  ( 43.78102496759087359, -22.49999999999969802, 2.999999999999700240 ) ) ;
#5461 = ADVANCED_FACE ( 'NONE', ( #4974 ), #7598, .F. ) ;
#5462 = EDGE_CURVE ( 'NONE', #7798, #4056, #8408, .T. ) ;
#5463 = DIRECTION ( 'NONE',  ( -7.888609052210118054E-31, -5.605193857299268284E-45, 1.000000000000000000 ) ) ;
#5464 = DIRECTION ( 'NONE',  ( -7.888609052210118054E-31, -5.605193857299268284E-45, 1.000000000000000000 ) ) ;
#5465 = ORIENTED_EDGE ( 'NONE', *, *, #7151, .T. ) ;
#5466 = CARTESIAN_POINT ( 'NONE',  ( -2.457551889839459047, -5.688051621281583259, 5.500000000000000888 ) ) ;
#5467 = DIRECTION ( 'NONE',  ( 1.000000000000000000, 6.982962677686265922E-15, 7.888609052210118054E-31 ) ) ;
#5468 = FACE_OUTER_BOUND ( 'NONE', #892, .T. ) ;
#5469 = EDGE_CURVE ( 'NONE', #2714, #8256, #356, .T. ) ;
#5470 = CARTESIAN_POINT ( 'NONE',  ( -0.9854727030934693488, -4.227946489444667222, 5.500000000000000888 ) ) ;
#5471 = LINE ( 'NONE', #1710, #2420 ) ;
#5472 = CARTESIAN_POINT ( 'NONE',  ( 0.4474438444037930895, -4.157622263290524423, 5.999999999999999112 ) ) ;
#5473 = FACE_OUTER_BOUND ( 'NONE', #1425, .T. ) ;
#5474 = CARTESIAN_POINT ( 'NONE',  ( 0.3814531427014014597, -13.17759346612560201, 5.500000000000000888 ) ) ;
#5475 = CARTESIAN_POINT ( 'NONE',  ( -0.4136713454845279969, -7.825754680710063305, 6.000000000000000000 ) ) ;
#5476 = DIRECTION ( 'NONE',  ( 6.982962677686265922E-15, 4.876176775795934672E-29, 1.000000000000000000 ) ) ;
#5477 = CARTESIAN_POINT ( 'NONE',  ( -2.499999999999909406, -9.626642628205145158, 6.000000000000000000 ) ) ;
#5478 = CARTESIAN_POINT ( 'NONE',  ( 43.99999999999981526, 19.70000000000029772, -9.676776322722652424 ) ) ;
#5479 = ORIENTED_EDGE ( 'NONE', *, *, #5531, .T. ) ;
#5480 = CARTESIAN_POINT ( 'NONE',  ( 2.625912126377379696, -5.067577576158011077, 5.500000000000000888 ) ) ;
#5481 = PLANE ( 'NONE',  #7573 ) ;
#5482 = ORIENTED_EDGE ( 'NONE', *, *, #2066, .T. ) ;
#5483 = DIRECTION ( 'NONE',  ( -0.9989839990757113375, -0.04506627997404808600, -7.888609052210118054E-31 ) ) ;
#5484 = CARTESIAN_POINT ( 'NONE',  ( -1.778747808767212391, -6.336910544657524014, 6.000000000000000000 ) ) ;
#5485 = DIRECTION ( 'NONE',  ( -6.982962677686265133E-15, 1.000000000000000000, 0.000000000000000000 ) ) ;
#5486 = ORIENTED_EDGE ( 'NONE', *, *, #2286, .F. ) ;
#5487 = CARTESIAN_POINT ( 'NONE',  ( 2.409843370120654971, 1.475177396220332060, 2.276695463209204906 ) ) ;
#5488 = CARTESIAN_POINT ( 'NONE',  ( 0.2526678981406557112, -8.487551720725436510, 5.500000000000000000 ) ) ;
#5489 = ORIENTED_EDGE ( 'NONE', *, *, #7090, .T. ) ;
#5490 = ORIENTED_EDGE ( 'NONE', *, *, #7563, .F. ) ;
#5491 = FACE_OUTER_BOUND ( 'NONE', #2404, .T. ) ;
#5492 = DIRECTION ( 'NONE',  ( -7.888609052210118054E-31, -5.605193857299268284E-45, 1.000000000000000000 ) ) ;
#5493 = CIRCLE ( 'NONE', #1256, 1.550000000000002709 ) ;
#5494 = DIRECTION ( 'NONE',  ( 1.000000000000000000, 6.867314445954479045E-15, 7.888609052210118054E-31 ) ) ;
#5495 = CARTESIAN_POINT ( 'NONE',  ( 0.3733089833663621460, -9.389868667784012857, 6.000000000000000000 ) ) ;
#5496 = EDGE_LOOP ( 'NONE', ( #3064, #304 ) ) ;
#5497 = CARTESIAN_POINT ( 'NONE',  ( 1.239809690051751456, -13.14619769088631251, 6.000000000000000000 ) ) ;
#5498 = VECTOR ( 'NONE', #5881, 1000.000000000000000 ) ;
#5499 = ORIENTED_EDGE ( 'NONE', *, *, #1116, .T. ) ;
#5500 = CARTESIAN_POINT ( 'NONE',  ( 0.6042115278615280971, -14.06563777755127020, 5.500000000000000000 ) ) ;
#5501 = ORIENTED_EDGE ( 'NONE', *, *, #3470, .F. ) ;
#5502 = CARTESIAN_POINT ( 'NONE',  ( 1.551259928885979855, -3.457608344904498310, 5.500000000000000888 ) ) ;
#5503 = AXIS2_PLACEMENT_3D ( 'NONE', #2902, #833, #3456 ) ;
#5504 = CARTESIAN_POINT ( 'NONE',  ( -2.423274939833160335, -4.145137321215554671, 5.500000000000000888 ) ) ;
#5505 = LINE ( 'NONE', #6638, #3622 ) ;
#5506 = ORIENTED_EDGE ( 'NONE', *, *, #7594, .T. ) ;
#5507 = CARTESIAN_POINT ( 'NONE',  ( 0.2074927377459336586, -9.170874645364621713, 6.000000000000000000 ) ) ;
#5508 = CARTESIAN_POINT ( 'NONE',  ( -55.00000000000002132, 7.299999999999617017, 3.736546064168835993E-13 ) ) ;
#5509 = CARTESIAN_POINT ( 'NONE',  ( 1.555078288816384768, -15.22477593725594147, 6.000000000000000000 ) ) ;
#5510 = ADVANCED_FACE ( 'NONE', ( #4408 ), #8330, .F. ) ;
#5511 = VECTOR ( 'NONE', #502, 1000.000000000000000 ) ;
#5512 = EDGE_CURVE ( 'NONE', #4438, #3429, #8166, .T. ) ;
#5513 = CARTESIAN_POINT ( 'NONE',  ( -1.680727110157556714, -4.692613845487351831, 5.500000000000000888 ) ) ;
#5514 =( NAMED_UNIT ( * ) SI_UNIT ( $, .STERADIAN. ) SOLID_ANGLE_UNIT ( ) );
#5515 = CARTESIAN_POINT ( 'NONE',  ( 1.699965765326822753, -8.692978377281193048, 6.000000000000000000 ) ) ;
#5516 = CARTESIAN_POINT ( 'NONE',  ( -1.132966532427845952, -5.624209674478934495, 5.500000000000000000 ) ) ;
#5517 = ADVANCED_FACE ( 'NONE', ( #2579 ), #7121, .F. ) ;
#5518 = EDGE_CURVE ( 'NONE', #6745, #3092, #5034, .T. ) ;
#5519 = VECTOR ( 'NONE', #7986, 1000.000000000000000 ) ;
#5520 = CARTESIAN_POINT ( 'NONE',  ( 1.272682175554596729, -4.328622062151054273, 6.000000000000000000 ) ) ;
#5521 = CARTESIAN_POINT ( 'NONE',  ( -0.05577673652070037208, -7.526380475452828733, 6.000000000000000000 ) ) ;
#5522 = DIRECTION ( 'NONE',  ( 0.4417723297375645286, 0.8971271976025720907, 3.944304526105058589E-31 ) ) ;
#5523 = LINE ( 'NONE', #7374, #7156 ) ;
#5524 = CARTESIAN_POINT ( 'NONE',  ( 21.00000000000019185, -19.49999999999985079, 4.999999999999861444 ) ) ;
#5525 = ORIENTED_EDGE ( 'NONE', *, *, #2664, .T. ) ;
#5526 = CARTESIAN_POINT ( 'NONE',  ( 1.282051282051379193, -10.61923076923076081, 6.000000000000000000 ) ) ;
#5527 = CARTESIAN_POINT ( 'NONE',  ( -2.556885336192701530, 3.812342519882829794, 6.000000000000000000 ) ) ;
#5528 = VECTOR ( 'NONE', #6252, 1000.000000000000000 ) ;
#5529 = ORIENTED_EDGE ( 'NONE', *, *, #6420, .T. ) ;
#5530 = FACE_OUTER_BOUND ( 'NONE', #1038, .T. ) ;
#5531 = EDGE_CURVE ( 'NONE', #1568, #3996, #7081, .T. ) ;
#5532 = CARTESIAN_POINT ( 'NONE',  ( -0.4330878365113808304, -5.733787660365335270, 5.999999999999999112 ) ) ;
#5533 = CIRCLE ( 'NONE', #5117, 4.000000000000000000 ) ;
#5534 = DIRECTION ( 'NONE',  ( -0.1699168137789309752, -0.9854584092670862772, 0.000000000000000000 ) ) ;
#5535 = DIRECTION ( 'NONE',  ( -0.7984567285931212233, -0.6020522008633227840, -7.888609052210117178E-31 ) ) ;
#5536 = EDGE_LOOP ( 'NONE', ( #1823, #5027, #2203, #8022 ) ) ;
#5537 = FACE_OUTER_BOUND ( 'NONE', #6696, .T. ) ;
#5538 = CARTESIAN_POINT ( 'NONE',  ( 0.1292793429747352285, -8.799876433018562594, 6.000000000000000000 ) ) ;
#5539 = ORIENTED_EDGE ( 'NONE', *, *, #6090, .F. ) ;
#5540 = ORIENTED_EDGE ( 'NONE', *, *, #6366, .F. ) ;
#5541 = PLANE ( 'NONE',  #6120 ) ;
#5542 = AXIS2_PLACEMENT_3D ( 'NONE', #8344, #2466, #1310 ) ;
#5543 = EDGE_CURVE ( 'NONE', #3866, #725, #3170, .T. ) ;
#5544 = B_SPLINE_CURVE_WITH_KNOTS ( 'NONE', 3,
 ( #6454, #47, #5283, #7860, #1989, #7098, #4600, #3310, #7907, #1220, #3834 ),
 .UNSPECIFIED., .F., .F.,
 ( 4, 1, 1, 1, 1, 1, 1, 1, 4 ),
 ( 0.000000000000000000, 0.1282866987618464516, 0.2506491995582647569, 0.3733704039480724712, 0.5006250300408716658, 0.6280306874487195934, 0.7497234130807245434, 0.8728803749276717872, 1.000000000000000000 ),
 .UNSPECIFIED. ) ;
#5545 = CARTESIAN_POINT ( 'NONE',  ( 25.69999999999993179, 18.85000000000018616, 4.999999999999821476 ) ) ;
#5546 = ORIENTED_EDGE ( 'NONE', *, *, #2790, .T. ) ;
#5547 = FACE_OUTER_BOUND ( 'NONE', #1255, .T. ) ;
#5548 = VECTOR ( 'NONE', #5157, 1000.000000000000000 ) ;
#5549 = CYLINDRICAL_SURFACE ( 'NONE', #3915, 1.549999999999999600 ) ;
#5550 = ORIENTED_EDGE ( 'NONE', *, *, #1897, .F. ) ;
#5551 = EDGE_LOOP ( 'NONE', ( #3315, #6857, #1251, #5376 ) ) ;
#5552 = CARTESIAN_POINT ( 'NONE',  ( -1.605883729056647891, 0.1483707935023975133, 3.000000000000000000 ) ) ;
#5553 = AXIS2_PLACEMENT_3D ( 'NONE', #4813, #271, #8291 ) ;
#5554 = VECTOR ( 'NONE', #6527, 1000.000000000000000 ) ;
#5555 = DIRECTION ( 'NONE',  ( -6.982962677686265922E-15, 1.000000000000000000, 0.000000000000000000 ) ) ;
#5556 = EDGE_LOOP ( 'NONE', ( #1415, #2819, #5935, #7301 ) ) ;
#5557 = CARTESIAN_POINT ( 'NONE',  ( 3.131316011514059253E-15, 2.799999999999999822, 3.000000000000000000 ) ) ;
#5558 = VERTEX_POINT ( 'NONE', #4621 ) ;
#5559 = CARTESIAN_POINT ( 'NONE',  ( 2.025603872369384550, 0.4533153274796024590, 6.000000000000000000 ) ) ;
#5560 = DIRECTION ( 'NONE',  ( 6.982962677686265922E-15, -1.000000000000000000, 0.000000000000000000 ) ) ;
#5561 = AXIS2_PLACEMENT_3D ( 'NONE', #1192, #6337, #5044 ) ;
#5562 = CARTESIAN_POINT ( 'NONE',  ( 1.556818638489782414, -14.27971895445483952, 6.000000000000000000 ) ) ;
#5563 = CARTESIAN_POINT ( 'NONE',  ( -1.709563522345625364, -4.771175904835240011, 5.500000000000000888 ) ) ;
#5564 = CARTESIAN_POINT ( 'NONE',  ( 17.00000000000022027, -22.49999999999987921, 4.999999999999881872 ) ) ;
#5565 = CARTESIAN_POINT ( 'NONE',  ( -16.99999999999982947, -16.50000000000011724, 5.000000000000123457 ) ) ;
#5566 = DIRECTION ( 'NONE',  ( -6.982962677686265133E-15, 1.000000000000000000, 0.000000000000000000 ) ) ;
#5567 = ORIENTED_EDGE ( 'NONE', *, *, #5451, .T. ) ;
#5568 = VECTOR ( 'NONE', #4192, 1000.000000000000227 ) ;
#5569 = EDGE_CURVE ( 'NONE', #2208, #6731, #1367, .T. ) ;
#5570 = EDGE_CURVE ( 'NONE', #2029, #5179, #2017, .T. ) ;
#5571 = CARTESIAN_POINT ( 'NONE',  ( 9.550000000000217426, -27.49999999999993250, 2.999999999999997335 ) ) ;
#5572 = CARTESIAN_POINT ( 'NONE',  ( -0.1298145265605378518, 5.897280773306459167, 6.000000000000000000 ) ) ;
#5573 = DIRECTION ( 'NONE',  ( 0.3845695101368040159, -0.9230960361052031882, 3.944304526105059903E-31 ) ) ;
#5574 = CARTESIAN_POINT ( 'NONE',  ( 1.282051282051372088, -9.593589743589737040, 6.000000000000000000 ) ) ;
#5575 = FACE_OUTER_BOUND ( 'NONE', #3658, .T. ) ;
#5576 = ORIENTED_EDGE ( 'NONE', *, *, #3711, .T. ) ;
#5577 = DIRECTION ( 'NONE',  ( -7.888609052210118054E-31, -5.605193857299268284E-45, 1.000000000000000000 ) ) ;
#5578 = ADVANCED_FACE ( 'NONE', ( #1928 ), #6648, .F. ) ;
#5579 = EDGE_LOOP ( 'NONE', ( #120, #2524, #2298, #8267 ) ) ;
#5580 = LINE ( 'NONE', #5620, #7148 ) ;
#5581 = ADVANCED_FACE ( 'NONE', ( #30 ), #3422, .F. ) ;
#5582 = DIRECTION ( 'NONE',  ( -0.7167035096919980308, -0.6973780030909865202, -7.888609052210118054E-31 ) ) ;
#5583 = ORIENTED_EDGE ( 'NONE', *, *, #6104, .T. ) ;
#5584 = CARTESIAN_POINT ( 'NONE',  ( -61.00000000000000711, 5.299999999999573497, 4.155523824830011491E-13 ) ) ;
#5585 = ORIENTED_EDGE ( 'NONE', *, *, #7889, .F. ) ;
#5586 = CARTESIAN_POINT ( 'NONE',  ( 2.626608055058677671, -8.900409650328676037, 6.000000000000000000 ) ) ;
#5587 = FACE_OUTER_BOUND ( 'NONE', #5630, .T. ) ;
#5588 = ORIENTED_EDGE ( 'NONE', *, *, #6853, .F. ) ;
#5589 = ADVANCED_FACE ( 'NONE', ( #3336 ), #4579, .T. ) ;
#5590 = EDGE_CURVE ( 'NONE', #905, #6972, #804, .T. ) ;
#5591 = ORIENTED_EDGE ( 'NONE', *, *, #3798, .T. ) ;
#5592 = CARTESIAN_POINT ( 'NONE',  ( 46.99999999999980105, -16.49999999999966960, -50.00000000000032685 ) ) ;
#5593 = CARTESIAN_POINT ( 'NONE',  ( -0.7692307692306433742, -14.63465544871795387, 5.500000000000000000 ) ) ;
#5594 = CARTESIAN_POINT ( 'NONE',  ( 3.083017875641648420, 3.124038236129737189, 2.263451893019722938 ) ) ;
#5595 = ORIENTED_EDGE ( 'NONE', *, *, #1602, .T. ) ;
#5596 = CARTESIAN_POINT ( 'NONE',  ( 3.131316011514059253E-15, 2.799999999999999822, 3.000000000000000000 ) ) ;
#5597 = SURFACE_STYLE_FILL_AREA ( #6326 ) ;
#5598 = EDGE_LOOP ( 'NONE', ( #6377, #1526, #8301, #1004, #4864, #5638, #6239, #2939, #7378, #1760, #2124, #5165 ) ) ;
#5599 = EDGE_CURVE ( 'NONE', #5315, #8136, #900, .T. ) ;
#5600 = ORIENTED_EDGE ( 'NONE', *, *, #2236, .T. ) ;
#5601 = DIRECTION ( 'NONE',  ( -1.000000000000000000, -7.178166107490237014E-15, 0.000000000000000000 ) ) ;
#5602 = CARTESIAN_POINT ( 'NONE',  ( -1.666666666666581254, -8.915504807692320455, 6.000000000000000000 ) ) ;
#5603 = CARTESIAN_POINT ( 'NONE',  ( 38.29999999999993321, 18.85000000000027143, 4.999999999999733546 ) ) ;
#5604 = ORIENTED_EDGE ( 'NONE', *, *, #475, .T. ) ;
#5605 = DIRECTION ( 'NONE',  ( -6.982962677686265133E-15, 1.000000000000000000, 0.000000000000000000 ) ) ;
#5606 = CARTESIAN_POINT ( 'NONE',  ( 1.537591692291900625, -4.498988153061262985, 6.000000000000000000 ) ) ;
#5607 = CARTESIAN_POINT ( 'NONE',  ( 1.925558118862802592, 0.3705502822899269799, 3.000000000000000000 ) ) ;
#5608 = LINE ( 'NONE', #2263, #7339 ) ;
#5609 = FACE_OUTER_BOUND ( 'NONE', #5926, .T. ) ;
#5610 = DIRECTION ( 'NONE',  ( -7.888609052210118054E-31, -5.508586259044128230E-45, 1.000000000000000000 ) ) ;
#5611 = ORIENTED_EDGE ( 'NONE', *, *, #1482, .F. ) ;
#5612 = CARTESIAN_POINT ( 'NONE',  ( 1.561532611812908700, -11.43652615691555319, 6.000000000000000000 ) ) ;
#5613 = CARTESIAN_POINT ( 'NONE',  ( 3.131316011514059253E-15, 2.799999999999999822, 3.000000000000000000 ) ) ;
#5614 = CARTESIAN_POINT ( 'NONE',  ( -53.90000000000002700, 7.299999999999624123, 3.659733474714286933E-13 ) ) ;
#5615 = CARTESIAN_POINT ( 'NONE',  ( 0.4477163461539767630, -15.29270833333332824, 6.000000000000000000 ) ) ;
#5616 = CARTESIAN_POINT ( 'NONE',  ( 1.089041879867784557, -14.02830300341230974, 5.500000000000000000 ) ) ;
#5617 = ORIENTED_EDGE ( 'NONE', *, *, #5590, .T. ) ;
#5618 =( LENGTH_UNIT ( ) NAMED_UNIT ( * ) SI_UNIT ( .MILLI., .METRE. ) );
#5619 = ORIENTED_EDGE ( 'NONE', *, *, #4144, .F. ) ;
#5620 = CARTESIAN_POINT ( 'NONE',  ( -2.224796734531076847, 1.183590556195663224, 3.000000000000000000 ) ) ;
#5621 = EDGE_CURVE ( 'NONE', #4020, #7196, #7248, .T. ) ;
#5622 = LINE ( 'NONE', #3657, #4044 ) ;
#5623 = ORIENTED_EDGE ( 'NONE', *, *, #4022, .F. ) ;
#5624 = CARTESIAN_POINT ( 'NONE',  ( -2.684678751731771396, 4.349999999999974776, 3.000000000000000000 ) ) ;
#5625 = DIRECTION ( 'NONE',  ( 0.9941829972169000662, 0.1077040762683629249, 7.888609052210117178E-31 ) ) ;
#5626 = DIRECTION ( 'NONE',  ( -6.982962677686265922E-15, -4.876176775795934672E-29, -1.000000000000000000 ) ) ;
#5627 = ORIENTED_EDGE ( 'NONE', *, *, #7572, .T. ) ;
#5628 = ADVANCED_FACE ( 'NONE', ( #2745 ), #5878, .F. ) ;
#5630 = EDGE_LOOP ( 'NONE', ( #5213, #2455, #1461, #4182 ) ) ;
#5629 = EDGE_CURVE ( 'NONE', #743, #408, #2707, .T. ) ;
#5631 = LINE ( 'NONE', #1772, #6758 ) ;
#5632 = EDGE_CURVE ( 'NONE', #1124, #4283, #492, .T. ) ;
#5633 = CARTESIAN_POINT ( 'NONE',  ( -32.00000000000004263, 12.49999999999977973, 5.000000000000228262 ) ) ;
#5634 = VERTEX_POINT ( 'NONE', #7928 ) ;
#5635 = DIRECTION ( 'NONE',  ( 1.000000000000000000, 6.888341397178440152E-15, 7.888609052210118054E-31 ) ) ;
#5636 = VERTEX_POINT ( 'NONE', #7209 ) ;
#5637 = AXIS2_PLACEMENT_3D ( 'NONE', #1383, #3438, #3998 ) ;
#5638 = ORIENTED_EDGE ( 'NONE', *, *, #5621, .T. ) ;
#5639 = DIRECTION ( 'NONE',  ( 0.9998424674825469038, 0.01774937233854305407, 7.888609052210117178E-31 ) ) ;
#5640 = VECTOR ( 'NONE', #6408, 1000.000000000000000 ) ;
#5641 = DIRECTION ( 'NONE',  ( 1.000000000000000000, 6.888341397178440152E-15, -6.982962677686265922E-15 ) ) ;
#5642 = VERTEX_POINT ( 'NONE', #2050 ) ;
#5643 = CARTESIAN_POINT ( 'NONE',  ( 2.025603872369383662, 0.4533153274796011267, 3.000000000000000000 ) ) ;
#5644 = ORIENTED_EDGE ( 'NONE', *, *, #2544, .F. ) ;
#5645 = LINE ( 'NONE', #535, #1035 ) ;
#5646 = DIRECTION ( 'NONE',  ( -7.888609052210118054E-31, -5.605193857299268284E-45, 1.000000000000000000 ) ) ;
#5647 = FACE_BOUND ( 'NONE', #1600, .T. ) ;
#5648 = CARTESIAN_POINT ( 'NONE',  ( 0.4477163461539355183, -9.459374999999997868, 5.500000000000000000 ) ) ;
#5649 = CARTESIAN_POINT ( 'NONE',  ( -1.646091130994188800, -5.271597984160343309, 6.000000000000000000 ) ) ;
#5650 = VECTOR ( 'NONE', #890, 1000.000000000000114 ) ;
#5651 = CARTESIAN_POINT ( 'NONE',  ( -1.127282913594402469, -4.265567207093421409, 6.000000000000000000 ) ) ;
#5652 = STYLED_ITEM ( 'NONE', ( #734 ), #1676 ) ;
#5653 = CARTESIAN_POINT ( 'NONE',  ( 2.427699548837081611, -9.796941760483933948, 6.000000000000000000 ) ) ;
#5654 = CARTESIAN_POINT ( 'NONE',  ( 2.857775769924340903, 4.001298318001551557, 2.276695463209207571 ) ) ;
#5655 = LINE ( 'NONE', #2572, #1579 ) ;
#5656 = LINE ( 'NONE', #7073, #3874 ) ;
#5657 = DIRECTION ( 'NONE',  ( -7.888609052210118054E-31, -5.605193857299268284E-45, 1.000000000000000000 ) ) ;
#5658 = ORIENTED_EDGE ( 'NONE', *, *, #3532, .T. ) ;
#5659 = CARTESIAN_POINT ( 'NONE',  ( 1.564963387258391236, -13.23901729331793575, 5.999999999999999112 ) ) ;
#5660 = VERTEX_POINT ( 'NONE', #6043 ) ;
#5661 = DIRECTION ( 'NONE',  ( 7.025016580134188924E-15, 4.904879659903762618E-29, 1.000000000000000000 ) ) ;
#5662 = VECTOR ( 'NONE', #6818, 1000.000000000000000 ) ;
#5663 = CARTESIAN_POINT ( 'NONE',  ( 25.69999999999989626, 18.85000000000018616, -1.759926938645836044E-13 ) ) ;
#5664 = CARTESIAN_POINT ( 'NONE',  ( 3.131316011514056098E-15, 2.799999999999999822, 6.000000000000000000 ) ) ;
#5665 = CARTESIAN_POINT ( 'NONE',  ( 1.705591011689385317, -14.94848811555176660, 5.500000000000000000 ) ) ;
#5666 = AXIS2_PLACEMENT_3D ( 'NONE', #6192, #6794, #7388 ) ;
#5667 = DIRECTION ( 'NONE',  ( 1.000000000000000000, 6.715058616684402777E-15, -6.994852725712919592E-15 ) ) ;
#5668 = CARTESIAN_POINT ( 'NONE',  ( 0.1282051282052543151, -14.70276442307691944, 5.500000000000000888 ) ) ;
#5669 = CARTESIAN_POINT ( 'NONE',  ( 0.9194711538462754241, -14.01666666666665861, 6.000000000000000000 ) ) ;
#5670 = VERTEX_POINT ( 'NONE', #7965 ) ;
#5671 = ORIENTED_EDGE ( 'NONE', *, *, #2106, .T. ) ;
#5672 = EDGE_CURVE ( 'NONE', #2153, #5111, #84, .T. ) ;
#5673 = LINE ( 'NONE', #7523, #6908 ) ;
#5674 = CIRCLE ( 'NONE', #5949, 1.550000000000002709 ) ;
#5675 = ADVANCED_FACE ( 'NONE', ( #1332 ), #7878, .T. ) ;
#5676 = CARTESIAN_POINT ( 'NONE',  ( 2.905574167424861631, 3.880573346697639980, 6.000000000000000000 ) ) ;
#5677 = ADVANCED_FACE ( 'NONE', ( #4196 ), #8057, .F. ) ;
#5678 = ORIENTED_EDGE ( 'NONE', *, *, #2386, .F. ) ;
#5679 = CARTESIAN_POINT ( 'NONE',  ( -0.7692307692306433742, -14.63465544871795387, 6.000000000000000000 ) ) ;
#5680 = VERTEX_POINT ( 'NONE', #4882 ) ;
#5681 = AXIS2_PLACEMENT_3D ( 'NONE', #2856, #5464, #2212 ) ;
#5682 = ORIENTED_EDGE ( 'NONE', *, *, #6787, .F. ) ;
#5683 = EDGE_CURVE ( 'NONE', #7612, #7386, #1536, .T. ) ;
#5684 = CYLINDRICAL_SURFACE ( 'NONE', #5231, 1.449999999999999956 ) ;
#5685 = EDGE_CURVE ( 'NONE', #1903, #3194, #219, .T. ) ;
#5686 = VECTOR ( 'NONE', #2260, 1000.000000000000000 ) ;
#5687 = COLOUR_RGB ( '',0.7921568627450980005, 0.8196078431372548767, 0.9333333333333333481 ) ;
#5688 = DIRECTION ( 'NONE',  ( 0.2920876579271787232, 0.9563915516599963418, 3.944304526105059027E-31 ) ) ;
#5689 = EDGE_LOOP ( 'NONE', ( #3124, #849 ) ) ;
#5690 = PLANE ( 'NONE',  #8012 ) ;
#5691 = VERTEX_POINT ( 'NONE', #1670 ) ;
#5692 = DIRECTION ( 'NONE',  ( -0.9998424674825467928, -0.01774937233854305060, -7.888609052210117178E-31 ) ) ;
#5693 = CARTESIAN_POINT ( 'NONE',  ( 1.642595037696846338, -14.39737319081734057, 6.000000000000000000 ) ) ;
#5694 = CARTESIAN_POINT ( 'NONE',  ( 2.409843370120654527, 1.475177396220332060, 3.000000000000000000 ) ) ;
#5695 = PRESENTATION_LAYER_ASSIGNMENT (  '', '', ( #897 ) ) ;
#5696 = FACE_OUTER_BOUND ( 'NONE', #3668, .T. ) ;
#5697 = CARTESIAN_POINT ( 'NONE',  ( -1.725216523434134119, -5.055380598290178717, 6.000000000000000000 ) ) ;
#5698 = AXIS2_PLACEMENT_3D ( 'NONE', #3736, #1162, #7497 ) ;
#5699 = EDGE_CURVE ( 'NONE', #1042, #2763, #4504, .T. ) ;
#5700 = CARTESIAN_POINT ( 'NONE',  ( -42.21897503240911931, -22.50000000000029488, 5.000000000000299316 ) ) ;
#5701 = VECTOR ( 'NONE', #243, 1000.000000000000000 ) ;
#5702 = VECTOR ( 'NONE', #6421, 1000.000000000000227 ) ;
#5703 = CARTESIAN_POINT ( 'NONE',  ( 2.270335163401764778, -10.03265414306578940, 6.000000000000000000 ) ) ;
#5704 = CARTESIAN_POINT ( 'NONE',  ( -0.7433387117994578741, -9.031409872784715631, 5.999999999999999112 ) ) ;
#5705 = CARTESIAN_POINT ( 'NONE',  ( 1.239809690051709934, -7.312864357552980366, 5.500000000000000000 ) ) ;
#5706 = CARTESIAN_POINT ( 'NONE',  ( -0.8959985705278818990, 5.767690442349401536, 3.000000000000000000 ) ) ;
#5707 = CARTESIAN_POINT ( 'NONE',  ( 3.131316011514056098E-15, 2.799999999999999822, 6.000000000000000000 ) ) ;
#5708 = ORIENTED_EDGE ( 'NONE', *, *, #2297, .F. ) ;
#5709 = CARTESIAN_POINT ( 'NONE',  ( 2.565504850932298631, -5.437132187319972942, 5.999999999999999112 ) ) ;
#5710 = DIRECTION ( 'NONE',  ( 1.000000000000000000, 7.178166107490237014E-15, 0.000000000000000000 ) ) ;
#5711 = EDGE_CURVE ( 'NONE', #2616, #8108, #2274, .T. ) ;
#5712 = ORIENTED_EDGE ( 'NONE', *, *, #694, .F. ) ;
#5713 = CIRCLE ( 'NONE', #7622, 3.100000000000000089 ) ;
#5714 = AXIS2_PLACEMENT_3D ( 'NONE', #5596, #8219, #1694 ) ;
#5715 = CARTESIAN_POINT ( 'NONE',  ( 1.642279046331109660, -5.266531140604866934, 6.000000000000000000 ) ) ;
#5716 = FACE_OUTER_BOUND ( 'NONE', #6072, .T. ) ;
#5717 = VECTOR ( 'NONE', #1463, 1000.000000000000000 ) ;
#5718 = CARTESIAN_POINT ( 'NONE',  ( 21.78102496759085582, -22.49999999999984723, 2.999999999999853895 ) ) ;
#5719 = CARTESIAN_POINT ( 'NONE',  ( -2.747231095616744057, 1.363782291128397439, 6.000000000000000000 ) ) ;
#5720 = DIRECTION ( 'NONE',  ( -7.888609052210118054E-31, -5.605193857299268284E-45, 1.000000000000000000 ) ) ;
#5721 = VERTEX_POINT ( 'NONE', #4277 ) ;
#5722 = ORIENTED_EDGE ( 'NONE', *, *, #3163, .T. ) ;
#5723 = LINE ( 'NONE', #6403, #7987 ) ;
#5724 = CYLINDRICAL_SURFACE ( 'NONE', #626, 1.549999999999999378 ) ;
#5725 = EDGE_LOOP ( 'NONE', ( #5896, #272, #1796, #4378 ) ) ;
#5726 = PLANE ( 'NONE',  #2003 ) ;
#5727 = PLANE ( 'NONE',  #1854 ) ;
#5728 = ORIENTED_EDGE ( 'NONE', *, *, #3133, .T. ) ;
#5729 = ORIENTED_EDGE ( 'NONE', *, *, #1798, .F. ) ;
#5730 = PLANE ( 'NONE',  #4825 ) ;
#5731 = EDGE_CURVE ( 'NONE', #4460, #3664, #383, .T. ) ;
#5732 = CARTESIAN_POINT ( 'NONE',  ( -2.019237580609386296, -3.705987933263395817, 5.500000000000000000 ) ) ;
#5733 = CARTESIAN_POINT ( 'NONE',  ( 23.99999999999988987, 23.70000000000016627, -1.641216573125171655E-13 ) ) ;
#5734 = EDGE_LOOP ( 'NONE', ( #3223, #6977, #2932, #4897 ) ) ;
#5735 = CARTESIAN_POINT ( 'NONE',  ( -0.5890473310330216483, -13.90396185526418371, 5.500000000000000888 ) ) ;
#5736 = DIRECTION ( 'NONE',  ( 6.982962677686265922E-15, -1.000000000000000000, 0.000000000000000000 ) ) ;
#5737 = DIRECTION ( 'NONE',  ( 1.000000000000000000, 6.825260543506556042E-15, -6.982962677686265922E-15 ) ) ;
#5738 = DIRECTION ( 'NONE',  ( 6.982962677686265922E-15, 4.876176775795934672E-29, 1.000000000000000000 ) ) ;
#5739 = EDGE_CURVE ( 'NONE', #2839, #4303, #3461, .T. ) ;
#5740 = DIRECTION ( 'NONE',  ( -0.2920876579272057572, 0.9563915516599880151, -3.944304526105058151E-31 ) ) ;
#5741 = EDGE_CURVE ( 'NONE', #4626, #6578, #6931, .T. ) ;
#5742 = CARTESIAN_POINT ( 'NONE',  ( 2.368964994705053062, -4.028289084338397608, 5.500000000000000888 ) ) ;
#5743 = ADVANCED_FACE ( 'NONE', ( #5547 ), #1050, .F. ) ;
#5744 = ADVANCED_FACE ( 'NONE', ( #8124 ), #2380, .F. ) ;
#5745 = CARTESIAN_POINT ( 'NONE',  ( 2.176086816420545134, -10.13990167965167899, 6.000000000000000000 ) ) ;
#5746 = ORIENTED_EDGE ( 'NONE', *, *, #1437, .T. ) ;
#5747 = DIRECTION ( 'NONE',  ( -6.982962677686265133E-15, 1.000000000000000000, 0.000000000000000000 ) ) ;
#5748 = CARTESIAN_POINT ( 'NONE',  ( 0.2535032513423434164, -15.07733527827253184, 5.500000000000000000 ) ) ;
#5749 = CARTESIAN_POINT ( 'NONE',  ( 1.718325709722916983, -8.761402547277144848, 5.500000000000000000 ) ) ;
#5750 = VERTEX_POINT ( 'NONE', #8299 ) ;
#5751 = CARTESIAN_POINT ( 'NONE',  ( 2.347463941177844848, -13.85981260498944145, 5.999999999999999112 ) ) ;
#5752 = ORIENTED_EDGE ( 'NONE', *, *, #1228, .T. ) ;
#5753 = CARTESIAN_POINT ( 'NONE',  ( 1.426335598448851050, -6.486072937415531925, 6.000000000000000000 ) ) ;
#5754 = DIRECTION ( 'NONE',  ( -6.982962677686265133E-15, 1.000000000000000000, 0.000000000000000000 ) ) ;
#5755 = CARTESIAN_POINT ( 'NONE',  ( 2.628205128205255203, -14.79090544871792723, 5.500000000000000888 ) ) ;
#5756 = CYLINDRICAL_SURFACE ( 'NONE', #2954, 3.100000000000000089 ) ;
#5757 = ORIENTED_EDGE ( 'NONE', *, *, #8088, .F. ) ;
#5758 = VERTEX_POINT ( 'NONE', #1649 ) ;
#5759 = B_SPLINE_SURFACE_WITH_KNOTS ( 'NONE', 3, 1, ( 
 ( #2294, #4979 ),
 ( #858, #1642 ),
 ( #1555, #2370 ),
 ( #7477, #7518 ),
 ( #3568, #4163 ),
 ( #6879, #2925 ),
 ( #6742, #5445 ),
 ( #6789, #6146 ),
 ( #4212, #3480 ),
 ( #8213, #908 ),
 ( #2878, #4900 ),
 ( #5488, #2332 ),
 ( #4251, #6099 ),
 ( #6839, #2195 ),
 ( #992, #3529 ),
 ( #8116, #954 ),
 ( #303, #5538 ),
 ( #6237, #3015 ),
 ( #353, #2977 ) ),
 .UNSPECIFIED., .F., .F., .F.,
 ( 4, 1, 1, 1, 1, 1, 1, 1, 1, 1, 1, 1, 1, 1, 1, 1, 4 ),
 ( 2, 2 ),
 ( 0.000000000000000000, 0.07290044517819341263, 0.1420035572776732757, 0.2092423139433871593, 0.2745916364776392338, 0.3384167658000737933, 0.4016927893975340558, 0.4649339725645671995, 0.5282564202501486283, 0.5906850240741919889, 0.6509338176697205824, 0.7096511349919869538, 0.7671803338107786585, 0.8241642198597903812, 0.8817508553548629724, 0.9399466216156897591, 1.000000000000000000 ),
 ( 0.000000000000000000, 1.000000000000000000 ),
 .UNSPECIFIED. ) ;
#5760 = CARTESIAN_POINT ( 'NONE',  ( 2.017227564102666015, -11.19615384615383746, 6.000000000000000000 ) ) ;
#5761 = ORIENTED_EDGE ( 'NONE', *, *, #2296, .F. ) ;
#5762 = CARTESIAN_POINT ( 'NONE',  ( -1.715513802654330178, 0.2179441537986704369, 2.318931217520891597 ) ) ;
#5763 = DIRECTION ( 'NONE',  ( 6.961935726462304815E-15, 4.861825333742020699E-29, 1.000000000000000000 ) ) ;
#5764 = DIRECTION ( 'NONE',  ( -6.982962677686265922E-15, 1.000000000000000000, 0.000000000000000000 ) ) ;
#5765 = VERTEX_POINT ( 'NONE', #5679 ) ;
#5766 = ORIENTED_EDGE ( 'NONE', *, *, #4658, .T. ) ;
#5767 = DIRECTION ( 'NONE',  ( -1.000000000000000000, -6.888341397178440152E-15, 6.982962677686265922E-15 ) ) ;
#5768 = DIRECTION ( 'NONE',  ( -6.982962677686265922E-15, 1.000000000000000000, 0.000000000000000000 ) ) ;
#5769 = DIRECTION ( 'NONE',  ( 1.000000000000000000, 7.096596038086958767E-15, -7.096596038086958767E-15 ) ) ;
#5770 = DIRECTION ( 'NONE',  ( -6.982962677686265133E-15, 1.000000000000000000, 0.000000000000000000 ) ) ;
#5771 = VERTEX_POINT ( 'NONE', #8175 ) ;
#5772 = CARTESIAN_POINT ( 'NONE',  ( 1.561876755481640400, -12.04465100753749063, 5.500000000000000000 ) ) ;
#5773 = LINE ( 'NONE', #7106, #2559 ) ;
#5774 = CARTESIAN_POINT ( 'NONE',  ( -2.499999999999925393, -7.350000000000018296, 6.000000000000000000 ) ) ;
#5775 = PLANE ( 'NONE',  #8121 ) ;
#5776 = EDGE_CURVE ( 'NONE', #4765, #7782, #4259, .T. ) ;
#5777 = VECTOR ( 'NONE', #6655, 1000.000000000000114 ) ;
#5778 = CARTESIAN_POINT ( 'NONE',  ( 0.6830828777937901775, -3.276052298045980304, 6.000000000000000888 ) ) ;
#5779 = ADVANCED_FACE ( 'NONE', ( #4221 ), #2303, .F. ) ;
#5780 = EDGE_CURVE ( 'NONE', #4985, #2208, #906, .T. ) ;
#5781 = DIRECTION ( 'NONE',  ( 6.982962677686265922E-15, 4.876176775795934672E-29, 1.000000000000000000 ) ) ;
#5782 = CARTESIAN_POINT ( 'NONE',  ( -0.7674176176608846767, -8.875683200060183964, 5.500000000000000000 ) ) ;
#5783 = ORIENTED_EDGE ( 'NONE', *, *, #6221, .T. ) ;
#5784 = CARTESIAN_POINT ( 'NONE',  ( 1.406341796260455190, -7.350863593358266890, 5.500000000000000888 ) ) ;
#5785 = VECTOR ( 'NONE', #1164, 1000.000000000000000 ) ;
#5786 = CARTESIAN_POINT ( 'NONE',  ( 0.1291706833797762466, -14.72821097123170730, 6.000000000000000000 ) ) ;
#5787 = CARTESIAN_POINT ( 'NONE',  ( 14.99999999999983480, 27.50000000000010658, 6.000000000000000000 ) ) ;
#5788 = EDGE_LOOP ( 'NONE', ( #7127, #696, #6663, #4701 ) ) ;
#5789 = CARTESIAN_POINT ( 'NONE',  ( 2.545562548314476814, 4.569212059821749605, 2.276695463209207571 ) ) ;
#5790 = ORIENTED_EDGE ( 'NONE', *, *, #326, .T. ) ;
#5791 = DIRECTION ( 'NONE',  ( 0.2314589672531505993, 0.9728446671890148556, 1.972152263052529514E-31 ) ) ;
#5792 = ORIENTED_EDGE ( 'NONE', *, *, #3311, .F. ) ;
#5793 = EDGE_CURVE ( 'NONE', #6248, #6897, #7528, .T. ) ;
#5794 = EDGE_CURVE ( 'NONE', #2837, #3396, #6887, .T. ) ;
#5795 = VECTOR ( 'NONE', #7276, 1000.000000000000000 ) ;
#5796 = DIRECTION ( 'NONE',  ( 1.000000000000000000, 6.715058616684416976E-15, -6.994852725712934581E-15 ) ) ;
#5797 = DIRECTION ( 'NONE',  ( -1.000000000000000000, -6.308085367188407793E-15, 6.982962677686258822E-15 ) ) ;
#5798 = FACE_OUTER_BOUND ( 'NONE', #4636, .T. ) ;
#5799 = ORIENTED_EDGE ( 'NONE', *, *, #6037, .T. ) ;
#5800 = VECTOR ( 'NONE', #5639, 999.9999999999998863 ) ;
#5801 = VERTEX_POINT ( 'NONE', #3537 ) ;
#5802 = CARTESIAN_POINT ( 'NONE',  ( 3.131316011514059253E-15, 2.799999999999999822, 3.000000000000000000 ) ) ;
#5803 = AXIS2_PLACEMENT_3D ( 'NONE', #2374, #1085, #3705 ) ;
#5804 = CARTESIAN_POINT ( 'NONE',  ( 2.663603693103733239, 3.483897189703370589, 2.253977467919163313 ) ) ;
#5805 = ORIENTED_EDGE ( 'NONE', *, *, #218, .F. ) ;
#5806 = LINE ( 'NONE', #2460, #2421 ) ;
#5807 = DIRECTION ( 'NONE',  ( 0.4661238886858168895, -0.8847194585835739256, 3.944304526105059027E-31 ) ) ;
#5808 = FACE_OUTER_BOUND ( 'NONE', #5579, .T. ) ;
#5809 = VERTEX_POINT ( 'NONE', #4383 ) ;
#5810 = ORIENTED_EDGE ( 'NONE', *, *, #1590, .T. ) ;
#5811 = CARTESIAN_POINT ( 'NONE',  ( -2.590552459085835757, -5.345533281438135553, 5.500000000000000888 ) ) ;
#5812 = LINE ( 'NONE', #4768, #2652 ) ;
#5813 = AXIS2_PLACEMENT_3D ( 'NONE', #2237, #6831, #297 ) ;
#5814 = EDGE_CURVE ( 'NONE', #8310, #5345, #5846, .T. ) ;
#5815 = CARTESIAN_POINT ( 'NONE',  ( -0.4595878662819365967, -3.259309091477761378, 6.000000000000000888 ) ) ;
#5816 = CIRCLE ( 'NONE', #7314, 3.100000000000000089 ) ;
#5817 = CARTESIAN_POINT ( 'NONE',  ( 3.131316011514059253E-15, 2.799999999999999822, 3.000000000000000000 ) ) ;
#5818 = ORIENTED_EDGE ( 'NONE', *, *, #5450, .F. ) ;
#5819 = CARTESIAN_POINT ( 'NONE',  ( -61.00000000000000711, 5.299999999999573497, 4.155523824830011491E-13 ) ) ;
#5820 = LINE ( 'NONE', #1914, #8035 ) ;
#5821 = CARTESIAN_POINT ( 'NONE',  ( 1.842339940676658516, -10.40533511535816302, 5.500000000000000000 ) ) ;
#5822 = CIRCLE ( 'NONE', #2255, 1.549999999999999822 ) ;
#5823 = CARTESIAN_POINT ( 'NONE',  ( 2.033940751358780386, -3.706043126202814619, 6.000000000000000888 ) ) ;
#5824 = CYLINDRICAL_SURFACE ( 'NONE', #7046, 3.100000000000000089 ) ;
#5825 = VERTEX_POINT ( 'NONE', #4986 ) ;
#5826 = LINE ( 'NONE', #461, #7739 ) ;
#5827 = VECTOR ( 'NONE', #2036, 1000.000000000000000 ) ;
#5828 = B_SPLINE_SURFACE_WITH_KNOTS ( 'NONE', 3, 1, ( 
 ( #4478, #1271 ),
 ( #2651, #5080 ),
 ( #7701, #541 ),
 ( #2607, #3846 ),
 ( #3890, #5778 ),
 ( #7830, #1878 ),
 ( #5250, #8394 ),
 ( #7109, #1830 ),
 ( #7238, #577 ),
 ( #3122, #7191 ),
 ( #2517, #6467 ),
 ( #4435, #3199 ),
 ( #1358, #3245 ),
 ( #7066, #5823 ),
 ( #17, #6512 ),
 ( #5870, #2568 ),
 ( #5170, #625 ),
 ( #5742, #1194 ),
 ( #7795, #3808 ),
 ( #4521, #5208 ),
 ( #2473, #1957 ),
 ( #4564, #3159 ),
 ( #6551, #8354 ),
 ( #6425, #1317 ),
 ( #665, #3280 ),
 ( #6677, #2039 ),
 ( #789, #4129 ) ),
 .UNSPECIFIED., .F., .F., .F.,
 ( 4, 1, 1, 1, 1, 1, 1, 1, 1, 1, 1, 1, 1, 1, 1, 1, 1, 1, 1, 1, 1, 1, 1, 1, 4 ),
 ( 2, 2 ),
 ( 0.000000000000000000, 0.06848678953180255269, 0.1330686034768694126, 0.1938174267513895210, 0.2510678822434361801, 0.3043826819346475143, 0.3543872059353596060, 0.4012708475644487516, 0.4446741614967868461, 0.4856635241877674813, 0.5246451914242060699, 0.5621357040795468274, 0.5979269936485213099, 0.6324518987491631883, 0.6657284078076924905, 0.6977541153568966870, 0.7293531551978322813, 0.7605902647540451200, 0.7923674640178229867, 0.8243230823934849516, 0.8571647915322991862, 0.8909333925356223149, 0.9259648588186040197, 0.9620635857508668121, 1.000000000000000000 ),
 ( 0.000000000000000000, 1.000000000000000000 ),
 .UNSPECIFIED. ) ;
#5829 = VECTOR ( 'NONE', #6259, 1000.000000000000114 ) ;
#5830 = CARTESIAN_POINT ( 'NONE',  ( -0.2757453482545741963, -6.642321199705596868, 5.999999999999999112 ) ) ;
#5831 = CARTESIAN_POINT ( 'NONE',  ( 2.475737721541588776, -12.04499541931362394, 6.000000000000000000 ) ) ;
#5832 = ORIENTED_EDGE ( 'NONE', *, *, #4058, .T. ) ;
#5833 = CARTESIAN_POINT ( 'NONE',  ( 9.549999999999867484, 22.50000000000007105, 2.999999999999997335 ) ) ;
#5834 = VERTEX_POINT ( 'NONE', #7652 ) ;
#5835 = CARTESIAN_POINT ( 'NONE',  ( -7.692276138899645076E-15, 4.349999999999999645, 1.000000000000000000 ) ) ;
#5836 = ORIENTED_EDGE ( 'NONE', *, *, #8211, .T. ) ;
#5837 = EDGE_CURVE ( 'NONE', #1431, #2373, #7423, .T. ) ;
#5838 = EDGE_CURVE ( 'NONE', #3945, #583, #1860, .T. ) ;
#5839 = VECTOR ( 'NONE', #4863, 1000.000000000000000 ) ;
#5840 = VECTOR ( 'NONE', #1726, 1000.000000000000114 ) ;
#5841 = EDGE_CURVE ( 'NONE', #6295, #4047, #4500, .T. ) ;
#5842 = CARTESIAN_POINT ( 'NONE',  ( -60.99999999999981526, -22.50000000000042633, 4.155523824830011996E-13 ) ) ;
#5843 = DIRECTION ( 'NONE',  ( -6.982962677686265133E-15, 1.000000000000000000, 0.000000000000000000 ) ) ;
#5844 = ORIENTED_EDGE ( 'NONE', *, *, #4517, .F. ) ;
#5845 = CARTESIAN_POINT ( 'NONE',  ( 1.684428247439253346, -4.699698587307818087, 6.000000000000000000 ) ) ;
#5846 = CIRCLE ( 'NONE', #5714, 3.100000000000000089 ) ;
#5847 = ORIENTED_EDGE ( 'NONE', *, *, #1594, .T. ) ;
#5848 = CARTESIAN_POINT ( 'NONE',  ( 2.663603693103733683, 3.483897189703370589, 6.000000000000000000 ) ) ;
#5849 = ADVANCED_FACE ( 'NONE', ( #1813 ), #3183, .T. ) ;
#5850 = CYLINDRICAL_SURFACE ( 'NONE', #4143, 1.099999999999996758 ) ;
#5851 = AXIS2_PLACEMENT_3D ( 'NONE', #2948, #5045, #2317 ) ;
#5852 = DIRECTION ( 'NONE',  ( 6.982962677686266711E-15, -1.000000000000000000, 0.000000000000000000 ) ) ;
#5853 = ORIENTED_EDGE ( 'NONE', *, *, #3050, .F. ) ;
#5854 = DIRECTION ( 'NONE',  ( -1.000000000000000000, -6.715058616684416976E-15, 6.994852725712934581E-15 ) ) ;
#5855 = EDGE_CURVE ( 'NONE', #5871, #5270, #650, .T. ) ;
#5856 = ADVANCED_FACE ( 'NONE', ( #2500 ), #5108, .T. ) ;
#5857 = CARTESIAN_POINT ( 'NONE',  ( 1.527768504724007492, -5.404377910044832589, 5.500000000000000888 ) ) ;
#5858 = DIRECTION ( 'NONE',  ( 0.2073096204707087498, 0.9782753810969030406, 1.972152263052530389E-31 ) ) ;
#5859 = VERTEX_POINT ( 'NONE', #6448 ) ;
#5860 = ORIENTED_EDGE ( 'NONE', *, *, #2156, .T. ) ;
#5861 = CARTESIAN_POINT ( 'NONE',  ( 0.1819261412857066940, -8.604114088655149928, 5.500000000000000888 ) ) ;
#5862 = LINE ( 'NONE', #8430, #1699 ) ;
#5863 = B_SPLINE_CURVE_WITH_KNOTS ( 'NONE', 3,
 ( #4157, #5352, #812, #170, #3521, #2147, #4758, #7380, #5484, #948, #6183 ),
 .UNSPECIFIED., .F., .F.,
 ( 4, 1, 1, 1, 1, 1, 1, 1, 4 ),
 ( 0.000000000000000000, 0.1610658343667282777, 0.3107786020643437119, 0.4498890489726594111, 0.5782757976059884619, 0.6966271750068685487, 0.8059936940939378403, 0.9065647718062151972, 1.000000000000000000 ),
 .UNSPECIFIED. ) ;
#5864 = LINE ( 'NONE', #1779, #1418 ) ;
#5865 = CARTESIAN_POINT ( 'NONE',  ( 0.2148964409209349058, -8.545089270704149698, 6.000000000000000000 ) ) ;
#5866 = ORIENTED_EDGE ( 'NONE', *, *, #5169, .T. ) ;
#5867 = CARTESIAN_POINT ( 'NONE',  ( 0.05909455128211449360, -5.747435897435900110, 5.500000000000000888 ) ) ;
#5868 = CARTESIAN_POINT ( 'NONE',  ( 2.527689673817295368, -11.95142624784340057, 6.000000000000000888 ) ) ;
#5869 = CARTESIAN_POINT ( 'NONE',  ( -0.4595878662819365412, -3.259309091477761378, 6.000000000000000000 ) ) ;
#5870 = CARTESIAN_POINT ( 'NONE',  ( 2.219709014295833338, -3.858124176506576131, 5.500000000000000000 ) ) ;
#5871 = VERTEX_POINT ( 'NONE', #561 ) ;
#5872 = CARTESIAN_POINT ( 'NONE',  ( 0.3814531427013606035, -7.344260132792273410, 6.000000000000000000 ) ) ;
#5873 = CARTESIAN_POINT ( 'NONE',  ( 1.243786431126708836, -8.235199538848439360, 5.500000000000000000 ) ) ;
#5874 = ORIENTED_EDGE ( 'NONE', *, *, #8209, .T. ) ;
#5875 = CARTESIAN_POINT ( 'NONE',  ( 0.04907852564109516091, -6.644871794871797910, 5.500000000000000888 ) ) ;
#5876 = CARTESIAN_POINT ( 'NONE',  ( 0.4477163461539767630, -15.29270833333332824, 6.000000000000000000 ) ) ;
#5877 = ORIENTED_EDGE ( 'NONE', *, *, #6591, .F. ) ;
#5878 = CYLINDRICAL_SURFACE ( 'NONE', #4189, 3.100000000000000089 ) ;
#5879 = CARTESIAN_POINT ( 'NONE',  ( 0.002003205128257268611, -4.144871794871797910, 5.500000000000000000 ) ) ;
#5880 = DIRECTION ( 'NONE',  ( -0.9897338247590561355, 0.1429229027406382080, -7.888609052210118054E-31 ) ) ;
#5881 = DIRECTION ( 'NONE',  ( 6.982962677686265922E-15, 4.876176775795934672E-29, 1.000000000000000000 ) ) ;
#5882 = CARTESIAN_POINT ( 'NONE',  ( 0.2148964409209754012, -14.37842260403748185, 5.500000000000000000 ) ) ;
#5883 = ORIENTED_EDGE ( 'NONE', *, *, #6263, .T. ) ;
#5884 = CARTESIAN_POINT ( 'NONE',  ( 1.729937690639378411, -4.911015123396387239, 6.000000000000000000 ) ) ;
#5885 = ORIENTED_EDGE ( 'NONE', *, *, #7087, .T. ) ;
#5886 = LINE ( 'NONE', #4586, #3033 ) ;
#5887 = ADVANCED_FACE ( 'NONE', ( #3750 ), #5726, .T. ) ;
#5888 = CARTESIAN_POINT ( 'NONE',  ( 1.909014659751050003, -11.20136439963104280, 6.000000000000000000 ) ) ;
#5889 = CARTESIAN_POINT ( 'NONE',  ( 1.282051282051420493, -16.45256410256408941, 6.000000000000000000 ) ) ;
#5890 = CARTESIAN_POINT ( 'NONE',  ( -0.7680124966469170644, -8.748155918440721379, 5.500000000000000000 ) ) ;
#5891 = EDGE_CURVE ( 'NONE', #6975, #7268, #1484, .T. ) ;
#5892 = CARTESIAN_POINT ( 'NONE',  ( 0.2812056584477720667, -5.744769754030568443, 6.000000000000000000 ) ) ;
#5893 = EDGE_CURVE ( 'NONE', #5558, #4330, #5806, .T. ) ;
#5894 = CARTESIAN_POINT ( 'NONE',  ( 2.297541534615521908, -5.944085001361783860, 5.500000000000000888 ) ) ;
#5895 = ORIENTED_EDGE ( 'NONE', *, *, #3635, .T. ) ;
#5896 = ORIENTED_EDGE ( 'NONE', *, *, #5731, .F. ) ;
#5897 = CARTESIAN_POINT ( 'NONE',  ( 0.9194711538462342348, -8.183333333333326465, 5.500000000000000888 ) ) ;
#5898 = CARTESIAN_POINT ( 'NONE',  ( 0.2744391025642373694, -16.04791666666666572, 6.000000000000000000 ) ) ;
#5899 = EDGE_CURVE ( 'NONE', #4922, #3168, #4880, .T. ) ;
#5900 = EDGE_CURVE ( 'NONE', #3168, #755, #8444, .T. ) ;
#5901 = B_SPLINE_SURFACE_WITH_KNOTS ( 'NONE', 3, 1, ( 
 ( #5879, #7929 ),
 ( #2052, #5342 ),
 ( #8494, #2619 ),
 ( #4067, #2709 ),
 ( #3293, #5965 ),
 ( #842, #6692 ),
 ( #5265, #1368 ),
 ( #3337, #5310 ),
 ( #3425, #1497 ),
 ( #805, #4105 ),
 ( #4661, #6044 ),
 ( #7284, #159 ),
 ( #3983, #5385 ),
 ( #2139, #7845 ),
 ( #4751, #4580 ),
 ( #7210, #1333 ),
 ( #5921, #2663 ),
 ( #7892, #4623 ),
 ( #2322, #3511 ) ),
 .UNSPECIFIED., .F., .F., .F.,
 ( 4, 1, 1, 1, 1, 1, 1, 1, 1, 1, 1, 1, 1, 1, 1, 1, 4 ),
 ( 2, 2 ),
 ( 0.000000000000000000, 0.1121189577322309200, 0.2158098539625156187, 0.3102142080600072682, 0.3960076258587223452, 0.4734278052872866738, 0.5427985700809889735, 0.6045704650941846614, 0.6593817431227548820, 0.7087906733763352785, 0.7553835472296086540, 0.7987166436891676158, 0.8404257596978478295, 0.8801989997644277253, 0.9197303684836828364, 0.9590470856505567410, 1.000000000000000000 ),
 ( 0.000000000000000000, 1.000000000000000000 ),
 .UNSPECIFIED. ) ;
#5902 = CARTESIAN_POINT ( 'NONE',  ( -60.99999999999984368, -18.50000000000042277, 4.155523824830011996E-13 ) ) ;
#5903 = DIRECTION ( 'NONE',  ( 1.000000000000000000, 6.715058616684410666E-15, -6.994852725712927481E-15 ) ) ;
#5904 = ORIENTED_EDGE ( 'NONE', *, *, #5899, .F. ) ;
#5905 = CARTESIAN_POINT ( 'NONE',  ( 1.480256007728146361, -11.84858157227839648, 5.500000000000000000 ) ) ;
#5906 = DIRECTION ( 'NONE',  ( 1.000000000000000000, 6.715058616684416976E-15, -6.994852725712934581E-15 ) ) ;
#5907 = EDGE_CURVE ( 'NONE', #2879, #7595, #7491, .T. ) ;
#5908 = LINE ( 'NONE', #8442, #3335 ) ;
#5909 = CARTESIAN_POINT ( 'NONE',  ( 32.00000000000011369, -6.599999999999771383, 4.999999999999777067 ) ) ;
#5910 = ORIENTED_EDGE ( 'NONE', *, *, #3788, .F. ) ;
#5911 = CARTESIAN_POINT ( 'NONE',  ( 2.623465986256033666, -8.787948678504067246, 6.000000000000000000 ) ) ;
#5912 = LINE ( 'NONE', #670, #1131 ) ;
#5913 = FACE_BOUND ( 'NONE', #6181, .T. ) ;
#5914 = ORIENTED_EDGE ( 'NONE', *, *, #6635, .F. ) ;
#5915 = FACE_OUTER_BOUND ( 'NONE', #1500, .T. ) ;
#5916 = CARTESIAN_POINT ( 'NONE',  ( -1.666666666666581254, -8.915504807692320455, 5.500000000000000000 ) ) ;
#5917 = AXIS2_PLACEMENT_3D ( 'NONE', #7218, #1210, #6443 ) ;
#5918 = ORIENTED_EDGE ( 'NONE', *, *, #3642, .T. ) ;
#5919 = CARTESIAN_POINT ( 'NONE',  ( -0.7069070778344437311, -14.17656879635625344, 5.500000000000000888 ) ) ;
#5920 = VECTOR ( 'NONE', #4674, 1000.000000000000000 ) ;
#5921 = CARTESIAN_POINT ( 'NONE',  ( -1.727302714469883371, -4.853885693643693600, 5.500000000000000888 ) ) ;
#5922 = FACE_OUTER_BOUND ( 'NONE', #2697, .T. ) ;
#5923 = CARTESIAN_POINT ( 'NONE',  ( 1.730769230769357181, -14.73982371794870261, 6.000000000000000000 ) ) ;
#5924 = EDGE_LOOP ( 'NONE', ( #6230, #1898, #2160, #8327 ) ) ;
#5925 = LINE ( 'NONE', #644, #1597 ) ;
#5926 = EDGE_LOOP ( 'NONE', ( #6899, #3749, #7560, #4612 ) ) ;
#5927 = B_SPLINE_CURVE_WITH_KNOTS ( 'NONE', 3,
 ( #791, #7361, #3938, #8484, #19, #2654, #667, #754, #64, #3374, #106, #3282, #2006, #2696, #6680, #2609, #4013, #2733, #7954 ),
 .UNSPECIFIED., .F., .F.,
 ( 4, 1, 1, 1, 1, 1, 1, 1, 1, 1, 1, 1, 1, 1, 1, 1, 4 ),
 ( 0.000000000000000000, 0.07290044517819349590, 0.1420035572776733868, 0.2092423139433873813, 0.2745916364776390672, 0.3384167658000736822, 0.4016927893975340003, 0.4649339725645671439, 0.5282564202501486283, 0.5906850240741919889, 0.6509338176697216927, 0.7096511349919868428, 0.7671803338107785475, 0.8241642198597889379, 0.8817508553548629724, 0.9399466216156897591, 1.000000000000000000 ),
 .UNSPECIFIED. ) ;
#5928 = LINE ( 'NONE', #8501, #7962 ) ;
#5929 = AXIS2_PLACEMENT_3D ( 'NONE', #1577, #6764, #2174 ) ;
#5930 = CYLINDRICAL_SURFACE ( 'NONE', #2246, 3.100000000000000089 ) ;
#5931 = CARTESIAN_POINT ( 'NONE',  ( 2.490080443816653055, -15.50402084129378899, 5.500000000000000000 ) ) ;
#5932 = DIRECTION ( 'NONE',  ( -6.982962677686265133E-15, 1.000000000000000000, 0.000000000000000000 ) ) ;
#5933 = VECTOR ( 'NONE', #3593, 1000.000000000000114 ) ;
#5934 = CARTESIAN_POINT ( 'NONE',  ( 0.2981557378203172903, -14.26657693251808645, 6.000000000000000000 ) ) ;
#5935 = ORIENTED_EDGE ( 'NONE', *, *, #6462, .T. ) ;
#5936 = ORIENTED_EDGE ( 'NONE', *, *, #5543, .F. ) ;
#5937 = CARTESIAN_POINT ( 'NONE',  ( -2.537111769194970279, -5.523034643533975441, 5.500000000000000000 ) ) ;
#5938 = CARTESIAN_POINT ( 'NONE',  ( 0.1726739287055863437, 5.544573503177748108, 3.000000000000000000 ) ) ;
#5939 = EDGE_CURVE ( 'NONE', #5345, #572, #1899, .T. ) ;
#5940 = CIRCLE ( 'NONE', #4560, 1.449999999999999956 ) ;
#5941 = ADVANCED_FACE ( 'NONE', ( #7813 ), #1299, .F. ) ;
#5942 = CARTESIAN_POINT ( 'NONE',  ( 2.626898622862765986, -14.84202413944335319, 5.500000000000000888 ) ) ;
#5943 = ORIENTED_EDGE ( 'NONE', *, *, #4255, .F. ) ;
#5944 = CARTESIAN_POINT ( 'NONE',  ( -3.099320118772018073, 2.864921501638373336, 2.257672572958874468 ) ) ;
#5945 = ORIENTED_EDGE ( 'NONE', *, *, #478, .F. ) ;
#5946 = DIRECTION ( 'NONE',  ( -6.982962677686265922E-15, -4.876176775795934672E-29, -1.000000000000000000 ) ) ;
#5947 = CYLINDRICAL_SURFACE ( 'NONE', #7483, 3.100000000000000089 ) ;
#5948 = ADVANCED_FACE ( 'NONE', ( #3348 ), #7979, .T. ) ;
#5949 = AXIS2_PLACEMENT_3D ( 'NONE', #6021, #4081, #7349 ) ;
#5950 = CARTESIAN_POINT ( 'NONE',  ( 0.8884214743590482799, -7.285897435897429553, 6.000000000000000000 ) ) ;
#5951 = VECTOR ( 'NONE', #8233, 1000.000000000000000 ) ;
#5952 = FACE_OUTER_BOUND ( 'NONE', #7075, .T. ) ;
#5953 = DIRECTION ( 'NONE',  ( -6.982962677686265133E-15, 1.000000000000000000, 0.000000000000000000 ) ) ;
#5954 = CARTESIAN_POINT ( 'NONE',  ( -2.628205128205070018, -4.961177884615405986, 5.500000000000000000 ) ) ;
#5955 = ORIENTED_EDGE ( 'NONE', *, *, #1599, .T. ) ;
#5956 = CARTESIAN_POINT ( 'NONE',  ( -0.5890473310330636147, -8.070628521930858668, 6.000000000000000000 ) ) ;
#5957 = LINE ( 'NONE', #7323, #1173 ) ;
#5958 = ORIENTED_EDGE ( 'NONE', *, *, #7347, .F. ) ;
#5959 = CARTESIAN_POINT ( 'NONE',  ( -16.99999999999979039, -22.50000000000011724, 5.000000000000123457 ) ) ;
#5960 = ORIENTED_EDGE ( 'NONE', *, *, #2816, .T. ) ;
#5961 = CIRCLE ( 'NONE', #5136, 3.100000000000000089 ) ;
#5962 = VECTOR ( 'NONE', #5355, 1000.000000000000000 ) ;
#5963 = DIRECTION ( 'NONE',  ( 0.9230960361052141794, -0.3845695101367778146, 7.888609052210118054E-31 ) ) ;
#5964 = B_SPLINE_CURVE_WITH_KNOTS ( 'NONE', 3,
 ( #8458, #32, #7331, #1973, #4624, #678, #3908, #5182, #6045, #6649, #5266 ),
 .UNSPECIFIED., .F., .F.,
 ( 4, 1, 1, 1, 1, 1, 1, 1, 4 ),
 ( 0.000000000000000000, 0.1240354330026178092, 0.2428459548115296518, 0.3603416824496159521, 0.4790424316556555762, 0.5993341100427890256, 0.7254884757708262022, 0.8585494285274631876, 1.000000000000000000 ),
 .UNSPECIFIED. ) ;
#5965 = CARTESIAN_POINT ( 'NONE',  ( -0.6451835506723566649, -4.173700709604267090, 6.000000000000000000 ) ) ;
#5966 = CARTESIAN_POINT ( 'NONE',  ( 2.017227564102666015, -11.19615384615383746, 6.000000000000000000 ) ) ;
#5967 = FACE_OUTER_BOUND ( 'NONE', #4485, .T. ) ;
#5968 = ORIENTED_EDGE ( 'NONE', *, *, #5569, .T. ) ;
#5969 = CARTESIAN_POINT ( 'NONE',  ( 21.00000000000017764, -19.49999999999985079, 2.999999999999859668 ) ) ;
#5970 = EDGE_LOOP ( 'NONE', ( #217, #7713, #8345, #1444 ) ) ;
#5971 = VECTOR ( 'NONE', #1435, 1000.000000000000000 ) ;
#5972 = CYLINDRICAL_SURFACE ( 'NONE', #3171, 3.099999999999998757 ) ;
#5973 = VECTOR ( 'NONE', #7472, 1000.000000000000000 ) ;
#5974 = FACE_OUTER_BOUND ( 'NONE', #2712, .T. ) ;
#5975 = VECTOR ( 'NONE', #1624, 1000.000000000000000 ) ;
#5976 = CARTESIAN_POINT ( 'NONE',  ( 0.5169831148198784643, 5.856587714918571663, 2.261978873243721821 ) ) ;
#5977 = VECTOR ( 'NONE', #1519, 1000.000000000000000 ) ;
#5978 = CARTESIAN_POINT ( 'NONE',  ( 1.729552573484577138, -4.968268558200394480, 5.500000000000000000 ) ) ;
#5979 = FACE_OUTER_BOUND ( 'NONE', #208, .T. ) ;
#5980 = ORIENTED_EDGE ( 'NONE', *, *, #5240, .T. ) ;
#5981 = ORIENTED_EDGE ( 'NONE', *, *, #4619, .T. ) ;
#5982 = CARTESIAN_POINT ( 'NONE',  ( 2.905574167424891829, 1.719426653302442265, 2.253977467919163313 ) ) ;
#5983 = VECTOR ( 'NONE', #3031, 1000.000000000000114 ) ;
#5984 = VECTOR ( 'NONE', #363, 1000.000000000000000 ) ;
#5985 = CARTESIAN_POINT ( 'NONE',  ( 0.1291706833797351128, -8.894877637898376932, 5.500000000000000888 ) ) ;
#5986 = ORIENTED_EDGE ( 'NONE', *, *, #4637, .T. ) ;
#5987 = CARTESIAN_POINT ( 'NONE',  ( -0.5152986151106941914, 0.09871006049609683253, 2.254564340789526611 ) ) ;
#5988 = ORIENTED_EDGE ( 'NONE', *, *, #4680, .T. ) ;
#5989 = CARTESIAN_POINT ( 'NONE',  ( -24.09999999999981668, -19.50000000000016342, 5.000000000000172307 ) ) ;
#5990 = CARTESIAN_POINT ( 'NONE',  ( 2.905574167424892273, 1.719426653302442487, 3.000000000000000000 ) ) ;
#5991 = EDGE_CURVE ( 'NONE', #5642, #7724, #4455, .T. ) ;
#5992 = DIRECTION ( 'NONE',  ( -7.888609052210118054E-31, -5.605193857299268284E-45, 1.000000000000000000 ) ) ;
#5993 = CARTESIAN_POINT ( 'NONE',  ( 1.603244849439691588, -8.503648897186623756, 5.500000000000000000 ) ) ;
#5994 = DIRECTION ( 'NONE',  ( -7.888609052210118054E-31, -5.605193857299268284E-45, 1.000000000000000000 ) ) ;
#5995 = EDGE_LOOP ( 'NONE', ( #5968, #4227, #3104, #4514, #2021, #2295, #8214, #3087, #7534, #2575, #6541, #3145, #8451, #4902, #2880, #7925, #2084, #6047, #5482, #6707, #6190, #3717, #5617, #3606, #2076, #4538, #1661, #7812, #3895, #1919, #1216, #1747, #1858, #7681, #391, #7441, #8062, #4082, #672, #8202, #1689, #231, #7000, #3925, #6487, #6559, #5506, #4352, #7390, #5301, #7244, #2230, #3059, #1212, #6281, #74, #6499, #5479, #6670, #5254, #2499, #5783, #5895, #4, #1304, #630, #5367, #1731, #1125, #1543, #635, #486, #1140, #566, #294 ) ) ;
#5996 = CARTESIAN_POINT ( 'NONE',  ( 1.998807928985419036, -7.656910438609284775, 5.500000000000000888 ) ) ;
#5997 = EDGE_CURVE ( 'NONE', #2360, #7509, #89, .T. ) ;
#5998 = EDGE_CURVE ( 'NONE', #5691, #865, #4115, .T. ) ;
#5999 = CARTESIAN_POINT ( 'NONE',  ( -0.7692307692306433742, -14.63465544871795387, 5.500000000000000000 ) ) ;
#6000 = CARTESIAN_POINT ( 'NONE',  ( 3.131316011514059253E-15, 2.799999999999999822, 3.000000000000000000 ) ) ;
#6001 = CARTESIAN_POINT ( 'NONE',  ( 1.005544403265557385, -8.184762876954792432, 6.000000000000000000 ) ) ;
#6002 = LINE ( 'NONE', #7325, #8395 ) ;
#6003 = ORIENTED_EDGE ( 'NONE', *, *, #4893, .F. ) ;
#6004 = EDGE_CURVE ( 'NONE', #6142, #7833, #498, .T. ) ;
#6005 = CARTESIAN_POINT ( 'NONE',  ( 3.131316011514059253E-15, 2.799999999999999822, 3.000000000000000000 ) ) ;
#6006 = CARTESIAN_POINT ( 'NONE',  ( 0.8884214743590482799, -7.285897435897429553, 6.000000000000000888 ) ) ;
#6007 = DIRECTION ( 'NONE',  ( 6.982962677686265922E-15, 4.876176775795934672E-29, 1.000000000000000000 ) ) ;
#6008 = CARTESIAN_POINT ( 'NONE',  ( 2.527555743674612110, -4.325698719819643934, 6.000000000000000000 ) ) ;
#6009 = VERTEX_POINT ( 'NONE', #4075 ) ;
#6010 = DIRECTION ( 'NONE',  ( 1.000000000000000000, 6.715058616684416976E-15, -6.854955671198676173E-15 ) ) ;
#6011 = ORIENTED_EDGE ( 'NONE', *, *, #264, .T. ) ;
#6012 = CARTESIAN_POINT ( 'NONE',  ( -2.728315428614806137, 2.455333607698125142, 3.000000000000000000 ) ) ;
#6013 = CARTESIAN_POINT ( 'NONE',  ( -1.484443964493470158, -5.454732601127710190, 5.999999999999999112 ) ) ;
#6014 = DIRECTION ( 'NONE',  ( -7.888609052210118054E-31, -5.605193857299268284E-45, 1.000000000000000000 ) ) ;
#6015 = CARTESIAN_POINT ( 'NONE',  ( 3.131316011514059253E-15, 2.799999999999999822, 3.000000000000000000 ) ) ;
#6016 = DIRECTION ( 'NONE',  ( -6.982962677686265922E-15, -4.876176775795934672E-29, -1.000000000000000000 ) ) ;
#6017 = CARTESIAN_POINT ( 'NONE',  ( 2.625912126377379696, -5.067577576158011077, 5.500000000000000888 ) ) ;
#6018 = VERTEX_POINT ( 'NONE', #2799 ) ;
#6019 = LINE ( 'NONE', #8073, #7009 ) ;
#6020 = DIRECTION ( 'NONE',  ( 6.867314445954479045E-15, 4.797243844499407540E-29, 1.000000000000000000 ) ) ;
#6021 = CARTESIAN_POINT ( 'NONE',  ( -42.99999999999984368, -19.50000000000029843, 3.002673951405092918E-13 ) ) ;
#6022 = ORIENTED_EDGE ( 'NONE', *, *, #1377, .T. ) ;
#6023 = DIRECTION ( 'NONE',  ( -7.888609052210118054E-31, -5.605193857299268284E-45, 1.000000000000000000 ) ) ;
#6024 = ORIENTED_EDGE ( 'NONE', *, *, #6221, .F. ) ;
#6025 = LINE ( 'NONE', #6753, #8165 ) ;
#6026 = PLANE ( 'NONE',  #7888 ) ;
#6027 = CARTESIAN_POINT ( 'NONE',  ( -2.288935321409869772, -3.952671670801123582, 5.500000000000000000 ) ) ;
#6028 = DIRECTION ( 'NONE',  ( 1.000000000000000000, 6.888341397178440152E-15, -7.077583958194091691E-15 ) ) ;
#6029 = CARTESIAN_POINT ( 'NONE',  ( 0.1726739287056641425, 0.05542649682225633118, 3.000000000000000000 ) ) ;
#6030 = VERTEX_POINT ( 'NONE', #4034 ) ;
#6031 = CARTESIAN_POINT ( 'NONE',  ( 0.9482456716279732412, -7.287581841992681220, 5.500000000000000000 ) ) ;
#6032 = CARTESIAN_POINT ( 'NONE',  ( 2.600299277223904859, -8.622289631192057158, 5.999999999999999112 ) ) ;
#6033 = CARTESIAN_POINT ( 'NONE',  ( 3.131316011514059253E-15, 2.799999999999999822, 3.000000000000000000 ) ) ;
#6034 = B_SPLINE_SURFACE_WITH_KNOTS ( 'NONE', 3, 1, ( 
 ( #1992, #4603 ),
 ( #5985, #552 ),
 ( #2882, #4975 ),
 ( #3735, #1767 ),
 ( #6152, #515 ),
 ( #1562, #266 ),
 ( #6313, #2451 ),
 ( #1727, #6352 ),
 ( #4409, #5495 ),
 ( #3132, #8076 ),
 ( #2489, #4374 ) ),
 .UNSPECIFIED., .F., .F., .F.,
 ( 4, 1, 1, 1, 1, 1, 1, 1, 4 ),
 ( 2, 2 ),
 ( 0.000000000000000000, 0.1103603399843302718, 0.2211857967812667358, 0.3343638213725845243, 0.4529765798274158484, 0.5772343082002682202, 0.7088043240432450043, 0.8493551270704502443, 1.000000000000000000 ),
 ( 0.000000000000000000, 1.000000000000000000 ),
 .UNSPECIFIED. ) ;
#6035 = CARTESIAN_POINT ( 'NONE',  ( -2.556885336192672664, 1.787657480117097242, 6.000000000000000000 ) ) ;
#6036 = FILL_AREA_STYLE ('',( #3457 ) ) ;
#6037 = EDGE_CURVE ( 'NONE', #3128, #8256, #5353, .T. ) ;
#6038 = CARTESIAN_POINT ( 'NONE',  ( 1.728006989474372368, -8.833098711249498081, 6.000000000000000000 ) ) ;
#6039 = CARTESIAN_POINT ( 'NONE',  ( 1.332997238753961255, -16.43992603240431905, 6.000000000000000000 ) ) ;
#6040 = ORIENTED_EDGE ( 'NONE', *, *, #916, .T. ) ;
#6041 = EDGE_CURVE ( 'NONE', #6369, #5642, #7294, .T. ) ;
#6042 = EDGE_CURVE ( 'NONE', #424, #6030, #8314, .T. ) ;
#6043 = CARTESIAN_POINT ( 'NONE',  ( 2.017227564102673565, -12.28589743589742689, 5.500000000000000888 ) ) ;
#6044 = CARTESIAN_POINT ( 'NONE',  ( -1.443741075481483449, -4.420752606073987678, 6.000000000000000888 ) ) ;
#6045 = CARTESIAN_POINT ( 'NONE',  ( 1.466813763270206072, -4.441774652464398621, 5.500000000000000000 ) ) ;
#6046 = CARTESIAN_POINT ( 'NONE',  ( -0.05577673652065905097, -13.35971380878615911, 6.000000000000000000 ) ) ;
#6047 = ORIENTED_EDGE ( 'NONE', *, *, #5295, .T. ) ;
#6048 = CARTESIAN_POINT ( 'NONE',  ( 2.427699548837081611, -9.796941760483933948, 5.500000000000000000 ) ) ;
#6049 = ADVANCED_FACE ( 'NONE', ( #7224 ), #1421, .F. ) ;
#6050 = ORIENTED_EDGE ( 'NONE', *, *, #2744, .T. ) ;
#6051 = CARTESIAN_POINT ( 'NONE',  ( -15.00000000000016342, 27.49999999999990052, -2.063301313030405599E-16 ) ) ;
#6052 = AXIS2_PLACEMENT_3D ( 'NONE', #5392, #4844, #8023 ) ;
#6053 = CARTESIAN_POINT ( 'NONE',  ( 0.0003343235726989973603, -5.746865349989086269, 5.500000000000000000 ) ) ;
#6054 = CARTESIAN_POINT ( 'NONE',  ( 2.626898622862765986, -14.84202413944335319, 6.000000000000000000 ) ) ;
#6055 = DIRECTION ( 'NONE',  ( 1.000000000000000000, 6.308085367188407793E-15, -6.982962677686258822E-15 ) ) ;
#6056 = LINE ( 'NONE', #6661, #5962 ) ;
#6057 = CARTESIAN_POINT ( 'NONE',  ( -1.170893051803975293, 5.288274394281541113, 2.267306776996588003 ) ) ;
#6058 = ORIENTED_EDGE ( 'NONE', *, *, #1602, .F. ) ;
#6059 = VECTOR ( 'NONE', #4662, 1000.000000000000000 ) ;
#6060 = ORIENTED_EDGE ( 'NONE', *, *, #1786, .F. ) ;
#6061 = DIRECTION ( 'NONE',  ( 0.9793242484501311074, -0.2022968521692459498, 7.888609052210118054E-31 ) ) ;
#6062 = AXIS2_PLACEMENT_3D ( 'NONE', #249, #2866, #4885 ) ;
#6063 = DIRECTION ( 'NONE',  ( 6.867314445954479834E-15, 4.797243844499408100E-29, 1.000000000000000000 ) ) ;
#6064 = DIRECTION ( 'NONE',  ( 6.867314445954479045E-15, 4.797243844499407540E-29, 1.000000000000000000 ) ) ;
#6065 = ORIENTED_EDGE ( 'NONE', *, *, #2101, .F. ) ;
#6066 = CYLINDRICAL_SURFACE ( 'NONE', #6791, 3.100000000000001865 ) ;
#6067 = DIRECTION ( 'NONE',  ( -0.3515636120575122980, -0.9361639956103178228, -3.944304526105060779E-31 ) ) ;
#6068 = CARTESIAN_POINT ( 'NONE',  ( 2.565332381299653353, -4.435835696401769113, 5.500000000000000000 ) ) ;
#6069 = VECTOR ( 'NONE', #674, 1000.000000000000000 ) ;
#6070 = LINE ( 'NONE', #4010, #727 ) ;
#6071 = FACE_OUTER_BOUND ( 'NONE', #7131, .T. ) ;
#6072 = EDGE_LOOP ( 'NONE', ( #4949, #4606, #1687, #8123 ) ) ;
#6073 = CARTESIAN_POINT ( 'NONE',  ( -33.10000000000003695, 12.49999999999977263, 5.000000000000236255 ) ) ;
#6074 = CARTESIAN_POINT ( 'NONE',  ( 3.131316011514056098E-15, 2.799999999999999822, 6.000000000000000000 ) ) ;
#6075 = CARTESIAN_POINT ( 'NONE',  ( 1.317358923961507111, -15.40817751730939733, 6.000000000000000000 ) ) ;
#6076 = LINE ( 'NONE', #6815, #3312 ) ;
#6077 =( LENGTH_UNIT ( ) NAMED_UNIT ( * ) SI_UNIT ( .MILLI., .METRE. ) );
#6078 = CARTESIAN_POINT ( 'NONE',  ( 1.556818638489741113, -8.446385621121512699, 6.000000000000000000 ) ) ;
#6079 = LINE ( 'NONE', #4921, #7024 ) ;
#6080 = AXIS2_PLACEMENT_3D ( 'NONE', #1205, #8243, #2202 ) ;
#6081 = CARTESIAN_POINT ( 'NONE',  ( 47.00000000000017764, -16.49999999999966960, 4.999999999999673150 ) ) ;
#6082 = CARTESIAN_POINT ( 'NONE',  ( -0.1851409416627704529, -7.614382189356711628, 6.000000000000000000 ) ) ;
#6083 = CARTESIAN_POINT ( 'NONE',  ( 0.04907852564109516091, -6.644871794871797910, 5.500000000000000888 ) ) ;
#6084 = VECTOR ( 'NONE', #6951, 1000.000000000000000 ) ;
#6085 = DIRECTION ( 'NONE',  ( -6.867314445954479045E-15, -4.797243844499407540E-29, -1.000000000000000000 ) ) ;
#6086 = CARTESIAN_POINT ( 'NONE',  ( 1.728006989474413668, -14.66643204458283378, 6.000000000000000000 ) ) ;
#6087 = ORIENTED_EDGE ( 'NONE', *, *, #5900, .F. ) ;
#6088 = CARTESIAN_POINT ( 'NONE',  ( 1.332997238753920843, -10.60659269907099755, 5.999999999999999112 ) ) ;
#6089 = EDGE_CURVE ( 'NONE', #3429, #1203, #6659, .T. ) ;
#6091 = ORIENTED_EDGE ( 'NONE', *, *, #6104, .F. ) ;
#6090 = EDGE_CURVE ( 'NONE', #1893, #3219, #1379, .T. ) ;
#6092 = FACE_OUTER_BOUND ( 'NONE', #1246, .T. ) ;
#6093 = VECTOR ( 'NONE', #1353, 1000.000000000000000 ) ;
#6094 = CARTESIAN_POINT ( 'NONE',  ( -1.293835313677233145, -5.564166740290809265, 5.999999999999999112 ) ) ;
#6095 = CARTESIAN_POINT ( 'NONE',  ( 2.565504850932298631, -5.437132187319972942, 6.000000000000000000 ) ) ;
#6096 = ORIENTED_EDGE ( 'NONE', *, *, #3888, .T. ) ;
#6097 = CARTESIAN_POINT ( 'NONE',  ( -47.00000000000014211, 23.69999999999966889, 3.316686928032079224E-13 ) ) ;
#6098 = ORIENTED_EDGE ( 'NONE', *, *, #8254, .T. ) ;
#6099 = CARTESIAN_POINT ( 'NONE',  ( 0.2148964409209349058, -8.545089270704149698, 5.999999999999999112 ) ) ;
#6100 = ORIENTED_EDGE ( 'NONE', *, *, #6946, .F. ) ;
#6101 = VECTOR ( 'NONE', #4439, 1000.000000000000114 ) ;
#6102 = VECTOR ( 'NONE', #3549, 1000.000000000000000 ) ;
#6104 = EDGE_CURVE ( 'NONE', #4114, #6335, #1343, .T. ) ;
#6103 = ORIENTED_EDGE ( 'NONE', *, *, #2000, .F. ) ;
#6105 = LINE ( 'NONE', #8074, #6493 ) ;
#6106 = COLOUR_RGB ( '',0.7921568627450980005, 0.8196078431372548767, 0.9333333333333333481 ) ;
#6107 = EDGE_CURVE ( 'NONE', #3858, #3040, #6945, .T. ) ;
#6108 = B_SPLINE_SURFACE_WITH_KNOTS ( 'NONE', 3, 1, ( 
 ( #2476, #6469 ),
 ( #7797, #1756 ),
 ( #6986, #5704 ),
 ( #7756, #5082 ),
 ( #5782, #1789 ),
 ( #2519, #1274 ),
 ( #1918, #7026 ) ),
 .UNSPECIFIED., .F., .F., .F.,
 ( 4, 1, 1, 1, 4 ),
 ( 2, 2 ),
 ( 0.000000000000000000, 0.2636630635207401485, 0.5231302484245144990, 0.7670950153782087888, 1.000000000000000000 ),
 ( 0.000000000000000000, 1.000000000000000000 ),
 .UNSPECIFIED. ) ;
#6109 = AXIS2_PLACEMENT_3D ( 'NONE', #7805, #2531, #6996 ) ;
#6110 = CARTESIAN_POINT ( 'NONE',  ( -1.605883729056722276, 5.451629206497557334, 6.000000000000000000 ) ) ;
#6111 = ORIENTED_EDGE ( 'NONE', *, *, #56, .T. ) ;
#6112 = DIRECTION ( 'NONE',  ( -6.982962677686265922E-15, 1.000000000000000000, -0.000000000000000000 ) ) ;
#6113 = ORIENTED_EDGE ( 'NONE', *, *, #2508, .F. ) ;
#6114 = CARTESIAN_POINT ( 'NONE',  ( 0.8291676095855388118, -4.204415329704998427, 5.500000000000000000 ) ) ;
#6115 = ORIENTED_EDGE ( 'NONE', *, *, #3262, .F. ) ;
#6116 = AXIS2_PLACEMENT_3D ( 'NONE', #6494, #6361, #8374 ) ;
#6117 = FACE_OUTER_BOUND ( 'NONE', #2326, .T. ) ;
#6118 = VECTOR ( 'NONE', #1002, 1000.000000000000000 ) ;
#6119 = CARTESIAN_POINT ( 'NONE',  ( 1.382173127287487313, -8.300681034048082552, 6.000000000000000888 ) ) ;
#6120 = AXIS2_PLACEMENT_3D ( 'NONE', #5592, #2244, #1558 ) ;
#6121 = DIRECTION ( 'NONE',  ( 7.888609052210118054E-31, 5.508586259044128230E-45, -1.000000000000000000 ) ) ;
#6122 = ORIENTED_EDGE ( 'NONE', *, *, #2893, .F. ) ;
#6123 = CARTESIAN_POINT ( 'NONE',  ( 2.559900063643732793, -8.463705605716423719, 5.500000000000000000 ) ) ;
#6124 = PLANE ( 'NONE',  #7469 ) ;
#6125 = CARTESIAN_POINT ( 'NONE',  ( 1.730769230769357403, -14.73982371794870438, 5.500000000000000000 ) ) ;
#6126 = DIRECTION ( 'NONE',  ( -7.888609052210118054E-31, -5.605193857299268284E-45, 1.000000000000000000 ) ) ;
#6127 = CARTESIAN_POINT ( 'NONE',  ( -48.99999999999981526, -22.50000000000034106, 3.317568303507659991E-13 ) ) ;
#6128 = DIRECTION ( 'NONE',  ( -7.888609052210118054E-31, -5.605193857299268284E-45, 1.000000000000000000 ) ) ;
#6129 = CARTESIAN_POINT ( 'NONE',  ( -1.364341977307068188, -5.530891931618650226, 5.500000000000000888 ) ) ;
#6130 = VERTEX_POINT ( 'NONE', #6614 ) ;
#6131 = CARTESIAN_POINT ( 'NONE',  ( 1.260883593535025993, -0.03199091869204306882, 6.000000000000000000 ) ) ;
#6132 = CARTESIAN_POINT ( 'NONE',  ( -53.89999999999983515, -20.50000000000037659, 3.659733474714287943E-13 ) ) ;
#6133 = CARTESIAN_POINT ( 'NONE',  ( 25.69999999999993179, 18.85000000000018616, 4.999999999999821476 ) ) ;
#6134 = PLANE ( 'NONE',  #6062 ) ;
#6135 = CARTESIAN_POINT ( 'NONE',  ( 32.94999999999986784, 21.20000000000023377, -2.687005768509107106 ) ) ;
#6136 = ORIENTED_EDGE ( 'NONE', *, *, #4165, .F. ) ;
#6137 = LINE ( 'NONE', #7971, #6395 ) ;
#6138 = CARTESIAN_POINT ( 'NONE',  ( 1.005544403265598463, -14.01809621028812991, 5.500000000000000888 ) ) ;
#6139 = ORIENTED_EDGE ( 'NONE', *, *, #7570, .T. ) ;
#6140 = DIRECTION ( 'NONE',  ( -0.04506627997404807906, 0.9989839990757112265, -4.930380657631323236E-32 ) ) ;
#6141 = CARTESIAN_POINT ( 'NONE',  ( 3.083017875641648864, 3.124038236129737189, 6.000000000000000000 ) ) ;
#6142 = VERTEX_POINT ( 'NONE', #2149 ) ;
#6143 = CARTESIAN_POINT ( 'NONE',  ( 1.385975296699152537, -15.37174766144695504, 6.000000000000000000 ) ) ;
#6144 = ORIENTED_EDGE ( 'NONE', *, *, #6838, .F. ) ;
#6145 = LINE ( 'NONE', #352, #60 ) ;
#6146 = CARTESIAN_POINT ( 'NONE',  ( 0.4694579632508239508, -8.295977688551630536, 5.999999999999999112 ) ) ;
#6147 = VERTEX_POINT ( 'NONE', #2673 ) ;
#6148 = ORIENTED_EDGE ( 'NONE', *, *, #6275, .F. ) ;
#6149 = EDGE_CURVE ( 'NONE', #1517, #6293, #5419, .T. ) ;
#6150 = DIRECTION ( 'NONE',  ( -1.000000000000000000, -6.308085367188407793E-15, 7.096596038086958767E-15 ) ) ;
#6151 = ADVANCED_FACE ( 'NONE', ( #6575 ), #3502, .T. ) ;
#6152 = CARTESIAN_POINT ( 'NONE',  ( 0.1723349018211978723, -9.096511844540955849, 5.500000000000000888 ) ) ;
#6153 = ORIENTED_EDGE ( 'NONE', *, *, #839, .T. ) ;
#6154 = DIRECTION ( 'NONE',  ( 1.000000000000000000, 6.391086490440871606E-15, -6.847592668329505010E-15 ) ) ;
#6155 = CYLINDRICAL_SURFACE ( 'NONE', #5272, 3.100000000000000089 ) ;
#6156 = VERTEX_POINT ( 'NONE', #1079 ) ;
#6157 = CARTESIAN_POINT ( 'NONE',  ( -1.019486604889648262, 5.727566747736175579, 2.267306776996588003 ) ) ;
#6158 = ORIENTED_EDGE ( 'NONE', *, *, #480, .F. ) ;
#6159 = CARTESIAN_POINT ( 'NONE',  ( -2.524625938003435266, -4.356244603530224246, 5.500000000000000000 ) ) ;
#6160 = ADVANCED_FACE ( 'NONE', ( #4337 ), #1684, .F. ) ;
#6161 = CARTESIAN_POINT ( 'NONE',  ( -2.359858855803570687, -4.046775884045326954, 5.500000000000000888 ) ) ;
#6162 = EDGE_LOOP ( 'NONE', ( #7467, #2990, #6040, #2734 ) ) ;
#6163 = CARTESIAN_POINT ( 'NONE',  ( 3.066744232185261154, 3.252857388543509032, 2.253977467919163313 ) ) ;
#6164 = ORIENTED_EDGE ( 'NONE', *, *, #1428, .F. ) ;
#6165 = CARTESIAN_POINT ( 'NONE',  ( 2.504402971497370345, -8.311425980912378719, 5.500000000000000888 ) ) ;
#6166 = DIRECTION ( 'NONE',  ( 6.867314445954479045E-15, 4.797243844499407540E-29, 1.000000000000000000 ) ) ;
#6167 = CARTESIAN_POINT ( 'NONE',  ( 20.21897503240955629, -22.49999999999985434, 4.999999999999866773 ) ) ;
#6168 = CARTESIAN_POINT ( 'NONE',  ( -3.018094598906785997, 2.092112302656933931, 3.000000000000000000 ) ) ;
#6169 = CARTESIAN_POINT ( 'NONE',  ( 2.562242602970847383, -11.70475407010890478, 5.999999999999999112 ) ) ;
#6170 = CARTESIAN_POINT ( 'NONE',  ( -49.00000000000000711, 5.299999999999656985, 3.317568303507659991E-13 ) ) ;
#6171 = CARTESIAN_POINT ( 'NONE',  ( -1.752915971808859386, 0.6810885823665517869, 2.318931217520891597 ) ) ;
#6172 = EDGE_CURVE ( 'NONE', #654, #3396, #4848, .T. ) ;
#6173 = CARTESIAN_POINT ( 'NONE',  ( -0.5890473310330216483, -13.90396185526418371, 5.500000000000000888 ) ) ;
#6174 = LINE ( 'NONE', #6132, #1157 ) ;
#6175 = DIRECTION ( 'NONE',  ( -7.888609052210118054E-31, -5.508586259044128230E-45, 1.000000000000000000 ) ) ;
#6176 = LINE ( 'NONE', #2276, #5650 ) ;
#6177 = CARTESIAN_POINT ( 'NONE',  ( 1.504068256435575401, -14.22577418916100456, 6.000000000000000888 ) ) ;
#6178 = VERTEX_POINT ( 'NONE', #5624 ) ;
#6179 = CARTESIAN_POINT ( 'NONE',  ( 1.433246906124523212, -10.58172394771707481, 5.500000000000000000 ) ) ;
#6180 = FACE_OUTER_BOUND ( 'NONE', #4901, .T. ) ;
#6181 = EDGE_LOOP ( 'NONE', ( #437, #8401 ) ) ;
#6182 = CARTESIAN_POINT ( 'NONE',  ( 2.564102564102670012, -11.74102564102562773, 5.500000000000000000 ) ) ;
#6183 = CARTESIAN_POINT ( 'NONE',  ( -1.948116987179420390, -6.234214743589761021, 6.000000000000000000 ) ) ;
#6184 = DIRECTION ( 'NONE',  ( 0.04506627997401949082, 0.9989839990757125587, 4.930380657631323236E-32 ) ) ;
#6185 = CARTESIAN_POINT ( 'NONE',  ( 1.619473181055726796, -15.13878759594478041, 5.500000000000000888 ) ) ;
#6186 = VERTEX_POINT ( 'NONE', #5584 ) ;
#6187 = CARTESIAN_POINT ( 'NONE',  ( -1.752915971808859386, 0.6810885823665517869, 2.318931217520891597 ) ) ;
#6188 = CARTESIAN_POINT ( 'NONE',  ( 0.9185142678580902054, -6.595335244646038042, 5.500000000000000888 ) ) ;
#6189 = ORIENTED_EDGE ( 'NONE', *, *, #3302, .T. ) ;
#6190 = ORIENTED_EDGE ( 'NONE', *, *, #6946, .T. ) ;
#6191 = FACE_OUTER_BOUND ( 'NONE', #6695, .T. ) ;
#6192 = CARTESIAN_POINT ( 'NONE',  ( 21.00000000000019185, -19.49999999999985079, 4.999999999999861444 ) ) ;
#6193 = VECTOR ( 'NONE', #2495, 1000.000000000000000 ) ;
#6194 = CARTESIAN_POINT ( 'NONE',  ( -19.44999999999982876, -19.50000000000013145, 3.000000000000138556 ) ) ;
#6195 = ORIENTED_EDGE ( 'NONE', *, *, #7409, .F. ) ;
#6196 = CARTESIAN_POINT ( 'NONE',  ( 2.504402971497410313, -14.14475931424571442, 6.000000000000000000 ) ) ;
#6197 = CIRCLE ( 'NONE', #7282, 3.100000000000000089 ) ;
#6198 = CARTESIAN_POINT ( 'NONE',  ( -60.99999999999979394, -22.50000000000042633, 2.500000000000414335 ) ) ;
#6199 = ORIENTED_EDGE ( 'NONE', *, *, #7466, .T. ) ;
#6200 = EDGE_LOOP ( 'NONE', ( #1652, #7565, #3298, #4141 ) ) ;
#6201 = EDGE_CURVE ( 'NONE', #1762, #1336, #8208, .T. ) ;
#6202 = DIRECTION ( 'NONE',  ( -0.9728446671890084163, -0.2314589672531777997, -7.888609052210119806E-31 ) ) ;
#6203 = EDGE_CURVE ( 'NONE', #2168, #2616, #3509, .T. ) ;
#6204 = VECTOR ( 'NONE', #843, 1000.000000000000114 ) ;
#6205 = CARTESIAN_POINT ( 'NONE',  ( -2.612557928614915870, -4.706526261310103543, 6.000000000000000888 ) ) ;
#6206 = VERTEX_POINT ( 'NONE', #7474 ) ;
#6207 = EDGE_CURVE ( 'NONE', #3855, #995, #396, .T. ) ;
#6208 = FACE_OUTER_BOUND ( 'NONE', #2427, .T. ) ;
#6209 = EDGE_LOOP ( 'NONE', ( #8485, #3689, #131, #1993 ) ) ;
#6210 = CARTESIAN_POINT ( 'NONE',  ( 15.00000000000018474, -22.49999999999989342, 2.063301313026461295E-16 ) ) ;
#6211 = CARTESIAN_POINT ( 'NONE',  ( 1.684428247439253346, -4.699698587307818087, 6.000000000000000000 ) ) ;
#6212 = DIRECTION ( 'NONE',  ( -0.2658424535885527407, -0.9640164883807840202, -3.944304526105059903E-31 ) ) ;
#6213 = CARTESIAN_POINT ( 'NONE',  ( -0.6451835506723566649, -4.173700709604267090, 5.500000000000000000 ) ) ;
#6214 = LINE ( 'NONE', #5564, #5701 ) ;
#6215 = CARTESIAN_POINT ( 'NONE',  ( 1.282051282051420493, -16.45256410256408941, 6.000000000000000000 ) ) ;
#6216 = CARTESIAN_POINT ( 'NONE',  ( 3.106316672225910204E-14, -1.200000000000000178, 14.31370849898475939 ) ) ;
#6217 = ORIENTED_EDGE ( 'NONE', *, *, #6830, .F. ) ;
#6218 = EDGE_CURVE ( 'NONE', #5801, #2493, #7220, .T. ) ;
#6219 = CIRCLE ( 'NONE', #7173, 3.100000000000000089 ) ;
#6220 = CARTESIAN_POINT ( 'NONE',  ( 1.806694633951519302, -11.23331379798186092, 5.500000000000000000 ) ) ;
#6221 = EDGE_CURVE ( 'NONE', #5210, #4528, #4976, .T. ) ;
#6222 = DIRECTION ( 'NONE',  ( 1.000000000000000000, 6.715058616684416976E-15, -6.994852725712934581E-15 ) ) ;
#6223 = ADVANCED_FACE ( 'NONE', ( #1728 ), #6961, .T. ) ;
#6224 = CARTESIAN_POINT ( 'NONE',  ( 1.282051282051379193, -10.61923076923076081, 6.000000000000000000 ) ) ;
#6225 = CARTESIAN_POINT ( 'NONE',  ( 1.726721576465209518, -9.012233411423091312, 5.500000000000000000 ) ) ;
#6226 = DIRECTION ( 'NONE',  ( -6.888341397178440152E-15, 1.000000000000000000, 0.000000000000000000 ) ) ;
#6227 = ORIENTED_EDGE ( 'NONE', *, *, #7043, .F. ) ;
#6228 = DIRECTION ( 'NONE',  ( 6.867314445954479045E-15, 4.797243844499407540E-29, 1.000000000000000000 ) ) ;
#6229 = AXIS2_PLACEMENT_3D ( 'NONE', #6637, #6028, #4736 ) ;
#6230 = ORIENTED_EDGE ( 'NONE', *, *, #6107, .T. ) ;
#6231 = DIRECTION ( 'NONE',  ( -7.888609052210118054E-31, -5.605193857299268284E-45, 1.000000000000000000 ) ) ;
#6232 = AXIS2_PLACEMENT_3D ( 'NONE', #4396, #5081, #7546 ) ;
#6233 = CARTESIAN_POINT ( 'NONE',  ( -0.2594013143302184021, 5.889127863673460084, 3.000000000000000000 ) ) ;
#6234 = CARTESIAN_POINT ( 'NONE',  ( 3.131316011514059253E-15, 2.799999999999999822, 3.000000000000000000 ) ) ;
#6235 = ORIENTED_EDGE ( 'NONE', *, *, #693, .T. ) ;
#6236 = CARTESIAN_POINT ( 'NONE',  ( 2.434258557892062580, -8.165404252283305908, 6.000000000000000000 ) ) ;
#6237 = CARTESIAN_POINT ( 'NONE',  ( 0.1285669302982181406, -8.846004656691887291, 5.500000000000000888 ) ) ;
#6238 = VERTEX_POINT ( 'NONE', #1551 ) ;
#6239 = ORIENTED_EDGE ( 'NONE', *, *, #435, .F. ) ;
#6240 = CARTESIAN_POINT ( 'NONE',  ( 0.8884214743590894692, -13.11923076923075904, 5.500000000000000888 ) ) ;
#6241 = AXIS2_PLACEMENT_3D ( 'NONE', #5557, #1659, #1013 ) ;
#6242 = LINE ( 'NONE', #8217, #8028 ) ;
#6243 = VECTOR ( 'NONE', #6911, 1000.000000000000000 ) ;
#6244 = DIRECTION ( 'NONE',  ( 6.888341397178440152E-15, -1.000000000000000000, 0.000000000000000000 ) ) ;
#6245 = AXIS2_PLACEMENT_3D ( 'NONE', #5487, #3527, #8115 ) ;
#6246 = DIRECTION ( 'NONE',  ( 0.9640164883807839091, -0.2658424535885526852, 7.888609052210118054E-31 ) ) ;
#6247 = ORIENTED_EDGE ( 'NONE', *, *, #7719, .T. ) ;
#6248 = VERTEX_POINT ( 'NONE', #4160 ) ;
#6249 = CARTESIAN_POINT ( 'NONE',  ( -31.99999999999998579, -22.50000000000022027, -22.49999999999977618 ) ) ;
#6250 = AXIS2_PLACEMENT_3D ( 'NONE', #290, #2867, #4838 ) ;
#6251 = CIRCLE ( 'NONE', #1044, 3.100000000000000089 ) ;
#6252 = DIRECTION ( 'NONE',  ( -0.8847194585835739256, -0.4661238886858168895, -7.888609052210116302E-31 ) ) ;
#6253 = EDGE_LOOP ( 'NONE', ( #5382, #1837 ) ) ;
#6254 = DIRECTION ( 'NONE',  ( 1.000000000000000000, 6.715058616684402777E-15, -6.994852725712919592E-15 ) ) ;
#6255 = EDGE_LOOP ( 'NONE', ( #1865, #4382, #1805, #6153, #5033, #5790, #8225, #2447, #5918, #7289, #2504, #7655, #4258, #829, #6966 ) ) ;
#6256 = PLANE ( 'NONE',  #3869 ) ;
#6257 = LINE ( 'NONE', #4270, #4577 ) ;
#6258 = AXIS2_PLACEMENT_3D ( 'NONE', #605, #1297, #3748 ) ;
#6259 = DIRECTION ( 'NONE',  ( 0.9728446671890147446, -0.2314589672531505715, 7.888609052210117178E-31 ) ) ;
#6260 = AXIS2_PLACEMENT_3D ( 'NONE', #6739, #854, #5932 ) ;
#6261 = CARTESIAN_POINT ( 'NONE',  ( 2.227981349045868420, -11.23353219699344940, 5.500000000000000000 ) ) ;
#6262 = CARTESIAN_POINT ( 'NONE',  ( -0.9410415836313309468, -5.673966946163640834, 5.500000000000000888 ) ) ;
#6263 = EDGE_CURVE ( 'NONE', #1770, #2248, #7250, .T. ) ;
#6264 = CARTESIAN_POINT ( 'NONE',  ( -0.5084190896581688435, -13.77813632416300038, 5.500000000000000000 ) ) ;
#6265 = ADVANCED_FACE ( 'NONE', ( #1458 ), #5901, .T. ) ;
#6266 = CARTESIAN_POINT ( 'NONE',  ( 1.453421768577693562, -5.466771612313175766, 5.500000000000000000 ) ) ;
#6267 = FACE_OUTER_BOUND ( 'NONE', #556, .T. ) ;
#6268 = CARTESIAN_POINT ( 'NONE',  ( 0.5169831148198784643, 5.856587714918572551, 6.000000000000000000 ) ) ;
#6269 = CARTESIAN_POINT ( 'NONE',  ( 1.282051282051372088, -9.593589743589737040, 6.000000000000000000 ) ) ;
#6270 = ORIENTED_EDGE ( 'NONE', *, *, #6107, .F. ) ;
#6271 = PLANE ( 'NONE',  #445 ) ;
#6272 = ORIENTED_EDGE ( 'NONE', *, *, #8259, .T. ) ;
#6273 = EDGE_CURVE ( 'NONE', #5068, #6745, #8059, .T. ) ;
#6274 = CARTESIAN_POINT ( 'NONE',  ( -1.666666666666540175, -14.74883814102565083, 6.000000000000000000 ) ) ;
#6275 = EDGE_CURVE ( 'NONE', #4283, #6534, #4198, .T. ) ;
#6276 = LINE ( 'NONE', #394, #5973 ) ;
#6277 = ORIENTED_EDGE ( 'NONE', *, *, #8348, .F. ) ;
#6278 = DIRECTION ( 'NONE',  ( 1.000000000000000000, 7.178166107490237014E-15, 0.000000000000000000 ) ) ;
#6279 = CARTESIAN_POINT ( 'NONE',  ( 1.861501712986905366, -7.557718172117372291, 6.000000000000000000 ) ) ;
#6280 = DIRECTION ( 'NONE',  ( 6.982962677686265922E-15, 4.876176775795934672E-29, 1.000000000000000000 ) ) ;
#6281 = ORIENTED_EDGE ( 'NONE', *, *, #6461, .T. ) ;
#6282 = ORIENTED_EDGE ( 'NONE', *, *, #8246, .F. ) ;
#6283 = DIRECTION ( 'NONE',  ( -1.000000000000000000, -6.715058616684416976E-15, 6.994852725712934581E-15 ) ) ;
#6284 = ADVANCED_FACE ( 'NONE', ( #8197 ), #8234, .T. ) ;
#6285 = CYLINDRICAL_SURFACE ( 'NONE', #3783, 1.549999999999999378 ) ;
#6286 = ORIENTED_EDGE ( 'NONE', *, *, #6674, .T. ) ;
#6287 = DIRECTION ( 'NONE',  ( 6.937904925063491558E-15, -1.000000000000000000, 3.276637284468331116E-31 ) ) ;
#6288 = DIRECTION ( 'NONE',  ( -7.888609052210118054E-31, -5.605193857299268284E-45, 1.000000000000000000 ) ) ;
#6289 = VERTEX_POINT ( 'NONE', #7413 ) ;
#6290 = EDGE_LOOP ( 'NONE', ( #4604, #4177, #5877, #655 ) ) ;
#6291 = CARTESIAN_POINT ( 'NONE',  ( -1.058206081058251646, -3.326234323324540387, 5.500000000000000888 ) ) ;
#6292 = CARTESIAN_POINT ( 'NONE',  ( -2.359858855803570687, -4.046775884045326954, 6.000000000000000888 ) ) ;
#6293 = VERTEX_POINT ( 'NONE', #940 ) ;
#6294 = CARTESIAN_POINT ( 'NONE',  ( 1.668255819642864957, -9.212318206982835989, 6.000000000000000000 ) ) ;
#6295 = VERTEX_POINT ( 'NONE', #3463 ) ;
#6296 = CARTESIAN_POINT ( 'NONE',  ( 47.00000000000018474, -22.49999999999967315, -3.247297988993010979E-13 ) ) ;
#6297 = CARTESIAN_POINT ( 'NONE',  ( 3.131316011514062409E-15, 2.799999999999999822, 1.000000000000000000 ) ) ;
#6298 = CARTESIAN_POINT ( 'NONE',  ( 0.1282051282052131536, -8.869431089743587293, 5.500000000000000888 ) ) ;
#6299 = CARTESIAN_POINT ( 'NONE',  ( -1.730769230769173106, -4.939142628205143382, 6.000000000000000000 ) ) ;
#6300 = CARTESIAN_POINT ( 'NONE',  ( 2.017227564102666015, -11.19615384615383746, 5.500000000000000888 ) ) ;
#6301 = DIRECTION ( 'NONE',  ( -6.982962677686265133E-15, 1.000000000000000000, 0.000000000000000000 ) ) ;
#6302 = CARTESIAN_POINT ( 'NONE',  ( -2.214865306861705463, 4.968956355591413576, 2.318931217520895149 ) ) ;
#6303 = FACE_OUTER_BOUND ( 'NONE', #3017, .T. ) ;
#6304 = PLANE ( 'NONE',  #3356 ) ;
#6305 = ORIENTED_EDGE ( 'NONE', *, *, #7107, .T. ) ;
#6306 = CARTESIAN_POINT ( 'NONE',  ( 2.429484173347395082, -5.757932974761481582, 5.500000000000000000 ) ) ;
#6307 = CARTESIAN_POINT ( 'NONE',  ( 1.998807928985460558, -13.49024377194261781, 5.500000000000000888 ) ) ;
#6308 = ORIENTED_EDGE ( 'NONE', *, *, #2067, .T. ) ;
#6309 = EDGE_CURVE ( 'NONE', #7485, #4056, #8149, .T. ) ;
#6310 = DIRECTION ( 'NONE',  ( -7.888609052210118054E-31, -5.605193857299268284E-45, 1.000000000000000000 ) ) ;
#6311 = ADVANCED_FACE ( 'NONE', ( #4926 ), #6952, .T. ) ;
#6312 = CARTESIAN_POINT ( 'NONE',  ( 1.367476753227667707, -5.525228678014316941, 6.000000000000000000 ) ) ;
#6313 = CARTESIAN_POINT ( 'NONE',  ( 0.2535032513423021716, -9.244001944939199689, 5.500000000000000000 ) ) ;
#6314 = CARTESIAN_POINT ( 'NONE',  ( 1.668255819642904925, -15.04565154031616281, 6.000000000000000000 ) ) ;
#6315 = EDGE_CURVE ( 'NONE', #2305, #7044, #2275, .T. ) ;
#6316 = CARTESIAN_POINT ( 'NONE',  ( 1.730769230769357403, -14.73982371794870438, 6.000000000000000000 ) ) ;
#6317 = FACE_OUTER_BOUND ( 'NONE', #5281, .T. ) ;
#6318 = LINE ( 'NONE', #2811, #2681 ) ;
#6319 = ORIENTED_EDGE ( 'NONE', *, *, #895, .F. ) ;
#6320 = ORIENTED_EDGE ( 'NONE', *, *, #957, .T. ) ;
#6321 = CARTESIAN_POINT ( 'NONE',  ( 0.4477163461539355183, -9.459374999999997868, 5.500000000000000000 ) ) ;
#6322 = FACE_OUTER_BOUND ( 'NONE', #7168, .T. ) ;
#6323 = ORIENTED_EDGE ( 'NONE', *, *, #400, .F. ) ;
#6324 = DIRECTION ( 'NONE',  ( 0.2920876579272057572, -0.9563915516599881261, 3.944304526105058589E-31 ) ) ;
#6325 = EDGE_CURVE ( 'NONE', #1808, #3128, #2265, .T. ) ;
#6326 = FILL_AREA_STYLE ('',( #7610 ) ) ;
#6327 = ORIENTED_EDGE ( 'NONE', *, *, #3634, .T. ) ;
#6328 = CIRCLE ( 'NONE', #7562, 3.099999999999998757 ) ;
#6329 = VERTEX_POINT ( 'NONE', #4147 ) ;
#6330 = LINE ( 'NONE', #5036, #8275 ) ;
#6331 = VECTOR ( 'NONE', #4536, 1000.000000000000000 ) ;
#6332 = CARTESIAN_POINT ( 'NONE',  ( -1.752915971808918894, 4.918911417633398564, 6.000000000000000000 ) ) ;
#6333 = VERTEX_POINT ( 'NONE', #6133 ) ;
#6334 = CYLINDRICAL_SURFACE ( 'NONE', #6241, 3.100000000000000089 ) ;
#6335 = VERTEX_POINT ( 'NONE', #7587 ) ;
#6336 = DIRECTION ( 'NONE',  ( 0.8847194585835739256, 0.4661238886858168895, 7.888609052210117178E-31 ) ) ;
#6337 = DIRECTION ( 'NONE',  ( -6.867314445954479045E-15, -4.797243844499407540E-29, -1.000000000000000000 ) ) ;
#6338 = DIRECTION ( 'NONE',  ( 1.000000000000000000, 6.715058616684402777E-15, -8.953411488912536510E-15 ) ) ;
#6339 = CARTESIAN_POINT ( 'NONE',  ( -2.499999999999925393, -7.350000000000018296, 5.500000000000000000 ) ) ;
#6340 = CIRCLE ( 'NONE', #6610, 1.549999999999999378 ) ;
#6341 = AXIS2_PLACEMENT_3D ( 'NONE', #8403, #3209, #5710 ) ;
#6342 = CARTESIAN_POINT ( 'NONE',  ( 1.332997238753920843, -10.60659269907099755, 6.000000000000000000 ) ) ;
#6343 = CARTESIAN_POINT ( 'NONE',  ( -2.461447685859127876, -5.688771189845509113, 6.000000000000000000 ) ) ;
#6344 = CARTESIAN_POINT ( 'NONE',  ( 0.002003205128251001922, -3.247435897435900110, 5.500000000000000000 ) ) ;
#6345 = DIRECTION ( 'NONE',  ( 6.982962677686265922E-15, 4.876176775795934672E-29, 1.000000000000000000 ) ) ;
#6346 = DIRECTION ( 'NONE',  ( -1.000000000000000000, -6.715058616684416976E-15, 6.994852725712934581E-15 ) ) ;
#6347 = ORIENTED_EDGE ( 'NONE', *, *, #5316, .F. ) ;
#6348 = CARTESIAN_POINT ( 'NONE',  ( 2.244321669889818072, -13.72797687925302590, 5.500000000000000888 ) ) ;
#6349 = EDGE_LOOP ( 'NONE', ( #591, #557, #5443, #7945 ) ) ;
#6350 = VECTOR ( 'NONE', #438, 1000.000000000000000 ) ;
#6351 = CARTESIAN_POINT ( 'NONE',  ( 1.589700238839736324, -5.336959360999038893, 6.000000000000000000 ) ) ;
#6352 = CARTESIAN_POINT ( 'NONE',  ( 0.3074683087755569200, -9.317823609062537926, 6.000000000000000000 ) ) ;
#6353 = VECTOR ( 'NONE', #3369, 1000.000000000000000 ) ;
#6354 = EDGE_CURVE ( 'NONE', #1852, #2839, #4884, .T. ) ;
#6355 = CARTESIAN_POINT ( 'NONE',  ( -3.099320118772017629, 2.864921501638373336, 6.000000000000000000 ) ) ;
#6356 = PLANE ( 'NONE',  #66 ) ;
#6357 = VERTEX_POINT ( 'NONE', #7502 ) ;
#6358 = ORIENTED_EDGE ( 'NONE', *, *, #5056, .F. ) ;
#6359 = DIRECTION ( 'NONE',  ( 6.867314445954479045E-15, 4.797243844499407540E-29, 1.000000000000000000 ) ) ;
#6360 = CIRCLE ( 'NONE', #6232, 3.100000000000000089 ) ;
#6361 = DIRECTION ( 'NONE',  ( 0.7817057376164893157, -0.6236474483050984396, 7.888609052210118054E-31 ) ) ;
#6362 = ORIENTED_EDGE ( 'NONE', *, *, #8263, .F. ) ;
#6363 = CARTESIAN_POINT ( 'NONE',  ( -0.05577673652070037208, -7.526380475452828733, 5.500000000000000000 ) ) ;
#6364 = ADVANCED_FACE ( 'NONE', ( #1716 ), #6770, .T. ) ;
#6365 = CARTESIAN_POINT ( 'NONE',  ( 39.99999999999968026, 23.70000000000027995, -22.50000000000027711 ) ) ;
#6366 = EDGE_CURVE ( 'NONE', #5280, #7116, #6869, .T. ) ;
#6367 = ORIENTED_EDGE ( 'NONE', *, *, #2282, .F. ) ;
#6368 = VECTOR ( 'NONE', #1273, 1000.000000000000000 ) ;
#6369 = VERTEX_POINT ( 'NONE', #3647 ) ;
#6370 = CARTESIAN_POINT ( 'NONE',  ( -2.117546881683954219, -3.783270413784029618, 5.500000000000000888 ) ) ;
#6371 = ADVANCED_FACE ( 'NONE', ( #6267 ), #3599, .T. ) ;
#6372 = ADVANCED_FACE ( 'NONE', ( #4327 ), #203, .F. ) ;
#6373 = VECTOR ( 'NONE', #3036, 1000.000000000000000 ) ;
#6374 = AXIS2_PLACEMENT_3D ( 'NONE', #660, #6457, #1949 ) ;
#6375 = CARTESIAN_POINT ( 'NONE',  ( -0.8722292868266594557, -3.297794949762650418, 5.500000000000000888 ) ) ;
#6376 = CARTESIAN_POINT ( 'NONE',  ( -56.09999999999980957, -20.50000000000039080, 2.500000000000380584 ) ) ;
#6377 = ORIENTED_EDGE ( 'NONE', *, *, #1594, .F. ) ;
#6378 = CARTESIAN_POINT ( 'NONE',  ( -0.7428130999804779533, -14.32337452005882383, 5.500000000000000000 ) ) ;
#6379 = FACE_OUTER_BOUND ( 'NONE', #2467, .T. ) ;
#6380 = LINE ( 'NONE', #3804, #4051 ) ;
#6381 = VECTOR ( 'NONE', #555, 1000.000000000000000 ) ;
#6382 = CARTESIAN_POINT ( 'NONE',  ( 21.00000000000017764, -19.49999999999985079, 2.999999999999859668 ) ) ;
#6383 = VECTOR ( 'NONE', #7579, 1000.000000000000000 ) ;
#6384 = CARTESIAN_POINT ( 'NONE',  ( -1.585322163427358877, -4.548316859980396920, 6.000000000000000000 ) ) ;
#6385 = VECTOR ( 'NONE', #3019, 1000.000000000000000 ) ;
#6386 = AXIS2_PLACEMENT_3D ( 'NONE', #6754, #6067, #1479 ) ;
#6387 = CARTESIAN_POINT ( 'NONE',  ( 1.147458232311274529, -5.623305372090624310, 5.500000000000000888 ) ) ;
#6388 = ORIENTED_EDGE ( 'NONE', *, *, #7628, .F. ) ;
#6389 = CARTESIAN_POINT ( 'NONE',  ( 16.99999999999991829, 16.70000000000009521, -1.152409185687131723E-13 ) ) ;
#6390 = CARTESIAN_POINT ( 'NONE',  ( 0.3733089833664033352, -15.22320200111734145, 5.500000000000000888 ) ) ;
#6391 = CARTESIAN_POINT ( 'NONE',  ( -1.170893051803905793, 0.3117256057184265572, 2.267306776996586226 ) ) ;
#6392 = ORIENTED_EDGE ( 'NONE', *, *, #6849, .F. ) ;
#6393 = CARTESIAN_POINT ( 'NONE',  ( 2.244321669889818072, -13.72797687925302590, 6.000000000000000000 ) ) ;
#6394 = EDGE_LOOP ( 'NONE', ( #7350, #3389, #1201, #1197 ) ) ;
#6395 = VECTOR ( 'NONE', #2914, 1000.000000000000114 ) ;
#6396 = AXIS2_PLACEMENT_3D ( 'NONE', #639, #5218, #5307 ) ;
#6397 = CARTESIAN_POINT ( 'NONE',  ( 1.819967283515125045, -6.321543604101798053, 6.000000000000000000 ) ) ;
#6398 = CARTESIAN_POINT ( 'NONE',  ( -2.303748958979892070, 0.7256951202875105977, 6.000000000000000000 ) ) ;
#6399 = CARTESIAN_POINT ( 'NONE',  ( 2.127069218349288970, -13.60417259753689301, 5.500000000000000888 ) ) ;
#6400 = DIRECTION ( 'NONE',  ( -0.9230960361052031882, -0.3845695101368039603, -7.888609052210116302E-31 ) ) ;
#6401 = VERTEX_POINT ( 'NONE', #2227 ) ;
#6402 = ORIENTED_EDGE ( 'NONE', *, *, #1221, .T. ) ;
#6403 = CARTESIAN_POINT ( 'NONE',  ( 0.6445262415350371255, 5.832257562274801188, 2.255915264206802107 ) ) ;
#6404 = DIRECTION ( 'NONE',  ( -0.9782753810969029296, 0.2073096204707087498, -7.888609052210117178E-31 ) ) ;
#6405 = ORIENTED_EDGE ( 'NONE', *, *, #7984, .F. ) ;
#6406 = CARTESIAN_POINT ( 'NONE',  ( -0.7656110130113841228, -8.643353632297630540, 5.500000000000000000 ) ) ;
#6407 = CARTESIAN_POINT ( 'NONE',  ( -2.684678751731770507, 4.349999999999975664, 6.000000000000000000 ) ) ;
#6408 = DIRECTION ( 'NONE',  ( -6.888341397178440152E-15, 1.000000000000000000, -6.607368703010305184E-31 ) ) ;
#6409 = ORIENTED_EDGE ( 'NONE', *, *, #4559, .T. ) ;
#6410 = EDGE_CURVE ( 'NONE', #1706, #7255, #2118, .T. ) ;
#6411 = EDGE_LOOP ( 'NONE', ( #7723, #291, #2590, #8221 ) ) ;
#6412 = DIRECTION ( 'NONE',  ( 0.5507286755606269901, -0.8346843271053060453, 7.888609052210118054E-31 ) ) ;
#6413 = CARTESIAN_POINT ( 'NONE',  ( 1.282051282051379193, -10.61923076923076081, 6.000000000000000000 ) ) ;
#6414 = EDGE_CURVE ( 'NONE', #206, #7621, #3686, .T. ) ;
#6415 = EDGE_CURVE ( 'NONE', #3182, #5834, #8182, .T. ) ;
#6416 = LINE ( 'NONE', #5201, #2516 ) ;
#6417 = CARTESIAN_POINT ( 'NONE',  ( 0.4694579632508240064, -8.295977688551630536, 6.000000000000000000 ) ) ;
#6418 = ORIENTED_EDGE ( 'NONE', *, *, #1754, .T. ) ;
#6419 = CARTESIAN_POINT ( 'NONE',  ( 39.99999999999987921, 23.70000000000027995, 4.999999999999722000 ) ) ;
#6420 = EDGE_CURVE ( 'NONE', #782, #943, #8448, .T. ) ;
#6421 = DIRECTION ( 'NONE',  ( -0.8193223671891837201, -0.5733331131406177450, 0.000000000000000000 ) ) ;
#6422 = EDGE_CURVE ( 'NONE', #2887, #4870, #5655, .T. ) ;
#6423 = DIRECTION ( 'NONE',  ( -0.3258489703725783726, -0.9454218362758131100, -3.944304526105059027E-31 ) ) ;
#6424 = LINE ( 'NONE', #2515, #4135 ) ;
#6425 = CARTESIAN_POINT ( 'NONE',  ( 2.614058297903629313, -4.674718752223831153, 5.500000000000000888 ) ) ;
#6426 = DIRECTION ( 'NONE',  ( -7.888609052210118054E-31, -5.605193857299268284E-45, 1.000000000000000000 ) ) ;
#6427 = CARTESIAN_POINT ( 'NONE',  ( -2.002201346417657568, -6.195391855106033852, 5.500000000000000000 ) ) ;
#6428 = ORIENTED_EDGE ( 'NONE', *, *, #5991, .T. ) ;
#6429 = CARTESIAN_POINT ( 'NONE',  ( -1.948116987179420390, -6.234214743589761021, 5.500000000000000888 ) ) ;
#6430 = EDGE_CURVE ( 'NONE', #4311, #6018, #3203, .T. ) ;
#6431 = CARTESIAN_POINT ( 'NONE',  ( 0.3074683087755981092, -15.15115694239586652, 6.000000000000000000 ) ) ;
#6432 = CARTESIAN_POINT ( 'NONE',  ( 12.45000000000021778, -27.49999999999991118, 2.999999999999997335 ) ) ;
#6433 = VERTEX_POINT ( 'NONE', #8358 ) ;
#6434 = CARTESIAN_POINT ( 'NONE',  ( 1.568365608699826552, -6.437343708424839939, 5.999999999999999112 ) ) ;
#6435 =( NAMED_UNIT ( * ) SI_UNIT ( $, .STERADIAN. ) SOLID_ANGLE_UNIT ( ) );
#6436 = ORIENTED_EDGE ( 'NONE', *, *, #2066, .F. ) ;
#6437 = CARTESIAN_POINT ( 'NONE',  ( 2.036127494760032963, -6.185944509191687146, 6.000000000000000000 ) ) ;
#6438 = DIRECTION ( 'NONE',  ( -7.888609052210118054E-31, -5.605193857299268284E-45, 1.000000000000000000 ) ) ;
#6439 = CARTESIAN_POINT ( 'NONE',  ( 0.9482456716280144304, -13.12091517532601337, 5.500000000000000000 ) ) ;
#6440 = CARTESIAN_POINT ( 'NONE',  ( 0.1414048369820665452, -14.56558088380728222, 5.500000000000000888 ) ) ;
#6441 = ORIENTED_EDGE ( 'NONE', *, *, #6674, .F. ) ;
#6442 = ORIENTED_EDGE ( 'NONE', *, *, #2297, .T. ) ;
#6443 = DIRECTION ( 'NONE',  ( 1.000000000000000000, 6.308085367188407793E-15, -7.096596038086958767E-15 ) ) ;
#6444 = B_SPLINE_SURFACE_WITH_KNOTS ( 'NONE', 3, 1, ( 
 ( #4569, #4526 ),
 ( #3285, #23 ),
 ( #1921, #5830 ),
 ( #4613, #6517 ),
 ( #7919, #3249 ),
 ( #5174, #6597 ),
 ( #8487, #5255 ),
 ( #709, #3329 ),
 ( #973, #242 ),
 ( #1530, #2778 ),
 ( #2824, #7498 ) ),
 .UNSPECIFIED., .F., .F., .F.,
 ( 4, 1, 1, 1, 1, 1, 1, 1, 4 ),
 ( 2, 2 ),
 ( 0.000000000000000000, 0.1610658343667282777, 0.3107786020643437119, 0.4498890489726594111, 0.5782757976059884619, 0.6966271750068685487, 0.8059936940939378403, 0.9065647718062151972, 1.000000000000000000 ),
 ( 0.000000000000000000, 1.000000000000000000 ),
 .UNSPECIFIED. ) ;
#6445 = DIRECTION ( 'NONE',  ( 6.982962677686265922E-15, 4.876176775795934672E-29, 1.000000000000000000 ) ) ;
#6446 = DIRECTION ( 'NONE',  ( -6.982962677686265133E-15, 1.000000000000000000, 0.000000000000000000 ) ) ;
#6447 = ORIENTED_EDGE ( 'NONE', *, *, #7457, .F. ) ;
#6448 = CARTESIAN_POINT ( 'NONE',  ( 1.378369055473260829, 5.576706456742187790, 6.000000000000000000 ) ) ;
#6449 = FACE_OUTER_BOUND ( 'NONE', #7475, .T. ) ;
#6450 = LINE ( 'NONE', #563, #6888 ) ;
#6451 = ORIENTED_EDGE ( 'NONE', *, *, #6780, .T. ) ;
#6452 = VERTEX_POINT ( 'NONE', #7028 ) ;
#6453 = CARTESIAN_POINT ( 'NONE',  ( 0.6042115278614871299, -8.232304444217934503, 5.500000000000000000 ) ) ;
#6454 = CARTESIAN_POINT ( 'NONE',  ( 2.017227564102673565, -12.28589743589742689, 5.500000000000000888 ) ) ;
#6455 = EDGE_CURVE ( 'NONE', #7932, #7802, #3224, .T. ) ;
#6456 = CARTESIAN_POINT ( 'NONE',  ( -2.206954188581440324, -3.865955341757372654, 6.000000000000000888 ) ) ;
#6457 = DIRECTION ( 'NONE',  ( -6.867314445954479045E-15, -4.797243844499407540E-29, -1.000000000000000000 ) ) ;
#6458 = ORIENTED_EDGE ( 'NONE', *, *, #848, .F. ) ;
#6459 = CARTESIAN_POINT ( 'NONE',  ( -0.7656110130113432666, -14.47668696563096447, 5.500000000000000000 ) ) ;
#6460 = CARTESIAN_POINT ( 'NONE',  ( 1.980606027916740342, -12.28410898750091107, 5.500000000000000000 ) ) ;
#6461 = EDGE_CURVE ( 'NONE', #2418, #4804, #1107, .T. ) ;
#6462 = EDGE_CURVE ( 'NONE', #98, #114, #4482, .T. ) ;
#6463 = CARTESIAN_POINT ( 'NONE',  ( 32.95000000000007390, -6.599999999999765166, -2.266191732778090317E-13 ) ) ;
#6464 = DIRECTION ( 'NONE',  ( -6.982962677686265922E-15, 1.000000000000000000, 0.000000000000000000 ) ) ;
#6465 = CLOSED_SHELL ( 'NONE', ( #615, #7047, #6725, #4361, #7403, #7691, #4952, #4286, #2279, #5246, #4457, #5744, #2171, #1420, #6284, #1913, #3742, #540, #1138, #6995, #3740, #4575, #7358, #6624, #227, #7820, #1701, #846, #7099, #4722, #6311, #3600, #7666, #3409, #5148, #5887, #1066, #6160, #2002, #7190, #2442, #5849, #4568, #4405, #5354, #4050, #2751, #5079, #5589, #6712, #7877, #3421, #8099, #8373, #401, #4176, #6371, #8324, #5628, #2439, #7773, #334, #1429, #1283, #4002, #5188, #659, #6473, #3955, #5398, #3989, #3993, #3423, #2853, #2134, #4406, #5517, #2592, #2173, #5510, #7119, #4037, #4778, #3526, #4939, #5578, #1065, #1956, #3007, #3892, #1217, #3746, #5948, #2004, #3213, #3477, #8466, #3118, #2921, #8044, #1374, #488, #6265, #8146, #7977, #4470, #2806, #530, #6567, #2053, #1639, #6223, #8407, #3533, #6524, #8036, #1651, #1076, #2981, #747, #3322, #1266, #4215, #5048, #2884, #7520, #8349, #6364, #5190, #1386, #1108, #7613, #6958, #2587, #5675, #1750, #5294, #7674, #6151, #7042, #6902, #1276, #4891, #6865, #7675 ) ) ;
#6466 = ADVANCED_FACE ( 'NONE', ( #1151 ), #545, .F. ) ;
#6467 = CARTESIAN_POINT ( 'NONE',  ( 1.686201131028890465, -3.512418510459098808, 6.000000000000000000 ) ) ;
#6468 = CARTESIAN_POINT ( 'NONE',  ( -61.00000000000003553, 9.299999999999574385, 4.155523824830011491E-13 ) ) ;
#6469 = CARTESIAN_POINT ( 'NONE',  ( -0.7211538461537594369, -9.110817307692313349, 6.000000000000000000 ) ) ;
#6470 = ORIENTED_EDGE ( 'NONE', *, *, #895, .T. ) ;
#6471 = DIRECTION ( 'NONE',  ( -7.888609052210118054E-31, -5.605193857299268284E-45, 1.000000000000000000 ) ) ;
#6472 = VECTOR ( 'NONE', #554, 999.9999999999998863 ) ;
#6473 = ADVANCED_FACE ( 'NONE', ( #4364 ), #2400, .F. ) ;
#6474 = CARTESIAN_POINT ( 'NONE',  ( -61.00000000000003553, 9.299999999999574385, 4.155523824830011491E-13 ) ) ;
#6475 = DIRECTION ( 'NONE',  ( -7.888609052210118054E-31, -5.605193857299268284E-45, 1.000000000000000000 ) ) ;
#6476 = ORIENTED_EDGE ( 'NONE', *, *, #687, .F. ) ;
#6477 = CARTESIAN_POINT ( 'NONE',  ( 1.271309186050286089, -6.529587531969508696, 6.000000000000000000 ) ) ;
#6478 = ORIENTED_EDGE ( 'NONE', *, *, #796, .F. ) ;
#6479 = CARTESIAN_POINT ( 'NONE',  ( 2.434258557892104768, -13.99873758561663983, 5.500000000000000000 ) ) ;
#6480 = EDGE_LOOP ( 'NONE', ( #5671, #5988, #7371, #1818 ) ) ;
#6481 = EDGE_CURVE ( 'NONE', #3701, #6534, #5826, .T. ) ;
#6482 = AXIS2_PLACEMENT_3D ( 'NONE', #3235, #5767, #3999 ) ;
#6483 = DIRECTION ( 'NONE',  ( -6.982962677686265133E-15, 1.000000000000000000, 0.000000000000000000 ) ) ;
#6484 = CARTESIAN_POINT ( 'NONE',  ( 2.562242602970847383, -11.70475407010890478, 5.500000000000000000 ) ) ;
#6485 = DIRECTION ( 'NONE',  ( -7.888609052210118054E-31, -5.605193857299268284E-45, 1.000000000000000000 ) ) ;
#6486 = CARTESIAN_POINT ( 'NONE',  ( 0.1579298740744764784, -14.50030361056032824, 5.500000000000000888 ) ) ;
#6487 = ORIENTED_EDGE ( 'NONE', *, *, #5814, .T. ) ;
#6488 = DIRECTION ( 'NONE',  ( 6.867314445954479045E-15, 4.797243844499407540E-29, 1.000000000000000000 ) ) ;
#6489 = AXIS2_PLACEMENT_3D ( 'NONE', #6601, #7279, #3333 ) ;
#6490 = ORIENTED_EDGE ( 'NONE', *, *, #2639, .T. ) ;
#6491 = EDGE_CURVE ( 'NONE', #896, #1203, #1834, .T. ) ;
#6492 = CARTESIAN_POINT ( 'NONE',  ( 3.131316011514062409E-15, 2.799999999999999822, -1.583988125627303051E-28 ) ) ;
#6493 = VECTOR ( 'NONE', #7432, 1000.000000000000000 ) ;
#6494 = CARTESIAN_POINT ( 'NONE',  ( -3.018094598906785553, 2.092112302656934375, 2.257672572958873580 ) ) ;
#6495 = ORIENTED_EDGE ( 'NONE', *, *, #4535, .T. ) ;
#6496 = DIRECTION ( 'NONE',  ( 1.000000000000000000, 6.982962677686265922E-15, 7.888609052210118054E-31 ) ) ;
#6497 = PLANE ( 'NONE',  #6647 ) ;
#6498 = CARTESIAN_POINT ( 'NONE',  ( -2.628205128205070018, -4.961177884615405986, 5.500000000000000000 ) ) ;
#6499 = ORIENTED_EDGE ( 'NONE', *, *, #3050, .T. ) ;
#6500 = ORIENTED_EDGE ( 'NONE', *, *, #3154, .F. ) ;
#6501 = CARTESIAN_POINT ( 'NONE',  ( 0.7548344204369692445, -8.195693980112430665, 5.500000000000000888 ) ) ;
#6502 = DIRECTION ( 'NONE',  ( -0.9897338247590520277, -0.1429229027406662411, -7.888609052210117178E-31 ) ) ;
#6503 = VECTOR ( 'NONE', #4121, 1000.000000000000000 ) ;
#6504 = CARTESIAN_POINT ( 'NONE',  ( -55.00000000000000000, 7.299999999999617017, 2.500000000000372591 ) ) ;
#6505 = AXIS2_PLACEMENT_3D ( 'NONE', #7069, #1195, #4479 ) ;
#6506 = DIRECTION ( 'NONE',  ( -7.888609052210118054E-31, -5.605193857299268284E-45, 1.000000000000000000 ) ) ;
#6507 = ORIENTED_EDGE ( 'NONE', *, *, #6263, .F. ) ;
#6508 = CYLINDRICAL_SURFACE ( 'NONE', #4172, 4.000000000000000000 ) ;
#6509 = CARTESIAN_POINT ( 'NONE',  ( -0.2594013143302189572, 5.889127863673460084, 6.000000000000000000 ) ) ;
#6510 = CARTESIAN_POINT ( 'NONE',  ( 2.624321920909869821, -9.109507562028253957, 5.500000000000000888 ) ) ;
#6511 = COLOUR_RGB ( '',0.7921568627450980005, 0.8196078431372548767, 0.9333333333333333481 ) ;
#6512 = CARTESIAN_POINT ( 'NONE',  ( 2.131134802074233558, -3.780289814661022874, 6.000000000000000888 ) ) ;
#6513 = CARTESIAN_POINT ( 'NONE',  ( 1.589700238839736324, -5.336959360999038893, 5.500000000000000000 ) ) ;
#6514 = VERTEX_POINT ( 'NONE', #1920 ) ;
#6515 = CARTESIAN_POINT ( 'NONE',  ( 2.626608055058677671, -8.900409650328676037, 6.000000000000000000 ) ) ;
#6516 = VECTOR ( 'NONE', #6336, 1000.000000000000114 ) ;
#6517 = CARTESIAN_POINT ( 'NONE',  ( -0.5848758940496029402, -6.621577599574523632, 6.000000000000000000 ) ) ;
#6518 = CARTESIAN_POINT ( 'NONE',  ( -2.985803957072721726, 1.966348556092622157, 6.000000000000000000 ) ) ;
#6519 = ORIENTED_EDGE ( 'NONE', *, *, #5900, .T. ) ;
#6520 = EDGE_CURVE ( 'NONE', #6206, #4305, #7072, .T. ) ;
#6521 = CARTESIAN_POINT ( 'NONE',  ( 24.10000000000017550, -19.49999999999982947, 2.999999999999838352 ) ) ;
#6522 = EDGE_LOOP ( 'NONE', ( #7205, #8379, #2555, #4795, #3530, #4890, #3910, #3445, #2685, #2614, #6793, #8397, #4252, #3544, #7327, #1864, #4771, #7278, #372, #4287, #3978, #5186, #4499, #5, #6851, #7281, #5980, #6164, #2197, #3743, #8334, #1404, #4945, #2655, #5062, #6305, #3811, #519, #2634, #8411, #4683, #1494, #1612, #1587, #1927, #5550, #1939, #3739, #8114, #7955, #3514, #8447, #6688, #5604, #2727, #4629, #2539, #3525, #5223, #4675, #1354, #5860, #8064, #6478, #3401, #5836, #8155, #4354, #7903, #1963, #2114, #6872, #7685, #6803, #7659 ) ) ;
#6523 = AXIS2_PLACEMENT_3D ( 'NONE', #6391, #8360, #7158 ) ;
#6524 = ADVANCED_FACE ( 'NONE', ( #3852 ), #2061, .T. ) ;
#6525 = VECTOR ( 'NONE', #988, 1000.000000000000000 ) ;
#6526 = ADVANCED_FACE ( 'NONE', ( #1321 ), #3940, .F. ) ;
#6527 = DIRECTION ( 'NONE',  ( -0.7071067811865431318, -0.7071067811865519026, 4.937700262164534632E-15 ) ) ;
#6528 = CARTESIAN_POINT ( 'NONE',  ( 2.663603693103733239, 3.483897189703370589, 3.000000000000000000 ) ) ;
#6529 = DIRECTION ( 'NONE',  ( 6.982962677686265922E-15, 4.876176775795934672E-29, 1.000000000000000000 ) ) ;
#6530 = CARTESIAN_POINT ( 'NONE',  ( 3.131316011514059253E-15, 2.799999999999999822, 3.000000000000000000 ) ) ;
#6531 = EDGE_LOOP ( 'NONE', ( #5729, #6704, #8227, #2868 ) ) ;
#6532 = AXIS2_PLACEMENT_3D ( 'NONE', #6297, #8390, #3842 ) ;
#6533 = VECTOR ( 'NONE', #8376, 1000.000000000000227 ) ;
#6534 = VERTEX_POINT ( 'NONE', #4133 ) ;
#6535 = CARTESIAN_POINT ( 'NONE',  ( -20.21897503240913352, -22.50000000000014211, 5.000000000000145661 ) ) ;
#6536 = VECTOR ( 'NONE', #2804, 1000.000000000000000 ) ;
#6537 = LINE ( 'NONE', #1250, #7886 ) ;
#6538 = CARTESIAN_POINT ( 'NONE',  ( -0.7692307692306845635, -8.801322115384621725, 5.500000000000000000 ) ) ;
#6539 = CARTESIAN_POINT ( 'NONE',  ( 1.010667977848346055, -5.662546407983636954, 5.500000000000000888 ) ) ;
#6540 = CARTESIAN_POINT ( 'NONE',  ( 2.527352045288904669, -5.549293258730264355, 5.500000000000000888 ) ) ;
#6541 = ORIENTED_EDGE ( 'NONE', *, *, #7887, .T. ) ;
#6542 = ORIENTED_EDGE ( 'NONE', *, *, #335, .F. ) ;
#6543 = DIRECTION ( 'NONE',  ( -1.000000000000000000, -6.888341397178440152E-15, 6.982962677686265922E-15 ) ) ;
#6544 = DIRECTION ( 'NONE',  ( -6.982962677686265133E-15, 1.000000000000000000, 0.000000000000000000 ) ) ;
#6545 = LINE ( 'NONE', #2561, #8412 ) ;
#6546 = LINE ( 'NONE', #5164, #6093 ) ;
#6547 = ORIENTED_EDGE ( 'NONE', *, *, #3807, .F. ) ;
#6548 = CARTESIAN_POINT ( 'NONE',  ( -55.00000000000002132, 7.299999999999617017, 3.736546064168835993E-13 ) ) ;
#6549 = CARTESIAN_POINT ( 'NONE',  ( -1.666666666666551055, -13.18333333333334423, 6.000000000000000000 ) ) ;
#6550 = CARTESIAN_POINT ( 'NONE',  ( -2.524625938003435266, -4.356244603530224246, 6.000000000000000000 ) ) ;
#6551 = CARTESIAN_POINT ( 'NONE',  ( 2.592510841945879552, -4.552777580947548586, 5.500000000000000000 ) ) ;
#6552 = CARTESIAN_POINT ( 'NONE',  ( -1.170893051803905793, 0.3117256057184265572, 2.267306776996586226 ) ) ;
#6553 = PRODUCT_CONTEXT ( 'NONE', #3376, 'mechanical' ) ;
#6554 = VERTEX_POINT ( 'NONE', #1663 ) ;
#6555 = CARTESIAN_POINT ( 'NONE',  ( 0.002003205128257268611, -4.144871794871797910, 5.500000000000000000 ) ) ;
#6556 = VERTEX_POINT ( 'NONE', #7364 ) ;
#6557 = CARTESIAN_POINT ( 'NONE',  ( 0.9185142678580902054, -6.595335244646038042, 6.000000000000000000 ) ) ;
#6558 = CARTESIAN_POINT ( 'NONE',  ( 2.626898622862765986, -14.84202413944335319, 6.000000000000000000 ) ) ;
#6559 = ORIENTED_EDGE ( 'NONE', *, *, #5939, .T. ) ;
#6560 = ADVANCED_FACE ( 'NONE', ( #8188 ), #1016, .F. ) ;
#6561 = CARTESIAN_POINT ( 'NONE',  ( -2.556885336192673108, 1.787657480117097242, 2.260366788867224752 ) ) ;
#6562 = DIRECTION ( 'NONE',  ( 6.867314445954479045E-15, 4.797243844499407540E-29, 1.000000000000000000 ) ) ;
#6563 = LINE ( 'NONE', #7968, #2365 ) ;
#6564 = CARTESIAN_POINT ( 'NONE',  ( 2.368964994705053062, -4.028289084338397608, 6.000000000000000000 ) ) ;
#6565 = ORIENTED_EDGE ( 'NONE', *, *, #1590, .F. ) ;
#6566 = DIRECTION ( 'NONE',  ( -7.888609052210118054E-31, -5.605193857299268284E-45, 1.000000000000000000 ) ) ;
#6567 = ADVANCED_FACE ( 'NONE', ( #2900 ), #1489, .T. ) ;
#6569 = ORIENTED_EDGE ( 'NONE', *, *, #2769, .F. ) ;
#6568 = EDGE_CURVE ( 'NONE', #2586, #7041, #4186, .T. ) ;
#6570 = UNCERTAINTY_MEASURE_WITH_UNIT (LENGTH_MEASURE( 1.000000000000000082E-05 ), #6077, 'distance_accuracy_value', 'NONE');
#6571 = CARTESIAN_POINT ( 'NONE',  ( -1.730769230769173106, -4.939142628205143382, 5.500000000000000888 ) ) ;
#6572 = EDGE_CURVE ( 'NONE', #7590, #2837, #6859, .T. ) ;
#6573 = EDGE_CURVE ( 'NONE', #434, #6715, #4717, .T. ) ;
#6574 = CARTESIAN_POINT ( 'NONE',  ( -0.5152986151106941914, 0.09871006049609683253, 3.000000000000000000 ) ) ;
#6575 = FACE_OUTER_BOUND ( 'NONE', #7761, .T. ) ;
#6576 = CARTESIAN_POINT ( 'NONE',  ( 0.8910490309017843336, -14.01707189454574198, 6.000000000000000000 ) ) ;
#6577 = ORIENTED_EDGE ( 'NONE', *, *, #8307, .T. ) ;
#6578 = VERTEX_POINT ( 'NONE', #6901 ) ;
#6579 = DIRECTION ( 'NONE',  ( -1.000000000000000000, -6.715058616684416976E-15, 6.982962677686271444E-15 ) ) ;
#6580 = LINE ( 'NONE', #5982, #4011 ) ;
#6581 = B_SPLINE_SURFACE_WITH_KNOTS ( 'NONE', 3, 1, ( 
 ( #2231, #3516 ),
 ( #292, #2869 ),
 ( #5480, #8106 ),
 ( #4840, #7464 ),
 ( #1632, #984 ),
 ( #511, #5709 ),
 ( #3690, #1155 ),
 ( #5089, #7591 ),
 ( #6306, #7551 ),
 ( #7637, #3005 ),
 ( #1677, #1761 ),
 ( #7710, #4368 ),
 ( #1838, #2361 ),
 ( #4284, #343 ),
 ( #2964, #3856 ),
 ( #2702, #7160 ),
 ( #4571, #3816 ),
 ( #7923, #6434 ),
 ( #2046, #4486 ),
 ( #588, #6477 ),
 ( #1326, #3252 ),
 ( #25, #6557 ),
 ( #3207, #7117 ),
 ( #712, #7839 ),
 ( #673, #1885 ),
 ( #7203, #549 ),
 ( #5875, #4616 ) ),
 .UNSPECIFIED., .F., .F., .F.,
 ( 4, 1, 1, 1, 1, 1, 1, 1, 1, 1, 1, 1, 1, 1, 1, 1, 1, 1, 1, 1, 1, 1, 1, 1, 4 ),
 ( 2, 2 ),
 ( 0.000000000000000000, 0.03821658268426064015, 0.07486572344797987055, 0.1101559045115487190, 0.1447283782661478169, 0.1780829500235387997, 0.2111733423684231947, 0.2436889813736914656, 0.2758730245419418470, 0.3083761647425949937, 0.3412633237069642722, 0.3751496685363219230, 0.4096539078528212974, 0.4451553130168938721, 0.4820706831605550136, 0.5205722112579805883, 0.5605493458582420097, 0.6031023994109102615, 0.6486826326874111093, 0.6979406275461326192, 0.7508050410762786564, 0.8073132105681859461, 0.8676581862989451999, 0.9318625687184259876, 1.000000000000000000 ),
 ( 0.000000000000000000, 1.000000000000000000 ),
 .UNSPECIFIED. ) ;
#6582 = EDGE_CURVE ( 'NONE', #3020, #1336, #6762, .T. ) ;
#6583 = CARTESIAN_POINT ( 'NONE',  ( 2.072915762085930869, -16.07111920026134300, 5.500000000000000000 ) ) ;
#6584 = ORIENTED_EDGE ( 'NONE', *, *, #7964, .T. ) ;
#6585 = CARTESIAN_POINT ( 'NONE',  ( 0.1579298740744360385, -8.666970277227001418, 6.000000000000000000 ) ) ;
#6586 = ORIENTED_EDGE ( 'NONE', *, *, #2844, .T. ) ;
#6587 = CARTESIAN_POINT ( 'NONE',  ( -0.7674176176608846767, -8.875683200060183964, 5.500000000000000000 ) ) ;
#6588 = B_SPLINE_CURVE_WITH_KNOTS ( 'NONE', 3,
 ( #2860, #6075, #4874, #3415, #5509, #4696, #2776, #7321, #1447, #195, #3455 ),
 .UNSPECIFIED., .F., .F.,
 ( 4, 1, 1, 1, 1, 1, 1, 1, 4 ),
 ( 0.000000000000000000, 0.1381355455281888245, 0.2684506686800448572, 0.3942530064338323204, 0.5180986679418645435, 0.6385184547224836971, 0.7569658908781726758, 0.8772747938537108769, 0.9999999999999998890 ),
 .UNSPECIFIED. ) ;
#6589 = DIRECTION ( 'NONE',  ( -7.888609052210118054E-31, -5.605193857299268284E-45, 1.000000000000000000 ) ) ;
#6590 = CARTESIAN_POINT ( 'NONE',  ( -2.423274939833160335, -4.145137321215554671, 6.000000000000000000 ) ) ;
#6591 = EDGE_CURVE ( 'NONE', #2278, #3248, #6257, .T. ) ;
#6592 = CARTESIAN_POINT ( 'NONE',  ( 43.99999999999981526, 19.70000000000029772, -9.676776322722652424 ) ) ;
#6593 = DIRECTION ( 'NONE',  ( -0.2658424535885801077, 0.9640164883807764706, -3.944304526105059027E-31 ) ) ;
#6594 =( NAMED_UNIT ( * ) SI_UNIT ( $, .STERADIAN. ) SOLID_ANGLE_UNIT ( ) );
#6595 = ORIENTED_EDGE ( 'NONE', *, *, #576, .T. ) ;
#6596 = CARTESIAN_POINT ( 'NONE',  ( 2.127069218349248558, -7.770839264203570629, 6.000000000000000000 ) ) ;
#6597 = CARTESIAN_POINT ( 'NONE',  ( -1.132667981431175086, -6.547242156572318450, 5.999999999999999112 ) ) ;
#6598 = CARTESIAN_POINT ( 'NONE',  ( -0.1298145265605378518, 5.897280773306459167, 3.000000000000000000 ) ) ;
#6599 = ORIENTED_EDGE ( 'NONE', *, *, #6042, .F. ) ;
#6600 = LINE ( 'NONE', #5789, #1329 ) ;
#6601 = CARTESIAN_POINT ( 'NONE',  ( 3.131316011514059253E-15, 2.799999999999999822, 3.000000000000000000 ) ) ;
#6602 = VERTEX_POINT ( 'NONE', #3588 ) ;
#6603 = DIRECTION ( 'NONE',  ( -7.888609052210118054E-31, -5.605193857299268284E-45, 1.000000000000000000 ) ) ;
#6604 = AXIS2_PLACEMENT_3D ( 'NONE', #8187, #4502, #7134 ) ;
#6605 = CARTESIAN_POINT ( 'NONE',  ( 1.260883593534946945, 5.631990918692078907, 2.255915264206802107 ) ) ;
#6606 = CARTESIAN_POINT ( 'NONE',  ( 1.642595037696846338, -14.39737319081734057, 5.500000000000000888 ) ) ;
#6607 = EDGE_LOOP ( 'NONE', ( #8282, #6828, #8415, #4397 ) ) ;
#6608 = CYLINDRICAL_SURFACE ( 'NONE', #6808, 3.099999999999998757 ) ;
#6609 = VERTEX_POINT ( 'NONE', #2992 ) ;
#6610 = AXIS2_PLACEMENT_3D ( 'NONE', #3926, #3964, #6579 ) ;
#6611 = CARTESIAN_POINT ( 'NONE',  ( -1.694525824979241202, -5.166905657058964429, 5.500000000000000888 ) ) ;
#6612 = CARTESIAN_POINT ( 'NONE',  ( 2.624321920909911565, -14.94284089536158788, 6.000000000000000000 ) ) ;
#6613 = EDGE_CURVE ( 'NONE', #3092, #1042, #7316, .T. ) ;
#6614 = CARTESIAN_POINT ( 'NONE',  ( -0.7211538461537183586, -14.94415064102564372, 6.000000000000000000 ) ) ;
#6615 = AXIS2_PLACEMENT_3D ( 'NONE', #6948, #5610, #6464 ) ;
#6616 = LINE ( 'NONE', #128, #2950 ) ;
#6617 = PLANE ( 'NONE',  #4399 ) ;
#6618 = VERTEX_POINT ( 'NONE', #8050 ) ;
#6619 = LINE ( 'NONE', #178, #4954 ) ;
#6620 =( NAMED_UNIT ( * ) SI_UNIT ( $, .STERADIAN. ) SOLID_ANGLE_UNIT ( ) );
#6621 = EDGE_CURVE ( 'NONE', #6452, #3815, #3351, .T. ) ;
#6622 = DIRECTION ( 'NONE',  ( -1.000000000000000000, -6.715058616684416976E-15, 6.854955671198676173E-15 ) ) ;
#6623 = VECTOR ( 'NONE', #862, 1000.000000000000000 ) ;
#6624 = ADVANCED_FACE ( 'NONE', ( #1528 ), #6124, .T. ) ;
#6625 = EDGE_CURVE ( 'NONE', #7509, #1976, #2859, .T. ) ;
#6626 = DIRECTION ( 'NONE',  ( -1.000000000000000000, -6.888341397178440152E-15, 6.982962677686265922E-15 ) ) ;
#6627 = VERTEX_POINT ( 'NONE', #3761 ) ;
#6628 = CARTESIAN_POINT ( 'NONE',  ( 0.04907852564109516091, -6.644871794871797910, 5.500000000000000888 ) ) ;
#6629 = EDGE_LOOP ( 'NONE', ( #4598, #6065, #7654, #8492 ) ) ;
#6630 = CARTESIAN_POINT ( 'NONE',  ( -1.170893051803905571, 0.3117256057184265572, 3.000000000000000000 ) ) ;
#6631 = LINE ( 'NONE', #8027, #1448 ) ;
#6632 = VECTOR ( 'NONE', #7184, 1000.000000000000000 ) ;
#6633 = EDGE_CURVE ( 'NONE', #6030, #3815, #1782, .T. ) ;
#6634 = PLANE ( 'NONE',  #3460 ) ;
#6635 = EDGE_CURVE ( 'NONE', #8178, #4557, #5645, .T. ) ;
#6636 = VECTOR ( 'NONE', #31, 1000.000000000000000 ) ;
#6637 = CARTESIAN_POINT ( 'NONE',  ( -46.99999999999982947, -16.50000000000032685, 5.000000000000332179 ) ) ;
#6638 = CARTESIAN_POINT ( 'NONE',  ( -1.605883729056648113, 0.1483707935023976243, 2.267306776996586226 ) ) ;
#6639 = ORIENTED_EDGE ( 'NONE', *, *, #5400, .F. ) ;
#6640 = CARTESIAN_POINT ( 'NONE',  ( 0.8292723943247524154, -7.287284045895614959, 6.000000000000000000 ) ) ;
#6641 = DIRECTION ( 'NONE',  ( -0.9640164883807839091, 0.2658424535885526852, -7.888609052210117178E-31 ) ) ;
#6642 = CARTESIAN_POINT ( 'NONE',  ( 1.141788228449505338, -4.279662521569812306, 5.500000000000000888 ) ) ;
#6643 = DIRECTION ( 'NONE',  ( 0.7071067811865522357, -0.7071067811865426878, -4.937700262164529898E-15 ) ) ;
#6644 = VECTOR ( 'NONE', #6751, 1000.000000000000000 ) ;
#6645 = ORIENTED_EDGE ( 'NONE', *, *, #3408, .T. ) ;
#6646 = VECTOR ( 'NONE', #5011, 1000.000000000000000 ) ;
#6647 = AXIS2_PLACEMENT_3D ( 'NONE', #6365, #7779, #5763 ) ;
#6648 = CYLINDRICAL_SURFACE ( 'NONE', #2956, 3.100000000000000089 ) ;
#6649 = CARTESIAN_POINT ( 'NONE',  ( 1.414286072217456613, -4.408441807286238578, 5.500000000000000888 ) ) ;
#6650 = CARTESIAN_POINT ( 'NONE',  ( 0.8884214743590894692, -13.11923076923075904, 6.000000000000000000 ) ) ;
#6651 = ORIENTED_EDGE ( 'NONE', *, *, #2049, .T. ) ;
#6652 = CARTESIAN_POINT ( 'NONE',  ( 2.527429715606134497, -11.53043994279131645, 6.000000000000000000 ) ) ;
#6653 = VERTEX_POINT ( 'NONE', #1099 ) ;
#6654 = VECTOR ( 'NONE', #8369, 1000.000000000000000 ) ;
#6655 = DIRECTION ( 'NONE',  ( -0.8676178079094023499, -0.4972316757794933428, -7.888609052210117178E-31 ) ) ;
#6656 = CARTESIAN_POINT ( 'NONE',  ( -1.293835313677233145, -5.564166740290809265, 5.500000000000000000 ) ) ;
#6657 = CARTESIAN_POINT ( 'NONE',  ( 2.539957668225790943, -15.37158840610430133, 5.500000000000000888 ) ) ;
#6658 = VECTOR ( 'NONE', #2340, 1000.000000000000000 ) ;
#6659 = LINE ( 'NONE', #5976, #1601 ) ;
#6660 = AXIS2_PLACEMENT_3D ( 'NONE', #5031, #4907, #4345 ) ;
#6661 = CARTESIAN_POINT ( 'NONE',  ( 1.282051282051420493, -16.45256410256408941, 5.500000000000000888 ) ) ;
#6662 = PLANE ( 'NONE',  #6735 ) ;
#6663 = ORIENTED_EDGE ( 'NONE', *, *, #2271, .T. ) ;
#6664 = B_SPLINE_CURVE_WITH_KNOTS ( 'NONE', 3,
 ( #3585, #4957, #1746, #7658, #7015, #7535, #6294, #8135, #3716, #3759, #2257 ),
 .UNSPECIFIED., .F., .F.,
 ( 4, 1, 1, 1, 1, 1, 1, 1, 4 ),
 ( 0.000000000000000000, 0.1381355455281896849, 0.2684506686800455788, 0.3942530064338329310, 0.5180986679418649876, 0.6385184547224823648, 0.7569658908781730089, 0.8772747938537109880, 0.9999999999999998890 ),
 .UNSPECIFIED. ) ;
#6665 = VERTEX_POINT ( 'NONE', #8311 ) ;
#6666 = PRODUCT_DEFINITION_CONTEXT ( 'detailed design', #6718, 'design' ) ;
#6667 = CARTESIAN_POINT ( 'NONE',  ( -1.715513802654402342, 5.382055846201281746, 2.318931217520895149 ) ) ;
#6668 = VECTOR ( 'NONE', #5177, 1000.000000000000000 ) ;
#6669 = LINE ( 'NONE', #5286, #4702 ) ;
#6670 = ORIENTED_EDGE ( 'NONE', *, *, #6983, .T. ) ;
#6671 = DIRECTION ( 'NONE',  ( 7.077583958194091691E-15, 4.941355144153543820E-29, 1.000000000000000000 ) ) ;
#6672 = ORIENTED_EDGE ( 'NONE', *, *, #2544, .T. ) ;
#6673 = CARTESIAN_POINT ( 'NONE',  ( 1.387219551282104835, -4.391266025641018977, 5.500000000000000888 ) ) ;
#6674 = EDGE_CURVE ( 'NONE', #1589, #2848, #7017, .T. ) ;
#6675 = CARTESIAN_POINT ( 'NONE',  ( -1.058206081058251646, -3.326234323324540387, 6.000000000000000000 ) ) ;
#6676 = EDGE_CURVE ( 'NONE', #860, #2704, #138, .T. ) ;
#6677 = CARTESIAN_POINT ( 'NONE',  ( 2.627448061714548810, -4.890375083862992689, 5.500000000000000888 ) ) ;
#6678 = EDGE_CURVE ( 'NONE', #1739, #4283, #13, .T. ) ;
#6679 = CARTESIAN_POINT ( 'NONE',  ( -0.1298145265604499221, -0.2972807733064636304, 6.000000000000000000 ) ) ;
#6680 = CARTESIAN_POINT ( 'NONE',  ( 0.1579298740744764784, -14.50030361056032824, 5.500000000000000888 ) ) ;
#6681 = EDGE_LOOP ( 'NONE', ( #5160, #924 ) ) ;
#6682 = PLANE ( 'NONE',  #7829 ) ;
#6683 = CARTESIAN_POINT ( 'NONE',  ( -46.09999999999982379, -19.50000000000031974, 3.000000000000324629 ) ) ;
#6684 = FACE_OUTER_BOUND ( 'NONE', #4216, .T. ) ;
#6685 = FACE_OUTER_BOUND ( 'NONE', #1535, .T. ) ;
#6686 = DIRECTION ( 'NONE',  ( -6.867314445954479045E-15, -4.797243844499407540E-29, -1.000000000000000000 ) ) ;
#6687 = CARTESIAN_POINT ( 'NONE',  ( 25.69999999999990337, 18.85000000000018616, -1.759926938645836548E-13 ) ) ;
#6688 = ORIENTED_EDGE ( 'NONE', *, *, #3320, .T. ) ;
#6689 = CARTESIAN_POINT ( 'NONE',  ( -0.7680124966468758752, -14.58148925177405175, 5.500000000000000000 ) ) ;
#6690 = B_SPLINE_CURVE_WITH_KNOTS ( 'NONE', 3,
 ( #1755, #4363, #3724, #337, #6985, #1105, #4925, #6387, #6910, #3646, #6266, #384, #6513, #1359, #628, #3246, #1917, #3160, #8396 ),
 .UNSPECIFIED., .F., .F.,
 ( 4, 1, 1, 1, 1, 1, 1, 1, 1, 1, 1, 1, 1, 1, 1, 1, 4 ),
 ( 0.000000000000000000, 0.1107529993405873409, 0.2123770877825402192, 0.3055537685572882745, 0.3899007399344691649, 0.4667693486981459583, 0.5354846284785267363, 0.5968213492275967758, 0.6513608763089899778, 0.7013391554855926691, 0.7478559223166781900, 0.7921917188561055090, 0.8342559937812547011, 0.8753128158421644711, 0.9160205555409863809, 0.9576451221380060108, 1.000000000000000000 ),
 .UNSPECIFIED. ) ;
#6691 = CARTESIAN_POINT ( 'NONE',  ( -0.05577673652070037208, -7.526380475452828733, 5.500000000000000000 ) ) ;
#6692 = CARTESIAN_POINT ( 'NONE',  ( -0.8247689642794034937, -4.197423305668517735, 6.000000000000000888 ) ) ;
#6693 = DIRECTION ( 'NONE',  ( 6.867314445954479834E-15, 4.797243844499408100E-29, 1.000000000000000000 ) ) ;
#6694 = CARTESIAN_POINT ( 'NONE',  ( 1.729838404953075948, -14.71509203922313880, 5.500000000000000000 ) ) ;
#6695 = EDGE_LOOP ( 'NONE', ( #1781, #71, #4084, #5981 ) ) ;
#6696 = EDGE_LOOP ( 'NONE', ( #5323, #6801, #6158, #7175 ) ) ;
#6697 = DIRECTION ( 'NONE',  ( 1.000000000000000000, 6.715058616684416976E-15, -6.854955671198676173E-15 ) ) ;
#6698 = CARTESIAN_POINT ( 'NONE',  ( -1.041652183810082732, -5.650757392627247633, 5.999999999999999112 ) ) ;
#6699 = CARTESIAN_POINT ( 'NONE',  ( 1.332997238753961255, -16.43992603240431905, 5.999999999999999112 ) ) ;
#6700 = DIRECTION ( 'NONE',  ( -7.888609052210118054E-31, -5.605193857299268284E-45, 1.000000000000000000 ) ) ;
#6701 = CARTESIAN_POINT ( 'NONE',  ( 1.477005619848434925, -15.30239437320561180, 5.500000000000000000 ) ) ;
#6702 = CARTESIAN_POINT ( 'NONE',  ( 2.036127494760032963, -6.185944509191687146, 5.500000000000000888 ) ) ;
#6703 = ORIENTED_EDGE ( 'NONE', *, *, #738, .F. ) ;
#6704 = ORIENTED_EDGE ( 'NONE', *, *, #7827, .F. ) ;
#6705 = ORIENTED_EDGE ( 'NONE', *, *, #5094, .F. ) ;
#6706 = CARTESIAN_POINT ( 'NONE',  ( 17.90000000000017977, -19.49999999999987210, 2.999999999999880984 ) ) ;
#6707 = ORIENTED_EDGE ( 'NONE', *, *, #1024, .T. ) ;
#6708 = DIRECTION ( 'NONE',  ( 1.000000000000000000, 6.715058616684410666E-15, -6.994852725712927481E-15 ) ) ;
#6709 = CARTESIAN_POINT ( 'NONE',  ( -54.99999999999983658, -20.50000000000038369, 3.736546064168836498E-13 ) ) ;
#6710 = CARTESIAN_POINT ( 'NONE',  ( -2.423274939833160335, -4.145137321215554671, 5.500000000000000888 ) ) ;
#6711 = PLANE ( 'NONE',  #6229 ) ;
#6712 = ADVANCED_FACE ( 'NONE', ( #5290 ), #1355, .F. ) ;
#6713 = EDGE_CURVE ( 'NONE', #1762, #6975, #4748, .T. ) ;
#6714 = DIRECTION ( 'NONE',  ( 0.7071067811865519026, -0.7071067811865431318, -5.004607611256165066E-15 ) ) ;
#6715 = VERTEX_POINT ( 'NONE', #5204 ) ;
#6716 = DIRECTION ( 'NONE',  ( -6.982962677686265922E-15, -4.876176775795934672E-29, -1.000000000000000000 ) ) ;
#6717 = DIRECTION ( 'NONE',  ( -6.937904925063491558E-15, 1.000000000000000000, -3.276637284468331116E-31 ) ) ;
#6718 = APPLICATION_CONTEXT ( 'automotive_design' ) ;
#6719 = B_SPLINE_SURFACE_WITH_KNOTS ( 'NONE', 3, 1, ( 
 ( #6999, #5669 ),
 ( #2414, #4175 ),
 ( #5025, #7646 ),
 ( #1123, #7393 ),
 ( #140, #2888 ),
 ( #5500, #8127 ),
 ( #4085, #2767 ),
 ( #7994, #868 ),
 ( #3489, #2454 ),
 ( #7167, #5061 ),
 ( #4537, #3738 ),
 ( #2583, #2492 ),
 ( #5882, #517 ),
 ( #7722, #3218 ),
 ( #6486, #4492 ),
 ( #6440, #8333 ),
 ( #5183, #1932 ),
 ( #7212, #8459 ),
 ( #3174, #1289 ) ),
 .UNSPECIFIED., .F., .F., .F.,
 ( 4, 1, 1, 1, 1, 1, 1, 1, 1, 1, 1, 1, 1, 1, 1, 1, 4 ),
 ( 2, 2 ),
 ( 0.000000000000000000, 0.07290044517819349590, 0.1420035572776733868, 0.2092423139433873813, 0.2745916364776390672, 0.3384167658000736822, 0.4016927893975340003, 0.4649339725645671439, 0.5282564202501486283, 0.5906850240741919889, 0.6509338176697216927, 0.7096511349919868428, 0.7671803338107785475, 0.8241642198597889379, 0.8817508553548629724, 0.9399466216156897591, 1.000000000000000000 ),
 ( 0.000000000000000000, 1.000000000000000000 ),
 .UNSPECIFIED. ) ;
#6720 = CARTESIAN_POINT ( 'NONE',  ( 1.282051282051413166, -15.42692307692306564, 5.500000000000000888 ) ) ;
#6721 = CARTESIAN_POINT ( 'NONE',  ( -2.590552459085835757, -5.345533281438135553, 6.000000000000000000 ) ) ;
#6722 = CARTESIAN_POINT ( 'NONE',  ( 1.272682175554596729, -4.328622062151054273, 5.500000000000000888 ) ) ;
#6723 = CARTESIAN_POINT ( 'NONE',  ( -2.556885336192701530, 3.812342519882829794, 6.000000000000000000 ) ) ;
#6724 = CARTESIAN_POINT ( 'NONE',  ( 0.2275522840424376025, -13.22477601873996100, 6.000000000000000000 ) ) ;
#6725 = ADVANCED_FACE ( 'NONE', ( #785 ), #6508, .F. ) ;
#6726 = CIRCLE ( 'NONE', #5637, 3.100000000000000089 ) ;
#6727 = DIRECTION ( 'NONE',  ( -7.888609052210118054E-31, -5.605193857299268284E-45, 1.000000000000000000 ) ) ;
#6728 = CARTESIAN_POINT ( 'NONE',  ( 2.483728201859391138, -4.220407334013192013, 6.000000000000000000 ) ) ;
#6729 = ORIENTED_EDGE ( 'NONE', *, *, #2339, .F. ) ;
#6730 = CARTESIAN_POINT ( 'NONE',  ( 1.577853993702490243, -10.53271870109523611, 5.999999999999999112 ) ) ;
#6731 = VERTEX_POINT ( 'NONE', #6630 ) ;
#6732 = EDGE_CURVE ( 'NONE', #5280, #2347, #3769, .T. ) ;
#6733 = CARTESIAN_POINT ( 'NONE',  ( 2.017227564102673565, -12.28589743589742689, 6.000000000000000000 ) ) ;
#6734 = EDGE_CURVE ( 'NONE', #7033, #2837, #54, .T. ) ;
#6735 = AXIS2_PLACEMENT_3D ( 'NONE', #7261, #1423, #777 ) ;
#6736 = FACE_OUTER_BOUND ( 'NONE', #4584, .T. ) ;
#6737 = DIRECTION ( 'NONE',  ( 1.000000000000000000, 6.715058616684416976E-15, -6.854955671198676173E-15 ) ) ;
#6738 = ORIENTED_EDGE ( 'NONE', *, *, #738, .T. ) ;
#6739 = CARTESIAN_POINT ( 'NONE',  ( 3.131316011514059253E-15, 2.799999999999999822, 3.000000000000000000 ) ) ;
#6740 = ORIENTED_EDGE ( 'NONE', *, *, #1021, .F. ) ;
#6741 = CARTESIAN_POINT ( 'NONE',  ( 1.317358923961507111, -15.40817751730939733, 5.500000000000000000 ) ) ;
#6742 = CARTESIAN_POINT ( 'NONE',  ( 0.5343457804302563785, -8.259900672111946562, 5.500000000000000888 ) ) ;
#6743 = ORIENTED_EDGE ( 'NONE', *, *, #3222, .F. ) ;
#6744 = AXIS2_PLACEMENT_3D ( 'NONE', #282, #8140, #2262 ) ;
#6745 = VERTEX_POINT ( 'NONE', #1394 ) ;
#6746 = CARTESIAN_POINT ( 'NONE',  ( 2.053854981828608928, -12.28412070355327046, 5.500000000000000000 ) ) ;
#6747 = CARTESIAN_POINT ( 'NONE',  ( -24.00000000000014566, 23.69999999999983231, 5.000000000000171418 ) ) ;
#6748 = AXIS2_PLACEMENT_3D ( 'NONE', #7784, #7817, #3273 ) ;
#6749 = CARTESIAN_POINT ( 'NONE',  ( 31.05000000000005755, -6.599999999999776712, -2.687005768509094228 ) ) ;
#6750 = ORIENTED_EDGE ( 'NONE', *, *, #6481, .T. ) ;
#6751 = DIRECTION ( 'NONE',  ( -7.888609052210118054E-31, -5.605193857299268284E-45, 1.000000000000000000 ) ) ;
#6752 = ORIENTED_EDGE ( 'NONE', *, *, #7525, .F. ) ;
#6753 = CARTESIAN_POINT ( 'NONE',  ( 0.8497967345311563392, 0.1845945801883431547, 3.000000000000000000 ) ) ;
#6754 = CARTESIAN_POINT ( 'NONE',  ( -1.605883729056722276, 5.451629206497557334, 2.267306776996588003 ) ) ;
#6755 = ORIENTED_EDGE ( 'NONE', *, *, #8416, .F. ) ;
#6756 = CARTESIAN_POINT ( 'NONE',  ( 1.473523686192222515, 5.121901795130555435, 2.288478284718786782 ) ) ;
#6757 = CARTESIAN_POINT ( 'NONE',  ( 1.168395091777576722, -8.212089351660683434, 6.000000000000000888 ) ) ;
#6758 = VECTOR ( 'NONE', #1645, 1000.000000000000114 ) ;
#6759 = DIRECTION ( 'NONE',  ( 1.000000000000000000, 6.308085367188407793E-15, -7.096596038086958767E-15 ) ) ;
#6760 = VERTEX_POINT ( 'NONE', #744 ) ;
#6761 = CARTESIAN_POINT ( 'NONE',  ( 0.3074683087755569755, -9.317823609062537926, 6.000000000000000000 ) ) ;
#6762 = LINE ( 'NONE', #2944, #2540 ) ;
#6763 = PLANE ( 'NONE',  #5005 ) ;
#6764 = DIRECTION ( 'NONE',  ( 7.888609052210118054E-31, 5.605193857299268284E-45, -1.000000000000000000 ) ) ;
#6765 = CARTESIAN_POINT ( 'NONE',  ( 1.718325709722916983, -8.761402547277144848, 6.000000000000000000 ) ) ;
#6766 = FACE_OUTER_BOUND ( 'NONE', #2774, .T. ) ;
#6767 = AXIS2_PLACEMENT_3D ( 'NONE', #4682, #49, #2033 ) ;
#6768 = DIRECTION ( 'NONE',  ( -0.8847194585835869152, 0.4661238886857920760, -7.888609052210118054E-31 ) ) ;
#6769 = CARTESIAN_POINT ( 'NONE',  ( 0.8292723943247524154, -7.287284045895614959, 6.000000000000000000 ) ) ;
#6770 = PLANE ( 'NONE',  #5128 ) ;
#6771 = VECTOR ( 'NONE', #1572, 1000.000000000000000 ) ;
#6772 = CARTESIAN_POINT ( 'NONE',  ( -2.499999999999884093, -13.18333333333334956, 5.500000000000000000 ) ) ;
#6773 = LINE ( 'NONE', #5478, #622 ) ;
#6774 = VERTEX_POINT ( 'NONE', #3362 ) ;
#6775 = CARTESIAN_POINT ( 'NONE',  ( 2.176086816420545134, -10.13990167965167899, 5.500000000000000000 ) ) ;
#6776 = CARTESIAN_POINT ( 'NONE',  ( 0.9485465016126524151, -14.01714956324859962, 5.500000000000000000 ) ) ;
#6777 = VERTEX_POINT ( 'NONE', #5989 ) ;
#6778 = EDGE_CURVE ( 'NONE', #3671, #4642, #5961, .T. ) ;
#6779 = CARTESIAN_POINT ( 'NONE',  ( -1.666666666666592134, -7.350000000000012079, 5.500000000000000000 ) ) ;
#6780 = EDGE_CURVE ( 'NONE', #5691, #7556, #4686, .T. ) ;
#6781 = VECTOR ( 'NONE', #7696, 1000.000000000000000 ) ;
#6782 = AXIS2_PLACEMENT_3D ( 'NONE', #6898, #8268, #4913 ) ;
#6783 = B_SPLINE_CURVE_WITH_KNOTS ( 'NONE', 3,
 ( #8212, #991, #2240, #1603, #4250, #1080, #302, #8247, #2924, #4211, #4978 ),
 .UNSPECIFIED., .F., .F.,
 ( 4, 1, 1, 1, 1, 1, 1, 1, 4 ),
 ( 0.000000000000000000, 0.1381355455281896849, 0.2684506686800455788, 0.3942530064338329310, 0.5180986679418649876, 0.6385184547224823648, 0.7569658908781730089, 0.8772747938537109880, 0.9999999999999998890 ),
 .UNSPECIFIED. ) ;
#6784 = CARTESIAN_POINT ( 'NONE',  ( 2.628205128205185925, -4.935136217948702608, 6.000000000000000000 ) ) ;
#6785 = CARTESIAN_POINT ( 'NONE',  ( 0.1311058630887481646, -14.77921131274705147, 5.500000000000000888 ) ) ;
#6786 = ORIENTED_EDGE ( 'NONE', *, *, #436, .F. ) ;
#6787 = EDGE_CURVE ( 'NONE', #4347, #4642, #7439, .T. ) ;
#6788 = CARTESIAN_POINT ( 'NONE',  ( -1.344330487389054064E-13, 22.50000000000000355, 6.000000000000000000 ) ) ;
#6789 = CARTESIAN_POINT ( 'NONE',  ( 0.4694579632508239508, -8.295977688551630536, 5.500000000000000000 ) ) ;
#6790 = EDGE_LOOP ( 'NONE', ( #2384, #5333, #5761, #5757 ) ) ;
#6791 = AXIS2_PLACEMENT_3D ( 'NONE', #1566, #5368, #6708 ) ;
#6792 = VECTOR ( 'NONE', #5023, 1000.000000000000000 ) ;
#6793 = ORIENTED_EDGE ( 'NONE', *, *, #6625, .T. ) ;
#6794 = DIRECTION ( 'NONE',  ( -6.867314445954479045E-15, -4.797243844499407540E-29, -1.000000000000000000 ) ) ;
#6795 = AXIS2_PLACEMENT_3D ( 'NONE', #2498, #7048, #2546 ) ;
#6796 = B_SPLINE_SURFACE_WITH_KNOTS ( 'NONE', 3, 1, ( 
 ( #1149, #8446 ),
 ( #6427, #3894 ),
 ( #7632, #7070 ),
 ( #1196, #2570 ),
 ( #4523, #7153 ),
 ( #1106, #6343 ),
 ( #3079, #8322 ),
 ( #1400, #706 ),
 ( #4693, #4739 ),
 ( #3327, #1962 ),
 ( #5954, #7195 ) ),
 .UNSPECIFIED., .F., .F., .F.,
 ( 4, 1, 1, 1, 1, 1, 1, 1, 4 ),
 ( 2, 2 ),
 ( 0.000000000000000000, 0.1323140339085642492, 0.2587000085531551141, 0.3809118214856536677, 0.5005348689728935652, 0.6209226176484483606, 0.7423757653984728311, 0.8682808341788563755, 1.000000000000000000 ),
 ( 0.000000000000000000, 1.000000000000000000 ),
 .UNSPECIFIED. ) ;
#6797 = CARTESIAN_POINT ( 'NONE',  ( -15.00000000000012967, 22.49999999999989697, -2.063301313030405599E-16 ) ) ;
#6798 = DIRECTION ( 'NONE',  ( 0.9998424674825473479, -0.01774937233851449359, 7.888609052210118054E-31 ) ) ;
#6799 = ORIENTED_EDGE ( 'NONE', *, *, #5469, .T. ) ;
#6800 = CARTESIAN_POINT ( 'NONE',  ( -42.99999999999982236, -19.50000000000029843, 3.000000000000302869 ) ) ;
#6801 = ORIENTED_EDGE ( 'NONE', *, *, #3641, .T. ) ;
#6802 = LINE ( 'NONE', #3446, #8439 ) ;
#6803 = ORIENTED_EDGE ( 'NONE', *, *, #7869, .T. ) ;
#6804 = VECTOR ( 'NONE', #2022, 1000.000000000000000 ) ;
#6805 = CARTESIAN_POINT ( 'NONE',  ( -0.7692307692306433742, -14.63465544871795387, 6.000000000000000000 ) ) ;
#6806 = AXIS2_PLACEMENT_3D ( 'NONE', #7843, #1456, #1284 ) ;
#6807 = CARTESIAN_POINT ( 'NONE',  ( -2.478464130600909421, -4.248214081737019754, 5.500000000000000000 ) ) ;
#6808 = AXIS2_PLACEMENT_3D ( 'NONE', #5969, #6488, #6010 ) ;
#6809 = CARTESIAN_POINT ( 'NONE',  ( -0.8959985705278815660, 5.767690442349400648, 2.254564340789526611 ) ) ;
#6810 = APPLICATION_PROTOCOL_DEFINITION ( 'draft international standard', 'automotive_design', 1998, #6718 ) ;
#6811 = ORIENTED_EDGE ( 'NONE', *, *, #1175, .F. ) ;
#6812 = DIRECTION ( 'NONE',  ( -0.9941829972169000662, -0.1077040762683629249, -7.888609052210118054E-31 ) ) ;
#6813 = DIRECTION ( 'NONE',  ( -7.888609052210118054E-31, -5.605193857299268284E-45, 1.000000000000000000 ) ) ;
#6814 = CARTESIAN_POINT ( 'NONE',  ( 4.000000000000014211, 1.250000000000028200, 0.9999999999999997780 ) ) ;
#6815 = CARTESIAN_POINT ( 'NONE',  ( -3.099320118772016297, 2.735078498361539712, 2.257672572958873580 ) ) ;
#6816 = FACE_BOUND ( 'NONE', #6255, .T. ) ;
#6817 = CARTESIAN_POINT ( 'NONE',  ( 1.674621644223545758, -8.627255829527005204, 6.000000000000000000 ) ) ;
#6818 = DIRECTION ( 'NONE',  ( 7.888609052210118054E-31, 5.605193857299268284E-45, -1.000000000000000000 ) ) ;
#6819 = B_SPLINE_CURVE_WITH_KNOTS ( 'NONE', 3,
 ( #528, #3833, #5113, #3189, #1945, #4552, #5937, #5811, #5161, #1904, #1305 ),
 .UNSPECIFIED., .F., .F.,
 ( 4, 1, 1, 1, 1, 1, 1, 1, 4 ),
 ( 0.000000000000000000, 0.1323140339085642492, 0.2587000085531551141, 0.3809118214856536677, 0.5005348689728935652, 0.6209226176484483606, 0.7423757653984728311, 0.8682808341788563755, 1.000000000000000000 ),
 .UNSPECIFIED. ) ;
#6820 = CARTESIAN_POINT ( 'NONE',  ( 0.4474438444037931450, -4.157622263290524423, 6.000000000000000000 ) ) ;
#6821 = LINE ( 'NONE', #939, #2805 ) ;
#6822 = CARTESIAN_POINT ( 'NONE',  ( 3.083017875641648420, 3.124038236129737189, 2.263451893019722938 ) ) ;
#6823 = CARTESIAN_POINT ( 'NONE',  ( 1.555078288816344134, -9.391442603922609322, 5.999999999999999112 ) ) ;
#6824 = CARTESIAN_POINT ( 'NONE',  ( 0.9485465016126524151, -14.01714956324859962, 6.000000000000000000 ) ) ;
#6825 = ORIENTED_EDGE ( 'NONE', *, *, #4627, .F. ) ;
#6826 = CARTESIAN_POINT ( 'NONE',  ( 2.628205128205213903, -8.957572115384596856, 5.500000000000000888 ) ) ;
#6827 = CARTESIAN_POINT ( 'NONE',  ( 0.9194711538462754241, -14.01666666666665861, 5.500000000000000888 ) ) ;
#6828 = ORIENTED_EDGE ( 'NONE', *, *, #5200, .F. ) ;
#6829 = LINE ( 'NONE', #7936, #3299 ) ;
#6830 = EDGE_CURVE ( 'NONE', #1475, #3558, #3700, .T. ) ;
#6831 = DIRECTION ( 'NONE',  ( -6.982962677686265922E-15, 1.000000000000000000, -0.000000000000000000 ) ) ;
#6832 = PLANE ( 'NONE',  #4875 ) ;
#6833 = VERTEX_POINT ( 'NONE', #1518 ) ;
#6834 = CARTESIAN_POINT ( 'NONE',  ( 0.3074683087755980537, -15.15115694239586652, 5.500000000000000888 ) ) ;
#6835 = ORIENTED_EDGE ( 'NONE', *, *, #6430, .T. ) ;
#6836 = ADVANCED_FACE ( 'NONE', ( #1613 ), #6066, .F. ) ;
#6837 = CARTESIAN_POINT ( 'NONE',  ( -0.1298145265605378518, 5.897280773306459167, 2.261978873243721821 ) ) ;
#6838 = EDGE_CURVE ( 'NONE', #572, #7010, #6802, .T. ) ;
#6839 = CARTESIAN_POINT ( 'NONE',  ( 0.1819261412857066940, -8.604114088655149928, 5.500000000000000888 ) ) ;
#6840 = VERTEX_POINT ( 'NONE', #2115 ) ;
#6841 = EDGE_LOOP ( 'NONE', ( #314, #3963, #6703, #7241, #4453 ) ) ;
#6842 = CARTESIAN_POINT ( 'NONE',  ( 2.322888131161961134, -12.19821267974552370, 5.500000000000000000 ) ) ;
#6843 = LINE ( 'NONE', #1513, #724 ) ;
#6844 = ADVANCED_FACE ( 'NONE', ( #4729 ), #8080, .F. ) ;
#6845 = FACE_BOUND ( 'NONE', #5357, .T. ) ;
#6846 = ORIENTED_EDGE ( 'NONE', *, *, #3956, .F. ) ;
#6847 = CARTESIAN_POINT ( 'NONE',  ( 1.066296300295537458, -13.12423900092758267, 6.000000000000000000 ) ) ;
#6848 = PRESENTATION_STYLE_ASSIGNMENT (( #7529 ) ) ;
#6849 = EDGE_CURVE ( 'NONE', #4249, #5191, #6964, .T. ) ;
#6850 = EDGE_LOOP ( 'NONE', ( #1257, #4466, #3287, #7619 ) ) ;
#6851 = ORIENTED_EDGE ( 'NONE', *, *, #6415, .F. ) ;
#6852 = FACE_OUTER_BOUND ( 'NONE', #2752, .T. ) ;
#6853 = EDGE_CURVE ( 'NONE', #345, #6130, #6318, .T. ) ;
#6854 = DIRECTION ( 'NONE',  ( 0.08049497598735952386, 0.9967550144548028568, 9.860761315262647568E-32 ) ) ;
#6855 = ORIENTED_EDGE ( 'NONE', *, *, #7298, .T. ) ;
#6856 = LINE ( 'NONE', #371, #3626 ) ;
#6857 = ORIENTED_EDGE ( 'NONE', *, *, #5711, .T. ) ;
#6858 = CARTESIAN_POINT ( 'NONE',  ( -10.99999999999981526, -22.50000000000007105, 3.000000000000000000 ) ) ;
#6859 = LINE ( 'NONE', #8138, #5686 ) ;
#6860 = CARTESIAN_POINT ( 'NONE',  ( 0.4477163461539767075, -15.29270833333332824, 5.500000000000000000 ) ) ;
#6861 = CARTESIAN_POINT ( 'NONE',  ( 4.000000000000014211, 1.250000000000028200, 0.9999999999999997780 ) ) ;
#6862 = DIRECTION ( 'NONE',  ( -6.982962677686265133E-15, 1.000000000000000000, 0.000000000000000000 ) ) ;
#6863 = DIRECTION ( 'NONE',  ( -7.888609052210118054E-31, -5.605193857299268284E-45, 1.000000000000000000 ) ) ;
#6864 = LINE ( 'NONE', #4193, #4289 ) ;
#6865 = ADVANCED_FACE ( 'NONE', ( #4126 ), #1082, .T. ) ;
#6866 = CARTESIAN_POINT ( 'NONE',  ( 1.909014659751050003, -11.20136439963104280, 5.500000000000000888 ) ) ;
#6867 = CARTESIAN_POINT ( 'NONE',  ( 0.2304785177807270602, -4.147324464839866387, 6.000000000000000000 ) ) ;
#6868 = CARTESIAN_POINT ( 'NONE',  ( 1.577853993702490243, -10.53271870109523611, 6.000000000000000000 ) ) ;
#6869 = LINE ( 'NONE', #5614, #6930 ) ;
#6870 = CARTESIAN_POINT ( 'NONE',  ( 1.317358923961465367, -9.574844183976063405, 5.500000000000000000 ) ) ;
#6871 = CARTESIAN_POINT ( 'NONE',  ( 1.168395091777618022, -14.04542268499401558, 6.000000000000000888 ) ) ;
#6872 = ORIENTED_EDGE ( 'NONE', *, *, #4371, .T. ) ;
#6873 = DIRECTION ( 'NONE',  ( -6.982962677686265922E-15, 1.000000000000000000, -0.000000000000000000 ) ) ;
#6874 = ORIENTED_EDGE ( 'NONE', *, *, #1749, .F. ) ;
#6875 = DIRECTION ( 'NONE',  ( -7.888609052210118054E-31, -5.605193857299268284E-45, 1.000000000000000000 ) ) ;
#6876 = LINE ( 'NONE', #949, #6525 ) ;
#6877 = VERTEX_POINT ( 'NONE', #5415 ) ;
#6878 = CARTESIAN_POINT ( 'NONE',  ( 2.127069218349248558, -7.770839264203570629, 6.000000000000000000 ) ) ;
#6879 = CARTESIAN_POINT ( 'NONE',  ( 0.6042115278614871299, -8.232304444217934503, 5.500000000000000000 ) ) ;
#6880 = ORIENTED_EDGE ( 'NONE', *, *, #1897, .T. ) ;
#6881 = VERTEX_POINT ( 'NONE', #1478 ) ;
#6882 = CARTESIAN_POINT ( 'NONE',  ( 2.322888131161961134, -12.19821267974552370, 6.000000000000000000 ) ) ;
#6883 = PLANE ( 'NONE',  #317 ) ;
#6884 = AXIS2_PLACEMENT_3D ( 'NONE', #7290, #4031, #2794 ) ;
#6885 = PLANE ( 'NONE',  #2135 ) ;
#6886 = ORIENTED_EDGE ( 'NONE', *, *, #5000, .T. ) ;
#6887 = LINE ( 'NONE', #7566, #1455 ) ;
#6888 = VECTOR ( 'NONE', #3186, 1000.000000000000000 ) ;
#6889 = ORIENTED_EDGE ( 'NONE', *, *, #2282, .T. ) ;
#6890 = EDGE_CURVE ( 'NONE', #1944, #583, #3540, .T. ) ;
#6891 = ORIENTED_EDGE ( 'NONE', *, *, #426, .F. ) ;
#6892 = DIRECTION ( 'NONE',  ( 1.000000000000000000, 6.715058616684416976E-15, -6.982962677686271444E-15 ) ) ;
#6893 = EDGE_CURVE ( 'NONE', #1382, #2459, #6025, .T. ) ;
#6894 = AXIS2_PLACEMENT_3D ( 'NONE', #5324, #1426, #2915 ) ;
#6895 = EDGE_CURVE ( 'NONE', #7782, #306, #756, .T. ) ;
#6896 = DIRECTION ( 'NONE',  ( -7.888609052210118054E-31, -5.605193857299268284E-45, 1.000000000000000000 ) ) ;
#6897 = VERTEX_POINT ( 'NONE', #4377 ) ;
#6898 = CARTESIAN_POINT ( 'NONE',  ( 2.004663725408868835, 4.682504541303909917, 2.337413152810810857 ) ) ;
#6899 = ORIENTED_EDGE ( 'NONE', *, *, #5531, .F. ) ;
#6900 = LINE ( 'NONE', #4959, #3726 ) ;
#6901 = CARTESIAN_POINT ( 'NONE',  ( -2.529039341888994700E-14, 6.800000000000000711, -1.583988125627303051E-28 ) ) ;
#6902 = ADVANCED_FACE ( 'NONE', ( #4772 ), #6719, .T. ) ;
#6903 = CARTESIAN_POINT ( 'NONE',  ( 43.99999999999999289, 10.00000000000028066, 4.999999999999693578 ) ) ;
#6904 = AXIS2_PLACEMENT_3D ( 'NONE', #2741, #1280, #3980 ) ;
#6905 = CARTESIAN_POINT ( 'NONE',  ( 2.268361150903560092E-14, 1.583988125627302602E-28, 6.000000000000000000 ) ) ;
#6906 = CARTESIAN_POINT ( 'NONE',  ( 38.30000000000008953, -4.249999999999729994, 4.999999999999733546 ) ) ;
#6907 = CARTESIAN_POINT ( 'NONE',  ( -0.5764824686905981599, -5.724718118872326400, 5.500000000000000888 ) ) ;
#6908 = VECTOR ( 'NONE', #8294, 1000.000000000000000 ) ;
#6909 = CARTESIAN_POINT ( 'NONE',  ( -0.6556976821604344474, -14.03671903661030562, 6.000000000000000000 ) ) ;
#6910 = CARTESIAN_POINT ( 'NONE',  ( 1.266980391713545595, -5.579789429292077330, 5.500000000000000888 ) ) ;
#6911 = DIRECTION ( 'NONE',  ( 6.961935726462304815E-15, 4.861825333742020699E-29, 1.000000000000000000 ) ) ;
#6912 = CARTESIAN_POINT ( 'NONE',  ( 32.94999999999988916, 21.20000000000023377, -2.266191732778090822E-13 ) ) ;
#6913 = CARTESIAN_POINT ( 'NONE',  ( 31.04999999999989058, 21.20000000000021956, -2.133515441902051628E-13 ) ) ;
#6914 = ORIENTED_EDGE ( 'NONE', *, *, #5893, .T. ) ;
#6915 = CARTESIAN_POINT ( 'NONE',  ( 1.168395091777618022, -14.04542268499401558, 5.500000000000000888 ) ) ;
#6916 = VERTEX_POINT ( 'NONE', #3781 ) ;
#6917 = CARTESIAN_POINT ( 'NONE',  ( 2.228279855033886925, -12.24874452316575635, 5.500000000000000000 ) ) ;
#6918 = AXIS2_PLACEMENT_3D ( 'NONE', #7194, #2518, #3893 ) ;
#6919 = DIRECTION ( 'NONE',  ( 0.8346843271053213664, -0.5507286755606040085, -4.379057701015054319E-47 ) ) ;
#6920 = ORIENTED_EDGE ( 'NONE', *, *, #7147, .F. ) ;
#6921 = DIRECTION ( 'NONE',  ( -7.888609052210118054E-31, -5.605193857299268284E-45, 1.000000000000000000 ) ) ;
#6922 = CARTESIAN_POINT ( 'NONE',  ( 1.564963387258349714, -7.405683959984601827, 6.000000000000000000 ) ) ;
#6923 = CARTESIAN_POINT ( 'NONE',  ( 0.5094133165081674575, -6.633576842738277968, 5.500000000000000888 ) ) ;
#6924 = ORIENTED_EDGE ( 'NONE', *, *, #1330, .F. ) ;
#6925 = VERTEX_POINT ( 'NONE', #3909 ) ;
#6926 = CARTESIAN_POINT ( 'NONE',  ( 9.550000000000183675, -22.49999999999993250, 2.999999999999997335 ) ) ;
#6927 = MECHANICAL_DESIGN_GEOMETRIC_PRESENTATION_REPRESENTATION (  '', ( #1432 ), #884 ) ;
#6928 = DIRECTION ( 'NONE',  ( 1.000000000000000000, 6.715058616684416976E-15, -8.953411488912557020E-15 ) ) ;
#6929 = ORIENTED_EDGE ( 'NONE', *, *, #6838, .T. ) ;
#6930 = VECTOR ( 'NONE', #980, 1000.000000000000000 ) ;
#6931 = LINE ( 'NONE', #2342, #6118 ) ;
#6932 = AXIS2_PLACEMENT_3D ( 'NONE', #7105, #573, #2566 ) ;
#6933 = DIRECTION ( 'NONE',  ( 6.982962677686264344E-15, -1.000000000000000000, 0.000000000000000000 ) ) ;
#6934 = EDGE_LOOP ( 'NONE', ( #1292, #2988, #6914, #985 ) ) ;
#6935 = ORIENTED_EDGE ( 'NONE', *, *, #2698, .F. ) ;
#6936 = DIRECTION ( 'NONE',  ( -6.982962677686265922E-15, -4.876176775795934672E-29, -1.000000000000000000 ) ) ;
#6937 = VECTOR ( 'NONE', #3153, 1000.000000000000000 ) ;
#6938 = CARTESIAN_POINT ( 'NONE',  ( -16.99999999999979039, -22.50000000000011724, 5.000000000000123457 ) ) ;
#6939 = EDGE_LOOP ( 'NONE', ( #3876, #6272, #4958, #5576 ) ) ;
#6940 = CARTESIAN_POINT ( 'NONE',  ( -0.1298145265605378518, 5.897280773306459167, 2.261978873243721821 ) ) ;
#6941 = ORIENTED_EDGE ( 'NONE', *, *, #2105, .F. ) ;
#6942 = AXIS2_PLACEMENT_3D ( 'NONE', #2931, #2377, #5494 ) ;
#6943 = CARTESIAN_POINT ( 'NONE',  ( 1.445110554477882614, -14.17708380402264545, 6.000000000000000000 ) ) ;
#6944 = EDGE_CURVE ( 'NONE', #4370, #8285, #1207, .T. ) ;
#6945 = CIRCLE ( 'NONE', #3238, 1.099999999999996758 ) ;
#6946 = EDGE_CURVE ( 'NONE', #7527, #5234, #1990, .T. ) ;
#6947 = DIRECTION ( 'NONE',  ( -7.888609052210118054E-31, -5.605193857299268284E-45, 1.000000000000000000 ) ) ;
#6948 = CARTESIAN_POINT ( 'NONE',  ( 3.131316011514062409E-15, 2.799999999999999822, 1.000000000000000000 ) ) ;
#6949 = VECTOR ( 'NONE', #8351, 1000.000000000000000 ) ;
#6950 = CARTESIAN_POINT ( 'NONE',  ( 39.99999999999987921, 23.70000000000027995, 4.999999999999722000 ) ) ;
#6951 = DIRECTION ( 'NONE',  ( -0.7071067811865483499, 0.7071067811865467956, 4.855924613274722729E-15 ) ) ;
#6952 = PLANE ( 'NONE',  #616 ) ;
#6953 = CARTESIAN_POINT ( 'NONE',  ( 1.282051282051379193, -10.61923076923076081, 5.500000000000000888 ) ) ;
#6954 = DIRECTION ( 'NONE',  ( -0.9230960361052140684, 0.3845695101367778146, -7.888609052210118054E-31 ) ) ;
#6955 = VERTEX_POINT ( 'NONE', #1804 ) ;
#6956 = ORIENTED_EDGE ( 'NONE', *, *, #6273, .F. ) ;
#6957 = LINE ( 'NONE', #4333, #1118 ) ;
#6958 = ADVANCED_FACE ( 'NONE', ( #5100 ), #6356, .T. ) ;
#6959 = DIRECTION ( 'NONE',  ( 1.000000000000000000, 6.715058616684410666E-15, -6.994852725712927481E-15 ) ) ;
#6960 = CARTESIAN_POINT ( 'NONE',  ( -2.747231095616745389, 1.363782291128396107, 3.000000000000000000 ) ) ;
#6961 = PLANE ( 'NONE',  #4318 ) ;
#6962 = DIRECTION ( 'NONE',  ( 6.937904925063491558E-15, -1.000000000000000000, 3.276637284468331116E-31 ) ) ;
#6963 = DIRECTION ( 'NONE',  ( -6.982962677686265922E-15, -4.876176775795934672E-29, -1.000000000000000000 ) ) ;
#6964 = LINE ( 'NONE', #185, #4322 ) ;
#6965 = ORIENTED_EDGE ( 'NONE', *, *, #5570, .F. ) ;
#6966 = ORIENTED_EDGE ( 'NONE', *, *, #2594, .T. ) ;
#6967 = CARTESIAN_POINT ( 'NONE',  ( 1.378369055473261495, 5.576706456742188678, 2.288478284718786782 ) ) ;
#6968 = FACE_OUTER_BOUND ( 'NONE', #362, .T. ) ;
#6969 = ORIENTED_EDGE ( 'NONE', *, *, #2183, .T. ) ;
#6970 = CARTESIAN_POINT ( 'NONE',  ( -41.45000000000018758, -19.50000000000028777, -49.99999999999971578 ) ) ;
#6971 = ORIENTED_EDGE ( 'NONE', *, *, #2073, .F. ) ;
#6972 = VERTEX_POINT ( 'NONE', #598 ) ;
#6973 = LINE ( 'NONE', #1093, #3057 ) ;
#6974 = DIRECTION ( 'NONE',  ( -6.982962677686265133E-15, 1.000000000000000000, 0.000000000000000000 ) ) ;
#6975 = VERTEX_POINT ( 'NONE', #1890 ) ;
#6976 = FACE_OUTER_BOUND ( 'NONE', #6209, .T. ) ;
#6977 = ORIENTED_EDGE ( 'NONE', *, *, #2739, .F. ) ;
#6978 = PLANE ( 'NONE',  #1036 ) ;
#6979 = LINE ( 'NONE', #1101, #7067 ) ;
#6980 = DIRECTION ( 'NONE',  ( -0.7984567285931379876, 0.6020522008633004685, 0.000000000000000000 ) ) ;
#6981 = CARTESIAN_POINT ( 'NONE',  ( -1.533301970205888987, -5.411453734468349985, 6.000000000000000000 ) ) ;
#6982 = EDGE_CURVE ( 'NONE', #1776, #6335, #7040, .T. ) ;
#6983 = EDGE_CURVE ( 'NONE', #3996, #4245, #1165, .T. ) ;
#6984 = CARTESIAN_POINT ( 'NONE',  ( -0.9854727030934693488, -4.227946489444667222, 6.000000000000000000 ) ) ;
#6985 = CARTESIAN_POINT ( 'NONE',  ( 0.6821968441626133917, -5.717196183774606588, 5.500000000000000888 ) ) ;
#6986 = CARTESIAN_POINT ( 'NONE',  ( -0.7433387117994578741, -9.031409872784715631, 5.500000000000000000 ) ) ;
#6987 = CARTESIAN_POINT ( 'NONE',  ( 1.717026522606101224, -7.473490875549176238, 5.500000000000000000 ) ) ;
#6988 = CARTESIAN_POINT ( 'NONE',  ( -20.99999999999981526, -19.50000000000014211, 5.000000000000150990 ) ) ;
#6989 = LINE ( 'NONE', #1110, #7876 ) ;
#6990 = ORIENTED_EDGE ( 'NONE', *, *, #5891, .T. ) ;
#6991 = CARTESIAN_POINT ( 'NONE',  ( 1.717026522606142525, -13.30682420888250839, 5.999999999999999112 ) ) ;
#6992 = ORIENTED_EDGE ( 'NONE', *, *, #7973, .T. ) ;
#6993 = CARTESIAN_POINT ( 'NONE',  ( -1.605883729056722276, 5.451629206497557334, 3.000000000000000000 ) ) ;
#6994 = EDGE_CURVE ( 'NONE', #7428, #4370, #2622, .T. ) ;
#6995 = ADVANCED_FACE ( 'NONE', ( #5798 ), #5756, .F. ) ;
#6996 = DIRECTION ( 'NONE',  ( -6.982962677686265133E-15, 1.000000000000000000, 0.000000000000000000 ) ) ;
#6997 = CARTESIAN_POINT ( 'NONE',  ( 1.387219551282104835, -4.391266025641018977, 5.500000000000000888 ) ) ;
#6998 = DIRECTION ( 'NONE',  ( 0.2047867780920638314, 0.9788066078233593759, 1.972152263052529295E-31 ) ) ;
#6999 = CARTESIAN_POINT ( 'NONE',  ( 0.9194711538462754241, -14.01666666666665861, 5.500000000000000888 ) ) ;
#7000 = ORIENTED_EDGE ( 'NONE', *, *, #1163, .T. ) ;
#7001 = VERTEX_POINT ( 'NONE', #7124 ) ;
#7002 = CARTESIAN_POINT ( 'NONE',  ( 43.00000000000018474, -19.49999999999969802, 2.999999999999706013 ) ) ;
#7003 = CARTESIAN_POINT ( 'NONE',  ( 2.628205128205185925, -4.935136217948702608, 6.000000000000000000 ) ) ;
#7004 = VERTEX_POINT ( 'NONE', #5222 ) ;
#7005 = CARTESIAN_POINT ( 'NONE',  ( -0.7069070778344852535, -8.343235463022928400, 5.500000000000000888 ) ) ;
#7006 = CARTESIAN_POINT ( 'NONE',  ( -2.684678751731770063, 4.349999999999974776, 6.000000000000000000 ) ) ;
#7007 = ORIENTED_EDGE ( 'NONE', *, *, #8481, .F. ) ;
#7008 = EDGE_CURVE ( 'NONE', #5765, #1431, #3440, .T. ) ;
#7009 = VECTOR ( 'NONE', #4719, 1000.000000000000000 ) ;
#7010 = VERTEX_POINT ( 'NONE', #844 ) ;
#7011 = DIRECTION ( 'NONE',  ( 1.000000000000000000, 7.178166107490237014E-15, 0.000000000000000000 ) ) ;
#7012 = VECTOR ( 'NONE', #2028, 1000.000000000000000 ) ;
#7013 = CARTESIAN_POINT ( 'NONE',  ( 19.45000000000018048, -19.49999999999986144, 2.999999999999870326 ) ) ;
#7014 = B_SPLINE_CURVE_WITH_KNOTS ( 'NONE', 3,
 ( #3897, #7157, #1361, #3204, #5336, #7200, #5956, #7880, #69, #1277, #585, #4652, #1322, #2700, #5872, #1965, #110, #6640, #7242 ),
 .UNSPECIFIED., .F., .F.,
 ( 4, 1, 1, 1, 1, 1, 1, 1, 1, 1, 1, 1, 1, 1, 1, 1, 4 ),
 ( 0.000000000000000000, 0.06340052940042789631, 0.1249764099331409223, 0.1844921876584958154, 0.2434736282965412058, 0.3022637321141443678, 0.3613835718304160283, 0.4214817654110650236, 0.4834545367577930963, 0.5459360688045383769, 0.6081426980855852982, 0.6698202920949499761, 0.7323322942692658266, 0.7960922343214101859, 0.8616426668792320775, 0.9294352318828829063, 1.000000000000000000 ),
 .UNSPECIFIED. ) ;
#7015 = CARTESIAN_POINT ( 'NONE',  ( 1.555078288816344134, -9.391442603922609322, 6.000000000000000000 ) ) ;
#7016 = ORIENTED_EDGE ( 'NONE', *, *, #4462, .F. ) ;
#7017 = LINE ( 'NONE', #6419, #3081 ) ;
#7018 = CARTESIAN_POINT ( 'NONE',  ( 1.504068256435575401, -14.22577418916100456, 6.000000000000000000 ) ) ;
#7019 = FACE_OUTER_BOUND ( 'NONE', #2336, .T. ) ;
#7020 = CARTESIAN_POINT ( 'NONE',  ( -48.99999999999979394, -22.50000000000034106, 2.500000000000330402 ) ) ;
#7021 = CARTESIAN_POINT ( 'NONE',  ( -1.427300638446920678, -5.493493243755562361, 6.000000000000000000 ) ) ;
#7022 = CIRCLE ( 'NONE', #6744, 3.100000000000000089 ) ;
#7023 = CARTESIAN_POINT ( 'NONE',  ( 1.630354456228680249, -11.35333913754252144, 5.500000000000000888 ) ) ;
#7024 = VECTOR ( 'NONE', #3553, 1000.000000000000114 ) ;
#7025 = CARTESIAN_POINT ( 'NONE',  ( -43.78102496759046858, -22.50000000000030553, 3.000000000000308198 ) ) ;
#7026 = CARTESIAN_POINT ( 'NONE',  ( -0.7692307692306845635, -8.801322115384621725, 5.999999999999999112 ) ) ;
#7027 = ORIENTED_EDGE ( 'NONE', *, *, #1086, .F. ) ;
#7028 = CARTESIAN_POINT ( 'NONE',  ( -0.2594013143301329150, -0.2891278636734675445, 6.000000000000000000 ) ) ;
#7029 = DIRECTION ( 'NONE',  ( 1.000000000000000000, 6.715058616684410666E-15, -6.994852725712927481E-15 ) ) ;
#7030 = CARTESIAN_POINT ( 'NONE',  ( 2.562227354452459860, -11.77728861948167527, 6.000000000000000000 ) ) ;
#7031 = EDGE_LOOP ( 'NONE', ( #682, #993, #5904, #7611 ) ) ;
#7032 = LINE ( 'NONE', #4487, #1272 ) ;
#7033 = VERTEX_POINT ( 'NONE', #3340 ) ;
#7034 = AXIS2_PLACEMENT_3D ( 'NONE', #8475, #2638, #4553 ) ;
#7035 = EDGE_CURVE ( 'NONE', #7621, #7798, #7536, .T. ) ;
#7036 = CARTESIAN_POINT ( 'NONE',  ( 0.6821968441626133917, -5.717196183774606588, 6.000000000000000000 ) ) ;
#7037 = CARTESIAN_POINT ( 'NONE',  ( 0.1726739287056641425, 0.05542649682225633118, 2.261978873243720933 ) ) ;
#7038 = LINE ( 'NONE', #641, #6792 ) ;
#7039 = CARTESIAN_POINT ( 'NONE',  ( 1.473523686192287574, 0.4780982048694860098, 2.288478284718790334 ) ) ;
#7040 = LINE ( 'NONE', #8497, #6381 ) ;
#7041 = VERTEX_POINT ( 'NONE', #4069 ) ;
#7042 = ADVANCED_FACE ( 'NONE', ( #5967 ), #3432, .T. ) ;
#7044 = VERTEX_POINT ( 'NONE', #6269 ) ;
#7043 = EDGE_CURVE ( 'NONE', #2325, #4161, #3649, .T. ) ;
#7045 = DIRECTION ( 'NONE',  ( -0.2236320174572654085, -0.9746736483397883122, -1.972152263052529514E-31 ) ) ;
#7046 = AXIS2_PLACEMENT_3D ( 'NONE', #4611, #7755, #705 ) ;
#7047 = ADVANCED_FACE ( 'NONE', ( #5575 ), #8104, .F. ) ;
#7048 = DIRECTION ( 'NONE',  ( 6.982962677686265922E-15, 4.876176775795934672E-29, 1.000000000000000000 ) ) ;
#7049 = ORIENTED_EDGE ( 'NONE', *, *, #6780, .F. ) ;
#7050 = CARTESIAN_POINT ( 'NONE',  ( -0.2594013143301329705, -0.2891278636734667118, 2.254564340789526611 ) ) ;
#7051 = CARTESIAN_POINT ( 'NONE',  ( 32.00000000000020606, -22.49999999999977618, 2.999999999999782840 ) ) ;
#7052 = CARTESIAN_POINT ( 'NONE',  ( 3.131316011514056098E-15, 2.799999999999999822, 6.000000000000000000 ) ) ;
#7053 = ORIENTED_EDGE ( 'NONE', *, *, #2640, .F. ) ;
#7054 = VECTOR ( 'NONE', #2989, 1000.000000000000000 ) ;
#7055 = ORIENTED_EDGE ( 'NONE', *, *, #8264, .F. ) ;
#7056 = CARTESIAN_POINT ( 'NONE',  ( -0.2594013143301329705, -0.2891278636734667118, 3.000000000000000000 ) ) ;
#7057 = CARTESIAN_POINT ( 'NONE',  ( -0.07780449946830836350, -3.247874672647900862, 5.500000000000000888 ) ) ;
#7058 = CARTESIAN_POINT ( 'NONE',  ( -0.07780449946830836350, -3.247874672647900862, 6.000000000000000888 ) ) ;
#7059 = DIRECTION ( 'NONE',  ( 6.982962677686265922E-15, 4.876176775795934672E-29, 1.000000000000000000 ) ) ;
#7060 = ORIENTED_EDGE ( 'NONE', *, *, #4834, .F. ) ;
#7061 = CARTESIAN_POINT ( 'NONE',  ( 1.005544403265598463, -14.01809621028812991, 6.000000000000000000 ) ) ;
#7062 = DIRECTION ( 'NONE',  ( -7.888609052210118054E-31, -5.605193857299268284E-45, 1.000000000000000000 ) ) ;
#7063 = AXIS2_PLACEMENT_3D ( 'NONE', #923, #1769, #433 ) ;
#7064 = LINE ( 'NONE', #5004, #5511 ) ;
#7065 = VECTOR ( 'NONE', #4475, 1000.000000000000000 ) ;
#7066 = CARTESIAN_POINT ( 'NONE',  ( 2.033940751358780386, -3.706043126202814619, 5.500000000000000888 ) ) ;
#7067 = VECTOR ( 'NONE', #3720, 1000.000000000000000 ) ;
#7068 = VECTOR ( 'NONE', #840, 1000.000000000000000 ) ;
#7069 = CARTESIAN_POINT ( 'NONE',  ( 31.99999999999986855, 21.20000000000022666, -2.687005768509100445 ) ) ;
#7070 = CARTESIAN_POINT ( 'NONE',  ( -2.107946925962100426, -6.119485458134279909, 6.000000000000000000 ) ) ;
#7071 = ORIENTED_EDGE ( 'NONE', *, *, #5092, .F. ) ;
#7072 = LINE ( 'NONE', #6389, #4038 ) ;
#7073 = CARTESIAN_POINT ( 'NONE',  ( 1.473523686192287574, 0.4780982048694860098, 2.288478284718790334 ) ) ;
#7074 = CARTESIAN_POINT ( 'NONE',  ( 2.558530543312764749, -11.84877789680051308, 6.000000000000000000 ) ) ;
#7075 = EDGE_LOOP ( 'NONE', ( #4091, #182, #332, #3437 ) ) ;
#7076 = ORIENTED_EDGE ( 'NONE', *, *, #8157, .F. ) ;
#7077 = CARTESIAN_POINT ( 'NONE',  ( 2.559900063643773649, -14.29703893904975232, 5.500000000000000000 ) ) ;
#7078 = EDGE_LOOP ( 'NONE', ( #7136, #6319, #154, #1298 ) ) ;
#7079 = AXIS2_PLACEMENT_3D ( 'NONE', #1715, #1068, #2181 ) ;
#7080 = AXIS2_PLACEMENT_3D ( 'NONE', #3060, #2983, #6154 ) ;
#7081 = LINE ( 'NONE', #3820, #4447 ) ;
#7082 = CARTESIAN_POINT ( 'NONE',  ( 16.99999999999989697, 23.70000000000011653, 4.999999999999878320 ) ) ;
#7083 = CARTESIAN_POINT ( 'NONE',  ( 2.476084572762805802, -11.43617997106550987, 5.500000000000000000 ) ) ;
#7084 = CARTESIAN_POINT ( 'NONE',  ( 2.600299277223947492, -14.45562296452539286, 5.500000000000000000 ) ) ;
#7085 = ORIENTED_EDGE ( 'NONE', *, *, #1337, .F. ) ;
#7086 = EDGE_LOOP ( 'NONE', ( #4809, #447, #3208, #92 ) ) ;
#7087 = EDGE_CURVE ( 'NONE', #518, #6147, #8199, .T. ) ;
#7088 = EDGE_CURVE ( 'NONE', #755, #4843, #3644, .T. ) ;
#7089 = DIRECTION ( 'NONE',  ( -1.000000000000000000, -6.715058616684416976E-15, 6.715058616684416976E-15 ) ) ;
#7090 = EDGE_CURVE ( 'NONE', #7689, #481, #2324, .T. ) ;
#7091 = VERTEX_POINT ( 'NONE', #6913 ) ;
#7092 = CARTESIAN_POINT ( 'NONE',  ( 1.925558118862802592, 0.3705502822899269799, 2.288478284718790334 ) ) ;
#7093 = CARTESIAN_POINT ( 'NONE',  ( 0.2812056584477720667, -5.744769754030568443, 5.500000000000000888 ) ) ;
#7094 = CARTESIAN_POINT ( 'NONE',  ( -31.99999999999980815, -22.50000000000022027, 3.000000000000226041 ) ) ;
#7095 = ORIENTED_EDGE ( 'NONE', *, *, #1086, .T. ) ;
#7096 = ORIENTED_EDGE ( 'NONE', *, *, #3891, .T. ) ;
#7097 = CARTESIAN_POINT ( 'NONE',  ( -56.09999999999999432, 7.299999999999609024, 2.500000000000380584 ) ) ;
#7098 = CARTESIAN_POINT ( 'NONE',  ( 1.630269756378728063, -12.12781518995247154, 5.500000000000000888 ) ) ;
#7099 = ADVANCED_FACE ( 'NONE', ( #4928 ), #1030, .F. ) ;
#7100 = EDGE_CURVE ( 'NONE', #7802, #8498, #7589, .T. ) ;
#7101 = CARTESIAN_POINT ( 'NONE',  ( -1.389425475054151260, -3.403884835708600676, 5.500000000000000000 ) ) ;
#7102 = CARTESIAN_POINT ( 'NONE',  ( 0.7548344204369692445, -8.195693980112430665, 6.000000000000000000 ) ) ;
#7103 = ORIENTED_EDGE ( 'NONE', *, *, #7642, .T. ) ;
#7104 = CARTESIAN_POINT ( 'NONE',  ( -0.1298145265604499221, -0.2972807733064632418, 2.261978873243720933 ) ) ;
#7105 = CARTESIAN_POINT ( 'NONE',  ( -16.99999999999982947, -16.50000000000011724, 5.000000000000123457 ) ) ;
#7106 = CARTESIAN_POINT ( 'NONE',  ( -1.170893051803975071, 5.288274394281541113, 3.000000000000000000 ) ) ;
#7107 = EDGE_CURVE ( 'NONE', #1390, #7228, #7504, .T. ) ;
#7108 = LINE ( 'NONE', #1230, #1136 ) ;
#7109 = CARTESIAN_POINT ( 'NONE',  ( 1.244758017724588717, -3.364224745499469371, 5.500000000000000000 ) ) ;
#7110 = PLANE ( 'NONE',  #6918 ) ;
#7111 = DIRECTION ( 'NONE',  ( -0.9897338247590520277, -0.1429229027406662411, -7.888609052210117178E-31 ) ) ;
#7112 = ORIENTED_EDGE ( 'NONE', *, *, #2375, .T. ) ;
#7113 = CARTESIAN_POINT ( 'NONE',  ( 3.131316011514059253E-15, 2.799999999999999822, 3.000000000000000000 ) ) ;
#7114 = CARTESIAN_POINT ( 'NONE',  ( 0.3733089833664033907, -15.22320200111734145, 6.000000000000000000 ) ) ;
#7115 = CARTESIAN_POINT ( 'NONE',  ( 1.089041879867743257, -8.194969670078975810, 5.500000000000000000 ) ) ;
#7116 = VERTEX_POINT ( 'NONE', #3688 ) ;
#7117 = CARTESIAN_POINT ( 'NONE',  ( 0.7207402304322201303, -6.615947894303424448, 5.999999999999999112 ) ) ;
#7118 = CARTESIAN_POINT ( 'NONE',  ( 2.559900063643773649, -14.29703893904975232, 5.999999999999999112 ) ) ;
#7119 = ADVANCED_FACE ( 'NONE', ( #2229 ), #6304, .T. ) ;
#7120 = VERTEX_POINT ( 'NONE', #4149 ) ;
#7121 = CYLINDRICAL_SURFACE ( 'NONE', #2417, 3.100000000000000089 ) ;
#7122 = CARTESIAN_POINT ( 'NONE',  ( -42.99999999999980815, -19.50000000000029843, 5.000000000000304645 ) ) ;
#7123 = CARTESIAN_POINT ( 'NONE',  ( 3.131316011514059253E-15, 2.799999999999999822, 3.000000000000000000 ) ) ;
#7124 = CARTESIAN_POINT ( 'NONE',  ( 3.083017875641649308, 3.124038236129737189, 6.000000000000000000 ) ) ;
#7125 = EDGE_LOOP ( 'NONE', ( #7425, #8056, #8335, #522 ) ) ;
#7126 = CARTESIAN_POINT ( 'NONE',  ( 43.00000000000016342, -19.49999999999969802, -3.002673951405095948E-13 ) ) ;
#7127 = ORIENTED_EDGE ( 'NONE', *, *, #3634, .F. ) ;
#7128 = B_SPLINE_SURFACE_WITH_KNOTS ( 'NONE', 3, 1, ( 
 ( #1669, #8232 ),
 ( #4276, #3723 ),
 ( #1627, #4360 ),
 ( #3596, #1023 ),
 ( #382, #5612 ),
 ( #7023, #3643 ),
 ( #1064, #4881 ),
 ( #6220, #3684 ),
 ( #6866, #4964 ),
 ( #1147, #3765 ),
 ( #6300, #2906 ) ),
 .UNSPECIFIED., .F., .F., .F.,
 ( 4, 1, 1, 1, 1, 1, 1, 1, 4 ),
 ( 2, 2 ),
 ( 0.000000000000000000, 0.1270595051330053182, 0.2501582211420698698, 0.3728213857810744325, 0.5001667879735015587, 0.6273612302796138795, 0.7494693424423128914, 0.8717739731331586306, 0.9999999999999998890 ),
 ( 0.000000000000000000, 1.000000000000000000 ),
 .UNSPECIFIED. ) ;
#7129 = CARTESIAN_POINT ( 'NONE',  ( 0.1726739287055863437, 5.544573503177748108, 2.261978873243721821 ) ) ;
#7130 = LINE ( 'NONE', #5676, #5017 ) ;
#7131 = EDGE_LOOP ( 'NONE', ( #1472, #6490, #5583, #5847, #2661, #6451 ) ) ;
#7132 = CARTESIAN_POINT ( 'NONE',  ( 0.5433044292088131666, -7.310164966627487715, 5.500000000000000888 ) ) ;
#7133 = CARTESIAN_POINT ( 'NONE',  ( 0.1352232446033330426, -5.746522075447234812, 6.000000000000000000 ) ) ;
#7134 = DIRECTION ( 'NONE',  ( 0.8676178079094024609, 0.4972316757794933983, 7.888609052210117178E-31 ) ) ;
#7135 = EDGE_LOOP ( 'NONE', ( #6729, #8153, #5225, #4430 ) ) ;
#7136 = ORIENTED_EDGE ( 'NONE', *, *, #1222, .F. ) ;
#7137 = CARTESIAN_POINT ( 'NONE',  ( 0.2981557378202767672, -8.433243599184757855, 5.500000000000000888 ) ) ;
#7138 = FACE_OUTER_BOUND ( 'NONE', #3707, .T. ) ;
#7139 = DIRECTION ( 'NONE',  ( 6.888341397178440152E-15, -1.000000000000000000, 6.607368703010305184E-31 ) ) ;
#7140 = EDGE_CURVE ( 'NONE', #7041, #1589, #6773, .T. ) ;
#7141 = CARTESIAN_POINT ( 'NONE',  ( 0.1292793429747352285, -8.799876433018562594, 6.000000000000000000 ) ) ;
#7142 = EDGE_LOOP ( 'NONE', ( #65, #5454, #6889, #5728 ) ) ;
#7143 = CARTESIAN_POINT ( 'NONE',  ( 1.909054114739532348, -12.28061468011469870, 6.000000000000000000 ) ) ;
#7144 = CARTESIAN_POINT ( 'NONE',  ( 2.558530543312764749, -11.84877789680051308, 6.000000000000000000 ) ) ;
#7145 = EDGE_CURVE ( 'NONE', #1166, #711, #3513, .T. ) ;
#7146 = CARTESIAN_POINT ( 'NONE',  ( 2.608484153170389508, -9.258006217480540201, 5.500000000000000888 ) ) ;
#7147 = EDGE_CURVE ( 'NONE', #2449, #2597, #3775, .T. ) ;
#7148 = VECTOR ( 'NONE', #3655, 1000.000000000000114 ) ;
#7149 = LINE ( 'NONE', #3937, #1560 ) ;
#7150 = EDGE_CURVE ( 'NONE', #7091, #1166, #2822, .T. ) ;
#7151 = EDGE_CURVE ( 'NONE', #5771, #8498, #1446, .T. ) ;
#7152 = FACE_OUTER_BOUND ( 'NONE', #7941, .T. ) ;
#7153 = CARTESIAN_POINT ( 'NONE',  ( -2.365500341773639104, -5.844165852873457467, 6.000000000000000000 ) ) ;
#7154 = EDGE_LOOP ( 'NONE', ( #808, #4014, #7991, #5107 ) ) ;
#7155 = CARTESIAN_POINT ( 'NONE',  ( 1.998807928985419036, -7.656910438609284775, 6.000000000000000000 ) ) ;
#7156 = VECTOR ( 'NONE', #1498, 1000.000000000000000 ) ;
#7157 = CARTESIAN_POINT ( 'NONE',  ( -0.7680124966469170644, -8.748155918440721379, 6.000000000000000000 ) ) ;
#7158 = DIRECTION ( 'NONE',  ( 0.9361639956103079419, 0.3515636120575384993, 7.888609052210118054E-31 ) ) ;
#7159 = ORIENTED_EDGE ( 'NONE', *, *, #2891, .F. ) ;
#7160 = CARTESIAN_POINT ( 'NONE',  ( 1.819967283515125045, -6.321543604101798053, 5.999999999999999112 ) ) ;
#7161 = LINE ( 'NONE', #6687, #6069 ) ;
#7162 = ORIENTED_EDGE ( 'NONE', *, *, #2528, .T. ) ;
#7163 = CIRCLE ( 'NONE', #6748, 3.099999999999998757 ) ;
#7164 = CARTESIAN_POINT ( 'NONE',  ( -40.00000000000008527, 23.69999999999971863, 5.000000000000283329 ) ) ;
#7165 = DIRECTION ( 'NONE',  ( 6.094784257986139900E-15, -1.000000000000000000, 0.000000000000000000 ) ) ;
#7166 = DIRECTION ( 'NONE',  ( 1.000000000000000000, 6.982962677686265922E-15, 7.888609052210118054E-31 ) ) ;
#7167 = CARTESIAN_POINT ( 'NONE',  ( 0.3502575528615491929, -14.21616636270195499, 5.500000000000000000 ) ) ;
#7168 = EDGE_LOOP ( 'NONE', ( #3650, #8428, #1556, #5539 ) ) ;
#7169 = CARTESIAN_POINT ( 'NONE',  ( 1.414286072217456613, -4.408441807286238578, 6.000000000000000888 ) ) ;
#7170 = AXIS2_PLACEMENT_3D ( 'NONE', #6339, #7663, #2438 ) ;
#7171 = ORIENTED_EDGE ( 'NONE', *, *, #788, .F. ) ;
#7172 = CARTESIAN_POINT ( 'NONE',  ( 1.561532611812908700, -11.43652615691555319, 6.000000000000000000 ) ) ;
#7173 = AXIS2_PLACEMENT_3D ( 'NONE', #2507, #5114, #8223 ) ;
#7174 = CARTESIAN_POINT ( 'NONE',  ( 2.469242745874990597, 4.674257256073389932, 3.000000000000000000 ) ) ;
#7175 = ORIENTED_EDGE ( 'NONE', *, *, #1907, .F. ) ;
#7176 = DIRECTION ( 'NONE',  ( -6.867314445954479045E-15, -4.797243844499407540E-29, -1.000000000000000000 ) ) ;
#7177 = CARTESIAN_POINT ( 'NONE',  ( 1.642279046331109660, -5.266531140604866934, 5.500000000000000888 ) ) ;
#7178 = CARTESIAN_POINT ( 'NONE',  ( -56.09999999999983089, -20.50000000000039080, 3.813358653623385053E-13 ) ) ;
#7179 = ORIENTED_EDGE ( 'NONE', *, *, #5407, .T. ) ;
#7180 = ORIENTED_EDGE ( 'NONE', *, *, #1538, .T. ) ;
#7181 = CARTESIAN_POINT ( 'NONE',  ( 0.2148964409209349058, -8.545089270704149698, 5.500000000000000000 ) ) ;
#7182 = CARTESIAN_POINT ( 'NONE',  ( 3.131316011514062409E-15, 2.799999999999999822, 0.8000000000000003775 ) ) ;
#7183 = VECTOR ( 'NONE', #2367, 1000.000000000000000 ) ;
#7184 = DIRECTION ( 'NONE',  ( -7.888609052210118054E-31, -5.605193857299268284E-45, 1.000000000000000000 ) ) ;
#7185 = CIRCLE ( 'NONE', #3484, 1.099999999999996758 ) ;
#7186 = CARTESIAN_POINT ( 'NONE',  ( 0.6042115278614871299, -8.232304444217934503, 6.000000000000000000 ) ) ;
#7187 = ORIENTED_EDGE ( 'NONE', *, *, #4989, .F. ) ;
#7188 = CARTESIAN_POINT ( 'NONE',  ( 2.017227564102673565, -12.28589743589742689, 6.000000000000000000 ) ) ;
#7189 = CARTESIAN_POINT ( 'NONE',  ( -1.535450598547713597, -3.453339881561341418, 6.000000000000000000 ) ) ;
#7190 = ADVANCED_FACE ( 'NONE', ( #3898 ), #3854, .T. ) ;
#7191 = CARTESIAN_POINT ( 'NONE',  ( 1.551259928885979855, -3.457608344904498310, 6.000000000000000888 ) ) ;
#7192 = EDGE_CURVE ( 'NONE', #5066, #3945, #8400, .T. ) ;
#7193 = EDGE_CURVE ( 'NONE', #2168, #3943, #4401, .T. ) ;
#7194 = CARTESIAN_POINT ( 'NONE',  ( 4.000000000000014211, 1.250000000000028200, 0.8000000000000001554 ) ) ;
#7195 = CARTESIAN_POINT ( 'NONE',  ( -2.628205128205070018, -4.961177884615405986, 5.999999999999999112 ) ) ;
#7196 = VERTEX_POINT ( 'NONE', #2446 ) ;
#7197 = CARTESIAN_POINT ( 'NONE',  ( 2.626608055058677671, -8.900409650328676037, 5.500000000000000888 ) ) ;
#7198 = VECTOR ( 'NONE', #2865, 1000.000000000000000 ) ;
#7199 = VECTOR ( 'NONE', #5880, 1000.000000000000000 ) ;
#7200 = CARTESIAN_POINT ( 'NONE',  ( -0.6556976821604745265, -8.203385703276968144, 6.000000000000000000 ) ) ;
#7201 = FACE_OUTER_BOUND ( 'NONE', #7816, .T. ) ;
#7202 = ORIENTED_EDGE ( 'NONE', *, *, #5699, .T. ) ;
#7203 = CARTESIAN_POINT ( 'NONE',  ( 0.1288816258766188327, -6.644385295427484017, 5.500000000000000888 ) ) ;
#7204 = CARTESIAN_POINT ( 'NONE',  ( 2.623465986256073634, -14.62128201183739584, 5.500000000000000888 ) ) ;
#7205 = ORIENTED_EDGE ( 'NONE', *, *, #3733, .F. ) ;
#7206 = EDGE_CURVE ( 'NONE', #6840, #8425, #5375, .T. ) ;
#7207 = AXIS2_PLACEMENT_3D ( 'NONE', #4744, #1492, #2010 ) ;
#7208 = VECTOR ( 'NONE', #77, 999.9999999999998863 ) ;
#7209 = CARTESIAN_POINT ( 'NONE',  ( 0.8497967345310829534, 5.415405419811681220, 3.000000000000000000 ) ) ;
#7210 = CARTESIAN_POINT ( 'NONE',  ( -1.709563522345625364, -4.771175904835240011, 5.500000000000000888 ) ) ;
#7211 = DIRECTION ( 'NONE',  ( 7.888609052210118054E-31, 5.605193857299268284E-45, -1.000000000000000000 ) ) ;
#7212 = CARTESIAN_POINT ( 'NONE',  ( 0.1285669302982592743, -14.67933799002521944, 5.500000000000000888 ) ) ;
#7213 = ORIENTED_EDGE ( 'NONE', *, *, #2105, .T. ) ;
#7214 = AXIS2_PLACEMENT_3D ( 'NONE', #2247, #8122, #2881 ) ;
#7215 = DIRECTION ( 'NONE',  ( -7.888609052210118054E-31, -5.605193857299268284E-45, 1.000000000000000000 ) ) ;
#7216 = VECTOR ( 'NONE', #6921, 1000.000000000000000 ) ;
#7217 = VERTEX_POINT ( 'NONE', #4484 ) ;
#7218 = CARTESIAN_POINT ( 'NONE',  ( -54.99999999999981526, -20.50000000000038369, 2.500000000000372591 ) ) ;
#7219 = EDGE_CURVE ( 'NONE', #5234, #905, #5132, .T. ) ;
#7220 = B_SPLINE_CURVE_WITH_KNOTS ( 'NONE', 3,
 ( #2192, #4209, #6785, #904, #3011, #2368, #7600, #6834, #951, #3565, #3524 ),
 .UNSPECIFIED., .F., .F.,
 ( 4, 1, 1, 1, 1, 1, 1, 1, 4 ),
 ( 0.000000000000000000, 0.1103603399843302718, 0.2211857967812667358, 0.3343638213725845243, 0.4529765798274158484, 0.5772343082002682202, 0.7088043240432450043, 0.8493551270704502443, 1.000000000000000000 ),
 .UNSPECIFIED. ) ;
#7221 = DIRECTION ( 'NONE',  ( -7.888609052210118054E-31, -5.605193857299268284E-45, 1.000000000000000000 ) ) ;
#7222 = VECTOR ( 'NONE', #7704, 1000.000000000000114 ) ;
#7223 = CARTESIAN_POINT ( 'NONE',  ( 2.608484153170429476, -15.09133955081386524, 5.500000000000000888 ) ) ;
#7224 = FACE_OUTER_BOUND ( 'NONE', #4858, .T. ) ;
#7225 = CARTESIAN_POINT ( 'NONE',  ( 1.730769230769357403, -14.73982371794870438, 5.500000000000000000 ) ) ;
#7226 = CARTESIAN_POINT ( 'NONE',  ( 2.545562548314526996, 1.030787940178321538, 3.000000000000000000 ) ) ;
#7227 = ORIENTED_EDGE ( 'NONE', *, *, #715, .F. ) ;
#7228 = VERTEX_POINT ( 'NONE', #6518 ) ;
#7229 = CARTESIAN_POINT ( 'NONE',  ( 0.1285669302982181406, -8.846004656691887291, 5.500000000000000888 ) ) ;
#7230 = LINE ( 'NONE', #568, #1142 ) ;
#7231 = CARTESIAN_POINT ( 'NONE',  ( -24.00000000000018119, 23.69999999999983231, 1.710605512164240910E-13 ) ) ;
#7232 = ORIENTED_EDGE ( 'NONE', *, *, #7193, .T. ) ;
#7233 = CARTESIAN_POINT ( 'NONE',  ( 0.1819261412857066940, -8.604114088655149928, 6.000000000000000000 ) ) ;
#7234 = ORIENTED_EDGE ( 'NONE', *, *, #440, .T. ) ;
#7235 = CARTESIAN_POINT ( 'NONE',  ( -0.7576399020706474641, -8.952274349277638876, 5.500000000000000000 ) ) ;
#7236 = DIRECTION ( 'NONE',  ( -7.888609052210118054E-31, -5.605193857299268284E-45, 1.000000000000000000 ) ) ;
#7237 = CARTESIAN_POINT ( 'NONE',  ( 2.626898622862724242, -9.008690806110021043, 5.500000000000000888 ) ) ;
#7238 = CARTESIAN_POINT ( 'NONE',  ( 1.404941898078522433, -3.406507269476483746, 5.500000000000000888 ) ) ;
#7239 = FACE_OUTER_BOUND ( 'NONE', #3055, .T. ) ;
#7240 = CARTESIAN_POINT ( 'NONE',  ( 1.561532611812908700, -11.43652615691555319, 5.500000000000000000 ) ) ;
#7241 = ORIENTED_EDGE ( 'NONE', *, *, #2183, .F. ) ;
#7242 = CARTESIAN_POINT ( 'NONE',  ( 0.8884214743590482799, -7.285897435897429553, 6.000000000000000000 ) ) ;
#7243 = DIRECTION ( 'NONE',  ( -1.000000000000000000, -6.825260543506556042E-15, 6.867314445954479045E-15 ) ) ;
#7244 = ORIENTED_EDGE ( 'NONE', *, *, #6573, .T. ) ;
#7245 = LINE ( 'NONE', #6521, #7433 ) ;
#7246 = EDGE_LOOP ( 'NONE', ( #4344, #3482, #2283, #1696 ) ) ;
#7247 = EDGE_CURVE ( 'NONE', #136, #3839, #1836, .T. ) ;
#7248 = LINE ( 'NONE', #4532, #1999 ) ;
#7249 = CARTESIAN_POINT ( 'NONE',  ( -0.7428130999805196977, -8.490041186725491684, 5.500000000000000000 ) ) ;
#7250 = LINE ( 'NONE', #3384, #2409 ) ;
#7251 = CARTESIAN_POINT ( 'NONE',  ( 1.387219551282104835, -4.391266025641018977, 6.000000000000000000 ) ) ;
#7252 = CARTESIAN_POINT ( 'NONE',  ( 1.729838404953075948, -14.71509203922313880, 6.000000000000000000 ) ) ;
#7253 = ORIENTED_EDGE ( 'NONE', *, *, #3805, .F. ) ;
#7254 = CARTESIAN_POINT ( 'NONE',  ( 2.564102564102670012, -11.74102564102562773, 6.000000000000000000 ) ) ;
#7255 = VERTEX_POINT ( 'NONE', #3127 ) ;
#7256 = EDGE_CURVE ( 'NONE', #7689, #1475, #1094, .T. ) ;
#7257 = EDGE_CURVE ( 'NONE', #1363, #2763, #6989, .T. ) ;
#7258 = CARTESIAN_POINT ( 'NONE',  ( -1.725216523434134119, -5.055380598290178717, 5.500000000000000888 ) ) ;
#7259 = CARTESIAN_POINT ( 'NONE',  ( 1.282051282051420493, -16.45256410256408941, 5.500000000000000888 ) ) ;
#7260 = FACE_BOUND ( 'NONE', #7974, .T. ) ;
#7261 = CARTESIAN_POINT ( 'NONE',  ( 43.00000000000018474, -19.49999999999969802, 2.999999999999706013 ) ) ;
#7262 = ORIENTED_EDGE ( 'NONE', *, *, #5939, .F. ) ;
#7263 = CARTESIAN_POINT ( 'NONE',  ( -42.99999999999982236, -19.50000000000029843, 3.000000000000302869 ) ) ;
#7264 = CARTESIAN_POINT ( 'NONE',  ( 1.699965765326864275, -14.52631171061453053, 5.500000000000000000 ) ) ;
#7265 = FACE_OUTER_BOUND ( 'NONE', #7516, .T. ) ;
#7266 = DIRECTION ( 'NONE',  ( -0.9941829972169029528, 0.1077040762683351000, -7.888609052210117178E-31 ) ) ;
#7267 = ORIENTED_EDGE ( 'NONE', *, *, #2691, .T. ) ;
#7268 = VERTEX_POINT ( 'NONE', #2090 ) ;
#7269 = DIRECTION ( 'NONE',  ( 1.000000000000000000, 7.096596038086958767E-15, -6.982962677686304576E-15 ) ) ;
#7270 = CARTESIAN_POINT ( 'NONE',  ( 2.268361150903560723E-14, 1.583988125627303051E-28, -1.583988125627303051E-28 ) ) ;
#7271 = CARTESIAN_POINT ( 'NONE',  ( 2.072915762085890012, -10.23778586692800907, 5.500000000000000000 ) ) ;
#7272 = DIRECTION ( 'NONE',  ( -6.982962677686265922E-15, -4.876176775795934672E-29, -1.000000000000000000 ) ) ;
#7273 = DIRECTION ( 'NONE',  ( -7.888609052210118054E-31, -5.605193857299268284E-45, 1.000000000000000000 ) ) ;
#7274 = DIRECTION ( 'NONE',  ( 6.867314445954479045E-15, 4.797243844499407540E-29, 1.000000000000000000 ) ) ;
#7275 = ORIENTED_EDGE ( 'NONE', *, *, #5855, .T. ) ;
#7276 = DIRECTION ( 'NONE',  ( 6.982962677686265922E-15, 4.876176775795934672E-29, 1.000000000000000000 ) ) ;
#7277 = PLANE ( 'NONE',  #482 ) ;
#7278 = ORIENTED_EDGE ( 'NONE', *, *, #7972, .T. ) ;
#7279 = DIRECTION ( 'NONE',  ( -7.888609052210118054E-31, -5.605193857299268284E-45, 1.000000000000000000 ) ) ;
#7280 = AXIS2_PLACEMENT_3D ( 'NONE', #3693, #6231, #2285 ) ;
#7281 = ORIENTED_EDGE ( 'NONE', *, *, #5393, .T. ) ;
#7282 = AXIS2_PLACEMENT_3D ( 'NONE', #7781, #1015, #1215 ) ;
#7283 = FACE_OUTER_BOUND ( 'NONE', #6790, .T. ) ;
#7284 = CARTESIAN_POINT ( 'NONE',  ( -1.519822226779669494, -4.482649952413367167, 5.500000000000000000 ) ) ;
#7285 = LINE ( 'NONE', #4068, #1810 ) ;
#7286 = CARTESIAN_POINT ( 'NONE',  ( 1.404941898078522433, -3.406507269476483746, 6.000000000000000000 ) ) ;
#7287 = ORIENTED_EDGE ( 'NONE', *, *, #7219, .F. ) ;
#7288 = DIRECTION ( 'NONE',  ( -7.888609052210118054E-31, -5.605193857299268284E-45, 1.000000000000000000 ) ) ;
#7289 = ORIENTED_EDGE ( 'NONE', *, *, #6315, .T. ) ;
#7290 = CARTESIAN_POINT ( 'NONE',  ( -43.00000000000019185, -19.50000000000029843, -49.99999999999970157 ) ) ;
#7291 = AXIS2_PLACEMENT_3D ( 'NONE', #8008, #2129, #879 ) ;
#7292 = FACE_OUTER_BOUND ( 'NONE', #6850, .T. ) ;
#7293 = CARTESIAN_POINT ( 'NONE',  ( 2.624321920909911565, -14.94284089536158788, 5.500000000000000888 ) ) ;
#7294 = LINE ( 'NONE', #729, #5285 ) ;
#7295 = EDGE_CURVE ( 'NONE', #7833, #6289, #671, .T. ) ;
#7296 = AXIS2_PLACEMENT_3D ( 'NONE', #423, #3086, #5134 ) ;
#7297 = CARTESIAN_POINT ( 'NONE',  ( 1.709785374559882998, -5.110369770587852578, 5.500000000000000000 ) ) ;
#7298 = EDGE_CURVE ( 'NONE', #943, #4971, #1912, .T. ) ;
#7299 = CARTESIAN_POINT ( 'NONE',  ( 25.69999999999989626, 18.85000000000018616, -1.759926938645836044E-13 ) ) ;
#7300 = ORIENTED_EDGE ( 'NONE', *, *, #5200, .T. ) ;
#7301 = ORIENTED_EDGE ( 'NONE', *, *, #2955, .T. ) ;
#7302 = CARTESIAN_POINT ( 'NONE',  ( 1.504068256435575401, -14.22577418916100456, 5.500000000000000888 ) ) ;
#7303 = CARTESIAN_POINT ( 'NONE',  ( -1.666666666666581254, -8.915504807692320455, 5.500000000000000000 ) ) ;
#7304 = ADVANCED_FACE ( 'NONE', ( #4016 ), #4698, .F. ) ;
#7305 = VECTOR ( 'NONE', #2980, 1000.000000000000000 ) ;
#7306 = CARTESIAN_POINT ( 'NONE',  ( 2.624321920909911565, -14.94284089536158788, 5.500000000000000888 ) ) ;
#7307 = EDGE_LOOP ( 'NONE', ( #4108, #20, #1631, #2213 ) ) ;
#7308 = CARTESIAN_POINT ( 'NONE',  ( 23.99999999999992539, 23.70000000000016627, 4.999999999999833911 ) ) ;
#7309 = EDGE_LOOP ( 'NONE', ( #1648, #3331, #270, #2407 ) ) ;
#7310 = CARTESIAN_POINT ( 'NONE',  ( -63.59999999999995879, 0.09999999999956915575, 4.475858732527999245E-13 ) ) ;
#7311 = DIRECTION ( 'NONE',  ( -6.982962677686265133E-15, 1.000000000000000000, 0.000000000000000000 ) ) ;
#7312 = VECTOR ( 'NONE', #2072, 1000.000000000000000 ) ;
#7313 = CARTESIAN_POINT ( 'NONE',  ( 1.962122421163285946, -10.32689930808445133, 5.500000000000000000 ) ) ;
#7314 = AXIS2_PLACEMENT_3D ( 'NONE', #5209, #666, #5953 ) ;
#7315 = CARTESIAN_POINT ( 'NONE',  ( 1.243786431126708836, -8.235199538848439360, 5.500000000000000000 ) ) ;
#7316 = B_SPLINE_CURVE_WITH_KNOTS ( 'NONE', 3,
 ( #5426, #2170, #4823, #4916, #6211, #7539, #8092, #5606, #4093, #3454, #3499 ),
 .UNSPECIFIED., .F., .F.,
 ( 4, 1, 1, 1, 1, 1, 1, 1, 4 ),
 ( 0.000000000000000000, 0.1240354330026178092, 0.2428459548115296518, 0.3603416824496159521, 0.4790424316556555762, 0.5993341100427890256, 0.7254884757708262022, 0.8585494285274631876, 1.000000000000000000 ),
 .UNSPECIFIED. ) ;
#7317 = CARTESIAN_POINT ( 'NONE',  ( 23.99999999999992539, 23.70000000000016627, 4.999999999999833911 ) ) ;
#7318 = CARTESIAN_POINT ( 'NONE',  ( 1.909014659751050003, -11.20136439963104280, 5.500000000000000888 ) ) ;
#7319 = EDGE_LOOP ( 'NONE', ( #365, #4261, #4116, #2099 ) ) ;
#7320 = DIRECTION ( 'NONE',  ( -1.000000000000000000, -6.825260543506556042E-15, 6.982962677686265922E-15 ) ) ;
#7321 = CARTESIAN_POINT ( 'NONE',  ( 1.705591011689385317, -14.94848811555176660, 6.000000000000000000 ) ) ;
#7322 = DIRECTION ( 'NONE',  ( 6.888341397178440152E-15, -1.000000000000000000, 6.607368703010313066E-31 ) ) ;
#7323 = CARTESIAN_POINT ( 'NONE',  ( 25.69999999999987850, -4.249999999999817035, -26.31292458089768260 ) ) ;
#7324 = CARTESIAN_POINT ( 'NONE',  ( 0.9943474218166837852, -4.237896282243026391, 5.500000000000000000 ) ) ;
#7325 = CARTESIAN_POINT ( 'NONE',  ( 39.99999999999984368, 23.70000000000027995, -2.793185071074506684E-13 ) ) ;
#7326 = VECTOR ( 'NONE', #4260, 1000.000000000000000 ) ;
#7327 = ORIENTED_EDGE ( 'NONE', *, *, #2893, .T. ) ;
#7328 = AXIS2_PLACEMENT_3D ( 'NONE', #2830, #5433, #248 ) ;
#7329 = VECTOR ( 'NONE', #6962, 1000.000000000000000 ) ;
#7330 = DIRECTION ( 'NONE',  ( 0.9361639956103079419, 0.3515636120575384993, 7.888609052210118054E-31 ) ) ;
#7331 = CARTESIAN_POINT ( 'NONE',  ( 1.728309638461676068, -4.855944966455037815, 5.500000000000000000 ) ) ;
#7332 = CARTESIAN_POINT ( 'NONE',  ( 2.592510841945879552, -4.552777580947548586, 6.000000000000000000 ) ) ;
#7333 = EDGE_LOOP ( 'NONE', ( #413, #3767, #7095, #5196 ) ) ;
#7334 = CARTESIAN_POINT ( 'NONE',  ( 1.332997238753920843, -10.60659269907099755, 5.500000000000000000 ) ) ;
#7335 = ORIENTED_EDGE ( 'NONE', *, *, #5741, .F. ) ;
#7336 = AXIS2_PLACEMENT_3D ( 'NONE', #1153, #3771, #6346 ) ;
#7337 = LINE ( 'NONE', #3344, #4394 ) ;
#7338 = AXIS2_PLACEMENT_3D ( 'NONE', #1037, #4847, #7513 ) ;
#7339 = VECTOR ( 'NONE', #4827, 1000.000000000000000 ) ;
#7340 = CARTESIAN_POINT ( 'NONE',  ( -32.00000000000002132, 12.49999999999977973, 8.111269837221030343 ) ) ;
#7341 = AXIS2_PLACEMENT_3D ( 'NONE', #6015, #6700, #5276 ) ;
#7342 = CARTESIAN_POINT ( 'NONE',  ( -55.00000000000013500, 23.19999999999961915, 3.736546064168835993E-13 ) ) ;
#7343 = CARTESIAN_POINT ( 'NONE',  ( 0.2526678981406980107, -14.32088505405877044, 6.000000000000000000 ) ) ;
#7344 = ORIENTED_EDGE ( 'NONE', *, *, #7819, .F. ) ;
#7345 = ORIENTED_EDGE ( 'NONE', *, *, #6218, .F. ) ;
#7346 = LINE ( 'NONE', #7303, #36 ) ;
#7347 = EDGE_CURVE ( 'NONE', #3866, #7568, #5957, .T. ) ;
#7348 = EDGE_CURVE ( 'NONE', #2415, #8310, #799, .T. ) ;
#7349 = DIRECTION ( 'NONE',  ( -1.000000000000000000, -6.715058616684402777E-15, 6.982962677686256455E-15 ) ) ;
#7350 = ORIENTED_EDGE ( 'NONE', *, *, #7192, .T. ) ;
#7351 = CARTESIAN_POINT ( 'NONE',  ( -0.7560922526646798314, -8.957747118863915503, 5.500000000000000000 ) ) ;
#7352 = ORIENTED_EDGE ( 'NONE', *, *, #7008, .F. ) ;
#7353 = DIRECTION ( 'NONE',  ( -7.888609052210118054E-31, -5.605193857299268284E-45, 1.000000000000000000 ) ) ;
#7354 = EDGE_CURVE ( 'NONE', #5112, #7724, #7920, .T. ) ;
#7355 = CARTESIAN_POINT ( 'NONE',  ( -47.00000000000006395, 16.69999999999964757, 5.000000000000332179 ) ) ;
#7356 = ADVANCED_FACE ( 'NONE', ( #4653, #7959, #5913, #7201 ), #7277, .F. ) ;
#7357 = CARTESIAN_POINT ( 'NONE',  ( -2.478464130600909421, -4.248214081737019754, 5.500000000000000000 ) ) ;
#7358 = ADVANCED_FACE ( 'NONE', ( #6685 ), #834, .F. ) ;
#7359 = CARTESIAN_POINT ( 'NONE',  ( 1.556818638489741113, -8.446385621121512699, 5.500000000000000000 ) ) ;
#7360 = DIRECTION ( 'NONE',  ( -0.7167035096920078008, 0.6973780030909765282, -7.888609052210117178E-31 ) ) ;
#7361 = CARTESIAN_POINT ( 'NONE',  ( 0.8910490309017843336, -14.01707189454574198, 5.500000000000000888 ) ) ;
#7362 = VERTEX_POINT ( 'NONE', #7881 ) ;
#7363 = LINE ( 'NONE', #3413, #1391 ) ;
#7364 = CARTESIAN_POINT ( 'NONE',  ( -2.224796734531122144, 4.416409443804272250, 6.000000000000000000 ) ) ;
#7365 = ADVANCED_FACE ( 'NONE', ( #1323 ), #111, .F. ) ;
#7366 = DIRECTION ( 'NONE',  ( -7.025016580134188924E-15, -4.904879659903762618E-29, -1.000000000000000000 ) ) ;
#7367 = CARTESIAN_POINT ( 'NONE',  ( -0.4462800840703869398, -4.157482529281845807, 5.500000000000000888 ) ) ;
#7368 = DIRECTION ( 'NONE',  ( 6.867314445954479045E-15, 4.797243844499407540E-29, 1.000000000000000000 ) ) ;
#7369 = CARTESIAN_POINT ( 'NONE',  ( 0.9485465016126112259, -8.183816229915271023, 6.000000000000000000 ) ) ;
#7370 = CARTESIAN_POINT ( 'NONE',  ( -1.728893652486066079, -4.978405171539315610, 5.500000000000000888 ) ) ;
#7371 = ORIENTED_EDGE ( 'NONE', *, *, #602, .T. ) ;
#7372 = MANIFOLD_SOLID_BREP ( 'Body-Move/Copy5 Rotate to XY plane[2]', #565 ) ;
#7373 = DIRECTION ( 'NONE',  ( 1.000000000000000000, 6.715058616684416976E-15, -6.994852725712934581E-15 ) ) ;
#7374 = CARTESIAN_POINT ( 'NONE',  ( 25.70000000000009521, -4.249999999999817035, 4.999999999999821476 ) ) ;
#7375 = CARTESIAN_POINT ( 'NONE',  ( 0.2398129105161337649, -3.248841230219304155, 6.000000000000000000 ) ) ;
#7376 = ORIENTED_EDGE ( 'NONE', *, *, #327, .F. ) ;
#7377 = CARTESIAN_POINT ( 'NONE',  ( 2.626898622862724242, -9.008690806110021043, 5.500000000000000888 ) ) ;
#7378 = ORIENTED_EDGE ( 'NONE', *, *, #638, .F. ) ;
#7379 = CARTESIAN_POINT ( 'NONE',  ( -0.7433387117994578741, -9.031409872784715631, 6.000000000000000000 ) ) ;
#7380 = CARTESIAN_POINT ( 'NONE',  ( -1.585812863945655904, -6.418381915867382936, 6.000000000000000000 ) ) ;
#7381 = CARTESIAN_POINT ( 'NONE',  ( 2.072915762085930869, -16.07111920026134300, 5.999999999999999112 ) ) ;
#7382 = CARTESIAN_POINT ( 'NONE',  ( 1.317358923961507111, -15.40817751730939733, 5.999999999999999112 ) ) ;
#7383 = ORIENTED_EDGE ( 'NONE', *, *, #4559, .F. ) ;
#7384 = CARTESIAN_POINT ( 'NONE',  ( 1.619473181055726796, -15.13878759594478041, 5.500000000000000888 ) ) ;
#7385 = CARTESIAN_POINT ( 'NONE',  ( 2.565504850932298631, -5.437132187319972942, 5.500000000000000000 ) ) ;
#7386 = VERTEX_POINT ( 'NONE', #5212 ) ;
#7387 = ORIENTED_EDGE ( 'NONE', *, *, #1366, .F. ) ;
#7388 = DIRECTION ( 'NONE',  ( -1.000000000000000000, -6.715058616684416976E-15, 6.715058616684416976E-15 ) ) ;
#7389 = CARTESIAN_POINT ( 'NONE',  ( 2.354002799544623770, -15.75104495238606184, 5.500000000000000888 ) ) ;
#7390 = ORIENTED_EDGE ( 'NONE', *, *, #7521, .T. ) ;
#7391 = FACE_OUTER_BOUND ( 'NONE', #2027, .T. ) ;
#7392 = ORIENTED_EDGE ( 'NONE', *, *, #6149, .F. ) ;
#7393 = CARTESIAN_POINT ( 'NONE',  ( 0.7548344204370105448, -14.02902731344576814, 6.000000000000000000 ) ) ;
#7394 = DIRECTION ( 'NONE',  ( -6.982962677686265922E-15, 1.000000000000000000, -0.000000000000000000 ) ) ;
#7395 = CARTESIAN_POINT ( 'NONE',  ( 0.2398129105161337649, -3.248841230219304155, 5.500000000000000000 ) ) ;
#7396 = CARTESIAN_POINT ( 'NONE',  ( 1.168395091777576722, -8.212089351660683434, 5.500000000000000888 ) ) ;
#7397 = DIRECTION ( 'NONE',  ( 7.077583958194091691E-15, 4.941355144153543820E-29, 1.000000000000000000 ) ) ;
#7398 = EDGE_LOOP ( 'NONE', ( #267, #610 ) ) ;
#7399 = CARTESIAN_POINT ( 'NONE',  ( 1.406341796260455190, -7.350863593358266890, 5.500000000000000888 ) ) ;
#7400 = DIRECTION ( 'NONE',  ( -6.982962677686265133E-15, 1.000000000000000000, 0.000000000000000000 ) ) ;
#7401 = CARTESIAN_POINT ( 'NONE',  ( -2.224796734531076403, 1.183590556195663224, 6.000000000000000000 ) ) ;
#7402 = EDGE_CURVE ( 'NONE', #1976, #606, #4234, .T. ) ;
#7403 = ADVANCED_FACE ( 'NONE', ( #8141, #2220, #4919, #4317, #6816, #3591 ), #1665, .F. ) ;
#7404 = CARTESIAN_POINT ( 'NONE',  ( 0.8884214743590894692, -13.11923076923075904, 6.000000000000000000 ) ) ;
#7405 = CARTESIAN_POINT ( 'NONE',  ( 2.558575852945990103, -11.63324785350845936, 5.500000000000000000 ) ) ;
#7406 = CARTESIAN_POINT ( 'NONE',  ( 0.08013744626672442140, -4.145710561671123173, 5.999999999999999112 ) ) ;
#7407 = CARTESIAN_POINT ( 'NONE',  ( -14.99999999999981881, -22.50000000000010303, -2.063301313030035821E-16 ) ) ;
#7408 = EDGE_CURVE ( 'NONE', #6972, #3924, #935, .T. ) ;
#7409 = EDGE_CURVE ( 'NONE', #7575, #1995, #5608, .T. ) ;
#7410 = CARTESIAN_POINT ( 'NONE',  ( -0.4136713454844855864, -13.65908801404339989, 5.500000000000000000 ) ) ;
#7411 = CARTESIAN_POINT ( 'NONE',  ( 0.5433044292088131666, -7.310164966627487715, 6.000000000000000888 ) ) ;
#7412 = CARTESIAN_POINT ( 'NONE',  ( -2.556885336192673108, 1.787657480117097242, 2.260366788867224752 ) ) ;
#7413 = CARTESIAN_POINT ( 'NONE',  ( 2.409843370120616779, 4.124822603779735530, 3.000000000000000000 ) ) ;
#7414 = AXIS2_PLACEMENT_3D ( 'NONE', #1465, #5483, #6140 ) ;
#7415 = LINE ( 'NONE', #6772, #4542 ) ;
#7416 = ORIENTED_EDGE ( 'NONE', *, *, #3683, .T. ) ;
#7417 = FACE_OUTER_BOUND ( 'NONE', #3271, .T. ) ;
#7418 = ORIENTED_EDGE ( 'NONE', *, *, #3845, .F. ) ;
#7419 = CIRCLE ( 'NONE', #3037, 3.100000000000000089 ) ;
#7420 = CARTESIAN_POINT ( 'NONE',  ( -0.2788754767729530459, -5.742564641860097296, 5.500000000000000000 ) ) ;
#7421 = B_SPLINE_CURVE_WITH_KNOTS ( 'NONE', 3,
 ( #2946, #5428, #1623, #7367, #6213, #8190, #5470, #3550, #3416, #8094, #1491, #5379, #2861, #4743, #5513, #5563, #328, #2219, #196 ),
 .UNSPECIFIED., .F., .F.,
 ( 4, 1, 1, 1, 1, 1, 1, 1, 1, 1, 1, 1, 1, 1, 1, 1, 4 ),
 ( 0.000000000000000000, 0.1121189577322309200, 0.2158098539625156187, 0.3102142080600072682, 0.3960076258587223452, 0.4734278052872866738, 0.5427985700809889735, 0.6045704650941846614, 0.6593817431227548820, 0.7087906733763352785, 0.7553835472296086540, 0.7987166436891676158, 0.8404257596978478295, 0.8801989997644277253, 0.9197303684836828364, 0.9590470856505567410, 1.000000000000000000 ),
 .UNSPECIFIED. ) ;
#7422 = CARTESIAN_POINT ( 'NONE',  ( -17.00000000000006395, 16.69999999999984652, 5.000000000000123457 ) ) ;
#7423 = B_SPLINE_CURVE_WITH_KNOTS ( 'NONE', 3,
 ( #444, #268, #6847, #5497, #2249, #406, #3021, #2885, #3576, #8257, #7608, #4860, #1089, #6196, #3708, #7486, #1610, #3828, #8469 ),
 .UNSPECIFIED., .F., .F.,
 ( 4, 1, 1, 1, 1, 1, 1, 1, 1, 1, 1, 1, 1, 1, 1, 1, 4 ),
 ( 0.000000000000000000, 0.06675771127909888025, 0.1317324785734523274, 0.1948167910261857927, 0.2570269751173334671, 0.3187274376799378306, 0.3803299566842555657, 0.4433052533380151816, 0.5074457357281488834, 0.5714909223970684460, 0.6333486697152077571, 0.6939309794721829627, 0.7539203747855203197, 0.8137951195537000970, 0.8745193245299817120, 0.9362197870925862420, 1.000000000000000000 ),
 .UNSPECIFIED. ) ;
#7424 = CARTESIAN_POINT ( 'NONE',  ( -3.099320118772018073, 2.864921501638373336, 3.000000000000000000 ) ) ;
#7425 = ORIENTED_EDGE ( 'NONE', *, *, #1856, .T. ) ;
#7426 = CARTESIAN_POINT ( 'NONE',  ( 43.00000000000019895, -19.49999999999969802, 4.999999999999707789 ) ) ;
#7427 = FACE_OUTER_BOUND ( 'NONE', #1375, .T. ) ;
#7428 = VERTEX_POINT ( 'NONE', #3505 ) ;
#7429 = AXIS2_PLACEMENT_3D ( 'NONE', #7634, #2402, #1882 ) ;
#7430 = DIRECTION ( 'NONE',  ( -1.000000000000000000, -6.715058616684402777E-15, 6.982962677686256455E-15 ) ) ;
#7431 = FACE_OUTER_BOUND ( 'NONE', #3202, .T. ) ;
#7432 = DIRECTION ( 'NONE',  ( -0.1699168137789309752, -0.9854584092670862772, 0.000000000000000000 ) ) ;
#7433 = VECTOR ( 'NONE', #3380, 1000.000000000000000 ) ;
#7434 = CARTESIAN_POINT ( 'NONE',  ( 1.730769230769316103, -8.906490384615372236, 5.500000000000000000 ) ) ;
#7435 = FACE_OUTER_BOUND ( 'NONE', #707, .T. ) ;
#7436 = EDGE_LOOP ( 'NONE', ( #2405, #1113, #1134, #2108 ) ) ;
#7437 = CYLINDRICAL_SURFACE ( 'NONE', #3904, 1.449999999999999956 ) ;
#7438 = ORIENTED_EDGE ( 'NONE', *, *, #3406, .F. ) ;
#7439 = LINE ( 'NONE', #6157, #5839 ) ;
#7440 = PLANE ( 'NONE',  #2551 ) ;
#7441 = ORIENTED_EDGE ( 'NONE', *, *, #3365, .T. ) ;
#7442 = CARTESIAN_POINT ( 'NONE',  ( 0.6830828777937901775, -3.276052298045980304, 5.500000000000000888 ) ) ;
#7443 = AXIS2_PLACEMENT_3D ( 'NONE', #4386, #3797, #7011 ) ;
#7444 = CARTESIAN_POINT ( 'NONE',  ( 1.730769230769316103, -8.906490384615372236, 5.500000000000000000 ) ) ;
#7445 = VECTOR ( 'NONE', #5463, 1000.000000000000000 ) ;
#7446 = CARTESIAN_POINT ( 'NONE',  ( -46.09999999999982379, -19.50000000000031974, 3.000000000000324629 ) ) ;
#7447 = ORIENTED_EDGE ( 'NONE', *, *, #8254, .F. ) ;
#7448 = CARTESIAN_POINT ( 'NONE',  ( 0.4223472673303410030, -9.435676920204313589, 6.000000000000000000 ) ) ;
#7449 = DIRECTION ( 'NONE',  ( 6.982962677686265922E-15, 4.876176775795934672E-29, 1.000000000000000000 ) ) ;
#7450 = LINE ( 'NONE', #2087, #3088 ) ;
#7451 = DIRECTION ( 'NONE',  ( 6.982962677686265922E-15, -1.000000000000000000, 0.000000000000000000 ) ) ;
#7452 = CARTESIAN_POINT ( 'NONE',  ( 2.323182634922793532, -11.28262737328012122, 5.500000000000000000 ) ) ;
#7453 = CARTESIAN_POINT ( 'NONE',  ( 1.350235251940472114, -4.371038190989288807, 5.999999999999999112 ) ) ;
#7454 = LINE ( 'NONE', #6723, #5933 ) ;
#7455 = CIRCLE ( 'NONE', #5681, 3.100000000000000089 ) ;
#7456 = EDGE_CURVE ( 'NONE', #4047, #606, #7482, .T. ) ;
#7457 = EDGE_CURVE ( 'NONE', #2278, #4941, #4137, .T. ) ;
#7458 = CARTESIAN_POINT ( 'NONE',  ( 0.8292723943247939378, -13.12061737922894444, 5.500000000000000000 ) ) ;
#7459 = DIRECTION ( 'NONE',  ( -7.888609052210118054E-31, -5.605193857299268284E-45, 1.000000000000000000 ) ) ;
#7460 = VECTOR ( 'NONE', #5366, 1000.000000000000000 ) ;
#7461 = CARTESIAN_POINT ( 'NONE',  ( 1.730769230769316103, -8.906490384615372236, 5.999999999999999112 ) ) ;
#7462 = CARTESIAN_POINT ( 'NONE',  ( 1.382173127287528391, -14.13401436738141470, 6.000000000000000888 ) ) ;
#7463 = ORIENTED_EDGE ( 'NONE', *, *, #4725, .F. ) ;
#7464 = CARTESIAN_POINT ( 'NONE',  ( 2.614182998674241531, -5.196239236740053613, 6.000000000000000000 ) ) ;
#7465 = PRESENTATION_STYLE_ASSIGNMENT (( #93 ) ) ;
#7466 = EDGE_CURVE ( 'NONE', #2848, #1833, #880, .T. ) ;
#7467 = ORIENTED_EDGE ( 'NONE', *, *, #6613, .F. ) ;
#7468 = CARTESIAN_POINT ( 'NONE',  ( -0.7576399020706474641, -8.952274349277638876, 6.000000000000000000 ) ) ;
#7469 = AXIS2_PLACEMENT_3D ( 'NONE', #240, #932, #3548 ) ;
#7470 = VECTOR ( 'NONE', #4346, 1000.000000000000000 ) ;
#7471 = CARTESIAN_POINT ( 'NONE',  ( -1.589000609142590559, -5.351739220658324747, 5.500000000000000888 ) ) ;
#7472 = DIRECTION ( 'NONE',  ( 1.000000000000000000, 6.888341397178440152E-15, -6.982962677686265922E-15 ) ) ;
#7473 = ORIENTED_EDGE ( 'NONE', *, *, #3843, .T. ) ;
#7474 = CARTESIAN_POINT ( 'NONE',  ( 16.99999999999995381, 16.70000000000009521, 4.999999999999881872 ) ) ;
#7475 = EDGE_LOOP ( 'NONE', ( #3353, #6956, #7416, #1208 ) ) ;
#7476 = CARTESIAN_POINT ( 'NONE',  ( 2.504402971497370345, -8.311425980912378719, 6.000000000000000000 ) ) ;
#7477 = CARTESIAN_POINT ( 'NONE',  ( 0.7548344204369692445, -8.195693980112430665, 5.500000000000000888 ) ) ;
#7478 = ORIENTED_EDGE ( 'NONE', *, *, #441, .F. ) ;
#7479 = VECTOR ( 'NONE', #6400, 1000.000000000000000 ) ;
#7480 = AXIS2_PLACEMENT_3D ( 'NONE', #4501, #5807, #7687 ) ;
#7481 = VERTEX_POINT ( 'NONE', #2947 ) ;
#7482 = CIRCLE ( 'NONE', #2967, 3.100000000000000089 ) ;
#7483 = AXIS2_PLACEMENT_3D ( 'NONE', #2037, #1875, #7311 ) ;
#7484 = PLANE ( 'NONE',  #1868 ) ;
#7485 = VERTEX_POINT ( 'NONE', #283 ) ;
#7486 = CARTESIAN_POINT ( 'NONE',  ( 2.600299277223947492, -14.45562296452539286, 6.000000000000000000 ) ) ;
#7487 = ORIENTED_EDGE ( 'NONE', *, *, #2705, .T. ) ;
#7488 = CARTESIAN_POINT ( 'NONE',  ( 0.9194711538462342348, -8.183333333333326465, 5.500000000000000888 ) ) ;
#7489 = ORIENTED_EDGE ( 'NONE', *, *, #7664, .T. ) ;
#7490 = CARTESIAN_POINT ( 'NONE',  ( -2.627560337175887994, -4.917738217671182355, 5.500000000000000000 ) ) ;
#7491 = CIRCLE ( 'NONE', #2136, 3.100000000000000089 ) ;
#7492 = DIRECTION ( 'NONE',  ( 7.077583958194091691E-15, 4.941355144153543820E-29, 1.000000000000000000 ) ) ;
#7493 = DIRECTION ( 'NONE',  ( -7.888609052210118054E-31, -5.605193857299268284E-45, 1.000000000000000000 ) ) ;
#7494 = ORIENTED_EDGE ( 'NONE', *, *, #4264, .T. ) ;
#7495 = FACE_OUTER_BOUND ( 'NONE', #6841, .T. ) ;
#7496 = DIRECTION ( 'NONE',  ( 0.9793242484501311074, -0.2022968521692459498, 7.888609052210118054E-31 ) ) ;
#7497 = DIRECTION ( 'NONE',  ( 0.8847194585835870262, -0.4661238886857920205, 7.888609052210117178E-31 ) ) ;
#7498 = CARTESIAN_POINT ( 'NONE',  ( -1.948116987179420390, -6.234214743589761021, 6.000000000000000000 ) ) ;
#7499 = FACE_OUTER_BOUND ( 'NONE', #7673, .T. ) ;
#7500 = PLANE ( 'NONE',  #5851 ) ;
#7501 = CARTESIAN_POINT ( 'NONE',  ( -0.4330878365113808304, -5.733787660365335270, 5.500000000000000000 ) ) ;
#7502 = CARTESIAN_POINT ( 'NONE',  ( 2.750000000000003109, 2.800000000000018918, 6.000000000000000000 ) ) ;
#7503 = LINE ( 'NONE', #1629, #6204 ) ;
#7504 = LINE ( 'NONE', #1719, #1043 ) ;
#7505 = ORIENTED_EDGE ( 'NONE', *, *, #4325, .T. ) ;
#7506 = CARTESIAN_POINT ( 'NONE',  ( 2.270335163401764778, -10.03265414306578940, 6.000000000000000000 ) ) ;
#7507 = FILL_AREA_STYLE ('',( #3605 ) ) ;
#7509 = VERTEX_POINT ( 'NONE', #7542 ) ;
#7508 = EDGE_CURVE ( 'NONE', #740, #4303, #6214, .T. ) ;
#7510 = FACE_OUTER_BOUND ( 'NONE', #876, .T. ) ;
#7511 = CARTESIAN_POINT ( 'NONE',  ( 2.409843370120654971, 1.475177396220332060, 6.000000000000000000 ) ) ;
#7512 = EDGE_CURVE ( 'NONE', #816, #3397, #5471, .T. ) ;
#7513 = DIRECTION ( 'NONE',  ( 1.000000000000000000, 7.096596038086958767E-15, -7.096596038086958767E-15 ) ) ;
#7514 = VERTEX_POINT ( 'NONE', #8191 ) ;
#7515 = CARTESIAN_POINT ( 'NONE',  ( 1.477005619848434925, -15.30239437320561180, 5.500000000000000000 ) ) ;
#7516 = EDGE_LOOP ( 'NONE', ( #177, #1849, #3006, #4998 ) ) ;
#7517 = CARTESIAN_POINT ( 'NONE',  ( 1.066296300295496602, -7.290905667594252293, 6.000000000000000000 ) ) ;
#7518 = CARTESIAN_POINT ( 'NONE',  ( 0.7548344204369692445, -8.195693980112430665, 6.000000000000000000 ) ) ;
#7519 = ORIENTED_EDGE ( 'NONE', *, *, #5469, .F. ) ;
#7520 = ADVANCED_FACE ( 'NONE', ( #7499 ), #4587, .T. ) ;
#7522 = ORIENTED_EDGE ( 'NONE', *, *, #7088, .F. ) ;
#7521 = EDGE_CURVE ( 'NONE', #4347, #5634, #5773, .T. ) ;
#7523 = CARTESIAN_POINT ( 'NONE',  ( -56.10000000000001563, 7.299999999999609024, 3.813358653623385053E-13 ) ) ;
#7524 = EDGE_CURVE ( 'NONE', #6897, #1739, #903, .T. ) ;
#7525 = EDGE_CURVE ( 'NONE', #6774, #3428, #5275, .T. ) ;
#7526 = CARTESIAN_POINT ( 'NONE',  ( 1.282051282051420493, -16.45256410256408941, 5.500000000000000888 ) ) ;
#7527 = VERTEX_POINT ( 'NONE', #1751 ) ;
#7528 = LINE ( 'NONE', #4946, #4602 ) ;
#7529 = SURFACE_STYLE_USAGE ( .BOTH. , #921 ) ;
#7530 = ORIENTED_EDGE ( 'NONE', *, *, #4325, .F. ) ;
#7531 = EDGE_LOOP ( 'NONE', ( #821, #320, #4467, #3161 ) ) ;
#7532 = CARTESIAN_POINT ( 'NONE',  ( 1.071108006631308562, -3.328629568172472464, 5.500000000000000000 ) ) ;
#7533 = DIRECTION ( 'NONE',  ( -6.867314445954479045E-15, -4.797243844499407540E-29, -1.000000000000000000 ) ) ;
#7534 = ORIENTED_EDGE ( 'NONE', *, *, #4306, .T. ) ;
#7535 = CARTESIAN_POINT ( 'NONE',  ( 1.619473181055685052, -9.305454262611450034, 6.000000000000000000 ) ) ;
#7536 = B_SPLINE_CURVE_WITH_KNOTS ( 'NONE', 3,
 ( #1412, #2141, #7375, #5436, #768, #5388, #8061, #5344, #7286, #1460, #4706, #7969, #1335, #162, #1370, #4625, #4753, #6564, #3386, #6728, #6008, #119, #7332, #2787, #205, #80, #4107 ),
 .UNSPECIFIED., .F., .F.,
 ( 4, 1, 1, 1, 1, 1, 1, 1, 1, 1, 1, 1, 1, 1, 1, 1, 1, 1, 1, 1, 1, 1, 1, 1, 4 ),
 ( 0.000000000000000000, 0.06848678953180255269, 0.1330686034768694126, 0.1938174267513895210, 0.2510678822434361801, 0.3043826819346475143, 0.3543872059353596060, 0.4012708475644487516, 0.4446741614967868461, 0.4856635241877674813, 0.5246451914242060699, 0.5621357040795468274, 0.5979269936485213099, 0.6324518987491631883, 0.6657284078076924905, 0.6977541153568966870, 0.7293531551978322813, 0.7605902647540451200, 0.7923674640178229867, 0.8243230823934849516, 0.8571647915322991862, 0.8909333925356223149, 0.9259648588186040197, 0.9620635857508668121, 1.000000000000000000 ),
 .UNSPECIFIED. ) ;
#7537 = ORIENTED_EDGE ( 'NONE', *, *, #2067, .F. ) ;
#7538 = DIRECTION ( 'NONE',  ( 6.982962677686265922E-15, 4.876176775795934672E-29, 1.000000000000000000 ) ) ;
#7539 = CARTESIAN_POINT ( 'NONE',  ( 1.645994864032787497, -4.628348987521022195, 6.000000000000000000 ) ) ;
#7540 = CARTESIAN_POINT ( 'NONE',  ( -17.00000000000006395, 16.69999999999984652, 5.000000000000123457 ) ) ;
#7541 = LINE ( 'NONE', #7056, #2908 ) ;
#7542 = CARTESIAN_POINT ( 'NONE',  ( 2.469242745875042999, 0.9257427439266791014, 6.000000000000000000 ) ) ;
#7543 = DIRECTION ( 'NONE',  ( -6.982962677686264344E-15, 1.000000000000000000, 0.000000000000000000 ) ) ;
#7544 = CARTESIAN_POINT ( 'NONE',  ( -1.589000609142590559, -5.351739220658324747, 5.500000000000000888 ) ) ;
#7545 = CARTESIAN_POINT ( 'NONE',  ( 0.3814531427014014597, -13.17759346612560201, 6.000000000000000888 ) ) ;
#7546 = DIRECTION ( 'NONE',  ( -6.982962677686265133E-15, 1.000000000000000000, 0.000000000000000000 ) ) ;
#7547 = DIRECTION ( 'NONE',  ( -0.8971271976025722017, 0.4417723297375645841, -7.888609052210119806E-31 ) ) ;
#7548 = CARTESIAN_POINT ( 'NONE',  ( 42.21897503240953142, -22.49999999999970512, 2.999999999999711342 ) ) ;
#7549 = DIRECTION ( 'NONE',  ( -7.888609052210118054E-31, -5.605193857299268284E-45, 1.000000000000000000 ) ) ;
#7550 = VERTEX_POINT ( 'NONE', #6463 ) ;
#7551 = CARTESIAN_POINT ( 'NONE',  ( 2.429484173347395082, -5.757932974761481582, 5.999999999999999112 ) ) ;
#7552 = ORIENTED_EDGE ( 'NONE', *, *, #7819, .T. ) ;
#7553 = CARTESIAN_POINT ( 'NONE',  ( -3.099320118772018073, 2.864921501638373336, 6.000000000000000000 ) ) ;
#7554 = FACE_OUTER_BOUND ( 'NONE', #7764, .T. ) ;
#7555 = CARTESIAN_POINT ( 'NONE',  ( 1.730769230769357403, -14.73982371794870438, 5.500000000000000000 ) ) ;
#7556 = VERTEX_POINT ( 'NONE', #537 ) ;
#7557 = CARTESIAN_POINT ( 'NONE',  ( -2.499999999999909406, -9.626642628205145158, 5.500000000000000000 ) ) ;
#7558 = PLANE ( 'NONE',  #8385 ) ;
#7559 = EDGE_LOOP ( 'NONE', ( #8500, #6358, #50, #2871 ) ) ;
#7560 = ORIENTED_EDGE ( 'NONE', *, *, #1926, .F. ) ;
#7561 = CARTESIAN_POINT ( 'NONE',  ( -0.7211538461537183586, -14.94415064102564372, 6.000000000000000000 ) ) ;
#7562 = AXIS2_PLACEMENT_3D ( 'NONE', #7263, #817, #7904 ) ;
#7563 = EDGE_CURVE ( 'NONE', #6293, #2597, #6380, .T. ) ;
#7564 = DIRECTION ( 'NONE',  ( -7.140664811865975012E-15, -4.984807389725283065E-29, -1.000000000000000000 ) ) ;
#7565 = ORIENTED_EDGE ( 'NONE', *, *, #3472, .T. ) ;
#7566 = CARTESIAN_POINT ( 'NONE',  ( 2.409843370120654971, 1.475177396220332060, 6.000000000000000000 ) ) ;
#7567 = VECTOR ( 'NONE', #7721, 1000.000000000000000 ) ;
#7568 = VERTEX_POINT ( 'NONE', #4356 ) ;
#7569 = EDGE_LOOP ( 'NONE', ( #2802, #5135, #4101, #7537 ) ) ;
#7570 = EDGE_CURVE ( 'NONE', #7004, #6881, #6979, .T. ) ;
#7571 = CARTESIAN_POINT ( 'NONE',  ( -1.795331913733362983, -3.568900437279742821, 5.500000000000000000 ) ) ;
#7572 = EDGE_CURVE ( 'NONE', #4567, #6248, #3237, .T. ) ;
#7573 = AXIS2_PLACEMENT_3D ( 'NONE', #2722, #8201, #3560 ) ;
#7574 = CARTESIAN_POINT ( 'NONE',  ( 0.8497967345310829534, 5.415405419811681220, 3.000000000000000000 ) ) ;
#7575 = VERTEX_POINT ( 'NONE', #3156 ) ;
#7576 = CARTESIAN_POINT ( 'NONE',  ( 2.750000000000002665, 2.800000000000018918, 3.000000000000000000 ) ) ;
#7577 = ORIENTED_EDGE ( 'NONE', *, *, #7984, .T. ) ;
#7578 = FACE_OUTER_BOUND ( 'NONE', #5970, .T. ) ;
#7579 = DIRECTION ( 'NONE',  ( -1.000000000000000000, -6.982962677686265922E-15, -7.888609052210118054E-31 ) ) ;
#7580 = CIRCLE ( 'NONE', #7842, 3.100000000000000089 ) ;
#7581 = CARTESIAN_POINT ( 'NONE',  ( 3.066744232185273145, 2.347142611456577210, 2.253977467919163313 ) ) ;
#7582 = CARTESIAN_POINT ( 'NONE',  ( 0.1723349018211978723, -9.096511844540955849, 5.500000000000000888 ) ) ;
#7583 = LINE ( 'NONE', #417, #3880 ) ;
#7584 = ORIENTED_EDGE ( 'NONE', *, *, #7298, .F. ) ;
#7585 = CIRCLE ( 'NONE', #8405, 3.099999999999998757 ) ;
#7586 = CARTESIAN_POINT ( 'NONE',  ( 2.072915762085890012, -10.23778586692800907, 6.000000000000000000 ) ) ;
#7587 = CARTESIAN_POINT ( 'NONE',  ( -16.99999999999982592, -22.50000000000011724, 1.221798124726199968E-13 ) ) ;
#7588 = DIRECTION ( 'NONE',  ( -1.000000000000000000, -7.885106708985509741E-15, 7.096596038086958767E-15 ) ) ;
#7589 = LINE ( 'NONE', #4886, #2548 ) ;
#7590 = VERTEX_POINT ( 'NONE', #5694 ) ;
#7591 = CARTESIAN_POINT ( 'NONE',  ( 2.482820987177001282, -5.656404603776689299, 5.999999999999999112 ) ) ;
#7592 = FACE_OUTER_BOUND ( 'NONE', #451, .T. ) ;
#7593 = VECTOR ( 'NONE', #6798, 1000.000000000000000 ) ;
#7594 = EDGE_CURVE ( 'NONE', #572, #1279, #415, .T. ) ;
#7595 = VERTEX_POINT ( 'NONE', #8316 ) ;
#7596 = CARTESIAN_POINT ( 'NONE',  ( -48.99999999999982236, -18.50000000000033751, 2.500000000000330402 ) ) ;
#7597 = AXIS2_PLACEMENT_3D ( 'NONE', #4522, #6593, #1232 ) ;
#7598 = CYLINDRICAL_SURFACE ( 'NONE', #3357, 3.099999999999998757 ) ;
#7599 = DIRECTION ( 'NONE',  ( -7.888609052210118054E-31, -5.605193857299268284E-45, 1.000000000000000000 ) ) ;
#7600 = CARTESIAN_POINT ( 'NONE',  ( 0.2535032513423434164, -15.07733527827253184, 5.500000000000000000 ) ) ;
#7601 = LINE ( 'NONE', #6788, #3352 ) ;
#7602 = CARTESIAN_POINT ( 'NONE',  ( 0.8884214743590894692, -13.11923076923075904, 5.500000000000000888 ) ) ;
#7603 = ORIENTED_EDGE ( 'NONE', *, *, #5092, .T. ) ;
#7604 = CARTESIAN_POINT ( 'NONE',  ( -0.7576399020706063858, -14.78560768261096925, 5.500000000000000000 ) ) ;
#7605 = AXIS2_PLACEMENT_3D ( 'NONE', #4388, #2644, #5770 ) ;
#7606 = FACE_OUTER_BOUND ( 'NONE', #5143, .T. ) ;
#7607 = ORIENTED_EDGE ( 'NONE', *, *, #8, .F. ) ;
#7608 = CARTESIAN_POINT ( 'NONE',  ( 2.244321669889818072, -13.72797687925302590, 6.000000000000000000 ) ) ;
#7609 = VECTOR ( 'NONE', #7236, 1000.000000000000000 ) ;
#7610 = FILL_AREA_STYLE_COLOUR ( '', #5687 ) ;
#7611 = ORIENTED_EDGE ( 'NONE', *, *, #592, .T. ) ;
#7612 = VERTEX_POINT ( 'NONE', #4476 ) ;
#7613 = ADVANCED_FACE ( 'NONE', ( #4432 ), #2436, .T. ) ;
#7614 = CARTESIAN_POINT ( 'NONE',  ( -2.206954188581440324, -3.865955341757372654, 5.500000000000000888 ) ) ;
#7615 = ADVANCED_FACE ( 'NONE', ( #7661, #1876, #5647, #4391, #1827, #7019 ), #3073, .F. ) ;
#7616 = VECTOR ( 'NONE', #5013, 1000.000000000000000 ) ;
#7617 = VECTOR ( 'NONE', #3363, 1000.000000000000000 ) ;
#7618 = CARTESIAN_POINT ( 'NONE',  ( 0.9485465016126112259, -8.183816229915271023, 6.000000000000000000 ) ) ;
#7619 = ORIENTED_EDGE ( 'NONE', *, *, #4255, .T. ) ;
#7620 = FACE_OUTER_BOUND ( 'NONE', #3459, .T. ) ;
#7621 = VERTEX_POINT ( 'NONE', #8350 ) ;
#7622 = AXIS2_PLACEMENT_3D ( 'NONE', #2394, #5001, #2982 ) ;
#7623 = CARTESIAN_POINT ( 'NONE',  ( 1.674621644223586614, -14.46058916286033558, 6.000000000000000000 ) ) ;
#7624 = VECTOR ( 'NONE', #8113, 1000.000000000000000 ) ;
#7625 = CARTESIAN_POINT ( 'NONE',  ( -1.666666666666551055, -13.18333333333334423, 5.500000000000000000 ) ) ;
#7626 = CARTESIAN_POINT ( 'NONE',  ( -17.89999999999981029, -19.50000000000012079, 5.000000000000129674 ) ) ;
#7627 = CARTESIAN_POINT ( 'NONE',  ( -1.589000609142590559, -5.351739220658324747, 6.000000000000000000 ) ) ;
#7628 = EDGE_CURVE ( 'NONE', #5660, #8425, #1229, .T. ) ;
#7629 = VECTOR ( 'NONE', #7771, 1000.000000000000000 ) ;
#7630 = CARTESIAN_POINT ( 'NONE',  ( -1.443741075481483449, -4.420752606073987678, 6.000000000000000000 ) ) ;
#7631 = DIRECTION ( 'NONE',  ( -7.888609052210119806E-31, -5.605193857299269528E-45, 1.000000000000000000 ) ) ;
#7632 = CARTESIAN_POINT ( 'NONE',  ( -2.107946925962100426, -6.119485458134279909, 5.500000000000000888 ) ) ;
#7633 = DIRECTION ( 'NONE',  ( -7.025016580134188924E-15, -4.904879659903762618E-29, -1.000000000000000000 ) ) ;
#7634 = CARTESIAN_POINT ( 'NONE',  ( 0.4477163461539355183, -9.459374999999997868, 5.500000000000000000 ) ) ;
#7635 = CARTESIAN_POINT ( 'NONE',  ( 1.730769230769316103, -8.906490384615372236, 5.500000000000000000 ) ) ;
#7636 = EDGE_LOOP ( 'NONE', ( #3541, #45, #3071, #2477 ) ) ;
#7637 = CARTESIAN_POINT ( 'NONE',  ( 2.368028746103339355, -5.853942330972240704, 5.500000000000000888 ) ) ;
#7638 = DIRECTION ( 'NONE',  ( -7.888609052210118054E-31, -5.605193857299268284E-45, 1.000000000000000000 ) ) ;
#7639 = EDGE_LOOP ( 'NONE', ( #8077, #4709, #1401, #311 ) ) ;
#7640 = LINE ( 'NONE', #1765, #288 ) ;
#7641 = CARTESIAN_POINT ( 'NONE',  ( 0.9185142678580902054, -6.595335244646038042, 6.000000000000000000 ) ) ;
#7642 = EDGE_CURVE ( 'NONE', #7612, #5191, #5713, .T. ) ;
#7643 = DIRECTION ( 'NONE',  ( -0.7410040726247695275, -0.6715005319085796121, -7.888609052210117178E-31 ) ) ;
#7644 = FACE_OUTER_BOUND ( 'NONE', #3595, .T. ) ;
#7645 = CARTESIAN_POINT ( 'NONE',  ( -1.948116987179420390, -6.234214743589761021, 5.500000000000000888 ) ) ;
#7646 = CARTESIAN_POINT ( 'NONE',  ( 0.8356852734701847307, -14.01786124226779506, 5.999999999999999112 ) ) ;
#7647 = ORIENTED_EDGE ( 'NONE', *, *, #1295, .F. ) ;
#7648 = ORIENTED_EDGE ( 'NONE', *, *, #2217, .T. ) ;
#7649 = CYLINDRICAL_SURFACE ( 'NONE', #3196, 3.099999999999998757 ) ;
#7650 = DIRECTION ( 'NONE',  ( 0.9854584092670815032, 0.1699168137789590083, 7.888609052210121557E-31 ) ) ;
#7651 = ORIENTED_EDGE ( 'NONE', *, *, #7780, .T. ) ;
#7652 = CARTESIAN_POINT ( 'NONE',  ( -0.8959985705277988544, -0.1676904423494266494, 6.000000000000000000 ) ) ;
#7653 = DIRECTION ( 'NONE',  ( 0.7071067811865483499, -0.7071067811865467956, -4.937700262164502288E-15 ) ) ;
#7654 = ORIENTED_EDGE ( 'NONE', *, *, #602, .F. ) ;
#7655 = ORIENTED_EDGE ( 'NONE', *, *, #8170, .T. ) ;
#7656 = DIRECTION ( 'NONE',  ( -0.2236320174572654085, -0.9746736483397883122, -1.972152263052529514E-31 ) ) ;
#7657 = CARTESIAN_POINT ( 'NONE',  ( -2.562864058206675733, -4.468320378207510046, 5.500000000000000888 ) ) ;
#7658 = CARTESIAN_POINT ( 'NONE',  ( 1.477005619848393847, -9.469061039872283203, 6.000000000000000000 ) ) ;
#7659 = ORIENTED_EDGE ( 'NONE', *, *, #7247, .T. ) ;
#7660 = PLANE ( 'NONE',  #4861 ) ;
#7661 = FACE_BOUND ( 'NONE', #3621, .T. ) ;
#7662 = CARTESIAN_POINT ( 'NONE',  ( -43.00000000000019185, -19.50000000000029843, -49.99999999999970157 ) ) ;
#7663 = DIRECTION ( 'NONE',  ( 6.982962677686265922E-15, -1.000000000000000000, 0.000000000000000000 ) ) ;
#7664 = EDGE_CURVE ( 'NONE', #1072, #7001, #959, .T. ) ;
#7665 = ADVANCED_FACE ( 'NONE', ( #4905 ), #6285, .F. ) ;
#7666 = ADVANCED_FACE ( 'NONE', ( #7606 ), #6885, .T. ) ;
#7667 = LINE ( 'NONE', #5572, #2397 ) ;
#7668 = FACE_OUTER_BOUND ( 'NONE', #2109, .T. ) ;
#7669 = CARTESIAN_POINT ( 'NONE',  ( 1.717026522606101224, -7.473490875549176238, 5.999999999999999112 ) ) ;
#7670 = CARTESIAN_POINT ( 'NONE',  ( -32.00000000000004263, 12.49999999999977973, 5.000000000000228262 ) ) ;
#7671 = CARTESIAN_POINT ( 'NONE',  ( 2.663603693103752779, 2.116102810296704106, 3.000000000000000000 ) ) ;
#7672 = ORIENTED_EDGE ( 'NONE', *, *, #4620, .F. ) ;
#7673 = EDGE_LOOP ( 'NONE', ( #3188, #2434, #4340, #1968 ) ) ;
#7674 = ADVANCED_FACE ( 'NONE', ( #1087 ), #7484, .T. ) ;
#7675 = ADVANCED_FACE ( 'NONE', ( #6968 ), #2201, .F. ) ;
#7676 = CARTESIAN_POINT ( 'NONE',  ( 2.482820987177001282, -5.656404603776689299, 6.000000000000000000 ) ) ;
#7677 = DIRECTION ( 'NONE',  ( -7.888609052210118054E-31, -5.605193857299268284E-45, 1.000000000000000000 ) ) ;
#7678 = CARTESIAN_POINT ( 'NONE',  ( 0.1282051282052131536, -8.869431089743587293, 6.000000000000000000 ) ) ;
#7679 = CARTESIAN_POINT ( 'NONE',  ( 2.623465986256073634, -14.62128201183739584, 5.500000000000000888 ) ) ;
#7680 = ORIENTED_EDGE ( 'NONE', *, *, #916, .F. ) ;
#7681 = ORIENTED_EDGE ( 'NONE', *, *, #4671, .T. ) ;
#7682 = LINE ( 'NONE', #4342, #7305 ) ;
#7683 = EDGE_CURVE ( 'NONE', #5636, #4438, #2301, .T. ) ;
#7684 = LINE ( 'NONE', #3918, #3928 ) ;
#7685 = ORIENTED_EDGE ( 'NONE', *, *, #2749, .F. ) ;
#7686 = CARTESIAN_POINT ( 'NONE',  ( -0.1851409416627704529, -7.614382189356711628, 5.500000000000000000 ) ) ;
#7687 = DIRECTION ( 'NONE',  ( -0.8847194585835739256, -0.4661238886858168895, -7.888609052210116302E-31 ) ) ;
#7688 = CIRCLE ( 'NONE', #4806, 0.9499999999999995115 ) ;
#7689 = VERTEX_POINT ( 'NONE', #7434 ) ;
#7690 = DIRECTION ( 'NONE',  ( 6.982962677686265922E-15, 4.876176775795934672E-29, 1.000000000000000000 ) ) ;
#7691 = ADVANCED_FACE ( 'NONE', ( #442, #999, #6845 ), #8173, .F. ) ;
#7692 = AXIS2_PLACEMENT_3D ( 'NONE', #3631, #4915, #5110 ) ;
#7693 = CARTESIAN_POINT ( 'NONE',  ( -0.2331467941627889673, -3.248728729892522704, 5.500000000000000888 ) ) ;
#7694 = CARTESIAN_POINT ( 'NONE',  ( 0.1285669302982181406, -8.846004656691887291, 6.000000000000000000 ) ) ;
#7695 = ORIENTED_EDGE ( 'NONE', *, *, #2533, .F. ) ;
#7696 = DIRECTION ( 'NONE',  ( -7.888609052210119806E-31, -5.605193857299269528E-45, 1.000000000000000000 ) ) ;
#7697 = CARTESIAN_POINT ( 'NONE',  ( 2.409843370120617223, 4.124822603779735530, 2.276695463209207571 ) ) ;
#7698 = CARTESIAN_POINT ( 'NONE',  ( -0.8959985705278815660, 5.767690442349400648, 3.000000000000000000 ) ) ;
#7699 = CARTESIAN_POINT ( 'NONE',  ( 0.0003343235726989974145, -5.746865349989086269, 6.000000000000000000 ) ) ;
#7700 = CIRCLE ( 'NONE', #8118, 3.100000000000001865 ) ;
#7701 = CARTESIAN_POINT ( 'NONE',  ( 0.2398129105161337649, -3.248841230219304155, 5.500000000000000000 ) ) ;
#7702 = VECTOR ( 'NONE', #5992, 1000.000000000000000 ) ;
#7703 = CARTESIAN_POINT ( 'NONE',  ( 47.00000000000001421, 7.000000000000264677, 4.999999999999673150 ) ) ;
#7704 = DIRECTION ( 'NONE',  ( -0.6236474483051200890, 0.7817057376164719962, -7.888609052210119806E-31 ) ) ;
#7705 = ORIENTED_EDGE ( 'NONE', *, *, #1437, .F. ) ;
#7706 = DIRECTION ( 'NONE',  ( -6.982962677686265133E-15, 1.000000000000000000, 0.000000000000000000 ) ) ;
#7707 = CARTESIAN_POINT ( 'NONE',  ( 0.4223472673303822478, -15.26901025353764574, 6.000000000000000000 ) ) ;
#7708 = DIRECTION ( 'NONE',  ( -0.5207560941095344953, 0.8537055056913840367, -7.888609052210118054E-31 ) ) ;
#7709 = ORIENTED_EDGE ( 'NONE', *, *, #1325, .F. ) ;
#7710 = CARTESIAN_POINT ( 'NONE',  ( 2.218793256249282919, -6.029767119556383115, 5.500000000000000000 ) ) ;
#7711 = ORIENTED_EDGE ( 'NONE', *, *, #5043, .F. ) ;
#7712 = CARTESIAN_POINT ( 'NONE',  ( 2.504402971497410313, -14.14475931424571442, 5.500000000000000888 ) ) ;
#7713 = ORIENTED_EDGE ( 'NONE', *, *, #1011, .T. ) ;
#7714 = EDGE_CURVE ( 'NONE', #4268, #1311, #1608, .T. ) ;
#7715 = VECTOR ( 'NONE', #8034, 1000.000000000000000 ) ;
#7716 = EDGE_CURVE ( 'NONE', #4017, #6333, #4343, .T. ) ;
#7717 = DIRECTION ( 'NONE',  ( -7.888609052210118054E-31, -5.605193857299268284E-45, 1.000000000000000000 ) ) ;
#7718 = CARTESIAN_POINT ( 'NONE',  ( -2.728315428614806137, 2.455333607698125142, 2.257672572958873580 ) ) ;
#7719 = EDGE_CURVE ( 'NONE', #4171, #467, #1997, .T. ) ;
#7720 = VECTOR ( 'NONE', #5688, 1000.000000000000000 ) ;
#7721 = DIRECTION ( 'NONE',  ( -6.888341397178440152E-15, 1.000000000000000000, -6.607368703010305184E-31 ) ) ;
#7722 = CARTESIAN_POINT ( 'NONE',  ( 0.1819261412857484661, -14.43744742198848563, 5.500000000000000888 ) ) ;
#7723 = ORIENTED_EDGE ( 'NONE', *, *, #62, .T. ) ;
#7724 = VERTEX_POINT ( 'NONE', #6194 ) ;
#7725 = EDGE_CURVE ( 'NONE', #860, #5765, #1736, .T. ) ;
#7726 = VECTOR ( 'NONE', #3973, 1000.000000000000000 ) ;
#7727 = CARTESIAN_POINT ( 'NONE',  ( 21.00000000000019185, -19.49999999999985079, 4.999999999999861444 ) ) ;
#7728 = EDGE_LOOP ( 'NONE', ( #3899, #4493, #5611, #4914 ) ) ;
#7729 = CARTESIAN_POINT ( 'NONE',  ( 0.3814531427013605480, -7.344260132792273410, 5.500000000000000888 ) ) ;
#7730 = EDGE_CURVE ( 'NONE', #3996, #1620, #6242, .T. ) ;
#7731 = EDGE_CURVE ( 'NONE', #6452, #5758, #4256, .T. ) ;
#7732 = CARTESIAN_POINT ( 'NONE',  ( 0.8555968945877530096, -5.694061671414943682, 5.500000000000000000 ) ) ;
#7733 = DIRECTION ( 'NONE',  ( 0.7167035096919981418, 0.6973780030909865202, 7.888609052210117178E-31 ) ) ;
#7734 = VERTEX_POINT ( 'NONE', #4984 ) ;
#7735 = CIRCLE ( 'NONE', #2112, 3.100000000000000089 ) ;
#7736 = ORIENTED_EDGE ( 'NONE', *, *, #2334, .F. ) ;
#7737 = CARTESIAN_POINT ( 'NONE',  ( 0.8356852734701435415, -8.184527908934468243, 5.500000000000000000 ) ) ;
#7738 = FACE_OUTER_BOUND ( 'NONE', #4367, .T. ) ;
#7739 = VECTOR ( 'NONE', #8323, 1000.000000000000000 ) ;
#7740 = B_SPLINE_SURFACE_WITH_KNOTS ( 'NONE', 3, 1, ( 
 ( #981, #5574 ),
 ( #6870, #3601 ),
 ( #1541, #8198 ),
 ( #5435, #2911 ),
 ( #2228, #6823 ),
 ( #4791, #4199 ),
 ( #4148, #1585 ),
 ( #8103, #4240 ),
 ( #6225, #4106 ),
 ( #340, #2786 ),
 ( #8060, #7461 ) ),
 .UNSPECIFIED., .F., .F., .F.,
 ( 4, 1, 1, 1, 1, 1, 1, 1, 4 ),
 ( 2, 2 ),
 ( 0.000000000000000000, 0.1381355455281896849, 0.2684506686800455788, 0.3942530064338329310, 0.5180986679418649876, 0.6385184547224823648, 0.7569658908781730089, 0.8772747938537109880, 0.9999999999999998890 ),
 ( 0.000000000000000000, 1.000000000000000000 ),
 .UNSPECIFIED. ) ;
#7741 =( GEOMETRIC_REPRESENTATION_CONTEXT ( 3 ) GLOBAL_UNCERTAINTY_ASSIGNED_CONTEXT ( ( #1339 ) ) GLOBAL_UNIT_ASSIGNED_CONTEXT ( ( #313, #4947, #2250 ) ) REPRESENTATION_CONTEXT ( 'NONE', 'WORKASPACE' ) );
#7742 = CARTESIAN_POINT ( 'NONE',  ( -1.911356201305077995, -3.634973154823162744, 5.500000000000000000 ) ) ;
#7743 = ADVANCED_FACE ( 'NONE', ( #6322 ), #5452, .F. ) ;
#7744 = CYLINDRICAL_SURFACE ( 'NONE', #4434, 3.100000000000001865 ) ;
#7745 = VERTEX_POINT ( 'NONE', #6797 ) ;
#7746 = CARTESIAN_POINT ( 'NONE',  ( -0.7069070778344437311, -14.17656879635625344, 5.500000000000000888 ) ) ;
#7747 = LINE ( 'NONE', #6549, #7065 ) ;
#7748 = DIRECTION ( 'NONE',  ( -1.000000000000000000, -6.982962677686265922E-15, -7.888609052210118054E-31 ) ) ;
#7749 = VECTOR ( 'NONE', #5457, 1000.000000000000000 ) ;
#7750 = CARTESIAN_POINT ( 'NONE',  ( -0.2788754767729529904, -5.742564641860097296, 6.000000000000000000 ) ) ;
#7751 = AXIS2_PLACEMENT_3D ( 'NONE', #6561, #3948, #5963 ) ;
#7752 = CARTESIAN_POINT ( 'NONE',  ( -1.680727110157556714, -4.692613845487351831, 6.000000000000000000 ) ) ;
#7753 = VECTOR ( 'NONE', #4857, 1000.000000000000000 ) ;
#7754 = VECTOR ( 'NONE', #5067, 1000.000000000000114 ) ;
#7755 = DIRECTION ( 'NONE',  ( -7.888609052210118054E-31, -5.605193857299268284E-45, 1.000000000000000000 ) ) ;
#7756 = CARTESIAN_POINT ( 'NONE',  ( -0.7576399020706474641, -8.952274349277638876, 5.500000000000000000 ) ) ;
#7757 = ORIENTED_EDGE ( 'NONE', *, *, #3845, .T. ) ;
#7758 = DIRECTION ( 'NONE',  ( -6.982962677686265922E-15, -4.876176775795934672E-29, -1.000000000000000000 ) ) ;
#7759 = CARTESIAN_POINT ( 'NONE',  ( 0.1282051282052543151, -14.70276442307691944, 6.000000000000000000 ) ) ;
#7760 = CARTESIAN_POINT ( 'NONE',  ( 1.382173127287487313, -8.300681034048082552, 5.500000000000000888 ) ) ;
#7761 = EDGE_LOOP ( 'NONE', ( #2258, #7921, #837, #6584 ) ) ;
#7762 = FACE_OUTER_BOUND ( 'NONE', #2571, .T. ) ;
#7763 = CARTESIAN_POINT ( 'NONE',  ( 2.127069218349288970, -13.60417259753689301, 6.000000000000000000 ) ) ;
#7764 = EDGE_LOOP ( 'NONE', ( #7262, #6189, #6569, #6144 ) ) ;
#7765 = AXIS2_PLACEMENT_3D ( 'NONE', #3167, #5214, #3332 ) ;
#7766 = DIRECTION ( 'NONE',  ( -0.9563915516599963418, 0.2920876579271787232, -7.888609052210119806E-31 ) ) ;
#7767 = CARTESIAN_POINT ( 'NONE',  ( 2.125457166559236999, -11.20133024891813989, 5.500000000000000888 ) ) ;
#7768 = CARTESIAN_POINT ( 'NONE',  ( 1.406341796260496269, -13.18419692669159637, 5.500000000000000888 ) ) ;
#7769 = CARTESIAN_POINT ( 'NONE',  ( -2.985803957072745263, 3.633651443907292666, 3.000000000000000000 ) ) ;
#7770 = ORIENTED_EDGE ( 'NONE', *, *, #7140, .F. ) ;
#7771 = DIRECTION ( 'NONE',  ( -7.888609052210119806E-31, -5.605193857299269528E-45, 1.000000000000000000 ) ) ;
#7772 = ORIENTED_EDGE ( 'NONE', *, *, #7780, .F. ) ;
#7773 = ADVANCED_FACE ( 'NONE', ( #265 ), #917, .T. ) ;
#7774 = CARTESIAN_POINT ( 'NONE',  ( 1.980592670643791076, -11.19791785085035052, 6.000000000000000000 ) ) ;
#7775 = DIRECTION ( 'NONE',  ( -7.888609052210118054E-31, -5.605193857299268284E-45, 1.000000000000000000 ) ) ;
#7776 = ORIENTED_EDGE ( 'NONE', *, *, #4576, .F. ) ;
#7777 = DIRECTION ( 'NONE',  ( -6.867314445954479045E-15, -4.797243844499407540E-29, -1.000000000000000000 ) ) ;
#7778 = EDGE_CURVE ( 'NONE', #3296, #4821, #1182, .T. ) ;
#7779 = DIRECTION ( 'NONE',  ( 0.7071067811865427988, 0.7071067811865523467, -4.922831962366390240E-15 ) ) ;
#7780 = EDGE_CURVE ( 'NONE', #4291, #130, #4459, .T. ) ;
#7781 = CARTESIAN_POINT ( 'NONE',  ( 3.131316011514059253E-15, 2.799999999999999822, 3.000000000000000000 ) ) ;
#7782 = VERTEX_POINT ( 'NONE', #8296 ) ;
#7783 = ORIENTED_EDGE ( 'NONE', *, *, #4994, .F. ) ;
#7784 = CARTESIAN_POINT ( 'NONE',  ( 43.00000000000018474, -19.49999999999969802, 2.999999999999706013 ) ) ;
#7785 = DIRECTION ( 'NONE',  ( 0.5207560941095102924, 0.8537055056913986917, 7.888609052210117178E-31 ) ) ;
#7786 = ADVANCED_FACE ( 'NONE', ( #559 ), #5724, .F. ) ;
#7787 = EDGE_CURVE ( 'NONE', #7509, #3396, #4332, .T. ) ;
#7788 = CARTESIAN_POINT ( 'NONE',  ( -0.6728142664845793153, -3.274517995780905633, 5.500000000000000000 ) ) ;
#7789 = CARTESIAN_POINT ( 'NONE',  ( -15.00000000000012967, 22.49999999999989697, 6.000000000000000000 ) ) ;
#7790 = EDGE_LOOP ( 'NONE', ( #5792, #4079, #1565, #7935 ) ) ;
#7791 = CARTESIAN_POINT ( 'NONE',  ( 3.131316011514059253E-15, 2.799999999999999822, 3.000000000000000000 ) ) ;
#7792 = CARTESIAN_POINT ( 'NONE',  ( 1.561876755481640400, -12.04465100753749063, 5.999999999999999112 ) ) ;
#7793 = CARTESIAN_POINT ( 'NONE',  ( 2.562227354452459860, -11.77728861948167527, 5.500000000000000000 ) ) ;
#7794 = CARTESIAN_POINT ( 'NONE',  ( -2.628205128205070018, -4.961177884615405986, 6.000000000000000000 ) ) ;
#7795 = CARTESIAN_POINT ( 'NONE',  ( 2.430694294536202005, -4.121493268421118294, 5.500000000000000000 ) ) ;
#7796 = CARTESIAN_POINT ( 'NONE',  ( 3.687478813498450858, 4.350000000000025402, 0.9999999999999993339 ) ) ;
#7797 = CARTESIAN_POINT ( 'NONE',  ( -0.7285882378181716135, -9.084207005804646684, 5.500000000000000888 ) ) ;
#7798 = VERTEX_POINT ( 'NONE', #7003 ) ;
#7799 = DIRECTION ( 'NONE',  ( 1.000000000000000000, 6.982962677686265922E-15, 7.888609052210118054E-31 ) ) ;
#7800 = LINE ( 'NONE', #3941, #5795 ) ;
#7801 = CARTESIAN_POINT ( 'NONE',  ( 1.556818638489741113, -8.446385621121512699, 5.500000000000000000 ) ) ;
#7802 = VERTEX_POINT ( 'NONE', #7174 ) ;
#7803 = CARTESIAN_POINT ( 'NONE',  ( 2.434258557892104768, -13.99873758561663983, 5.999999999999999112 ) ) ;
#7804 = ORIENTED_EDGE ( 'NONE', *, *, #6273, .T. ) ;
#7805 = CARTESIAN_POINT ( 'NONE',  ( 3.131316011514059253E-15, 2.799999999999999822, 3.000000000000000000 ) ) ;
#7806 = CARTESIAN_POINT ( 'NONE',  ( 2.545562548314476814, 4.569212059821749605, 2.276695463209207571 ) ) ;
#7807 = DIRECTION ( 'NONE',  ( -6.888341397178440152E-15, 1.000000000000000000, -6.607368703010313066E-31 ) ) ;
#7808 = VERTEX_POINT ( 'NONE', #1811 ) ;
#7809 = ORIENTED_EDGE ( 'NONE', *, *, #7145, .T. ) ;
#7810 = CARTESIAN_POINT ( 'NONE',  ( 1.509697667624030348, -11.53022489447021748, 6.000000000000000000 ) ) ;
#7811 = CARTESIAN_POINT ( 'NONE',  ( 2.227981349045868420, -11.23353219699344940, 6.000000000000000000 ) ) ;
#7812 = ORIENTED_EDGE ( 'NONE', *, *, #3520, .T. ) ;
#7813 = FACE_OUTER_BOUND ( 'NONE', #4495, .T. ) ;
#7814 = DIRECTION ( 'NONE',  ( 0.2047867780920638314, 0.9788066078233593759, 1.972152263052529295E-31 ) ) ;
#7815 = ORIENTED_EDGE ( 'NONE', *, *, #6591, .T. ) ;
#7816 = EDGE_LOOP ( 'NONE', ( #589, #4582, #6286, #5501, #6096, #4131, #5101, #1605, #6519, #2193, #2975, #5986, #3584, #2011, #2432, #4456 ) ) ;
#7817 = DIRECTION ( 'NONE',  ( -6.867314445954479045E-15, -4.797243844499407540E-29, -1.000000000000000000 ) ) ;
#7818 = DIRECTION ( 'NONE',  ( -6.867314445954479045E-15, -4.797243844499407540E-29, -1.000000000000000000 ) ) ;
#7819 = EDGE_CURVE ( 'NONE', #2423, #845, #1171, .T. ) ;
#7820 = ADVANCED_FACE ( 'NONE', ( #3826 ), #3058, .F. ) ;
#7821 = CARTESIAN_POINT ( 'NONE',  ( -1.670072600836855603, -3.508621821328021362, 6.000000000000000000 ) ) ;
#7822 = VECTOR ( 'NONE', #6875, 1000.000000000000000 ) ;
#7823 = DIRECTION ( 'NONE',  ( -6.888341397178440152E-15, 1.000000000000000000, -6.607368703010313066E-31 ) ) ;
#7824 = ORIENTED_EDGE ( 'NONE', *, *, #4371, .F. ) ;
#7825 = CARTESIAN_POINT ( 'NONE',  ( 3.131316011514043870E-15, 2.799999999999999822, 14.31370849898475939 ) ) ;
#7826 = CARTESIAN_POINT ( 'NONE',  ( 0.2744391025642382020, -16.04791666666666217, 5.500000000000000888 ) ) ;
#7827 = EDGE_CURVE ( 'NONE', #6877, #2373, #7684, .T. ) ;
#7828 = CARTESIAN_POINT ( 'NONE',  ( -1.795331913733362983, -3.568900437279742821, 6.000000000000000000 ) ) ;
#7829 = AXIS2_PLACEMENT_3D ( 'NONE', #931, #3587, #6716 ) ;
#7830 = CARTESIAN_POINT ( 'NONE',  ( 0.8840432797533901432, -3.298239978619769364, 5.500000000000000888 ) ) ;
#7831 = CARTESIAN_POINT ( 'NONE',  ( -46.99999999999982947, -16.50000000000032685, 5.000000000000332179 ) ) ;
#7832 = APPLICATION_PROTOCOL_DEFINITION ( 'draft international standard', 'automotive_design', 1998, #3376 ) ;
#7833 = VERTEX_POINT ( 'NONE', #8337 ) ;
#7834 = EDGE_CURVE ( 'NONE', #5721, #136, #1211, .T. ) ;
#7835 = VECTOR ( 'NONE', #6543, 1000.000000000000000 ) ;
#7836 = CARTESIAN_POINT ( 'NONE',  ( 3.687478813498472618, 1.250000000000025979, 0.9999999999999993339 ) ) ;
#7837 = SURFACE_STYLE_FILL_AREA ( #6036 ) ;
#7838 = VERTEX_POINT ( 'NONE', #1938 ) ;
#7839 = CARTESIAN_POINT ( 'NONE',  ( 0.5094133165081674575, -6.633576842738277968, 6.000000000000000000 ) ) ;
#7840 = CARTESIAN_POINT ( 'NONE',  ( 2.628205128205255203, -14.79090544871792723, 5.500000000000000888 ) ) ;
#7841 = ORIENTED_EDGE ( 'NONE', *, *, #7683, .F. ) ;
#7842 = AXIS2_PLACEMENT_3D ( 'NONE', #3639, #8011, #5566 ) ;
#7843 = CARTESIAN_POINT ( 'NONE',  ( -32.00000000000007816, 12.49999999999977973, 2.269242526379139975E-13 ) ) ;
#7844 = CARTESIAN_POINT ( 'NONE',  ( -0.7428130999805196977, -8.490041186725491684, 6.000000000000000000 ) ) ;
#7845 = CARTESIAN_POINT ( 'NONE',  ( -1.638412643883273345, -4.618460859050371070, 6.000000000000000000 ) ) ;
#7846 = DIRECTION ( 'NONE',  ( -1.000000000000000000, -6.888341397178440152E-15, 6.982962677686265922E-15 ) ) ;
#7847 = FACE_OUTER_BOUND ( 'NONE', #4638, .T. ) ;
#7848 = ORIENTED_EDGE ( 'NONE', *, *, #6041, .F. ) ;
#7849 = CIRCLE ( 'NONE', #6904, 1.549999999999999378 ) ;
#7850 = ORIENTED_EDGE ( 'NONE', *, *, #6461, .F. ) ;
#7851 = DIRECTION ( 'NONE',  ( -6.982962677686265133E-15, 1.000000000000000000, 0.000000000000000000 ) ) ;
#7852 = AXIS2_PLACEMENT_3D ( 'NONE', #1734, #1046, #6283 ) ;
#7853 = DIRECTION ( 'NONE',  ( 1.000000000000000000, 6.715058616684416976E-15, -6.854955671198676173E-15 ) ) ;
#7854 = DIRECTION ( 'NONE',  ( 0.8346843271053061564, 0.5507286755606271011, 7.888609052210119806E-31 ) ) ;
#7855 = DIRECTION ( 'NONE',  ( -1.000000000000000000, -6.825260543506556042E-15, -7.888609052210118054E-31 ) ) ;
#7856 = CARTESIAN_POINT ( 'NONE',  ( 1.698638979280617578, -6.381219541639287840, 5.500000000000000000 ) ) ;
#7857 = ORIENTED_EDGE ( 'NONE', *, *, #8037, .F. ) ;
#7858 = ORIENTED_EDGE ( 'NONE', *, *, #1267, .F. ) ;
#7859 = CARTESIAN_POINT ( 'NONE',  ( 0.5343457804302563785, -8.259900672111946562, 5.500000000000000888 ) ) ;
#7860 = CARTESIAN_POINT ( 'NONE',  ( 1.806392689537322349, -12.24896354596685200, 5.500000000000000000 ) ) ;
#7861 = CIRCLE ( 'NONE', #6080, 3.100000000000000089 ) ;
#7862 = CARTESIAN_POINT ( 'NONE',  ( -55.00000000000002132, 7.299999999999617017, 3.736546064168835993E-13 ) ) ;
#7863 = ORIENTED_EDGE ( 'NONE', *, *, #3666, .F. ) ;
#7864 = CIRCLE ( 'NONE', #4573, 1.550000000000002709 ) ;
#7865 = DIRECTION ( 'NONE',  ( 6.982962677686265922E-15, 4.876176775795934672E-29, 1.000000000000000000 ) ) ;
#7866 = EDGE_LOOP ( 'NONE', ( #6874, #3986, #3251, #4297 ) ) ;
#7867 = CARTESIAN_POINT ( 'NONE',  ( -0.7433387117994578741, -9.031409872784715631, 5.500000000000000000 ) ) ;
#7868 = PLANE ( 'NONE',  #6932 ) ;
#7869 = EDGE_CURVE ( 'NONE', #1434, #136, #7130, .T. ) ;
#7870 = DIRECTION ( 'NONE',  ( -0.4417723297375897862, 0.8971271976025597672, -3.944304526105058589E-31 ) ) ;
#7871 = VECTOR ( 'NONE', #2356, 1000.000000000000000 ) ;
#7872 = MECHANICAL_DESIGN_GEOMETRIC_PRESENTATION_REPRESENTATION (  '', ( #3082 ), #7741 ) ;
#7873 = CARTESIAN_POINT ( 'NONE',  ( -1.709563522345625364, -4.771175904835240011, 6.000000000000000000 ) ) ;
#7874 = CARTESIAN_POINT ( 'NONE',  ( 1.474358974359079699, -11.74102564102563484, 5.500000000000000000 ) ) ;
#7875 = ORIENTED_EDGE ( 'NONE', *, *, #5240, .F. ) ;
#7876 = VECTOR ( 'NONE', #3084, 1000.000000000000000 ) ;
#7877 = ADVANCED_FACE ( 'NONE', ( #5154 ), #1128, .T. ) ;
#7878 = B_SPLINE_SURFACE_WITH_KNOTS ( 'NONE', 3, 1, ( 
 ( #4659, #766 ),
 ( #6689, #156 ),
 ( #2094, #3905 ),
 ( #3291, #4703 ),
 ( #5919, #2784 ),
 ( #5384, #6909 ),
 ( #6173, #8016 ),
 ( #6264, #2137 ),
 ( #7410, #3510 ),
 ( #8195, #2907 ),
 ( #2225, #938 ),
 ( #8098, #1025 ),
 ( #4924, #4749 ),
 ( #4103, #6724 ),
 ( #5474, #7545 ),
 ( #2179, #4145 ),
 ( #3555, #4788 ),
 ( #7458, #4833 ),
 ( #978, #3597 ) ),
 .UNSPECIFIED., .F., .F., .F.,
 ( 4, 1, 1, 1, 1, 1, 1, 1, 1, 1, 1, 1, 1, 1, 1, 1, 4 ),
 ( 2, 2 ),
 ( 0.000000000000000000, 0.06340052940042857632, 0.1249764099331402284, 0.1844921876584958154, 0.2434736282965418164, 0.3022637321141443678, 0.3613835718304159728, 0.4214817654110644130, 0.4834545367577930408, 0.5459360688045383769, 0.6081426980855852982, 0.6698202920949500871, 0.7323322942692658266, 0.7960922343214101859, 0.8616426668792320775, 0.9294352318828829063, 1.000000000000000000 ),
 ( 0.000000000000000000, 1.000000000000000000 ),
 .UNSPECIFIED. ) ;
#7879 = EDGE_CURVE ( 'NONE', #3040, #3858, #3508, .T. ) ;
#7880 = CARTESIAN_POINT ( 'NONE',  ( -0.5084190896582093666, -7.944802990829669120, 6.000000000000000000 ) ) ;
#7881 = CARTESIAN_POINT ( 'NONE',  ( -2.224796734531076403, 1.183590556195663224, 6.000000000000000000 ) ) ;
#7882 = ORIENTED_EDGE ( 'NONE', *, *, #3807, .T. ) ;
#7883 = CARTESIAN_POINT ( 'NONE',  ( 43.99999999999992184, 19.70000000000029772, 4.999999999999693578 ) ) ;
#7884 = CARTESIAN_POINT ( 'NONE',  ( 2.539957668225790943, -15.37158840610430133, 6.000000000000000000 ) ) ;
#7885 = ORIENTED_EDGE ( 'NONE', *, *, #4410, .T. ) ;
#7886 = VECTOR ( 'NONE', #521, 1000.000000000000114 ) ;
#7887 = EDGE_CURVE ( 'NONE', #2459, #6760, #6537, .T. ) ;
#7888 = AXIS2_PLACEMENT_3D ( 'NONE', #8043, #1436, #786 ) ;
#7889 = EDGE_CURVE ( 'NONE', #4161, #7745, #5106, .T. ) ;
#7890 = DIRECTION ( 'NONE',  ( 6.867314445954479045E-15, 4.797243844499407540E-29, 1.000000000000000000 ) ) ;
#7891 = DIRECTION ( 'NONE',  ( 1.000000000000000000, 6.715058616684402777E-15, -6.994852725712919592E-15 ) ) ;
#7892 = CARTESIAN_POINT ( 'NONE',  ( -1.729598128940863511, -4.910340065828193268, 5.500000000000000888 ) ) ;
#7893 = DIRECTION ( 'NONE',  ( -1.000000000000000000, -6.888341397178440152E-15, 6.982962677686265922E-15 ) ) ;
#7894 = CARTESIAN_POINT ( 'NONE',  ( 1.556818638489782414, -14.27971895445483952, 5.500000000000000000 ) ) ;
#7895 = ORIENTED_EDGE ( 'NONE', *, *, #3233, .T. ) ;
#7896 = CARTESIAN_POINT ( 'NONE',  ( 1.711597901696619850, -4.775640344237395141, 5.500000000000000000 ) ) ;
#7897 = VECTOR ( 'NONE', #3394, 1000.000000000000000 ) ;
#7898 = ORIENTED_EDGE ( 'NONE', *, *, #8462, .F. ) ;
#7899 = EDGE_CURVE ( 'NONE', #5176, #4922, #5029, .T. ) ;
#7900 = CARTESIAN_POINT ( 'NONE',  ( -1.728893652486066079, -4.978405171539315610, 5.500000000000000888 ) ) ;
#7901 = CARTESIAN_POINT ( 'NONE',  ( 2.427699548837122023, -15.63027509381726254, 5.500000000000000000 ) ) ;
#7902 = CARTESIAN_POINT ( 'NONE',  ( -46.09999999999980957, -19.50000000000031974, 5.000000000000325961 ) ) ;
#7903 = ORIENTED_EDGE ( 'NONE', *, *, #3368, .T. ) ;
#7904 = DIRECTION ( 'NONE',  ( 1.000000000000000000, 6.715058616684416976E-15, -6.994852725712934581E-15 ) ) ;
#7905 = CARTESIAN_POINT ( 'NONE',  ( 1.730769230769357403, -14.73982371794870438, 5.500000000000000000 ) ) ;
#7906 = B_SPLINE_CURVE_WITH_KNOTS ( 'NONE', 3,
 ( #6182, #3043, #3607, #346, #8204, #8240, #392, #6917, #4246, #8286, #2969 ),
 .UNSPECIFIED., .F., .F.,
 ( 4, 1, 1, 1, 1, 1, 1, 1, 4 ),
 ( 0.000000000000000000, 0.1267387867356627451, 0.2498543875258565639, 0.3711825332970605795, 0.4989513846819700338, 0.6267202360668786554, 0.7501017216641029384, 0.8720976360168700703, 1.000000000000000000 ),
 .UNSPECIFIED. ) ;
#7907 = CARTESIAN_POINT ( 'NONE',  ( 1.480256007728146361, -11.84858157227839648, 5.500000000000000000 ) ) ;
#7908 = CARTESIAN_POINT ( 'NONE',  ( 1.842339940676698484, -16.23866844869148451, 5.500000000000000000 ) ) ;
#7909 = EDGE_LOOP ( 'NONE', ( #2916, #1324 ) ) ;
#7910 = CARTESIAN_POINT ( 'NONE',  ( -40.00000000000027711, 23.69999999999971863, -22.49999999999971934 ) ) ;
#7911 = ORIENTED_EDGE ( 'NONE', *, *, #2528, .F. ) ;
#7912 = DIRECTION ( 'NONE',  ( -0.9640164883807764706, -0.2658424535885800521, -7.888609052210119806E-31 ) ) ;
#7913 = LINE ( 'NONE', #7826, #6937 ) ;
#7914 = LINE ( 'NONE', #4519, #449 ) ;
#7915 = FACE_OUTER_BOUND ( 'NONE', #3831, .T. ) ;
#7916 = CARTESIAN_POINT ( 'NONE',  ( 1.282051282051420493, -16.45256410256408941, 5.500000000000000888 ) ) ;
#7917 = CARTESIAN_POINT ( 'NONE',  ( 1.712259564100237830, -11.28270605706520691, 5.500000000000000000 ) ) ;
#7918 = ORIENTED_EDGE ( 'NONE', *, *, #2162, .T. ) ;
#7919 = CARTESIAN_POINT ( 'NONE',  ( -0.8704017733203573970, -6.590198176212185288, 5.500000000000000888 ) ) ;
#7920 = LINE ( 'NONE', #1362, #3500 ) ;
#7921 = ORIENTED_EDGE ( 'NONE', *, *, #160, .F. ) ;
#7922 = EDGE_CURVE ( 'NONE', #139, #6578, #914, .T. ) ;
#7923 = CARTESIAN_POINT ( 'NONE',  ( 1.568365608699826552, -6.437343708424839939, 5.500000000000000000 ) ) ;
#7924 = CARTESIAN_POINT ( 'NONE',  ( -20.99999999999982947, -19.50000000000014211, 3.000000000000149214 ) ) ;
#7925 = ORIENTED_EDGE ( 'NONE', *, *, #8037, .T. ) ;
#7926 = EDGE_CURVE ( 'NONE', #995, #6840, #2753, .T. ) ;
#7927 = EDGE_CURVE ( 'NONE', #6975, #3962, #35, .T. ) ;
#7928 = CARTESIAN_POINT ( 'NONE',  ( -1.170893051803975071, 5.288274394281541113, 3.000000000000000000 ) ) ;
#7929 = CARTESIAN_POINT ( 'NONE',  ( 0.002003205128257268611, -4.144871794871797910, 6.000000000000000000 ) ) ;
#7930 = PLANE ( 'NONE',  #1534 ) ;
#7931 = CARTESIAN_POINT ( 'NONE',  ( 1.642595037696846338, -14.39737319081734057, 6.000000000000000888 ) ) ;
#7932 = VERTEX_POINT ( 'NONE', #2538 ) ;
#7933 = LINE ( 'NONE', #5145, #7629 ) ;
#7934 = ADVANCED_FACE ( 'NONE', ( #83 ), #6608, .F. ) ;
#7935 = ORIENTED_EDGE ( 'NONE', *, *, #6430, .F. ) ;
#7936 = CARTESIAN_POINT ( 'NONE',  ( -2.985803957072721726, 1.966348556092622157, 2.260366788867224752 ) ) ;
#7937 = DIRECTION ( 'NONE',  ( -7.888609052210118054E-31, -5.605193857299268284E-45, 1.000000000000000000 ) ) ;
#7938 = DIRECTION ( 'NONE',  ( 6.888341397178440152E-15, -1.000000000000000000, 6.607368703010305184E-31 ) ) ;
#7939 = DIRECTION ( 'NONE',  ( 0.9454218362758132210, -0.3258489703725784281, 7.888609052210121557E-31 ) ) ;
#7940 = EDGE_LOOP ( 'NONE', ( #2578, #2890, #1910, #238 ) ) ;
#7941 = EDGE_LOOP ( 'NONE', ( #6060, #1453, #395, #6507 ) ) ;
#7942 = SURFACE_STYLE_FILL_AREA ( #4679 ) ;
#7943 = CARTESIAN_POINT ( 'NONE',  ( 43.00000000000016342, -19.49999999999969802, -3.002673951405095948E-13 ) ) ;
#7944 = CARTESIAN_POINT ( 'NONE',  ( 1.473523686192287352, 0.4780982048694860098, 6.000000000000000000 ) ) ;
#7945 = ORIENTED_EDGE ( 'NONE', *, *, #6414, .T. ) ;
#7946 = CYLINDRICAL_SURFACE ( 'NONE', #3214, 3.099999999999998757 ) ;
#7947 = ORIENTED_EDGE ( 'NONE', *, *, #3635, .F. ) ;
#7948 = CARTESIAN_POINT ( 'NONE',  ( 0.8884214743590894692, -13.11923076923075904, 5.500000000000000888 ) ) ;
#7949 = CARTESIAN_POINT ( 'NONE',  ( 17.00000000000022027, -22.49999999999987921, 4.999999999999881872 ) ) ;
#7950 = EDGE_CURVE ( 'NONE', #3664, #6156, #5284, .T. ) ;
#7951 = CARTESIAN_POINT ( 'NONE',  ( -1.911356201305077995, -3.634973154823162744, 6.000000000000000000 ) ) ;
#7952 = CARTESIAN_POINT ( 'NONE',  ( 1.445110554477841314, -8.343750470689315080, 5.500000000000000000 ) ) ;
#7953 = DIRECTION ( 'NONE',  ( -7.888609052210118054E-31, -5.605193857299268284E-45, 1.000000000000000000 ) ) ;
#7954 = CARTESIAN_POINT ( 'NONE',  ( 0.1282051282052543151, -14.70276442307691944, 5.500000000000000888 ) ) ;
#7955 = ORIENTED_EDGE ( 'NONE', *, *, #3155, .T. ) ;
#7956 = DIRECTION ( 'NONE',  ( 1.000000000000000000, 7.178166107490237014E-15, 0.000000000000000000 ) ) ;
#7957 = CARTESIAN_POINT ( 'NONE',  ( 2.504402971497370345, -8.311425980912378719, 5.500000000000000888 ) ) ;
#7958 = FACE_OUTER_BOUND ( 'NONE', #464, .T. ) ;
#7959 = FACE_BOUND ( 'NONE', #2243, .T. ) ;
#7960 = CARTESIAN_POINT ( 'NONE',  ( 1.445110554477841314, -8.343750470689315080, 6.000000000000000000 ) ) ;
#7961 = CARTESIAN_POINT ( 'NONE',  ( 2.626608055058718971, -14.73374298366200819, 6.000000000000000000 ) ) ;
#7962 = VECTOR ( 'NONE', #4496, 1000.000000000000000 ) ;
#7963 = ORIENTED_EDGE ( 'NONE', *, *, #4943, .F. ) ;
#7964 = EDGE_CURVE ( 'NONE', #4896, #4531, #723, .T. ) ;
#7965 = CARTESIAN_POINT ( 'NONE',  ( 0.6445262415350371255, 5.832257562274801188, 6.000000000000000000 ) ) ;
#7966 = CIRCLE ( 'NONE', #3594, 3.100000000000000089 ) ;
#7967 = CARTESIAN_POINT ( 'NONE',  ( 0.7132979613540466612, -7.290002791617403055, 6.000000000000000000 ) ) ;
#7968 = CARTESIAN_POINT ( 'NONE',  ( 2.409843370120617223, 4.124822603779735530, 2.276695463209207571 ) ) ;
#7969 = CARTESIAN_POINT ( 'NONE',  ( 1.810779763245690122, -3.573286486701114928, 6.000000000000000000 ) ) ;
#7970 = ORIENTED_EDGE ( 'NONE', *, *, #1850, .T. ) ;
#7971 = CARTESIAN_POINT ( 'NONE',  ( 2.004663725408921682, 0.9174954586961460157, 3.000000000000000000 ) ) ;
#7972 = EDGE_CURVE ( 'NONE', #7386, #550, #3953, .T. ) ;
#7974 = EDGE_LOOP ( 'NONE', ( #3491, #2842 ) ) ;
#7973 = EDGE_CURVE ( 'NONE', #434, #1158, #7933, .T. ) ;
#7975 = FACE_OUTER_BOUND ( 'NONE', #1179, .T. ) ;
#7976 = CIRCLE ( 'NONE', #1270, 1.549999999999999378 ) ;
#7977 = ADVANCED_FACE ( 'NONE', ( #1372 ), #5409, .T. ) ;
#7978 = CARTESIAN_POINT ( 'NONE',  ( -0.7211538461537183586, -14.94415064102564372, 5.500000000000000888 ) ) ;
#7979 = PLANE ( 'NONE',  #360 ) ;
#7980 = AXIS2_PLACEMENT_3D ( 'NONE', #3157, #8274, #3032 ) ;
#7981 = CARTESIAN_POINT ( 'NONE',  ( 2.592237828190545379, -5.319101991341073976, 5.500000000000000000 ) ) ;
#7982 = ORIENTED_EDGE ( 'NONE', *, *, #960, .F. ) ;
#7984 = EDGE_CURVE ( 'NONE', #845, #6433, #5925, .T. ) ;
#7983 = VERTEX_POINT ( 'NONE', #5224 ) ;
#7985 = CARTESIAN_POINT ( 'NONE',  ( 2.475737721541588776, -12.04499541931362394, 6.000000000000000000 ) ) ;
#7986 = DIRECTION ( 'NONE',  ( -7.888609052210118054E-31, -5.605193857299268284E-45, 1.000000000000000000 ) ) ;
#7987 = VECTOR ( 'NONE', #4254, 1000.000000000000000 ) ;
#7988 = EDGE_CURVE ( 'NONE', #8293, #495, #2668, .T. ) ;
#7989 = EDGE_CURVE ( 'NONE', #6206, #5176, #4755, .T. ) ;
#7990 = CARTESIAN_POINT ( 'NONE',  ( 2.628205128205255203, -14.79090544871792723, 5.500000000000000888 ) ) ;
#7991 = ORIENTED_EDGE ( 'NONE', *, *, #4042, .T. ) ;
#7992 = FACE_OUTER_BOUND ( 'NONE', #4540, .T. ) ;
#7993 = ORIENTED_EDGE ( 'NONE', *, *, #2552, .F. ) ;
#7994 = CARTESIAN_POINT ( 'NONE',  ( 0.4694579632508651401, -14.12931102188495913, 5.500000000000000000 ) ) ;
#7995 = CYLINDRICAL_SURFACE ( 'NONE', #4594, 1.099999999999996758 ) ;
#7996 = AXIS2_PLACEMENT_3D ( 'NONE', #7862, #2682, #3314 ) ;
#7997 = DIRECTION ( 'NONE',  ( 7.871141097386390365E-15, -1.000000000000000000, 0.000000000000000000 ) ) ;
#7998 = CIRCLE ( 'NONE', #1427, 1.549999999999999378 ) ;
#7999 = EDGE_CURVE ( 'NONE', #4821, #3677, #5022, .T. ) ;
#8000 = CARTESIAN_POINT ( 'NONE',  ( 1.378369055473261495, 5.576706456742188678, 2.288478284718786782 ) ) ;
#8001 = PLANE ( 'NONE',  #8287 ) ;
#8002 = DIRECTION ( 'NONE',  ( 0.000000000000000000, 0.000000000000000000, 1.000000000000000000 ) ) ;
#8003 = ORIENTED_EDGE ( 'NONE', *, *, #3903, .F. ) ;
#8004 = CARTESIAN_POINT ( 'NONE',  ( 1.066296300295496602, -7.290905667594252293, 5.500000000000000000 ) ) ;
#8005 = CARTESIAN_POINT ( 'NONE',  ( 2.244321669889776771, -7.894643545919691086, 5.500000000000000888 ) ) ;
#8006 = CARTESIAN_POINT ( 'NONE',  ( 16.99999999999979394, -16.49999999999987921, -50.00000000000012079 ) ) ;
#8007 = B_SPLINE_CURVE_WITH_KNOTS ( 'NONE', 3,
 ( #3542, #4775, #7395, #1520, #7442, #872, #7532, #2254, #2308, #5502, #235, #8084, #8129, #8181, #2164, #965, #4087, #2936, #1654, #4816, #273, #6068, #2852, #4263, #4128, #3579, #3492 ),
 .UNSPECIFIED., .F., .F.,
 ( 4, 1, 1, 1, 1, 1, 1, 1, 1, 1, 1, 1, 1, 1, 1, 1, 1, 1, 1, 1, 1, 1, 1, 1, 4 ),
 ( 0.000000000000000000, 0.06848678953180255269, 0.1330686034768694126, 0.1938174267513895210, 0.2510678822434361801, 0.3043826819346475143, 0.3543872059353596060, 0.4012708475644487516, 0.4446741614967868461, 0.4856635241877674813, 0.5246451914242060699, 0.5621357040795468274, 0.5979269936485213099, 0.6324518987491631883, 0.6657284078076924905, 0.6977541153568966870, 0.7293531551978322813, 0.7605902647540451200, 0.7923674640178229867, 0.8243230823934849516, 0.8571647915322991862, 0.8909333925356223149, 0.9259648588186040197, 0.9620635857508668121, 1.000000000000000000 ),
 .UNSPECIFIED. ) ;
#8008 = CARTESIAN_POINT ( 'NONE',  ( 3.131316011514059253E-15, 2.799999999999999822, 3.000000000000000000 ) ) ;
#8009 = CARTESIAN_POINT ( 'NONE',  ( 2.409843370120616779, 4.124822603779735530, 3.000000000000000000 ) ) ;
#8010 = CARTESIAN_POINT ( 'NONE',  ( 1.243786431126708836, -8.235199538848439360, 6.000000000000000000 ) ) ;
#8011 = DIRECTION ( 'NONE',  ( -7.888609052210118054E-31, -5.605193857299268284E-45, 1.000000000000000000 ) ) ;
#8012 = AXIS2_PLACEMENT_3D ( 'NONE', #8309, #2433, #5038 ) ;
#8013 = ORIENTED_EDGE ( 'NONE', *, *, #7899, .F. ) ;
#8014 = AXIS2_PLACEMENT_3D ( 'NONE', #8102, #5573, #3000 ) ;
#8015 = AXIS2_PLACEMENT_3D ( 'NONE', #431, #3049, #5667 ) ;
#8016 = CARTESIAN_POINT ( 'NONE',  ( -0.5890473310330216483, -13.90396185526418371, 6.000000000000000888 ) ) ;
#8017 = CARTESIAN_POINT ( 'NONE',  ( -0.5890473310330636147, -8.070628521930858668, 6.000000000000000888 ) ) ;
#8018 = FACE_OUTER_BOUND ( 'NONE', #7728, .T. ) ;
#8019 = CARTESIAN_POINT ( 'NONE',  ( -0.3047447784968336237, -13.54893172369067855, 6.000000000000000000 ) ) ;
#8020 = ORIENTED_EDGE ( 'NONE', *, *, #4144, .T. ) ;
#8021 = FACE_OUTER_BOUND ( 'NONE', #3023, .T. ) ;
#8022 = ORIENTED_EDGE ( 'NONE', *, *, #5838, .F. ) ;
#8023 = DIRECTION ( 'NONE',  ( -6.982962677686265133E-15, 1.000000000000000000, 0.000000000000000000 ) ) ;
#8024 = B_SPLINE_SURFACE_WITH_KNOTS ( 'NONE', 3, 1, ( 
 ( #3256, #2018 ),
 ( #3292, #4622 ),
 ( #3906, #2618 ),
 ( #7249, #7844 ),
 ( #2051, #4660 ),
 ( #4024, #2532 ),
 ( #5140, #8017 ),
 ( #4066, #2909 ),
 ( #2180, #5475 ),
 ( #8058, #3462 ),
 ( #1457, #6082 ),
 ( #6691, #5521 ),
 ( #4789, #8100 ),
 ( #2829, #4883 ),
 ( #4197, #2138 ),
 ( #4835, #7411 ),
 ( #3424, #7967 ),
 ( #1539, #6769 ),
 ( #3383, #6006 ) ),
 .UNSPECIFIED., .F., .F., .F.,
 ( 4, 1, 1, 1, 1, 1, 1, 1, 1, 1, 1, 1, 1, 1, 1, 1, 4 ),
 ( 2, 2 ),
 ( 0.000000000000000000, 0.06340052940042789631, 0.1249764099331409223, 0.1844921876584958154, 0.2434736282965412058, 0.3022637321141443678, 0.3613835718304160283, 0.4214817654110650236, 0.4834545367577930963, 0.5459360688045383769, 0.6081426980855852982, 0.6698202920949499761, 0.7323322942692658266, 0.7960922343214101859, 0.8616426668792320775, 0.9294352318828829063, 1.000000000000000000 ),
 ( 0.000000000000000000, 1.000000000000000000 ),
 .UNSPECIFIED. ) ;
#8025 = AXIS2_PLACEMENT_3D ( 'NONE', #4159, #5442, #5534 ) ;
#8026 = CARTESIAN_POINT ( 'NONE',  ( 0.0003343235726989973603, -5.746865349989086269, 5.999999999999999112 ) ) ;
#8027 = CARTESIAN_POINT ( 'NONE',  ( -1.752915971808918671, 4.918911417633398564, 2.318931217520895149 ) ) ;
#8028 = VECTOR ( 'NONE', #8255, 1000.000000000000000 ) ;
#8029 = CARTESIAN_POINT ( 'NONE',  ( -17.89999999999982450, -19.50000000000012079, 3.000000000000127454 ) ) ;
#8030 = AXIS2_PLACEMENT_3D ( 'NONE', #4461, #7176, #8422 ) ;
#8031 = DIRECTION ( 'NONE',  ( -6.982962677686265133E-15, 1.000000000000000000, 0.000000000000000000 ) ) ;
#8032 = ORIENTED_EDGE ( 'NONE', *, *, #15, .F. ) ;
#8033 = DIRECTION ( 'NONE',  ( -7.888609052210118054E-31, -5.605193857299268284E-45, 1.000000000000000000 ) ) ;
#8034 = DIRECTION ( 'NONE',  ( 6.867314445954479045E-15, 4.797243844499407540E-29, 1.000000000000000000 ) ) ;
#8035 = VECTOR ( 'NONE', #5167, 1000.000000000000000 ) ;
#8036 = ADVANCED_FACE ( 'NONE', ( #8021 ), #2200, .T. ) ;
#8037 = EDGE_CURVE ( 'NONE', #4036, #5289, #6137, .T. ) ;
#8038 = LINE ( 'NONE', #6110, #2797 ) ;
#8039 = VERTEX_POINT ( 'NONE', #3604 ) ;
#8040 = CARTESIAN_POINT ( 'NONE',  ( -2.985803957072747039, 3.633651443907292666, 3.000000000000000000 ) ) ;
#8041 = ORIENTED_EDGE ( 'NONE', *, *, #4042, .F. ) ;
#8042 = DIRECTION ( 'NONE',  ( 1.000000000000000000, 6.867314445954479045E-15, 7.888609052210118054E-31 ) ) ;
#8043 = CARTESIAN_POINT ( 'NONE',  ( 0.2744391025642382020, -16.04791666666666217, 5.500000000000000888 ) ) ;
#8044 = ADVANCED_FACE ( 'NONE', ( #7417 ), #6581, .T. ) ;
#8045 = DIRECTION ( 'NONE',  ( -7.888609052210118054E-31, -5.605193857299268284E-45, 1.000000000000000000 ) ) ;
#8046 = CARTESIAN_POINT ( 'NONE',  ( 1.382173127287487313, -8.300681034048082552, 5.500000000000000888 ) ) ;
#8047 = FACE_OUTER_BOUND ( 'NONE', #2636, .T. ) ;
#8048 = EDGE_LOOP ( 'NONE', ( #8210, #5203, #262, #145 ) ) ;
#8049 = CARTESIAN_POINT ( 'NONE',  ( 0.1311058630887069754, -8.945877979413715764, 6.000000000000000000 ) ) ;
#8050 = CARTESIAN_POINT ( 'NONE',  ( 21.78102496759085582, -22.49999999999984723, 2.999999999999853895 ) ) ;
#8051 = DIRECTION ( 'NONE',  ( -0.9746736483397883122, 0.2236320174572653807, -7.888609052210117178E-31 ) ) ;
#8052 = DIRECTION ( 'NONE',  ( 1.000000000000000000, 6.982962677686265922E-15, 7.888609052210118054E-31 ) ) ;
#8053 = CARTESIAN_POINT ( 'NONE',  ( 2.527429715606134497, -11.53043994279131645, 5.500000000000000888 ) ) ;
#8054 = CARTESIAN_POINT ( 'NONE',  ( 1.272682175554596729, -4.328622062151054273, 6.000000000000000000 ) ) ;
#8055 = PLANE ( 'NONE',  #7980 ) ;
#8056 = ORIENTED_EDGE ( 'NONE', *, *, #3641, .F. ) ;
#8057 = CYLINDRICAL_SURFACE ( 'NONE', #1047, 3.099999999999998757 ) ;
#8058 = CARTESIAN_POINT ( 'NONE',  ( -0.3047447784968742024, -7.715598390357355285, 5.500000000000000000 ) ) ;
#8059 = LINE ( 'NONE', #1672, #5002 ) ;
#8060 = CARTESIAN_POINT ( 'NONE',  ( 1.730769230769316103, -8.906490384615372236, 5.500000000000000000 ) ) ;
#8061 = CARTESIAN_POINT ( 'NONE',  ( 1.071108006631308562, -3.328629568172472464, 6.000000000000000000 ) ) ;
#8062 = ORIENTED_EDGE ( 'NONE', *, *, #848, .T. ) ;
#8063 = DIRECTION ( 'NONE',  ( 6.982962677686265922E-15, 4.876176775795934672E-29, 1.000000000000000000 ) ) ;
#8064 = ORIENTED_EDGE ( 'NONE', *, *, #4989, .T. ) ;
#8065 = CARTESIAN_POINT ( 'NONE',  ( 1.806392689537322349, -12.24896354596685200, 6.000000000000000000 ) ) ;
#8066 = CARTESIAN_POINT ( 'NONE',  ( -0.8303434907143657506, -5.693558551459973138, 6.000000000000000000 ) ) ;
#8067 = DIRECTION ( 'NONE',  ( -7.888609052210118054E-31, -5.605193857299268284E-45, 1.000000000000000000 ) ) ;
#8068 = DIRECTION ( 'NONE',  ( -6.982962677686265922E-15, -4.876176775795934672E-29, -1.000000000000000000 ) ) ;
#8069 = ORIENTED_EDGE ( 'NONE', *, *, #2487, .T. ) ;
#8070 = CARTESIAN_POINT ( 'NONE',  ( 1.729411099374901228, -14.77530424905697615, 5.500000000000000000 ) ) ;
#8071 = CARTESIAN_POINT ( 'NONE',  ( -1.752915971808859608, 0.6810885823665517869, 6.000000000000000000 ) ) ;
#8072 = VERTEX_POINT ( 'NONE', #3288 ) ;
#8073 = CARTESIAN_POINT ( 'NONE',  ( 38.29999999999972005, 18.85000000000027143, -26.31292458089776787 ) ) ;
#8074 = CARTESIAN_POINT ( 'NONE',  ( -2.303748958979892514, 0.7256951202875105977, 3.000000000000000000 ) ) ;
#8075 = DIRECTION ( 'NONE',  ( -0.7071067811865427988, -0.7071067811865523467, 5.049212510650595086E-15 ) ) ;
#8076 = CARTESIAN_POINT ( 'NONE',  ( 0.4223472673303409475, -9.435676920204313589, 6.000000000000000000 ) ) ;
#8077 = ORIENTED_EDGE ( 'NONE', *, *, #637, .F. ) ;
#8078 = DIRECTION ( 'NONE',  ( -7.888609052210118054E-31, -5.605193857299268284E-45, 1.000000000000000000 ) ) ;
#8079 = ORIENTED_EDGE ( 'NONE', *, *, #1006, .T. ) ;
#8080 = CYLINDRICAL_SURFACE ( 'NONE', #4043, 1.550000000000002709 ) ;
#8081 = CARTESIAN_POINT ( 'NONE',  ( -2.728315428614815907, 3.144666392301799007, 3.000000000000000000 ) ) ;
#8082 = ORIENTED_EDGE ( 'NONE', *, *, #2699, .T. ) ;
#8083 = EDGE_CURVE ( 'NONE', #6777, #7196, #4737, .T. ) ;
#8084 = CARTESIAN_POINT ( 'NONE',  ( 1.810779763245690122, -3.573286486701114928, 5.500000000000000000 ) ) ;
#8085 = ADVANCED_FACE ( 'NONE', ( #7762 ), #3979, .F. ) ;
#8086 = FACE_OUTER_BOUND ( 'NONE', #7086, .T. ) ;
#8087 = EDGE_CURVE ( 'NONE', #1589, #5039, #2576, .T. ) ;
#8088 = EDGE_CURVE ( 'NONE', #7932, #5771, #6600, .T. ) ;
#8089 = LINE ( 'NONE', #6163, #603 ) ;
#8090 = ORIENTED_EDGE ( 'NONE', *, *, #3048, .T. ) ;
#8091 = CARTESIAN_POINT ( 'NONE',  ( 0.2535032513423022271, -9.244001944939199689, 6.000000000000000000 ) ) ;
#8092 = CARTESIAN_POINT ( 'NONE',  ( 1.597120936567178795, -4.561336337248528494, 6.000000000000000000 ) ) ;
#8093 = CARTESIAN_POINT ( 'NONE',  ( 38.29999999999993321, 18.85000000000027143, 4.999999999999733546 ) ) ;
#8094 = CARTESIAN_POINT ( 'NONE',  ( -1.354937736003153592, -4.362517784494604811, 5.500000000000000888 ) ) ;
#8095 = CARTESIAN_POINT ( 'NONE',  ( 2.004663725408922126, 0.9174954586961460157, 6.000000000000000000 ) ) ;
#8096 = CARTESIAN_POINT ( 'NONE',  ( 0.6469115696644160973, -4.177896167594634669, 5.500000000000000888 ) ) ;
#8097 = CARTESIAN_POINT ( 'NONE',  ( -1.694525824979241202, -5.166905657058964429, 5.500000000000000888 ) ) ;
#8098 = CARTESIAN_POINT ( 'NONE',  ( -0.05577673652065905097, -13.35971380878615911, 5.500000000000000000 ) ) ;
#8099 = ADVANCED_FACE ( 'NONE', ( #5915 ), #8402, .F. ) ;
#8100 = CARTESIAN_POINT ( 'NONE',  ( 0.08150322895404027435, -7.451221520006853005, 6.000000000000000000 ) ) ;
#8101 = B_SPLINE_CURVE_WITH_KNOTS ( 'NONE', 3,
 ( #2899, #6031, #8004, #8137, #7399, #1527, #193, #830, #1445, #3453, #2085, #2214, #5425, #6165, #6123, #877, #2125, #4741, #239 ),
 .UNSPECIFIED., .F., .F.,
 ( 4, 1, 1, 1, 1, 1, 1, 1, 1, 1, 1, 1, 1, 1, 1, 1, 4 ),
 ( 0.000000000000000000, 0.06675771127909888025, 0.1317324785734523551, 0.1948167910261858204, 0.2570269751173335226, 0.3187274376799378306, 0.3803299566842556212, 0.4433052533380152371, 0.5074457357281488834, 0.5714909223970685570, 0.6333486697152077571, 0.6939309794721829627, 0.7539203747855195425, 0.8137951195536999860, 0.8745193245299823781, 0.9362197870925862420, 1.000000000000000000 ),
 .UNSPECIFIED. ) ;
#8102 = CARTESIAN_POINT ( 'NONE',  ( -2.985803957072745263, 3.633651443907292666, 2.260366788867223864 ) ) ;
#8103 = CARTESIAN_POINT ( 'NONE',  ( 1.705591011689343794, -9.115154782218432672, 5.500000000000000000 ) ) ;
#8104 = CYLINDRICAL_SURFACE ( 'NONE', #6250, 1.449999999999999956 ) ;
#8105 = ORIENTED_EDGE ( 'NONE', *, *, #7035, .T. ) ;
#8106 = CARTESIAN_POINT ( 'NONE',  ( 2.625912126377379696, -5.067577576158011077, 6.000000000000000000 ) ) ;
#8107 = PLANE ( 'NONE',  #6894 ) ;
#8108 = VERTEX_POINT ( 'NONE', #5833 ) ;
#8109 = VECTOR ( 'NONE', #2943, 1000.000000000000000 ) ;
#8110 = CARTESIAN_POINT ( 'NONE',  ( 47.00000000000001421, 7.000000000000261124, 4.999999999999673150 ) ) ;
#8111 = CARTESIAN_POINT ( 'NONE',  ( -17.00000000000011013, 23.69999999999988205, 5.000000000000123457 ) ) ;
#8112 = ORIENTED_EDGE ( 'NONE', *, *, #7100, .F. ) ;
#8113 = DIRECTION ( 'NONE',  ( -7.888609052210118054E-31, -5.605193857299268284E-45, 1.000000000000000000 ) ) ;
#8114 = ORIENTED_EDGE ( 'NONE', *, *, #3393, .F. ) ;
#8115 = DIRECTION ( 'NONE',  ( -0.2920876579272057572, 0.9563915516599880151, -3.944304526105058151E-31 ) ) ;
#8116 = CARTESIAN_POINT ( 'NONE',  ( 0.1414048369820250228, -8.732247550473946518, 5.500000000000000888 ) ) ;
#8117 = ORIENTED_EDGE ( 'NONE', *, *, #7594, .F. ) ;
#8118 = AXIS2_PLACEMENT_3D ( 'NONE', #4468, #6, #613 ) ;
#8119 = ORIENTED_EDGE ( 'NONE', *, *, #3745, .T. ) ;
#8120 = CYLINDRICAL_SURFACE ( 'NONE', #5666, 1.549999999999999378 ) ;
#8121 = AXIS2_PLACEMENT_3D ( 'NONE', #6382, #8318, #8352 ) ;
#8122 = DIRECTION ( 'NONE',  ( 7.888609052210118054E-31, 5.508586259044128230E-45, -1.000000000000000000 ) ) ;
#8123 = ORIENTED_EDGE ( 'NONE', *, *, #2744, .F. ) ;
#8124 = FACE_OUTER_BOUND ( 'NONE', #2933, .T. ) ;
#8125 = PLANE ( 'NONE',  #7480 ) ;
#8126 = ORIENTED_EDGE ( 'NONE', *, *, #3430, .F. ) ;
#8127 = CARTESIAN_POINT ( 'NONE',  ( 0.6042115278615280971, -14.06563777755127020, 5.999999999999999112 ) ) ;
#8128 = EDGE_LOOP ( 'NONE', ( #7584, #4414, #5955, #3144 ) ) ;
#8129 = CARTESIAN_POINT ( 'NONE',  ( 1.927233933905388330, -3.636549710977123429, 5.500000000000000000 ) ) ;
#8130 = VECTOR ( 'NONE', #4000, 1000.000000000000000 ) ;
#8131 = CARTESIAN_POINT ( 'NONE',  ( -2.423274939833160335, -4.145137321215554671, 6.000000000000000888 ) ) ;
#8132 = ORIENTED_EDGE ( 'NONE', *, *, #169, .F. ) ;
#8133 = AXIS2_PLACEMENT_3D ( 'NONE', #8183, #276, #6974 ) ;
#8134 = EDGE_CURVE ( 'NONE', #7983, #5066, #1924, .T. ) ;
#8135 = CARTESIAN_POINT ( 'NONE',  ( 1.705591011689343794, -9.115154782218432672, 6.000000000000000000 ) ) ;
#8136 = VERTEX_POINT ( 'NONE', #4828 ) ;
#8137 = CARTESIAN_POINT ( 'NONE',  ( 1.239809690051709934, -7.312864357552980366, 5.500000000000000000 ) ) ;
#8138 = CARTESIAN_POINT ( 'NONE',  ( 2.409843370120654971, 1.475177396220332060, 2.276695463209204906 ) ) ;
#8139 = CARTESIAN_POINT ( 'NONE',  ( -60.99999999999979394, -22.50000000000042633, 2.500000000000414335 ) ) ;
#8140 = DIRECTION ( 'NONE',  ( -7.888609052210118054E-31, -5.605193857299268284E-45, 1.000000000000000000 ) ) ;
#8141 = FACE_BOUND ( 'NONE', #7531, .T. ) ;
#8142 = CARTESIAN_POINT ( 'NONE',  ( 4.000000000000014211, 1.250000000000028200, 0.8000000000000001554 ) ) ;
#8143 = CARTESIAN_POINT ( 'NONE',  ( -1.041652183810082732, -5.650757392627247633, 5.500000000000000000 ) ) ;
#8144 = AXIS2_PLACEMENT_3D ( 'NONE', #7718, #3091, #5021 ) ;
#8145 = CARTESIAN_POINT ( 'NONE',  ( -1.638412643883273345, -4.618460859050371070, 6.000000000000000000 ) ) ;
#8146 = ADVANCED_FACE ( 'NONE', ( #4699 ), #3284, .T. ) ;
#8147 = CARTESIAN_POINT ( 'NONE',  ( 0.002003205128257268611, -4.144871794871797910, 6.000000000000000000 ) ) ;
#8148 = ADVANCED_FACE ( 'NONE', ( #198 ), #1532, .F. ) ;
#8149 = LINE ( 'NONE', #6083, #5262 ) ;
#8150 = AXIS2_PLACEMENT_3D ( 'NONE', #4228, #7493, #1619 ) ;
#8151 = CARTESIAN_POINT ( 'NONE',  ( -3.687478813498444197, 1.249999999999974465, 0.9999999999999988898 ) ) ;
#8152 = CARTESIAN_POINT ( 'NONE',  ( 1.730769230769316103, -8.906490384615372236, 5.500000000000000000 ) ) ;
#8153 = ORIENTED_EDGE ( 'NONE', *, *, #7834, .T. ) ;
#8154 = CARTESIAN_POINT ( 'NONE',  ( 2.270335163401764778, -10.03265414306578940, 5.500000000000000888 ) ) ;
#8155 = ORIENTED_EDGE ( 'NONE', *, *, #4732, .F. ) ;
#8156 = CYLINDRICAL_SURFACE ( 'NONE', #697, 3.100000000000000089 ) ;
#8157 = EDGE_CURVE ( 'NONE', #6715, #6329, #1405, .T. ) ;
#8158 = VECTOR ( 'NONE', #6246, 1000.000000000000227 ) ;
#8159 = CARTESIAN_POINT ( 'NONE',  ( -0.9410415836313309468, -5.673966946163640834, 5.500000000000000888 ) ) ;
#8160 = DIRECTION ( 'NONE',  ( -0.5507286755606038975, -0.8346843271053212554, -7.888609052210117178E-31 ) ) ;
#8161 = EDGE_LOOP ( 'NONE', ( #5540, #763, #5525, #4574 ) ) ;
#8162 = LINE ( 'NONE', #4294, #2410 ) ;
#8163 = CARTESIAN_POINT ( 'NONE',  ( -48.99999999999984368, -18.50000000000033751, 3.317568303507659991E-13 ) ) ;
#8164 = EDGE_LOOP ( 'NONE', ( #7770, #2329, #4830, #6441 ) ) ;
#8165 = VECTOR ( 'NONE', #2161, 1000.000000000000114 ) ;
#8166 = CIRCLE ( 'NONE', #6109, 3.100000000000000089 ) ;
#8167 = ORIENTED_EDGE ( 'NONE', *, *, #4138, .F. ) ;
#8168 = CARTESIAN_POINT ( 'NONE',  ( -3.099320118772018073, 2.864921501638373336, 2.257672572958874468 ) ) ;
#8169 = CARTESIAN_POINT ( 'NONE',  ( -0.7674176176608434874, -14.70901653339351611, 5.500000000000000000 ) ) ;
#8170 = EDGE_CURVE ( 'NONE', #481, #3558, #500, .T. ) ;
#8171 = AXIS2_PLACEMENT_3D ( 'NONE', #4944, #8075, #7564 ) ;
#8172 = AXIS2_PLACEMENT_3D ( 'NONE', #5762, #3920, #2549 ) ;
#8173 = PLANE ( 'NONE',  #6942 ) ;
#8174 = ORIENTED_EDGE ( 'NONE', *, *, #5590, .F. ) ;
#8175 = CARTESIAN_POINT ( 'NONE',  ( 2.545562548314477702, 4.569212059821749605, 6.000000000000000000 ) ) ;
#8176 = FILL_AREA_STYLE_COLOUR ( '', #6511 ) ;
#8177 = ORIENTED_EDGE ( 'NONE', *, *, #3472, .F. ) ;
#8178 = VERTEX_POINT ( 'NONE', #2903 ) ;
#8179 = CARTESIAN_POINT ( 'NONE',  ( 39.90000000000018332, -19.49999999999971934, 2.999999999999727329 ) ) ;
#8180 =( GEOMETRIC_REPRESENTATION_CONTEXT ( 3 ) GLOBAL_UNCERTAINTY_ASSIGNED_CONTEXT ( ( #225 ) ) GLOBAL_UNIT_ASSIGNED_CONTEXT ( ( #4650, #4055, #6594 ) ) REPRESENTATION_CONTEXT ( 'NONE', 'WORKASPACE' ) );
#8181 = CARTESIAN_POINT ( 'NONE',  ( 2.033940751358780386, -3.706043126202814619, 5.500000000000000888 ) ) ;
#8182 = CIRCLE ( 'NONE', #3493, 3.100000000000000089 ) ;
#8183 = CARTESIAN_POINT ( 'NONE',  ( 3.131316011514059253E-15, 2.799999999999999822, 3.000000000000000000 ) ) ;
#8184 = VERTEX_POINT ( 'NONE', #112 ) ;
#8185 = CARTESIAN_POINT ( 'NONE',  ( -1.752915971808859386, 0.6810885823665517869, 3.000000000000000000 ) ) ;
#8186 = ORIENTED_EDGE ( 'NONE', *, *, #6895, .F. ) ;
#8187 = CARTESIAN_POINT ( 'NONE',  ( 3.066744232185273145, 2.347142611456577210, 2.253977467919163313 ) ) ;
#8188 = FACE_OUTER_BOUND ( 'NONE', #2923, .T. ) ;
#8189 = DIRECTION ( 'NONE',  ( -1.000000000000000000, -6.982962677686265922E-15, -7.888609052210118054E-31 ) ) ;
#8190 = CARTESIAN_POINT ( 'NONE',  ( -0.8247689642794034937, -4.197423305668517735, 5.500000000000000888 ) ) ;
#8191 = CARTESIAN_POINT ( 'NONE',  ( 42.21897503240954563, -22.49999999999970512, 4.999999999999713118 ) ) ;
#8192 = CARTESIAN_POINT ( 'NONE',  ( 0.1291706833797351128, -8.894877637898376932, 5.500000000000000888 ) ) ;
#8193 = CARTESIAN_POINT ( 'NONE',  ( 2.750000000000002665, 2.800000000000018918, 2.263451893019722938 ) ) ;
#8194 = CYLINDRICAL_SURFACE ( 'NONE', #8284, 1.099999999999996758 ) ;
#8195 = CARTESIAN_POINT ( 'NONE',  ( -0.3047447784968336792, -13.54893172369067855, 5.500000000000000000 ) ) ;
#8196 = CARTESIAN_POINT ( 'NONE',  ( -48.99999999999998579, 5.299999999999656985, 2.500000000000330402 ) ) ;
#8197 = FACE_OUTER_BOUND ( 'NONE', #7639, .T. ) ;
#8198 = CARTESIAN_POINT ( 'NONE',  ( 1.385975296699110570, -9.538414328113615781, 6.000000000000000000 ) ) ;
#8199 = LINE ( 'NONE', #942, #4721 ) ;
#8200 = ORIENTED_EDGE ( 'NONE', *, *, #3694, .T. ) ;
#8201 = DIRECTION ( 'NONE',  ( -6.982962677686265922E-15, -4.876176775795934672E-29, -1.000000000000000000 ) ) ;
#8202 = ORIENTED_EDGE ( 'NONE', *, *, #3062, .T. ) ;
#8203 = EDGE_CURVE ( 'NONE', #6760, #4249, #3659, .T. ) ;
#8204 = CARTESIAN_POINT ( 'NONE',  ( 2.475737721541588776, -12.04499541931362394, 5.500000000000000000 ) ) ;
#8205 = EDGE_CURVE ( 'NONE', #315, #3610, #936, .T. ) ;
#8206 = CARTESIAN_POINT ( 'NONE',  ( -1.019486604889566550, -0.1275667477362047164, 6.000000000000000000 ) ) ;
#8207 = ORIENTED_EDGE ( 'NONE', *, *, #1506, .F. ) ;
#8208 = LINE ( 'NONE', #8245, #7216 ) ;
#8209 = EDGE_CURVE ( 'NONE', #2494, #2291, #284, .T. ) ;
#8210 = ORIENTED_EDGE ( 'NONE', *, *, #1177, .F. ) ;
#8211 = EDGE_CURVE ( 'NONE', #6238, #3234, #2266, .T. ) ;
#8212 = CARTESIAN_POINT ( 'NONE',  ( 1.282051282051372088, -9.593589743589737040, 5.500000000000000888 ) ) ;
#8213 = CARTESIAN_POINT ( 'NONE',  ( 0.3502575528615078371, -8.382833029368619293, 5.500000000000000000 ) ) ;
#8214 = ORIENTED_EDGE ( 'NONE', *, *, #5400, .T. ) ;
#8215 = ORIENTED_EDGE ( 'NONE', *, *, #6201, .F. ) ;
#8216 = LINE ( 'NONE', #4982, #2791 ) ;
#8217 = CARTESIAN_POINT ( 'NONE',  ( -2.556885336192701974, 3.812342519882829794, 2.260366788867223864 ) ) ;
#8218 = EDGE_LOOP ( 'NONE', ( #7963, #1302, #1777, #3099 ) ) ;
#8219 = DIRECTION ( 'NONE',  ( -7.888609052210118054E-31, -5.605193857299268284E-45, 1.000000000000000000 ) ) ;
#8220 = FILL_AREA_STYLE ('',( #8176 ) ) ;
#8221 = ORIENTED_EDGE ( 'NONE', *, *, #5776, .F. ) ;
#8222 = VERTEX_POINT ( 'NONE', #1666 ) ;
#8223 = DIRECTION ( 'NONE',  ( -6.982962677686265133E-15, 1.000000000000000000, 0.000000000000000000 ) ) ;
#8224 = LINE ( 'NONE', #3067, #7720 ) ;
#8225 = ORIENTED_EDGE ( 'NONE', *, *, #1325, .T. ) ;
#8226 = CARTESIAN_POINT ( 'NONE',  ( 1.925558118862802814, 0.3705502822899265358, 6.000000000000000000 ) ) ;
#8227 = ORIENTED_EDGE ( 'NONE', *, *, #3220, .T. ) ;
#8228 = DIRECTION ( 'NONE',  ( 1.000000000000000000, 6.888341397178440152E-15, -6.982962677686265922E-15 ) ) ;
#8229 = CARTESIAN_POINT ( 'NONE',  ( 1.282051282051379193, -10.61923076923076081, 5.500000000000000888 ) ) ;
#8230 = CARTESIAN_POINT ( 'NONE',  ( 39.99999999999984368, 23.70000000000027995, -2.793185071074506684E-13 ) ) ;
#8231 = LINE ( 'NONE', #5046, #1820 ) ;
#8232 = CARTESIAN_POINT ( 'NONE',  ( 1.474358974359079699, -11.74102564102563484, 6.000000000000000000 ) ) ;
#8233 = DIRECTION ( 'NONE',  ( -0.2236320174572654085, -0.9746736483397883122, -1.972152263052529514E-31 ) ) ;
#8234 = PLANE ( 'NONE',  #1853 ) ;
#8235 = DIRECTION ( 'NONE',  ( -6.982962677686265922E-15, -4.876176775795934672E-29, -1.000000000000000000 ) ) ;
#8236 = CARTESIAN_POINT ( 'NONE',  ( 1.005544403265598463, -14.01809621028812991, 6.000000000000000888 ) ) ;
#8237 = ORIENTED_EDGE ( 'NONE', *, *, #2816, .F. ) ;
#8238 = CARTESIAN_POINT ( 'NONE',  ( 21.00000000000017764, -19.49999999999985079, 2.999999999999859668 ) ) ;
#8239 = ORIENTED_EDGE ( 'NONE', *, *, #4095, .T. ) ;
#8240 = CARTESIAN_POINT ( 'NONE',  ( 2.406055790313988307, -12.12780954782422960, 5.500000000000000888 ) ) ;
#8241 = DIRECTION ( 'NONE',  ( -7.888609052210118054E-31, -5.605193857299268284E-45, 1.000000000000000000 ) ) ;
#8242 = AXIS2_PLACEMENT_3D ( 'NONE', #5466, #1621, #4230 ) ;
#8243 = DIRECTION ( 'NONE',  ( -7.888609052210118054E-31, -5.605193857299268284E-45, 1.000000000000000000 ) ) ;
#8244 = EDGE_LOOP ( 'NONE', ( #7993, #6645, #8126, #6500 ) ) ;
#8245 = CARTESIAN_POINT ( 'NONE',  ( -0.7211538461537594369, -9.110817307692313349, 5.500000000000000888 ) ) ;
#8246 = EDGE_CURVE ( 'NONE', #2596, #8178, #4077, .T. ) ;
#8247 = CARTESIAN_POINT ( 'NONE',  ( 1.705591011689343794, -9.115154782218432672, 5.500000000000000000 ) ) ;
#8248 = ADVANCED_FACE ( 'NONE', ( #5696 ), #7500, .F. ) ;
#8249 = DIRECTION ( 'NONE',  ( 1.000000000000000000, 6.715058616684416976E-15, -6.994852725712934581E-15 ) ) ;
#8250 = ORIENTED_EDGE ( 'NONE', *, *, #6462, .F. ) ;
#8251 = EDGE_LOOP ( 'NONE', ( #2389, #6565 ) ) ;
#8252 = CARTESIAN_POINT ( 'NONE',  ( 46.10000000000019327, -19.49999999999967670, 4.999999999999686473 ) ) ;
#8253 = VECTOR ( 'NONE', #2820, 1000.000000000000227 ) ;
#8254 = EDGE_CURVE ( 'NONE', #4970, #1776, #2395, .T. ) ;
#8255 = DIRECTION ( 'NONE',  ( -7.888609052210118054E-31, -5.605193857299268284E-45, 1.000000000000000000 ) ) ;
#8256 = VERTEX_POINT ( 'NONE', #7626 ) ;
#8257 = CARTESIAN_POINT ( 'NONE',  ( 2.127069218349288970, -13.60417259753689301, 6.000000000000000000 ) ) ;
#8258 = CARTESIAN_POINT ( 'NONE',  ( 3.131316011514056098E-15, 2.799999999999999822, 6.000000000000000000 ) ) ;
#8259 = EDGE_CURVE ( 'NONE', #3412, #7550, #636, .T. ) ;
#8260 = VERTEX_POINT ( 'NONE', #3721 ) ;
#8261 = ORIENTED_EDGE ( 'NONE', *, *, #6635, .T. ) ;
#8262 = FACE_OUTER_BOUND ( 'NONE', #5598, .T. ) ;
#8263 = EDGE_CURVE ( 'NONE', #2302, #7481, #377, .T. ) ;
#8264 = EDGE_CURVE ( 'NONE', #6248, #4567, #2289, .T. ) ;
#8265 = VECTOR ( 'NONE', #6085, 1000.000000000000000 ) ;
#8266 = CARTESIAN_POINT ( 'NONE',  ( 41.45000000000019469, -19.49999999999970868, 4.999999999999718447 ) ) ;
#8267 = ORIENTED_EDGE ( 'NONE', *, *, #7999, .T. ) ;
#8268 = DIRECTION ( 'NONE',  ( -0.01774937233851449359, -0.9998424674825473479, -2.736911063134408342E-48 ) ) ;
#8269 = ORIENTED_EDGE ( 'NONE', *, *, #6678, .T. ) ;
#8270 = DIRECTION ( 'NONE',  ( -7.888609052210118054E-31, -5.605193857299268284E-45, 1.000000000000000000 ) ) ;
#8271 = AXIS2_PLACEMENT_3D ( 'NONE', #5418, #2813, #2209 ) ;
#8272 = CARTESIAN_POINT ( 'NONE',  ( 2.017227564102673565, -12.28589743589742689, 5.500000000000000888 ) ) ;
#8273 = CARTESIAN_POINT ( 'NONE',  ( 32.00000000000007816, -6.599999999999771383, -2.199853587340070720E-13 ) ) ;
#8274 = DIRECTION ( 'NONE',  ( 0.9454218362758041172, 0.3258489703726049624, 7.888609052210119806E-31 ) ) ;
#8275 = VECTOR ( 'NONE', #448, 1000.000000000000000 ) ;
#8276 = CARTESIAN_POINT ( 'NONE',  ( -0.4462800840703868843, -4.157482529281845807, 6.000000000000000000 ) ) ;
#8277 = CARTESIAN_POINT ( 'NONE',  ( 2.354002799544582469, -9.917711619052731464, 6.000000000000000000 ) ) ;
#8278 = DIRECTION ( 'NONE',  ( -7.888609052210118054E-31, -5.605193857299268284E-45, 1.000000000000000000 ) ) ;
#8279 = DIRECTION ( 'NONE',  ( 7.140664811865975012E-15, 4.984807389725283065E-29, 1.000000000000000000 ) ) ;
#8280 = CARTESIAN_POINT ( 'NONE',  ( 0.1291706833797762466, -14.72821097123170730, 6.000000000000000000 ) ) ;
#8281 = DIRECTION ( 'NONE',  ( -0.9989839990757125587, 0.04506627997401949082, -7.888609052210118054E-31 ) ) ;
#8282 = ORIENTED_EDGE ( 'NONE', *, *, #4732, .T. ) ;
#8283 = CARTESIAN_POINT ( 'NONE',  ( 0.8884214743590894692, -13.11923076923075904, 6.000000000000000000 ) ) ;
#8284 = AXIS2_PLACEMENT_3D ( 'NONE', #2319, #2953, #3077 ) ;
#8285 = VERTEX_POINT ( 'NONE', #6906 ) ;
#8286 = CARTESIAN_POINT ( 'NONE',  ( 2.053854981828608928, -12.28412070355327046, 5.500000000000000000 ) ) ;
#8287 = AXIS2_PLACEMENT_3D ( 'NONE', #875, #6121, #2167 ) ;
#8288 = CARTESIAN_POINT ( 'NONE',  ( 0.7207402304322201303, -6.615947894303424448, 6.000000000000000000 ) ) ;
#8289 = CARTESIAN_POINT ( 'NONE',  ( 2.004663725408922126, 0.9174954586961460157, 2.337413152810805528 ) ) ;
#8290 = LINE ( 'NONE', #471, #3307 ) ;
#8291 = DIRECTION ( 'NONE',  ( 1.000000000000000000, 6.715058616684402777E-15, -6.994852725712919592E-15 ) ) ;
#8292 = ORIENTED_EDGE ( 'NONE', *, *, #8506, .T. ) ;
#8293 = VERTEX_POINT ( 'NONE', #6215 ) ;
#8294 = DIRECTION ( 'NONE',  ( 6.982962677686265922E-15, 4.876176775795934672E-29, 1.000000000000000000 ) ) ;
#8295 = AXIS2_PLACEMENT_3D ( 'NONE', #1186, #11, #533 ) ;
#8296 = CARTESIAN_POINT ( 'NONE',  ( -41.44999999999981810, -19.50000000000028777, 3.000000000000291767 ) ) ;
#8297 = ORIENTED_EDGE ( 'NONE', *, *, #3056, .F. ) ;
#8298 = VECTOR ( 'NONE', #5535, 999.9999999999998863 ) ;
#8299 = CARTESIAN_POINT ( 'NONE',  ( 0.5169831148199648396, -0.2565877149185577522, 6.000000000000000000 ) ) ;
#8300 = CIRCLE ( 'NONE', #1582, 3.099999999999998757 ) ;
#8301 = ORIENTED_EDGE ( 'NONE', *, *, #3009, .F. ) ;
#8302 = ORIENTED_EDGE ( 'NONE', *, *, #7035, .F. ) ;
#8303 = CARTESIAN_POINT ( 'NONE',  ( -2.019237580609386296, -3.705987933263395817, 5.500000000000000000 ) ) ;
#8304 = AXIS2_PLACEMENT_3D ( 'NONE', #6000, #3977, #1403 ) ;
#8305 = ADVANCED_FACE ( 'NONE', ( #2995 ), #8317, .F. ) ;
#8306 = AXIS2_PLACEMENT_3D ( 'NONE', #8505, #3434, #7853 ) ;
#8307 = EDGE_CURVE ( 'NONE', #3715, #1739, #330, .T. ) ;
#8308 = LINE ( 'NONE', #2431, #1829 ) ;
#8309 = CARTESIAN_POINT ( 'NONE',  ( -2.224796734531076403, 1.183590556195663224, 2.302585434167871981 ) ) ;
#8310 = VERTEX_POINT ( 'NONE', #1019 ) ;
#8311 = CARTESIAN_POINT ( 'NONE',  ( 22.55000000000016058, -19.49999999999984013, -1.539963614298718831E-13 ) ) ;
#8312 = AXIS2_PLACEMENT_3D ( 'NONE', #1143, #499, #5737 ) ;
#8313 = CARTESIAN_POINT ( 'NONE',  ( -48.99999999999979394, -22.50000000000034106, 2.500000000000330402 ) ) ;
#8314 = CIRCLE ( 'NONE', #7341, 3.100000000000000089 ) ;
#8315 = EDGE_CURVE ( 'NONE', #408, #4941, #4392, .T. ) ;
#8316 = CARTESIAN_POINT ( 'NONE',  ( -0.8959985705277990764, -0.1676904423494273155, 3.000000000000000000 ) ) ;
#8317 = CYLINDRICAL_SURFACE ( 'NONE', #2143, 1.550000000000002709 ) ;
#8318 = DIRECTION ( 'NONE',  ( 6.867314445954479045E-15, 4.797243844499407540E-29, 1.000000000000000000 ) ) ;
#8319 = AXIS2_PLACEMENT_3D ( 'NONE', #3506, #6128, #2221 ) ;
#8320 = CARTESIAN_POINT ( 'NONE',  ( -1.019486604889566328, -0.1275667477362047164, 3.000000000000000000 ) ) ;
#8321 = CARTESIAN_POINT ( 'NONE',  ( 2.580482831287405521, -9.401175411783805558, 6.000000000000000000 ) ) ;
#8322 = CARTESIAN_POINT ( 'NONE',  ( -2.537111769194970279, -5.523034643533975441, 5.999999999999999112 ) ) ;
#8323 = DIRECTION ( 'NONE',  ( -1.000000000000000000, -6.982962677686265922E-15, -7.888609052210118054E-31 ) ) ;
#8324 = ADVANCED_FACE ( 'NONE', ( #5609 ), #3638, .T. ) ;
#8325 = FACE_OUTER_BOUND ( 'NONE', #7078, .T. ) ;
#8326 = DIRECTION ( 'NONE',  ( 6.867314445954479834E-15, 4.797243844499408100E-29, 1.000000000000000000 ) ) ;
#8327 = ORIENTED_EDGE ( 'NONE', *, *, #542, .F. ) ;
#8328 = CARTESIAN_POINT ( 'NONE',  ( 1.406341796260496269, -13.18419692669159637, 6.000000000000000000 ) ) ;
#8329 = ORIENTED_EDGE ( 'NONE', *, *, #8083, .F. ) ;
#8330 = CYLINDRICAL_SURFACE ( 'NONE', #1316, 3.100000000000000089 ) ;
#8331 = PLANE ( 'NONE',  #3076 ) ;
#8332 = CARTESIAN_POINT ( 'NONE',  ( 2.347463941177844848, -13.85981260498944145, 5.500000000000000000 ) ) ;
#8333 = CARTESIAN_POINT ( 'NONE',  ( 0.1414048369820665452, -14.56558088380728222, 6.000000000000000000 ) ) ;
#8334 = ORIENTED_EDGE ( 'NONE', *, *, #1856, .F. ) ;
#8335 = ORIENTED_EDGE ( 'NONE', *, *, #5599, .F. ) ;
#8336 = CARTESIAN_POINT ( 'NONE',  ( -0.7285882378181303132, -14.91754033913798061, 6.000000000000000000 ) ) ;
#8337 = CARTESIAN_POINT ( 'NONE',  ( 2.857775769924342235, 4.001298318001549781, 3.000000000000000000 ) ) ;
#8338 = ORIENTED_EDGE ( 'NONE', *, *, #1618, .T. ) ;
#8339 = DIRECTION ( 'NONE',  ( -6.982962677686265133E-15, 1.000000000000000000, 0.000000000000000000 ) ) ;
#8340 = VERTEX_POINT ( 'NONE', #5774 ) ;
#8341 = EDGE_LOOP ( 'NONE', ( #366, #2584, #7824, #3518 ) ) ;
#8342 = CARTESIAN_POINT ( 'NONE',  ( -10.99999999999978151, -27.50000000000007461, 3.000000000000000000 ) ) ;
#8343 = CARTESIAN_POINT ( 'NONE',  ( -1.795331913733362983, -3.568900437279742821, 6.000000000000000000 ) ) ;
#8344 = CARTESIAN_POINT ( 'NONE',  ( -20.99999999999982947, -19.50000000000014211, 3.000000000000149214 ) ) ;
#8345 = ORIENTED_EDGE ( 'NONE', *, *, #3625, .T. ) ;
#8346 = CARTESIAN_POINT ( 'NONE',  ( -0.5084190896581688435, -13.77813632416300038, 5.500000000000000000 ) ) ;
#8347 = CARTESIAN_POINT ( 'NONE',  ( 1.168395091777618022, -14.04542268499401558, 6.000000000000000000 ) ) ;
#8348 = EDGE_CURVE ( 'NONE', #3296, #4950, #5820, .T. ) ;
#8349 = ADVANCED_FACE ( 'NONE', ( #5076 ), #4723, .T. ) ;
#8350 = CARTESIAN_POINT ( 'NONE',  ( 0.002003205128251001922, -3.247435897435900110, 6.000000000000000000 ) ) ;
#8351 = DIRECTION ( 'NONE',  ( 6.888341397178440152E-15, -1.000000000000000000, 6.607368703010305184E-31 ) ) ;
#8352 = DIRECTION ( 'NONE',  ( -1.000000000000000000, -6.825260543506556042E-15, 6.867314445954479045E-15 ) ) ;
#8353 = ADVANCED_FACE ( 'NONE', ( #6191 ), #5541, .F. ) ;
#8354 = CARTESIAN_POINT ( 'NONE',  ( 2.592510841945879552, -4.552777580947548586, 6.000000000000000000 ) ) ;
#8355 = CARTESIAN_POINT ( 'NONE',  ( 2.539957668225749199, -9.538255072770970955, 6.000000000000000000 ) ) ;
#8356 = DIRECTION ( 'NONE',  ( -7.888609052210118054E-31, -5.605193857299268284E-45, 1.000000000000000000 ) ) ;
#8357 = ORIENTED_EDGE ( 'NONE', *, *, #6572, .F. ) ;
#8358 = CARTESIAN_POINT ( 'NONE',  ( -2.499999999999868106, -15.45997596153847553, 6.000000000000000000 ) ) ;
#8359 = PLANE ( 'NONE',  #3732 ) ;
#8360 = DIRECTION ( 'NONE',  ( -0.3515636120575384993, 0.9361639956103079419, 0.000000000000000000 ) ) ;
#8361 = EDGE_LOOP ( 'NONE', ( #5874, #3825, #3211 ) ) ;
#8362 = CARTESIAN_POINT ( 'NONE',  ( 2.504402971497410313, -14.14475931424571442, 6.000000000000000000 ) ) ;
#8363 = ORIENTED_EDGE ( 'NONE', *, *, #7972, .F. ) ;
#8364 = EDGE_CURVE ( 'NONE', #4245, #1706, #2928, .T. ) ;
#8365 = CARTESIAN_POINT ( 'NONE',  ( 0.05909455128211449360, -5.747435897435900110, 6.000000000000000000 ) ) ;
#8366 = DIRECTION ( 'NONE',  ( 0.1699168137789309752, 0.9854584092670862772, 0.000000000000000000 ) ) ;
#8367 = CARTESIAN_POINT ( 'NONE',  ( 0.1726739287056641425, 0.05542649682225633118, 6.000000000000000000 ) ) ;
#8368 = DIRECTION ( 'NONE',  ( -6.982962677686265133E-15, 1.000000000000000000, 0.000000000000000000 ) ) ;
#8369 = DIRECTION ( 'NONE',  ( 6.867314445954479045E-15, 4.797243844499407540E-29, 1.000000000000000000 ) ) ;
#8370 = ORIENTED_EDGE ( 'NONE', *, *, #6309, .F. ) ;
#8371 = ORIENTED_EDGE ( 'NONE', *, *, #5251, .T. ) ;
#8372 = CARTESIAN_POINT ( 'NONE',  ( -2.499999999999925393, -7.350000000000018296, 5.500000000000000000 ) ) ;
#8373 = ADVANCED_FACE ( 'NONE', ( #5491 ), #4854, .T. ) ;
#8374 = DIRECTION ( 'NONE',  ( -0.6236474483050984396, -0.7817057376164893157, 0.000000000000000000 ) ) ;
#8375 = EDGE_LOOP ( 'NONE', ( #5619, #8079, #2963, #601 ) ) ;
#8376 = DIRECTION ( 'NONE',  ( 0.9793242484501311074, -0.2022968521692459498, 7.888609052210118054E-31 ) ) ;
#8377 = CARTESIAN_POINT ( 'NONE',  ( 0.05909455128211449360, -5.747435897435900110, 5.500000000000000888 ) ) ;
#8378 = DIRECTION ( 'NONE',  ( 1.000000000000000000, 7.178166107490237014E-15, 0.000000000000000000 ) ) ;
#8379 = ORIENTED_EDGE ( 'NONE', *, *, #5365, .T. ) ;
#8380 = VECTOR ( 'NONE', #3431, 1000.000000000000114 ) ;
#8381 = ORIENTED_EDGE ( 'NONE', *, *, #490, .T. ) ;
#8382 = CARTESIAN_POINT ( 'NONE',  ( 0.8910490309017429222, -8.183738561212411611, 5.500000000000000888 ) ) ;
#8383 = CARTESIAN_POINT ( 'NONE',  ( -14.99999999999981881, -22.50000000000010303, 6.000000000000000000 ) ) ;
#8384 = ADVANCED_BREP_SHAPE_REPRESENTATION ( 'ServoBracket', ( #4359, #7372, #1676, #4349, #1658, #367 ), #8180 ) ;
#8385 = AXIS2_PLACEMENT_3D ( 'NONE', #1686, #5626, #4295 ) ;
#8386 = CARTESIAN_POINT ( 'NONE',  ( -2.019237580609386296, -3.705987933263395817, 6.000000000000000000 ) ) ;
#8387 = CARTESIAN_POINT ( 'NONE',  ( 0.4065742163339937099, -8.335139532048970068, 6.000000000000000000 ) ) ;
#8388 = ORIENTED_EDGE ( 'NONE', *, *, #478, .T. ) ;
#8389 = CARTESIAN_POINT ( 'NONE',  ( 1.712555667977651908, -12.19813672834541052, 5.500000000000000000 ) ) ;
#8390 = DIRECTION ( 'NONE',  ( 7.888609052210118054E-31, 5.605193857299268284E-45, -1.000000000000000000 ) ) ;
#8391 = CARTESIAN_POINT ( 'NONE',  ( -0.7087255150782174606, -5.710452864953973418, 6.000000000000000000 ) ) ;
#8392 = VECTOR ( 'NONE', #4918, 1000.000000000000000 ) ;
#8393 = ADVANCED_FACE ( 'NONE', ( #7431 ), #996, .F. ) ;
#8394 = CARTESIAN_POINT ( 'NONE',  ( 1.071108006631308562, -3.328629568172472464, 6.000000000000000000 ) ) ;
#8395 = VECTOR ( 'NONE', #6643, 1000.000000000000114 ) ;
#8396 = CARTESIAN_POINT ( 'NONE',  ( 1.730769230769288347, -4.939142628205118513, 5.500000000000000000 ) ) ;
#8397 = ORIENTED_EDGE ( 'NONE', *, *, #7402, .T. ) ;
#8398 = CARTESIAN_POINT ( 'NONE',  ( 1.564963387258349714, -7.405683959984601827, 5.500000000000000000 ) ) ;
#8399 = CARTESIAN_POINT ( 'NONE',  ( 19.45000000000019114, -19.49999999999986144, 4.999999999999872102 ) ) ;
#8400 = LINE ( 'NONE', #5787, #2416 ) ;
#8401 = ORIENTED_EDGE ( 'NONE', *, *, #3625, .F. ) ;
#8402 = CYLINDRICAL_SURFACE ( 'NONE', #8456, 3.100000000000000089 ) ;
#8403 = CARTESIAN_POINT ( 'NONE',  ( -10.99999999999981526, -22.50000000000007105, 3.000000000000000000 ) ) ;
#8404 = ORIENTED_EDGE ( 'NONE', *, *, #1242, .F. ) ;
#8405 = AXIS2_PLACEMENT_3D ( 'NONE', #3236, #7818, #6622 ) ;
#8406 = EDGE_CURVE ( 'NONE', #816, #1390, #4790, .T. ) ;
#8407 = ADVANCED_FACE ( 'NONE', ( #7668 ), #6108, .T. ) ;
#8408 = B_SPLINE_CURVE_WITH_KNOTS ( 'NONE', 3,
 ( #6784, #1550, #853, #902, #3474, #6095, #257, #7676, #8457, #2411, #5057, #1799, #469, #6437, #3777, #6397, #1204, #4373, #5753, #3695, #5020, #7641, #8288, #1160, #551, #3859, #3215 ),
 .UNSPECIFIED., .F., .F.,
 ( 4, 1, 1, 1, 1, 1, 1, 1, 1, 1, 1, 1, 1, 1, 1, 1, 1, 1, 1, 1, 1, 1, 1, 1, 4 ),
 ( 0.000000000000000000, 0.03821658268426064015, 0.07486572344797987055, 0.1101559045115487190, 0.1447283782661478169, 0.1780829500235387997, 0.2111733423684231947, 0.2436889813736914656, 0.2758730245419418470, 0.3083761647425949937, 0.3412633237069642722, 0.3751496685363219230, 0.4096539078528212974, 0.4451553130168938721, 0.4820706831605550136, 0.5205722112579805883, 0.5605493458582420097, 0.6031023994109102615, 0.6486826326874111093, 0.6979406275461326192, 0.7508050410762786564, 0.8073132105681859461, 0.8676581862989451999, 0.9318625687184259876, 1.000000000000000000 ),
 .UNSPECIFIED. ) ;
#8409 = DIRECTION ( 'NONE',  ( -6.937904925063491558E-15, 1.000000000000000000, -3.146366049052527946E-31 ) ) ;
#8410 = CARTESIAN_POINT ( 'NONE',  ( 3.131316011514062409E-15, 2.799999999999999822, 0.8000000000000003775 ) ) ;
#8411 = ORIENTED_EDGE ( 'NONE', *, *, #1855, .F. ) ;
#8412 = VECTOR ( 'NONE', #3114, 1000.000000000000114 ) ;
#8413 = CARTESIAN_POINT ( 'NONE',  ( 2.025603872369317049, 5.146684672520454917, 2.337413152810810857 ) ) ;
#8414 = DIRECTION ( 'NONE',  ( -7.888609052210118054E-31, -5.605193857299268284E-45, 1.000000000000000000 ) ) ;
#8415 = ORIENTED_EDGE ( 'NONE', *, *, #3365, .F. ) ;
#8416 = EDGE_CURVE ( 'NONE', #4804, #6178, #1880, .T. ) ;
#8417 = EDGE_LOOP ( 'NONE', ( #7850, #7180, #2942, #526 ) ) ;
#8418 = AXIS2_PLACEMENT_3D ( 'NONE', #5613, #459, #6301 ) ;
#8419 = CARTESIAN_POINT ( 'NONE',  ( 14.99999999999983480, 27.50000000000010658, 2.063301313026461295E-16 ) ) ;
#8420 = DIRECTION ( 'NONE',  ( -6.867314445954479045E-15, -4.797243844499407540E-29, -1.000000000000000000 ) ) ;
#8421 = EDGE_LOOP ( 'NONE', ( #2564, #4262, #4184, #163 ) ) ;
#8422 = DIRECTION ( 'NONE',  ( -1.000000000000000000, -6.715058616684416976E-15, 6.994852725712934581E-15 ) ) ;
#8423 = LINE ( 'NONE', #7051, #5404 ) ;
#8424 = DIRECTION ( 'NONE',  ( -7.888609052210118054E-31, -5.605193857299268284E-45, 1.000000000000000000 ) ) ;
#8425 = VERTEX_POINT ( 'NONE', #460 ) ;
#8426 = AXIS2_PLACEMENT_3D ( 'NONE', #6940, #4353, #1139 ) ;
#8427 = EDGE_CURVE ( 'NONE', #2951, #7255, #3850, .T. ) ;
#8428 = ORIENTED_EDGE ( 'NONE', *, *, #5451, .F. ) ;
#8429 = CARTESIAN_POINT ( 'NONE',  ( -2.303748958979950689, 4.874304879712423322, 2.302585434167869316 ) ) ;
#8430 = CARTESIAN_POINT ( 'NONE',  ( 2.905574167424861187, 3.880573346697639980, 3.000000000000000000 ) ) ;
#8431 = VECTOR ( 'NONE', #4231, 1000.000000000000000 ) ;
#8432 = B_SPLINE_SURFACE_WITH_KNOTS ( 'NONE', 3, 1, ( 
 ( #6571, #683 ),
 ( #7900, #4631 ),
 ( #7258, #1376 ),
 ( #6611, #5395 ),
 ( #213, #4112 ),
 ( #7471, #3433 ),
 ( #4712, #3473 ),
 ( #901, #6013 ),
 ( #2190, #4032 ),
 ( #4073, #1466 ),
 ( #6656, #6094 ),
 ( #256, #852 ),
 ( #2873, #2919 ),
 ( #1595, #6698 ),
 ( #8159, #5441 ),
 ( #3391, #8066 ),
 ( #2795, #4845 ),
 ( #125, #4798 ),
 ( #3563, #5532 ),
 ( #7420, #773 ),
 ( #2287, #2755 ),
 ( #6053, #8026 ),
 ( #4207, #1549 ) ),
 .UNSPECIFIED., .F., .F., .F.,
 ( 4, 1, 1, 1, 1, 1, 1, 1, 1, 1, 1, 1, 1, 1, 1, 1, 1, 1, 1, 1, 4 ),
 ( 2, 2 ),
 ( 0.000000000000000000, 0.05384107006395685152, 0.1055570778902908263, 0.1576598550386147379, 0.2116004015064497090, 0.2398238189631962114, 0.2697149096324073514, 0.3010045387829047292, 0.3345039043075249685, 0.3701851682565435731, 0.4079947395610690752, 0.4485928039685280755, 0.4919866939927481919, 0.5385879323590513357, 0.5903019076030817658, 0.6463263058801921312, 0.7071888705370239503, 0.7729156939026263773, 0.8436211978520827826, 0.9192973113689119069, 1.000000000000000000 ),
 ( 0.000000000000000000, 1.000000000000000000 ),
 .UNSPECIFIED. ) ;
#8433 = VECTOR ( 'NONE', #1930, 1000.000000000000114 ) ;
#8434 = LINE ( 'NONE', #1185, #6632 ) ;
#8435 = CARTESIAN_POINT ( 'NONE',  ( 0.2526678981406557667, -8.487551720725436510, 6.000000000000000000 ) ) ;
#8436 = ORIENTED_EDGE ( 'NONE', *, *, #7927, .F. ) ;
#8437 = DIRECTION ( 'NONE',  ( -7.888609052210118054E-31, -5.605193857299268284E-45, 1.000000000000000000 ) ) ;
#8438 = CARTESIAN_POINT ( 'NONE',  ( 1.909054114739532348, -12.28061468011469870, 5.500000000000000888 ) ) ;
#8439 = VECTOR ( 'NONE', #232, 1000.000000000000000 ) ;
#8440 = CARTESIAN_POINT ( 'NONE',  ( 1.332997238753920843, -10.60659269907099755, 5.500000000000000000 ) ) ;
#8441 = AXIS2_PLACEMENT_3D ( 'NONE', #2798, #1980, #2836 ) ;
#8442 = CARTESIAN_POINT ( 'NONE',  ( 1.473523686192287352, 0.4780982048694860098, 6.000000000000000000 ) ) ;
#8443 = VECTOR ( 'NONE', #3618, 1000.000000000000000 ) ;
#8444 = CIRCLE ( 'NONE', #3102, 3.099999999999998757 ) ;
#8445 = LINE ( 'NONE', #2608, #7726 ) ;
#8446 = CARTESIAN_POINT ( 'NONE',  ( -1.948116987179420168, -6.234214743589760133, 6.000000000000000000 ) ) ;
#8447 = ORIENTED_EDGE ( 'NONE', *, *, #4053, .F. ) ;
#8448 = LINE ( 'NONE', #6429, #6373 ) ;
#8449 = CARTESIAN_POINT ( 'NONE',  ( -0.7285882378181303132, -14.91754033913798061, 5.500000000000000888 ) ) ;
#8450 = CARTESIAN_POINT ( 'NONE',  ( 2.125418386480051325, -12.28064928723193461, 6.000000000000000000 ) ) ;
#8451 = ORIENTED_EDGE ( 'NONE', *, *, #532, .T. ) ;
#8452 = CARTESIAN_POINT ( 'NONE',  ( 14.99999999999986855, 22.50000000000010658, 2.063301313026461295E-16 ) ) ;
#8453 = EDGE_LOOP ( 'NONE', ( #8177, #1202, #1088, #6920 ) ) ;
#8454 = PLANE ( 'NONE',  #7296 ) ;
#8455 = EDGE_LOOP ( 'NONE', ( #6855, #1790, #8105, #771, #5960 ) ) ;
#8456 = AXIS2_PLACEMENT_3D ( 'NONE', #2525, #72, #5302 ) ;
#8457 = CARTESIAN_POINT ( 'NONE',  ( 2.429484173347395082, -5.757932974761481582, 6.000000000000000000 ) ) ;
#8458 = CARTESIAN_POINT ( 'NONE',  ( 1.730769230769288347, -4.939142628205118513, 5.500000000000000000 ) ) ;
#8459 = CARTESIAN_POINT ( 'NONE',  ( 0.1285669302982592743, -14.67933799002521944, 6.000000000000000000 ) ) ;
#8460 = ORIENTED_EDGE ( 'NONE', *, *, #1267, .T. ) ;
#8461 = CARTESIAN_POINT ( 'NONE',  ( 1.645994864032787497, -4.628348987521022195, 5.500000000000000888 ) ) ;
#8462 = EDGE_CURVE ( 'NONE', #7833, #2014, #582, .T. ) ;
#8464 = ORIENTED_EDGE ( 'NONE', *, *, #2968, .F. ) ;
#8463 = ADVANCED_FACE ( 'NONE', ( #3201 ), #3810, .F. ) ;
#8465 = CARTESIAN_POINT ( 'NONE',  ( 3.687478813498450414, 4.350000000000025402, 14.31370849898475939 ) ) ;
#8466 = ADVANCED_FACE ( 'NONE', ( #4437 ), #6796, .T. ) ;
#8467 = CARTESIAN_POINT ( 'NONE',  ( 2.053868110614655684, -11.19790628931121113, 6.000000000000000000 ) ) ;
#8468 = ORIENTED_EDGE ( 'NONE', *, *, #6994, .T. ) ;
#8469 = CARTESIAN_POINT ( 'NONE',  ( 2.628205128205255203, -14.79090544871792723, 6.000000000000000000 ) ) ;
#8470 = DIRECTION ( 'NONE',  ( -6.825260543506556042E-15, 1.000000000000000000, 1.751623080406021339E-46 ) ) ;
#8471 = FACE_OUTER_BOUND ( 'NONE', #7142, .T. ) ;
#8472 = ORIENTED_EDGE ( 'NONE', *, *, #6410, .T. ) ;
#8473 = ORIENTED_EDGE ( 'NONE', *, *, #8211, .F. ) ;
#8474 = FACE_OUTER_BOUND ( 'NONE', #1764, .T. ) ;
#8475 = CARTESIAN_POINT ( 'NONE',  ( 32.00000000000005684, -6.599999999999771383, -2.687005768509100445 ) ) ;
#8476 = CARTESIAN_POINT ( 'NONE',  ( -2.303748958979951578, 4.874304879712423322, 6.000000000000000000 ) ) ;
#8477 = FACE_OUTER_BOUND ( 'NONE', #7559, .T. ) ;
#8478 = ORIENTED_EDGE ( 'NONE', *, *, #390, .F. ) ;
#8479 = FACE_OUTER_BOUND ( 'NONE', #778, .T. ) ;
#8480 = CARTESIAN_POINT ( 'NONE',  ( 1.282051282051379193, -10.61923076923076081, 5.500000000000000888 ) ) ;
#8481 = EDGE_CURVE ( 'NONE', #2748, #5801, #5927, .T. ) ;
#8482 = CARTESIAN_POINT ( 'NONE',  ( -1.729598128940863511, -4.910340065828193268, 6.000000000000000000 ) ) ;
#8483 = DIRECTION ( 'NONE',  ( 7.025016580134188924E-15, 4.904879659903762618E-29, 1.000000000000000000 ) ) ;
#8484 = CARTESIAN_POINT ( 'NONE',  ( 0.7548344204370105448, -14.02902731344576814, 5.500000000000000888 ) ) ;
#8485 = ORIENTED_EDGE ( 'NONE', *, *, #4671, .F. ) ;
#8486 = CARTESIAN_POINT ( 'NONE',  ( 2.628205128205213903, -8.957572115384596856, 5.500000000000000888 ) ) ;
#8487 = CARTESIAN_POINT ( 'NONE',  ( -1.371161179736037683, -6.489385079046153137, 5.500000000000000888 ) ) ;
#8488 = CARTESIAN_POINT ( 'NONE',  ( 2.663603693103733683, 3.483897189703370589, 6.000000000000000000 ) ) ;
#8489 = ORIENTED_EDGE ( 'NONE', *, *, #8504, .F. ) ;
#8490 = CARTESIAN_POINT ( 'NONE',  ( -20.99999999999981526, -19.50000000000014211, 5.000000000000150990 ) ) ;
#8491 = CARTESIAN_POINT ( 'NONE',  ( -24.00000000000014566, 23.69999999999983231, 5.000000000000171418 ) ) ;
#8492 = ORIENTED_EDGE ( 'NONE', *, *, #5056, .T. ) ;
#8493 = CARTESIAN_POINT ( 'NONE',  ( 25.69999999999971863, 18.85000000000018616, -26.31292458089768260 ) ) ;
#8494 = CARTESIAN_POINT ( 'NONE',  ( -0.2285027664034000594, -4.145836342792082796, 5.500000000000000888 ) ) ;
#8495 = DIRECTION ( 'NONE',  ( -7.888609052210118054E-31, -5.605193857299268284E-45, 1.000000000000000000 ) ) ;
#8496 = DIRECTION ( 'NONE',  ( -0.8537055056913988027, 0.5207560941095104035, -7.888609052210117178E-31 ) ) ;
#8497 = CARTESIAN_POINT ( 'NONE',  ( -16.99999999999979039, -22.50000000000011724, 5.000000000000123457 ) ) ;
#8498 = VERTEX_POINT ( 'NONE', #3247 ) ;
#8499 = CARTESIAN_POINT ( 'NONE',  ( 2.476084572762805802, -11.43617997106550987, 6.000000000000000000 ) ) ;
#8500 = ORIENTED_EDGE ( 'NONE', *, *, #3262, .T. ) ;
#8501 = CARTESIAN_POINT ( 'NONE',  ( -2.728315428614806137, 2.455333607698125142, 2.257672572958873580 ) ) ;
#8502 = PRODUCT ( 'ServoBracket', 'ServoBracket', '', ( #6553 ) ) ;
#8503 = CARTESIAN_POINT ( 'NONE',  ( 2.017227564102666015, -11.19615384615383746, 6.000000000000000000 ) ) ;
#8504 = EDGE_CURVE ( 'NONE', #4268, #3855, #2854, .T. ) ;
#8505 = CARTESIAN_POINT ( 'NONE',  ( 21.00000000000017764, -19.49999999999985079, 2.999999999999859668 ) ) ;
#8506 = EDGE_CURVE ( 'NONE', #711, #8072, #3110, .T. ) ;
ENDSEC;
END-ISO-10303-21;
