ISO-10303-21;
HEADER;
FILE_DESCRIPTION (( 'STEP AP214' ),
    '1' );
FILE_NAME ('Wheel_71.5mm.STEP',
    '2026-09-12T21:53:26',
    ( '' ),
    ( '' ),
    'SwSTEP 2.0',
    'SolidWorks 2026',
    '' );
FILE_SCHEMA (( 'AUTOMOTIVE_DESIGN' ));
ENDSEC;

DATA;
#1 = FACE_OUTER_BOUND ( 'NONE', #2138, .T. ) ;
#2 = LINE ( 'NONE', #1670, #861 ) ;
#3 = LINE ( 'NONE', #1162, #896 ) ;
#4 = LINE ( 'NONE', #2019, #116 ) ;
#5 = ORIENTED_EDGE ( 'NONE', *, *, #2057, .T. ) ;
#6 = ORIENTED_EDGE ( 'NONE', *, *, #1644, .F. ) ;
#7 = AXIS2_PLACEMENT_3D ( 'NONE', #1023, #537, #1048 ) ;
#8 = ORIENTED_EDGE ( 'NONE', *, *, #319, .F. ) ;
#9 = VECTOR ( 'NONE', #1291, 1000.000000000000000 ) ;
#10 = DIRECTION ( 'NONE',  ( 0.3779644730092289739, -0.6546536707079729789, -0.6546536707079803064 ) ) ;
#11 = AXIS2_PLACEMENT_3D ( 'NONE', #1195, #1157, #1003 ) ;
#12 = CARTESIAN_POINT ( 'NONE',  ( -0.4999999999999952260, 8.500000000000001776, 12.00000000000000000 ) ) ;
#13 = VECTOR ( 'NONE', #1450, 1000.000000000000000 ) ;
#14 = ORIENTED_EDGE ( 'NONE', *, *, #1992, .F. ) ;
#15 = FACE_OUTER_BOUND ( 'NONE', #1299, .T. ) ;
#16 = CIRCLE ( 'NONE', #160, 3.000000000000000444 ) ;
#17 = ORIENTED_EDGE ( 'NONE', *, *, #451, .F. ) ;
#18 = DIRECTION ( 'NONE',  ( 0.000000000000000000, 1.000000000000000000, 0.000000000000000000 ) ) ;
#19 = DIRECTION ( 'NONE',  ( 1.264902534566421922E-16, 1.000000000000000000, 0.000000000000000000 ) ) ;
#20 = ORIENTED_EDGE ( 'NONE', *, *, #262, .T. ) ;
#21 = ADVANCED_FACE ( 'NONE', ( #1315 ), #1977, .T. ) ;
#22 = B_SPLINE_CURVE_WITH_KNOTS ( 'NONE', 3,
 ( #1138, #981, #453, #797 ),
 .UNSPECIFIED., .F., .F.,
 ( 4, 4 ),
 ( 0.01114817630044190495, 0.01399547826394980342 ),
 .UNSPECIFIED. ) ;
#23 = ORIENTED_EDGE ( 'NONE', *, *, #811, .T. ) ;
#24 = CARTESIAN_POINT ( 'NONE',  ( 11.38341924626904600, -34.00000000000000000, 6.400000000000000355 ) ) ;
#25 = CARTESIAN_POINT ( 'NONE',  ( -9.500000000000000000, -1.000000000000000444, 8.673617379884035472E-16 ) ) ;
#26 = ORIENTED_EDGE ( 'NONE', *, *, #1987, .T. ) ;
#27 = CARTESIAN_POINT ( 'NONE',  ( 4.500000000000010658, 14.39999999999997904, 6.099999999999999645 ) ) ;
#28 = PLANE ( 'NONE',  #1092 ) ;
#29 = ORIENTED_EDGE ( 'NONE', *, *, #2023, .T. ) ;
#30 = EDGE_CURVE ( 'NONE', #845, #2037, #1967, .T. ) ;
#31 = ORIENTED_EDGE ( 'NONE', *, *, #869, .F. ) ;
#32 = FACE_OUTER_BOUND ( 'NONE', #1837, .T. ) ;
#33 = CARTESIAN_POINT ( 'NONE',  ( 13.00000000000000533, 8.499999999999998224, 9.199999999999999289 ) ) ;
#34 = ORIENTED_EDGE ( 'NONE', *, *, #1744, .T. ) ;
#35 = ADVANCED_FACE ( 'NONE', ( #1472 ), #1449, .F. ) ;
#36 = CARTESIAN_POINT ( 'NONE',  ( 8.500000000000001776, -0.5000000000000004441, 6.000000000000000000 ) ) ;
#37 = CARTESIAN_POINT ( 'NONE',  ( 6.000000000000001776, -4.500000000000002665, 8.673617379884035472E-16 ) ) ;
#38 = ORIENTED_EDGE ( 'NONE', *, *, #1921, .F. ) ;
#39 = LINE ( 'NONE', #1151, #1890 ) ;
#40 = VERTEX_POINT ( 'NONE', #1772 ) ;
#41 = ORIENTED_EDGE ( 'NONE', *, *, #1987, .F. ) ;
#42 = LINE ( 'NONE', #243, #918 ) ;
#43 = FACE_OUTER_BOUND ( 'NONE', #1366, .T. ) ;
#44 = VECTOR ( 'NONE', #1241, 1000.000000000000000 ) ;
#45 = DIRECTION ( 'NONE',  ( 0.000000000000000000, 0.000000000000000000, -1.000000000000000000 ) ) ;
#46 = ORIENTED_EDGE ( 'NONE', *, *, #1805, .T. ) ;
#47 = CARTESIAN_POINT ( 'NONE',  ( 2.400073639659203284, -10.33717914826348760, 11.16282085173654615 ) ) ;
#48 = AXIS2_PLACEMENT_3D ( 'NONE', #1280, #447, #596 ) ;
#49 = ADVANCED_FACE ( 'NONE', ( #1125 ), #281, .T. ) ;
#50 = CIRCLE ( 'NONE', #1205, 1.550000000000000933 ) ;
#51 = AXIS2_PLACEMENT_3D ( 'NONE', #330, #994, #1341 ) ;
#52 = ORIENTED_EDGE ( 'NONE', *, *, #1965, .F. ) ;
#53 = VECTOR ( 'NONE', #1565, 1000.000000000000000 ) ;
#54 = ORIENTED_EDGE ( 'NONE', *, *, #1805, .F. ) ;
#55 = CARTESIAN_POINT ( 'NONE',  ( 4.500000000000002665, 5.421010862427522170E-16, 7.649999999999999467 ) ) ;
#56 = FACE_OUTER_BOUND ( 'NONE', #727, .T. ) ;
#57 = ORIENTED_EDGE ( 'NONE', *, *, #1899, .F. ) ;
#58 = CARTESIAN_POINT ( 'NONE',  ( 16.23316150746190445, -9.500000000000001776, 9.199999999999999289 ) ) ;
#59 = DIRECTION ( 'NONE',  ( 0.000000000000000000, 0.000000000000000000, -1.000000000000000000 ) ) ;
#60 = EDGE_CURVE ( 'NONE', #632, #876, #2144, .T. ) ;
#61 = EDGE_LOOP ( 'NONE', ( #2158, #655, #214 ) ) ;
#62 = DIRECTION ( 'NONE',  ( 0.000000000000000000, 0.000000000000000000, -1.000000000000000000 ) ) ;
#63 = DIRECTION ( 'NONE',  ( 1.000000000000000000, 0.000000000000000000, -0.000000000000000000 ) ) ;
#64 = ORIENTED_EDGE ( 'NONE', *, *, #676, .T. ) ;
#65 = ORIENTED_EDGE ( 'NONE', *, *, #206, .T. ) ;
#66 = EDGE_CURVE ( 'NONE', #1839, #1377, #485, .T. ) ;
#67 = ORIENTED_EDGE ( 'NONE', *, *, #582, .F. ) ;
#68 = DIRECTION ( 'NONE',  ( -0.3779644730092291405, 0.6546536707079728679, 0.6546536707079803064 ) ) ;
#69 = LINE ( 'NONE', #2076, #1032 ) ;
#70 = SURFACE_SIDE_STYLE ('',( #1564 ) ) ;
#71 = CARTESIAN_POINT ( 'NONE',  ( 11.45803989154981117, -1.000000000000000444, 0.000000000000000000 ) ) ;
#72 = AXIS2_PLACEMENT_3D ( 'NONE', #1998, #1844, #1681 ) ;
#73 = ORIENTED_EDGE ( 'NONE', *, *, #1028, .F. ) ;
#74 = AXIS2_PLACEMENT_3D ( 'NONE', #1228, #561, #408 ) ;
#75 = AXIS2_PLACEMENT_3D ( 'NONE', #91, #764, #754 ) ;
#76 = ORIENTED_EDGE ( 'NONE', *, *, #391, .T. ) ;
#77 = CARTESIAN_POINT ( 'NONE',  ( 23.49999999999997868, -1.084202172485504434E-15, 6.000000000000000000 ) ) ;
#78 = CIRCLE ( 'NONE', #1168, 2.500000000000002220 ) ;
#79 = VERTEX_POINT ( 'NONE', #651 ) ;
#80 = VECTOR ( 'NONE', #2034, 1000.000000000000000 ) ;
#81 = VERTEX_POINT ( 'NONE', #1284 ) ;
#82 = DIRECTION ( 'NONE',  ( 0.3779644730092291960, 0.6546536707079728679, 0.6546536707079801953 ) ) ;
#83 = ADVANCED_FACE ( 'NONE', ( #1659 ), #1623, .F. ) ;
#84 = ORIENTED_EDGE ( 'NONE', *, *, #633, .T. ) ;
#85 = LINE ( 'NONE', #1722, #781 ) ;
#86 = DIRECTION ( 'NONE',  ( 0.000000000000000000, 0.000000000000000000, -1.000000000000000000 ) ) ;
#87 = DIRECTION ( 'NONE',  ( 0.000000000000000000, 0.000000000000000000, -1.000000000000000000 ) ) ;
#88 = DIRECTION ( 'NONE',  ( -0.5000000000000001110, 6.324512672832110842E-17, 0.8660254037844385966 ) ) ;
#89 = ORIENTED_EDGE ( 'NONE', *, *, #1711, .F. ) ;
#90 = EDGE_CURVE ( 'NONE', #666, #1194, #22, .T. ) ;
#91 = CARTESIAN_POINT ( 'NONE',  ( 8.500000000000001776, -0.5000000000000004441, 0.000000000000000000 ) ) ;
#92 = B_SPLINE_CURVE_WITH_KNOTS ( 'NONE', 3,
 ( #1257, #577, #1087, #1592, #2087, #439 ),
 .UNSPECIFIED., .F., .F.,
 ( 4, 2, 4 ),
 ( 3.878959614448865787E-18, 0.0001655699367143830209, 0.0003311398734287621928 ),
 .UNSPECIFIED. ) ;
#93 = VERTEX_POINT ( 'NONE', #2119 ) ;
#94 = VERTEX_POINT ( 'NONE', #1461 ) ;
#95 = CARTESIAN_POINT ( 'NONE',  ( 7.875795667043770543, 10.30261088048856877, 10.19738911951145788 ) ) ;
#96 = EDGE_LOOP ( 'NONE', ( #927, #1993, #222, #919 ) ) ;
#97 = CARTESIAN_POINT ( 'NONE',  ( 4.531373033403101047, -5.421010862427522170E-16, 13.00000000000000178 ) ) ;
#98 = CARTESIAN_POINT ( 'NONE',  ( 14.30901596431236023, -1.000000000000000444, 12.33389951874819701 ) ) ;
#99 = CARTESIAN_POINT ( 'NONE',  ( 12.46862696659690251, -5.421010862427522170E-16, 13.00000000000000178 ) ) ;
#100 = FACE_OUTER_BOUND ( 'NONE', #593, .T. ) ;
#101 = DIRECTION ( 'NONE',  ( 0.8660254037844385966, -1.095437728245845353E-16, -0.5000000000000001110 ) ) ;
#102 = VERTEX_POINT ( 'NONE', #1819 ) ;
#103 = FACE_OUTER_BOUND ( 'NONE', #621, .T. ) ;
#104 =( BOUNDED_CURVE ( )  B_SPLINE_CURVE ( 3, ( #530, #1526, #383, #27, #239, #1855, #877 ),
 .UNSPECIFIED., .F., .F. ) 
 B_SPLINE_CURVE_WITH_KNOTS ( ( 4, 3, 4 ),
 ( 0.4435688131157378700, 3.141592653589791340, 5.839616494063845309 ),
 .UNSPECIFIED. ) 
 CURVE ( )  GEOMETRIC_REPRESENTATION_ITEM ( )  RATIONAL_B_SPLINE_CURVE ( ( 1.000000000000000000, 0.4799804483546755707, 0.4799804483546755707, 1.000000000000000000, 0.4799804483546754597, 0.4799804483546754597, 1.000000000000000000 ) ) 
 REPRESENTATION_ITEM ( '' )  );
#105 = EDGE_LOOP ( 'NONE', ( #249, #1389, #610, #597 ) ) ;
#106 = DIRECTION ( 'NONE',  ( -1.119176436114069628E-15, 0.000000000000000000, 1.000000000000000000 ) ) ;
#107 = EDGE_LOOP ( 'NONE', ( #151, #863, #289, #804 ) ) ;
#108 = ORIENTED_EDGE ( 'NONE', *, *, #1215, .T. ) ;
#109 = CIRCLE ( 'NONE', #149, 3.000000000000000444 ) ;
#110 = DIRECTION ( 'NONE',  ( -1.000000000000000000, 0.000000000000000000, 0.000000000000000000 ) ) ;
#111 = ADVANCED_FACE ( 'NONE', ( #626 ), #462, .F. ) ;
#112 = LINE ( 'NONE', #799, #821 ) ;
#113 = CIRCLE ( 'NONE', #1482, 3.000000000000000444 ) ;
#114 = EDGE_LOOP ( 'NONE', ( #67, #1871, #5, #1403 ) ) ;
#115 = CARTESIAN_POINT ( 'NONE',  ( 11.45803989154981117, -1.000000000000001332, 9.042332552667730283 ) ) ;
#116 = VECTOR ( 'NONE', #844, 1000.000000000000000 ) ;
#117 = VERTEX_POINT ( 'NONE', #316 ) ;
#118 = CIRCLE ( 'NONE', #1342, 3.100000000000000533 ) ;
#119 = CARTESIAN_POINT ( 'NONE',  ( 8.500000000000001776, 2.500000000000000000, 12.00000000000000000 ) ) ;
#120 = APPLICATION_CONTEXT ( 'automotive_design' ) ;
#121 = AXIS2_PLACEMENT_3D ( 'NONE', #1095, #1452, #1275 ) ;
#122 = ORIENTED_EDGE ( 'NONE', *, *, #1717, .T. ) ;
#123 = EDGE_CURVE ( 'NONE', #1227, #890, #2152, .T. ) ;
#124 = DIRECTION ( 'NONE',  ( 1.000000000000000000, -1.264902534566421922E-16, 0.000000000000000000 ) ) ;
#125 = VECTOR ( 'NONE', #625, 1000.000000000000000 ) ;
#126 = CARTESIAN_POINT ( 'NONE',  ( 13.38904634550738670, -1.000000000000000444, 12.66762227581405575 ) ) ;
#127 = DIRECTION ( 'NONE',  ( -0.000000000000000000, 0.000000000000000000, 1.000000000000000000 ) ) ;
#128 = LINE ( 'NONE', #1079, #234 ) ;
#129 = DIRECTION ( 'NONE',  ( 1.000000000000000000, -1.264902534566421922E-16, 0.000000000000000000 ) ) ;
#130 = CARTESIAN_POINT ( 'NONE',  ( 11.38341924626904778, -34.00000000000000000, 12.00000000000000000 ) ) ;
#131 = DIRECTION ( 'NONE',  ( -0.4999999999999999445, 6.324512672832108377E-17, 0.8660254037844387076 ) ) ;
#132 = EDGE_LOOP ( 'NONE', ( #766, #6, #1726, #699, #916, #1561, #834, #2104, #1745, #820, #1514, #1323, #1224, #406, #1332, #2042 ) ) ;
#133 = EDGE_CURVE ( 'NONE', #40, #81, #1692, .T. ) ;
#134 = FACE_OUTER_BOUND ( 'NONE', #1152, .T. ) ;
#135 = VERTEX_POINT ( 'NONE', #704 ) ;
#136 = CARTESIAN_POINT ( 'NONE',  ( 8.500000000000001776, -0.5000000000000004441, 0.000000000000000000 ) ) ;
#137 = CARTESIAN_POINT ( 'NONE',  ( 8.500000000000001776, -0.5000000000000004441, 13.00000000000000178 ) ) ;
#138 = FACE_OUTER_BOUND ( 'NONE', #1885, .T. ) ;
#139 = CARTESIAN_POINT ( 'NONE',  ( 13.00000000000000355, -5.421010862427522170E-16, 9.199999999999999289 ) ) ;
#140 = VERTEX_POINT ( 'NONE', #1212 ) ;
#141 = CARTESIAN_POINT ( 'NONE',  ( 1.771073523506817571, -5.421010862427522170E-16, 12.00000000000000000 ) ) ;
#142 = EDGE_CURVE ( 'NONE', #493, #775, #109, .T. ) ;
#143 = ORIENTED_EDGE ( 'NONE', *, *, #616, .F. ) ;
#144 = DIRECTION ( 'NONE',  ( 1.264902534566421922E-16, 1.000000000000000000, 0.000000000000000000 ) ) ;
#145 = CARTESIAN_POINT ( 'NONE',  ( 11.45316705247065414, 0.02882810476855853996, 9.310011931871180479 ) ) ;
#146 = CARTESIAN_POINT ( 'NONE',  ( -0.4999999999999987232, -9.499999999999996447, 12.00000000000004619 ) ) ;
#147 = CARTESIAN_POINT ( 'NONE',  ( 8.500000000000000000, -9.500000000000000000, 3.000000000000000000 ) ) ;
#148 = LINE ( 'NONE', #674, #789 ) ;
#149 = AXIS2_PLACEMENT_3D ( 'NONE', #717, #1669, #1875 ) ;
#150 = VERTEX_POINT ( 'NONE', #1854 ) ;
#151 = ORIENTED_EDGE ( 'NONE', *, *, #1417, .T. ) ;
#152 = AXIS2_PLACEMENT_3D ( 'NONE', #1085, #413, #902 ) ;
#153 = CIRCLE ( 'NONE', #2137, 1.550000000000000933 ) ;
#154 = ORIENTED_EDGE ( 'NONE', *, *, #492, .F. ) ;
#155 = EDGE_CURVE ( 'NONE', #666, #1826, #1827, .T. ) ;
#156 = LINE ( 'NONE', #969, #991 ) ;
#157 = CARTESIAN_POINT ( 'NONE',  ( 8.500000000000001776, -0.5000000000000004441, 3.000000000000000444 ) ) ;
#158 = DIRECTION ( 'NONE',  ( -1.035655806553317946E-16, -1.000000000000000000, 0.000000000000000000 ) ) ;
#159 = AXIS2_PLACEMENT_3D ( 'NONE', #628, #1774, #1115 ) ;
#160 = AXIS2_PLACEMENT_3D ( 'NONE', #137, #1680, #315 ) ;
#161 = EDGE_CURVE ( 'NONE', #1538, #1333, #1336, .T. ) ;
#162 = DIRECTION ( 'NONE',  ( 1.264902534566421922E-16, 1.000000000000000000, 0.000000000000000000 ) ) ;
#163 = ADVANCED_FACE ( 'NONE', ( #1006 ), #1159, .F. ) ;
#164 = PLANE ( 'NONE',  #2035 ) ;
#165 = ORIENTED_EDGE ( 'NONE', *, *, #364, .T. ) ;
#166 = VECTOR ( 'NONE', #634, 1000.000000000000000 ) ;
#167 = EDGE_LOOP ( 'NONE', ( #1712, #1008, #984, #287, #1052, #1566, #2111, #1539, #1189, #213, #1054, #122 ) ) ;
#168 = ORIENTED_EDGE ( 'NONE', *, *, #1969, .T. ) ;
#169 = CARTESIAN_POINT ( 'NONE',  ( 9.766838492538095551, -12.30000000000000249, 9.200000000000002842 ) ) ;
#170 = CARTESIAN_POINT ( 'NONE',  ( 6.000000000000001776, -4.500000000000002665, 8.673617379884035472E-16 ) ) ;
#171 = ADVANCED_FACE ( 'NONE', ( #2032 ), #1513, .F. ) ;
#172 = DIRECTION ( 'NONE',  ( -0.000000000000000000, 0.000000000000000000, 1.000000000000000000 ) ) ;
#173 = LINE ( 'NONE', #2000, #1930 ) ;
#174 = DIRECTION ( 'NONE',  ( -1.264902534566421922E-16, -1.000000000000000000, 0.000000000000000000 ) ) ;
#175 = ORIENTED_EDGE ( 'NONE', *, *, #1170, .T. ) ;
#176 = CARTESIAN_POINT ( 'NONE',  ( 6.031949135350906488, -2.206477528966440449, 9.467792455588833533 ) ) ;
#177 = DIRECTION ( 'NONE',  ( 1.000000000000000000, 0.000000000000000000, -0.000000000000000000 ) ) ;
#178 = CARTESIAN_POINT ( 'NONE',  ( 4.500000000000003553, 8.500000000000000000, 9.199999999999999289 ) ) ;
#179 = EDGE_LOOP ( 'NONE', ( #1779, #619, #1432, #711 ) ) ;
#180 = ORIENTED_EDGE ( 'NONE', *, *, #364, .F. ) ;
#181 = ORIENTED_EDGE ( 'NONE', *, *, #2081, .T. ) ;
#182 = DIRECTION ( 'NONE',  ( 0.000000000000000000, -1.000000000000000000, 0.000000000000000000 ) ) ;
#183 = DIRECTION ( 'NONE',  ( -1.264902534566421922E-16, -1.000000000000000000, 0.000000000000000000 ) ) ;
#184 = DIRECTION ( 'NONE',  ( -0.5773502691896235106, 0.5773502691896236216, -0.5773502691896301720 ) ) ;
#185 = ORIENTED_EDGE ( 'NONE', *, *, #2010, .F. ) ;
#186 = CARTESIAN_POINT ( 'NONE',  ( -0.4999999999999987232, -9.499999999999996447, 12.00000000000000000 ) ) ;
#187 = ORIENTED_EDGE ( 'NONE', *, *, #1742, .F. ) ;
#188 = ADVANCED_FACE ( 'NONE', ( #1 ), #672, .F. ) ;
#189 = PLANE ( 'NONE',  #199 ) ;
#190 = LINE ( 'NONE', #525, #1832 ) ;
#191 = VECTOR ( 'NONE', #1595, 1000.000000000000000 ) ;
#192 = EDGE_LOOP ( 'NONE', ( #1258, #846, #1078, #586 ) ) ;
#193 = VECTOR ( 'NONE', #377, 1000.000000000000000 ) ;
#194 = CARTESIAN_POINT ( 'NONE',  ( 2.883419246269045111, -34.00000000000000000, 6.399999999999998579 ) ) ;
#195 =( NAMED_UNIT ( * ) SI_UNIT ( $, .STERADIAN. ) SOLID_ANGLE_UNIT ( ) );
#196 = AXIS2_PLACEMENT_3D ( 'NONE', #903, #1563, #1540 ) ;
#197 = ADVANCED_FACE ( 'NONE', ( #511 ), #198, .T. ) ;
#198 = PLANE ( 'NONE',  #72 ) ;
#199 = AXIS2_PLACEMENT_3D ( 'NONE', #853, #18, #177 ) ;
#200 = DIRECTION ( 'NONE',  ( -1.445602896647339163E-16, -1.000000000000000000, 0.000000000000000000 ) ) ;
#201 = DIRECTION ( 'NONE',  ( 1.000000000000000000, -1.264902534566421922E-16, 0.000000000000000000 ) ) ;
#202 = AXIS2_PLACEMENT_3D ( 'NONE', #784, #617, #87 ) ;
#203 = VERTEX_POINT ( 'NONE', #1831 ) ;
#204 = EDGE_CURVE ( 'NONE', #135, #1012, #838, .T. ) ;
#205 = FACE_OUTER_BOUND ( 'NONE', #321, .T. ) ;
#206 = EDGE_CURVE ( 'NONE', #1902, #1530, #1715, .T. ) ;
#207 = ORIENTED_EDGE ( 'NONE', *, *, #2130, .T. ) ;
#208 = CARTESIAN_POINT ( 'NONE',  ( 1.266838492538097327, -9.499999999999998224, 9.199999999999999289 ) ) ;
#209 = LINE ( 'NONE', #875, #600 ) ;
#210 = CARTESIAN_POINT ( 'NONE',  ( 14.61658075373095400, -15.09999999999997122, 6.400000000000003020 ) ) ;
#211 = ORIENTED_EDGE ( 'NONE', *, *, #564, .F. ) ;
#212 = DIRECTION ( 'NONE',  ( 1.000000000000000000, -3.011672701348623976E-17, -0.000000000000000000 ) ) ;
#213 = ORIENTED_EDGE ( 'NONE', *, *, #747, .T. ) ;
#214 = ORIENTED_EDGE ( 'NONE', *, *, #1567, .F. ) ;
#215 = LINE ( 'NONE', #882, #895 ) ;
#216 = EDGE_CURVE ( 'NONE', #876, #1849, #529, .T. ) ;
#217 = DIRECTION ( 'NONE',  ( 1.264902534566421922E-16, 1.000000000000000000, 0.000000000000000000 ) ) ;
#218 = ORIENTED_EDGE ( 'NONE', *, *, #641, .T. ) ;
#219 = LINE ( 'NONE', #906, #1375 ) ;
#220 = EDGE_LOOP ( 'NONE', ( #1850, #304, #1664, #17 ) ) ;
#221 = ORIENTED_EDGE ( 'NONE', *, *, #2091, .F. ) ;
#222 = ORIENTED_EDGE ( 'NONE', *, *, #968, .F. ) ;
#223 = LINE ( 'NONE', #2067, #1923 ) ;
#224 = LINE ( 'NONE', #892, #505 ) ;
#225 = CARTESIAN_POINT ( 'NONE',  ( 8.500000000000001776, -0.5000000000000004441, 3.000000000000000000 ) ) ;
#226 = AXIS2_PLACEMENT_3D ( 'NONE', #945, #474, #2108 ) ;
#227 = ADVANCED_FACE ( 'NONE', ( #685 ), #2012, .F. ) ;
#228 = CARTESIAN_POINT ( 'NONE',  ( 12.46862696659689007, -0.9999999999999986677, 13.00000000000000178 ) ) ;
#229 = CARTESIAN_POINT ( 'NONE',  ( 8.500000000000001776, -7.247477419454700254, 12.00000000000000000 ) ) ;
#230 = AXIS2_PLACEMENT_3D ( 'NONE', #1663, #332, #996 ) ;
#231 = ADVANCED_BREP_SHAPE_REPRESENTATION ( 'Wheel_71.5mm', ( #313, #1178 ), #868 ) ;
#232 = EDGE_CURVE ( 'NONE', #94, #2063, #694, .T. ) ;
#233 = AXIS2_PLACEMENT_3D ( 'NONE', #517, #1654, #1034 ) ;
#234 = VECTOR ( 'NONE', #1462, 1000.000000000000000 ) ;
#235 = AXIS2_PLACEMENT_3D ( 'NONE', #1187, #739, #363 ) ;
#236 = ADVANCED_FACE ( 'NONE', ( #1383 ), #1197, .F. ) ;
#237 = ORIENTED_EDGE ( 'NONE', *, *, #783, .T. ) ;
#238 = CARTESIAN_POINT ( 'NONE',  ( -6.499999999999974243, -0.4999999999999986122, 6.000000000000000000 ) ) ;
#239 = CARTESIAN_POINT ( 'NONE',  ( 0.2997315441025453220, 14.39999999999998970, 6.099999999999990763 ) ) ;
#240 = EDGE_CURVE ( 'NONE', #2082, #575, #209, .T. ) ;
#241 = EDGE_LOOP ( 'NONE', ( #1074, #667, #1456, #1120, #1045, #1106, #515, #900, #1367, #394, #1076, #1811 ) ) ;
#242 = ORIENTED_EDGE ( 'NONE', *, *, #1199, .T. ) ;
#243 = CARTESIAN_POINT ( 'NONE',  ( 6.000000000000001776, 1.158312395177700571, 13.00000000000000178 ) ) ;
#244 = ORIENTED_EDGE ( 'NONE', *, *, #319, .T. ) ;
#245 = DIRECTION ( 'NONE',  ( 0.5000000000000000000, -6.324512672832109609E-17, 0.8660254037844385966 ) ) ;
#246 = CARTESIAN_POINT ( 'NONE',  ( 6.031939174866630005, 1.206462512971407275, 9.467830714868705755 ) ) ;
#247 = ORIENTED_EDGE ( 'NONE', *, *, #142, .F. ) ;
#248 = EDGE_CURVE ( 'NONE', #102, #2077, #1160, .T. ) ;
#249 = ORIENTED_EDGE ( 'NONE', *, *, #744, .F. ) ;
#250 = DIRECTION ( 'NONE',  ( -0.000000000000000000, -0.000000000000000000, -1.000000000000000000 ) ) ;
#251 = ORIENTED_EDGE ( 'NONE', *, *, #1028, .T. ) ;
#252 = CYLINDRICAL_SURFACE ( 'NONE', #1486, 3.000000000000000444 ) ;
#253 = AXIS2_PLACEMENT_3D ( 'NONE', #36, #732, #1393 ) ;
#254 = ADVANCED_FACE ( 'NONE', ( #567 ), #1478, .F. ) ;
#255 = VECTOR ( 'NONE', #1974, 1000.000000000000000 ) ;
#256 = PLANE ( 'NONE',  #1551 ) ;
#257 = PLANE ( 'NONE',  #159 ) ;
#258 = CIRCLE ( 'NONE', #1165, 1.550000000000000266 ) ;
#259 = ORIENTED_EDGE ( 'NONE', *, *, #1264, .F. ) ;
#260 = DIRECTION ( 'NONE',  ( 0.4999999999999999445, -6.324512672832108377E-17, 0.8660254037844387076 ) ) ;
#261 = CIRCLE ( 'NONE', #684, 1.549999999999999378 ) ;
#262 = EDGE_CURVE ( 'NONE', #765, #469, #1259, .T. ) ;
#263 = VERTEX_POINT ( 'NONE', #58 ) ;
#264 = CARTESIAN_POINT ( 'NONE',  ( 11.45803989154981117, -5.421010862427522170E-16, 9.357667447332268296 ) ) ;
#265 = EDGE_CURVE ( 'NONE', #1639, #354, #85, .T. ) ;
#266 = ORIENTED_EDGE ( 'NONE', *, *, #1256, .T. ) ;
#267 =( NAMED_UNIT ( * ) PLANE_ANGLE_UNIT ( ) SI_UNIT ( $, .RADIAN. ) );
#268 = CARTESIAN_POINT ( 'NONE',  ( 26.49999999999999645, -5.421010862427522170E-16, 6.000000000000000000 ) ) ;
#269 = DIRECTION ( 'NONE',  ( -1.264902534566421922E-16, -1.000000000000000000, 0.000000000000000000 ) ) ;
#270 = DIRECTION ( 'NONE',  ( 1.264902534566421922E-16, 1.000000000000000000, -0.000000000000000000 ) ) ;
#271 = CARTESIAN_POINT ( 'NONE',  ( 8.500000000000001776, -1.000000000000000444, 12.00000000000000000 ) ) ;
#272 = ORIENTED_EDGE ( 'NONE', *, *, #2039, .T. ) ;
#273 = PLANE ( 'NONE',  #372 ) ;
#274 = ORIENTED_EDGE ( 'NONE', *, *, #1091, .T. ) ;
#275 = ORIENTED_EDGE ( 'NONE', *, *, #1457, .T. ) ;
#276 = DIRECTION ( 'NONE',  ( 1.264902534566421922E-16, 1.000000000000000000, 0.000000000000000000 ) ) ;
#277 = ORIENTED_EDGE ( 'NONE', *, *, #883, .T. ) ;
#278 = EDGE_CURVE ( 'NONE', #2073, #765, #396, .T. ) ;
#279 = DIRECTION ( 'NONE',  ( -0.7071067811865515695, 8.944211597319734241E-17, -0.7071067811865435759 ) ) ;
#280 = DIRECTION ( 'NONE',  ( 1.000000000000000000, -1.264902534566421922E-16, 0.000000000000000000 ) ) ;
#281 = PLANE ( 'NONE',  #226 ) ;
#282 = CARTESIAN_POINT ( 'NONE',  ( 4.500000000000002665, -1.000000000000000444, 7.649999999999999467 ) ) ;
#283 = DIRECTION ( 'NONE',  ( 0.000000000000000000, 1.000000000000000000, 0.000000000000000000 ) ) ;
#284 = ORIENTED_EDGE ( 'NONE', *, *, #747, .F. ) ;
#285 = FACE_OUTER_BOUND ( 'NONE', #1281, .T. ) ;
#286 = EDGE_CURVE ( 'NONE', #480, #847, #579, .T. ) ;
#287 = ORIENTED_EDGE ( 'NONE', *, *, #1423, .T. ) ;
#288 = CARTESIAN_POINT ( 'NONE',  ( 17.20026845589747211, 14.39999999999996838, 6.100000000000007638 ) ) ;
#289 = ORIENTED_EDGE ( 'NONE', *, *, #1908, .F. ) ;
#290 = DIRECTION ( 'NONE',  ( 0.000000000000000000, 1.000000000000000000, 0.000000000000000000 ) ) ;
#291 = CARTESIAN_POINT ( 'NONE',  ( 6.000000000000001776, 1.158312395177697907, 9.590512483795334830 ) ) ;
#292 = DIRECTION ( 'NONE',  ( 1.264902534566421922E-16, 1.000000000000000000, 0.000000000000000000 ) ) ;
#293 = VECTOR ( 'NONE', #245, 1000.000000000000227 ) ;
#294 = CARTESIAN_POINT ( 'NONE',  ( 6.000000000000001776, 1.158312395177700571, 13.00000000000000178 ) ) ;
#295 = FACE_OUTER_BOUND ( 'NONE', #1290, .T. ) ;
#296 = EDGE_CURVE ( 'NONE', #2084, #2037, #1740, .T. ) ;
#297 = VECTOR ( 'NONE', #1179, 1000.000000000000000 ) ;
#298 = PLANE ( 'NONE',  #819 ) ;
#299 = VECTOR ( 'NONE', #848, 1000.000000000000000 ) ;
#300 = ORIENTED_EDGE ( 'NONE', *, *, #1767, .T. ) ;
#301 = CIRCLE ( 'NONE', #1964, 6.747477419454694925 ) ;
#302 = CARTESIAN_POINT ( 'NONE',  ( 11.38341924626904955, -9.500000000000000000, 12.00000000000000000 ) ) ;
#303 = VECTOR ( 'NONE', #989, 1000.000000000000114 ) ;
#304 = ORIENTED_EDGE ( 'NONE', *, *, #633, .F. ) ;
#305 = CARTESIAN_POINT ( 'NONE',  ( 12.99999999999999822, -34.00000000000000000, 10.75000000000000000 ) ) ;
#306 = LINE ( 'NONE', #496, #437 ) ;
#307 = LINE ( 'NONE', #972, #899 ) ;
#308 = DIRECTION ( 'NONE',  ( 1.264902534566421922E-16, 1.000000000000000000, 0.000000000000000000 ) ) ;
#309 = DIRECTION ( 'NONE',  ( 0.000000000000000000, 1.000000000000000000, 0.000000000000000000 ) ) ;
#310 = DIRECTION ( 'NONE',  ( 1.264902534566421922E-16, 1.000000000000000000, 0.000000000000000000 ) ) ;
#311 = ORIENTED_EDGE ( 'NONE', *, *, #930, .F. ) ;
#312 = CARTESIAN_POINT ( 'NONE',  ( 8.500000000000001776, -0.5000000000000004441, 0.5000000000000000000 ) ) ;
#313 = MANIFOLD_SOLID_BREP ( 'Body-Move/Copy1', #367 ) ;
#314 = ORIENTED_EDGE ( 'NONE', *, *, #1655, .F. ) ;
#315 = DIRECTION ( 'NONE',  ( 0.000000000000000000, 1.000000000000000000, 0.000000000000000000 ) ) ;
#316 = CARTESIAN_POINT ( 'NONE',  ( 13.00000000000000178, -1.000000000000001332, 10.75000000000000000 ) ) ;
#317 = VERTEX_POINT ( 'NONE', #1757 ) ;
#318 = DIRECTION ( 'NONE',  ( -1.035655806553317700E-16, -1.000000000000000000, 0.000000000000000000 ) ) ;
#319 = EDGE_CURVE ( 'NONE', #368, #1574, #1424, .T. ) ;
#320 = VERTEX_POINT ( 'NONE', #228 ) ;
#321 = EDGE_LOOP ( 'NONE', ( #2020, #833, #559, #757 ) ) ;
#322 = EDGE_CURVE ( 'NONE', #2077, #102, #709, .T. ) ;
#323 = VERTEX_POINT ( 'NONE', #1062 ) ;
#324 = FACE_OUTER_BOUND ( 'NONE', #1628, .T. ) ;
#325 = LINE ( 'NONE', #1859, #1961 ) ;
#326 = CARTESIAN_POINT ( 'NONE',  ( 14.61658075373095400, -9.499999999999996447, 12.00000000000000000 ) ) ;
#327 = ADVANCED_FACE ( 'NONE', ( #1445 ), #624, .F. ) ;
#328 = LINE ( 'NONE', #2015, #2103 ) ;
#329 = ORIENTED_EDGE ( 'NONE', *, *, #802, .F. ) ;
#330 = CARTESIAN_POINT ( 'NONE',  ( 8.500000000000001776, -0.5000000000000004441, 12.00000000000000000 ) ) ;
#331 = VECTOR ( 'NONE', #184, 1000.000000000000114 ) ;
#332 = DIRECTION ( 'NONE',  ( 0.000000000000000000, 0.000000000000000000, -1.000000000000000000 ) ) ;
#333 = ORIENTED_EDGE ( 'NONE', *, *, #1285, .F. ) ;
#334 = ORIENTED_EDGE ( 'NONE', *, *, #777, .T. ) ;
#335 = CIRCLE ( 'NONE', #638, 3.000000000000000444 ) ;
#336 = ADVANCED_FACE ( 'NONE', ( #1604 ), #2117, .F. ) ;
#337 = CIRCLE ( 'NONE', #751, 2.499999999999998668 ) ;
#338 = ORIENTED_EDGE ( 'NONE', *, *, #1644, .T. ) ;
#339 = DIRECTION ( 'NONE',  ( -0.4999999999999995004, 6.324512672832103446E-17, 0.8660254037844389297 ) ) ;
#340 = VECTOR ( 'NONE', #798, 1000.000000000000000 ) ;
#341 = CIRCLE ( 'NONE', #428, 33.49999999999999289 ) ;
#342 = CARTESIAN_POINT ( 'NONE',  ( 4.499999999999998224, -34.00000000000000000, 9.199999999999999289 ) ) ;
#343 = DIRECTION ( 'NONE',  ( 1.000000000000000000, -3.011672701348623976E-17, -0.000000000000000000 ) ) ;
#344 = CARTESIAN_POINT ( 'NONE',  ( 13.00000000000000178, -9.500000000000001776, 9.199999999999999289 ) ) ;
#345 = ORIENTED_EDGE ( 'NONE', *, *, #1396, .F. ) ;
#346 = ORIENTED_EDGE ( 'NONE', *, *, #1184, .T. ) ;
#347 = EDGE_LOOP ( 'NONE', ( #89, #2128, #1014, #682, #1520, #1648, #1743, #73 ) ) ;
#348 = FACE_OUTER_BOUND ( 'NONE', #915, .T. ) ;
#349 = CARTESIAN_POINT ( 'NONE',  ( 15.22892647649318754, -5.421010862427522170E-16, 12.00000000000000000 ) ) ;
#350 = ADVANCED_FACE ( 'NONE', ( #324 ), #1459, .T. ) ;
#351 = DIRECTION ( 'NONE',  ( 1.000000000000000000, -1.264902534566421922E-16, 9.637352644315707409E-17 ) ) ;
#352 = EDGE_LOOP ( 'NONE', ( #656, #1331 ) ) ;
#353 = CARTESIAN_POINT ( 'NONE',  ( 8.500000000000001776, 33.00000000000000000, 3.000000000000000000 ) ) ;
#354 = VERTEX_POINT ( 'NONE', #2105 ) ;
#355 = CARTESIAN_POINT ( 'NONE',  ( 13.00000000000000355, -5.421010862427522170E-16, 9.199999999999999289 ) ) ;
#356 = EDGE_LOOP ( 'NONE', ( #1522, #433, #417, #1687 ) ) ;
#357 = EDGE_CURVE ( 'NONE', #81, #581, #816, .T. ) ;
#358 = ORIENTED_EDGE ( 'NONE', *, *, #1542, .F. ) ;
#359 = FACE_OUTER_BOUND ( 'NONE', #114, .T. ) ;
#360 = CARTESIAN_POINT ( 'NONE',  ( 12.99999999999999822, -34.00000000000000000, 9.199999999999999289 ) ) ;
#361 = CARTESIAN_POINT ( 'NONE',  ( 8.500000000000001776, -0.5000000000000004441, 13.00000000000000178 ) ) ;
#362 = ORIENTED_EDGE ( 'NONE', *, *, #1655, .T. ) ;
#363 = DIRECTION ( 'NONE',  ( 0.000000000000000000, -0.000000000000000000, 1.000000000000000000 ) ) ;
#364 = EDGE_CURVE ( 'NONE', #666, #502, #156, .T. ) ;
#365 = CARTESIAN_POINT ( 'NONE',  ( 23.49999999999997868, -0.5000000000000023315, 6.000000000000000000 ) ) ;
#366 = EDGE_CURVE ( 'NONE', #411, #1073, #979, .T. ) ;
#367 = CLOSED_SHELL ( 'NONE', ( #436, #710, #1878, #2120, #254, #1897, #336, #171, #163, #1606, #83, #1084, #1373, #327, #703, #2156, #227, #843, #1388, #1957, #197, #1487, #1361, #111, #395, #422, #976, #2113, #21, #1700, #909, #1319, #2161, #1117, #418, #49, #35, #1129, #1550, #475, #1072, #708, #542, #188, #578, #1455, #1594, #1783, #1056, #2007, #839, #1124, #350, #1278, #772, #1111, #828, #807, #907, #1385, #1581, #1545, #236, #1001 ) ) ;
#368 = VERTEX_POINT ( 'NONE', #1653 ) ;
#369 = VECTOR ( 'NONE', #1699, 1000.000000000000000 ) ;
#370 = CARTESIAN_POINT ( 'NONE',  ( 2.883419246269047775, -15.09999999999998188, 6.399999999999998579 ) ) ;
#371 = APPLICATION_PROTOCOL_DEFINITION ( 'draft international standard', 'automotive_design', 1998, #2018 ) ;
#372 = AXIS2_PLACEMENT_3D ( 'NONE', #1098, #1801, #1764 ) ;
#373 = DIRECTION ( 'NONE',  ( -1.264902534566421922E-16, -1.000000000000000000, 0.000000000000000000 ) ) ;
#374 = AXIS2_PLACEMENT_3D ( 'NONE', #1760, #269, #1261 ) ;
#375 = DIRECTION ( 'NONE',  ( 0.7071067811865435759, 0.000000000000000000, 0.7071067811865515695 ) ) ;
#376 = VECTOR ( 'NONE', #1249, 999.9999999999998863 ) ;
#377 = DIRECTION ( 'NONE',  ( -1.000000000000000000, 0.000000000000000000, 0.000000000000000000 ) ) ;
#378 = ORIENTED_EDGE ( 'NONE', *, *, #1154, .T. ) ;
#379 = ORIENTED_EDGE ( 'NONE', *, *, #1799, .T. ) ;
#380 = LINE ( 'NONE', #545, #1549 ) ;
#381 = LINE ( 'NONE', #518, #1043 ) ;
#382 = CARTESIAN_POINT ( 'NONE',  ( 12.99999999999999822, -34.00000000000000000, 9.199999999999999289 ) ) ;
#383 = CARTESIAN_POINT ( 'NONE',  ( 8.700268455897477438, 14.39999999999996838, 6.100000000000007638 ) ) ;
#384 = EDGE_CURVE ( 'NONE', #497, #1216, #825, .T. ) ;
#385 = ORIENTED_EDGE ( 'NONE', *, *, #2130, .F. ) ;
#386 = CARTESIAN_POINT ( 'NONE',  ( 6.000000000000001776, 1.158312395177697907, 8.809487516204667301 ) ) ;
#387 = DIRECTION ( 'NONE',  ( 1.000000000000000000, -1.264902534566421922E-16, 0.000000000000000000 ) ) ;
#388 = EDGE_CURVE ( 'NONE', #2159, #1499, #2097, .T. ) ;
#389 = DIRECTION ( 'NONE',  ( -1.264902534566421922E-16, -1.000000000000000000, -0.000000000000000000 ) ) ;
#390 = ORIENTED_EDGE ( 'NONE', *, *, #142, .T. ) ;
#391 = EDGE_CURVE ( 'NONE', #1288, #908, #1029, .T. ) ;
#392 = ORIENTED_EDGE ( 'NONE', *, *, #1184, .F. ) ;
#393 = DIRECTION ( 'NONE',  ( 0.000000000000000000, 0.000000000000000000, -1.000000000000000000 ) ) ;
#394 = ORIENTED_EDGE ( 'NONE', *, *, #1921, .T. ) ;
#395 = ADVANCED_FACE ( 'NONE', ( #2129 ), #2089, .F. ) ;
#396 = CIRCLE ( 'NONE', #1991, 33.49999999999999289 ) ;
#397 = FACE_OUTER_BOUND ( 'NONE', #573, .T. ) ;
#398 = CARTESIAN_POINT ( 'NONE',  ( 8.500000000000001776, 30.50000000000000355, 3.000000000000000444 ) ) ;
#399 = AXIS2_PLACEMENT_3D ( 'NONE', #355, #1019, #1518 ) ;
#400 = DIRECTION ( 'NONE',  ( -1.035655806553317700E-16, -1.000000000000000000, 0.000000000000000000 ) ) ;
#401 = LINE ( 'NONE', #2090, #1585 ) ;
#402 = AXIS2_PLACEMENT_3D ( 'NONE', #2074, #585, #131 ) ;
#403 = VERTEX_POINT ( 'NONE', #943 ) ;
#404 = CIRCLE ( 'NONE', #1621, 1.550000000000000933 ) ;
#405 = AXIS2_PLACEMENT_3D ( 'NONE', #865, #697, #2025 ) ;
#406 = ORIENTED_EDGE ( 'NONE', *, *, #460, .F. ) ;
#407 = VERTEX_POINT ( 'NONE', #779 ) ;
#408 = DIRECTION ( 'NONE',  ( -1.264902534566421922E-16, -1.000000000000000000, 0.000000000000000000 ) ) ;
#409 = DIRECTION ( 'NONE',  ( 1.264902534566421922E-16, 1.000000000000000000, 0.000000000000000000 ) ) ;
#410 = EDGE_CURVE ( 'NONE', #948, #908, #614, .T. ) ;
#411 = VERTEX_POINT ( 'NONE', #450 ) ;
#412 = VERTEX_POINT ( 'NONE', #1112 ) ;
#413 = DIRECTION ( 'NONE',  ( 0.000000000000000000, 0.000000000000000000, -1.000000000000000000 ) ) ;
#414 = EDGE_CURVE ( 'NONE', #1377, #2149, #954, .T. ) ;
#415 = EDGE_LOOP ( 'NONE', ( #1981, #76 ) ) ;
#416 = CARTESIAN_POINT ( 'NONE',  ( 6.031949135350905600, 1.206477528966439339, 8.932207544411170375 ) ) ;
#417 = ORIENTED_EDGE ( 'NONE', *, *, #481, .T. ) ;
#418 = ADVANCED_FACE ( 'NONE', ( #1678 ), #1531, .F. ) ;
#419 = CARTESIAN_POINT ( 'NONE',  ( 6.263932022500211971, 1.499999999999999556, 13.00000000000000178 ) ) ;
#420 = ORIENTED_EDGE ( 'NONE', *, *, #2127, .T. ) ;
#421 = CARTESIAN_POINT ( 'NONE',  ( 8.500000000000001776, -0.5000000000000004441, 12.00000000000000000 ) ) ;
#422 = ADVANCED_FACE ( 'NONE', ( #32 ), #993, .T. ) ;
#423 = VERTEX_POINT ( 'NONE', #668 ) ;
#424 = FACE_OUTER_BOUND ( 'NONE', #1892, .T. ) ;
#425 = ORIENTED_EDGE ( 'NONE', *, *, #30, .F. ) ;
#426 = CARTESIAN_POINT ( 'NONE',  ( 6.049974461873394382, 1.231292830367333835, 9.334279658680008751 ) ) ;
#427 = AXIS2_PLACEMENT_3D ( 'NONE', #361, #172, #1705 ) ;
#428 = AXIS2_PLACEMENT_3D ( 'NONE', #1158, #1829, #158 ) ;
#429 = AXIS2_PLACEMENT_3D ( 'NONE', #664, #1869, #1320 ) ;
#430 = LINE ( 'NONE', #294, #923 ) ;
#431 = CARTESIAN_POINT ( 'NONE',  ( 16.23316150746190445, -9.500000000000001776, 9.199999999999999289 ) ) ;
#432 = CIRCLE ( 'NONE', #1580, 6.747477419454694925 ) ;
#433 = ORIENTED_EDGE ( 'NONE', *, *, #811, .F. ) ;
#434 = DIRECTION ( 'NONE',  ( -0.5000000000000001110, 6.324512672832109609E-17, -0.8660254037844385966 ) ) ;
#435 = CIRCLE ( 'NONE', #608, 1.550000000000000933 ) ;
#436 = ADVANCED_FACE ( 'NONE', ( #424 ), #2061, .F. ) ;
#437 = VECTOR ( 'NONE', #970, 1000.000000000000000 ) ;
#438 = ORIENTED_EDGE ( 'NONE', *, *, #2052, .F. ) ;
#439 = CARTESIAN_POINT ( 'NONE',  ( 11.45803989154981117, -1.000000000000001332, 9.042332552667730283 ) ) ;
#440 = ORIENTED_EDGE ( 'NONE', *, *, #1560, .F. ) ;
#441 = DIRECTION ( 'NONE',  ( 1.264902534566421922E-16, 1.000000000000000000, 0.000000000000000000 ) ) ;
#442 = CARTESIAN_POINT ( 'NONE',  ( 8.499999999999998224, -34.00000000000000000, 3.000000000000000000 ) ) ;
#443 = CARTESIAN_POINT ( 'NONE',  ( 14.30901933352982880, -5.421010862427522170E-16, 12.33389829582479891 ) ) ;
#444 = ORIENTED_EDGE ( 'NONE', *, *, #1843, .F. ) ;
#445 = CARTESIAN_POINT ( 'NONE',  ( 6.116580753730949560, -34.00000000000000000, 6.399999999999999467 ) ) ;
#446 = VERTEX_POINT ( 'NONE', #728 ) ;
#447 = DIRECTION ( 'NONE',  ( 0.000000000000000000, -1.000000000000000000, 0.000000000000000000 ) ) ;
#448 = EDGE_CURVE ( 'NONE', #317, #1989, #746, .T. ) ;
#449 = ORIENTED_EDGE ( 'NONE', *, *, #1738, .T. ) ;
#450 = CARTESIAN_POINT ( 'NONE',  ( 6.000000000000001776, -1.000000000000000444, 8.809487516204667301 ) ) ;
#451 = EDGE_CURVE ( 'NONE', #1845, #1559, #1548, .T. ) ;
#452 = DIRECTION ( 'NONE',  ( 1.264902534566421922E-16, 1.000000000000000000, 0.000000000000000000 ) ) ;
#453 = CARTESIAN_POINT ( 'NONE',  ( 2.690980666470175642, -1.000000000000000444, 12.33389829582479891 ) ) ;
#454 = DIRECTION ( 'NONE',  ( 1.264902534566421922E-16, 1.000000000000000000, 0.000000000000000000 ) ) ;
#455 = FACE_OUTER_BOUND ( 'NONE', #613, .T. ) ;
#456 = DIRECTION ( 'NONE',  ( -1.000000000000000000, 0.000000000000000000, 0.000000000000000000 ) ) ;
#457 = ORIENTED_EDGE ( 'NONE', *, *, #2027, .T. ) ;
#458 = PLANE ( 'NONE',  #601 ) ;
#459 = ORIENTED_EDGE ( 'NONE', *, *, #1777, .T. ) ;
#460 = EDGE_CURVE ( 'NONE', #1020, #845, #223, .T. ) ;
#461 = CARTESIAN_POINT ( 'NONE',  ( 11.44999120308186313, 0.04548318405911505602, 9.254884600049653187 ) ) ;
#462 = PLANE ( 'NONE',  #1861 ) ;
#463 = DIRECTION ( 'NONE',  ( -1.000000000000000000, 0.000000000000000000, 0.000000000000000000 ) ) ;
#464 = LINE ( 'NONE', #1436, #998 ) ;
#465 = LINE ( 'NONE', #2080, #1868 ) ;
#466 = AXIS2_PLACEMENT_3D ( 'NONE', #1688, #1358, #527 ) ;
#467 = DIRECTION ( 'NONE',  ( 1.264902534566421922E-16, 1.000000000000000000, 0.000000000000000000 ) ) ;
#468 = CIRCLE ( 'NONE', #1617, 1.550000000000000933 ) ;
#469 = VERTEX_POINT ( 'NONE', #1912 ) ;
#470 = AXIS2_PLACEMENT_3D ( 'NONE', #1761, #270, #936 ) ;
#471 = VECTOR ( 'NONE', #1260, 1000.000000000000000 ) ;
#472 = ORIENTED_EDGE ( 'NONE', *, *, #1767, .F. ) ;
#473 = LINE ( 'NONE', #1460, #2003 ) ;
#474 = DIRECTION ( 'NONE',  ( -0.000000000000000000, 0.000000000000000000, 1.000000000000000000 ) ) ;
#475 = ADVANCED_FACE ( 'NONE', ( #1255 ), #1390, .F. ) ;
#476 = CARTESIAN_POINT ( 'NONE',  ( 11.45803989154981117, -1.000000000000000444, 0.000000000000000000 ) ) ;
#477 = FACE_OUTER_BOUND ( 'NONE', #2054, .T. ) ;
#478 = ORIENTED_EDGE ( 'NONE', *, *, #1840, .T. ) ;
#479 = CARTESIAN_POINT ( 'NONE',  ( 3.610953654492609743, -5.421010862427522170E-16, 12.66762227581405220 ) ) ;
#480 = VERTEX_POINT ( 'NONE', #917 ) ;
#481 = EDGE_CURVE ( 'NONE', #1312, #203, #42, .T. ) ;
#482 = CARTESIAN_POINT ( 'NONE',  ( 17.50000000000000000, -9.499999999999998224, 12.00000000000004619 ) ) ;
#483 = PLANE ( 'NONE',  #1660 ) ;
#484 = CARTESIAN_POINT ( 'NONE',  ( 8.500000000000001776, -4.500000000000000888, 13.00000000000000888 ) ) ;
#485 = LINE ( 'NONE', #1607, #562 ) ;
#486 = DIRECTION ( 'NONE',  ( -0.000000000000000000, 0.000000000000000000, 1.000000000000000000 ) ) ;
#487 = CARTESIAN_POINT ( 'NONE',  ( 6.000000000000001776, -4.500000000000002665, -8.062257748298550908 ) ) ;
#488 = ORIENTED_EDGE ( 'NONE', *, *, #1010, .T. ) ;
#489 = PRODUCT_RELATED_PRODUCT_CATEGORY ( 'part', '', ( #1884 ) ) ;
#490 = LINE ( 'NONE', #1149, #718 ) ;
#491 = ORIENTED_EDGE ( 'NONE', *, *, #2153, .F. ) ;
#492 = EDGE_CURVE ( 'NONE', #94, #1845, #1576, .T. ) ;
#493 = VERTEX_POINT ( 'NONE', #1218 ) ;
#494 = EDGE_LOOP ( 'NONE', ( #180, #997, #1935, #1469, #1583, #1477, #52, #1026 ) ) ;
#495 = FACE_OUTER_BOUND ( 'NONE', #1419, .T. ) ;
#496 = CARTESIAN_POINT ( 'NONE',  ( 6.000000000000001776, -2.158312395177701237, 0.000000000000000000 ) ) ;
#497 = VERTEX_POINT ( 'NONE', #911 ) ;
#498 = DIRECTION ( 'NONE',  ( 1.000000000000000000, 0.000000000000000000, -0.000000000000000000 ) ) ;
#499 = ORIENTED_EDGE ( 'NONE', *, *, #1082, .F. ) ;
#500 = LINE ( 'NONE', #1496, #1443 ) ;
#501 = ORIENTED_EDGE ( 'NONE', *, *, #1457, .F. ) ;
#502 = VERTEX_POINT ( 'NONE', #1879 ) ;
#503 = CIRCLE ( 'NONE', #1202, 33.49999999999999289 ) ;
#504 = EDGE_CURVE ( 'NONE', #1110, #1167, #113, .T. ) ;
#505 = VECTOR ( 'NONE', #553, 1000.000000000000000 ) ;
#506 = VERTEX_POINT ( 'NONE', #1408 ) ;
#507 = DIRECTION ( 'NONE',  ( -0.000000000000000000, -0.000000000000000000, -1.000000000000000000 ) ) ;
#508 = DIRECTION ( 'NONE',  ( 0.000000000000000000, 1.000000000000000000, 0.000000000000000000 ) ) ;
#509 = VECTOR ( 'NONE', #1979, 1000.000000000000000 ) ;
#510 = VECTOR ( 'NONE', #1283, 1000.000000000000000 ) ;
#511 = FACE_OUTER_BOUND ( 'NONE', #356, .T. ) ;
#512 = VERTEX_POINT ( 'NONE', #576 ) ;
#513 = EDGE_CURVE ( 'NONE', #1768, #1902, #1903, .T. ) ;
#514 = CARTESIAN_POINT ( 'NONE',  ( -0.4999999999999987232, -15.09999999999998010, 6.400000000000000355 ) ) ;
#515 = ORIENTED_EDGE ( 'NONE', *, *, #1714, .T. ) ;
#516 = ORIENTED_EDGE ( 'NONE', *, *, #607, .F. ) ;
#517 = CARTESIAN_POINT ( 'NONE',  ( 13.00000000000000533, 8.499999999999998224, 9.199999999999999289 ) ) ;
#518 = CARTESIAN_POINT ( 'NONE',  ( -9.500000000000000000, -5.421010862427522170E-16, 8.673617379884035472E-16 ) ) ;
#519 = EDGE_CURVE ( 'NONE', #1823, #1599, #1939, .T. ) ;
#520 = CARTESIAN_POINT ( 'NONE',  ( 4.499999999999998224, -34.00000000000000000, 9.199999999999999289 ) ) ;
#521 = FACE_OUTER_BOUND ( 'NONE', #1729, .T. ) ;
#522 = DIRECTION ( 'NONE',  ( -0.000000000000000000, 0.000000000000000000, 1.000000000000000000 ) ) ;
#523 = ORIENTED_EDGE ( 'NONE', *, *, #286, .F. ) ;
#524 = LINE ( 'NONE', #1190, #509 ) ;
#525 = CARTESIAN_POINT ( 'NONE',  ( -6.499999999999974243, -0.4999999999999986122, 6.000000000000000000 ) ) ;
#526 = VERTEX_POINT ( 'NONE', #264 ) ;
#527 = DIRECTION ( 'NONE',  ( 1.264902534566421922E-16, 1.000000000000000000, 0.000000000000000000 ) ) ;
#528 = PLANE ( 'NONE',  #1937 ) ;
#529 = LINE ( 'NONE', #1502, #1918 ) ;
#530 = CARTESIAN_POINT ( 'NONE',  ( 5.830413469564909690, 8.499999999999998224, 12.00000000000004796 ) ) ;
#531 = CARTESIAN_POINT ( 'NONE',  ( 4.499999999999998224, -34.00000000000000000, 10.75000000000000000 ) ) ;
#532 = COLOUR_RGB ( '',0.7921568627450980005, 0.8196078431372548767, 0.9333333333333333481 ) ;
#533 = ORIENTED_EDGE ( 'NONE', *, *, #740, .T. ) ;
#534 = CIRCLE ( 'NONE', #566, 4.000000000000000000 ) ;
#535 = CYLINDRICAL_SURFACE ( 'NONE', #1483, 33.50000000000000000 ) ;
#536 = CIRCLE ( 'NONE', #1407, 1.550000000000000266 ) ;
#537 = DIRECTION ( 'NONE',  ( 0.000000000000000000, 1.000000000000000000, 0.000000000000000000 ) ) ;
#538 = CIRCLE ( 'NONE', #1895, 1.550000000000000266 ) ;
#539 = ORIENTED_EDGE ( 'NONE', *, *, #1867, .T. ) ;
#540 = CARTESIAN_POINT ( 'NONE',  ( 8.500000000000001776, -0.5000000000000004441, 3.000000000000000000 ) ) ;
#541 = EDGE_CURVE ( 'NONE', #1057, #40, #335, .T. ) ;
#542 = ADVANCED_FACE ( 'NONE', ( #612 ), #810, .F. ) ;
#543 = AXIS2_PLACEMENT_3D ( 'NONE', #1035, #1047, #183 ) ;
#544 = ORIENTED_EDGE ( 'NONE', *, *, #90, .F. ) ;
#545 = CARTESIAN_POINT ( 'NONE',  ( 8.500000000000001776, 33.00000000000000000, 3.000000000000000000 ) ) ;
#546 = LINE ( 'NONE', #730, #1527 ) ;
#547 = EDGE_CURVE ( 'NONE', #1753, #469, #1405, .T. ) ;
#548 = CARTESIAN_POINT ( 'NONE',  ( 6.116580753730952225, -9.500000000000000000, 6.399999999999999467 ) ) ;
#549 = ORIENTED_EDGE ( 'NONE', *, *, #968, .T. ) ;
#550 = LINE ( 'NONE', #1024, #1758 ) ;
#551 = EDGE_CURVE ( 'NONE', #775, #581, #1300, .T. ) ;
#552 = ORIENTED_EDGE ( 'NONE', *, *, #541, .F. ) ;
#553 = DIRECTION ( 'NONE',  ( -1.000000000000000000, 3.011672701348623976E-17, 0.000000000000000000 ) ) ;
#554 = ORIENTED_EDGE ( 'NONE', *, *, #1091, .F. ) ;
#555 = DIRECTION ( 'NONE',  ( -1.000000000000000000, 0.000000000000000000, 0.000000000000000000 ) ) ;
#556 = PRODUCT_DEFINITION_SHAPE ( 'NONE', 'NONE',  #881 ) ;
#557 = CARTESIAN_POINT ( 'NONE',  ( 6.000000000000001776, 1.158312395177700571, 8.673617379884035472E-16 ) ) ;
#558 = ORIENTED_EDGE ( 'NONE', *, *, #1503, .F. ) ;
#559 = ORIENTED_EDGE ( 'NONE', *, *, #90, .T. ) ;
#560 = ORIENTED_EDGE ( 'NONE', *, *, #802, .T. ) ;
#561 = DIRECTION ( 'NONE',  ( 0.7071067811865515695, -8.944211597319734241E-17, -0.7071067811865435759 ) ) ;
#562 = VECTOR ( 'NONE', #1952, 1000.000000000000000 ) ;
#563 = PLANE ( 'NONE',  #1999 ) ;
#564 = EDGE_CURVE ( 'NONE', #745, #423, #817, .T. ) ;
#565 = LINE ( 'NONE', #1570, #1206 ) ;
#566 = AXIS2_PLACEMENT_3D ( 'NONE', #941, #977, #622 ) ;
#567 = FACE_OUTER_BOUND ( 'NONE', #687, .T. ) ;
#568 = DIRECTION ( 'NONE',  ( 0.000000000000000000, 0.000000000000000000, -1.000000000000000000 ) ) ;
#569 = AXIS2_PLACEMENT_3D ( 'NONE', #344, #1647, #818 ) ;
#570 = VECTOR ( 'NONE', #2132, 1000.000000000000000 ) ;
#571 = CARTESIAN_POINT ( 'NONE',  ( 8.500000000000001776, -5.421010862427522170E-16, 12.00000000000000000 ) ) ;
#572 = CIRCLE ( 'NONE', #1065, 2.500000000000002220 ) ;
#573 = EDGE_LOOP ( 'NONE', ( #1815, #1847 ) ) ;
#574 = EDGE_CURVE ( 'NONE', #1530, #323, #1465, .T. ) ;
#575 = VERTEX_POINT ( 'NONE', #2085 ) ;
#576 = CARTESIAN_POINT ( 'NONE',  ( -9.500000000000000000, -5.421010862427522170E-16, 8.673617379884035472E-16 ) ) ;
#577 = CARTESIAN_POINT ( 'NONE',  ( 11.45316999818685488, -1.028810677670446871, 9.310040740455583830 ) ) ;
#578 = ADVANCED_FACE ( 'NONE', ( #134 ), #458, .F. ) ;
#579 = LINE ( 'NONE', #767, #44 ) ;
#580 = LINE ( 'NONE', #955, #1211 ) ;
#581 = VERTEX_POINT ( 'NONE', #119 ) ;
#582 = EDGE_CURVE ( 'NONE', #1982, #975, #2115, .T. ) ;
#583 = CARTESIAN_POINT ( 'NONE',  ( 10.73606797749979336, -2.500000000000000444, 12.00000000000000000 ) ) ;
#584 = ORIENTED_EDGE ( 'NONE', *, *, #1426, .T. ) ;
#585 = DIRECTION ( 'NONE',  ( 0.8660254037844387076, -1.095437728245845476E-16, 0.4999999999999999445 ) ) ;
#586 = ORIENTED_EDGE ( 'NONE', *, *, #216, .F. ) ;
#587 = DIRECTION ( 'NONE',  ( 0.000000000000000000, -1.000000000000000000, 0.000000000000000000 ) ) ;
#588 = EDGE_LOOP ( 'NONE', ( #1204, #661, #642, #499, #1630, #329 ) ) ;
#589 = CARTESIAN_POINT ( 'NONE',  ( 17.50000000000000000, -1.000000000000000444, 12.00000000000000000 ) ) ;
#590 = CARTESIAN_POINT ( 'NONE',  ( 4.500000000000002665, -1.000000000000000444, 10.75000000000000000 ) ) ;
#591 = DIRECTION ( 'NONE',  ( 0.000000000000000000, 0.000000000000000000, -1.000000000000000000 ) ) ;
#592 = DIRECTION ( 'NONE',  ( 1.000000000000000000, -3.011672701348623976E-17, -0.000000000000000000 ) ) ;
#593 = EDGE_LOOP ( 'NONE', ( #1970, #266, #1611, #755, #1067, #1646 ) ) ;
#594 = FACE_OUTER_BOUND ( 'NONE', #1802, .T. ) ;
#595 = ORIENTED_EDGE ( 'NONE', *, *, #60, .T. ) ;
#596 = DIRECTION ( 'NONE',  ( -1.000000000000000000, 0.000000000000000000, 0.000000000000000000 ) ) ;
#597 = ORIENTED_EDGE ( 'NONE', *, *, #680, .F. ) ;
#598 = CARTESIAN_POINT ( 'NONE',  ( 8.500000000000001776, -0.5000000000000004441, 12.00000000000000000 ) ) ;
#599 = CYLINDRICAL_SURFACE ( 'NONE', #2143, 33.50000000000000000 ) ;
#600 = VECTOR ( 'NONE', #1535, 1000.000000000000000 ) ;
#601 = AXIS2_PLACEMENT_3D ( 'NONE', #1629, #1267, #1926 ) ;
#602 = DIRECTION ( 'NONE',  ( -1.264902534566421922E-16, -1.000000000000000000, 0.000000000000000000 ) ) ;
#603 = CARTESIAN_POINT ( 'NONE',  ( 1.266838492538097327, -9.499999999999998224, 9.199999999999999289 ) ) ;
#604 = AXIS2_PLACEMENT_3D ( 'NONE', #157, #1325, #836 ) ;
#605 = ORIENTED_EDGE ( 'NONE', *, *, #451, .T. ) ;
#606 = DIRECTION ( 'NONE',  ( -0.000000000000000000, 0.000000000000000000, 1.000000000000000000 ) ) ;
#607 = EDGE_CURVE ( 'NONE', #765, #2073, #503, .T. ) ;
#608 = AXIS2_PLACEMENT_3D ( 'NONE', #139, #309, #947 ) ;
#609 = VECTOR ( 'NONE', #343, 1000.000000000000000 ) ;
#610 = ORIENTED_EDGE ( 'NONE', *, *, #1042, .F. ) ;
#611 = EDGE_CURVE ( 'NONE', #1826, #320, #534, .T. ) ;
#612 = FACE_OUTER_BOUND ( 'NONE', #1748, .T. ) ;
#613 = EDGE_LOOP ( 'NONE', ( #942, #346, #695, #1041, #2125, #584, #824, #1911, #1637, #1363, #1141, #778 ) ) ;
#614 = LINE ( 'NONE', #1282, #854 ) ;
#615 = CARTESIAN_POINT ( 'NONE',  ( 17.50000000000000000, 8.500000000000000000, 12.00000000000000000 ) ) ;
#616 = EDGE_CURVE ( 'NONE', #978, #791, #2100, .T. ) ;
#617 = DIRECTION ( 'NONE',  ( 1.264902534566421922E-16, 1.000000000000000000, 0.000000000000000000 ) ) ;
#618 = FACE_OUTER_BOUND ( 'NONE', #1593, .T. ) ;
#619 = ORIENTED_EDGE ( 'NONE', *, *, #1843, .T. ) ;
#620 = PLANE ( 'NONE',  #2038 ) ;
#621 = EDGE_LOOP ( 'NONE', ( #940, #1430, #338, #1083, #1735, #1983, #2116, #690, #558, #1924, #218 ) ) ;
#622 = DIRECTION ( 'NONE',  ( 0.000000000000000000, 1.000000000000000000, 0.000000000000000000 ) ) ;
#623 = EDGE_LOOP ( 'NONE', ( #1422, #1736, #259, #1973 ) ) ;
#624 = CYLINDRICAL_SURFACE ( 'NONE', #852, 1.550000000000000266 ) ;
#625 = DIRECTION ( 'NONE',  ( 0.000000000000000000, 0.000000000000000000, 1.000000000000000000 ) ) ;
#626 = FACE_OUTER_BOUND ( 'NONE', #931, .T. ) ;
#627 = PLANE ( 'NONE',  #1834 ) ;
#628 = CARTESIAN_POINT ( 'NONE',  ( 8.500000000000000000, -9.500000000000000000, 3.000000000000000000 ) ) ;
#629 = DIRECTION ( 'NONE',  ( 0.000000000000000000, 1.000000000000000000, 0.000000000000000000 ) ) ;
#630 = EDGE_LOOP ( 'NONE', ( #870, #41, #1489, #1788 ) ) ;
#631 = CARTESIAN_POINT ( 'NONE',  ( 5.999999999999998224, -34.00000000000000000, 8.809487516204667301 ) ) ;
#632 = VERTEX_POINT ( 'NONE', #302 ) ;
#633 = EDGE_CURVE ( 'NONE', #1186, #1978, #1830, .T. ) ;
#634 = DIRECTION ( 'NONE',  ( -1.264902534566421922E-16, -1.000000000000000000, 0.000000000000000000 ) ) ;
#635 = VECTOR ( 'NONE', #351, 1000.000000000000000 ) ;
#636 = CARTESIAN_POINT ( 'NONE',  ( 12.99999999999999822, -34.00000000000000000, 9.199999999999999289 ) ) ;
#637 = DIRECTION ( 'NONE',  ( 1.000000000000000000, 0.000000000000000000, -0.000000000000000000 ) ) ;
#638 = AXIS2_PLACEMENT_3D ( 'NONE', #1780, #1959, #951 ) ;
#639 = CARTESIAN_POINT ( 'NONE',  ( 6.049974461873393494, -2.231292830367333835, 9.065720341319993381 ) ) ;
#640 = VECTOR ( 'NONE', #1009, 1000.000000000000000 ) ;
#641 = EDGE_CURVE ( 'NONE', #1719, #1194, #782, .T. ) ;
#642 = ORIENTED_EDGE ( 'NONE', *, *, #265, .T. ) ;
#643 = VECTOR ( 'NONE', #723, 1000.000000000000000 ) ;
#644 = DIRECTION ( 'NONE',  ( 0.000000000000000000, 0.000000000000000000, -1.000000000000000000 ) ) ;
#645 = VECTOR ( 'NONE', #1586, 1000.000000000000000 ) ;
#646 = ORIENTED_EDGE ( 'NONE', *, *, #1650, .F. ) ;
#647 = CARTESIAN_POINT ( 'NONE',  ( 4.500000000000003553, 8.500000000000000000, 9.199999999999999289 ) ) ;
#648 = PLANE ( 'NONE',  #11 ) ;
#649 = DIRECTION ( 'NONE',  ( -1.000000000000000000, 1.264902534566421922E-16, 0.000000000000000000 ) ) ;
#650 = EDGE_CURVE ( 'NONE', #79, #1292, #1505, .T. ) ;
#651 = CARTESIAN_POINT ( 'NONE',  ( -6.499999999999974243, -6.505213034913026604E-16, 6.000000000000000000 ) ) ;
#652 = EDGE_CURVE ( 'NONE', #1839, #1706, #1857, .T. ) ;
#653 = DIRECTION ( 'NONE',  ( 0.000000000000000000, 0.000000000000000000, -1.000000000000000000 ) ) ;
#654 = DIRECTION ( 'NONE',  ( -1.000000000000000000, 1.264902534566421922E-16, 0.000000000000000000 ) ) ;
#655 = ORIENTED_EDGE ( 'NONE', *, *, #1294, .F. ) ;
#656 = ORIENTED_EDGE ( 'NONE', *, *, #1193, .T. ) ;
#657 = ORIENTED_EDGE ( 'NONE', *, *, #1324, .F. ) ;
#658 = CARTESIAN_POINT ( 'NONE',  ( -9.500000000000000000, -1.000000000000000444, 6.000000000000000000 ) ) ;
#659 = CARTESIAN_POINT ( 'NONE',  ( -9.500000000000000000, -1.000000000000000444, 8.673617379884035472E-16 ) ) ;
#660 = DIRECTION ( 'NONE',  ( -1.035655806553317700E-16, -1.000000000000000000, 0.000000000000000000 ) ) ;
#661 = ORIENTED_EDGE ( 'NONE', *, *, #1170, .F. ) ;
#662 = EDGE_CURVE ( 'NONE', #1186, #1559, #1988, .T. ) ;
#663 = FACE_OUTER_BOUND ( 'NONE', #241, .T. ) ;
#664 = CARTESIAN_POINT ( 'NONE',  ( 8.500000000000001776, -0.5000000000000004441, 13.00000000000000888 ) ) ;
#665 = ORIENTED_EDGE ( 'NONE', *, *, #2023, .F. ) ;
#666 = VERTEX_POINT ( 'NONE', #1529 ) ;
#667 = ORIENTED_EDGE ( 'NONE', *, *, #869, .T. ) ;
#668 = CARTESIAN_POINT ( 'NONE',  ( 6.000000000000001776, 5.421010862427522170E-16, 9.590512483795334830 ) ) ;
#669 = DIRECTION ( 'NONE',  ( -1.341352320301034814E-16, 1.696679949695330005E-32, 1.000000000000000000 ) ) ;
#670 = CARTESIAN_POINT ( 'NONE',  ( 7.733161507461907114, -9.500000000000000000, 9.200000000000001066 ) ) ;
#671 = EDGE_CURVE ( 'NONE', #745, #1288, #2026, .T. ) ;
#672 = PLANE ( 'NONE',  #7 ) ;
#673 = CARTESIAN_POINT ( 'NONE',  ( 4.500000000000002665, -9.500000000000001776, 7.649999999999999467 ) ) ;
#674 = CARTESIAN_POINT ( 'NONE',  ( 11.50000000000004619, 2.500000000000048406, 18.00000000000006750 ) ) ;
#675 = AXIS2_PLACEMENT_3D ( 'NONE', #482, #279, #441 ) ;
#676 = EDGE_CURVE ( 'NONE', #1167, #320, #39, .T. ) ;
#677 = LINE ( 'NONE', #1343, #1339 ) ;
#678 = ORIENTED_EDGE ( 'NONE', *, *, #611, .F. ) ;
#679 = CIRCLE ( 'NONE', #1891, 3.000000000000000444 ) ;
#680 = EDGE_CURVE ( 'NONE', #446, #407, #1030, .T. ) ;
#681 = VECTOR ( 'NONE', #88, 1000.000000000000000 ) ;
#682 = ORIENTED_EDGE ( 'NONE', *, *, #206, .F. ) ;
#683 = DIRECTION ( 'NONE',  ( -1.000000000000000000, 0.000000000000000000, 0.000000000000000000 ) ) ;
#684 = AXIS2_PLACEMENT_3D ( 'NONE', #731, #1247, #1904 ) ;
#685 = FACE_OUTER_BOUND ( 'NONE', #220, .T. ) ;
#686 = DIRECTION ( 'NONE',  ( -1.000000000000000000, 4.025573541906871467E-18, 0.000000000000000000 ) ) ;
#687 = EDGE_LOOP ( 'NONE', ( #965, #1169, #272, #657 ) ) ;
#688 = CARTESIAN_POINT ( 'NONE',  ( 6.000000000000001776, -2.158312395177698573, 8.809487516204667301 ) ) ;
#689 = CARTESIAN_POINT ( 'NONE',  ( 8.499999999999998224, -34.00000000000000000, 0.5000000000000000000 ) ) ;
#690 = ORIENTED_EDGE ( 'NONE', *, *, #1542, .T. ) ;
#691 = CARTESIAN_POINT ( 'NONE',  ( 6.000000000000001776, -4.500000000000002665, -8.062257748298550908 ) ) ;
#692 = DIRECTION ( 'NONE',  ( 0.000000000000000000, 0.000000000000000000, 1.000000000000000000 ) ) ;
#693 = UNCERTAINTY_MEASURE_WITH_UNIT (LENGTH_MEASURE( 1.000000000000000082E-05 ), #2050, 'distance_accuracy_value', 'NONE');
#694 = LINE ( 'NONE', #1362, #1724 ) ;
#695 = ORIENTED_EDGE ( 'NONE', *, *, #1392, .T. ) ;
#696 = CARTESIAN_POINT ( 'NONE',  ( 8.500000000000001776, 33.00000000000000000, 0.000000000000000000 ) ) ;
#697 = DIRECTION ( 'NONE',  ( -0.000000000000000000, 0.000000000000000000, 1.000000000000000000 ) ) ;
#698 = DIRECTION ( 'NONE',  ( 1.000000000000000000, 0.000000000000000000, -0.000000000000000000 ) ) ;
#699 = ORIENTED_EDGE ( 'NONE', *, *, #1874, .F. ) ;
#700 = DIRECTION ( 'NONE',  ( 0.000000000000000000, 0.000000000000000000, -1.000000000000000000 ) ) ;
#701 = FACE_OUTER_BOUND ( 'NONE', #352, .T. ) ;
#702 = VERTEX_POINT ( 'NONE', #1673 ) ;
#703 = ADVANCED_FACE ( 'NONE', ( #1980 ), #164, .F. ) ;
#704 = CARTESIAN_POINT ( 'NONE',  ( -0.4999999999999952260, 8.500000000000001776, 12.00000000000000000 ) ) ;
#705 = ORIENTED_EDGE ( 'NONE', *, *, #1770, .T. ) ;
#706 = LINE ( 'NONE', #37, #53 ) ;
#707 = EDGE_LOOP ( 'NONE', ( #175, #1877 ) ) ;
#708 = ADVANCED_FACE ( 'NONE', ( #205 ), #1376, .T. ) ;
#709 = CIRCLE ( 'NONE', #1787, 33.50000000000000000 ) ;
#710 = ADVANCED_FACE ( 'NONE', ( #855 ), #1163, .F. ) ;
#711 = ORIENTED_EDGE ( 'NONE', *, *, #736, .F. ) ;
#712 = VECTOR ( 'NONE', #498, 1000.000000000000000 ) ;
#713 = VECTOR ( 'NONE', #794, 1000.000000000000000 ) ;
#714 = DIRECTION ( 'NONE',  ( -1.264902534566421922E-16, -1.000000000000000000, 0.000000000000000000 ) ) ;
#715 = FACE_BOUND ( 'NONE', #2147, .T. ) ;
#716 = CIRCLE ( 'NONE', #1410, 33.50000000000000000 ) ;
#717 = CARTESIAN_POINT ( 'NONE',  ( 8.500000000000001776, -0.5000000000000004441, 0.000000000000000000 ) ) ;
#718 = VECTOR ( 'NONE', #1821, 1000.000000000000000 ) ;
#719 = VERTEX_POINT ( 'NONE', #1822 ) ;
#720 = LINE ( 'NONE', #47, #1171 ) ;
#721 = EDGE_CURVE ( 'NONE', #480, #812, #500, .T. ) ;
#722 = AXIS2_PLACEMENT_3D ( 'NONE', #2163, #1668, #339 ) ;
#723 = DIRECTION ( 'NONE',  ( 1.000000000000000000, 1.040185050166156886E-16, 1.341352320301034814E-16 ) ) ;
#724 = EDGE_CURVE ( 'NONE', #908, #1288, #1997, .T. ) ;
#725 = ORIENTED_EDGE ( 'NONE', *, *, #1738, .F. ) ;
#726 = CARTESIAN_POINT ( 'NONE',  ( -0.4999999999999952260, 8.500000000000001776, 12.00000000000000000 ) ) ;
#727 = EDGE_LOOP ( 'NONE', ( #1824, #1946, #1889, #873 ) ) ;
#728 = CARTESIAN_POINT ( 'NONE',  ( 13.00000000000000178, -5.421010862427522170E-16, 7.649999999999999467 ) ) ;
#729 = CARTESIAN_POINT ( 'NONE',  ( 5.171354931769359453, -7.862820851736523231, 13.63717914826353983 ) ) ;
#730 = CARTESIAN_POINT ( 'NONE',  ( 8.500000000000001776, 33.00000000000000000, 3.000000000000000000 ) ) ;
#731 = CARTESIAN_POINT ( 'NONE',  ( 4.500000000000001776, -9.500000000000001776, 9.199999999999999289 ) ) ;
#732 = DIRECTION ( 'NONE',  ( 0.000000000000000000, 0.000000000000000000, -1.000000000000000000 ) ) ;
#733 = DIRECTION ( 'NONE',  ( 1.000000000000000000, 0.000000000000000000, 0.000000000000000000 ) ) ;
#734 = ORIENTED_EDGE ( 'NONE', *, *, #1521, .T. ) ;
#735 = ORIENTED_EDGE ( 'NONE', *, *, #1042, .T. ) ;
#736 = EDGE_CURVE ( 'NONE', #1958, #1739, #4, .T. ) ;
#737 = ORIENTED_EDGE ( 'NONE', *, *, #680, .T. ) ;
#738 = CARTESIAN_POINT ( 'NONE',  ( 8.500000000000001776, -0.5000000000000004441, 3.000000000000000000 ) ) ;
#739 = DIRECTION ( 'NONE',  ( 1.000000000000000000, -1.264902534566421922E-16, -0.000000000000000000 ) ) ;
#740 = EDGE_CURVE ( 'NONE', #493, #1244, #677, .T. ) ;
#741 = ORIENTED_EDGE ( 'NONE', *, *, #1231, .F. ) ;
#742 = EDGE_LOOP ( 'NONE', ( #38, #937, #65, #741, #1507, #1254, #251, #1406, #1458, #108 ) ) ;
#743 = LINE ( 'NONE', #726, #1727 ) ;
#744 = EDGE_CURVE ( 'NONE', #497, #446, #1337, .T. ) ;
#745 = VERTEX_POINT ( 'NONE', #1685 ) ;
#746 = LINE ( 'NONE', #1562, #1694 ) ;
#747 = EDGE_CURVE ( 'NONE', #79, #1012, #190, .T. ) ;
#748 = AXIS2_PLACEMENT_3D ( 'NONE', #136, #1769, #2139 ) ;
#749 = SURFACE_STYLE_USAGE ( .BOTH. , #70 ) ;
#750 = CARTESIAN_POINT ( 'NONE',  ( -0.4999999999999970024, -0.9999999999999997780, 12.00000000000004619 ) ) ;
#751 = AXIS2_PLACEMENT_3D ( 'NONE', #1523, #2162, #182 ) ;
#752 = VECTOR ( 'NONE', #1864, 1000.000000000000000 ) ;
#753 = ORIENTED_EDGE ( 'NONE', *, *, #1616, .F. ) ;
#754 = DIRECTION ( 'NONE',  ( 0.000000000000000000, 1.000000000000000000, 0.000000000000000000 ) ) ;
#755 = ORIENTED_EDGE ( 'NONE', *, *, #296, .T. ) ;
#756 = DIRECTION ( 'NONE',  ( 0.000000000000000000, -1.000000000000000000, 0.000000000000000000 ) ) ;
#757 = ORIENTED_EDGE ( 'NONE', *, *, #641, .F. ) ;
#758 = CARTESIAN_POINT ( 'NONE',  ( 8.500000000000001776, -0.5000000000000004441, 0.5000000000000000000 ) ) ;
#759 = DIRECTION ( 'NONE',  ( 0.000000000000000000, 1.000000000000000000, 0.000000000000000000 ) ) ;
#760 = CARTESIAN_POINT ( 'NONE',  ( -9.500000000000000000, -5.421010862427522170E-16, 8.673617379884035472E-16 ) ) ;
#761 = CARTESIAN_POINT ( 'NONE',  ( 8.500000000000001776, 14.49999999999997868, 6.000000000000000000 ) ) ;
#762 = LINE ( 'NONE', #1429, #786 ) ;
#763 = ORIENTED_EDGE ( 'NONE', *, *, #724, .F. ) ;
#764 = DIRECTION ( 'NONE',  ( -0.000000000000000000, 0.000000000000000000, 1.000000000000000000 ) ) ;
#765 = VERTEX_POINT ( 'NONE', #689 ) ;
#766 = ORIENTED_EDGE ( 'NONE', *, *, #1799, .F. ) ;
#767 = CARTESIAN_POINT ( 'NONE',  ( 1.266838492538093774, -34.00000000000000000, 9.199999999999999289 ) ) ;
#768 = LINE ( 'NONE', #1401, #510 ) ;
#769 = EDGE_CURVE ( 'NONE', #1858, #1194, #962, .T. ) ;
#770 = CARTESIAN_POINT ( 'NONE',  ( 13.38905203528263677, -5.421010862427522170E-16, 12.66762022114789765 ) ) ;
#771 = LINE ( 'NONE', #603, #1308 ) ;
#772 = ADVANCED_FACE ( 'NONE', ( #477 ), #1762, .T. ) ;
#773 = ORIENTED_EDGE ( 'NONE', *, *, #652, .T. ) ;
#774 = DIRECTION ( 'NONE',  ( 0.000000000000000000, -1.000000000000000000, 0.000000000000000000 ) ) ;
#775 = VERTEX_POINT ( 'NONE', #800 ) ;
#776 = CARTESIAN_POINT ( 'NONE',  ( 14.33041346956490791, 8.499999999999998224, 12.00000000000004796 ) ) ;
#777 = EDGE_CURVE ( 'NONE', #423, #203, #2094, .T. ) ;
#778 = ORIENTED_EDGE ( 'NONE', *, *, #388, .F. ) ;
#779 = CARTESIAN_POINT ( 'NONE',  ( 13.00000000000000533, 8.500000000000000000, 7.649999999999999467 ) ) ;
#780 = CARTESIAN_POINT ( 'NONE',  ( 8.500000000000001776, -15.49999999999997513, 6.000000000000000000 ) ) ;
#781 = VECTOR ( 'NONE', #905, 1000.000000000000000 ) ;
#782 = CIRCLE ( 'NONE', #891, 6.747477419454694925 ) ;
#783 = EDGE_CURVE ( 'NONE', #1849, #1377, #762, .T. ) ;
#784 = CARTESIAN_POINT ( 'NONE',  ( 4.499999999999998224, -34.00000000000000000, 9.199999999999999289 ) ) ;
#785 = CARTESIAN_POINT ( 'NONE',  ( 6.000000000000001776, 1.158312395177700571, 13.00000000000000178 ) ) ;
#786 = VECTOR ( 'NONE', #1096, 1000.000000000000000 ) ;
#787 = EDGE_LOOP ( 'NONE', ( #1439, #2031, #554, #1710 ) ) ;
#788 = DIRECTION ( 'NONE',  ( -0.8660254037844385966, 1.095437728245845353E-16, 0.5000000000000001110 ) ) ;
#789 = VECTOR ( 'NONE', #1672, 1000.000000000000000 ) ;
#790 = VECTOR ( 'NONE', #1942, 1000.000000000000000 ) ;
#791 = VERTEX_POINT ( 'NONE', #97 ) ;
#792 = CARTESIAN_POINT ( 'NONE',  ( 8.500000000000001776, -0.5000000000000004441, 0.000000000000000000 ) ) ;
#793 = VERTEX_POINT ( 'NONE', #589 ) ;
#794 = DIRECTION ( 'NONE',  ( 0.000000000000000000, 0.000000000000000000, -1.000000000000000000 ) ) ;
#795 = PLANE ( 'NONE',  #722 ) ;
#796 = VECTOR ( 'NONE', #1852, 1000.000000000000000 ) ;
#797 = CARTESIAN_POINT ( 'NONE',  ( 1.771073523506817571, -1.000000000000000444, 12.00000000000000000 ) ) ;
#798 = DIRECTION ( 'NONE',  ( 1.264902534566421922E-16, 1.000000000000000000, 0.000000000000000000 ) ) ;
#799 = CARTESIAN_POINT ( 'NONE',  ( 12.99999999999999822, -34.00000000000000000, 10.75000000000000000 ) ) ;
#800 = CARTESIAN_POINT ( 'NONE',  ( 8.500000000000001776, 2.500000000000000000, 0.000000000000000000 ) ) ;
#801 = PLANE ( 'NONE',  #1697 ) ;
#802 = EDGE_CURVE ( 'NONE', #117, #952, #153, .T. ) ;
#803 = ORIENTED_EDGE ( 'NONE', *, *, #1503, .T. ) ;
#804 = ORIENTED_EDGE ( 'NONE', *, *, #278, .F. ) ;
#805 = DIRECTION ( 'NONE',  ( -0.000000000000000000, -0.000000000000000000, -1.000000000000000000 ) ) ;
#806 = EDGE_LOOP ( 'NONE', ( #1702, #1395 ) ) ;
#807 = ADVANCED_FACE ( 'NONE', ( #1667 ), #648, .T. ) ;
#808 = PLANE ( 'NONE',  #1130 ) ;
#809 = ORIENTED_EDGE ( 'NONE', *, *, #492, .T. ) ;
#810 = PLANE ( 'NONE',  #48 ) ;
#811 = EDGE_CURVE ( 'NONE', #1312, #2160, #325, .T. ) ;
#812 = VERTEX_POINT ( 'NONE', #370 ) ;
#813 = CARTESIAN_POINT ( 'NONE',  ( 7.733161507461903561, -34.00000000000000000, 9.200000000000001066 ) ) ;
#814 = EDGE_CURVE ( 'NONE', #1530, #323, #1238, .T. ) ;
#815 = CARTESIAN_POINT ( 'NONE',  ( 26.49999999999999645, -1.000000000000000444, 8.673617379884035472E-16 ) ) ;
#816 = CIRCLE ( 'NONE', #1402, 3.000000000000000444 ) ;
#817 = CIRCLE ( 'NONE', #1790, 1.550000000000000266 ) ;
#818 = DIRECTION ( 'NONE',  ( 0.000000000000000000, 0.000000000000000000, 1.000000000000000000 ) ) ;
#819 = AXIS2_PLACEMENT_3D ( 'NONE', #1116, #1751, #260 ) ;
#820 = ORIENTED_EDGE ( 'NONE', *, *, #904, .F. ) ;
#821 = VECTOR ( 'NONE', #2110, 1000.000000000000000 ) ;
#822 = ORIENTED_EDGE ( 'NONE', *, *, #278, .T. ) ;
#823 = CIRCLE ( 'NONE', #1242, 31.00000000000000000 ) ;
#824 = ORIENTED_EDGE ( 'NONE', *, *, #1161, .F. ) ;
#825 = LINE ( 'NONE', #305, #255 ) ;
#826 = CARTESIAN_POINT ( 'NONE',  ( 4.500000000000003553, 8.500000000000000000, 7.649999999999999467 ) ) ;
#827 = CARTESIAN_POINT ( 'NONE',  ( 8.499999999999998224, -34.00000000000000000, 3.000000000000000000 ) ) ;
#828 = ADVANCED_FACE ( 'NONE', ( #348 ), #1679, .T. ) ;
#829 = CARTESIAN_POINT ( 'NONE',  ( 9.685787925373475105, -12.44038370031140595, 9.059616299688602936 ) ) ;
#830 = DIRECTION ( 'NONE',  ( -1.000000000000000000, 0.000000000000000000, 0.000000000000000000 ) ) ;
#831 = ORIENTED_EDGE ( 'NONE', *, *, #1650, .T. ) ;
#832 = DIRECTION ( 'NONE',  ( 1.264902534566421922E-16, 1.000000000000000000, 0.000000000000000000 ) ) ;
#833 = ORIENTED_EDGE ( 'NONE', *, *, #155, .F. ) ;
#834 = ORIENTED_EDGE ( 'NONE', *, *, #448, .F. ) ;
#835 = ORIENTED_EDGE ( 'NONE', *, *, #671, .T. ) ;
#836 = DIRECTION ( 'NONE',  ( -1.000000000000000000, 0.000000000000000000, 0.000000000000000000 ) ) ;
#837 = LINE ( 'NONE', #1501, #1274 ) ;
#838 = LINE ( 'NONE', #862, #331 ) ;
#839 = ADVANCED_FACE ( 'NONE', ( #1145 ), #1500, .T. ) ;
#840 = ORIENTED_EDGE ( 'NONE', *, *, #2057, .F. ) ;
#841 = CARTESIAN_POINT ( 'NONE',  ( 6.000000000000001776, -2.158312395177698573, 9.590512483795334830 ) ) ;
#842 = FACE_OUTER_BOUND ( 'NONE', #742, .T. ) ;
#843 = ADVANCED_FACE ( 'NONE', ( #359 ), #483, .T. ) ;
#844 = DIRECTION ( 'NONE',  ( -0.5773502691896236216, -0.5773502691896236216, -0.5773502691896300609 ) ) ;
#845 = VERTEX_POINT ( 'NONE', #1359 ) ;
#846 = ORIENTED_EDGE ( 'NONE', *, *, #66, .T. ) ;
#847 = VERTEX_POINT ( 'NONE', #208 ) ;
#848 = DIRECTION ( 'NONE',  ( -1.000000000000000000, 1.264902534566421922E-16, 0.000000000000000000 ) ) ;
#849 = CARTESIAN_POINT ( 'NONE',  ( 6.000000000000001776, 1.158312395177697907, 9.590512483795334830 ) ) ;
#850 = DIRECTION ( 'NONE',  ( 0.000000000000000000, 0.000000000000000000, -1.000000000000000000 ) ) ;
#851 = VERTEX_POINT ( 'NONE', #1015 ) ;
#852 = AXIS2_PLACEMENT_3D ( 'NONE', #1640, #144, #1816 ) ;
#853 = CARTESIAN_POINT ( 'NONE',  ( -9.500000000000000000, -5.421010862427522170E-16, 8.673617379884035472E-16 ) ) ;
#854 = VECTOR ( 'NONE', #1941, 1000.000000000000000 ) ;
#855 = FACE_OUTER_BOUND ( 'NONE', #107, .T. ) ;
#856 = ORIENTED_EDGE ( 'NONE', *, *, #1777, .F. ) ;
#857 = CIRCLE ( 'NONE', #604, 31.00000000000000000 ) ;
#858 = AXIS2_PLACEMENT_3D ( 'NONE', #1608, #1114, #110 ) ;
#859 = ORIENTED_EDGE ( 'NONE', *, *, #1199, .F. ) ;
#860 = PRODUCT_CONTEXT ( 'NONE', #120, 'mechanical' ) ;
#861 = VECTOR ( 'NONE', #1643, 1000.000000000000000 ) ;
#862 = CARTESIAN_POINT ( 'NONE',  ( 5.499999999999956479, 2.500000000000047962, 18.00000000000006750 ) ) ;
#863 = ORIENTED_EDGE ( 'NONE', *, *, #898, .T. ) ;
#864 = CARTESIAN_POINT ( 'NONE',  ( 6.263932022500211971, -2.499999999999999556, 13.00000000000000178 ) ) ;
#865 = CARTESIAN_POINT ( 'NONE',  ( 8.500000000000001776, -0.5000000000000004441, 12.00000000000000000 ) ) ;
#866 = ORIENTED_EDGE ( 'NONE', *, *, #1636, .T. ) ;
#867 = DIRECTION ( 'NONE',  ( 0.000000000000000000, 1.000000000000000000, 0.000000000000000000 ) ) ;
#868 =( GEOMETRIC_REPRESENTATION_CONTEXT ( 3 ) GLOBAL_UNCERTAINTY_ASSIGNED_CONTEXT ( ( #874 ) ) GLOBAL_UNIT_ASSIGNED_CONTEXT ( ( #893, #1534, #195 ) ) REPRESENTATION_CONTEXT ( 'NONE', 'WORKASPACE' ) );
#869 = EDGE_CURVE ( 'NONE', #526, #497, #50, .T. ) ;
#870 = ORIENTED_EDGE ( 'NONE', *, *, #232, .F. ) ;
#871 = LINE ( 'NONE', #2150, #299 ) ;
#872 = DIRECTION ( 'NONE',  ( 1.000000000000000000, 0.000000000000000000, 0.000000000000000000 ) ) ;
#873 = ORIENTED_EDGE ( 'NONE', *, *, #262, .F. ) ;
#874 = UNCERTAINTY_MEASURE_WITH_UNIT (LENGTH_MEASURE( 1.000000000000000082E-05 ), #893, 'distance_accuracy_value', 'NONE');
#875 = CARTESIAN_POINT ( 'NONE',  ( 26.49999999999999645, -1.000000000000000444, 8.673617379884035472E-16 ) ) ;
#876 = VERTEX_POINT ( 'NONE', #169 ) ;
#877 = CARTESIAN_POINT ( 'NONE',  ( 3.169586530435096083, 8.500000000000000000, 12.00000000000000000 ) ) ;
#878 = EDGE_CURVE ( 'NONE', #2155, #1172, #337, .T. ) ;
#879 = DIRECTION ( 'NONE',  ( 1.264902534566421922E-16, 1.000000000000000000, 0.000000000000000000 ) ) ;
#880 = VERTEX_POINT ( 'NONE', #2021 ) ;
#881 = PRODUCT_DEFINITION ( 'UNKNOWN', '', #1007, #1221 ) ;
#882 = CARTESIAN_POINT ( 'NONE',  ( 6.263932022500211971, -2.499999999999999556, 13.00000000000000178 ) ) ;
#883 = EDGE_CURVE ( 'NONE', #1989, #632, #871, .T. ) ;
#884 = DIRECTION ( 'NONE',  ( -1.000000000000000000, 3.011672701348623976E-17, 0.000000000000000000 ) ) ;
#885 = ORIENTED_EDGE ( 'NONE', *, *, #240, .T. ) ;
#886 = LINE ( 'NONE', #1064, #1132 ) ;
#887 = ORIENTED_EDGE ( 'NONE', *, *, #1061, .T. ) ;
#888 = ORIENTED_EDGE ( 'NONE', *, *, #1533, .T. ) ;
#889 = VECTOR ( 'NONE', #956, 1000.000000000000114 ) ;
#890 = VERTEX_POINT ( 'NONE', #658 ) ;
#891 = AXIS2_PLACEMENT_3D ( 'NONE', #1011, #1191, #867 ) ;
#892 = CARTESIAN_POINT ( 'NONE',  ( -0.4999999999999952260, 8.500000000000001776, 12.00000000000000000 ) ) ;
#893 =( LENGTH_UNIT ( ) NAMED_UNIT ( * ) SI_UNIT ( .MILLI., .METRE. ) );
#894 = DIRECTION ( 'NONE',  ( 1.000000000000000000, -1.264902534566421922E-16, 9.637352644315707409E-17 ) ) ;
#895 = VECTOR ( 'NONE', #1219, 1000.000000000000000 ) ;
#896 = VECTOR ( 'NONE', #1846, 1000.000000000000000 ) ;
#897 = DIRECTION ( 'NONE',  ( 0.000000000000000000, 0.000000000000000000, -1.000000000000000000 ) ) ;
#898 = EDGE_CURVE ( 'NONE', #2155, #1118, #857, .T. ) ;
#899 = VECTOR ( 'NONE', #1693, 1000.000000000000000 ) ;
#900 = ORIENTED_EDGE ( 'NONE', *, *, #1627, .T. ) ;
#901 = VERTEX_POINT ( 'NONE', #1995 ) ;
#902 = DIRECTION ( 'NONE',  ( -1.445602896647339163E-16, -1.000000000000000000, 0.000000000000000000 ) ) ;
#903 = CARTESIAN_POINT ( 'NONE',  ( 8.500000000000001776, -0.5000000000000004441, 6.000000000000000000 ) ) ;
#904 = EDGE_CURVE ( 'NONE', #876, #1839, #2140, .T. ) ;
#905 = DIRECTION ( 'NONE',  ( 1.264902534566421922E-16, 1.000000000000000000, 0.000000000000000000 ) ) ;
#906 = CARTESIAN_POINT ( 'NONE',  ( 6.000000000000001776, -5.421010862427522170E-16, -8.062257748298550908 ) ) ;
#907 = ADVANCED_FACE ( 'NONE', ( #988 ), #1348, .T. ) ;
#908 = VERTEX_POINT ( 'NONE', #826 ) ;
#909 = ADVANCED_FACE ( 'NONE', ( #495 ), #535, .T. ) ;
#910 = EDGE_LOOP ( 'NONE', ( #539, #1444, #1453, #2148 ) ) ;
#911 = CARTESIAN_POINT ( 'NONE',  ( 13.00000000000000178, -5.421010862427522170E-16, 10.75000000000000000 ) ) ;
#912 = FILL_AREA_STYLE ('',( #2069 ) ) ;
#913 = DIRECTION ( 'NONE',  ( 1.000000000000000000, -3.011672701348623976E-17, -0.000000000000000000 ) ) ;
#914 = ORIENTED_EDGE ( 'NONE', *, *, #1610, .T. ) ;
#915 = EDGE_LOOP ( 'NONE', ( #773, #420, #1207, #1674 ) ) ;
#916 = ORIENTED_EDGE ( 'NONE', *, *, #519, .T. ) ;
#917 = CARTESIAN_POINT ( 'NONE',  ( 1.266838492538095551, -12.30000000000000604, 9.200000000000002842 ) ) ;
#918 = VECTOR ( 'NONE', #714, 1000.000000000000000 ) ;
#919 = ORIENTED_EDGE ( 'NONE', *, *, #2081, .F. ) ;
#920 = CARTESIAN_POINT ( 'NONE',  ( 8.500000000000001776, -0.5000000000000004441, 3.000000000000000000 ) ) ;
#921 = LINE ( 'NONE', #1782, #1966 ) ;
#922 = VECTOR ( 'NONE', #1775, 1000.000000000000000 ) ;
#923 = VECTOR ( 'NONE', #1749, 1000.000000000000000 ) ;
#924 = CARTESIAN_POINT ( 'NONE',  ( 16.23316150746190090, -34.00000000000000000, 9.199999999999999289 ) ) ;
#925 = VECTOR ( 'NONE', #913, 1000.000000000000000 ) ;
#926 = DIRECTION ( 'NONE',  ( 0.000000000000000000, 0.000000000000000000, -1.000000000000000000 ) ) ;
#927 = ORIENTED_EDGE ( 'NONE', *, *, #248, .T. ) ;
#928 = CARTESIAN_POINT ( 'NONE',  ( 13.00000000000000355, -1.000000000000001332, 9.199999999999999289 ) ) ;
#929 = ORIENTED_EDGE ( 'NONE', *, *, #1066, .T. ) ;
#930 = EDGE_CURVE ( 'NONE', #1559, #411, #258, .T. ) ;
#931 = EDGE_LOOP ( 'NONE', ( #284, #1347, #345, #1276 ) ) ;
#932 = CARTESIAN_POINT ( 'NONE',  ( 6.263932022500211971, -2.499999999999999556, 12.00000000000000000 ) ) ;
#933 = EDGE_CURVE ( 'NONE', #1739, #403, #1532, .T. ) ;
#934 = CARTESIAN_POINT ( 'NONE',  ( 9.766838492538097327, -9.500000000000000000, 9.199999999999999289 ) ) ;
#935 = CARTESIAN_POINT ( 'NONE',  ( 14.33041346956490791, 8.499999999999998224, 12.00000000000004796 ) ) ;
#936 = DIRECTION ( 'NONE',  ( 0.000000000000000000, 0.000000000000000000, 1.000000000000000000 ) ) ;
#937 = ORIENTED_EDGE ( 'NONE', *, *, #513, .T. ) ;
#938 = EDGE_CURVE ( 'NONE', #845, #880, #1229, .T. ) ;
#939 = DIRECTION ( 'NONE',  ( 0.000000000000000000, 1.000000000000000000, 0.000000000000000000 ) ) ;
#940 = ORIENTED_EDGE ( 'NONE', *, *, #769, .F. ) ;
#941 = CARTESIAN_POINT ( 'NONE',  ( 8.500000000000001776, -0.5000000000000004441, 13.00000000000000178 ) ) ;
#942 = ORIENTED_EDGE ( 'NONE', *, *, #1992, .T. ) ;
#943 = CARTESIAN_POINT ( 'NONE',  ( -6.499999999999974243, -0.9999999999999997780, 6.000000000000000000 ) ) ;
#944 = CARTESIAN_POINT ( 'NONE',  ( 11.38341924626904955, -15.09999999999998188, 6.400000000000000355 ) ) ;
#945 = CARTESIAN_POINT ( 'NONE',  ( 8.500000000000001776, -0.5000000000000004441, 13.00000000000000178 ) ) ;
#946 = LINE ( 'NONE', #1624, #340 ) ;
#947 = DIRECTION ( 'NONE',  ( 1.000000000000000000, 0.000000000000000000, 0.000000000000000000 ) ) ;
#948 = VERTEX_POINT ( 'NONE', #55 ) ;
#949 = CARTESIAN_POINT ( 'NONE',  ( 17.50000000000000000, -9.499999999999998224, 12.00000000000004619 ) ) ;
#950 = ORIENTED_EDGE ( 'NONE', *, *, #1409, .T. ) ;
#951 = DIRECTION ( 'NONE',  ( 0.000000000000000000, 1.000000000000000000, 0.000000000000000000 ) ) ;
#952 = VERTEX_POINT ( 'NONE', #2048 ) ;
#953 = AXIS2_PLACEMENT_3D ( 'NONE', #920, #1411, #1557 ) ;
#954 = LINE ( 'NONE', #1619, #1615 ) ;
#955 = CARTESIAN_POINT ( 'NONE',  ( 26.49999999999999645, -0.5000000000000027756, 6.000000000000000000 ) ) ;
#956 = DIRECTION ( 'NONE',  ( -0.3779644730092291960, -0.6546536707079728679, -0.6546536707079801953 ) ) ;
#957 = CIRCLE ( 'NONE', #569, 1.549999999999999378 ) ;
#958 = CARTESIAN_POINT ( 'NONE',  ( 8.500000000000001776, -1.000000000000000444, 12.00000000000000000 ) ) ;
#959 = EDGE_CURVE ( 'NONE', #2073, #1753, #380, .T. ) ;
#960 = CARTESIAN_POINT ( 'NONE',  ( 8.500000000000001776, -0.5000000000000004441, 13.00000000000000178 ) ) ;
#961 = VECTOR ( 'NONE', #591, 1000.000000000000000 ) ;
#962 = LINE ( 'NONE', #271, #2101 ) ;
#963 = DIRECTION ( 'NONE',  ( 0.000000000000000000, 0.000000000000000000, -1.000000000000000000 ) ) ;
#964 = CIRCLE ( 'NONE', #1309, 1.550000000000000266 ) ;
#965 = ORIENTED_EDGE ( 'NONE', *, *, #898, .F. ) ;
#966 = DIRECTION ( 'NONE',  ( 1.264902534566421922E-16, 1.000000000000000000, -0.000000000000000000 ) ) ;
#967 = ORIENTED_EDGE ( 'NONE', *, *, #366, .T. ) ;
#968 = EDGE_CURVE ( 'NONE', #1097, #1172, #1378, .T. ) ;
#969 = CARTESIAN_POINT ( 'NONE',  ( -9.500000000000000000, -1.000000000000000444, 13.00000000000000178 ) ) ;
#970 = DIRECTION ( 'NONE',  ( 0.000000000000000000, 0.000000000000000000, 1.000000000000000000 ) ) ;
#971 = CARTESIAN_POINT ( 'NONE',  ( 12.99999999999999822, -34.00000000000000000, 9.199999999999999289 ) ) ;
#972 = CARTESIAN_POINT ( 'NONE',  ( 2.883419246269049552, -9.500000000000000000, 12.00000000000000000 ) ) ;
#973 = LINE ( 'NONE', #924, #1894 ) ;
#974 = DIRECTION ( 'NONE',  ( -1.264902534566421922E-16, -1.000000000000000000, 0.000000000000000000 ) ) ;
#975 = VERTEX_POINT ( 'NONE', #386 ) ;
#976 = ADVANCED_FACE ( 'NONE', ( #1209, #397 ), #1730, .T. ) ;
#977 = DIRECTION ( 'NONE',  ( -0.000000000000000000, 0.000000000000000000, 1.000000000000000000 ) ) ;
#978 = VERTEX_POINT ( 'NONE', #2055 ) ;
#979 = LINE ( 'NONE', #1480, #713 ) ;
#980 = CARTESIAN_POINT ( 'NONE',  ( 11.45316999818685311, 0.02881067767044643776, 9.089959259544407644 ) ) ;
#981 = CARTESIAN_POINT ( 'NONE',  ( 3.610947964717368119, -1.000000000000000444, 12.66762022114789765 ) ) ;
#982 = LINE ( 'NONE', #186, #609 ) ;
#983 = CARTESIAN_POINT ( 'NONE',  ( 6.031939174866629116, -2.206462512971408163, 8.932169285131296377 ) ) ;
#984 = ORIENTED_EDGE ( 'NONE', *, *, #1479, .F. ) ;
#985 = ORIENTED_EDGE ( 'NONE', *, *, #541, .T. ) ;
#986 = ORIENTED_EDGE ( 'NONE', *, *, #564, .T. ) ;
#987 = DIRECTION ( 'NONE',  ( 0.5000000000000001110, -6.324512672832109609E-17, -0.8660254037844385966 ) ) ;
#988 = FACE_OUTER_BOUND ( 'NONE', #61, .T. ) ;
#989 = DIRECTION ( 'NONE',  ( -1.188619577745461912E-16, -0.9396926207859105373, -0.3420201433256625512 ) ) ;
#990 = ORIENTED_EDGE ( 'NONE', *, *, #286, .T. ) ;
#991 = VECTOR ( 'NONE', #1806, 1000.000000000000000 ) ;
#992 = ORIENTED_EDGE ( 'NONE', *, *, #1240, .F. ) ;
#993 = CONICAL_SURFACE ( 'NONE', #1865, 4.000000000000000000, 1.221730476396037268 ) ;
#994 = DIRECTION ( 'NONE',  ( 0.000000000000000000, -0.000000000000000000, 1.000000000000000000 ) ) ;
#995 = VECTOR ( 'NONE', #2029, 1000.000000000000000 ) ;
#996 = DIRECTION ( 'NONE',  ( -1.445602896647339163E-16, -1.000000000000000000, 0.000000000000000000 ) ) ;
#997 = ORIENTED_EDGE ( 'NONE', *, *, #155, .T. ) ;
#998 = VECTOR ( 'NONE', #1128, 1000.000000000000000 ) ;
#999 = ORIENTED_EDGE ( 'NONE', *, *, #1733, .F. ) ;
#1000 = ORIENTED_EDGE ( 'NONE', *, *, #1426, .F. ) ;
#1001 = ADVANCED_FACE ( 'NONE', ( #715, #43 ), #563, .T. ) ;
#1002 = DIRECTION ( 'NONE',  ( 0.000000000000000000, -1.000000000000000000, 0.000000000000000000 ) ) ;
#1003 = DIRECTION ( 'NONE',  ( -0.4999999999999999445, 6.324512672832108377E-17, -0.8660254037844387076 ) ) ;
#1004 = CARTESIAN_POINT ( 'NONE',  ( 11.45803989154981117, -5.421010862427522170E-16, 9.357667447332268296 ) ) ;
#1005 = EDGE_CURVE ( 'NONE', #2160, #423, #1381, .T. ) ;
#1006 = FACE_OUTER_BOUND ( 'NONE', #787, .T. ) ;
#1007 = PRODUCT_DEFINITION_FORMATION_WITH_SPECIFIED_SOURCE ( 'ANY', '', #1884, .NOT_KNOWN. ) ;
#1008 = ORIENTED_EDGE ( 'NONE', *, *, #1925, .F. ) ;
#1009 = DIRECTION ( 'NONE',  ( 0.000000000000000000, 0.000000000000000000, -1.000000000000000000 ) ) ;
#1010 = EDGE_CURVE ( 'NONE', #140, #1110, #215, .T. ) ;
#1011 = CARTESIAN_POINT ( 'NONE',  ( 8.500000000000001776, -0.5000000000000004441, 12.00000000000000000 ) ) ;
#1012 = VERTEX_POINT ( 'NONE', #1051 ) ;
#1013 = EDGE_LOOP ( 'NONE', ( #1863, #2006, #362, #1344, #378, #23, #2058, #1252 ) ) ;
#1014 = ORIENTED_EDGE ( 'NONE', *, *, #574, .F. ) ;
#1015 = CARTESIAN_POINT ( 'NONE',  ( 2.883419246269049552, -9.500000000000000000, 12.00000000000000000 ) ) ;
#1016 = CARTESIAN_POINT ( 'NONE',  ( 6.000000000000001776, -1.000000000000000000, -8.062257748298550908 ) ) ;
#1017 = B_SPLINE_CURVE_WITH_KNOTS ( 'NONE', 3,
 ( #99, #770, #443, #1104 ),
 .UNSPECIFIED., .F., .F.,
 ( 4, 4 ),
 ( 0.01114817630044190322, 0.01399547826394980342 ),
 .UNSPECIFIED. ) ;
#1018 = DIRECTION ( 'NONE',  ( 0.000000000000000000, 0.000000000000000000, -1.000000000000000000 ) ) ;
#1019 = DIRECTION ( 'NONE',  ( 0.000000000000000000, 1.000000000000000000, 0.000000000000000000 ) ) ;
#1020 = VERTEX_POINT ( 'NONE', #1720 ) ;
#1021 = ORIENTED_EDGE ( 'NONE', *, *, #1949, .F. ) ;
#1022 = DIRECTION ( 'NONE',  ( 0.000000000000000000, 0.000000000000000000, -1.000000000000000000 ) ) ;
#1023 = CARTESIAN_POINT ( 'NONE',  ( -9.500000000000000000, -5.421010862427522170E-16, 8.673617379884035472E-16 ) ) ;
#1024 = CARTESIAN_POINT ( 'NONE',  ( -0.4999999999999970024, -6.505213034913026604E-16, 12.00000000000004619 ) ) ;
#1025 = DIRECTION ( 'NONE',  ( -1.264902534566421922E-16, -1.000000000000000000, 0.000000000000000000 ) ) ;
#1026 = ORIENTED_EDGE ( 'NONE', *, *, #1512, .F. ) ;
#1027 = VECTOR ( 'NONE', #1543, 1000.000000000000000 ) ;
#1028 = EDGE_CURVE ( 'NONE', #1538, #135, #224, .T. ) ;
#1029 = CIRCLE ( 'NONE', #1725, 1.550000000000000266 ) ;
#1030 = LINE ( 'NONE', #1355, #1752 ) ;
#1031 = AXIS2_PLACEMENT_3D ( 'NONE', #2009, #1975, #1491 ) ;
#1032 = VECTOR ( 'NONE', #894, 1000.000000000000000 ) ;
#1033 = ORIENTED_EDGE ( 'NONE', *, *, #296, .F. ) ;
#1034 = DIRECTION ( 'NONE',  ( 0.000000000000000000, 0.000000000000000000, -1.000000000000000000 ) ) ;
#1035 = CARTESIAN_POINT ( 'NONE',  ( 8.500000000000001776, -0.5000000000000007772, 0.000000000000000000 ) ) ;
#1036 = AXIS2_PLACEMENT_3D ( 'NONE', #1316, #486, #1351 ) ;
#1037 = EDGE_CURVE ( 'NONE', #323, #1333, #743, .T. ) ;
#1038 = DIRECTION ( 'NONE',  ( 0.000000000000000000, 0.000000000000000000, 1.000000000000000000 ) ) ;
#1039 = CARTESIAN_POINT ( 'NONE',  ( 23.49999999999997868, -0.5000000000000023315, 6.000000000000000000 ) ) ;
#1040 = B_SPLINE_CURVE_WITH_KNOTS ( 'NONE', 3,
 ( #1620, #98, #126, #1571 ),
 .UNSPECIFIED., .F., .F.,
 ( 4, 4 ),
 ( 2.050978651941685163E-06, 0.002936999258318115195 ),
 .UNSPECIFIED. ) ;
#1041 = ORIENTED_EDGE ( 'NONE', *, *, #1965, .T. ) ;
#1042 = EDGE_CURVE ( 'NONE', #407, #1216, #536, .T. ) ;
#1043 = VECTOR ( 'NONE', #1860, 1000.000000000000000 ) ;
#1044 = EDGE_CURVE ( 'NONE', #1020, #2084, #1404, .T. ) ;
#1045 = ORIENTED_EDGE ( 'NONE', *, *, #740, .F. ) ;
#1046 = DIRECTION ( 'NONE',  ( -1.035655806553317700E-16, -1.000000000000000000, 0.000000000000000000 ) ) ;
#1047 = DIRECTION ( 'NONE',  ( -0.000000000000000000, 0.000000000000000000, -1.000000000000000000 ) ) ;
#1048 = DIRECTION ( 'NONE',  ( 1.000000000000000000, 0.000000000000000000, -0.000000000000000000 ) ) ;
#1049 = CARTESIAN_POINT ( 'NONE',  ( 8.500000000000001776, -0.5000000000000004441, 3.000000000000000444 ) ) ;
#1050 = ORIENTED_EDGE ( 'NONE', *, *, #930, .T. ) ;
#1051 = CARTESIAN_POINT ( 'NONE',  ( -6.499999999999972466, 14.49999999999997868, 6.000000000000000000 ) ) ;
#1052 = ORIENTED_EDGE ( 'NONE', *, *, #1874, .T. ) ;
#1053 = DIRECTION ( 'NONE',  ( 0.000000000000000000, 0.000000000000000000, -1.000000000000000000 ) ) ;
#1054 = ORIENTED_EDGE ( 'NONE', *, *, #1305, .T. ) ;
#1055 = ORIENTED_EDGE ( 'NONE', *, *, #1825, .T. ) ;
#1056 = ADVANCED_FACE ( 'NONE', ( #1600 ), #298, .T. ) ;
#1057 = VERTEX_POINT ( 'NONE', #1786 ) ;
#1058 = AXIS2_PLACEMENT_3D ( 'NONE', #178, #1166, #1836 ) ;
#1059 = CARTESIAN_POINT ( 'NONE',  ( 4.500000000000002665, -1.000000000000000444, 9.199999999999999289 ) ) ;
#1060 = AXIS2_PLACEMENT_3D ( 'NONE', #1553, #1399, #1886 ) ;
#1061 = EDGE_CURVE ( 'NONE', #775, #1792, #1306, .T. ) ;
#1062 = CARTESIAN_POINT ( 'NONE',  ( 11.66958653043509919, 8.500000000000001776, 12.00000000000000000 ) ) ;
#1063 = AXIS2_PLACEMENT_3D ( 'NONE', #636, #1968, #926 ) ;
#1064 = CARTESIAN_POINT ( 'NONE',  ( -9.500000000000000000, -1.000000000000000444, 8.673617379884035472E-16 ) ) ;
#1065 = AXIS2_PLACEMENT_3D ( 'NONE', #442, #280, #759 ) ;
#1066 = EDGE_CURVE ( 'NONE', #1333, #1538, #118, .T. ) ;
#1067 = ORIENTED_EDGE ( 'NONE', *, *, #2010, .T. ) ;
#1068 = ORIENTED_EDGE ( 'NONE', *, *, #1437, .T. ) ;
#1069 = CARTESIAN_POINT ( 'NONE',  ( -9.500000000000000000, -1.000000000000000444, 8.673617379884035472E-16 ) ) ;
#1070 = DIRECTION ( 'NONE',  ( 0.000000000000000000, 0.000000000000000000, -1.000000000000000000 ) ) ;
#1071 = CARTESIAN_POINT ( 'NONE',  ( 8.500000000000001776, -0.5000000000000004441, 13.00000000000000888 ) ) ;
#1072 = ADVANCED_FACE ( 'NONE', ( #285 ), #620, .F. ) ;
#1073 = VERTEX_POINT ( 'NONE', #1431 ) ;
#1074 = ORIENTED_EDGE ( 'NONE', *, *, #1683, .F. ) ;
#1075 = DIRECTION ( 'NONE',  ( -1.000000000000000000, 0.000000000000000000, 0.000000000000000000 ) ) ;
#1076 = ORIENTED_EDGE ( 'NONE', *, *, #1610, .F. ) ;
#1077 = FACE_OUTER_BOUND ( 'NONE', #1686, .T. ) ;
#1078 = ORIENTED_EDGE ( 'NONE', *, *, #783, .F. ) ;
#1079 = CARTESIAN_POINT ( 'NONE',  ( 17.50000000000000000, -9.499999999999998224, 12.00000000000000000 ) ) ;
#1080 = ORIENTED_EDGE ( 'NONE', *, *, #1812, .F. ) ;
#1081 = PLANE ( 'NONE',  #1090 ) ;
#1082 = EDGE_CURVE ( 'NONE', #1099, #354, #468, .T. ) ;
#1083 = ORIENTED_EDGE ( 'NONE', *, *, #2036, .F. ) ;
#1084 = ADVANCED_FACE ( 'NONE', ( #2112 ), #1081, .F. ) ;
#1085 = CARTESIAN_POINT ( 'NONE',  ( 8.500000000000001776, -0.5000000000000004441, 3.000000000000000000 ) ) ;
#1086 = STYLED_ITEM ( 'NONE', ( #1248 ), #313 ) ;
#1087 = CARTESIAN_POINT ( 'NONE',  ( 11.45000883655804458, -1.045387813011187328, 9.255380349385522010 ) ) ;
#1088 = EDGE_LOOP ( 'NONE', ( #1153, #14, #449, #1781 ) ) ;
#1089 = CARTESIAN_POINT ( 'NONE',  ( 6.050025481938518190, 1.231365028757169577, 9.066310566849148600 ) ) ;
#1090 = AXIS2_PLACEMENT_3D ( 'NONE', #1289, #1253, #1945 ) ;
#1091 = EDGE_CURVE ( 'NONE', #354, #117, #404, .T. ) ;
#1092 = AXIS2_PLACEMENT_3D ( 'NONE', #147, #1025, #522 ) ;
#1093 = FACE_BOUND ( 'NONE', #415, .T. ) ;
#1094 = VECTOR ( 'NONE', #1413, 1000.000000000000000 ) ;
#1095 = CARTESIAN_POINT ( 'NONE',  ( 8.500000000000001776, -0.5000000000000004441, 0.000000000000000000 ) ) ;
#1096 = DIRECTION ( 'NONE',  ( 0.4999999999999999445, -6.324512672832108377E-17, -0.8660254037844387076 ) ) ;
#1097 = VERTEX_POINT ( 'NONE', #1107 ) ;
#1098 = CARTESIAN_POINT ( 'NONE',  ( 6.263932022500211971, -2.499999999999999556, 13.00000000000000178 ) ) ;
#1099 = VERTEX_POINT ( 'NONE', #115 ) ;
#1100 = DIRECTION ( 'NONE',  ( -1.035655806553317946E-16, -1.000000000000000000, 0.000000000000000000 ) ) ;
#1101 = EDGE_LOOP ( 'NONE', ( #1601, #1746, #1155, #1068 ) ) ;
#1102 = DIRECTION ( 'NONE',  ( 0.000000000000000000, 0.000000000000000000, 1.000000000000000000 ) ) ;
#1103 = LINE ( 'NONE', #1898, #790 ) ;
#1104 = CARTESIAN_POINT ( 'NONE',  ( 15.22892647649318754, -5.421010862427522170E-16, 12.00000000000000000 ) ) ;
#1105 = CARTESIAN_POINT ( 'NONE',  ( 6.000000000000001776, -2.158312395177701237, 13.00000000000000178 ) ) ;
#1106 = ORIENTED_EDGE ( 'NONE', *, *, #1969, .F. ) ;
#1107 = CARTESIAN_POINT ( 'NONE',  ( 8.499999999999998224, -33.99999999999999289, 5.500000000000000000 ) ) ;
#1108 = ORIENTED_EDGE ( 'NONE', *, *, #1256, .F. ) ;
#1109 = CARTESIAN_POINT ( 'NONE',  ( 8.500000000000001776, 2.500000000000000000, 0.000000000000000000 ) ) ;
#1110 = VERTEX_POINT ( 'NONE', #1626 ) ;
#1111 = ADVANCED_FACE ( 'NONE', ( #1418 ), #2096, .T. ) ;
#1112 = CARTESIAN_POINT ( 'NONE',  ( 15.22892647649318754, -1.000000000000000444, 12.00000000000000000 ) ) ;
#1113 = CARTESIAN_POINT ( 'NONE',  ( 8.500000000000001776, -4.500000000000000888, 13.00000000000000178 ) ) ;
#1114 = DIRECTION ( 'NONE',  ( 0.000000000000000000, -1.000000000000000000, 0.000000000000000000 ) ) ;
#1115 = DIRECTION ( 'NONE',  ( 0.000000000000000000, 0.000000000000000000, 1.000000000000000000 ) ) ;
#1116 = CARTESIAN_POINT ( 'NONE',  ( 2.883419246269045999, -34.00000000000000000, 12.00000000000000000 ) ) ;
#1117 = ADVANCED_FACE ( 'NONE', ( #103 ), #801, .T. ) ;
#1118 = VERTEX_POINT ( 'NONE', #2083 ) ;
#1119 = CARTESIAN_POINT ( 'NONE',  ( 2.690984035687639331, -5.421010862427522170E-16, 12.33389951874819523 ) ) ;
#1120 = ORIENTED_EDGE ( 'NONE', *, *, #1317, .T. ) ;
#1121 = AXIS2_PLACEMENT_3D ( 'NONE', #1642, #1985, #660 ) ;
#1122 = DIRECTION ( 'NONE',  ( 0.000000000000000000, 0.000000000000000000, -1.000000000000000000 ) ) ;
#1123 = VECTOR ( 'NONE', #1476, 1000.000000000000000 ) ;
#1124 = ADVANCED_FACE ( 'NONE', ( #594 ), #1920, .T. ) ;
#1125 = FACE_OUTER_BOUND ( 'NONE', #494, .T. ) ;
#1126 = VECTOR ( 'NONE', #2044, 1000.000000000000000 ) ;
#1127 = CARTESIAN_POINT ( 'NONE',  ( 11.45803989154981117, -5.421010862427522170E-16, 0.000000000000000000 ) ) ;
#1128 = DIRECTION ( 'NONE',  ( 1.264902534566421922E-16, 1.000000000000000000, 0.000000000000000000 ) ) ;
#1129 = ADVANCED_FACE ( 'NONE', ( #1910 ), #273, .T. ) ;
#1130 = AXIS2_PLACEMENT_3D ( 'NONE', #960, #1463, #1474 ) ;
#1131 = DIRECTION ( 'NONE',  ( 0.000000000000000000, -0.000000000000000000, 1.000000000000000000 ) ) ;
#1132 = VECTOR ( 'NONE', #63, 1000.000000000000000 ) ;
#1133 = ORIENTED_EDGE ( 'NONE', *, *, #216, .T. ) ;
#1134 = ORIENTED_EDGE ( 'NONE', *, *, #232, .T. ) ;
#1135 = DIRECTION ( 'NONE',  ( -0.000000000000000000, 0.000000000000000000, 1.000000000000000000 ) ) ;
#1136 = CARTESIAN_POINT ( 'NONE',  ( -9.500000000000000000, -5.421010862427522170E-16, 8.673617379884035472E-16 ) ) ;
#1137 = AXIS2_PLACEMENT_3D ( 'NONE', #225, #2011, #1721 ) ;
#1138 = CARTESIAN_POINT ( 'NONE',  ( 4.531373033403101047, -1.000000000000000444, 13.00000000000000178 ) ) ;
#1139 = LINE ( 'NONE', #1428, #1239 ) ;
#1140 = DIRECTION ( 'NONE',  ( 0.5000000000000001110, -6.324512672832109609E-17, 0.8660254037844385966 ) ) ;
#1141 = ORIENTED_EDGE ( 'NONE', *, *, #1357, .T. ) ;
#1142 = CARTESIAN_POINT ( 'NONE',  ( 4.500000000000001776, -9.500000000000001776, 9.199999999999999289 ) ) ;
#1143 = EDGE_LOOP ( 'NONE', ( #379, #990, #1327 ) ) ;
#1144 = DIRECTION ( 'NONE',  ( -1.264902534566421922E-16, -1.000000000000000000, -0.000000000000000000 ) ) ;
#1145 = FACE_OUTER_BOUND ( 'NONE', #623, .T. ) ;
#1146 = CARTESIAN_POINT ( 'NONE',  ( 6.116580753730952225, -9.500000000000000000, 6.399999999999999467 ) ) ;
#1147 = CARTESIAN_POINT ( 'NONE',  ( 8.500000000000001776, -0.5000000000000004441, 12.00000000000000000 ) ) ;
#1148 = VERTEX_POINT ( 'NONE', #77 ) ;
#1149 = CARTESIAN_POINT ( 'NONE',  ( 8.500000000000001776, -1.000000000000000444, 6.000000000000000000 ) ) ;
#1150 = EDGE_CURVE ( 'NONE', #412, #1719, #432, .T. ) ;
#1151 = CARTESIAN_POINT ( 'NONE',  ( -9.500000000000000000, -1.000000000000000444, 13.00000000000000178 ) ) ;
#1152 = EDGE_LOOP ( 'NONE', ( #1055, #1696, #221, #2047 ) ) ;
#1153 = ORIENTED_EDGE ( 'NONE', *, *, #1533, .F. ) ;
#1154 = EDGE_CURVE ( 'NONE', #901, #1312, #679, .T. ) ;
#1155 = ORIENTED_EDGE ( 'NONE', *, *, #1717, .F. ) ;
#1156 = DIRECTION ( 'NONE',  ( 0.000000000000000000, 0.000000000000000000, -1.000000000000000000 ) ) ;
#1157 = DIRECTION ( 'NONE',  ( -0.8660254037844387076, 1.095437728245845476E-16, 0.4999999999999999445 ) ) ;
#1158 = CARTESIAN_POINT ( 'NONE',  ( 8.500000000000001776, -0.5000000000000004441, 5.500000000000000000 ) ) ;
#1159 = CYLINDRICAL_SURFACE ( 'NONE', #1546, 1.550000000000000266 ) ;
#1160 = CIRCLE ( 'NONE', #253, 33.50000000000000000 ) ;
#1161 = EDGE_CURVE ( 'NONE', #1110, #1574, #1936, .T. ) ;
#1162 = CARTESIAN_POINT ( 'NONE',  ( 14.61658075373095400, -9.500000000000000000, 6.400000000000000355 ) ) ;
#1163 = TOROIDAL_SURFACE ( 'NONE', #230, 33.50000000000000000, 2.500000000000000000 ) ;
#1164 = CARTESIAN_POINT ( 'NONE',  ( 11.45803989154981117, -1.000000000000000444, 13.00000000000000178 ) ) ;
#1165 = AXIS2_PLACEMENT_3D ( 'NONE', #1059, #1391, #555 ) ;
#1166 = DIRECTION ( 'NONE',  ( -1.264902534566421922E-16, -1.000000000000000000, -0.000000000000000000 ) ) ;
#1167 = VERTEX_POINT ( 'NONE', #1164 ) ;
#1168 = AXIS2_PLACEMENT_3D ( 'NONE', #1785, #129, #283 ) ;
#1169 = ORIENTED_EDGE ( 'NONE', *, *, #878, .T. ) ;
#1170 = EDGE_CURVE ( 'NONE', #1639, #2134, #957, .T. ) ;
#1171 = VECTOR ( 'NONE', #2014, 1000.000000000000000 ) ;
#1172 = VERTEX_POINT ( 'NONE', #1810 ) ;
#1173 = DIRECTION ( 'NONE',  ( 1.000000000000000000, -1.264902534566421922E-16, 0.000000000000000000 ) ) ;
#1174 = CARTESIAN_POINT ( 'NONE',  ( 8.500000000000001776, 33.00000000000000000, 6.000000000000000000 ) ) ;
#1175 = CARTESIAN_POINT ( 'NONE',  ( 10.73606797749979513, 1.499999999999997335, 13.00000000000000178 ) ) ;
#1176 = ORIENTED_EDGE ( 'NONE', *, *, #1572, .T. ) ;
#1177 = LINE ( 'NONE', #1682, #1795 ) ;
#1178 = AXIS2_PLACEMENT_3D ( 'NONE', #1230, #692, #872 ) ;
#1179 = DIRECTION ( 'NONE',  ( 1.264902534566421922E-16, 1.000000000000000000, 0.000000000000000000 ) ) ;
#1180 = ORIENTED_EDGE ( 'NONE', *, *, #410, .F. ) ;
#1181 = ORIENTED_EDGE ( 'NONE', *, *, #357, .F. ) ;
#1182 = CARTESIAN_POINT ( 'NONE',  ( 13.00000000000000355, -5.421010862427522170E-16, 9.199999999999999289 ) ) ;
#1183 = APPLICATION_PROTOCOL_DEFINITION ( 'draft international standard', 'automotive_design', 1998, #120 ) ;
#1184 = EDGE_CURVE ( 'NONE', #1466, #2063, #2124, .T. ) ;
#1185 = DIRECTION ( 'NONE',  ( 1.264902534566421922E-16, 1.000000000000000000, 0.000000000000000000 ) ) ;
#1186 = VERTEX_POINT ( 'NONE', #673 ) ;
#1187 = CARTESIAN_POINT ( 'NONE',  ( 26.49999999999999645, -1.000000000000000444, 8.673617379884035472E-16 ) ) ;
#1188 = LINE ( 'NONE', #1986, #1272 ) ;
#1189 = ORIENTED_EDGE ( 'NONE', *, *, #650, .F. ) ;
#1190 = CARTESIAN_POINT ( 'NONE',  ( 6.263932022500211971, 1.499999999999999556, 13.00000000000000178 ) ) ;
#1191 = DIRECTION ( 'NONE',  ( -0.000000000000000000, -0.000000000000000000, -1.000000000000000000 ) ) ;
#1192 = EDGE_LOOP ( 'NONE', ( #168, #390, #887, #840, #207, #1441, #459, #725, #1490, #831, #885 ) ) ;
#1193 = EDGE_CURVE ( 'NONE', #469, #1753, #716, .T. ) ;
#1194 = VERTEX_POINT ( 'NONE', #1340 ) ;
#1195 = CARTESIAN_POINT ( 'NONE',  ( 14.61658075373095045, -34.00000000000000000, 6.400000000000000355 ) ) ;
#1196 = DIRECTION ( 'NONE',  ( -0.000000000000000000, 0.000000000000000000, 1.000000000000000000 ) ) ;
#1197 = CYLINDRICAL_SURFACE ( 'NONE', #1511, 3.100000000000000533 ) ;
#1198 = LINE ( 'NONE', #1537, #752 ) ;
#1199 = EDGE_CURVE ( 'NONE', #1982, #948, #538, .T. ) ;
#1200 = AXIS2_PLACEMENT_3D ( 'NONE', #1293, #1102, #1793 ) ;
#1201 = EDGE_CURVE ( 'NONE', #978, #2088, #2017, .T. ) ;
#1202 = AXIS2_PLACEMENT_3D ( 'NONE', #312, #1971, #1100 ) ;
#1203 = CARTESIAN_POINT ( 'NONE',  ( -0.4999999999999987232, -9.499999999999996447, 12.00000000000004619 ) ) ;
#1204 = ORIENTED_EDGE ( 'NONE', *, *, #1353, .F. ) ;
#1205 = AXIS2_PLACEMENT_3D ( 'NONE', #1182, #1851, #1509 ) ;
#1206 = VECTOR ( 'NONE', #1421, 999.9999999999998863 ) ;
#1207 = ORIENTED_EDGE ( 'NONE', *, *, #414, .F. ) ;
#1208 = CARTESIAN_POINT ( 'NONE',  ( 8.500000000000001776, -0.5000000000000004441, 13.00000000000000888 ) ) ;
#1209 = FACE_BOUND ( 'NONE', #167, .T. ) ;
#1210 = PLANE ( 'NONE',  #543 ) ;
#1211 = VECTOR ( 'NONE', #409, 1000.000000000000000 ) ;
#1212 = CARTESIAN_POINT ( 'NONE',  ( 6.263932022500211971, -2.499999999999999556, 13.00000000000000178 ) ) ;
#1213 = LINE ( 'NONE', #864, #1922 ) ;
#1214 = VERTEX_POINT ( 'NONE', #1556 ) ;
#1215 = EDGE_CURVE ( 'NONE', #978, #2053, #301, .T. ) ;
#1216 = VERTEX_POINT ( 'NONE', #1927 ) ;
#1217 = B_SPLINE_CURVE_WITH_KNOTS ( 'NONE', 3,
 ( #291, #246, #426, #1089, #416, #1596 ),
 .UNSPECIFIED., .F., .F.,
 ( 4, 2, 4 ),
 ( 1.788112030672753627E-18, 0.0004012760804956067603, 0.0008025521609912116775 ),
 .UNSPECIFIED. ) ;
#1218 = CARTESIAN_POINT ( 'NONE',  ( 11.45803989154981117, -5.421010862427522170E-16, 8.673617379884035472E-16 ) ) ;
#1219 = DIRECTION ( 'NONE',  ( 1.000000000000000000, -1.264902534566421922E-16, 0.000000000000000000 ) ) ;
#1220 = CARTESIAN_POINT ( 'NONE',  ( 6.000000000000001776, -2.158312395177701237, 8.673617379884035472E-16 ) ) ;
#1221 = PRODUCT_DEFINITION_CONTEXT ( 'detailed design', #2018, 'design' ) ;
#1222 = ORIENTED_EDGE ( 'NONE', *, *, #133, .T. ) ;
#1223 = DIRECTION ( 'NONE',  ( -0.5000000000000000000, 6.324512672832109609E-17, -0.8660254037844385966 ) ) ;
#1224 = ORIENTED_EDGE ( 'NONE', *, *, #938, .F. ) ;
#1225 = DIRECTION ( 'NONE',  ( -1.264902534566421922E-16, -1.000000000000000000, -0.000000000000000000 ) ) ;
#1226 = EDGE_CURVE ( 'NONE', #1768, #1148, #565, .T. ) ;
#1227 = VERTEX_POINT ( 'NONE', #1069 ) ;
#1228 = CARTESIAN_POINT ( 'NONE',  ( -0.4999999999999987232, -9.499999999999996447, 12.00000000000004619 ) ) ;
#1229 = LINE ( 'NONE', #729, #1516 ) ;
#1230 = CARTESIAN_POINT ( 'NONE',  ( 0.000000000000000000, 0.000000000000000000, 0.000000000000000000 ) ) ;
#1231 = EDGE_CURVE ( 'NONE', #323, #1530, #69, .T. ) ;
#1232 = CARTESIAN_POINT ( 'NONE',  ( 8.500000000000001776, -0.5000000000000004441, 6.000000000000000000 ) ) ;
#1233 = DIRECTION ( 'NONE',  ( 0.000000000000000000, 0.000000000000000000, -1.000000000000000000 ) ) ;
#1234 = EDGE_CURVE ( 'NONE', #952, #1099, #92, .T. ) ;
#1235 = VECTOR ( 'NONE', #1053, 1000.000000000000000 ) ;
#1236 = VECTOR ( 'NONE', #879, 1000.000000000000000 ) ;
#1237 = ORIENTED_EDGE ( 'NONE', *, *, #1082, .T. ) ;
#1238 = CIRCLE ( 'NONE', #233, 3.100000000000000533 ) ;
#1239 = VECTOR ( 'NONE', #974, 1000.000000000000000 ) ;
#1240 = EDGE_CURVE ( 'NONE', #1978, #1186, #261, .T. ) ;
#1241 = DIRECTION ( 'NONE',  ( 1.264902534566421922E-16, 1.000000000000000000, 0.000000000000000000 ) ) ;
#1242 = AXIS2_PLACEMENT_3D ( 'NONE', #1049, #897, #1394 ) ;
#1243 = FACE_OUTER_BOUND ( 'NONE', #96, .T. ) ;
#1244 = VERTEX_POINT ( 'NONE', #1547 ) ;
#1245 = ORIENTED_EDGE ( 'NONE', *, *, #1154, .F. ) ;
#1246 = ORIENTED_EDGE ( 'NONE', *, *, #769, .T. ) ;
#1247 = DIRECTION ( 'NONE',  ( 1.264902534566421922E-16, 1.000000000000000000, -0.000000000000000000 ) ) ;
#1248 = PRESENTATION_STYLE_ASSIGNMENT (( #749 ) ) ;
#1249 = DIRECTION ( 'NONE',  ( -0.7071067811865435759, 0.000000000000000000, -0.7071067811865515695 ) ) ;
#1250 = EDGE_CURVE ( 'NONE', #2134, #1639, #1728, .T. ) ;
#1251 = FACE_OUTER_BOUND ( 'NONE', #1262, .T. ) ;
#1252 = ORIENTED_EDGE ( 'NONE', *, *, #2086, .T. ) ;
#1253 = DIRECTION ( 'NONE',  ( -2.129574189838032270E-17, -0.7071067811865515695, -0.7071067811865434649 ) ) ;
#1254 = ORIENTED_EDGE ( 'NONE', *, *, #161, .F. ) ;
#1255 = FACE_OUTER_BOUND ( 'NONE', #179, .T. ) ;
#1256 = EDGE_CURVE ( 'NONE', #847, #150, #771, .T. ) ;
#1257 = CARTESIAN_POINT ( 'NONE',  ( 11.45803989154981117, -1.000000000000001332, 9.357667447332268296 ) ) ;
#1258 = ORIENTED_EDGE ( 'NONE', *, *, #904, .T. ) ;
#1259 = LINE ( 'NONE', #1584, #1235 ) ;
#1260 = DIRECTION ( 'NONE',  ( 0.3779644730092290850, 0.6546536707079729789, 0.6546536707079803064 ) ) ;
#1261 = DIRECTION ( 'NONE',  ( 0.000000000000000000, 0.000000000000000000, 1.000000000000000000 ) ) ;
#1262 = EDGE_LOOP ( 'NONE', ( #1508, #929 ) ) ;
#1263 = CARTESIAN_POINT ( 'NONE',  ( 4.500000000000003553, 8.499999999999998224, 9.199999999999999289 ) ) ;
#1264 = EDGE_CURVE ( 'NONE', #150, #2084, #465, .T. ) ;
#1265 = EDGE_LOOP ( 'NONE', ( #84, #1948 ) ) ;
#1266 = ORIENTED_EDGE ( 'NONE', *, *, #1161, .T. ) ;
#1267 = DIRECTION ( 'NONE',  ( -1.000000000000000000, 1.264902534566421922E-16, 0.000000000000000000 ) ) ;
#1268 = VECTOR ( 'NONE', #2102, 1000.000000000000000 ) ;
#1269 = ORIENTED_EDGE ( 'NONE', *, *, #1357, .F. ) ;
#1270 = LINE ( 'NONE', #1435, #925 ) ;
#1271 = AXIS2_PLACEMENT_3D ( 'NONE', #130, #101, #1140 ) ;
#1272 = VECTOR ( 'NONE', #174, 1000.000000000000000 ) ;
#1273 = DIRECTION ( 'NONE',  ( -0.000000000000000000, 0.000000000000000000, 1.000000000000000000 ) ) ;
#1274 = VECTOR ( 'NONE', #649, 1000.000000000000000 ) ;
#1275 = DIRECTION ( 'NONE',  ( 0.000000000000000000, 1.000000000000000000, 0.000000000000000000 ) ) ;
#1276 = ORIENTED_EDGE ( 'NONE', *, *, #204, .T. ) ;
#1277 = CARTESIAN_POINT ( 'NONE',  ( 6.116580753730949560, -34.00000000000000000, 6.399999999999999467 ) ) ;
#1278 = ADVANCED_FACE ( 'NONE', ( #100, #1917 ), #257, .T. ) ;
#1279 = ORIENTED_EDGE ( 'NONE', *, *, #959, .F. ) ;
#1280 = CARTESIAN_POINT ( 'NONE',  ( -9.500000000000000000, -1.000000000000000444, 8.673617379884035472E-16 ) ) ;
#1281 = EDGE_LOOP ( 'NONE', ( #1675, #1434, #358, #1579 ) ) ;
#1282 = CARTESIAN_POINT ( 'NONE',  ( 4.499999999999998224, -34.00000000000000000, 7.649999999999999467 ) ) ;
#1283 = DIRECTION ( 'NONE',  ( 1.000000000000000000, -3.011672701348623976E-17, -0.000000000000000000 ) ) ;
#1284 = CARTESIAN_POINT ( 'NONE',  ( 10.73606797749979513, 1.499999999999997335, 12.00000000000000000 ) ) ;
#1285 = EDGE_CURVE ( 'NONE', #1929, #793, #1297, .T. ) ;
#1286 = DIRECTION ( 'NONE',  ( 0.000000000000000000, 1.000000000000000000, 0.000000000000000000 ) ) ;
#1287 = LINE ( 'NONE', #431, #681 ) ;
#1288 = VERTEX_POINT ( 'NONE', #1625 ) ;
#1289 = CARTESIAN_POINT ( 'NONE',  ( -0.4999999999999952260, 8.500000000000001776, 12.00000000000004619 ) ) ;
#1290 = EDGE_LOOP ( 'NONE', ( #753, #1578, #1883, #2028, #1245, #1397, #552 ) ) ;
#1291 = DIRECTION ( 'NONE',  ( 0.000000000000000000, 0.000000000000000000, 1.000000000000000000 ) ) ;
#1292 = VERTEX_POINT ( 'NONE', #1934 ) ;
#1293 = CARTESIAN_POINT ( 'NONE',  ( 8.500000000000001776, -0.5000000000000004441, 0.000000000000000000 ) ) ;
#1294 = EDGE_CURVE ( 'NONE', #263, #1989, #1287, .T. ) ;
#1295 = LINE ( 'NONE', #827, #1657 ) ;
#1296 = DIRECTION ( 'NONE',  ( -0.000000000000000000, 0.000000000000000000, 1.000000000000000000 ) ) ;
#1297 = LINE ( 'NONE', #1954, #1484 ) ;
#1298 = DIRECTION ( 'NONE',  ( 1.264902534566421922E-16, 1.000000000000000000, 0.000000000000000000 ) ) ;
#1299 = EDGE_LOOP ( 'NONE', ( #277, #46, #237, #1909, #950, #1938 ) ) ;
#1300 = LINE ( 'NONE', #1109, #9 ) ;
#1301 = EDGE_LOOP ( 'NONE', ( #472, #1665, #549, #1591 ) ) ;
#1302 = AXIS2_PLACEMENT_3D ( 'NONE', #520, #1525, #45 ) ;
#1303 = LINE ( 'NONE', #1136, #1382 ) ;
#1304 = AXIS2_PLACEMENT_3D ( 'NONE', #1142, #966, #106 ) ;
#1305 = EDGE_CURVE ( 'NONE', #1012, #1214, #1307, .T. ) ;
#1306 = CIRCLE ( 'NONE', #75, 3.000000000000000444 ) ;
#1307 = LINE ( 'NONE', #761, #1379 ) ;
#1308 = VECTOR ( 'NONE', #1438, 1000.000000000000000 ) ;
#1309 = AXIS2_PLACEMENT_3D ( 'NONE', #1558, #1876, #733 ) ;
#1310 = ORIENTED_EDGE ( 'NONE', *, *, #357, .T. ) ;
#1311 = CARTESIAN_POINT ( 'NONE',  ( 4.500000000000002665, 5.421010862427522170E-16, 9.199999999999999289 ) ) ;
#1312 = VERTEX_POINT ( 'NONE', #785 ) ;
#1313 = CARTESIAN_POINT ( 'NONE',  ( 6.914506633263233226, -7.359616299688601870, 14.14038370031146385 ) ) ;
#1314 = LINE ( 'NONE', #170, #1555 ) ;
#1315 = FACE_OUTER_BOUND ( 'NONE', #1896, .T. ) ;
#1316 = CARTESIAN_POINT ( 'NONE',  ( 8.500000000000001776, -0.5000000000000004441, 12.00000000000000000 ) ) ;
#1317 = EDGE_CURVE ( 'NONE', #446, #1244, #435, .T. ) ;
#1318 = CARTESIAN_POINT ( 'NONE',  ( 6.000000000000001776, -2.158312395177698573, 8.809487516204667301 ) ) ;
#1319 = ADVANCED_FACE ( 'NONE', ( #455 ), #2093, .F. ) ;
#1320 = DIRECTION ( 'NONE',  ( 0.000000000000000000, -1.000000000000000000, 0.000000000000000000 ) ) ;
#1321 = VERTEX_POINT ( 'NONE', #1105 ) ;
#1322 = ORIENTED_EDGE ( 'NONE', *, *, #662, .F. ) ;
#1323 = ORIENTED_EDGE ( 'NONE', *, *, #1893, .F. ) ;
#1324 = EDGE_CURVE ( 'NONE', #1118, #1097, #78, .T. ) ;
#1325 = DIRECTION ( 'NONE',  ( 0.000000000000000000, 0.000000000000000000, -1.000000000000000000 ) ) ;
#1326 = FACE_BOUND ( 'NONE', #1192, .T. ) ;
#1327 = ORIENTED_EDGE ( 'NONE', *, *, #1684, .F. ) ;
#1328 = CARTESIAN_POINT ( 'NONE',  ( 8.500000000000001776, -1.000000000000000444, 6.000000000000000000 ) ) ;
#1329 = DIRECTION ( 'NONE',  ( 0.000000000000000000, 0.000000000000000000, 1.000000000000000000 ) ) ;
#1330 = CARTESIAN_POINT ( 'NONE',  ( 8.500000000000001776, -5.421010862427522170E-16, 6.000000000000000000 ) ) ;
#1331 = ORIENTED_EDGE ( 'NONE', *, *, #547, .T. ) ;
#1332 = ORIENTED_EDGE ( 'NONE', *, *, #1495, .F. ) ;
#1333 = VERTEX_POINT ( 'NONE', #1609 ) ;
#1334 = DIRECTION ( 'NONE',  ( 1.264902534566421922E-16, 1.000000000000000000, 0.000000000000000000 ) ) ;
#1335 = CARTESIAN_POINT ( 'NONE',  ( 11.45803989154981117, -5.421010862427522170E-16, 9.042332552667730283 ) ) ;
#1336 = LINE ( 'NONE', #1371, #635 ) ;
#1337 = CIRCLE ( 'NONE', #399, 1.550000000000000933 ) ;
#1338 = DIRECTION ( 'NONE',  ( -1.000000000000000000, 0.000000000000000000, 0.000000000000000000 ) ) ;
#1339 = VECTOR ( 'NONE', #1848, 1000.000000000000000 ) ;
#1340 = CARTESIAN_POINT ( 'NONE',  ( 1.771073523506817571, -1.000000000000000444, 12.00000000000000000 ) ) ;
#1341 = DIRECTION ( 'NONE',  ( 1.264902534566421922E-16, 1.000000000000000000, 0.000000000000000000 ) ) ;
#1342 = AXIS2_PLACEMENT_3D ( 'NONE', #1263, #1454, #963 ) ;
#1343 = CARTESIAN_POINT ( 'NONE',  ( 11.45803989154981117, -5.421010862427522170E-16, 0.000000000000000000 ) ) ;
#1344 = ORIENTED_EDGE ( 'NONE', *, *, #1572, .F. ) ;
#1345 = CIRCLE ( 'NONE', #405, 3.000000000000000444 ) ;
#1346 = EDGE_CURVE ( 'NONE', #1858, #1958, #1139, .T. ) ;
#1347 = ORIENTED_EDGE ( 'NONE', *, *, #1733, .T. ) ;
#1348 = PLANE ( 'NONE',  #1031 ) ;
#1349 = DIRECTION ( 'NONE',  ( 1.264902534566421922E-16, 1.000000000000000000, 0.000000000000000000 ) ) ;
#1350 = ORIENTED_EDGE ( 'NONE', *, *, #133, .F. ) ;
#1351 = DIRECTION ( 'NONE',  ( 0.000000000000000000, 1.000000000000000000, 0.000000000000000000 ) ) ;
#1352 = DIRECTION ( 'NONE',  ( 1.000000000000000000, 0.000000000000000000, 0.000000000000000000 ) ) ;
#1353 = EDGE_CURVE ( 'NONE', #2134, #117, #112, .T. ) ;
#1354 = CARTESIAN_POINT ( 'NONE',  ( 6.263932022500211971, 1.499999999999999556, 12.00000000000000000 ) ) ;
#1355 = CARTESIAN_POINT ( 'NONE',  ( 12.99999999999999822, -34.00000000000000000, 7.649999999999999467 ) ) ;
#1356 = ORIENTED_EDGE ( 'NONE', *, *, #1317, .F. ) ;
#1357 = EDGE_CURVE ( 'NONE', #1099, #1499, #1635, .T. ) ;
#1358 = DIRECTION ( 'NONE',  ( -0.000000000000000000, 0.000000000000000000, 1.000000000000000000 ) ) ;
#1359 = CARTESIAN_POINT ( 'NONE',  ( 7.733161507461905337, -12.30000000000000604, 9.200000000000002842 ) ) ;
#1360 = LINE ( 'NONE', #1704, #796 ) ;
#1361 = ADVANCED_FACE ( 'NONE', ( #295 ), #808, .T. ) ;
#1362 = CARTESIAN_POINT ( 'NONE',  ( 5.999999999999998224, -34.00000000000000000, 9.590512483795334830 ) ) ;
#1363 = ORIENTED_EDGE ( 'NONE', *, *, #1234, .T. ) ;
#1364 = FACE_OUTER_BOUND ( 'NONE', #1301, .T. ) ;
#1365 = DIRECTION ( 'NONE',  ( 0.000000000000000000, -1.000000000000000000, 0.000000000000000000 ) ) ;
#1366 = EDGE_LOOP ( 'NONE', ( #1905, #2016 ) ) ;
#1367 = ORIENTED_EDGE ( 'NONE', *, *, #1226, .F. ) ;
#1368 = CARTESIAN_POINT ( 'NONE',  ( 5.999999999999998224, -34.00000000000000000, 9.590512483795334830 ) ) ;
#1369 = DIRECTION ( 'NONE',  ( 1.264902534566421922E-16, 1.000000000000000000, 0.000000000000000000 ) ) ;
#1370 = ORIENTED_EDGE ( 'NONE', *, *, #1577, .F. ) ;
#1371 = CARTESIAN_POINT ( 'NONE',  ( -0.4999999999999952260, 8.500000000000000000, 12.00000000000004796 ) ) ;
#1372 = ORIENTED_EDGE ( 'NONE', *, *, #650, .T. ) ;
#1373 = ADVANCED_FACE ( 'NONE', ( #618 ), #2122, .F. ) ;
#1374 = VECTOR ( 'NONE', #884, 1000.000000000000000 ) ;
#1375 = VECTOR ( 'NONE', #2051, 1000.000000000000000 ) ;
#1376 = CONICAL_SURFACE ( 'NONE', #429, 4.000000000000000000, 1.221730476396037268 ) ;
#1377 = VERTEX_POINT ( 'NONE', #1588 ) ;
#1378 = CIRCLE ( 'NONE', #1060, 33.49999999999999289 ) ;
#1379 = VECTOR ( 'NONE', #592, 1000.000000000000000 ) ;
#1380 = ORIENTED_EDGE ( 'NONE', *, *, #1417, .F. ) ;
#1381 = LINE ( 'NONE', #1368, #995 ) ;
#1382 = VECTOR ( 'NONE', #1963, 1000.000000000000000 ) ;
#1383 = FACE_OUTER_BOUND ( 'NONE', #806, .T. ) ;
#1384 = LINE ( 'NONE', #2046, #2041 ) ;
#1385 = ADVANCED_FACE ( 'NONE', ( #15, #1645 ), #28, .T. ) ;
#1386 = CARTESIAN_POINT ( 'NONE',  ( 11.45803989154981117, -1.000000000000000444, 8.673617379884035472E-16 ) ) ;
#1387 = CARTESIAN_POINT ( 'NONE',  ( 13.00000000000000533, 8.500000000000000000, 9.199999999999999289 ) ) ;
#1388 = ADVANCED_FACE ( 'NONE', ( #1671 ), #2154, .T. ) ;
#1389 = ORIENTED_EDGE ( 'NONE', *, *, #384, .T. ) ;
#1390 = PLANE ( 'NONE',  #74 ) ;
#1391 = DIRECTION ( 'NONE',  ( 0.000000000000000000, -1.000000000000000000, 0.000000000000000000 ) ) ;
#1392 = EDGE_CURVE ( 'NONE', #2063, #1321, #328, .T. ) ;
#1393 = DIRECTION ( 'NONE',  ( -1.035655806553317700E-16, -1.000000000000000000, 0.000000000000000000 ) ) ;
#1394 = DIRECTION ( 'NONE',  ( -1.000000000000000000, 0.000000000000000000, 0.000000000000000000 ) ) ;
#1395 = ORIENTED_EDGE ( 'NONE', *, *, #814, .F. ) ;
#1396 = EDGE_CURVE ( 'NONE', #135, #2088, #1188, .T. ) ;
#1397 = ORIENTED_EDGE ( 'NONE', *, *, #1468, .F. ) ;
#1398 = CARTESIAN_POINT ( 'NONE',  ( 4.500000000000002665, -1.000000000000000444, 9.199999999999999289 ) ) ;
#1399 = DIRECTION ( 'NONE',  ( 0.000000000000000000, 0.000000000000000000, -1.000000000000000000 ) ) ;
#1400 = DIRECTION ( 'NONE',  ( -1.035655806553317946E-16, -1.000000000000000000, 0.000000000000000000 ) ) ;
#1401 = CARTESIAN_POINT ( 'NONE',  ( -0.4999999999999987232, -9.499999999999996447, 12.00000000000000000 ) ) ;
#1402 = AXIS2_PLACEMENT_3D ( 'NONE', #598, #1135, #290 ) ;
#1403 = ORIENTED_EDGE ( 'NONE', *, *, #2086, .F. ) ;
#1404 = LINE ( 'NONE', #445, #1754 ) ;
#1405 = CIRCLE ( 'NONE', #1658, 33.50000000000000000 ) ;
#1406 = ORIENTED_EDGE ( 'NONE', *, *, #1396, .T. ) ;
#1407 = AXIS2_PLACEMENT_3D ( 'NONE', #1387, #1225, #393 ) ;
#1408 = CARTESIAN_POINT ( 'NONE',  ( 6.000000000000001776, -5.421010862427522170E-16, 8.673617379884035472E-16 ) ) ;
#1409 = EDGE_CURVE ( 'NONE', #2149, #263, #3, .T. ) ;
#1410 = AXIS2_PLACEMENT_3D ( 'NONE', #2145, #653, #318 ) ;
#1411 = DIRECTION ( 'NONE',  ( 0.000000000000000000, 0.000000000000000000, -1.000000000000000000 ) ) ;
#1412 = CIRCLE ( 'NONE', #1451, 1.550000000000000266 ) ;
#1413 = DIRECTION ( 'NONE',  ( -0.000000000000000000, -0.000000000000000000, -1.000000000000000000 ) ) ;
#1414 = ORIENTED_EDGE ( 'NONE', *, *, #30, .T. ) ;
#1415 = FACE_OUTER_BOUND ( 'NONE', #1750, .T. ) ;
#1416 = ORIENTED_EDGE ( 'NONE', *, *, #1932, .F. ) ;
#1417 = EDGE_CURVE ( 'NONE', #2073, #2155, #1698, .T. ) ;
#1418 = FACE_OUTER_BOUND ( 'NONE', #192, .T. ) ;
#1419 = EDGE_LOOP ( 'NONE', ( #1279, #822, #20, #2099 ) ) ;
#1420 = CARTESIAN_POINT ( 'NONE',  ( 8.500000000000001776, -0.5000000000000004441, 13.00000000000000178 ) ) ;
#1421 = DIRECTION ( 'NONE',  ( 0.7071067811865435759, 0.000000000000000000, -0.7071067811865515695 ) ) ;
#1422 = ORIENTED_EDGE ( 'NONE', *, *, #1495, .T. ) ;
#1423 = EDGE_CURVE ( 'NONE', #1929, #1823, #1856, .T. ) ;
#1424 = LINE ( 'NONE', #932, #191 ) ;
#1425 = CARTESIAN_POINT ( 'NONE',  ( 8.500000000000001776, -0.5000000000000004441, 0.000000000000000000 ) ) ;
#1426 = EDGE_CURVE ( 'NONE', #368, #1574, #1345, .T. ) ;
#1427 = DIRECTION ( 'NONE',  ( 1.000000000000000000, 0.000000000000000000, -0.000000000000000000 ) ) ;
#1428 = CARTESIAN_POINT ( 'NONE',  ( -0.4999999999999987232, -9.499999999999996447, 12.00000000000000000 ) ) ;
#1429 = CARTESIAN_POINT ( 'NONE',  ( 9.766838492538097327, -9.500000000000000000, 9.199999999999999289 ) ) ;
#1430 = ORIENTED_EDGE ( 'NONE', *, *, #1346, .T. ) ;
#1431 = CARTESIAN_POINT ( 'NONE',  ( 6.000000000000001776, -1.000000000000000444, 8.673617379884035472E-16 ) ) ;
#1432 = ORIENTED_EDGE ( 'NONE', *, *, #933, .F. ) ;
#1433 = DIRECTION ( 'NONE',  ( -1.035655806553317700E-16, -1.000000000000000000, 0.000000000000000000 ) ) ;
#1434 = ORIENTED_EDGE ( 'NONE', *, *, #1285, .T. ) ;
#1435 = CARTESIAN_POINT ( 'NONE',  ( -0.4999999999999987232, -9.499999999999996447, 12.00000000000000000 ) ) ;
#1436 = CARTESIAN_POINT ( 'NONE',  ( 4.499999999999998224, -34.00000000000000000, 10.75000000000000000 ) ) ;
#1437 = EDGE_CURVE ( 'NONE', #1214, #1902, #148, .T. ) ;
#1438 = DIRECTION ( 'NONE',  ( 0.4999999999999995004, -6.324512672832103446E-17, -0.8660254037844389297 ) ) ;
#1439 = ORIENTED_EDGE ( 'NONE', *, *, #1250, .F. ) ;
#1440 = CARTESIAN_POINT ( 'NONE',  ( 8.500000000000001776, -0.5000000000000004441, 13.00000000000000178 ) ) ;
#1441 = ORIENTED_EDGE ( 'NONE', *, *, #2091, .T. ) ;
#1442 = AXIS2_PLACEMENT_3D ( 'NONE', #971, #1808, #1943 ) ;
#1443 = VECTOR ( 'NONE', #2157, 1000.000000000000114 ) ;
#1444 = ORIENTED_EDGE ( 'NONE', *, *, #1567, .T. ) ;
#1445 = FACE_OUTER_BOUND ( 'NONE', #1475, .T. ) ;
#1446 = LINE ( 'NONE', #2107, #471 ) ;
#1447 = AXIS2_PLACEMENT_3D ( 'NONE', #24, #1689, #1334 ) ;
#1448 = AXIS2_PLACEMENT_3D ( 'NONE', #353, #686, #1365 ) ;
#1449 = PLANE ( 'NONE',  #1573 ) ;
#1450 = DIRECTION ( 'NONE',  ( 0.000000000000000000, 0.000000000000000000, 1.000000000000000000 ) ) ;
#1451 = AXIS2_PLACEMENT_3D ( 'NONE', #1882, #389, #1233 ) ;
#1452 = DIRECTION ( 'NONE',  ( 0.000000000000000000, 0.000000000000000000, 1.000000000000000000 ) ) ;
#1453 = ORIENTED_EDGE ( 'NONE', *, *, #1409, .F. ) ;
#1454 = DIRECTION ( 'NONE',  ( 1.264902534566421922E-16, 1.000000000000000000, 0.000000000000000000 ) ) ;
#1455 = ADVANCED_FACE ( 'NONE', ( #663 ), #189, .F. ) ;
#1456 = ORIENTED_EDGE ( 'NONE', *, *, #744, .T. ) ;
#1457 = EDGE_CURVE ( 'NONE', #81, #719, #2146, .T. ) ;
#1458 = ORIENTED_EDGE ( 'NONE', *, *, #1201, .F. ) ;
#1459 = PLANE ( 'NONE',  #2060 ) ;
#1460 = CARTESIAN_POINT ( 'NONE',  ( 7.733161507461907114, -9.500000000000000000, 9.200000000000001066 ) ) ;
#1461 = CARTESIAN_POINT ( 'NONE',  ( 6.000000000000001776, -1.000000000000000444, 9.590512483795334830 ) ) ;
#1462 = DIRECTION ( 'NONE',  ( 1.264902534566421922E-16, 1.000000000000000000, 0.000000000000000000 ) ) ;
#1463 = DIRECTION ( 'NONE',  ( -0.000000000000000000, 0.000000000000000000, 1.000000000000000000 ) ) ;
#1464 = CARTESIAN_POINT ( 'NONE',  ( 8.500000000000001776, -0.5000000000000004441, 12.00000000000000000 ) ) ;
#1465 =( BOUNDED_CURVE ( )  B_SPLINE_CURVE ( 3, ( #776, #1766, #288, #1602, #1803, #95, #1638 ),
 .UNSPECIFIED., .F., .F. ) 
 B_SPLINE_CURVE_WITH_KNOTS ( ( 4, 3, 4 ),
 ( 0.4435688131157368153, 3.141592653589791340, 5.839616494063845309 ),
 .UNSPECIFIED. ) 
 CURVE ( )  GEOMETRIC_REPRESENTATION_ITEM ( )  RATIONAL_B_SPLINE_CURVE ( ( 1.000000000000000000, 0.4799804483546752931, 0.4799804483546752931, 1.000000000000000000, 0.4799804483546754597, 0.4799804483546754597, 1.000000000000000000 ) ) 
 REPRESENTATION_ITEM ( '' )  );
#1466 = VERTEX_POINT ( 'NONE', #1318 ) ;
#1467 = CARTESIAN_POINT ( 'NONE',  ( 17.50000000000000000, -9.499999999999998224, 12.00000000000000000 ) ) ;
#1468 = EDGE_CURVE ( 'NONE', #40, #901, #524, .T. ) ;
#1469 = ORIENTED_EDGE ( 'NONE', *, *, #676, .F. ) ;
#1470 = DIRECTION ( 'NONE',  ( 0.000000000000000000, 0.000000000000000000, -1.000000000000000000 ) ) ;
#1471 = CARTESIAN_POINT ( 'NONE',  ( -0.4999999999999970024, -6.505213034913026604E-16, 12.00000000000000000 ) ) ;
#1472 = FACE_OUTER_BOUND ( 'NONE', #1763, .T. ) ;
#1473 = LINE ( 'NONE', #1127, #1835 ) ;
#1474 = DIRECTION ( 'NONE',  ( 1.264902534566421922E-16, 1.000000000000000000, 0.000000000000000000 ) ) ;
#1475 = EDGE_LOOP ( 'NONE', ( #1990, #1677, #1488, #2114 ) ) ;
#1476 = DIRECTION ( 'NONE',  ( -0.5773502691896233996, 0.5773502691896237327, 0.5773502691896301720 ) ) ;
#1477 = ORIENTED_EDGE ( 'NONE', *, *, #1010, .F. ) ;
#1478 = TOROIDAL_SURFACE ( 'NONE', #953, 33.50000000000000000, 2.500000000000000000 ) ;
#1479 = EDGE_CURVE ( 'NONE', #1929, #702, #490, .T. ) ;
#1480 = CARTESIAN_POINT ( 'NONE',  ( 6.000000000000001776, -1.000000000000000000, -8.062257748298550908 ) ) ;
#1481 = LINE ( 'NONE', #1016, #1662 ) ;
#1482 = AXIS2_PLACEMENT_3D ( 'NONE', #1420, #1755, #1569 ) ;
#1483 = AXIS2_PLACEMENT_3D ( 'NONE', #738, #62, #1046 ) ;
#1484 = VECTOR ( 'NONE', #1598, 999.9999999999998863 ) ;
#1485 = CARTESIAN_POINT ( 'NONE',  ( 6.050025481938517302, -2.231365028757169799, 9.333689433150849979 ) ) ;
#1486 = AXIS2_PLACEMENT_3D ( 'NONE', #1425, #2078, #508 ) ;
#1487 = ADVANCED_FACE ( 'NONE', ( #842 ), #1504, .T. ) ;
#1488 = ORIENTED_EDGE ( 'NONE', *, *, #410, .T. ) ;
#1489 = ORIENTED_EDGE ( 'NONE', *, *, #1512, .T. ) ;
#1490 = ORIENTED_EDGE ( 'NONE', *, *, #388, .T. ) ;
#1491 = DIRECTION ( 'NONE',  ( 0.5000000000000001110, -6.324512672832110842E-17, -0.8660254037844385966 ) ) ;
#1492 = CARTESIAN_POINT ( 'NONE',  ( 4.500000000000002665, -9.500000000000001776, 10.75000000000000000 ) ) ;
#1493 = DIRECTION ( 'NONE',  ( 0.7071067811865515695, -8.944211597319734241E-17, -0.7071067811865435759 ) ) ;
#1494 = DIRECTION ( 'NONE',  ( -0.000000000000000000, 0.000000000000000000, 1.000000000000000000 ) ) ;
#1495 = EDGE_CURVE ( 'NONE', #812, #1020, #2004, .T. ) ;
#1496 = CARTESIAN_POINT ( 'NONE',  ( -0.3712076524510394826, -9.462820851736518435, 12.03717914826352420 ) ) ;
#1497 = ORIENTED_EDGE ( 'NONE', *, *, #938, .T. ) ;
#1498 = ORIENTED_EDGE ( 'NONE', *, *, #1468, .T. ) ;
#1499 = VERTEX_POINT ( 'NONE', #1386 ) ;
#1500 = PLANE ( 'NONE',  #1791 ) ;
#1501 = CARTESIAN_POINT ( 'NONE',  ( 6.116580753730954001, -9.500000000000000000, 12.00000000000000000 ) ) ;
#1502 = CARTESIAN_POINT ( 'NONE',  ( 9.766838492538093774, -34.00000000000000000, 9.199999999999999289 ) ) ;
#1503 = EDGE_CURVE ( 'NONE', #412, #793, #1784, .T. ) ;
#1504 = PLANE ( 'NONE',  #51 ) ;
#1505 = LINE ( 'NONE', #1330, #193 ) ;
#1506 = EDGE_LOOP ( 'NONE', ( #1000, #244 ) ) ;
#1507 = ORIENTED_EDGE ( 'NONE', *, *, #1037, .T. ) ;
#1508 = ORIENTED_EDGE ( 'NONE', *, *, #161, .T. ) ;
#1509 = DIRECTION ( 'NONE',  ( 1.000000000000000000, 0.000000000000000000, 0.000000000000000000 ) ) ;
#1510 = CARTESIAN_POINT ( 'NONE',  ( 14.61658075373095400, -9.500000000000000000, 6.400000000000000355 ) ) ;
#1511 = AXIS2_PLACEMENT_3D ( 'NONE', #1862, #373, #1038 ) ;
#1512 = EDGE_CURVE ( 'NONE', #502, #1321, #430, .T. ) ;
#1513 = CYLINDRICAL_SURFACE ( 'NONE', #1956, 1.550000000000000266 ) ;
#1514 = ORIENTED_EDGE ( 'NONE', *, *, #60, .F. ) ;
#1515 = AXIS2_PLACEMENT_3D ( 'NONE', #2043, #756, #1737 ) ;
#1516 = VECTOR ( 'NONE', #1872, 1000.000000000000000 ) ;
#1517 = AXIS2_PLACEMENT_3D ( 'NONE', #1933, #1296, #1286 ) ;
#1518 = DIRECTION ( 'NONE',  ( 1.000000000000000000, 0.000000000000000000, 0.000000000000000000 ) ) ;
#1519 = VECTOR ( 'NONE', #805, 1000.000000000000000 ) ;
#1520 = ORIENTED_EDGE ( 'NONE', *, *, #1437, .F. ) ;
#1521 = EDGE_CURVE ( 'NONE', #1978, #1845, #464, .T. ) ;
#1522 = ORIENTED_EDGE ( 'NONE', *, *, #1005, .F. ) ;
#1523 = CARTESIAN_POINT ( 'NONE',  ( 8.500000000000001776, 33.00000000000000000, 3.000000000000000000 ) ) ;
#1524 = CARTESIAN_POINT ( 'NONE',  ( 6.000000000000001776, -4.500000000000002665, -8.062257748298550908 ) ) ;
#1525 = DIRECTION ( 'NONE',  ( 1.264902534566421922E-16, 1.000000000000000000, 0.000000000000000000 ) ) ;
#1526 = CARTESIAN_POINT ( 'NONE',  ( 9.624204332956232122, 10.30261088048855278, 10.19738911951147209 ) ) ;
#1527 = VECTOR ( 'NONE', #2022, 1000.000000000000000 ) ;
#1528 = EDGE_LOOP ( 'NONE', ( #211, #835, #763, #1180, #859, #2013, #57, #2033 ) ) ;
#1529 = CARTESIAN_POINT ( 'NONE',  ( 4.531373033403101047, -1.000000000000000444, 13.00000000000000178 ) ) ;
#1530 = VERTEX_POINT ( 'NONE', #935 ) ;
#1531 = PLANE ( 'NONE',  #466 ) ;
#1532 = LINE ( 'NONE', #238, #1126 ) ;
#1533 = EDGE_CURVE ( 'NONE', #1466, #411, #946, .T. ) ;
#1534 =( NAMED_UNIT ( * ) PLANE_ANGLE_UNIT ( ) SI_UNIT ( $, .RADIAN. ) );
#1535 = DIRECTION ( 'NONE',  ( 1.264902534566421922E-16, 1.000000000000000000, 0.000000000000000000 ) ) ;
#1536 = EDGE_LOOP ( 'NONE', ( #992, #734, #154, #1134, #392, #888, #311, #1322 ) ) ;
#1537 = CARTESIAN_POINT ( 'NONE',  ( 26.49999999999999645, -5.421010862427522170E-16, 8.673617379884035472E-16 ) ) ;
#1538 = VERTEX_POINT ( 'NONE', #1587 ) ;
#1539 = ORIENTED_EDGE ( 'NONE', *, *, #1825, .F. ) ;
#1540 = DIRECTION ( 'NONE',  ( 1.264902534566421922E-16, 1.000000000000000000, 0.000000000000000000 ) ) ;
#1541 = SHAPE_DEFINITION_REPRESENTATION ( #556, #231 ) ;
#1542 = EDGE_CURVE ( 'NONE', #1599, #793, #128, .T. ) ;
#1543 = DIRECTION ( 'NONE',  ( 0.000000000000000000, 0.000000000000000000, 1.000000000000000000 ) ) ;
#1544 = PLANE ( 'NONE',  #235 ) ;
#1545 = ADVANCED_FACE ( 'NONE', ( #1093, #1251 ), #256, .T. ) ;
#1546 = AXIS2_PLACEMENT_3D ( 'NONE', #382, #1349, #850 ) ;
#1547 = CARTESIAN_POINT ( 'NONE',  ( 11.45803989154981117, -5.421010862427522170E-16, 9.042332552667730283 ) ) ;
#1548 = CIRCLE ( 'NONE', #1960, 1.550000000000000266 ) ;
#1549 = VECTOR ( 'NONE', #1880, 1000.000000000000000 ) ;
#1550 = ADVANCED_FACE ( 'NONE', ( #2121 ), #627, .T. ) ;
#1551 = AXIS2_PLACEMENT_3D ( 'NONE', #1798, #308, #2079 ) ;
#1552 = ORIENTED_EDGE ( 'NONE', *, *, #551, .F. ) ;
#1553 = CARTESIAN_POINT ( 'NONE',  ( 8.500000000000001776, -0.5000000000000004441, 5.500000000000000000 ) ) ;
#1554 = CYLINDRICAL_SURFACE ( 'NONE', #1137, 33.50000000000000000 ) ;
#1555 = VECTOR ( 'NONE', #1996, 1000.000000000000000 ) ;
#1556 = CARTESIAN_POINT ( 'NONE',  ( 23.49999999999997868, 14.49999999999997691, 6.000000000000000000 ) ) ;
#1557 = DIRECTION ( 'NONE',  ( -1.445602896647339163E-16, -1.000000000000000000, 0.000000000000000000 ) ) ;
#1558 = CARTESIAN_POINT ( 'NONE',  ( 4.500000000000002665, 5.421010862427522170E-16, 9.199999999999999289 ) ) ;
#1559 = VERTEX_POINT ( 'NONE', #282 ) ;
#1560 = EDGE_CURVE ( 'NONE', #93, #791, #1622, .T. ) ;
#1561 = ORIENTED_EDGE ( 'NONE', *, *, #1853, .F. ) ;
#1562 = CARTESIAN_POINT ( 'NONE',  ( 12.45706921748362994, -5.759616299688603114, 15.74038370031148304 ) ) ;
#1563 = DIRECTION ( 'NONE',  ( -0.000000000000000000, 0.000000000000000000, 1.000000000000000000 ) ) ;
#1564 = SURFACE_STYLE_FILL_AREA ( #912 ) ;
#1565 = DIRECTION ( 'NONE',  ( 1.264902534566421922E-16, 1.000000000000000000, 0.000000000000000000 ) ) ;
#1566 = ORIENTED_EDGE ( 'NONE', *, *, #933, .T. ) ;
#1567 = EDGE_CURVE ( 'NONE', #317, #263, #973, .T. ) ;
#1568 = ORIENTED_EDGE ( 'NONE', *, *, #1711, .T. ) ;
#1569 = DIRECTION ( 'NONE',  ( 0.000000000000000000, 1.000000000000000000, 0.000000000000000000 ) ) ;
#1570 = CARTESIAN_POINT ( 'NONE',  ( 17.50000000000000000, -1.084202172485504434E-15, 12.00000000000004619 ) ) ;
#1571 = CARTESIAN_POINT ( 'NONE',  ( 12.46862696659689007, -0.9999999999999986677, 13.00000000000000178 ) ) ;
#1572 = EDGE_CURVE ( 'NONE', #901, #719, #2109, .T. ) ;
#1573 = AXIS2_PLACEMENT_3D ( 'NONE', #1147, #127, #292 ) ;
#1574 = VERTEX_POINT ( 'NONE', #583 ) ;
#1575 = DIRECTION ( 'NONE',  ( 0.000000000000000000, -1.000000000000000000, 0.000000000000000000 ) ) ;
#1576 = CIRCLE ( 'NONE', #1515, 1.550000000000000266 ) ;
#1577 = EDGE_CURVE ( 'NONE', #512, #1292, #1944, .T. ) ;
#1578 = ORIENTED_EDGE ( 'NONE', *, *, #1560, .T. ) ;
#1579 = ORIENTED_EDGE ( 'NONE', *, *, #519, .F. ) ;
#1580 = AXIS2_PLACEMENT_3D ( 'NONE', #421, #2123, #939 ) ;
#1581 = ADVANCED_FACE ( 'NONE', ( #1415 ), #1597, .F. ) ;
#1582 = VECTOR ( 'NONE', #1338, 1000.000000000000000 ) ;
#1583 = ORIENTED_EDGE ( 'NONE', *, *, #504, .F. ) ;
#1584 = CARTESIAN_POINT ( 'NONE',  ( 8.499999999999998224, -34.00000000000000000, 3.000000000000000000 ) ) ;
#1585 = VECTOR ( 'NONE', #1915, 1000.000000000000000 ) ;
#1586 = DIRECTION ( 'NONE',  ( -1.000000000000000000, 3.011672701348623976E-17, 0.000000000000000000 ) ) ;
#1587 = CARTESIAN_POINT ( 'NONE',  ( 3.169586530435096083, 8.500000000000000000, 12.00000000000000000 ) ) ;
#1588 = CARTESIAN_POINT ( 'NONE',  ( 11.38341924626904955, -9.500000000000000000, 6.400000000000000355 ) ) ;
#1589 = ORIENTED_EDGE ( 'NONE', *, *, #1908, .T. ) ;
#1590 = DIRECTION ( 'NONE',  ( -1.000000000000000000, 0.000000000000000000, 0.000000000000000000 ) ) ;
#1591 = ORIENTED_EDGE ( 'NONE', *, *, #878, .F. ) ;
#1592 = CARTESIAN_POINT ( 'NONE',  ( 11.44999120308186136, -1.045483184059116555, 9.145115399950340063 ) ) ;
#1593 = EDGE_LOOP ( 'NONE', ( #1614, #31, #438, #1356, #737, #1080 ) ) ;
#1594 = ADVANCED_FACE ( 'NONE', ( #138 ), #1634, .F. ) ;
#1595 = DIRECTION ( 'NONE',  ( 1.000000000000000000, -1.264902534566421922E-16, 0.000000000000000000 ) ) ;
#1596 = CARTESIAN_POINT ( 'NONE',  ( 6.000000000000001776, 1.158312395177697907, 8.809487516204667301 ) ) ;
#1597 = CYLINDRICAL_SURFACE ( 'NONE', #374, 3.100000000000000533 ) ;
#1598 = DIRECTION ( 'NONE',  ( -0.7071067811865435759, 0.000000000000000000, 0.7071067811865515695 ) ) ;
#1599 = VERTEX_POINT ( 'NONE', #1907 ) ;
#1600 = FACE_OUTER_BOUND ( 'NONE', #1143, .T. ) ;
#1601 = ORIENTED_EDGE ( 'NONE', *, *, #513, .F. ) ;
#1602 = CARTESIAN_POINT ( 'NONE',  ( 13.00000000000001066, 14.39999999999997904, 6.099999999999999645 ) ) ;
#1603 = EDGE_LOOP ( 'NONE', ( #678, #457, #1618, #1708 ) ) ;
#1604 = FACE_OUTER_BOUND ( 'NONE', #1013, .T. ) ;
#1605 = CARTESIAN_POINT ( 'NONE',  ( -0.4999999999999970024, -1.000000000000000666, 12.00000000000000000 ) ) ;
#1606 = ADVANCED_FACE ( 'NONE', ( #1953 ), #2072, .F. ) ;
#1607 = CARTESIAN_POINT ( 'NONE',  ( 11.38341924626904600, -34.00000000000000000, 6.400000000000000355 ) ) ;
#1608 = CARTESIAN_POINT ( 'NONE',  ( -9.500000000000000000, -1.000000000000000444, 8.673617379884035472E-16 ) ) ;
#1609 = CARTESIAN_POINT ( 'NONE',  ( 5.830413469564909690, 8.499999999999998224, 12.00000000000004796 ) ) ;
#1610 = EDGE_CURVE ( 'NONE', #93, #2053, #1017, .T. ) ;
#1611 = ORIENTED_EDGE ( 'NONE', *, *, #1264, .T. ) ;
#1612 = CARTESIAN_POINT ( 'NONE',  ( 13.00000000000000355, -1.000000000000001332, 9.199999999999999289 ) ) ;
#1613 = PRESENTATION_LAYER_ASSIGNMENT (  '', '', ( #1086 ) ) ;
#1614 = ORIENTED_EDGE ( 'NONE', *, *, #384, .F. ) ;
#1615 = VECTOR ( 'NONE', #124, 1000.000000000000000 ) ;
#1616 = EDGE_CURVE ( 'NONE', #93, #1057, #1916, .T. ) ;
#1617 = AXIS2_PLACEMENT_3D ( 'NONE', #1612, #774, #1590 ) ;
#1618 = ORIENTED_EDGE ( 'NONE', *, *, #1150, .F. ) ;
#1619 = CARTESIAN_POINT ( 'NONE',  ( 11.38341924626904955, -9.500000000000000000, 6.400000000000000355 ) ) ;
#1620 = CARTESIAN_POINT ( 'NONE',  ( 15.22892647649318754, -1.000000000000000444, 12.00000000000000000 ) ) ;
#1621 = AXIS2_PLACEMENT_3D ( 'NONE', #928, #1575, #456 ) ;
#1622 = CIRCLE ( 'NONE', #1517, 4.000000000000000000 ) ;
#1623 = CYLINDRICAL_SURFACE ( 'NONE', #1442, 1.550000000000000266 ) ;
#1624 = CARTESIAN_POINT ( 'NONE',  ( 5.999999999999998224, -34.00000000000000000, 8.809487516204667301 ) ) ;
#1625 = CARTESIAN_POINT ( 'NONE',  ( 4.500000000000002665, 8.500000000000000000, 10.75000000000000000 ) ) ;
#1626 = CARTESIAN_POINT ( 'NONE',  ( 10.73606797749979336, -2.500000000000000444, 13.00000000000000178 ) ) ;
#1627 = EDGE_CURVE ( 'NONE', #1838, #1148, #1177, .T. ) ;
#1628 = EDGE_LOOP ( 'NONE', ( #1497, #185, #425 ) ) ;
#1629 = CARTESIAN_POINT ( 'NONE',  ( -9.500000000000000000, -1.000000000000000444, 8.673617379884035472E-16 ) ) ;
#1630 = ORIENTED_EDGE ( 'NONE', *, *, #1234, .F. ) ;
#1631 = DIRECTION ( 'NONE',  ( 0.000000000000000000, 0.000000000000000000, -1.000000000000000000 ) ) ;
#1632 = DIRECTION ( 'NONE',  ( -1.264902534566421922E-16, -1.000000000000000000, 0.000000000000000000 ) ) ;
#1633 = LINE ( 'NONE', #1328, #712 ) ;
#1634 = PLANE ( 'NONE',  #858 ) ;
#1635 = LINE ( 'NONE', #476, #570 ) ;
#1636 = EDGE_CURVE ( 'NONE', #890, #403, #1633, .T. ) ;
#1637 = ORIENTED_EDGE ( 'NONE', *, *, #1949, .T. ) ;
#1638 = CARTESIAN_POINT ( 'NONE',  ( 11.66958653043509919, 8.500000000000001776, 12.00000000000000000 ) ) ;
#1639 = VERTEX_POINT ( 'NONE', #1833 ) ;
#1640 = CARTESIAN_POINT ( 'NONE',  ( 4.499999999999998224, -34.00000000000000000, 9.199999999999999289 ) ) ;
#1641 = DIRECTION ( 'NONE',  ( -0.5000000000000000000, 6.324512672832109609E-17, 0.8660254037844385966 ) ) ;
#1642 = CARTESIAN_POINT ( 'NONE',  ( 8.500000000000001776, -0.5000000000000004441, 3.000000000000000000 ) ) ;
#1643 = DIRECTION ( 'NONE',  ( 1.000000000000000000, 0.000000000000000000, -0.000000000000000000 ) ) ;
#1644 = EDGE_CURVE ( 'NONE', #1958, #851, #982, .T. ) ;
#1645 = FACE_BOUND ( 'NONE', #707, .T. ) ;
#1646 = ORIENTED_EDGE ( 'NONE', *, *, #2036, .T. ) ;
#1647 = DIRECTION ( 'NONE',  ( 1.264902534566421922E-16, 1.000000000000000000, -0.000000000000000000 ) ) ;
#1648 = ORIENTED_EDGE ( 'NONE', *, *, #1305, .F. ) ;
#1649 = ORIENTED_EDGE ( 'NONE', *, *, #1812, .T. ) ;
#1650 = EDGE_CURVE ( 'NONE', #1499, #2082, #2, .T. ) ;
#1651 = ORIENTED_EDGE ( 'NONE', *, *, #1066, .F. ) ;
#1652 = VECTOR ( 'NONE', #162, 1000.000000000000000 ) ;
#1653 = CARTESIAN_POINT ( 'NONE',  ( 6.263932022500211971, -2.499999999999999556, 12.00000000000000000 ) ) ;
#1654 = DIRECTION ( 'NONE',  ( 1.264902534566421922E-16, 1.000000000000000000, 0.000000000000000000 ) ) ;
#1655 = EDGE_CURVE ( 'NONE', #581, #719, #1701, .T. ) ;
#1656 = LINE ( 'NONE', #2141, #125 ) ;
#1657 = VECTOR ( 'NONE', #1631, 1000.000000000000000 ) ;
#1658 = AXIS2_PLACEMENT_3D ( 'NONE', #792, #644, #1433 ) ;
#1659 = FACE_OUTER_BOUND ( 'NONE', #105, .T. ) ;
#1660 = AXIS2_PLACEMENT_3D ( 'NONE', #691, #1173, #1817 ) ;
#1661 = AXIS2_PLACEMENT_3D ( 'NONE', #487, #201, #1494 ) ;
#1662 = VECTOR ( 'NONE', #1122, 1000.000000000000000 ) ;
#1663 = CARTESIAN_POINT ( 'NONE',  ( 8.500000000000001776, -0.5000000000000004441, 3.000000000000000000 ) ) ;
#1664 = ORIENTED_EDGE ( 'NONE', *, *, #662, .T. ) ;
#1665 = ORIENTED_EDGE ( 'NONE', *, *, #1324, .T. ) ;
#1666 = ORIENTED_EDGE ( 'NONE', *, *, #1044, .F. ) ;
#1667 = FACE_OUTER_BOUND ( 'NONE', #910, .T. ) ;
#1668 = DIRECTION ( 'NONE',  ( 0.8660254037844389297, -1.095437728245845723E-16, 0.4999999999999995004 ) ) ;
#1669 = DIRECTION ( 'NONE',  ( -0.000000000000000000, 0.000000000000000000, 1.000000000000000000 ) ) ;
#1670 = CARTESIAN_POINT ( 'NONE',  ( -9.500000000000000000, -1.000000000000000444, 8.673617379884035472E-16 ) ) ;
#1671 = FACE_OUTER_BOUND ( 'NONE', #1088, .T. ) ;
#1672 = DIRECTION ( 'NONE',  ( -0.5773502691896236216, -0.5773502691896235106, 0.5773502691896301720 ) ) ;
#1673 = CARTESIAN_POINT ( 'NONE',  ( 26.49999999999999645, -1.000000000000000444, 6.000000000000000000 ) ) ;
#1674 = ORIENTED_EDGE ( 'NONE', *, *, #66, .F. ) ;
#1675 = ORIENTED_EDGE ( 'NONE', *, *, #1423, .F. ) ;
#1676 = EDGE_CURVE ( 'NONE', #203, #791, #173, .T. ) ;
#1677 = ORIENTED_EDGE ( 'NONE', *, *, #1744, .F. ) ;
#1678 = FACE_OUTER_BOUND ( 'NONE', #1506, .T. ) ;
#1679 = PLANE ( 'NONE',  #1447 ) ;
#1680 = DIRECTION ( 'NONE',  ( -0.000000000000000000, 0.000000000000000000, 1.000000000000000000 ) ) ;
#1681 = DIRECTION ( 'NONE',  ( -0.000000000000000000, 0.000000000000000000, 1.000000000000000000 ) ) ;
#1682 = CARTESIAN_POINT ( 'NONE',  ( 8.500000000000001776, -5.421010862427522170E-16, 6.000000000000000000 ) ) ;
#1683 = EDGE_CURVE ( 'NONE', #526, #1057, #1473, .T. ) ;
#1684 = EDGE_CURVE ( 'NONE', #851, #847, #307, .T. ) ;
#1685 = CARTESIAN_POINT ( 'NONE',  ( 4.500000000000002665, 5.421010862427522170E-16, 10.75000000000000000 ) ) ;
#1686 = EDGE_LOOP ( 'NONE', ( #1552, #247, #533, #1804, #2098, #985, #1222, #1310 ) ) ;
#1687 = ORIENTED_EDGE ( 'NONE', *, *, #777, .F. ) ;
#1688 = CARTESIAN_POINT ( 'NONE',  ( 8.500000000000001776, -0.5000000000000004441, 12.00000000000000000 ) ) ;
#1689 = DIRECTION ( 'NONE',  ( 0.000000000000000000, -0.000000000000000000, 1.000000000000000000 ) ) ;
#1690 = CYLINDRICAL_SURFACE ( 'NONE', #1972, 1.550000000000000266 ) ;
#1691 =( GEOMETRIC_REPRESENTATION_CONTEXT ( 3 ) GLOBAL_UNCERTAINTY_ASSIGNED_CONTEXT ( ( #693 ) ) GLOBAL_UNIT_ASSIGNED_CONTEXT ( ( #2050, #267, #1914 ) ) REPRESENTATION_CONTEXT ( 'NONE', 'WORKASPACE' ) );
#1692 = LINE ( 'NONE', #1175, #1994 ) ;
#1693 = DIRECTION ( 'NONE',  ( -0.4999999999999999445, 6.324512672832108377E-17, -0.8660254037844387076 ) ) ;
#1694 = VECTOR ( 'NONE', #68, 1000.000000000000000 ) ;
#1695 = DIRECTION ( 'NONE',  ( -1.264902534566421922E-16, -1.000000000000000000, 0.000000000000000000 ) ) ;
#1696 = ORIENTED_EDGE ( 'NONE', *, *, #123, .F. ) ;
#1697 = AXIS2_PLACEMENT_3D ( 'NONE', #1464, #1131, #467 ) ;
#1698 = CIRCLE ( 'NONE', #1448, 2.499999999999998668 ) ;
#1699 = DIRECTION ( 'NONE',  ( 1.000000000000000000, -3.011672701348623976E-17, -0.000000000000000000 ) ) ;
#1700 = ADVANCED_FACE ( 'NONE', ( #1364 ), #2106, .F. ) ;
#1701 = CIRCLE ( 'NONE', #1036, 3.000000000000000444 ) ;
#1702 = ORIENTED_EDGE ( 'NONE', *, *, #574, .T. ) ;
#1703 = DIRECTION ( 'NONE',  ( -1.000000000000000000, 1.264902534566421922E-16, -1.341352320301034814E-16 ) ) ;
#1704 = CARTESIAN_POINT ( 'NONE',  ( 14.61658075373095045, -34.00000000000000000, 6.400000000000000355 ) ) ;
#1705 = DIRECTION ( 'NONE',  ( 0.000000000000000000, 1.000000000000000000, 0.000000000000000000 ) ) ;
#1706 = VERTEX_POINT ( 'NONE', #210 ) ;
#1707 = CARTESIAN_POINT ( 'NONE',  ( -6.499999999999976019, -15.49999999999997513, 6.000000000000000000 ) ) ;
#1708 = ORIENTED_EDGE ( 'NONE', *, *, #1932, .T. ) ;
#1709 = CARTESIAN_POINT ( 'NONE',  ( 4.499999999999998224, -34.00000000000000000, 7.649999999999999467 ) ) ;
#1710 = ORIENTED_EDGE ( 'NONE', *, *, #265, .F. ) ;
#1711 = EDGE_CURVE ( 'NONE', #1333, #1538, #104, .T. ) ;
#1712 = ORIENTED_EDGE ( 'NONE', *, *, #1627, .F. ) ;
#1713 = DIRECTION ( 'NONE',  ( 1.264902534566421922E-16, 1.000000000000000000, 0.000000000000000000 ) ) ;
#1714 = EDGE_CURVE ( 'NONE', #575, #1838, #1198, .T. ) ;
#1715 = LINE ( 'NONE', #12, #1374 ) ;
#1716 = CARTESIAN_POINT ( 'NONE',  ( 17.50000000000000000, -4.336808689942017736E-16, 12.00000000000000000 ) ) ;
#1717 = EDGE_CURVE ( 'NONE', #1214, #1148, #1723, .T. ) ;
#1718 = CARTESIAN_POINT ( 'NONE',  ( -0.4999999999999970024, -15.09999999999998188, 6.399999999999997691 ) ) ;
#1719 = VERTEX_POINT ( 'NONE', #229 ) ;
#1720 = CARTESIAN_POINT ( 'NONE',  ( 6.116580753730952225, -15.09999999999997655, 6.400000000000001243 ) ) ;
#1721 = DIRECTION ( 'NONE',  ( -1.035655806553317700E-16, -1.000000000000000000, 0.000000000000000000 ) ) ;
#1722 = CARTESIAN_POINT ( 'NONE',  ( 12.99999999999999822, -34.00000000000000000, 7.649999999999999467 ) ) ;
#1723 = LINE ( 'NONE', #1039, #80 ) ;
#1724 = VECTOR ( 'NONE', #2024, 1000.000000000000000 ) ;
#1725 = AXIS2_PLACEMENT_3D ( 'NONE', #647, #1144, #1470 ) ;
#1726 = ORIENTED_EDGE ( 'NONE', *, *, #736, .T. ) ;
#1727 = VECTOR ( 'NONE', #1901, 1000.000000000000000 ) ;
#1728 = CIRCLE ( 'NONE', #470, 1.549999999999999378 ) ;
#1729 = EDGE_LOOP ( 'NONE', ( #1776, #2095, #1734, #29 ) ) ;
#1730 = PLANE ( 'NONE',  #196 ) ;
#1731 = AXIS2_PLACEMENT_3D ( 'NONE', #1071, #86, #1771 ) ;
#1732 = DIRECTION ( 'NONE',  ( 0.000000000000000000, 0.000000000000000000, -1.000000000000000000 ) ) ;
#1733 = EDGE_CURVE ( 'NONE', #79, #2088, #550, .T. ) ;
#1734 = ORIENTED_EDGE ( 'NONE', *, *, #240, .F. ) ;
#1735 = ORIENTED_EDGE ( 'NONE', *, *, #1893, .T. ) ;
#1736 = ORIENTED_EDGE ( 'NONE', *, *, #1044, .T. ) ;
#1737 = DIRECTION ( 'NONE',  ( -1.000000000000000000, 0.000000000000000000, 0.000000000000000000 ) ) ;
#1738 = EDGE_CURVE ( 'NONE', #2159, #1073, #706, .T. ) ;
#1739 = VERTEX_POINT ( 'NONE', #1707 ) ;
#1740 = LINE ( 'NONE', #548, #293 ) ;
#1741 = CARTESIAN_POINT ( 'NONE',  ( 8.500000000000001776, -0.5000000000000004441, 3.000000000000000000 ) ) ;
#1742 = EDGE_CURVE ( 'NONE', #140, #368, #1213, .T. ) ;
#1743 = ORIENTED_EDGE ( 'NONE', *, *, #204, .F. ) ;
#1744 = EDGE_CURVE ( 'NONE', #948, #745, #964, .T. ) ;
#1745 = ORIENTED_EDGE ( 'NONE', *, *, #652, .F. ) ;
#1746 = ORIENTED_EDGE ( 'NONE', *, *, #1226, .T. ) ;
#1747 = CARTESIAN_POINT ( 'NONE',  ( 23.49999999999997868, -1.000000000000000222, 6.000000000000000000 ) ) ;
#1748 = EDGE_LOOP ( 'NONE', ( #26, #809, #605, #1050, #967, #856, #2075, #866, #444, #1246, #544, #165 ) ) ;
#1749 = DIRECTION ( 'NONE',  ( -1.264902534566421922E-16, -1.000000000000000000, 0.000000000000000000 ) ) ;
#1750 = EDGE_LOOP ( 'NONE', ( #1568, #1651 ) ) ;
#1751 = DIRECTION ( 'NONE',  ( 0.8660254037844387076, -1.095437728245845476E-16, -0.4999999999999999445 ) ) ;
#1752 = VECTOR ( 'NONE', #832, 1000.000000000000000 ) ;
#1753 = VERTEX_POINT ( 'NONE', #696 ) ;
#1754 = VECTOR ( 'NONE', #310, 1000.000000000000000 ) ;
#1755 = DIRECTION ( 'NONE',  ( -0.000000000000000000, 0.000000000000000000, 1.000000000000000000 ) ) ;
#1756 = EDGE_LOOP ( 'NONE', ( #2008, #478, #1108, #523 ) ) ;
#1757 = CARTESIAN_POINT ( 'NONE',  ( 16.23316150746190090, -12.29999999999999716, 9.200000000000006395 ) ) ;
#1758 = VECTOR ( 'NONE', #375, 999.9999999999998863 ) ;
#1759 = LINE ( 'NONE', #71, #1094 ) ;
#1760 = CARTESIAN_POINT ( 'NONE',  ( 4.500000000000006217, 33.00000000000000000, 9.199999999999999289 ) ) ;
#1761 = CARTESIAN_POINT ( 'NONE',  ( 13.00000000000000178, -9.500000000000001776, 9.199999999999999289 ) ) ;
#1762 = PLANE ( 'NONE',  #1271 ) ;
#1763 = EDGE_LOOP ( 'NONE', ( #1181, #275, #314 ) ) ;
#1764 = DIRECTION ( 'NONE',  ( 0.000000000000000000, 0.000000000000000000, -1.000000000000000000 ) ) ;
#1765 = ORIENTED_EDGE ( 'NONE', *, *, #1201, .T. ) ;
#1766 = CARTESIAN_POINT ( 'NONE',  ( 18.12420433295623567, 10.30261088048855100, 10.19738911951147387 ) ) ;
#1767 = EDGE_CURVE ( 'NONE', #1118, #2155, #823, .T. ) ;
#1768 = VERTEX_POINT ( 'NONE', #1716 ) ;
#1769 = DIRECTION ( 'NONE',  ( -0.000000000000000000, 0.000000000000000000, 1.000000000000000000 ) ) ;
#1770 = EDGE_CURVE ( 'NONE', #506, #1982, #219, .T. ) ;
#1771 = DIRECTION ( 'NONE',  ( 0.000000000000000000, -1.000000000000000000, 0.000000000000000000 ) ) ;
#1772 = CARTESIAN_POINT ( 'NONE',  ( 10.73606797749979513, 1.499999999999998668, 13.00000000000000178 ) ) ;
#1773 = CARTESIAN_POINT ( 'NONE',  ( -9.500000000000000000, -5.421010862427522170E-16, 13.00000000000000178 ) ) ;
#1774 = DIRECTION ( 'NONE',  ( -1.264902534566421922E-16, -1.000000000000000000, 0.000000000000000000 ) ) ;
#1775 = DIRECTION ( 'NONE',  ( -0.000000000000000000, 0.000000000000000000, 1.000000000000000000 ) ) ;
#1776 = ORIENTED_EDGE ( 'NONE', *, *, #1925, .T. ) ;
#1777 = EDGE_CURVE ( 'NONE', #1227, #1073, #886, .T. ) ;
#1778 = DIRECTION ( 'NONE',  ( -0.7071067811865515695, 8.944211597319734241E-17, -0.7071067811865435759 ) ) ;
#1779 = ORIENTED_EDGE ( 'NONE', *, *, #1346, .F. ) ;
#1780 = CARTESIAN_POINT ( 'NONE',  ( 8.500000000000001776, -0.5000000000000004441, 13.00000000000000178 ) ) ;
#1781 = ORIENTED_EDGE ( 'NONE', *, *, #366, .F. ) ;
#1782 = CARTESIAN_POINT ( 'NONE',  ( 2.883419246269045111, -34.00000000000000000, 6.399999999999998579 ) ) ;
#1783 = ADVANCED_FACE ( 'NONE', ( #521 ), #1544, .F. ) ;
#1784 = LINE ( 'NONE', #958, #1928 ) ;
#1785 = CARTESIAN_POINT ( 'NONE',  ( 8.499999999999998224, -34.00000000000000000, 3.000000000000000000 ) ) ;
#1786 = CARTESIAN_POINT ( 'NONE',  ( 11.45803989154981117, -5.421010862427522170E-16, 13.00000000000000178 ) ) ;
#1787 = AXIS2_PLACEMENT_3D ( 'NONE', #1232, #1887, #400 ) ;
#1788 = ORIENTED_EDGE ( 'NONE', *, *, #1392, .F. ) ;
#1789 = CARTESIAN_POINT ( 'NONE',  ( 4.531373033403101047, -5.421010862427522170E-16, 13.00000000000000178 ) ) ;
#1790 = AXIS2_PLACEMENT_3D ( 'NONE', #1311, #2126, #1947 ) ;
#1791 = AXIS2_PLACEMENT_3D ( 'NONE', #194, #669, #1703 ) ;
#1792 = VERTEX_POINT ( 'NONE', #557 ) ;
#1793 = DIRECTION ( 'NONE',  ( 0.000000000000000000, 1.000000000000000000, 0.000000000000000000 ) ) ;
#1794 = CARTESIAN_POINT ( 'NONE',  ( 6.000000000000001776, -2.158312395177698573, 9.590512483795334830 ) ) ;
#1795 = VECTOR ( 'NONE', #1820, 1000.000000000000000 ) ;
#1796 = CARTESIAN_POINT ( 'NONE',  ( 7.733161507461903561, -34.00000000000000000, 9.200000000000001066 ) ) ;
#1797 = DIRECTION ( 'NONE',  ( 0.000000000000000000, 0.000000000000000000, 1.000000000000000000 ) ) ;
#1798 = CARTESIAN_POINT ( 'NONE',  ( 4.500000000000003553, 8.499999999999998224, 9.199999999999999289 ) ) ;
#1799 = EDGE_CURVE ( 'NONE', #851, #480, #720, .T. ) ;
#1800 = DIRECTION ( 'NONE',  ( 1.000000000000000000, -1.264902534566421922E-16, 1.341352320301034814E-16 ) ) ;
#1801 = DIRECTION ( 'NONE',  ( 1.264902534566421922E-16, 1.000000000000000000, 0.000000000000000000 ) ) ;
#1802 = EDGE_LOOP ( 'NONE', ( #1813, #1414, #1033, #1666 ) ) ;
#1803 = CARTESIAN_POINT ( 'NONE',  ( 8.799731544102545655, 14.39999999999998970, 6.099999999999990763 ) ) ;
#1804 = ORIENTED_EDGE ( 'NONE', *, *, #2052, .T. ) ;
#1805 = EDGE_CURVE ( 'NONE', #632, #1849, #1384, .T. ) ;
#1806 = DIRECTION ( 'NONE',  ( 1.000000000000000000, 0.000000000000000000, -0.000000000000000000 ) ) ;
#1807 = CARTESIAN_POINT ( 'NONE',  ( 11.45000883655804458, 0.04538781301118328948, 9.144619650614471240 ) ) ;
#1808 = DIRECTION ( 'NONE',  ( 1.264902534566421922E-16, 1.000000000000000000, 0.000000000000000000 ) ) ;
#1809 = CARTESIAN_POINT ( 'NONE',  ( 6.000000000000001776, -5.421010862427522170E-16, -8.062257748298550908 ) ) ;
#1810 = CARTESIAN_POINT ( 'NONE',  ( 8.500000000000001776, 32.99999999999999289, 5.500000000000000000 ) ) ;
#1811 = ORIENTED_EDGE ( 'NONE', *, *, #1616, .T. ) ;
#1812 = EDGE_CURVE ( 'NONE', #1216, #407, #1412, .T. ) ;
#1813 = ORIENTED_EDGE ( 'NONE', *, *, #460, .T. ) ;
#1814 = B_SPLINE_CURVE_WITH_KNOTS ( 'NONE', 3,
 ( #1335, #980, #1807, #461, #145, #1004 ),
 .UNSPECIFIED., .F., .F.,
 ( 4, 2, 4 ),
 ( 2.937948281857488143E-19, 0.0001655699367143858940, 0.0003311398734287714627 ),
 .UNSPECIFIED. ) ;
#1815 = ORIENTED_EDGE ( 'NONE', *, *, #248, .F. ) ;
#1816 = DIRECTION ( 'NONE',  ( 0.000000000000000000, 0.000000000000000000, -1.000000000000000000 ) ) ;
#1817 = DIRECTION ( 'NONE',  ( -0.000000000000000000, 0.000000000000000000, 1.000000000000000000 ) ) ;
#1818 = CARTESIAN_POINT ( 'NONE',  ( 6.000000000000001776, 5.421010862427522170E-16, 8.809487516204667301 ) ) ;
#1819 = CARTESIAN_POINT ( 'NONE',  ( 8.499999999999998224, -34.00000000000000000, 6.000000000000000000 ) ) ;
#1820 = DIRECTION ( 'NONE',  ( -1.000000000000000000, 0.000000000000000000, 0.000000000000000000 ) ) ;
#1821 = DIRECTION ( 'NONE',  ( 1.000000000000000000, 0.000000000000000000, -0.000000000000000000 ) ) ;
#1822 = CARTESIAN_POINT ( 'NONE',  ( 6.263932022500211971, 1.499999999999999556, 12.00000000000000000 ) ) ;
#1823 = VERTEX_POINT ( 'NONE', #1888 ) ;
#1824 = ORIENTED_EDGE ( 'NONE', *, *, #607, .T. ) ;
#1825 = EDGE_CURVE ( 'NONE', #1292, #890, #401, .T. ) ;
#1826 = VERTEX_POINT ( 'NONE', #1113 ) ;
#1827 = CIRCLE ( 'NONE', #427, 4.000000000000000000 ) ;
#1828 = CARTESIAN_POINT ( 'NONE',  ( 13.00000000000000355, -1.000000000000001332, 9.199999999999999289 ) ) ;
#1829 = DIRECTION ( 'NONE',  ( 0.000000000000000000, 0.000000000000000000, -1.000000000000000000 ) ) ;
#1830 = CIRCLE ( 'NONE', #1304, 1.549999999999999378 ) ;
#1831 = CARTESIAN_POINT ( 'NONE',  ( 6.000000000000001776, -5.421010862427522170E-16, 13.00000000000000178 ) ) ;
#1832 = VECTOR ( 'NONE', #19, 1000.000000000000000 ) ;
#1833 = CARTESIAN_POINT ( 'NONE',  ( 13.00000000000000178, -9.500000000000001776, 7.649999999999999467 ) ) ;
#1834 = AXIS2_PLACEMENT_3D ( 'NONE', #2092, #602, #1273 ) ;
#1835 = VECTOR ( 'NONE', #1797, 1000.000000000000000 ) ;
#1836 = DIRECTION ( 'NONE',  ( 0.000000000000000000, 0.000000000000000000, -1.000000000000000000 ) ) ;
#1837 = EDGE_LOOP ( 'NONE', ( #1913, #1919, #440, #914 ) ) ;
#1838 = VERTEX_POINT ( 'NONE', #268 ) ;
#1839 = VERTEX_POINT ( 'NONE', #944 ) ;
#1840 = EDGE_CURVE ( 'NONE', #812, #150, #921, .T. ) ;
#1841 = DIRECTION ( 'NONE',  ( 0.000000000000000000, -1.000000000000000000, 0.000000000000000000 ) ) ;
#1842 = LINE ( 'NONE', #2151, #1519 ) ;
#1843 = EDGE_CURVE ( 'NONE', #1858, #403, #2070, .T. ) ;
#1844 = DIRECTION ( 'NONE',  ( 1.000000000000000000, -1.264902534566421922E-16, 0.000000000000000000 ) ) ;
#1845 = VERTEX_POINT ( 'NONE', #590 ) ;
#1846 = DIRECTION ( 'NONE',  ( 0.4999999999999999445, -6.324512672832108377E-17, 0.8660254037844387076 ) ) ;
#1847 = ORIENTED_EDGE ( 'NONE', *, *, #322, .F. ) ;
#1848 = DIRECTION ( 'NONE',  ( 0.000000000000000000, 0.000000000000000000, 1.000000000000000000 ) ) ;
#1849 = VERTEX_POINT ( 'NONE', #934 ) ;
#1850 = ORIENTED_EDGE ( 'NONE', *, *, #1521, .F. ) ;
#1851 = DIRECTION ( 'NONE',  ( 0.000000000000000000, 1.000000000000000000, 0.000000000000000000 ) ) ;
#1852 = DIRECTION ( 'NONE',  ( 1.264902534566421922E-16, 1.000000000000000000, 0.000000000000000000 ) ) ;
#1853 = EDGE_CURVE ( 'NONE', #1989, #1599, #768, .T. ) ;
#1854 = CARTESIAN_POINT ( 'NONE',  ( 2.883419246269048664, -9.500000000000000000, 6.399999999999998579 ) ) ;
#1855 = CARTESIAN_POINT ( 'NONE',  ( -0.6242043329562304566, 10.30261088048856877, 10.19738911951145788 ) ) ;
#1856 = LINE ( 'NONE', #365, #2001 ) ;
#1857 = LINE ( 'NONE', #514, #369 ) ;
#1858 = VERTEX_POINT ( 'NONE', #1605 ) ;
#1859 = CARTESIAN_POINT ( 'NONE',  ( 6.000000000000001776, 1.158312395177700793, 0.000000000000000000 ) ) ;
#1860 = DIRECTION ( 'NONE',  ( -1.000000000000000000, 0.000000000000000000, 0.000000000000000000 ) ) ;
#1861 = AXIS2_PLACEMENT_3D ( 'NONE', #146, #1493, #1632 ) ;
#1862 = CARTESIAN_POINT ( 'NONE',  ( 13.00000000000000888, 33.00000000000000000, 9.199999999999999289 ) ) ;
#1863 = ORIENTED_EDGE ( 'NONE', *, *, #1061, .F. ) ;
#1864 = DIRECTION ( 'NONE',  ( 0.000000000000000000, 0.000000000000000000, 1.000000000000000000 ) ) ;
#1865 = AXIS2_PLACEMENT_3D ( 'NONE', #1208, #1156, #1002 ) ;
#1866 = AXIS2_PLACEMENT_3D ( 'NONE', #1277, #788, #434 ) ;
#1867 = EDGE_CURVE ( 'NONE', #1706, #317, #1446, .T. ) ;
#1868 = VECTOR ( 'NONE', #1800, 1000.000000000000000 ) ;
#1869 = DIRECTION ( 'NONE',  ( 0.000000000000000000, 0.000000000000000000, -1.000000000000000000 ) ) ;
#1870 = CONICAL_SURFACE ( 'NONE', #1731, 4.000000000000000000, 1.221730476396037268 ) ;
#1871 = ORIENTED_EDGE ( 'NONE', *, *, #1770, .F. ) ;
#1872 = DIRECTION ( 'NONE',  ( -0.3779644730092291405, 0.6546536707079729789, 0.6546536707079803064 ) ) ;
#1873 = FACE_OUTER_BOUND ( 'NONE', #588, .T. ) ;
#1874 = EDGE_CURVE ( 'NONE', #1823, #1739, #2059, .T. ) ;
#1875 = DIRECTION ( 'NONE',  ( 0.000000000000000000, 1.000000000000000000, 0.000000000000000000 ) ) ;
#1876 = DIRECTION ( 'NONE',  ( 0.000000000000000000, 1.000000000000000000, 0.000000000000000000 ) ) ;
#1877 = ORIENTED_EDGE ( 'NONE', *, *, #1250, .T. ) ;
#1878 = ADVANCED_FACE ( 'NONE', ( #1906 ), #1870, .T. ) ;
#1879 = CARTESIAN_POINT ( 'NONE',  ( 6.000000000000001776, -1.000000000000000444, 13.00000000000000178 ) ) ;
#1880 = DIRECTION ( 'NONE',  ( 0.000000000000000000, 0.000000000000000000, -1.000000000000000000 ) ) ;
#1881 = FACE_OUTER_BOUND ( 'NONE', #630, .T. ) ;
#1882 = CARTESIAN_POINT ( 'NONE',  ( 13.00000000000000533, 8.500000000000000000, 9.199999999999999289 ) ) ;
#1883 = ORIENTED_EDGE ( 'NONE', *, *, #1676, .F. ) ;
#1884 = PRODUCT ( 'Wheel_71.5mm', 'Wheel_71.5mm', '', ( #860 ) ) ;
#1885 = EDGE_LOOP ( 'NONE', ( #1269, #1237, #274, #560, #1021, #64, #1416, #803, #333, #2066, #665, #646 ) ) ;
#1886 = DIRECTION ( 'NONE',  ( -1.035655806553317946E-16, -1.000000000000000000, 0.000000000000000000 ) ) ;
#1887 = DIRECTION ( 'NONE',  ( 0.000000000000000000, 0.000000000000000000, -1.000000000000000000 ) ) ;
#1888 = CARTESIAN_POINT ( 'NONE',  ( 23.49999999999997868, -15.49999999999997691, 6.000000000000000000 ) ) ;
#1889 = ORIENTED_EDGE ( 'NONE', *, *, #1193, .F. ) ;
#1890 = VECTOR ( 'NONE', #698, 1000.000000000000000 ) ;
#1891 = AXIS2_PLACEMENT_3D ( 'NONE', #1440, #606, #629 ) ;
#1892 = EDGE_LOOP ( 'NONE', ( #1589, #300, #1380, #516 ) ) ;
#1893 = EDGE_CURVE ( 'NONE', #880, #632, #1270, .T. ) ;
#1894 = VECTOR ( 'NONE', #454, 1000.000000000000000 ) ;
#1895 = AXIS2_PLACEMENT_3D ( 'NONE', #2133, #2002, #1352 ) ;
#1896 = EDGE_LOOP ( 'NONE', ( #491, #1962, #181, #2040 ) ) ;
#1897 = ADVANCED_FACE ( 'NONE', ( #1243 ), #599, .T. ) ;
#1898 = CARTESIAN_POINT ( 'NONE',  ( 8.500000000000001776, -5.421010862427522170E-16, 12.00000000000000000 ) ) ;
#1899 = EDGE_CURVE ( 'NONE', #2160, #975, #1217, .T. ) ;
#1900 = EDGE_LOOP ( 'NONE', ( #501, #1350, #1498, #1176 ) ) ;
#1901 = DIRECTION ( 'NONE',  ( -1.000000000000000000, 3.011672701348623976E-17, 0.000000000000000000 ) ) ;
#1902 = VERTEX_POINT ( 'NONE', #615 ) ;
#1903 = LINE ( 'NONE', #1467, #1268 ) ;
#1904 = DIRECTION ( 'NONE',  ( 1.119176436114069628E-15, 0.000000000000000000, 1.000000000000000000 ) ) ;
#1905 = ORIENTED_EDGE ( 'NONE', *, *, #1231, .T. ) ;
#1906 = FACE_OUTER_BOUND ( 'NONE', #1603, .T. ) ;
#1907 = CARTESIAN_POINT ( 'NONE',  ( 17.50000000000000000, -9.499999999999998224, 12.00000000000000000 ) ) ;
#1908 = EDGE_CURVE ( 'NONE', #765, #1118, #572, .T. ) ;
#1909 = ORIENTED_EDGE ( 'NONE', *, *, #414, .T. ) ;
#1910 = FACE_OUTER_BOUND ( 'NONE', #2071, .T. ) ;
#1911 = ORIENTED_EDGE ( 'NONE', *, *, #504, .T. ) ;
#1912 = CARTESIAN_POINT ( 'NONE',  ( 8.499999999999998224, -34.00000000000000000, 0.000000000000000000 ) ) ;
#1913 = ORIENTED_EDGE ( 'NONE', *, *, #1215, .F. ) ;
#1914 =( NAMED_UNIT ( * ) SI_UNIT ( $, .STERADIAN. ) SOLID_ANGLE_UNIT ( ) );
#1915 = DIRECTION ( 'NONE',  ( -1.264902534566421922E-16, -1.000000000000000000, 0.000000000000000000 ) ) ;
#1916 = LINE ( 'NONE', #1773, #2064 ) ;
#1917 = FACE_BOUND ( 'NONE', #1265, .T. ) ;
#1918 = VECTOR ( 'NONE', #217, 1000.000000000000000 ) ;
#1919 = ORIENTED_EDGE ( 'NONE', *, *, #616, .T. ) ;
#1920 = PLANE ( 'NONE',  #1866 ) ;
#1921 = EDGE_CURVE ( 'NONE', #1768, #2053, #1103, .T. ) ;
#1922 = VECTOR ( 'NONE', #59, 1000.000000000000000 ) ;
#1923 = VECTOR ( 'NONE', #82, 1000.000000000000114 ) ;
#1924 = ORIENTED_EDGE ( 'NONE', *, *, #1150, .T. ) ;
#1925 = EDGE_CURVE ( 'NONE', #702, #1838, #580, .T. ) ;
#1926 = DIRECTION ( 'NONE',  ( 0.000000000000000000, 0.000000000000000000, -1.000000000000000000 ) ) ;
#1927 = CARTESIAN_POINT ( 'NONE',  ( 13.00000000000000178, 8.500000000000000000, 10.75000000000000000 ) ) ;
#1928 = VECTOR ( 'NONE', #1427, 1000.000000000000000 ) ;
#1929 = VERTEX_POINT ( 'NONE', #1747 ) ;
#1930 = VECTOR ( 'NONE', #463, 1000.000000000000000 ) ;
#1931 = DIRECTION ( 'NONE',  ( -1.035655806553317700E-16, -1.000000000000000000, 0.000000000000000000 ) ) ;
#1932 = EDGE_CURVE ( 'NONE', #412, #320, #1040, .T. ) ;
#1933 = CARTESIAN_POINT ( 'NONE',  ( 8.500000000000001776, -0.5000000000000004441, 13.00000000000000178 ) ) ;
#1934 = CARTESIAN_POINT ( 'NONE',  ( -9.500000000000000000, -5.421010862427522170E-16, 6.000000000000000000 ) ) ;
#1935 = ORIENTED_EDGE ( 'NONE', *, *, #611, .T. ) ;
#1936 = LINE ( 'NONE', #1955, #640 ) ;
#1937 = AXIS2_PLACEMENT_3D ( 'NONE', #1524, #387, #1196 ) ;
#1938 = ORIENTED_EDGE ( 'NONE', *, *, #1294, .T. ) ;
#1939 = LINE ( 'NONE', #2135, #1123 ) ;
#1940 = ORIENTED_EDGE ( 'NONE', *, *, #1676, .T. ) ;
#1941 = DIRECTION ( 'NONE',  ( 1.264902534566421922E-16, 1.000000000000000000, 0.000000000000000000 ) ) ;
#1942 = DIRECTION ( 'NONE',  ( -1.000000000000000000, 0.000000000000000000, 0.000000000000000000 ) ) ;
#1943 = DIRECTION ( 'NONE',  ( 0.000000000000000000, 0.000000000000000000, -1.000000000000000000 ) ) ;
#1944 = LINE ( 'NONE', #760, #13 ) ;
#1945 = DIRECTION ( 'NONE',  ( -1.000000000000000000, 3.011672701348623976E-17, 0.000000000000000000 ) ) ;
#1946 = ORIENTED_EDGE ( 'NONE', *, *, #959, .T. ) ;
#1947 = DIRECTION ( 'NONE',  ( 1.000000000000000000, 0.000000000000000000, 0.000000000000000000 ) ) ;
#1948 = ORIENTED_EDGE ( 'NONE', *, *, #1240, .T. ) ;
#1949 = EDGE_CURVE ( 'NONE', #1167, #952, #1759, .T. ) ;
#1950 = DIRECTION ( 'NONE',  ( -0.8660254037844385966, 1.095437728245845353E-16, -0.5000000000000001110 ) ) ;
#1951 = FACE_OUTER_BOUND ( 'NONE', #1756, .T. ) ;
#1952 = DIRECTION ( 'NONE',  ( 1.264902534566421922E-16, 1.000000000000000000, 0.000000000000000000 ) ) ;
#1953 = FACE_OUTER_BOUND ( 'NONE', #1528, .T. ) ;
#1954 = CARTESIAN_POINT ( 'NONE',  ( 17.50000000000000000, -1.000000000000000222, 12.00000000000004619 ) ) ;
#1955 = CARTESIAN_POINT ( 'NONE',  ( 10.73606797749979336, -2.500000000000000444, 13.00000000000000178 ) ) ;
#1956 = AXIS2_PLACEMENT_3D ( 'NONE', #342, #1185, #2045 ) ;
#1957 = ADVANCED_FACE ( 'NONE', ( #1077 ), #252, .F. ) ;
#1958 = VERTEX_POINT ( 'NONE', #2118 ) ;
#1959 = DIRECTION ( 'NONE',  ( -0.000000000000000000, 0.000000000000000000, 1.000000000000000000 ) ) ;
#1960 = AXIS2_PLACEMENT_3D ( 'NONE', #1398, #587, #1075 ) ;
#1961 = VECTOR ( 'NONE', #507, 1000.000000000000000 ) ;
#1962 = ORIENTED_EDGE ( 'NONE', *, *, #322, .T. ) ;
#1963 = DIRECTION ( 'NONE',  ( -1.000000000000000000, 0.000000000000000000, 0.000000000000000000 ) ) ;
#1964 = AXIS2_PLACEMENT_3D ( 'NONE', #2068, #250, #2056 ) ;
#1965 = EDGE_CURVE ( 'NONE', #1321, #140, #16, .T. ) ;
#1966 = VECTOR ( 'NONE', #452, 1000.000000000000000 ) ;
#1967 = LINE ( 'NONE', #1796, #1652 ) ;
#1968 = DIRECTION ( 'NONE',  ( 1.264902534566421922E-16, 1.000000000000000000, 0.000000000000000000 ) ) ;
#1969 = EDGE_CURVE ( 'NONE', #575, #493, #1303, .T. ) ;
#1970 = ORIENTED_EDGE ( 'NONE', *, *, #1684, .T. ) ;
#1971 = DIRECTION ( 'NONE',  ( 0.000000000000000000, 0.000000000000000000, -1.000000000000000000 ) ) ;
#1972 = AXIS2_PLACEMENT_3D ( 'NONE', #360, #1369, #1022 ) ;
#1973 = ORIENTED_EDGE ( 'NONE', *, *, #1840, .F. ) ;
#1974 = DIRECTION ( 'NONE',  ( 1.264902534566421922E-16, 1.000000000000000000, 0.000000000000000000 ) ) ;
#1975 = DIRECTION ( 'NONE',  ( -0.8660254037844385966, 1.095437728245845353E-16, -0.5000000000000001110 ) ) ;
#1976 = CARTESIAN_POINT ( 'NONE',  ( 8.500000000000001776, 33.00000000000000000, 0.5000000000000000000 ) ) ;
#1977 = CYLINDRICAL_SURFACE ( 'NONE', #1121, 33.50000000000000000 ) ;
#1978 = VERTEX_POINT ( 'NONE', #1492 ) ;
#1979 = DIRECTION ( 'NONE',  ( -1.000000000000000000, 1.264902534566421922E-16, 0.000000000000000000 ) ) ;
#1980 = FACE_OUTER_BOUND ( 'NONE', #132, .T. ) ;
#1981 = ORIENTED_EDGE ( 'NONE', *, *, #724, .T. ) ;
#1982 = VERTEX_POINT ( 'NONE', #1818 ) ;
#1983 = ORIENTED_EDGE ( 'NONE', *, *, #883, .F. ) ;
#1984 = LINE ( 'NONE', #484, #303 ) ;
#1985 = DIRECTION ( 'NONE',  ( 0.000000000000000000, 0.000000000000000000, -1.000000000000000000 ) ) ;
#1986 = CARTESIAN_POINT ( 'NONE',  ( -0.4999999999999987232, -9.499999999999996447, 12.00000000000000000 ) ) ;
#1987 = EDGE_CURVE ( 'NONE', #502, #94, #1481, .T. ) ;
#1988 = LINE ( 'NONE', #1709, #1236 ) ;
#1989 = VERTEX_POINT ( 'NONE', #326 ) ;
#1990 = ORIENTED_EDGE ( 'NONE', *, *, #671, .F. ) ;
#1991 = AXIS2_PLACEMENT_3D ( 'NONE', #758, #1070, #1400 ) ;
#1992 = EDGE_CURVE ( 'NONE', #2159, #1466, #306, .T. ) ;
#1993 = ORIENTED_EDGE ( 'NONE', *, *, #2153, .T. ) ;
#1994 = VECTOR ( 'NONE', #1018, 1000.000000000000000 ) ;
#1995 = CARTESIAN_POINT ( 'NONE',  ( 6.263932022500211971, 1.499999999999999556, 13.00000000000000178 ) ) ;
#1996 = DIRECTION ( 'NONE',  ( 1.264902534566421922E-16, 1.000000000000000000, 0.000000000000000000 ) ) ;
#1997 = CIRCLE ( 'NONE', #1058, 1.550000000000000266 ) ;
#1998 = CARTESIAN_POINT ( 'NONE',  ( 6.000000000000001776, -4.500000000000002665, -8.062257748298550908 ) ) ;
#1999 = AXIS2_PLACEMENT_3D ( 'NONE', #33, #1713, #700 ) ;
#2000 = CARTESIAN_POINT ( 'NONE',  ( -9.500000000000000000, -5.421010862427522170E-16, 13.00000000000000178 ) ) ;
#2001 = VECTOR ( 'NONE', #1695, 1000.000000000000000 ) ;
#2002 = DIRECTION ( 'NONE',  ( 0.000000000000000000, 1.000000000000000000, 0.000000000000000000 ) ) ;
#2003 = VECTOR ( 'NONE', #1641, 1000.000000000000227 ) ;
#2004 = LINE ( 'NONE', #1718, #643 ) ;
#2005 = DIRECTION ( 'NONE',  ( 2.129574189838032270E-17, 0.7071067811865515695, -0.7071067811865435759 ) ) ;
#2006 = ORIENTED_EDGE ( 'NONE', *, *, #551, .T. ) ;
#2007 = ADVANCED_FACE ( 'NONE', ( #1951 ), #795, .T. ) ;
#2008 = ORIENTED_EDGE ( 'NONE', *, *, #721, .T. ) ;
#2009 = CARTESIAN_POINT ( 'NONE',  ( 16.23316150746190090, -34.00000000000000000, 9.199999999999999289 ) ) ;
#2010 = EDGE_CURVE ( 'NONE', #2037, #880, #473, .T. ) ;
#2011 = DIRECTION ( 'NONE',  ( 0.000000000000000000, 0.000000000000000000, -1.000000000000000000 ) ) ;
#2012 = CYLINDRICAL_SURFACE ( 'NONE', #1302, 1.550000000000000266 ) ;
#2013 = ORIENTED_EDGE ( 'NONE', *, *, #582, .T. ) ;
#2014 = DIRECTION ( 'NONE',  ( -0.3779644730092290850, -0.6546536707079729789, -0.6546536707079803064 ) ) ;
#2015 = CARTESIAN_POINT ( 'NONE',  ( 6.000000000000001776, -2.158312395177701237, 0.000000000000000000 ) ) ;
#2016 = ORIENTED_EDGE ( 'NONE', *, *, #814, .T. ) ;
#2017 = LINE ( 'NONE', #571, #1582 ) ;
#2018 = APPLICATION_CONTEXT ( 'automotive_design' ) ;
#2019 = CARTESIAN_POINT ( 'NONE',  ( -0.4999999999999987232, -9.499999999999996447, 12.00000000000004619 ) ) ;
#2020 = ORIENTED_EDGE ( 'NONE', *, *, #2027, .F. ) ;
#2021 = CARTESIAN_POINT ( 'NONE',  ( 6.116580753730954001, -9.499999999999998224, 12.00000000000000000 ) ) ;
#2022 = DIRECTION ( 'NONE',  ( 0.000000000000000000, 0.000000000000000000, -1.000000000000000000 ) ) ;
#2023 = EDGE_CURVE ( 'NONE', #2082, #702, #1656, .T. ) ;
#2024 = DIRECTION ( 'NONE',  ( -1.264902534566421922E-16, -1.000000000000000000, -0.000000000000000000 ) ) ;
#2025 = DIRECTION ( 'NONE',  ( 0.000000000000000000, 1.000000000000000000, 0.000000000000000000 ) ) ;
#2026 = LINE ( 'NONE', #531, #297 ) ;
#2027 = EDGE_CURVE ( 'NONE', #1826, #1719, #1984, .T. ) ;
#2028 = ORIENTED_EDGE ( 'NONE', *, *, #481, .F. ) ;
#2029 = DIRECTION ( 'NONE',  ( -1.264902534566421922E-16, -1.000000000000000000, -0.000000000000000000 ) ) ;
#2030 = MECHANICAL_DESIGN_GEOMETRIC_PRESENTATION_REPRESENTATION (  '', ( #1086 ), #1691 ) ;
#2031 = ORIENTED_EDGE ( 'NONE', *, *, #1353, .T. ) ;
#2032 = FACE_OUTER_BOUND ( 'NONE', #1536, .T. ) ;
#2033 = ORIENTED_EDGE ( 'NONE', *, *, #1005, .T. ) ;
#2034 = DIRECTION ( 'NONE',  ( -1.264902534566421922E-16, -1.000000000000000000, 0.000000000000000000 ) ) ;
#2035 = AXIS2_PLACEMENT_3D ( 'NONE', #1203, #2005, #212 ) ;
#2036 = EDGE_CURVE ( 'NONE', #880, #851, #837, .T. ) ;
#2037 = VERTEX_POINT ( 'NONE', #670 ) ;
#2038 = AXIS2_PLACEMENT_3D ( 'NONE', #949, #1778, #1298 ) ;
#2039 = EDGE_CURVE ( 'NONE', #1172, #1097, #341, .T. ) ;
#2040 = ORIENTED_EDGE ( 'NONE', *, *, #2039, .F. ) ;
#2041 = VECTOR ( 'NONE', #1223, 1000.000000000000227 ) ;
#2042 = ORIENTED_EDGE ( 'NONE', *, *, #721, .F. ) ;
#2043 = CARTESIAN_POINT ( 'NONE',  ( 4.500000000000002665, -1.000000000000000444, 9.199999999999999289 ) ) ;
#2044 = DIRECTION ( 'NONE',  ( 1.264902534566421922E-16, 1.000000000000000000, 0.000000000000000000 ) ) ;
#2045 = DIRECTION ( 'NONE',  ( 0.000000000000000000, 0.000000000000000000, -1.000000000000000000 ) ) ;
#2046 = CARTESIAN_POINT ( 'NONE',  ( 11.38341924626904955, -9.500000000000000000, 12.00000000000000000 ) ) ;
#2047 = ORIENTED_EDGE ( 'NONE', *, *, #1577, .T. ) ;
#2048 = CARTESIAN_POINT ( 'NONE',  ( 11.45803989154981117, -1.000000000000001332, 9.357667447332268296 ) ) ;
#2049 = CARTESIAN_POINT ( 'NONE',  ( 13.00000000000000178, -9.500000000000001776, 10.75000000000000000 ) ) ;
#2050 =( LENGTH_UNIT ( ) NAMED_UNIT ( * ) SI_UNIT ( .MILLI., .METRE. ) );
#2051 = DIRECTION ( 'NONE',  ( -0.000000000000000000, 0.000000000000000000, 1.000000000000000000 ) ) ;
#2052 = EDGE_CURVE ( 'NONE', #1244, #526, #1814, .T. ) ;
#2053 = VERTEX_POINT ( 'NONE', #349 ) ;
#2054 = EDGE_LOOP ( 'NONE', ( #595, #1133, #54 ) ) ;
#2055 = CARTESIAN_POINT ( 'NONE',  ( 1.771073523506817571, -5.421010862427522170E-16, 12.00000000000000000 ) ) ;
#2056 = DIRECTION ( 'NONE',  ( 0.000000000000000000, 1.000000000000000000, 0.000000000000000000 ) ) ;
#2057 = EDGE_CURVE ( 'NONE', #506, #1792, #1314, .T. ) ;
#2058 = ORIENTED_EDGE ( 'NONE', *, *, #1899, .T. ) ;
#2059 = LINE ( 'NONE', #780, #645 ) ;
#2060 = AXIS2_PLACEMENT_3D ( 'NONE', #813, #1950, #987 ) ;
#2061 = TOROIDAL_SURFACE ( 'NONE', #152, 33.50000000000000000, 2.500000000000000000 ) ;
#2062 = VECTOR ( 'NONE', #10, 1000.000000000000000 ) ;
#2063 = VERTEX_POINT ( 'NONE', #1794 ) ;
#2064 = VECTOR ( 'NONE', #830, 1000.000000000000000 ) ;
#2065 = AXIS2_PLACEMENT_3D ( 'NONE', #540, #1732, #200 ) ;
#2066 = ORIENTED_EDGE ( 'NONE', *, *, #1479, .T. ) ;
#2067 = CARTESIAN_POINT ( 'NONE',  ( 7.942636223879600443, -11.93717914826348370, 9.562820851736532290 ) ) ;
#2068 = CARTESIAN_POINT ( 'NONE',  ( 8.500000000000001776, -0.5000000000000004441, 12.00000000000000000 ) ) ;
#2069 = FILL_AREA_STYLE_COLOUR ( '', #532 ) ;
#2070 = LINE ( 'NONE', #750, #376 ) ;
#2071 = EDGE_LOOP ( 'NONE', ( #8, #187, #488, #1266 ) ) ;
#2072 = CYLINDRICAL_SURFACE ( 'NONE', #202, 1.550000000000000266 ) ;
#2073 = VERTEX_POINT ( 'NONE', #1976 ) ;
#2074 = CARTESIAN_POINT ( 'NONE',  ( 9.766838492538093774, -34.00000000000000000, 9.199999999999999289 ) ) ;
#2075 = ORIENTED_EDGE ( 'NONE', *, *, #123, .T. ) ;
#2076 = CARTESIAN_POINT ( 'NONE',  ( -0.4999999999999952260, 8.500000000000000000, 12.00000000000004796 ) ) ;
#2077 = VERTEX_POINT ( 'NONE', #1174 ) ;
#2078 = DIRECTION ( 'NONE',  ( 0.000000000000000000, 0.000000000000000000, 1.000000000000000000 ) ) ;
#2079 = DIRECTION ( 'NONE',  ( 0.000000000000000000, 0.000000000000000000, -1.000000000000000000 ) ) ;
#2080 = CARTESIAN_POINT ( 'NONE',  ( 2.883419246269048664, -9.500000000000000000, 6.399999999999998579 ) ) ;
#2081 = EDGE_CURVE ( 'NONE', #102, #1097, #1295, .T. ) ;
#2082 = VERTEX_POINT ( 'NONE', #815 ) ;
#2083 = CARTESIAN_POINT ( 'NONE',  ( 8.499999999999998224, -31.50000000000000000, 3.000000000000000444 ) ) ;
#2084 = VERTEX_POINT ( 'NONE', #1146 ) ;
#2085 = CARTESIAN_POINT ( 'NONE',  ( 26.49999999999999645, -5.421010862427522170E-16, 8.673617379884035472E-16 ) ) ;
#2086 = EDGE_CURVE ( 'NONE', #975, #1792, #1842, .T. ) ;
#2087 = CARTESIAN_POINT ( 'NONE',  ( 11.45316705247065237, -1.028828104768562124, 9.089988068128821652 ) ) ;
#2088 = VERTEX_POINT ( 'NONE', #1471 ) ;
#2089 = PLANE ( 'NONE',  #675 ) ;
#2090 = CARTESIAN_POINT ( 'NONE',  ( -9.500000000000000000, -0.4999999999999981681, 6.000000000000000000 ) ) ;
#2091 = EDGE_CURVE ( 'NONE', #512, #1227, #2131, .T. ) ;
#2092 = CARTESIAN_POINT ( 'NONE',  ( 6.263932022500211971, 1.499999999999999556, 13.00000000000000178 ) ) ;
#2093 = CYLINDRICAL_SURFACE ( 'NONE', #121, 3.000000000000000444 ) ;
#2094 = LINE ( 'NONE', #1809, #922 ) ;
#2095 = ORIENTED_EDGE ( 'NONE', *, *, #1714, .F. ) ;
#2096 = PLANE ( 'NONE',  #402 ) ;
#2097 = CIRCLE ( 'NONE', #748, 3.000000000000000444 ) ;
#2098 = ORIENTED_EDGE ( 'NONE', *, *, #1683, .T. ) ;
#2099 = ORIENTED_EDGE ( 'NONE', *, *, #547, .F. ) ;
#2100 = B_SPLINE_CURVE_WITH_KNOTS ( 'NONE', 3,
 ( #141, #1119, #479, #1789 ),
 .UNSPECIFIED., .F., .F.,
 ( 4, 4 ),
 ( 2.050978651941890568E-06, 0.002936999258318102185 ),
 .UNSPECIFIED. ) ;
#2101 = VECTOR ( 'NONE', #637, 1000.000000000000000 ) ;
#2102 = DIRECTION ( 'NONE',  ( 1.264902534566421922E-16, 1.000000000000000000, 0.000000000000000000 ) ) ;
#2103 = VECTOR ( 'NONE', #1329, 1000.000000000000000 ) ;
#2104 = ORIENTED_EDGE ( 'NONE', *, *, #1867, .F. ) ;
#2105 = CARTESIAN_POINT ( 'NONE',  ( 13.00000000000000178, -1.000000000000001332, 7.649999999999999467 ) ) ;
#2106 = TOROIDAL_SURFACE ( 'NONE', #2065, 33.50000000000000000, 2.500000000000000000 ) ;
#2107 = CARTESIAN_POINT ( 'NONE',  ( 15.22835050959387360, -14.04038370031140026, 7.459616299688589969 ) ) ;
#2108 = DIRECTION ( 'NONE',  ( 1.264902534566421922E-16, 1.000000000000000000, 0.000000000000000000 ) ) ;
#2109 = LINE ( 'NONE', #419, #961 ) ;
#2110 = DIRECTION ( 'NONE',  ( 1.264902534566421922E-16, 1.000000000000000000, 0.000000000000000000 ) ) ;
#2111 = ORIENTED_EDGE ( 'NONE', *, *, #1636, .F. ) ;
#2112 = FACE_OUTER_BOUND ( 'NONE', #347, .T. ) ;
#2113 = ADVANCED_FACE ( 'NONE', ( #1326, #701 ), #1210, .T. ) ;
#2114 = ORIENTED_EDGE ( 'NONE', *, *, #391, .F. ) ;
#2115 = LINE ( 'NONE', #631, #2136 ) ;
#2116 = ORIENTED_EDGE ( 'NONE', *, *, #1853, .T. ) ;
#2117 = CYLINDRICAL_SURFACE ( 'NONE', #1200, 3.000000000000000444 ) ;
#2118 = CARTESIAN_POINT ( 'NONE',  ( -0.4999999999999987232, -9.499999999999996447, 12.00000000000000000 ) ) ;
#2119 = CARTESIAN_POINT ( 'NONE',  ( 12.46862696659690251, -5.421010862427522170E-16, 13.00000000000000178 ) ) ;
#2120 = ADVANCED_FACE ( 'NONE', ( #56 ), #1554, .T. ) ;
#2121 = FACE_OUTER_BOUND ( 'NONE', #1900, .T. ) ;
#2122 = CYLINDRICAL_SURFACE ( 'NONE', #1063, 1.550000000000000266 ) ;
#2123 = DIRECTION ( 'NONE',  ( -0.000000000000000000, -0.000000000000000000, -1.000000000000000000 ) ) ;
#2124 = B_SPLINE_CURVE_WITH_KNOTS ( 'NONE', 3,
 ( #688, #983, #639, #1485, #176, #841 ),
 .UNSPECIFIED., .F., .F.,
 ( 4, 2, 4 ),
 ( 3.679904200040077440E-18, 0.0004012760804956086577, 0.0008025521609912136291 ),
 .UNSPECIFIED. ) ;
#2125 = ORIENTED_EDGE ( 'NONE', *, *, #1742, .T. ) ;
#2126 = DIRECTION ( 'NONE',  ( 0.000000000000000000, 1.000000000000000000, 0.000000000000000000 ) ) ;
#2127 = EDGE_CURVE ( 'NONE', #1706, #2149, #1360, .T. ) ;
#2128 = ORIENTED_EDGE ( 'NONE', *, *, #1037, .F. ) ;
#2129 = FACE_OUTER_BOUND ( 'NONE', #1101, .T. ) ;
#2130 = EDGE_CURVE ( 'NONE', #506, #512, #381, .T. ) ;
#2131 = LINE ( 'NONE', #659, #166 ) ;
#2132 = DIRECTION ( 'NONE',  ( -0.000000000000000000, -0.000000000000000000, -1.000000000000000000 ) ) ;
#2133 = CARTESIAN_POINT ( 'NONE',  ( 4.500000000000002665, 5.421010862427522170E-16, 9.199999999999999289 ) ) ;
#2134 = VERTEX_POINT ( 'NONE', #2049 ) ;
#2135 = CARTESIAN_POINT ( 'NONE',  ( 17.50000000000000000, -9.499999999999998224, 12.00000000000004619 ) ) ;
#2136 = VECTOR ( 'NONE', #276, 1000.000000000000000 ) ;
#2137 = AXIS2_PLACEMENT_3D ( 'NONE', #1828, #1841, #683 ) ;
#2138 = EDGE_LOOP ( 'NONE', ( #705, #242, #34, #986, #334, #1940, #143, #1765, #999, #1372, #1370, #385 ) ) ;
#2139 = DIRECTION ( 'NONE',  ( 0.000000000000000000, 1.000000000000000000, 0.000000000000000000 ) ) ;
#2140 = LINE ( 'NONE', #1313, #2062 ) ;
#2141 = CARTESIAN_POINT ( 'NONE',  ( 26.49999999999999645, -1.000000000000000444, 8.673617379884035472E-16 ) ) ;
#2142 = VECTOR ( 'NONE', #654, 1000.000000000000000 ) ;
#2143 = AXIS2_PLACEMENT_3D ( 'NONE', #1741, #568, #1931 ) ;
#2144 = LINE ( 'NONE', #829, #889 ) ;
#2145 = CARTESIAN_POINT ( 'NONE',  ( 8.500000000000001776, -0.5000000000000004441, 0.000000000000000000 ) ) ;
#2146 = LINE ( 'NONE', #1354, #2142 ) ;
#2147 = EDGE_LOOP ( 'NONE', ( #735, #1649 ) ) ;
#2148 = ORIENTED_EDGE ( 'NONE', *, *, #2127, .F. ) ;
#2149 = VERTEX_POINT ( 'NONE', #1510 ) ;
#2150 = CARTESIAN_POINT ( 'NONE',  ( 14.61658075373095400, -9.500000000000000000, 12.00000000000000000 ) ) ;
#2151 = CARTESIAN_POINT ( 'NONE',  ( 6.000000000000001776, 1.158312395177700793, 0.000000000000000000 ) ) ;
#2152 = LINE ( 'NONE', #25, #1027 ) ;
#2153 = EDGE_CURVE ( 'NONE', #2077, #1172, #546, .T. ) ;
#2154 = PLANE ( 'NONE',  #1661 ) ;
#2155 = VERTEX_POINT ( 'NONE', #398 ) ;
#2156 = ADVANCED_FACE ( 'NONE', ( #1873 ), #1690, .F. ) ;
#2157 = DIRECTION ( 'NONE',  ( 0.3779644730092285854, -0.6546536707079729789, -0.6546536707079804174 ) ) ;
#2158 = ORIENTED_EDGE ( 'NONE', *, *, #448, .T. ) ;
#2159 = VERTEX_POINT ( 'NONE', #1220 ) ;
#2160 = VERTEX_POINT ( 'NONE', #849 ) ;
#2161 = ADVANCED_FACE ( 'NONE', ( #1881 ), #528, .T. ) ;
#2162 = DIRECTION ( 'NONE',  ( -1.000000000000000000, 4.025573541906871467E-18, 0.000000000000000000 ) ) ;
#2163 = CARTESIAN_POINT ( 'NONE',  ( 1.266838492538093774, -34.00000000000000000, 9.199999999999999289 ) ) ;
ENDSEC;
END-ISO-10303-21;
